url,title,documentType,contentId,locale,publishing_app,first_published_at,public_updated_at,withdrawn_at,withdrawn_explanation,page_views,taxons,primary_organisation,all_organisations,government,is_political,people,occurrences
https://www.gov.uk/guidance/adding-your-veteran-card-to-the-govuk-one-login-app,Help adding your digital Veteran Card to the GOV.UK One Login app,detailed_guide,ca7f51ef-1938-462f-b628-5f89061683cb,en,whitehall,2025-08-13T23:00:00.000Z,2025-10-17T15:41:46.000Z,,,13034,"Defence and armed forces,GOV.UK homepage,Veterans and family support",Government Digital Service,Government Digital Service,2024 Starmer Labour government,,,
https://www.gov.uk/veteran-card,HM Armed Forces Veteran Card,guide,8d7d88c2-4ea9-4c25-aab2-1988a269177e,en,publisher,2024-01-28T00:01:10.853Z,2024-07-26T10:26:32.758Z,,,11568,"GOV.UK homepage,Defence and armed forces,Veterans and family support",Government Digital Service,"Ministry of Defence,Office for Veterans' Affairs",,,,
https://www.gov.uk/financial-help-disabled/vehicles-and-transport,Financial help if you're disabled: Vehicles and transport,guide,d1d66f56-3a29-449c-9639-787f02a576e1,en,publisher,2012-01-26T13:35:35.000Z,2014-12-11T16:09:53.000Z,,,8550,"GOV.UK homepage,Welfare,Benefits and financial help,Disabled people,Carers and disability benefits,Health and social care,Armed forces,Defence and armed forces",Government Digital Service,"Department for Transport,Department for Work and Pensions,Driver and Vehicle Licensing Agency,HM Revenue & Customs",,,,
https://www.gov.uk/guidance/defence-gateway,Defence Gateway,detailed_guide,5e2b16b3-7631-11e4-a3cb-005056011aef,en,whitehall,2013-05-03T15:37:00.000Z,2023-08-10T14:06:46.000Z,,,3922,"Defence and armed forces,GOV.UK homepage,Military equipment, logistics and technology",Ministry of Defence,Ministry of Defence,2010 to 2015 Conservative and Liberal Democrat coalition government,,,
https://www.gov.uk/guidance/pensions-and-compensation-for-veterans,Armed forces pensions,detailed_guide,5c8ec3dc-7631-11e4-a3cb-005056011aef,en,whitehall,2012-12-12T00:00:00.000Z,2026-02-11T09:30:15.000Z,,,3258,"Support services for military and defence personnel and their families,Armed forces,Work,Pensions and compensation,Pensions and ageing society,Defence and armed forces,GOV.UK homepage,Veterans and family support",Ministry of Defence,"Ministry of Defence,Veterans Advisory and Pensions Committees,Veterans UK",2010 to 2015 Conservative and Liberal Democrat coalition government,,,
https://www.gov.uk/get-copy-military-records-of-service,Get a copy of military records of service,guide,d302eb24-8200-4ae0-b113-418de98ca061,en,publisher,2014-11-25T16:09:51.000Z,2015-09-24T10:14:16.000Z,,,2206,"Armed forces,Certificates, register offices, changes of name or gender,Defence and armed forces,Life circumstances,GOV.UK homepage",Government Digital Service,Ministry of Defence,,,,
https://www.gov.uk/guidance/veterans-uk-armed-forces-pensions-forms,Veterans' UK Armed Forces pension and insurance declaration forms,detailed_guide,20638bc1-d80a-4d63-b424-5d66124ae889,en,whitehall,2020-02-18T00:00:00.000Z,2024-12-06T16:23:21.000Z,,,1690,"Support services for military and defence personnel and their families,Defence and armed forces,GOV.UK homepage",Ministry of Defence,"Ministry of Defence,Veterans UK",2019 to 2022 Johnson Conservative government,,,
https://www.gov.uk/armed-forces-pension-calculator,Estimate your armed forces pension,answer,d83f6953-d12a-4015-ab2d-22b05558c05c,en,publisher,2012-12-12T15:20:07.000Z,2014-11-19T14:15:31.000Z,,,1419,"Workplace and personal pensions,GOV.UK homepage,Work,Armed forces,Defence and armed forces,Working, jobs and pensions",Government Digital Service,"Ministry of Defence,Service Personnel and Veterans Agency,Veterans UK",,,,
https://www.gov.uk/guidance/medals-campaigns-descriptions-and-eligibility,"Medals: campaigns, descriptions and eligibility",detailed_guide,5c84b52a-7631-11e4-a3cb-005056011aef,en,whitehall,2012-12-12T00:00:00.000Z,2025-03-19T17:01:51.000Z,,,1162,"Military awards and commemorations,GOV.UK homepage,Defence and armed forces,Medals",Ministry of Defence,Ministry of Defence,2010 to 2015 Conservative and Liberal Democrat coalition government,,,
https://www.gov.uk/right-to-reside,Right to reside,answer,3b49efde-67c6-4869-afbe-9b970321d3b7,en,publisher,2014-05-29T09:54:48.000Z,2016-07-21T16:14:07.229Z,,,1024,"GOV.UK homepage,Defence and armed forces,Armed forces",Government Digital Service,"Department for Work and Pensions,Home Office,UK Visas and Immigration",,,,
https://www.gov.uk/guidance/armed-forces-compensation-scheme-afcs,Armed Forces Compensation Scheme (AFCS),detailed_guide,d1b30f94-841a-428b-a274-a3530d2911b5,en,whitehall,2020-02-21T00:00:00.000Z,2025-11-06T10:47:39.000Z,,,798,"GOV.UK homepage,Defence and armed forces,Veterans and family support",Ministry of Defence,"Ministry of Defence,Veterans UK",2019 to 2022 Johnson Conservative government,,,
https://www.gov.uk/guidance/valour-information-and-next-steps,VALOUR: information and next steps,detailed_guide,bc1b6684-3238-443f-84aa-1f924f991ab8,en,whitehall,2025-05-22T23:00:00.000Z,2025-12-18T16:01:10.000Z,,,797,"GOV.UK homepage,Defence and armed forces,Veterans and family support",Ministry of Defence,"Ministry of Defence,Office for Veterans' Affairs",2024 Starmer Labour government,,,
https://www.gov.uk/apply-medal-or-veterans-badge/apply-for-a-medal,Apply for or replace a medal or veterans badge : Apply for a medal,guide,70b25509-1b79-4e4d-8ca8-66d266ce6a4e,en,publisher,2014-11-28T14:48:46.000Z,2024-11-11T12:31:04.444Z,,,654,"Armed forces,Society and culture,Military awards and commemorations,Medals,Defence and armed forces,Charities, volunteering and honours,GOV.UK homepage",Government Digital Service,Ministry of Defence,,,,
https://www.gov.uk/guidance/veterans-uk-contact-us,Veterans UK: contact us,detailed_guide,c91b868e-0ccc-49da-a920-2d3790aaee1a,en,whitehall,2020-02-21T00:00:00.000Z,2025-11-12T14:42:38.000Z,,,643,"Veterans and family support,GOV.UK homepage,Defence and armed forces",Ministry of Defence,"Ministry of Defence,Veterans UK",2019 to 2022 Johnson Conservative government,,,
https://www.gov.uk/guidance/apply-for-armed-forces-compensation-or-a-war-pension,Apply for Armed Forces Compensation or a War Pension,detailed_guide,03702c27-1603-4e80-bc8d-ab33bfeea08c,en,whitehall,2022-11-07T00:00:00.000Z,2025-05-22T14:07:49.000Z,,,549,"GOV.UK homepage,Pensions and compensation,Defence and armed forces,Support services for military and defence personnel and their families",Veterans UK,"Veterans UK,Ministry of Defence",2022 to 2024 Sunak Conservative government,,,
https://www.gov.uk/guidance/war-pension-scheme-wps,War Pension Scheme (WPS),detailed_guide,bcf766c7-f3a5-457b-9fb2-6b7dafa2cf20,en,whitehall,2020-02-21T00:00:00.000Z,2025-11-06T10:47:52.000Z,,,495,"Defence and armed forces,GOV.UK homepage,Veterans and family support",Ministry of Defence,"Ministry of Defence,Veterans UK",2019 to 2022 Johnson Conservative government,,,
https://www.gov.uk/guidance/cyber-security-model,Cyber Security Model,detailed_guide,7f26e8c2-bef5-4f1b-81c3-3aedaf76cb1d,en,whitehall,2024-09-08T23:00:00.000Z,2026-01-26T13:38:02.000Z,,,492,"GOV.UK homepage,Defence and armed forces",Ministry of Defence,Ministry of Defence,2024 Starmer Labour government,,,
https://www.gov.uk/bfpo/find-a-bfpo-number,Send mail with the British Forces Post Office (BFPO): Find a BFPO number,guide,2f6bba97-3ccc-4b19-87b8-195fb60b67e7,en,publisher,2016-05-11T11:30:03.418Z,2025-01-30T11:48:36.104Z,,,405,"Armed forces,Support services for military and defence personnel and their families,Defence and armed forces,GOV.UK homepage",Government Digital Service,Ministry of Defence,,,,
https://www.gov.uk/guidance/understanding-your-armed-forces-pension,Understanding your armed forces pension,detailed_guide,22e3d022-7d98-47b4-adc8-b1605cf39f1c,en,whitehall,2024-09-11T23:00:00.000Z,2024-09-11T23:00:00.000Z,,,394,"Support services for military and defence personnel and their families,Pensions and compensation,Veterans and family support,Defence and armed forces,GOV.UK homepage",Office for Veterans' Affairs,"Office for Veterans' Affairs,Ministry of Defence",2024 Starmer Labour government,,,
https://www.gov.uk/guidance/ministry-of-defence-police-misconduct-hearings,Ministry of Defence Police: misconduct hearings,detailed_guide,cc1f1aa2-9085-4d1d-91bc-bc90b7ac9961,en,whitehall,2017-06-11T23:00:00.000Z,2026-02-16T13:00:44.000Z,,,381,"Corporate information,GOV.UK homepage,Crime, justice and law,Defence and armed forces",Ministry of Defence,Ministry of Defence,2016 to 2019 May Conservative government,,,
https://www.gov.uk/guidance/forces-help-to-buy,Forces Help to Buy: help to get on the property ladder,detailed_guide,5f44ad66-7631-11e4-a3cb-005056011aef,en,whitehall,2014-03-31T23:00:00.000Z,2026-01-09T11:38:10.000Z,,,365,"GOV.UK homepage,Defence and armed forces,Housing and accommodation,Support services for military and defence personnel and their families,Housing, local and community,Housing and communities",Ministry of Defence,Ministry of Defence,2010 to 2015 Conservative and Liberal Democrat coalition government,,,
https://www.gov.uk/guidance/getting-discounts-as-a-veteran,Getting discounts as a veteran,detailed_guide,9f2a088d-91c8-4545-8023-46debccd91f0,en,whitehall,2024-09-12T07:30:00.000Z,2024-09-12T07:30:00.000Z,,,288,"Defence and armed forces,Veterans and family support,GOV.UK homepage",Office for Veterans' Affairs,"Office for Veterans' Affairs,Ministry of Defence",2024 Starmer Labour government,,,
https://www.gov.uk/guidance/knowledge-in-defence-kid,Knowledge in Defence (KiD),detailed_guide,5d12ab1c-9ced-4bd5-abcd-b6b44d60830f,en,whitehall,2019-03-11T11:36:00.000Z,2022-06-07T13:58:27.000Z,,,277,"Defence and armed forces,GOV.UK homepage,Military equipment, logistics and technology",Ministry of Defence,Ministry of Defence,2016 to 2019 May Conservative government,,,
https://www.gov.uk/guidance/request-records-of-deceased-service-personnel,Request records of deceased service personnel,detailed_guide,1bb8fab8-e8b6-4cb2-ac50-e92ce6e12525,en,whitehall,2016-11-09T00:00:00.000Z,2026-01-08T11:42:21.000Z,,,272,"Support services for military and defence personnel and their families,GOV.UK homepage,Defence and armed forces",Ministry of Defence,Ministry of Defence,2016 to 2019 May Conservative government,,,
https://www.gov.uk/guidance/using-a-veteran-card-as-a-service-leaver,Using your HM Armed Forces Veteran Card,detailed_guide,007ada2f-f981-4c96-9bac-52df77322a1a,en,whitehall,2023-12-15T00:00:00.000Z,2025-10-23T12:51:03.000Z,,,269,"Veterans and family support,Defence and armed forces,GOV.UK homepage",Ministry of Defence,"Ministry of Defence,Office for Veterans' Affairs",2022 to 2024 Sunak Conservative government,,,
https://www.gov.uk/guidance/contact-the-ministry-of-defence,Contact the Ministry of Defence,detailed_guide,d6ae542f-ec69-4eed-9b4a-5bea79d5c842,en,whitehall,2025-07-04T16:11:00.000Z,2026-01-22T16:17:34.000Z,,,226,"Defence and armed forces,GOV.UK homepage,Corporate information",Ministry of Defence,Ministry of Defence,2024 Starmer Labour government,,,
https://www.gov.uk/guidance/joint-casualty-and-compassionate-centre-jccc,Joint Casualty and Compassionate Centre (JCCC),detailed_guide,5e34aef7-7631-11e4-a3cb-005056011aef,en,whitehall,2013-06-18T23:00:00.000Z,2024-02-23T13:49:11.000Z,,,213,"GOV.UK homepage,Defence and armed forces,Welfare,Support services for military and defence personnel and their families",Ministry of Defence,Ministry of Defence,2010 to 2015 Conservative and Liberal Democrat coalition government,,,
https://www.gov.uk/guidance/uk-defence-standardization,UK Defence Standardization,detailed_guide,5c84c18f-7631-11e4-a3cb-005056011aef,en,whitehall,2012-12-12T00:00:00.000Z,2024-01-30T14:17:22.000Z,,,213,"GOV.UK homepage,Defence and armed forces,Military equipment, logistics and technology",Ministry of Defence,"Ministry of Defence,Defence Equipment and Support",2010 to 2015 Conservative and Liberal Democrat coalition government,,,
https://www.gov.uk/guidance/mod-guard-service,MOD Guard Service,detailed_guide,5c85abe3-7631-11e4-a3cb-005056011aef,en,whitehall,2012-12-12T20:16:00.000Z,2020-06-24T16:06:35.000Z,,,193,"GOV.UK homepage,Defence and armed forces,National security,Government",Ministry of Defence,"Ministry of Defence,Defence Infrastructure Organisation",2010 to 2015 Conservative and Liberal Democrat coalition government,,,
https://www.gov.uk/guidance/defence-imagery,Defence Imagery website,detailed_guide,5c976b2c-7631-11e4-a3cb-005056011aef,en,whitehall,2012-12-12T19:38:00.000Z,2012-12-12T19:38:00.000Z,,,192,"Military equipment, logistics and technology,GOV.UK homepage,Defence and armed forces",Ministry of Defence,Ministry of Defence,2010 to 2015 Conservative and Liberal Democrat coalition government,,,
https://www.gov.uk/guidance/mod-war-detectives-the-joint-casualty-and-compassionate-centre-commemorations-team-our-future-services-current-appeals-and-past-cases,"MOD War Detectives (the Joint Casualty and Compassionate Centre Commemorations team): our future services, current appeals and past cases",detailed_guide,197e5d6e-c8f9-4823-bd37-16bbbe81a270,en,whitehall,2019-09-25T23:00:00.000Z,2026-02-17T12:49:43.000Z,,,183,"Support services for military and defence personnel and their families,GOV.UK homepage,Welfare,Defence and armed forces",Ministry of Defence,"Ministry of Defence,Veterans UK",2019 to 2022 Johnson Conservative government,,,
https://www.gov.uk/guidance/apprenticeship-opportunities-in-the-ministry-of-defence,Apprenticeship opportunities in the Ministry of Defence,detailed_guide,aba16432-73e3-4faa-8deb-3e8583a1afc3,en,whitehall,2017-01-23T11:03:00.000Z,2017-03-24T16:23:27.000Z,,,181,"Defence and armed forces,GOV.UK homepage,Military recruitment, training and operations",Ministry of Defence,Ministry of Defence,2016 to 2019 May Conservative government,,,
https://www.gov.uk/guidance/cyber-direct-entry-scheme,Cyber Direct Entry Scheme,detailed_guide,fcdce820-df04-4ddb-8942-52756e9d51b7,en,whitehall,2025-02-06T00:00:00.000Z,2025-11-25T14:39:59.000Z,,,181,"Defence and armed forces,GOV.UK homepage",Ministry of Defence,"Ministry of Defence,Cyber & Specialist Operations Command",2024 Starmer Labour government,,,
https://www.gov.uk/guidance/leaving-the-armed-forces,Leaving the armed forces,detailed_guide,96fe74a2-e32a-4d96-a482-14599c13c1a0,en,whitehall,2024-09-11T23:00:00.000Z,2024-09-11T23:00:00.000Z,,,169,"GOV.UK homepage,Defence and armed forces,Veterans and family support",Office for Veterans' Affairs,"Office for Veterans' Affairs,Ministry of Defence",2024 Starmer Labour government,,,
https://www.gov.uk/guidance/defence-and-security-accelerator-how-to-submit-a-proposal,Submit a proposal,detailed_guide,619ccecf-8c1b-4f78-b90b-69a24bc07e12,en,whitehall,2016-12-08T00:00:00.000Z,2026-02-17T09:17:56.000Z,,,155,"Government,Armed forces and Ministry of Defence reform,GOV.UK homepage,Science and innovation,Defence and armed forces,Scientific research and development,Government spending,Government efficiency, transparency and accountability,Government funding programmes,National security,Business and industry",UK Defence Innovation,"UK Defence Innovation,Defence and Security Accelerator,Defence Science and Technology Laboratory",2016 to 2019 May Conservative government,,,
https://www.gov.uk/guidance/the-verne-prison,The Verne Prison,detailed_guide,ac07c426-7b59-4ca7-8e8b-3486b548d93d,en,whitehall,2020-04-20T23:00:00.000Z,2025-10-30T11:23:39.000Z,,,155,"Crime, justice and law,GOV.UK homepage,Prisons and probation,Defence and armed forces",HM Prison and Probation Service,"HM Prison and Probation Service,Ministry of Justice",2019 to 2022 Johnson Conservative government,,,
https://www.gov.uk/guidance/information-and-guidance-on-civilian-housing,Information and guidance on civilian housing,detailed_guide,0d1a5301-c28d-4474-8383-b6286d276cf6,en,whitehall,2022-10-02T23:00:00.000Z,2025-10-15T11:06:15.000Z,,,148,"GOV.UK homepage,Support services for military and defence personnel and their families,Defence and armed forces,Housing and accommodation",Ministry of Defence,"Ministry of Defence,Veterans UK",2022 Truss Conservative government,,,
https://www.gov.uk/guidance/united-kingdom-security-vetting-sponsor,United Kingdom Security Vetting: Sponsor,detailed_guide,5a701173-dcfe-49ae-9ed6-c29b4fc12967,en,whitehall,2019-08-13T23:00:00.000Z,2024-11-11T15:45:57.000Z,,,147,"Government,GOV.UK homepage,Military recruitment, training and operations,National security,Support services for military and defence personnel and their families,Defence and armed forces",United Kingdom Security Vetting,United Kingdom Security Vetting,2019 to 2022 Johnson Conservative government,,,
https://www.gov.uk/guidance/r-cloud,R-Cloud: marketplace for defence science and technology research,detailed_guide,572dbb85-31c0-4d35-aa6a-8a59e8931919,en,whitehall,2015-07-02T15:37:00.000Z,2022-12-16T09:30:04.000Z,,,145,"Business and industry,Government technology and digital services,Defence and armed forces,GOV.UK homepage,Buying technology,Science and innovation,Government",Defence Science and Technology Laboratory,Defence Science and Technology Laboratory,2015 to 2016 Cameron Conservative government,,,
https://www.gov.uk/claim-for-injury-received-while-serving/armed-forces-independence-payment-afip,Claim if you were injured while serving in the armed forces: Additional payments,guide,3c855e83-af2c-475d-b8db-af7e9859e892,en,publisher,2014-11-28T14:01:31.000Z,2025-01-27T12:03:40.291Z,,,143,"Welfare,GOV.UK homepage,Armed forces,Benefits for families,Defence and armed forces",Government Digital Service,Ministry of Defence,,,,
https://www.gov.uk/guidance/armed-forces-service-complaints-process,Armed Forces Service Complaints process,detailed_guide,1dc4407c-7379-406c-8cf8-bec453a55625,en,whitehall,2015-11-06T00:00:00.000Z,2023-10-19T09:50:38.000Z,,,139,"Support services for military and defence personnel and their families,Defence and armed forces,GOV.UK homepage,Veterans and family support",Ministry of Defence,Ministry of Defence,2015 to 2016 Cameron Conservative government,,,
https://www.gov.uk/guidance/defence-and-security-accelerator-terms-and-conditions-and-contract-guidance,UKDI Standard Terms and Conditions,detailed_guide,9db2534e-1a52-4b41-b6d4-3271c1345bbf,en,whitehall,2016-12-08T00:00:00.000Z,2026-02-17T09:17:49.000Z,,,131,"Armed forces and Ministry of Defence reform,GOV.UK homepage,Government,Business and industry,Defence and armed forces,Science and innovation,National security",UK Defence Innovation,"UK Defence Innovation,Defence and Security Accelerator",2016 to 2019 May Conservative government,,,
https://www.gov.uk/guidance/obtain-information-about-yourself-held-by-mod,Obtain information about yourself held by MOD,detailed_guide,cbbcd015-7532-483b-afd0-43925c97ad9b,en,whitehall,2016-11-09T00:00:00.000Z,2025-03-06T14:51:14.000Z,,,130,"GOV.UK homepage,Defence and armed forces,Military recruitment, training and operations",Ministry of Defence,Ministry of Defence,2016 to 2019 May Conservative government,,,
https://www.gov.uk/guidance/get-in-touch-with-us,Get in touch with us,detailed_guide,9ad3073a-8ed3-4c94-91ea-8145e8f6a29b,en,whitehall,2026-01-28T10:37:00.000Z,2026-01-28T10:37:00.000Z,,,127,"Defence and armed forces,Military equipment, logistics and technology,GOV.UK homepage",UK Defence Innovation,UK Defence Innovation,2024 Starmer Labour government,,,
https://www.gov.uk/guidance/the-military-court-service,The Military Court Service,detailed_guide,5c85fdaa-7631-11e4-a3cb-005056011aef,en,whitehall,2012-12-12T00:00:00.000Z,2026-02-03T16:30:15.000Z,,,122,"Crime, justice and law,Defence and armed forces,Military recruitment, training and operations,GOV.UK homepage,Courts, sentencing and tribunals,Law and practice",Ministry of Defence,Ministry of Defence,2010 to 2015 Conservative and Liberal Democrat coalition government,,,
https://www.gov.uk/guidance/defence-equipment-and-support-principal-security-advisor,Industry Security Assurance Centre,detailed_guide,5c90485c-7631-11e4-a3cb-005056011aef,en,whitehall,2012-12-12T00:00:00.000Z,2026-01-08T13:16:27.000Z,,,122,"Military equipment, logistics and technology,Defence and armed forces,GOV.UK homepage",Ministry of Defence,"Ministry of Defence,Defence Equipment and Support",2010 to 2015 Conservative and Liberal Democrat coalition government,,,
https://www.gov.uk/war-widow-pension,War Widow(er) Pension,guide,0e3dc7c1-6c90-4234-aeaa-258d57ba5576,en,publisher,2012-01-13T10:48:30.000Z,2014-12-05T10:23:30.000Z,,,120,"Death and benefits,Defence and armed forces,Welfare,Armed forces,GOV.UK homepage",Government Digital Service,"Department for Work and Pensions,Ministry of Defence",,,,
https://www.gov.uk/guidance/export-controls-military-goods-software-and-technology,"Export controls: military goods, software and technology",detailed_guide,03ea397f-2131-4e5f-8bc4-edf2738a75a7,en,whitehall,2019-09-05T23:00:00.000Z,2024-04-10T08:30:02.000Z,,,114,"Business and industry,Exporting,Export controls and licensing,Military equipment, logistics and technology,Trade and investment,Defence and armed forces,GOV.UK homepage",Export Control Joint Unit,"Export Control Joint Unit,Department for International Trade,Department for Business and Trade",2019 to 2022 Johnson Conservative government,,,
https://www.gov.uk/guidance/armed-forces-independence-payment-afip,Armed Forces Independence Payment (AFIP),detailed_guide,fb78b03e-ae08-4ec9-bf4c-d1660454c9a1,en,whitehall,2020-02-20T00:00:00.000Z,2025-05-22T09:42:41.000Z,,,110,"Defence and armed forces,Veterans and family support,GOV.UK homepage",Ministry of Defence,"Ministry of Defence,Veterans UK",2019 to 2022 Johnson Conservative government,,,
https://www.gov.uk/guidance/death-of-an-armed-forces-pension-scheme-member,Death of an Armed Forces Pension Scheme member,detailed_guide,96bf52bd-b5b8-4b6d-9b20-8ecb653d39c9,en,whitehall,2023-04-17T23:00:00.000Z,2023-10-30T11:57:33.000Z,,,105,"GOV.UK homepage,Veterans and family support,Defence and armed forces",Ministry of Defence,"Ministry of Defence,Veterans UK",2022 to 2024 Sunak Conservative government,,,
https://www.gov.uk/guidance/tell-us-about-a-change-in-circumstances,Tell us about a change in circumstances,detailed_guide,e6f06879-0f60-46a7-9b53-1e0292e675f1,en,whitehall,2020-02-20T16:57:00.000Z,2020-02-20T16:57:00.000Z,,,101,"GOV.UK homepage,Defence and armed forces,Veterans and family support",Ministry of Defence,"Ministry of Defence,Veterans UK",2019 to 2022 Johnson Conservative government,,,
https://www.gov.uk/guidance/become-a-dstl-graduate-or-student,Become a Dstl graduate or student,detailed_guide,5515d144-8b57-45ff-bd9f-d21fb9796a2d,en,whitehall,2023-08-24T23:00:00.000Z,2026-02-16T16:58:25.000Z,,,93,"GOV.UK homepage,Defence and armed forces,Military recruitment, training and operations",Defence Science and Technology Laboratory,Defence Science and Technology Laboratory,2022 to 2024 Sunak Conservative government,,,
https://www.gov.uk/guidance/access-dstls-published-research,Access Dstl's published research,detailed_guide,fe9af608-de97-4260-836f-d63f9d09aac1,en,whitehall,2024-03-21T00:00:00.000Z,2026-02-13T11:24:11.000Z,,,93,"Business and industry,Scientific research and development,Research and development,GOV.UK homepage,Military equipment, logistics and technology,Science and innovation,Defence and armed forces",Defence Science and Technology Laboratory,Defence Science and Technology Laboratory,2022 to 2024 Sunak Conservative government,,,
https://www.gov.uk/guidance/war-pension-scheme-mobility-supplement-wpms,War Pension Scheme: Mobility Supplement (WPMS),detailed_guide,8724cf2b-d22c-4d64-af52-307dc720a703,en,whitehall,2020-02-21T00:00:00.000Z,2020-08-25T10:34:09.000Z,,,92,"GOV.UK homepage,Defence and armed forces,Veterans and family support",Ministry of Defence,"Ministry of Defence,Veterans UK",2019 to 2022 Johnson Conservative government,,,
https://www.gov.uk/guidance/dcdc-internship-programme,Defence Futures and Force Design internship programme,detailed_guide,b9b96b2d-4b38-42fd-b1d5-21353d515777,en,whitehall,2021-02-26T00:00:00.000Z,2026-02-02T09:00:07.000Z,,,91,"Education, training and skills,GOV.UK homepage,Defence and armed forces,Apprenticeships, traineeships and internships,Further and higher education, skills and vocational training",Ministry of Defence,Ministry of Defence,2019 to 2022 Johnson Conservative government,,,
https://www.gov.uk/guidance/designated-days-for-union-flag-flying,Union Flag flying guidance for UK government buildings,detailed_guide,5d6356c8-7631-11e4-a3cb-005056011aef,en,whitehall,2013-02-27T00:00:00.000Z,2026-01-28T10:18:35.000Z,,,85,"Defence and armed forces,Military awards and commemorations,Society and culture,GOV.UK homepage,Arts and culture,Regional and local government,Local government","Department for Culture, Media and Sport","Department for Culture, Media and Sport",2010 to 2015 Conservative and Liberal Democrat coalition government,,,
https://www.gov.uk/employee-reservist,Rights and responsibilities for reservists and employers ,guide,1afad78b-a706-4fc5-bdf6-90b0591568d7,en,publisher,2014-06-12T11:50:07.000Z,2015-07-15T13:30:07.000Z,,,83,"Support services for military and defence personnel and their families,GOV.UK homepage,Armed forces,Defence and armed forces",Government Digital Service,"Department for Work and Pensions,HM Revenue & Customs,Ministry of Defence",,,,
https://www.gov.uk/guidance/ministry-of-defence-commercial-commercial-x,Ministry of Defence - Commercial X,detailed_guide,05374602-f4c5-42ef-a1e2-639334015589,en,whitehall,2023-08-14T23:00:00.000Z,2026-01-26T13:22:38.000Z,,,82,"GOV.UK homepage,Defence and armed forces",Ministry of Defence,Ministry of Defence,2022 to 2024 Sunak Conservative government,,,
https://www.gov.uk/guidance/career-transition-partnership,Career Transition Partnership,detailed_guide,5c85b663-7631-11e4-a3cb-005056011aef,en,whitehall,2012-12-12T00:00:00.000Z,2024-10-01T08:30:06.000Z,,,81,"Defence and armed forces,GOV.UK homepage,Veterans and family support,Support services for military and defence personnel and their families",Ministry of Defence,Ministry of Defence,2010 to 2015 Conservative and Liberal Democrat coalition government,,,
https://www.gov.uk/guidance/what-to-do-when-a-veteran-dies,What to do when a veteran dies,detailed_guide,cde319ef-9d67-4c3c-870c-9fac30bb2db8,en,whitehall,2024-09-12T07:30:06.000Z,2024-09-12T07:30:06.000Z,,,81,"Defence and armed forces,Veterans and family support,GOV.UK homepage",Office for Veterans' Affairs,"Office for Veterans' Affairs,Ministry of Defence",2024 Starmer Labour government,,,
https://www.gov.uk/guidance/assessment-process-and-criteria,Assessment process and criteria,detailed_guide,5e66f52e-c098-4a73-8021-758a69ef12fa,en,whitehall,2016-12-08T00:00:00.000Z,2026-02-17T09:17:16.000Z,,,79,"Business and industry,Science and innovation,National security,Armed forces and Ministry of Defence reform,Government,Defence and armed forces,GOV.UK homepage",UK Defence Innovation,"UK Defence Innovation,Defence and Security Accelerator,Defence Science and Technology Laboratory",2016 to 2019 May Conservative government,,,
https://www.gov.uk/guidance/sapient-autonomous-sensor-system,SAPIENT autonomous sensor system,detailed_guide,4561aa98-c7ea-41e8-8ba5-318b02aeffe9,en,whitehall,2021-12-20T00:00:00.000Z,2024-09-06T09:34:56.000Z,,,79,"GOV.UK homepage,Business and industry,Military equipment, logistics and technology,Defence and armed forces,Scientific research and development,Science and innovation",Defence Science and Technology Laboratory,Defence Science and Technology Laboratory,2019 to 2022 Johnson Conservative government,,,
https://www.gov.uk/guidance/getting-additional-support-when-leaving-the-armed-forces,Getting additional support when leaving the armed forces,detailed_guide,f4443674-6e53-4a75-97eb-b8560af9b138,en,whitehall,2024-09-11T23:00:00.000Z,2024-09-11T23:00:00.000Z,,,78,"Defence and armed forces,GOV.UK homepage,Veterans and family support",Ministry of Defence,Ministry of Defence,2024 Starmer Labour government,,,
https://www.gov.uk/guidance/finding-a-civilian-home-as-a-veteran,Finding a civilian home as a veteran,detailed_guide,bde14cd8-e13a-4fba-bb48-91e7ab106022,en,whitehall,2024-09-11T23:00:00.000Z,2025-06-24T09:49:56.000Z,,,76,"GOV.UK homepage,Defence and armed forces,Veterans and family support",Office for Veterans' Affairs,"Office for Veterans' Affairs,Ministry of Defence",2024 Starmer Labour government,,,
https://www.gov.uk/guidance/find-contracts-in-technology-and-research-and-development-with-the-ministry-of-defence,Find contracts in technology and research and development with the Ministry of Defence,detailed_guide,6464aeea-d148-4f71-aec3-00fc37e9bf73,en,whitehall,2025-02-13T00:00:00.000Z,2025-12-08T11:26:12.000Z,,,74,"GOV.UK homepage,Defence and armed forces",Ministry of Defence,Ministry of Defence,2024 Starmer Labour government,,,
https://www.gov.uk/guidance/childcare-for-service-children,Childcare for Service children,detailed_guide,13fb3df7-e10f-4dd6-8381-e9a993c472ed,en,whitehall,2018-10-02T23:00:00.000Z,2026-01-01T09:00:03.000Z,,,74,"Support services for military and defence personnel and their families,Benefits for families,Tax credits,Defence and armed forces,GOV.UK homepage,Welfare",Ministry of Defence,Ministry of Defence,2016 to 2019 May Conservative government,,,
https://www.gov.uk/guidance/appeal-a-war-pension-or-armed-forces-compensation-decision,Appeal a War Pension or Armed Forces Compensation decision,detailed_guide,b2e81c44-69b3-47ea-b80b-9b3fd3b32b2c,en,whitehall,2020-02-19T00:00:00.000Z,2026-02-13T14:43:07.000Z,,,69,"Defence and armed forces,GOV.UK homepage,Veterans and family support",Ministry of Defence,"Ministry of Defence,Veterans UK",2019 to 2022 Johnson Conservative government,,,
https://www.gov.uk/guidance/war-pension-scheme-other-allowances-that-may-be-available,War Pension Scheme: Other allowances that may be available,detailed_guide,69b9be54-a007-4935-b6f2-9ed80c9e6e45,en,whitehall,2020-02-21T00:00:00.000Z,2025-07-01T13:34:42.000Z,,,68,"Support services for military and defence personnel and their families,GOV.UK homepage,Pensions and compensation,Defence and armed forces",Ministry of Defence,"Ministry of Defence,Veterans UK",2019 to 2022 Johnson Conservative government,,,
https://www.gov.uk/guidance/afghan-resettlement-programme,Afghan Resettlement Programme,detailed_guide,ce823b90-db19-4cf9-857b-c6b8c463fcd8,en,whitehall,2024-12-18T00:00:00.000Z,2025-07-23T15:55:46.000Z,,,68,"Defence and armed forces,GOV.UK homepage",Ministry of Defence,"Ministry of Defence,Home Office,Ministry of Housing, Communities and Local Government",2024 Starmer Labour government,,,
https://www.gov.uk/guidance/getting-homelessness-support-as-a-veteran,Getting homelessness support as a veteran,detailed_guide,38a424c0-cfae-489d-b5c9-d90fd3be18e2,en,whitehall,2024-09-11T23:00:00.000Z,2024-09-11T23:00:00.000Z,,,67,"Veterans and family support,Defence and armed forces,GOV.UK homepage",Office for Veterans' Affairs,"Office for Veterans' Affairs,Ministry of Defence",2024 Starmer Labour government,,,
https://www.gov.uk/guidance/defence-cyber-protection-partnership,Defence Cyber Protection Partnership,detailed_guide,b7ec7738-98b7-4418-aa36-7537d47b970e,en,whitehall,2019-09-11T23:00:00.000Z,2025-01-02T10:44:01.000Z,,,66,"Government,Defence and armed forces,National security,Business and industry,GOV.UK homepage",Ministry of Defence,Ministry of Defence,2019 to 2022 Johnson Conservative government,,,
https://www.gov.uk/guidance/defence-infrastructure-organisation-and-the-defence-training-estate,The defence training estate,detailed_guide,5c84d34c-7631-11e4-a3cb-005056011aef,en,whitehall,2012-12-12T17:44:00.000Z,2023-01-23T14:43:48.000Z,,,64,"Ministry of Defence estate,GOV.UK homepage,Public access,Defence and armed forces",Ministry of Defence,"Ministry of Defence,Defence Infrastructure Organisation",2010 to 2015 Conservative and Liberal Democrat coalition government,,,
https://www.gov.uk/guidance/universal-credit-for-armed-forces-personnel-posted-overseas,Universal Credit for armed forces personnel posted overseas,detailed_guide,c396ac07-bb20-4f95-ae96-a0618dc28fb7,en,whitehall,2025-01-17T00:00:00.000Z,2025-01-17T00:00:00.000Z,,,64,"Work,Defence and armed forces,GOV.UK homepage",Ministry of Defence,"Ministry of Defence,Department for Work and Pensions",2024 Starmer Labour government,,,
https://www.gov.uk/guidance/military-low-flying,Military low flying,detailed_guide,5dc7e812-7631-11e4-a3cb-005056011aef,en,whitehall,2013-09-10T09:57:00.000Z,2023-01-27T15:02:43.000Z,,,64,"Military recruitment, training and operations,GOV.UK homepage,Defence and armed forces",Ministry of Defence,Ministry of Defence,2010 to 2015 Conservative and Liberal Democrat coalition government,,,
https://www.gov.uk/guidance/data-incident-affecting-applicants-to-the-afghan-relocations-and-assistance-policy-scheme-and-afghanistan-locally-employed-staff-ex-gratia-scheme,Data incident affecting applicants to the Afghan Relocations and Assistance Policy Scheme and Afghanistan Locally Employed Staff Ex-Gratia Scheme,detailed_guide,e601af10-526c-49da-8f9f-7bebdbb4bf33,en,whitehall,2025-07-14T23:00:00.000Z,2025-10-31T12:27:15.000Z,,,61,"GOV.UK homepage,Defence and armed forces",Ministry of Defence,Ministry of Defence,2024 Starmer Labour government,,,
https://www.gov.uk/guidance/managing-your-mental-health-as-a-veteran,Managing your mental health as a veteran,detailed_guide,150e8448-2792-4a3a-8bc2-69f1fec5ea93,en,whitehall,2024-09-11T23:00:00.000Z,2024-09-11T23:00:00.000Z,,,61,"Defence and armed forces,Veterans and family support,GOV.UK homepage",Office for Veterans' Affairs,"Office for Veterans' Affairs,Ministry of Defence",2024 Starmer Labour government,,,
https://www.gov.uk/guidance/contact-a-dasa-innovation-partner,Get in touch with DASA,detailed_guide,062e922b-877c-44a3-aa06-1a12c4fcd6be,en,whitehall,2019-07-28T23:00:00.000Z,2025-12-11T09:19:01.000Z,,,59,"Defence and armed forces,GOV.UK homepage",Defence and Security Accelerator,Defence and Security Accelerator,2019 to 2022 Johnson Conservative government,,,
https://www.gov.uk/guidance/local-overseas-allowance-loa,Local Overseas Allowance (LOA),detailed_guide,5f970608-011d-43e8-8709-8ea69532b72d,en,whitehall,2021-02-01T00:00:00.000Z,2021-06-17T10:29:22.000Z,,,57,"Defence and armed forces,GOV.UK homepage,Government,Armed forces",Ministry of Defence,Ministry of Defence,2019 to 2022 Johnson Conservative government,,,
https://www.gov.uk/guidance/how-to-sell-to-dstl-industry-academia-and-other-research-organisations,How to sell to or work with Dstl,detailed_guide,5f8efbe5-7631-11e4-a3cb-005056011aef,en,whitehall,2014-06-30T23:00:00.000Z,2026-01-26T17:42:43.000Z,,,55,"Defence and armed forces,Government,Sale of goods and services and data protection,Buying technology,Science and innovation,Military equipment, logistics and technology,Government technology and digital services,Business and industry,Business regulation,GOV.UK homepage",Defence Science and Technology Laboratory,Defence Science and Technology Laboratory,2010 to 2015 Conservative and Liberal Democrat coalition government,,,
https://www.gov.uk/guidance/ministry-of-defence-policies-to-tackle-unacceptable-behaviour,Ministry of Defence policies to tackle unacceptable behaviour,detailed_guide,3f782071-f28d-4a3d-80d1-9084efbeedba,en,whitehall,2022-07-18T23:00:00.000Z,2025-11-13T09:30:14.000Z,,,52,"Armed forces and Ministry of Defence reform,Defence and armed forces,GOV.UK homepage",Ministry of Defence,Ministry of Defence,2019 to 2022 Johnson Conservative government,,,
https://www.gov.uk/guidance/victim-witness-care-unit-vwcu,Victim Witness Care Unit (VWCU),detailed_guide,1a96bfa3-a946-4c66-bf48-cab8d376beae,en,whitehall,2023-03-21T00:00:00.000Z,2025-12-19T12:31:21.000Z,,,51,"GOV.UK homepage,Defence and armed forces",Ministry of Defence,Ministry of Defence,2022 to 2024 Sunak Conservative government,,,
https://www.gov.uk/guidance/skynet-6,SKYNET 6,detailed_guide,942e23ea-7130-4542-bd99-dac17b0d3e80,en,whitehall,2023-11-21T00:00:00.000Z,2025-08-04T12:23:10.000Z,,,51,"GOV.UK homepage,Defence and armed forces",Ministry of Defence,Ministry of Defence,2022 to 2024 Sunak Conservative government,,,
https://www.gov.uk/guidance/national-insurance-credits-for-partners-of-armed-forces-personnel-overseas,National Insurance credits for partners of armed forces personnel overseas,detailed_guide,a3164064-8ad1-46a0-93c4-5773ab64b504,en,whitehall,2019-05-19T23:15:00.000Z,2019-05-19T23:15:00.000Z,,,50,"Benefits entitlement,Money,Defence and armed forces,Welfare,National Insurance,Work,Pensions and ageing society,GOV.UK homepage,Personal tax",Department for Work and Pensions,"Department for Work and Pensions,HM Revenue & Customs,Ministry of Defence",2016 to 2019 May Conservative government,,,
https://www.gov.uk/guidance/notifying-the-defence-accident-investigation-branch,Notifying the Defence Accident Investigation Branch,detailed_guide,9da7c7ec-4266-40f7-bfc8-4381da839c16,en,whitehall,2022-12-20T14:42:23.000Z,2022-12-20T14:42:23.000Z,,,49,"GOV.UK homepage,Defence and armed forces",Ministry of Defence,Ministry of Defence,2022 to 2024 Sunak Conservative government,,,
https://www.gov.uk/guidance/safe-access,Accessing the training estate safely,detailed_guide,94dde49b-a3be-47a5-9c2d-bd4d60d71797,en,whitehall,2020-08-06T14:48:00.000Z,2023-07-28T07:46:44.000Z,,,44,"GOV.UK homepage,Public access,Ministry of Defence estate,Defence and armed forces",Defence Infrastructure Organisation,"Defence Infrastructure Organisation,Ministry of Defence",2019 to 2022 Johnson Conservative government,,,
https://www.gov.uk/guidance/defence-serious-crime-unit-dscu,Defence Serious Crime Unit (DSCU),detailed_guide,fe31e680-d723-47ba-a8fe-05f403e39488,en,whitehall,2023-03-21T00:00:00.000Z,2024-04-22T11:05:22.000Z,,,43,"GOV.UK homepage,Defence and armed forces",Ministry of Defence,Ministry of Defence,2022 to 2024 Sunak Conservative government,,,
https://www.gov.uk/guidance/established-long-term-relationship-status-for-service-personnel,Established Long-Term Relationship status for service personnel,detailed_guide,cce9794d-d7f6-4bff-9895-edc06904e3b1,en,whitehall,2025-01-17T15:00:37.000Z,2025-01-17T15:00:37.000Z,,,43,"Support services for military and defence personnel and their families,Defence and armed forces,GOV.UK homepage",Ministry of Defence,Ministry of Defence,2024 Starmer Labour government,,,
https://www.gov.uk/guidance/a-new-era-for-defence-innovation-dasa-diu-and-des-fci-unite-under-uk-defence-innovation-ukdi,"A new era for Defence Innovation: DASA, DIU and DE&S FCI unite under UK Defence Innovation (UKDI)",detailed_guide,7ebd1c85-28cd-4d31-ad9a-231052828be3,en,whitehall,2025-07-01T11:55:10.000Z,2025-07-01T11:55:10.000Z,,,42,"Business and industry,Defence and armed forces,GOV.UK homepage",Defence and Security Accelerator,Defence and Security Accelerator,2024 Starmer Labour government,,,
https://www.gov.uk/guidance/month-of-the-military-child,Month of the Military Child,detailed_guide,0c86e641-d399-4825-9de9-b1d32455d4a3,en,whitehall,2024-03-25T00:00:00.000Z,2026-01-21T15:20:52.000Z,,,42,"GOV.UK homepage,Support services for military and defence personnel and their families,Defence and armed forces",Ministry of Defence,Ministry of Defence,2022 to 2024 Sunak Conservative government,,,
https://www.gov.uk/guidance/ilford-park-polish-home,Ilford Park Polish Home,detailed_guide,b5274f35-d423-45b8-9bc1-1bdb8265e10a,en,whitehall,2011-03-03T00:00:00.000Z,2024-02-15T14:08:17.000Z,,,41,"GOV.UK homepage,Veterans and family support,Defence and armed forces",Ministry of Defence,"Ministry of Defence,Veterans UK",2010 to 2015 Conservative and Liberal Democrat coalition government,,,
https://www.gov.uk/guidance/mental-health-support-for-the-uk-armed-forces,Mental health support for the UK armed forces,detailed_guide,5c85a847-7631-11e4-a3cb-005056011aef,en,whitehall,2012-12-12T00:00:00.000Z,2023-11-10T16:40:46.000Z,,,41,"GOV.UK homepage,Defence and armed forces,Support services for military and defence personnel and their families",Ministry of Defence,Ministry of Defence,2010 to 2015 Conservative and Liberal Democrat coalition government,,,
https://www.gov.uk/guidance/south-east-england-public-access-to-military-areas,South East England - public access to military areas,detailed_guide,a5af3b5e-186b-4c2b-bc5b-5dc4ca57d37d,en,whitehall,2022-10-18T23:00:00.000Z,2024-09-19T09:17:47.000Z,,,41,"Public access,GOV.UK homepage,Ministry of Defence estate,Defence and armed forces",Ministry of Defence,Ministry of Defence,2022 Truss Conservative government,,,
https://www.gov.uk/guidance/medical-records-for-deceased-service-personnel,Medical records for deceased service personnel,detailed_guide,e76ef504-51d9-46ef-8b03-68768949547c,en,whitehall,2024-04-21T23:00:00.000Z,2025-07-25T16:01:17.000Z,,,40,"Support services for military and defence personnel and their families,Defence and armed forces,GOV.UK homepage",Ministry of Defence,Ministry of Defence,2022 to 2024 Sunak Conservative government,,,
https://www.gov.uk/guidance/end-use-controls-applying-to-military-related-items,End-use controls applying to military related items,detailed_guide,cb742bf4-2047-4334-8461-a09a917d29f0,en,whitehall,2022-05-18T23:00:00.000Z,2023-04-14T15:46:16.000Z,,,40,"Export controls and licensing,GOV.UK homepage,Exporting,Business and industry,Military equipment, logistics and technology,Defence and armed forces,Trade and investment",Export Control Joint Unit,"Export Control Joint Unit,Department for International Trade,Department for Business and Trade",2019 to 2022 Johnson Conservative government,,,
https://www.gov.uk/guidance/r-cloud-for-suppliers,R-Cloud for suppliers,detailed_guide,64a89b10-334e-4ce5-a43c-e09d176f7271,en,whitehall,2023-08-31T23:00:00.000Z,2023-12-01T15:09:18.000Z,,,39,"Scientific research and development,Military recruitment, training and operations,GOV.UK homepage,Research and development,Defence and armed forces,Business and industry,Science and innovation,Military equipment, logistics and technology",Defence Science and Technology Laboratory,Defence Science and Technology Laboratory,2022 to 2024 Sunak Conservative government,,,
https://www.gov.uk/guidance/united-kingdom-security-vetting-international-personnel-security-clearances,United Kingdom Security Vetting: International Personnel Security Clearances,detailed_guide,e751d9c0-912f-4b40-9c75-3a03d51c5005,en,whitehall,2019-08-14T14:32:00.000Z,2020-02-12T06:00:04.000Z,,,39,"National security,Government,Support services for military and defence personnel and their families,Defence and armed forces,GOV.UK homepage,Military recruitment, training and operations",United Kingdom Security Vetting,United Kingdom Security Vetting,2019 to 2022 Johnson Conservative government,,,
https://www.gov.uk/guidance/defence-estate-optimisation-deo-portfolio,Defence Estate Optimisation (DEO) Portfolio,detailed_guide,20a36147-ce3f-4c7b-9f63-d8bc8906c237,en,whitehall,2020-10-14T23:00:00.000Z,2024-10-17T09:41:38.000Z,,,39,"Defence and armed forces,GOV.UK homepage,Ministry of Defence estate",Ministry of Defence,Ministry of Defence,2019 to 2022 Johnson Conservative government,,,
https://www.gov.uk/guidance/war-pension-assessment-apply-for-a-review,War Pension assessment: apply for a review,detailed_guide,9b748d07-d3e5-436d-abbf-30c873ebf124,en,whitehall,2020-02-20T00:00:00.000Z,2020-02-20T00:00:00.000Z,,,38,"Defence and armed forces,Veterans and family support,GOV.UK homepage",Ministry of Defence,"Ministry of Defence,Veterans UK",2019 to 2022 Johnson Conservative government,,,
https://www.gov.uk/guidance/education-overseas-for-service-children,Education overseas for service children,detailed_guide,df89b8e8-5ea6-4092-864e-e2a69fbed570,en,whitehall,2018-10-02T23:00:00.000Z,2023-04-04T13:14:12.000Z,,,37,"Education of disadvantaged children,British nationals overseas,Going and being abroad,GOV.UK homepage,Defence and armed forces,Education, training and skills,Support services for military and defence personnel and their families",Ministry of Defence,Ministry of Defence,2016 to 2019 May Conservative government,,,
https://www.gov.uk/guidance/the-cadet-forces-and-mods-youth-work,The Ministry of Defence cadet forces,detailed_guide,5c8f54bc-7631-11e4-a3cb-005056011aef,en,whitehall,2012-12-12T19:30:00.000Z,2021-05-26T16:07:33.000Z,,,37,"Military recruitment, training and operations,Defence and armed forces,GOV.UK homepage",Ministry of Defence,Ministry of Defence,2010 to 2015 Conservative and Liberal Democrat coalition government,,,
https://www.gov.uk/guidance/sofa,NATO Status of Forces Agreement - identification of status,detailed_guide,52a9cf82-f87a-4b65-ba2a-889488c03f30,en,whitehall,2021-03-10T00:00:00.000Z,2024-11-11T16:26:39.000Z,,,36,"GOV.UK homepage,Defence and armed forces",Ministry of Defence,"Ministry of Defence,Strategic Command",2019 to 2022 Johnson Conservative government,,,
https://www.gov.uk/guidance/service-prosecuting-authority,Service Prosecuting Authority,detailed_guide,5c88c821-7631-11e4-a3cb-005056011aef,en,whitehall,2012-12-12T00:00:00.000Z,2025-12-10T11:11:44.000Z,,,36,"Crime, justice and law,Defence and armed forces,GOV.UK homepage",Ministry of Defence,Ministry of Defence,2010 to 2015 Conservative and Liberal Democrat coalition government,,,
https://www.gov.uk/guidance/report-a-security-incident-to-the-ministry-of-defence,Report a security incident to the Ministry of Defence,detailed_guide,ab2e526d-775e-441f-8dbe-29168173b3d6,en,whitehall,2024-11-14T00:00:00.000Z,2025-10-07T13:22:41.000Z,,,35,"Defence and armed forces,GOV.UK homepage",Ministry of Defence,Ministry of Defence,2024 Starmer Labour government,,,
https://www.gov.uk/guidance/the-uks-nuclear-deterrent-the-facts,The UK’s nuclear deterrent: the facts,detailed_guide,7e4dd10a-4c15-413e-9dc4-e29711919caa,en,whitehall,2021-03-16T00:00:00.000Z,2024-03-28T10:00:18.000Z,,,35,"GOV.UK homepage,Defence and armed forces,Nuclear disarmament,UK nuclear deterrent",Defence Nuclear Organisation,"Defence Nuclear Organisation,Ministry of Defence",2019 to 2022 Johnson Conservative government,,,
https://www.gov.uk/guidance/new-accommodation-offer,Modernised Accommodation Offer (Previously New Accommodation Offer),detailed_guide,5f1ce676-dc00-431e-8f5c-ce09563f1f88,en,whitehall,2023-09-18T23:00:00.000Z,2025-01-28T15:37:34.000Z,,,34,"GOV.UK homepage,Support services for military and defence personnel and their families,Defence and armed forces,Housing and accommodation",Ministry of Defence,Ministry of Defence,2022 to 2024 Sunak Conservative government,,,
https://www.gov.uk/guidance/finding-a-job-as-a-veteran,Finding an ex-military job after leaving the armed forces,detailed_guide,8451b2d6-fb33-429d-9ba1-f5be6c58b18b,en,whitehall,2024-09-11T23:00:00.000Z,2025-02-25T11:19:21.000Z,,,33,"Defence and armed forces,GOV.UK homepage,Veterans and family support",Office for Veterans' Affairs,"Office for Veterans' Affairs,Ministry of Defence",2024 Starmer Labour government,,,
https://www.gov.uk/guidance/apply-for-ethical-approval-for-mod-research-involving-humans,Applying for approval for MOD research involving humans,detailed_guide,5f9d3064-7631-11e4-a3cb-005056011aef,en,whitehall,2014-06-30T23:00:00.000Z,2023-12-08T12:18:20.000Z,,,33,"GOV.UK homepage,Science and innovation,Defence and armed forces,Business and industry",Defence Science and Technology Laboratory,"Defence Science and Technology Laboratory,Defence and Security Accelerator,Ministry of Defence",2010 to 2015 Conservative and Liberal Democrat coalition government,,,
https://www.gov.uk/guidance/ministry-of-defence-police-project-servator,Ministry of Defence Police: Project Servator,detailed_guide,a09199da-a332-44c7-9711-e91d9142a2f0,en,whitehall,2018-03-26T23:00:00.000Z,2024-10-28T10:10:28.000Z,,,33,"Counter-terrorism,Defence and armed forces,Crime, justice and law,Crime prevention,GOV.UK homepage",Ministry of Defence,Ministry of Defence,2016 to 2019 May Conservative government,,,
https://www.gov.uk/guidance/war-pension-scheme-unemployability-supplement-unsupp,War Pension Scheme: Unemployability Supplement (UnSupp),detailed_guide,3185e9ad-3010-484f-91e4-7edff51a5dec,en,whitehall,2020-02-21T00:00:00.000Z,2020-02-21T00:00:00.000Z,,,32,"Defence and armed forces,Veterans and family support,GOV.UK homepage",Ministry of Defence,"Ministry of Defence,Veterans UK",2019 to 2022 Johnson Conservative government,,,
https://www.gov.uk/guidance/make-a-payment-to-defence-business-services-dbs,Make a payment to Defence Business Services (DBS),detailed_guide,5b186364-14f4-473e-af0f-525d06d01d69,en,whitehall,2023-03-24T11:43:40.000Z,2023-03-24T11:43:40.000Z,,,31,"GOV.UK homepage,Defence and armed forces",Ministry of Defence,Ministry of Defence,2022 to 2024 Sunak Conservative government,,,
https://www.gov.uk/guidance/contract-and-supplier-reporting-defcars-and-associated-guidance,Reporting guidance and DefCARS,detailed_guide,f4b510e1-7103-45b7-8fcf-1a96db72c007,en,whitehall,2017-03-15T00:00:00.000Z,2025-02-25T09:39:58.000Z,,,31,"Defence and armed forces,GOV.UK homepage",Single Source Regulations Office,Single Source Regulations Office,2016 to 2019 May Conservative government,,,
https://www.gov.uk/guidance/mod-confidential-hotline,MOD confidential hotline,detailed_guide,cde00cb8-7f76-4b80-9d93-b500204e88d0,en,whitehall,2017-08-22T23:00:00.000Z,2022-09-29T12:42:52.000Z,,,30,"Defence and armed forces,GOV.UK homepage",Ministry of Defence,Ministry of Defence,2016 to 2019 May Conservative government,,,
https://www.gov.uk/guidance/war-pension-scheme-claiming-for-further-conditions,War Pension Scheme: claiming for further conditions,detailed_guide,d8997c8c-6a20-48bb-b7b6-172c6202415a,en,whitehall,2020-02-20T00:00:00.000Z,2020-02-20T00:00:00.000Z,,,29,"Defence and armed forces,GOV.UK homepage,Veterans and family support",Ministry of Defence,"Ministry of Defence,Veterans UK",2019 to 2022 Johnson Conservative government,,,
https://www.gov.uk/guidance/support-after-the-death-of-a-service-person-or-veteran,Support after the death of a service person or veteran,detailed_guide,5c49c1bf-da83-4001-82cf-5d53ce0ee027,en,whitehall,2020-02-19T16:01:00.000Z,2020-02-19T16:01:00.000Z,,,28,"GOV.UK homepage,Veterans and family support,Defence and armed forces",Ministry of Defence,"Ministry of Defence,Veterans UK",2019 to 2022 Johnson Conservative government,,,
https://www.gov.uk/guidance/the-ukho-archive,The UK Hydrographic Office (UKHO) Archive,detailed_guide,5fe9bee7-7631-11e4-a3cb-005056011aef,en,whitehall,2014-08-28T23:00:00.000Z,2023-08-23T11:06:07.000Z,,,27,"Hydrography,Business and industry,Defence and armed forces,Marine,Arts and culture,Society and culture,GOV.UK homepage,Environment,Science and innovation",UK Hydrographic Office,UK Hydrographic Office,2010 to 2015 Conservative and Liberal Democrat coalition government,,,
https://www.gov.uk/guidance/defence-accommodation-policy,Defence accommodation policy,detailed_guide,30905826-ddd4-4477-b894-745670c6f70f,en,whitehall,2022-10-20T23:00:00.000Z,2025-12-23T14:26:28.000Z,,,27,"GOV.UK homepage,Defence and armed forces",Ministry of Defence,Ministry of Defence,2022 Truss Conservative government,,,
https://www.gov.uk/guidance/defence-industry-warning-advisory-and-reporting-point-warp-and-security-incident-reporting,"Defence Industry Warning, Advisory and Reporting Point (WARP) and security incident reporting",detailed_guide,8d0f6e15-ba49-4d88-9f77-d01a4063ce87,en,whitehall,2021-02-05T00:00:00.000Z,2025-06-12T15:30:13.000Z,,,27,"Defence and armed forces,GOV.UK homepage,Military equipment, logistics and technology",Ministry of Defence,Ministry of Defence,2019 to 2022 Johnson Conservative government,,,
https://www.gov.uk/guidance/getting-financial-support-as-a-veteran,Getting financial support as a veteran,detailed_guide,d6775c8a-f1b0-4e4c-9015-3315a44f1d19,en,whitehall,2024-09-12T07:30:06.000Z,2024-09-12T07:30:06.000Z,,,27,"GOV.UK homepage,Defence and armed forces,Veterans and family support",Office for Veterans' Affairs,"Office for Veterans' Affairs,Ministry of Defence",2024 Starmer Labour government,,,
https://www.gov.uk/guidance/submit-a-defence-and-security-accelerator-proposal-online-acceptable-use,Submit a UKDI proposal online: acceptable use,detailed_guide,0f642786-fed1-4dbc-9c57-03a30238c119,en,whitehall,2016-12-08T08:10:00.000Z,2026-02-17T09:17:29.000Z,,,25,"Armed forces and Ministry of Defence reform,Business and industry,Government,Defence and armed forces,GOV.UK homepage,Science and innovation,National security",UK Defence Innovation,"UK Defence Innovation,Defence and Security Accelerator,Defence Science and Technology Laboratory",2016 to 2019 May Conservative government,,,
https://www.gov.uk/guidance/armed-forces-carers-passport,Armed Forces Carer's Passport,detailed_guide,dda6c85f-6de7-4b24-b9bb-ecf4ce0e2da8,en,whitehall,2024-11-20T00:00:00.000Z,2024-11-20T00:00:00.000Z,,,25,"Defence and armed forces,Support services for military and defence personnel and their families,Veterans and family support,GOV.UK homepage",Ministry of Defence,Ministry of Defence,2024 Starmer Labour government,,,
https://www.gov.uk/guidance/south-west-england-public-access-to-military-areas,South West England - public access to military areas,detailed_guide,1ea6e7e1-cd91-4aec-a852-31dbd4c1989d,en,whitehall,2022-10-18T23:00:00.000Z,2025-01-23T15:49:32.000Z,,,25,"GOV.UK homepage,Defence and armed forces",Ministry of Defence,Ministry of Defence,2022 Truss Conservative government,,,
https://www.gov.uk/guidance/uk-forces-operations-in-afghanistan,UK forces: operations in Afghanistan,detailed_guide,5c904910-7631-11e4-a3cb-005056011aef,en,whitehall,2012-12-12T19:38:00.000Z,2015-01-19T12:34:54.000Z,,,25,"Government,National security,Military recruitment, training and operations,Defence and armed forces,GOV.UK homepage",Ministry of Defence,Ministry of Defence,2010 to 2015 Conservative and Liberal Democrat coalition government,,,
https://www.gov.uk/guidance/support-for-veterans-and-their-families-in-northern-ireland,Support for veterans and their families in Northern Ireland,detailed_guide,9f108dec-afa7-498d-91ea-c3bb56ceef52,en,whitehall,2023-10-17T23:00:00.000Z,2025-09-24T13:40:11.000Z,,,24,"GOV.UK homepage,Veterans and family support,Defence and armed forces",Ministry of Defence,Ministry of Defence,2022 to 2024 Sunak Conservative government,,,
https://www.gov.uk/guidance/military-court-centres,Military Court Centres,detailed_guide,7727bb5d-7af4-4bde-94d4-2bc0084ca684,en,whitehall,2023-01-31T00:00:00.000Z,2025-07-10T14:09:48.000Z,,,24,"Defence and armed forces,Justice system transparency,Crime, justice and law,GOV.UK homepage,Courts, sentencing and tribunals",Ministry of Defence,Ministry of Defence,2022 to 2024 Sunak Conservative government,,,
https://www.gov.uk/guidance/operation-nightingale,Operation Nightingale,detailed_guide,3edcf52c-fdfa-40bb-9b02-18d1f70c6564,en,whitehall,2019-01-17T12:06:00.000Z,2020-08-07T15:30:10.000Z,,,23,"Ministry of Defence estate,Veterans and family support,Armed forces,Defence and armed forces,Support services for military and defence personnel and their families,GOV.UK homepage",Ministry of Defence,"Ministry of Defence,Defence Infrastructure Organisation",2016 to 2019 May Conservative government,,,
https://www.gov.uk/guidance/united-kingdom-security-vetting-privacy-and-data-protection,United Kingdom Security Vetting: Privacy and data protection,detailed_guide,c9c329ce-f165-499c-a799-8bc457f8dc3d,en,whitehall,2020-02-12T06:00:00.000Z,2026-02-11T12:13:57.000Z,,,23,"National security,GOV.UK homepage,Defence and armed forces,Military recruitment, training and operations,Government",United Kingdom Security Vetting,"United Kingdom Security Vetting,Cabinet Office",2019 to 2022 Johnson Conservative government,,,
https://www.gov.uk/guidance/afghanistan-response-route,Afghanistan Response Route,detailed_guide,2d2a7b80-291a-4021-a615-57962dc00ac2,en,whitehall,2025-07-21T23:00:00.000Z,2025-11-10T11:31:21.000Z,,,23,"GOV.UK homepage,Defence and armed forces",Ministry of Defence,Ministry of Defence,2024 Starmer Labour government,,,
https://www.gov.uk/guidance/inspire-portal-and-medin-bathymetry-data-archive-centre,ADMIRALTY Marine Data Portal,detailed_guide,5fe919f7-7631-11e4-a3cb-005056011aef,en,whitehall,2014-08-28T23:00:00.000Z,2021-04-01T12:09:29.000Z,,,23,"Defence and armed forces,GOV.UK homepage,Hydrography,Environment,Marine,Business and industry,Science and innovation",UK Hydrographic Office,UK Hydrographic Office,2010 to 2015 Conservative and Liberal Democrat coalition government,,,
https://www.gov.uk/guidance/tax-and-national-insurance-for-crown-servants-eu-employees-and-volunteer-development-workers-abroad,"Tax for crown servants, EU employees and volunteer workers abroad",detailed_guide,039d63bc-1d5d-4888-a7cf-3f08d21d2f50,en,whitehall,2014-12-08T00:00:00.000Z,2020-12-31T23:00:44.000Z,,,23,"Defence and armed forces,Personal tax,Money,GOV.UK homepage,Rules for specific occupations,Living or working abroad or offshore",HM Revenue & Customs,HM Revenue & Customs,2010 to 2015 Conservative and Liberal Democrat coalition government,,,
https://www.gov.uk/guidance/mod-organograms-staff-roles-and-salaries,MOD organograms - staff roles and salaries,detailed_guide,c4936efc-f113-4333-9cda-7ca8bdf8efdc,en,whitehall,2021-11-18T12:20:00.000Z,2022-08-12T15:30:11.000Z,,,23,"GOV.UK homepage,Defence and armed forces",Ministry of Defence,Ministry of Defence,2019 to 2022 Johnson Conservative government,,,
https://www.gov.uk/guidance/deep-space-advanced-radar-capability-darc,Deep Space Advanced Radar Capability (DARC),detailed_guide,7f356119-d6f6-4283-a401-4fb0b4e1d48c,en,whitehall,2024-08-07T23:00:00.000Z,2025-04-07T10:14:19.000Z,,,22,"Defence and armed forces,GOV.UK homepage",Ministry of Defence,Ministry of Defence,2024 Starmer Labour government,,,
https://www.gov.uk/war-pension-armed-forces-compensation-tribunal,War Pensions and Armed Forces Compensation Tribunal,guide,c6dbb41c-265c-4486-b13e-f73b8981c8ad,en,publisher,2013-06-26T16:28:17.000Z,2024-12-05T16:52:37.934Z,,,22,"Armed forces,Work,GOV.UK homepage,Defence and armed forces,Working, jobs and pensions,Workplace and personal pensions",Government Digital Service,"HM Courts & Tribunals Service,Veterans UK",,,,
https://www.gov.uk/guidance/war-pension-scheme-constant-attendance-allowance-caa,War Pension Scheme: Constant Attendance Allowance (CAA),detailed_guide,1f59bbea-cb3b-4ad8-86ce-3236ee0c94c3,en,whitehall,2020-02-21T00:00:00.000Z,2025-05-19T15:20:09.000Z,,,22,"GOV.UK homepage,Veterans and family support,Defence and armed forces",Ministry of Defence,"Ministry of Defence,Veterans UK",2019 to 2022 Johnson Conservative government,,,
https://www.gov.uk/guidance/ministry-of-defence-procurement-organisations,Ministry of Defence Procurement Organisations,detailed_guide,0b310ff9-a64e-46b9-82e6-355038088b46,en,whitehall,2020-10-29T12:43:00.000Z,2021-04-01T08:48:32.000Z,,,21,"Government,Defence and armed forces,Business and industry,GOV.UK homepage",Ministry of Defence,Ministry of Defence,2019 to 2022 Johnson Conservative government,,,
https://www.gov.uk/guidance/review-of-an-armed-forces-compensation-scheme-afcs-award,Review of an Armed Forces Compensation Scheme (AFCS) award,detailed_guide,7cd76ac2-0fd7-4424-9313-e2cad7293811,en,whitehall,2020-02-21T10:12:00.000Z,2020-02-21T10:12:00.000Z,,,21,"Defence and armed forces,Veterans and family support,GOV.UK homepage",Ministry of Defence,"Ministry of Defence,Veterans UK",2019 to 2022 Johnson Conservative government,,,
https://www.gov.uk/guidance/international-fund-for-ukraine-ifu,International Fund for Ukraine (IFU),detailed_guide,41cc8a5b-2d61-4b1d-a45b-e59efba02fad,en,whitehall,2023-03-14T00:00:00.000Z,2025-09-23T13:41:26.000Z,,,21,"Defence and armed forces,GOV.UK homepage",Ministry of Defence,Ministry of Defence,2022 to 2024 Sunak Conservative government,,,
https://www.gov.uk/guidance/armed-forces-criminal-legal-aid-authority-afclaa,Armed Forces Criminal Legal Aid Authority,detailed_guide,5c85b53a-7631-11e4-a3cb-005056011aef,en,whitehall,2012-12-12T19:59:00.000Z,2022-11-09T11:58:28.000Z,,,21,"Military recruitment, training and operations,GOV.UK homepage,Defence and armed forces",Ministry of Defence,Ministry of Defence,2010 to 2015 Conservative and Liberal Democrat coalition government,,,
https://www.gov.uk/guidance/new-energetics-factories-for-the-uk,New energetics factories for the UK,detailed_guide,d892a418-ea75-4f1b-813a-1ba14b6bf88c,en,whitehall,2025-11-20T13:39:59.000Z,2025-11-20T13:39:59.000Z,,,20,"Defence and armed forces,Weapons proliferation,GOV.UK homepage",Defence Equipment and Support,"Defence Equipment and Support,Ministry of Defence",2024 Starmer Labour government,,,
https://www.gov.uk/guidance/defence-serious-crime-command-dscc,Defence Serious Crime Command (DSCC),detailed_guide,8ce960ce-0870-4e36-b0b1-f0bbc0bfc61a,en,whitehall,2023-03-21T00:00:00.000Z,2023-03-21T00:00:00.000Z,,,20,"GOV.UK homepage,Defence and armed forces",Ministry of Defence,Ministry of Defence,2022 to 2024 Sunak Conservative government,,,
https://www.gov.uk/guidance/security-requirements-for-selling-to-or-working-with-dstl,Security requirements for selling to or working with Dstl,detailed_guide,56b2c264-dfbb-4884-b19d-c3ebf2c0aa0c,en,whitehall,2023-09-04T23:00:00.000Z,2026-01-19T15:23:25.000Z,,,19,"Science and innovation,Business and industry,Military recruitment, training and operations,GOV.UK homepage,Military equipment, logistics and technology,Research and development,Defence and armed forces",Defence Science and Technology Laboratory,Defence Science and Technology Laboratory,2022 to 2024 Sunak Conservative government,,,
https://www.gov.uk/guidance/standards-for-integrated-c5isrew-systems-stics,Standards for Integrated C5ISR/EW Systems (STICS),detailed_guide,82bea9ba-ba5a-473d-86ea-c0ebbe20351c,en,whitehall,2025-05-01T23:00:00.000Z,2025-05-01T23:00:00.000Z,,,19,"Military equipment, logistics and technology,GOV.UK homepage,Defence and armed forces",Defence Equipment and Support,"Defence Equipment and Support,Defence Science and Technology Laboratory",2024 Starmer Labour government,,,
https://www.gov.uk/guidance/veterans-news-and-communications-hub,Veterans News and Communications Hub,detailed_guide,c1e38956-6cf5-4914-a20f-e09572ffc01f,en,whitehall,2020-06-10T23:00:00.000Z,2026-02-03T17:27:08.000Z,,,19,"Defence and armed forces,GOV.UK homepage,Veterans and family support",Ministry of Defence,"Ministry of Defence,Reserve Forces' and Cadets' Associations (RFCA)",2019 to 2022 Johnson Conservative government,,,
https://www.gov.uk/guidance/recruitment-for-ex-services-personnel,Recruiting ex-Services personnel,detailed_guide,5c85bb1b-7631-11e4-a3cb-005056011aef,en,whitehall,2012-12-12T00:00:00.000Z,2025-06-30T10:36:01.000Z,,,18,"Defence and armed forces,Support services for military and defence personnel and their families,Veterans and family support,GOV.UK homepage",Ministry of Defence,Ministry of Defence,2010 to 2015 Conservative and Liberal Democrat coalition government,,,
https://www.gov.uk/guidance/end-use-controls-applying-to-wmd-related-items-including-technical-help,"End-use controls applying to WMD-related items, including technical help",detailed_guide,737349a0-80b4-45dc-8210-fcc57acad4e1,en,whitehall,2022-12-19T00:00:00.000Z,2022-12-19T00:00:00.000Z,,,18,"Trade and investment,Defence and armed forces,Weapons proliferation,Exporting,Export controls and licensing,GOV.UK homepage,Business and industry",Export Control Joint Unit,"Export Control Joint Unit,Department for International Trade,Department for Business and Trade",2022 to 2024 Sunak Conservative government,,,
https://www.gov.uk/guidance/defence-medical-services-reserves,Defence Medical Services (Reserves),detailed_guide,46e71376-fca9-4022-80d4-21bba15e45cb,en,whitehall,2018-08-30T10:37:00.000Z,2021-08-24T14:21:54.000Z,,,18,"Armed forces,Defence and armed forces,GOV.UK homepage,Support services for military and defence personnel and their families,Military recruitment, training and operations",Ministry of Defence,Ministry of Defence,2016 to 2019 May Conservative government,,,
https://www.gov.uk/guidance/managing-disability-as-a-veteran,Managing disability as a veteran,detailed_guide,0d23c6bf-a03e-4a6a-b6f9-00536f2bdb29,en,whitehall,2024-09-12T07:30:06.000Z,2024-09-12T07:30:06.000Z,,,18,"Defence and armed forces,Veterans and family support,GOV.UK homepage",Office for Veterans' Affairs,"Office for Veterans' Affairs,Ministry of Defence",2024 Starmer Labour government,,,
https://www.gov.uk/guidance/managing-illness-or-injury-as-a-veteran,Managing illness or injury as a veteran,detailed_guide,6f85c9f5-0613-4932-9299-b8288434700c,en,whitehall,2024-09-12T07:30:06.000Z,2024-09-12T07:30:06.000Z,,,18,"GOV.UK homepage,Defence and armed forces,Veterans and family support",Office for Veterans' Affairs,"Office for Veterans' Affairs,Ministry of Defence",2024 Starmer Labour government,,,
https://www.gov.uk/guidance/war-pension-scheme-allowance-for-lowered-standard-of-occupation,War Pension Scheme: Allowance for Lowered Standard of Occupation,detailed_guide,af657527-2c94-4c82-bda1-369676f0de57,en,whitehall,2020-02-21T00:00:00.000Z,2021-11-23T15:53:16.000Z,,,18,"Defence and armed forces,GOV.UK homepage,Veterans and family support",Ministry of Defence,"Ministry of Defence,Veterans UK",2019 to 2022 Johnson Conservative government,,,
https://www.gov.uk/guidance/defence-security-and-assurance-services-defence-industry-list-x,CyDR Defence Industry Cyber Security Assurance and Risk Balance Case processes,detailed_guide,5c8f48eb-7631-11e4-a3cb-005056011aef,en,whitehall,2012-12-12T00:00:00.000Z,2024-06-06T15:11:59.000Z,,,18,"Defence and armed forces,Military equipment, logistics and technology,GOV.UK homepage",Ministry of Defence,Ministry of Defence,2010 to 2015 Conservative and Liberal Democrat coalition government,,,
https://www.gov.uk/guidance/north-england-public-access-to-military-areas,North England - public access to military areas,detailed_guide,d084b981-aea6-46ef-af88-59e944dab5b3,en,whitehall,2022-10-18T23:00:00.000Z,2025-08-26T13:03:01.000Z,,,18,"Military recruitment, training and operations,GOV.UK homepage,Defence and armed forces",Ministry of Defence,Ministry of Defence,2022 Truss Conservative government,,,
https://www.gov.uk/guidance/defence-recovery-and-personnel-recovery-centres,Defence recovery and personnel recovery centres,detailed_guide,5c84cac0-7631-11e4-a3cb-005056011aef,en,whitehall,2012-12-12T17:42:00.000Z,2022-09-21T11:18:10.000Z,,,17,"Support services for military and defence personnel and their families,GOV.UK homepage,Defence and armed forces",Ministry of Defence,Ministry of Defence,2010 to 2015 Conservative and Liberal Democrat coalition government,,,
https://www.gov.uk/guidance/defence-procurement-useful-information,Defence Procurement: useful information,detailed_guide,651dc134-4c58-4c84-96be-4471eef5b9c4,en,whitehall,2020-10-29T00:00:00.000Z,2024-03-05T16:35:42.000Z,,,17,"Business and industry,Government,GOV.UK homepage,Defence and armed forces",Ministry of Defence,Ministry of Defence,2019 to 2022 Johnson Conservative government,,,
https://www.gov.uk/guidance/support-for-war-veterans,Support for war veterans,detailed_guide,5c8f4b2d-7631-11e4-a3cb-005056011aef,en,whitehall,2012-12-12T00:00:00.000Z,2023-11-09T15:32:17.000Z,,,17,"Support services for military and defence personnel and their families,Veterans and family support,GOV.UK homepage,Defence and armed forces",Ministry of Defence,"Ministry of Defence,Veterans UK",2010 to 2015 Conservative and Liberal Democrat coalition government,,,
https://www.gov.uk/guidance/defence-equipment-support-des-apprenticeships,Defence Equipment & Support (DE&S) apprenticeships,detailed_guide,06711571-5d9b-45ba-905a-d7af38bd73ff,en,whitehall,2024-01-23T15:21:35.000Z,2024-01-23T15:21:35.000Z,,,17,"Further and higher education, skills and vocational training,Careers guidance in further and higher education,Further and higher education courses and qualifications,Education, training and skills,GOV.UK homepage,Defence and armed forces,Military recruitment, training and operations,Becoming an apprentice,Finding a job,Working, jobs and pensions,Apprenticeships, traineeships and internships,Types of apprenticeships,Work,Government graduate schemes",Defence Equipment and Support,Defence Equipment and Support,2022 to 2024 Sunak Conservative government,,,
https://www.gov.uk/guidance/uk-national-codification-bureau,UK National Codification Bureau,detailed_guide,5c84c73c-7631-11e4-a3cb-005056011aef,en,whitehall,2012-12-12T00:00:00.000Z,2023-07-06T13:18:25.000Z,,,16,"GOV.UK homepage,Defence and armed forces,Military recruitment, training and operations",Ministry of Defence,Ministry of Defence,2010 to 2015 Conservative and Liberal Democrat coalition government,,,
https://www.gov.uk/guidance/defence-infrastructure-organisation-service-family-accommodation-allenby-connaught,Project Allenby Connaught,detailed_guide,5c922ce9-7631-11e4-a3cb-005056011aef,en,whitehall,2012-12-12T20:28:00.000Z,2018-06-27T13:41:27.000Z,,,16,"Defence and armed forces,GOV.UK homepage,Military recruitment, training and operations",Ministry of Defence,"Ministry of Defence,Defence Infrastructure Organisation",2010 to 2015 Conservative and Liberal Democrat coalition government,,,
https://www.gov.uk/guidance/defence-health-safety-and-environmental-protection,"Defence health, safety and environmental protection",detailed_guide,2f35688e-902c-41fd-b423-d41ac9d19d11,en,whitehall,2021-01-13T17:01:00.000Z,2023-08-30T14:19:48.000Z,,,16,"GOV.UK homepage,Defence and armed forces",Ministry of Defence,Ministry of Defence,2019 to 2022 Johnson Conservative government,,,
https://www.gov.uk/guidance/multi-domain-integration,Driving Integration,detailed_guide,9dd82fde-484c-4db4-bef1-abcc2ad076ae,en,whitehall,2022-01-17T00:00:00.000Z,2024-02-27T08:55:56.000Z,,,16,"International defence commitments,Military recruitment, training and operations,GOV.UK homepage,Military equipment, logistics and technology,Armed forces and Ministry of Defence reform,Defence and armed forces",Strategic Command,"Strategic Command,Ministry of Defence",2019 to 2022 Johnson Conservative government,,,
https://www.gov.uk/guidance/mod-war-detectives-the-joint-casualty-and-compassionate-centre-commemorations-team-who-we-are,MOD War Detectives – the Joint Casualty and Compassionate Centre Commemorations team - who we are,detailed_guide,33ec2d3a-74e5-48d1-a19c-febf98471b2d,en,whitehall,2019-09-25T23:00:00.000Z,2024-12-03T08:20:32.000Z,,,16,"Welfare,Defence and armed forces,GOV.UK homepage,Support services for military and defence personnel and their families",Ministry of Defence,Ministry of Defence,2019 to 2022 Johnson Conservative government,,,
https://www.gov.uk/guidance/mod-engagement-with-trade-associations,MOD engagement with trade associations,detailed_guide,652b882d-2fa5-428c-8b8d-a6a10d360a5f,en,whitehall,2020-10-29T00:00:00.000Z,2025-04-15T14:26:45.000Z,,,16,"Government,Business and industry,Defence and armed forces,GOV.UK homepage",Ministry of Defence,Ministry of Defence,2019 to 2022 Johnson Conservative government,,,
https://www.gov.uk/guidance/the-service-police-complaints-system,The Service Police complaints system,detailed_guide,12e0265a-ce0d-4f8e-97f2-fb5bb5fd8b8f,en,whitehall,2023-06-19T08:25:07.000Z,2023-06-19T08:25:07.000Z,,,15,"GOV.UK homepage,Defence and armed forces",Ministry of Defence,Ministry of Defence,2022 to 2024 Sunak Conservative government,,,
https://www.gov.uk/guidance/mod-war-detectives-the-joint-casualty-and-compassionate-centre-commemorations-team-what-we-do,MOD War Detectives – the Joint Casualty and Compassionate Centre Commemorations team - what we do,detailed_guide,3d153583-8e20-44af-b21c-e6a899771b73,en,whitehall,2019-09-26T13:37:00.000Z,2022-07-18T12:04:53.000Z,,,15,"Support services for military and defence personnel and their families,Defence and armed forces,Welfare,GOV.UK homepage",Ministry of Defence,Ministry of Defence,2019 to 2022 Johnson Conservative government,,,
https://www.gov.uk/guidance/ai-and-data-science-defence-science-and-technology-capability,AI and data science: defence science and technology capability,detailed_guide,e88dcb5f-f6e5-4962-b11e-2c24fa30e069,en,whitehall,2021-08-08T23:00:00.000Z,2024-08-15T09:25:10.000Z,,,15,"Government,Defence and armed forces,Science and innovation,Scientific research and development,Business and industry,GOV.UK homepage,Data,Artificial intelligence,Military equipment, logistics and technology",Defence Science and Technology Laboratory,Defence Science and Technology Laboratory,2019 to 2022 Johnson Conservative government,,,
https://www.gov.uk/guidance/important-information-for-veterans-uk-customers-who-live-abroad,Important information for Veterans UK customers who live abroad,detailed_guide,323e6ea9-6d57-48ca-9818-03dc4bca1aef,en,whitehall,2020-12-17T00:00:00.000Z,2020-12-17T00:00:00.000Z,,,15,"Veterans and family support,Government,Defence and armed forces,Brexit,GOV.UK homepage",Ministry of Defence,"Ministry of Defence,Veterans UK",2019 to 2022 Johnson Conservative government,,,
https://www.gov.uk/guidance/ministry-of-defence-sanctuary-awards,Ministry of Defence Sanctuary Awards,detailed_guide,d700f6bd-9d43-45a2-a8ce-8e93b3b7f759,en,whitehall,2021-02-19T00:00:00.000Z,2026-01-19T09:30:00.000Z,,,14,"GOV.UK homepage,Honours and awards,Military awards and commemorations,Defence and armed forces,Ministry of Defence estate",Ministry of Defence,"Ministry of Defence,Defence Infrastructure Organisation",2019 to 2022 Johnson Conservative government,,,
https://www.gov.uk/guidance/le-taccis-programme,LETacCIS Programme,detailed_guide,719d1e9c-727d-40ab-8c3e-f4659451594a,en,whitehall,2020-09-30T23:00:00.000Z,2023-11-02T13:19:53.000Z,,,14,"Military equipment, logistics and technology,GOV.UK homepage,Defence and armed forces",Ministry of Defence,Ministry of Defence,2019 to 2022 Johnson Conservative government,,,
https://www.gov.uk/guidance/war-widower-pension-supplementary-allowances,War Widows or War Widowers Pension: Supplementary Allowances,detailed_guide,81720375-8317-44fb-9fce-8f60d218c4f9,en,whitehall,2020-02-19T16:00:00.000Z,2020-02-19T16:00:00.000Z,,,14,"GOV.UK homepage,Welfare,Child Benefit,Veterans and family support,Defence and armed forces",Ministry of Defence,"Ministry of Defence,Veterans UK",2019 to 2022 Johnson Conservative government,,,
https://www.gov.uk/guidance/war-pension-scheme-war-widows-or-war-widowers-pension,War Pension Scheme: War Widows or War Widowers Pension,detailed_guide,eb998bb2-bf44-41a5-928a-5b7252209d6d,en,whitehall,2020-03-06T00:00:00.000Z,2023-10-12T13:20:34.000Z,,,14,"GOV.UK homepage,Veterans and family support,Armed forces,Defence and armed forces",Ministry of Defence,"Ministry of Defence,Veterans UK",2019 to 2022 Johnson Conservative government,,,
https://www.gov.uk/guidance/getting-help-to-find-a-civilian-home-when-leaving-the-armed-forces,Getting help to find a civilian home when leaving the armed forces,detailed_guide,6975bc29-38c7-447d-844f-35c603942fe9,en,whitehall,2024-09-11T23:00:00.000Z,2025-12-17T11:35:27.000Z,,,14,"Veterans and family support,GOV.UK homepage,Defence and armed forces",Ministry of Defence,Ministry of Defence,2024 Starmer Labour government,,,
https://www.gov.uk/guidance/east-england-public-access-to-military-areas,East England - public access to military areas,detailed_guide,2e6069dd-5a75-4a02-9d48-ffbb9f0c3772,en,whitehall,2022-10-18T23:00:00.000Z,2025-01-23T15:48:54.000Z,,,14,"Public access,Ministry of Defence estate,GOV.UK homepage,Defence and armed forces",Ministry of Defence,Ministry of Defence,2022 Truss Conservative government,,,
https://www.gov.uk/guidance/getting-employment-support-when-leaving-the-armed-forces,Getting employment support when leaving the armed forces,detailed_guide,0c0991e3-b762-4998-9389-a019392b30d2,en,whitehall,2024-09-11T23:00:00.000Z,2024-10-02T15:57:50.000Z,,,13,"Veterans and family support,Defence and armed forces,GOV.UK homepage",Ministry of Defence,Ministry of Defence,2024 Starmer Labour government,,,
https://www.gov.uk/guidance/submarine-dismantling-project,Submarine Dismantling Project (SDP),detailed_guide,428e4b6b-83c8-4930-b5d2-9a7c95c53438,en,whitehall,2021-05-19T23:00:00.000Z,2024-08-23T09:19:02.000Z,,,13,"Military equipment, logistics and technology,Defence and armed forces,GOV.UK homepage",Ministry of Defence,"Ministry of Defence,Submarine Delivery Agency",2019 to 2022 Johnson Conservative government,,,
https://www.gov.uk/guidance/request-information-held-on-the-raf-casualty-files,Request information held on the RAF Casualty Files,detailed_guide,dd6f4420-5b28-40dd-b315-961764ee44ea,en,whitehall,2016-11-09T10:00:00.000Z,2023-04-03T10:13:22.000Z,,,13,"Defence and armed forces,GOV.UK homepage",Ministry of Defence,Ministry of Defence,2016 to 2019 May Conservative government,,,
https://www.gov.uk/guidance/war-pensioners-other-help-you-may-be-entitled-to,War Pensioners: Other help you may be entitled to,detailed_guide,847bf4bb-fb9d-422c-b881-ed8c5879de52,en,whitehall,2020-02-21T00:00:00.000Z,2024-06-21T13:09:53.000Z,,,13,"GOV.UK homepage,Veterans and family support,Armed forces,Defence and armed forces",Ministry of Defence,"Ministry of Defence,Veterans UK",2019 to 2022 Johnson Conservative government,,,
https://www.gov.uk/guidance/funeral-expenses-for-war-pensioners-and-veterans,Funeral expenses for War Pensioners and veterans,detailed_guide,356f630d-8946-44d0-a205-66afeadc0f9e,en,whitehall,2020-02-19T00:00:00.000Z,2023-05-17T15:13:17.000Z,,,13,"Veterans and family support,GOV.UK homepage,Defence and armed forces",Ministry of Defence,"Ministry of Defence,Veterans UK",2019 to 2022 Johnson Conservative government,,,
https://www.gov.uk/guidance/scotland-public-access-to-military-areas,Scotland - public access to military areas,detailed_guide,5f167d35-2ff9-44d0-bcfb-02ab88ce631a,en,whitehall,2022-10-18T23:00:00.000Z,2025-08-26T13:59:24.000Z,,,13,"Defence and armed forces,Ministry of Defence estate,Public access,GOV.UK homepage",Ministry of Defence,Ministry of Defence,2022 Truss Conservative government,,,
https://www.gov.uk/guidance/uk-space-command,UK Space Command,detailed_guide,f432bdaa-de79-4ec2-b9cd-0842e0827367,en,whitehall,2021-03-31T23:00:00.000Z,2025-03-04T10:16:23.000Z,,,13,"Military equipment, logistics and technology,Defence and armed forces,GOV.UK homepage",Ministry of Defence,Ministry of Defence,2019 to 2022 Johnson Conservative government,,,
https://www.gov.uk/guidance/how-to-check-an-hm-armed-forces-veteran-card,How to check an HM Armed Forces Veteran Card,detailed_guide,ab7b28e9-7322-477d-9772-085ce54dc83d,en,whitehall,2025-10-17T07:29:16.000Z,2025-10-17T07:29:16.000Z,,,13,"Veterans and family support,Defence and armed forces,GOV.UK homepage",Ministry of Defence,"Ministry of Defence,Office for Veterans' Affairs",2024 Starmer Labour government,,,
https://www.gov.uk/guidance/defence-wargaming-centre,Defence Wargaming Centre,detailed_guide,a274ebaa-19db-4c77-b559-3c98211cabd6,en,whitehall,2023-04-26T09:46:00.000Z,2023-04-26T09:46:00.000Z,,,13,"Business and industry,Science and innovation,Military equipment, logistics and technology,Military recruitment, training and operations,Defence and armed forces,GOV.UK homepage,Scientific research and development",Defence Science and Technology Laboratory,Defence Science and Technology Laboratory,2022 to 2024 Sunak Conservative government,,,
https://www.gov.uk/guidance/army-digitalisation-theia,Army Digitalisation: the THEIA programme,detailed_guide,a9056286-d1a1-4e9f-bae3-9453a05cf7f2,en,whitehall,2020-11-27T12:57:00.000Z,2021-07-09T15:38:23.000Z,,,13,"GOV.UK homepage,Defence and armed forces",Ministry of Defence,Ministry of Defence,2019 to 2022 Johnson Conservative government,,,
https://www.gov.uk/guidance/new-employment-model,New Employment Model,detailed_guide,5c8ebb07-7631-11e4-a3cb-005056011aef,en,whitehall,2012-12-12T19:50:00.000Z,2018-02-19T10:55:10.000Z,,,12,"Defence and armed forces,Military recruitment, training and operations,GOV.UK homepage",Ministry of Defence,Ministry of Defence,2010 to 2015 Conservative and Liberal Democrat coalition government,,,
https://www.gov.uk/guidance/ministry-of-defence-commercial,Ministry of Defence Commercial,detailed_guide,5c85a95e-7631-11e4-a3cb-005056011aef,en,whitehall,2012-12-12T19:53:00.000Z,2012-12-12T19:53:00.000Z,,,12,"Military recruitment, training and operations,Defence and armed forces,GOV.UK homepage",Ministry of Defence,Ministry of Defence,2010 to 2015 Conservative and Liberal Democrat coalition government,,,
https://www.gov.uk/guidance/request-home-guard-service-records,Request Home Guard service records,detailed_guide,0af978c8-372f-4419-9457-c0b49f24742b,en,whitehall,2016-11-09T00:00:00.000Z,2025-03-06T14:49:55.000Z,,,12,"GOV.UK homepage,Defence and armed forces",Ministry of Defence,Ministry of Defence,2016 to 2019 May Conservative government,,,
https://www.gov.uk/guidance/war-pension-scheme-treatment-allowance,War Pension Scheme: Treatment Allowance,detailed_guide,d839b7b6-ded2-4801-86e3-1beb4fd8d155,en,whitehall,2020-02-21T00:00:00.000Z,2025-07-01T13:25:04.000Z,,,12,"GOV.UK homepage,Veterans and family support,Defence and armed forces",Ministry of Defence,"Ministry of Defence,Veterans UK",2019 to 2022 Johnson Conservative government,,,
https://www.gov.uk/guidance/wales-public-access-to-military-areas,Wales - public access to military areas,detailed_guide,0363762f-6a50-4fdb-9019-ddb4dfe53e61,en,whitehall,2022-10-18T23:00:00.000Z,2025-01-23T15:50:09.000Z,,,12,"Public access,Defence and armed forces,GOV.UK homepage,Ministry of Defence estate",Ministry of Defence,Ministry of Defence,2022 Truss Conservative government,,,
https://www.gov.uk/guidance/military-drivers,Exemptions to driving rules for military drivers,detailed_guide,5e2f7018-7631-11e4-a3cb-005056011aef,en,whitehall,2013-06-05T10:10:00.000Z,2013-11-01T13:38:17.000Z,,,12,"Driving and road transport,Defence and armed forces,GOV.UK homepage,Transport,Military recruitment, training and operations,Road safety, driving rules and penalties",Driver and Vehicle Licensing Agency,Driver and Vehicle Licensing Agency,2010 to 2015 Conservative and Liberal Democrat coalition government,,,
https://www.gov.uk/guidance/support-for-neurodivergent-applicants,Support for neurodivergent applicants,detailed_guide,b9f91f34-8106-4da3-bd95-c846fe24fce5,en,whitehall,2026-01-29T12:00:44.000Z,2026-01-29T12:00:44.000Z,,,12,"Defence and armed forces,Military equipment, logistics and technology,GOV.UK homepage",UK Defence Innovation,UK Defence Innovation,2024 Starmer Labour government,,,
https://www.gov.uk/guidance/the-battle-back-programme,The Battle Back programme,detailed_guide,5c8f4c22-7631-11e4-a3cb-005056011aef,en,whitehall,2012-12-12T18:36:00.000Z,2012-12-12T18:36:00.000Z,,,12,"Defence and armed forces,GOV.UK homepage,Support services for military and defence personnel and their families",Ministry of Defence,Ministry of Defence,2010 to 2015 Conservative and Liberal Democrat coalition government,,,
https://www.gov.uk/guidance/export-of-nuclear-equipment-material-and-technology-trigger-list-requirements,Exporting items on the ‘Trigger List’,detailed_guide,5c718c25-7631-11e4-a3cb-005056011aef,en,whitehall,2012-08-13T23:00:00.000Z,2025-09-08T14:42:50.000Z,,,12,"Exporting,Defence and armed forces,Export controls and licensing,Trade and investment,Business and industry,GOV.UK homepage,Weapons proliferation",Export Control Joint Unit,"Export Control Joint Unit,Department for Energy Security and Net Zero",2010 to 2015 Conservative and Liberal Democrat coalition government,,,
https://www.gov.uk/guidance/tidal-prediction-service,ADMIRALTY Tidal Prediction Service,detailed_guide,5fe953ca-7631-11e4-a3cb-005056011aef,en,whitehall,2014-08-29T11:12:00.000Z,2014-08-29T11:12:00.000Z,,,12,"Hydrography,Defence and armed forces,Government,Environment,Climate change and energy,Government efficiency, transparency and accountability,Marine,GOV.UK homepage",UK Hydrographic Office,UK Hydrographic Office,2010 to 2015 Conservative and Liberal Democrat coalition government,,,
https://www.gov.uk/guidance/defence-and-security-accelerator-ethical-legal-and-regulatory-guidance,"UKDI: ethical, legal and regulatory guidance",detailed_guide,77684025-9e74-4b74-b5d4-3bb91069dc3c,en,whitehall,2018-08-20T23:00:00.000Z,2026-01-27T11:26:48.000Z,,,11,"Defence and armed forces,GOV.UK homepage,Military equipment, logistics and technology",UK Defence Innovation,"UK Defence Innovation,Defence and Security Accelerator",2016 to 2019 May Conservative government,,,
https://www.gov.uk/guidance/defence-equipment-support-des-graduate-schemes,Defence Equipment & Support (DE&S) graduate schemes,detailed_guide,53237417-6350-4bf2-b398-41a2c1b6129a,en,whitehall,2024-01-23T15:26:27.000Z,2024-01-23T15:26:27.000Z,,,11,"GOV.UK homepage,Work,Further and higher education, skills and vocational training,Apprenticeships, traineeships and internships,Careers guidance in further and higher education,Finding a job,Working, jobs and pensions,Education, training and skills,Government graduate schemes,Defence and armed forces,Military recruitment, training and operations,Further and higher education courses and qualifications",Defence Equipment and Support,Defence Equipment and Support,2022 to 2024 Sunak Conservative government,,,
https://www.gov.uk/guidance/defence-infrastructure-organisation-estate-and-sustainable-development,Defence Infrastructure Organisation estate and sustainable development,detailed_guide,5c85a9c7-7631-11e4-a3cb-005056011aef,en,whitehall,2012-12-12T00:00:00.000Z,2024-06-19T10:56:01.000Z,,,11,"GOV.UK homepage,Defence and armed forces,Ministry of Defence estate",Ministry of Defence,Ministry of Defence,2010 to 2015 Conservative and Liberal Democrat coalition government,,,
https://www.gov.uk/guidance/apply-for-the-armed-forces-bereavement-scholarship-scheme,Apply for the Armed Forces Bereavement Scholarship Scheme,detailed_guide,3b3edf02-b251-45d1-909d-3505d25e62ed,en,whitehall,2024-04-11T23:00:00.000Z,2025-10-03T10:41:50.000Z,,,11,"GOV.UK homepage,Support services for military and defence personnel and their families,Defence and armed forces,Veterans and family support,Pensions and compensation",Ministry of Defence,Ministry of Defence,2022 to 2024 Sunak Conservative government,,,
https://www.gov.uk/guidance/the-ministry-of-defence-test-and-evaluation-transformation-programme,Defence Test & Evaluation (T&E),detailed_guide,14589b0b-38cb-4c0b-8706-43310f15f5ee,en,whitehall,2024-01-31T00:00:00.000Z,2024-09-09T14:38:27.000Z,,,10,"Defence and armed forces,GOV.UK homepage",Ministry of Defence,Ministry of Defence,2022 to 2024 Sunak Conservative government,,,
https://www.gov.uk/guidance/crichel-down-rules-on-land-ownership,Crichel Down Rules on land ownership,detailed_guide,5c8f580c-7631-11e4-a3cb-005056011aef,en,whitehall,2012-12-12T18:53:00.000Z,2017-02-02T14:17:07.000Z,,,10,"Defence and armed forces,GOV.UK homepage,Ministry of Defence estate,Sale of land",Ministry of Defence,"Ministry of Defence,Defence Infrastructure Organisation",2010 to 2015 Conservative and Liberal Democrat coalition government,,,
https://www.gov.uk/guidance/subcontract-advertising,Supply chain opportunities,detailed_guide,80d4dad6-d925-4052-8cc5-dafd69943aae,en,whitehall,2020-12-30T13:03:00.000Z,2023-07-21T14:09:44.000Z,,,10,"Defence and armed forces,GOV.UK homepage,Business and industry",Ministry of Defence,Ministry of Defence,2019 to 2022 Johnson Conservative government,,,
https://www.gov.uk/guidance/veterans-industry-engagement-programme,Veterans Industry Engagement Programme,detailed_guide,2f071179-17ca-49df-939f-320a0f068763,en,whitehall,2025-11-25T16:19:46.000Z,2025-11-25T16:19:46.000Z,,,10,"GOV.UK homepage,Armed Forces Covenant,Employers' associations,Veterans and family support,Work,Defence and armed forces,Business and industry",Ministry of Defence,"Ministry of Defence,Office for Veterans' Affairs",2024 Starmer Labour government,,,
https://www.gov.uk/guidance/mod-ex-gratia-payments-in-lieu-of-maternity-allowance,MOD ex-gratia payments in lieu of Maternity Allowance,detailed_guide,6d34a599-3f05-4982-b290-2139c4db9138,en,whitehall,2025-01-28T10:34:31.000Z,2025-01-28T10:34:31.000Z,,,10,"GOV.UK homepage,Support services for military and defence personnel and their families,Defence and armed forces",Ministry of Defence,"Ministry of Defence,Department for Work and Pensions",2024 Starmer Labour government,,,
https://www.gov.uk/guidance/skynet-enduring-capability-skec-programme,SKYNET 6 Enduring Capability (SKEC) Programme,detailed_guide,c2668032-e419-49e6-b256-d4a2c91b1511,en,whitehall,2020-11-06T00:00:00.000Z,2024-06-04T14:16:52.000Z,,,10,"Defence and armed forces,GOV.UK homepage,Military equipment, logistics and technology",Ministry of Defence,Ministry of Defence,2019 to 2022 Johnson Conservative government,,,
https://www.gov.uk/guidance/ex-gratia-payment-scheme-afghan-relocation-and-resettlement-policy-scheme-data-incident-september-2021,Ex-gratia payment scheme: Afghan Relocation and Resettlement Policy scheme data incident September 2021,detailed_guide,c805c088-8934-4245-aa0b-b55cc75b5f7d,en,whitehall,2025-07-03T23:00:00.000Z,2026-01-08T11:46:13.000Z,,,10,"Defence and armed forces,GOV.UK homepage",Ministry of Defence,Ministry of Defence,2024 Starmer Labour government,,,
https://www.gov.uk/guidance/british-military-advisory-training-team-in-the-czech-republic,British Military Advisory and Training Team (Czech Republic),detailed_guide,5c84b165-7631-11e4-a3cb-005056011aef,en,whitehall,2012-12-12T00:00:00.000Z,2025-05-08T09:29:43.000Z,,,10,"Defence and armed forces,GOV.UK homepage,Military recruitment, training and operations",Ministry of Defence,Ministry of Defence,2010 to 2015 Conservative and Liberal Democrat coalition government,,,
https://www.gov.uk/guidance/aviation-archaeology,Aviation archaeology,detailed_guide,5e36b10b-7631-11e4-a3cb-005056011aef,en,whitehall,2013-06-25T23:00:00.000Z,2023-11-21T09:34:43.000Z,,,9,"Military crash sites,Local government,Defence and armed forces,Regional and local government,GOV.UK homepage,Ministry of Defence estate,Government",Ministry of Defence,Ministry of Defence,2010 to 2015 Conservative and Liberal Democrat coalition government,,,
https://www.gov.uk/guidance/west-england-public-access-to-military-areas,West England - public access to military areas,detailed_guide,2335573a-4421-403d-889b-5103b7d005c6,en,whitehall,2022-10-18T23:00:00.000Z,2025-01-23T15:49:14.000Z,,,9,"GOV.UK homepage,Defence and armed forces,Ministry of Defence estate,Public access",Ministry of Defence,Ministry of Defence,2022 Truss Conservative government,,,
https://www.gov.uk/guidance/the-reserve-forces-and-cadets-association-for-wales,Reserves Forces’ and Cadets’ Association for Wales,detailed_guide,a0ad1352-fc8c-4945-a2af-9169106665d5,en,whitehall,2021-03-02T00:00:00.000Z,2026-02-10T08:18:38.000Z,,,9,"GOV.UK homepage,Defence and armed forces,Armed forces",Reserve Forces' and Cadets' Associations (RFCA),Reserve Forces' and Cadets' Associations (RFCA),2019 to 2022 Johnson Conservative government,,,
https://www.gov.uk/appeal-call-up-reserve-forces,Appeal a call up to the reserve forces,guide,dcc94e4d-f7f1-4c8f-a1ed-692d91113a5e,en,publisher,2014-10-31T14:09:43.000Z,2025-01-17T17:03:21.793Z,,,9,"Armed forces,Work,Holidays, time off, sick leave, maternity and paternity leave,Crime, justice and law,Defence and armed forces,Working, jobs and pensions,GOV.UK homepage,Courts, sentencing and tribunals",Government Digital Service,HM Courts & Tribunals Service,,,,
https://www.gov.uk/guidance/advice-on-the-armed-forces-pay-network-compromise,Advice on the Armed Forces pay network compromise,detailed_guide,df72fb11-e57f-4991-9b3d-5cf13a79a15b,en,whitehall,2024-05-06T23:00:00.000Z,2025-08-19T15:12:44.000Z,,,9,"GOV.UK homepage,Defence and armed forces,Support services for military and defence personnel and their families,Veterans and family support,Armed forces",Ministry of Defence,Ministry of Defence,2022 to 2024 Sunak Conservative government,,,
https://www.gov.uk/guidance/uk-involvement-in-nato-science-and-technology-activities,UK involvement in NATO science and technology activities,detailed_guide,de2c5cb9-f7fb-4643-9f3e-8e377bb5cbe3,en,whitehall,2022-09-01T23:00:00.000Z,2025-07-23T12:44:35.000Z,,,9,"Science and innovation,GOV.UK homepage,Military equipment, logistics and technology,Scientific research and development,Business and industry,Defence and armed forces",Defence Science and Technology Laboratory,"Defence Science and Technology Laboratory,Ministry of Defence",2019 to 2022 Johnson Conservative government,,,
https://www.gov.uk/guidance/nato-diana-uk-accelerator-welcome-to-the-uk-accelerator,NATO DIANA UK accelerator: Welcome to the UK accelerator,detailed_guide,f7617b6e-8588-40a9-910e-520b96a7b6a9,en,whitehall,2024-08-06T23:00:00.000Z,2026-01-27T11:27:25.000Z,,,9,"Business and industry,Defence and armed forces,GOV.UK homepage",UK Defence Innovation,"UK Defence Innovation,Defence and Security Accelerator,Ministry of Defence",2024 Starmer Labour government,true,,
https://www.gov.uk/guidance/phd-research-funding-from-dstl,PhD research funding from Dstl,detailed_guide,5f8f0ee6-7631-11e4-a3cb-005056011aef,en,whitehall,2014-06-30T23:00:00.000Z,2022-12-21T10:42:26.000Z,,,9,"Government,National security,GOV.UK homepage,Business and industry,Defence and armed forces,Science and innovation,Military equipment, logistics and technology",Defence Science and Technology Laboratory,Defence Science and Technology Laboratory,2010 to 2015 Conservative and Liberal Democrat coalition government,,,
https://www.gov.uk/guidance/support-after-someone-may-have-died-by-suicide,Support after someone may have died by suicide,detailed_guide,256397d7-d50c-40ba-bc34-328c828d3738,en,whitehall,2021-05-21T11:07:24.000Z,2021-05-21T11:07:24.000Z,,,8,"GOV.UK homepage,Defence and armed forces,Veterans and family support,Support services for military and defence personnel and their families",Ministry of Defence,"Ministry of Defence,Veterans UK",2019 to 2022 Johnson Conservative government,,,
https://www.gov.uk/guidance/supplementary-wmd-end-use-controls,Supplementary Weapons of Mass Destruction End-Use controls,detailed_guide,5c71c8c1-7631-11e4-a3cb-005056011aef,en,whitehall,2012-08-02T23:00:00.000Z,2025-07-07T08:10:01.000Z,,,8,"Trade and investment,Export controls and licensing,Defence and armed forces,GOV.UK homepage,Business and industry,Exporting",Department for Business and Trade,"Department for Business and Trade,Export Control Joint Unit",2010 to 2015 Conservative and Liberal Democrat coalition government,,,
https://www.gov.uk/guidance/crown-immunity-of-controlled-military-and-dual-use-items,Crown exemption for controlled military list equipment and technology owned by the UK MOD,detailed_guide,5c717fa1-7631-11e4-a3cb-005056011aef,en,whitehall,2012-09-09T23:00:00.000Z,2023-03-21T10:01:11.000Z,,,8,"Defence and armed forces,Business and industry,GOV.UK homepage,Trade and investment,Military equipment, logistics and technology,Exporting,Export controls and licensing",Ministry of Defence,"Ministry of Defence,Department for Business and Trade,Export Control Joint Unit",2010 to 2015 Conservative and Liberal Democrat coalition government,,,
https://www.gov.uk/guidance/submit-a-report-to-athena,Submit a research report to MOD,detailed_guide,5f9d7ebb-7631-11e4-a3cb-005056011aef,en,whitehall,2014-06-30T23:00:00.000Z,2026-01-19T14:06:19.000Z,,,8,"Defence and armed forces,Military recruitment, training and operations,National security,GOV.UK homepage,Business and industry,Government,Science and innovation",Ministry of Defence,"Ministry of Defence,Defence Science and Technology Laboratory",2010 to 2015 Conservative and Liberal Democrat coalition government,,,
https://www.gov.uk/guidance/defence-supplier-capability-development-programme,Defence Supplier Capability Development Programme,detailed_guide,ff7191c7-8ab0-4b6b-989a-d3de2e68b604,en,whitehall,2024-09-23T10:29:50.000Z,2024-09-23T10:29:50.000Z,,,8,"Defence and armed forces,GOV.UK homepage,Business and industry",Ministry of Defence,Ministry of Defence,2024 Starmer Labour government,,,
https://www.gov.uk/guidance/sensing-defence-science-and-technology-capability,Sensing: defence science and technology capability,detailed_guide,086b6601-a159-4469-821f-e8a5897af4fb,en,whitehall,2022-03-31T10:26:00.000Z,2022-03-31T10:26:00.000Z,,,7,"Science and innovation,Military equipment, logistics and technology,Defence and armed forces,GOV.UK homepage,Scientific research and development,Business and industry",Defence Science and Technology Laboratory,Defence Science and Technology Laboratory,2019 to 2022 Johnson Conservative government,,,
https://www.gov.uk/guidance/the-civil-hydrography-programme,The Civil Hydrography Programme,detailed_guide,5fe92f2c-7631-11e4-a3cb-005056011aef,en,whitehall,2014-08-28T23:00:00.000Z,2026-02-04T11:12:07.000Z,,,7,"Hydrography,Defence and armed forces,GOV.UK homepage,Environment,Rural and countryside,Wildlife, animals, biodiversity and ecosystems,Marine",UK Hydrographic Office,UK Hydrographic Office,2010 to 2015 Conservative and Liberal Democrat coalition government,,,
https://www.gov.uk/guidance/six-new-protections-rights-and-safeguards-for-northern-ireland-veterans-legacy-announcement,"Six new protections, rights and safeguards for Northern Ireland veterans: legacy announcement",detailed_guide,24b4c2ea-e349-4ff4-a166-64ad45f0b7da,en,whitehall,2025-09-19T13:06:19.000Z,2025-09-19T13:06:19.000Z,,,7,"GOV.UK homepage,Defence and armed forces,Veterans and family support",Ministry of Defence,"Ministry of Defence,Office for Veterans' Affairs",2024 Starmer Labour government,,,
https://www.gov.uk/guidance/ministry-of-defence-byelaws,Ministry of Defence: byelaws review,detailed_guide,5c923b5e-7631-11e4-a3cb-005056011aef,en,whitehall,2012-12-12T16:37:00.000Z,2019-11-14T16:51:06.000Z,,,7,"Crime, justice and law,Byelaws,Ministry of Defence estate,Public access,Defence and armed forces,GOV.UK homepage",Ministry of Defence,Ministry of Defence,2010 to 2015 Conservative and Liberal Democrat coalition government,,,
https://www.gov.uk/guidance/uk-deterrence-and-assurance-academic-alliance,UK Deterrence and Assurance Academic Alliance (DAAA),detailed_guide,06079939-4403-45ae-a15a-0732d0c21eae,en,whitehall,2019-02-13T00:00:00.000Z,2024-11-04T12:21:05.000Z,,,7,"Business and industry,Defence and armed forces,UK nuclear deterrent,GOV.UK homepage,Military equipment, logistics and technology,Scientific research and development,Science and innovation",Defence Science and Technology Laboratory,Defence Science and Technology Laboratory,2016 to 2019 May Conservative government,,,
https://www.gov.uk/guidance/mod-local-authority-partnership-modlap,MOD Local Authority Partnership (MODLAP),detailed_guide,b5d4e960-1118-4adf-a145-944c494b3747,en,whitehall,2021-05-20T23:00:00.000Z,2025-03-19T15:46:32.000Z,,,6,"Education, training and skills,GOV.UK homepage,Defence and armed forces,Support services for military and defence personnel and their families,Education of disadvantaged children",Ministry of Defence,Ministry of Defence,2019 to 2022 Johnson Conservative government,,,
https://www.gov.uk/guidance/looking-after-our-armed-forces,Health and wellbeing services for armed forces personnel and their families,detailed_guide,5c923342-7631-11e4-a3cb-005056011aef,en,whitehall,2012-12-12T00:00:00.000Z,2025-03-24T13:50:53.000Z,,,6,"Defence and armed forces,Support services for military and defence personnel and their families,GOV.UK homepage",Ministry of Defence,Ministry of Defence,2010 to 2015 Conservative and Liberal Democrat coalition government,,,
https://www.gov.uk/guidance/weapons-defence-science-and-technology-capability,Weapons: defence science and technology capability,detailed_guide,e3691342-1fdb-478d-af18-49ecafc3c615,en,whitehall,2022-03-23T09:55:00.000Z,2022-03-23T09:55:00.000Z,,,6,"Defence and armed forces,Science and innovation,Scientific research and development,Military equipment, logistics and technology,Business and industry,GOV.UK homepage",Defence Science and Technology Laboratory,Defence Science and Technology Laboratory,2019 to 2022 Johnson Conservative government,,,
https://www.gov.uk/guidance/joint-information-activities-group,Joint Information Activities Group,detailed_guide,e4016e1c-9373-4bbc-9200-72bd8d464664,en,whitehall,2024-07-21T23:00:00.000Z,2024-07-21T23:00:00.000Z,,,6,"GOV.UK homepage,Defence and armed forces",Ministry of Defence,Ministry of Defence,2024 Starmer Labour government,,,
https://www.gov.uk/guidance/finding-a-care-home-or-managed-accommodation-as-a-veteran,Finding a care home or managed accommodation as a veteran,detailed_guide,b94335a8-7c9c-4339-b0cf-47bb6a4477f0,en,whitehall,2024-09-12T07:30:00.000Z,2024-09-12T07:30:00.000Z,,,6,"Veterans and family support,Defence and armed forces,GOV.UK homepage",Office for Veterans' Affairs,"Office for Veterans' Affairs,Ministry of Defence",2024 Starmer Labour government,,,
https://www.gov.uk/guidance/information-for-defence-personnel-about-usa-tax-regulations,Information for defence personnel about USA tax regulations,detailed_guide,67b7ecd9-6927-4483-a1f2-b0b1bf036bb2,en,whitehall,2025-01-08T00:00:00.000Z,2025-01-08T00:00:00.000Z,,,6,"Defence and armed forces,GOV.UK homepage",Ministry of Defence,Ministry of Defence,2024 Starmer Labour government,,,
https://www.gov.uk/guidance/covid-support-force-the-mods-contribution-to-the-coronavirus-response,COVID Support Force: the MOD’s contribution to the coronavirus response,detailed_guide,f749ff9e-14f1-4bc0-847c-2b33c790d90e,en,whitehall,2020-03-23T17:17:00.000Z,2020-06-12T15:07:00.000Z,,,6,"Health and social care,COVID-19,GOV.UK homepage,Defence and armed forces",Ministry of Defence,Ministry of Defence,2019 to 2022 Johnson Conservative government,,,
https://www.gov.uk/guidance/think-before-you-share,Think before you share online,detailed_guide,5eb54473-7631-11e4-a3cb-005056011aef,en,whitehall,2013-10-21T07:00:00.000Z,2013-10-21T07:00:00.000Z,,,,"GOV.UK homepage,Support services for military and defence personnel and their families,Defence and armed forces",Ministry of Defence,Ministry of Defence,2010 to 2015 Conservative and Liberal Democrat coalition government,,,
https://www.gov.uk/guidance/review-of-closed-material-procedure-in-the-justice-and-security-act-2013,Review of closed material procedure in the Justice and Security Act 2013,detailed_guide,5c87fd00-aa3a-43ae-812b-c42c35b8fee8,en,whitehall,2021-02-25T13:10:00.000Z,2022-12-01T10:03:13.000Z,,,,"Defence and armed forces,Crime, justice and law,GOV.UK homepage,Government,National security,Counter-terrorism",Ministry of Justice,Ministry of Justice,2019 to 2022 Johnson Conservative government,,,
https://www.gov.uk/guidance/i-am-serving-personnel-i-am-seeking-or-due-to-leave,I am serving personnel: I am seeking or due to leave,detailed_guide,77b99524-0d07-4480-95a1-a24be0113dcb,en,whitehall,2023-07-04T10:25:14.000Z,2023-07-04T10:25:14.000Z,,,,"GOV.UK homepage,Veterans and family support,Defence and armed forces",Office for Veterans' Affairs,Office for Veterans' Affairs,2022 to 2024 Sunak Conservative government,,,
https://www.gov.uk/guidance/defence-reform-bill,Defence Reform Bill,detailed_guide,5e37f75f-7631-11e4-a3cb-005056011aef,en,whitehall,2013-07-04T09:15:00.000Z,2013-07-04T09:15:00.000Z,,,,"Military recruitment, training and operations,GOV.UK homepage,Defence and armed forces",Ministry of Defence,Ministry of Defence,2010 to 2015 Conservative and Liberal Democrat coalition government,,,
https://www.gov.uk/guidance/space-programme,Space: defence science and technology capability,detailed_guide,7681cda7-5fcb-406b-ad11-2433801cc55a,en,whitehall,2018-01-05T00:00:00.000Z,2025-05-21T16:02:18.000Z,,,,"Defence and armed forces,GOV.UK homepage,Military equipment, logistics and technology,Space,Scientific research and development,Science and innovation,Business and industry",Defence Science and Technology Laboratory,Defence Science and Technology Laboratory,2016 to 2019 May Conservative government,,,
https://www.gov.uk/guidance/mod-diversity-networks,MOD Diversity Networks,detailed_guide,8968d076-dd8d-41a8-9cb5-2c56e7c925ba,en,whitehall,2021-05-11T23:00:00.000Z,2023-12-08T10:41:04.000Z,,,,"Defence and armed forces,GOV.UK homepage",Ministry of Defence,Ministry of Defence,2019 to 2022 Johnson Conservative government,,,
https://www.gov.uk/guidance/war-pension-scheme-part-time-treatment-allowance,War Pension Scheme: Part Time Treatment Allowance,detailed_guide,75126d00-e43c-4d0c-bd59-66b2eb691a9c,en,whitehall,2020-02-21T10:00:00.000Z,2020-09-01T10:07:32.000Z,,,,"Defence and armed forces,Veterans and family support,GOV.UK homepage",Ministry of Defence,"Ministry of Defence,Veterans UK",2019 to 2022 Johnson Conservative government,,,
https://www.gov.uk/financial-assistance-mobilised-service/after-you-send-your-appeal,Appeal a decision against financial assistance for a reservist: After you send your appeal,guide,ffd43c4a-cfee-43d8-9716-30a81ad146da,en,publisher,2014-10-31T14:08:31.000Z,2025-01-17T16:55:59.440Z,,,,"GOV.UK homepage,Support services for military and defence personnel and their families,Defence and armed forces,Armed forces",Government Digital Service,HM Courts & Tribunals Service,,,,
https://www.gov.uk/guidance/the-2021-integrated-review-nuclear-frequently-asked-questions,The 2021 Integrated Review: nuclear frequently asked questions,detailed_guide,41f7e4f2-556b-4de7-a704-cd98ea8a2002,en,whitehall,2021-04-27T15:47:36.000Z,2021-04-27T15:47:36.000Z,,,,"Defence and armed forces,GOV.UK homepage",Ministry of Defence,"Ministry of Defence,Defence Nuclear Organisation",2019 to 2022 Johnson Conservative government,,,
https://www.gov.uk/guidance/air-strikes-against-houthi-military-targets-in-yemen,Air strikes against Houthi military targets in Yemen,detailed_guide,2c1c0148-9b0e-4014-ab78-0b6615b00f38,en,whitehall,2024-01-23T00:00:00.000Z,2024-06-05T10:05:18.000Z,,,,"Defence and armed forces,GOV.UK homepage",Ministry of Defence,Ministry of Defence,2022 to 2024 Sunak Conservative government,,,
https://www.gov.uk/guidance/a-home-in-civilian-society-a-guide-for-the-armed-forces-community,A home in civilian society - a guide for the armed forces community,detailed_guide,d5898ea4-8b80-4aaf-a615-d1e4e3a4aad0,en,whitehall,2023-07-04T10:24:00.000Z,2023-08-18T08:52:34.000Z,,,,"Defence and armed forces,Veterans and family support,GOV.UK homepage",Office for Veterans' Affairs,Office for Veterans' Affairs,2022 to 2024 Sunak Conservative government,,,
https://www.gov.uk/guidance/operational-legacy-investigations-and-inquests-help-for-veterans--2,Operational legacy investigations and inquests: help for veterans,detailed_guide,edf00c6d-b6af-462c-a9b2-f16fb6178909,en,whitehall,2021-03-19T00:00:00.000Z,2024-10-08T10:53:50.000Z,,,,"Support services for military and defence personnel and their families,GOV.UK homepage,Veterans and family support,Defence and armed forces",Ministry of Defence,"Ministry of Defence,Veterans UK",2019 to 2022 Johnson Conservative government,,,
https://www.gov.uk/guidance/operating-vessel-based-armouries,Operating vessel-based armouries,detailed_guide,b2a09bdc-081f-4285-b75d-a8d12b48840b,en,whitehall,2022-07-24T23:00:00.000Z,2024-07-18T12:58:37.000Z,,,,"Business and industry,Maritime security,Transport,Maritime and shipping,Exporting,Export controls and licensing,Piracy off the coast of Somalia,Defence and armed forces,Trade and investment,International,Foreign affairs,Military equipment, logistics and technology,GOV.UK homepage",Export Control Joint Unit,"Export Control Joint Unit,Department for International Trade,Department for Business and Trade",2019 to 2022 Johnson Conservative government,,,
https://www.gov.uk/guidance/updating-or-surrendering-a-maritime-anti-piracy-licence,Updating or surrendering a maritime anti-piracy licence,detailed_guide,e3b28682-e616-4681-918a-77653b08f2e2,en,whitehall,2022-07-25T14:30:00.000Z,2022-07-25T14:30:00.000Z,,,,"Business and industry,Military equipment, logistics and technology,Piracy off the coast of Somalia,Defence and armed forces,Maritime security,International,GOV.UK homepage,Trade and investment,Exporting,Foreign affairs,Transport,Maritime and shipping,Export controls and licensing",Export Control Joint Unit,"Export Control Joint Unit,Department for International Trade,Department for Business and Trade",2019 to 2022 Johnson Conservative government,,,
https://www.gov.uk/guidance/the-reserve-forces-cadets-association-for-yorkshire-and-the-humber,Yorkshire and The Humber Reserves Forces' and Cadets' Association,detailed_guide,cc86faf2-0d81-4b91-866b-3dd2660aa755,en,whitehall,2020-09-27T23:00:00.000Z,2021-02-09T16:41:37.000Z,,,,"GOV.UK homepage,Defence and armed forces",Reserve Forces' and Cadets' Associations (RFCA),Reserve Forces' and Cadets' Associations (RFCA),2019 to 2022 Johnson Conservative government,,,
https://www.gov.uk/guidance/the-reserves-forces-and-cadets-association-for-wessex,Wessex Reserves Forces' and Cadets' Association,detailed_guide,81869366-950d-44e2-8a46-8181dc206edb,en,whitehall,2021-03-08T00:00:00.000Z,2022-07-20T10:28:31.000Z,,,,"GOV.UK homepage,Defence and armed forces,Armed forces support for activities in the UK",Reserve Forces' and Cadets' Associations (RFCA),Reserve Forces' and Cadets' Associations (RFCA),2019 to 2022 Johnson Conservative government,,,
https://www.gov.uk/guidance/the-reserves-forces-and-cadets-association-for-greater-london,Greater London Reserves Forces' and Cadets' Association,detailed_guide,6f0c72c9-ca4f-4eab-a80b-70f89b68c061,en,whitehall,2021-03-08T00:00:00.000Z,2021-03-08T00:00:00.000Z,,,,"GOV.UK homepage,Defence and armed forces,Armed forces support for activities in the UK",Reserve Forces' and Cadets' Associations (RFCA),Reserve Forces' and Cadets' Associations (RFCA),2019 to 2022 Johnson Conservative government,,,
https://www.gov.uk/guidance/skynet-integrated-enterprise-solution-skies-programme,SKYNET Integrated Enterprise Solution (SKIES) project,detailed_guide,137fb8c0-c249-453e-8845-7b53c1a095b3,en,whitehall,2023-01-25T00:00:00.000Z,2025-12-03T11:38:31.000Z,,,,"Defence and armed forces,GOV.UK homepage",Ministry of Defence,Ministry of Defence,2022 to 2024 Sunak Conservative government,,,
https://www.gov.uk/guidance/use-of-stop-and-search-by-the-civil-nuclear-constabulary,Use of stop and search by the Civil Nuclear Constabulary,detailed_guide,8ac5386e-27b4-40d2-9d6c-d346929d74c7,en,whitehall,2017-05-19T13:10:00.000Z,2017-05-19T13:10:00.000Z,,,,"Defence and armed forces,Crime, justice and law,Statutory rights,Government,GOV.UK homepage,Emergency preparation, response and recovery",Civil Nuclear Constabulary,"Civil Nuclear Constabulary,Civil Nuclear Police Authority",2016 to 2019 May Conservative government,,,
https://www.gov.uk/guidance/integrated-review-of-security-defence-development-and-foreign-policy-2021-nuclear-deterrent,"Integrated Review of Security, Defence, Development and Foreign Policy 2021: nuclear deterrent",detailed_guide,bdc1b0b8-c81e-4df7-ab6b-0edfe905898c,en,whitehall,2021-03-17T16:18:00.000Z,2023-03-16T10:06:13.000Z,,,,"GOV.UK homepage,UK nuclear deterrent,Defence and armed forces,Armed forces and Ministry of Defence reform",Defence Nuclear Organisation,"Defence Nuclear Organisation,Ministry of Defence",2019 to 2022 Johnson Conservative government,,,
https://www.gov.uk/guidance/dcyp-covid-19,DCYP COVID-19,detailed_guide,394832f3-4670-4cb2-abba-095483e7ab52,en,whitehall,2020-03-26T15:47:00.000Z,2021-08-16T08:00:06.000Z,,,,"COVID-19,Education, training and skills,Support services for military and defence personnel and their families,Education, universities and childcare during COVID-19,Defence and armed forces,Health and social care,GOV.UK homepage",Ministry of Defence,Ministry of Defence,2019 to 2022 Johnson Conservative government,,,
https://www.gov.uk/guidance/nato-summit-wales-2014-all-about-wales,NATO Summit Wales 2014: All about Wales,detailed_guide,5f65c576-7631-11e4-a3cb-005056011aef,en,whitehall,2014-06-20T15:46:00.000Z,2020-09-07T10:52:09.000Z,,,,"Wales,Government,National security,Economic growth in Wales,GOV.UK homepage,Defence and armed forces,Regional and local government,International defence commitments",Welsh Government,Welsh Government,2010 to 2015 Conservative and Liberal Democrat coalition government,,,
https://www.gov.uk/guidance/the-reserve-forces-and-cadets-association-for-the-north-west-of-england-and-the-isle-of-man,North West of England and the Isle of Man Reserves Forces’ and Cadets’ Association,detailed_guide,39f67516-4dbb-4bd9-80da-92c14f27c388,en,whitehall,2021-03-08T00:00:00.000Z,2022-03-21T12:19:25.000Z,,,,"Armed forces,GOV.UK homepage,Defence and armed forces",Reserve Forces' and Cadets' Associations (RFCA),Reserve Forces' and Cadets' Associations (RFCA),2019 to 2022 Johnson Conservative government,,,
https://www.gov.uk/guidance/british-forces-overseas-falkland-islands-and-ascension-island,British forces overseas: Falkland Islands and Ascension Island,detailed_guide,5c97693e-7631-11e4-a3cb-005056011aef,en,whitehall,2012-12-12T19:30:00.000Z,2014-10-13T12:22:12.000Z,,,,"Support services for military and defence personnel and their families,Military recruitment, training and operations,GOV.UK homepage,Defence and armed forces",Ministry of Defence,"Ministry of Defence,Joint Forces Command",2010 to 2015 Conservative and Liberal Democrat coalition government,,,
https://www.gov.uk/guidance/help-for-veterans-diagnosed-with-diffuse-mesothelioma,Help for veterans diagnosed with diffuse mesothelioma,detailed_guide,428de349-540d-48e7-a55d-18e303753059,en,whitehall,2020-02-18T16:03:00.000Z,2020-02-18T16:03:00.000Z,,,,"GOV.UK homepage,Defence and armed forces,Veterans and family support",Ministry of Defence,"Ministry of Defence,Veterans UK",2019 to 2022 Johnson Conservative government,,,
https://www.gov.uk/guidance/porton-down-volunteers-requesting-information,Porton Down volunteers: requesting information,detailed_guide,5f67414e-7631-11e4-a3cb-005056011aef,en,whitehall,2014-07-01T16:27:00.000Z,2014-07-01T16:27:00.000Z,,,,"GOV.UK homepage,Government efficiency, transparency and accountability,Defence and armed forces,Veterans and family support,Government",Defence Science and Technology Laboratory,"Defence Science and Technology Laboratory,Ministry of Defence",2010 to 2015 Conservative and Liberal Democrat coalition government,,,
https://www.gov.uk/guidance/defence-stem-engagement,Defence STEM engagement,detailed_guide,85d25f3c-b03f-4e2a-8baa-a28dd87c372d,en,whitehall,2016-12-06T00:00:00.000Z,2025-07-25T10:57:08.000Z,,,,"Military recruitment, training and operations,Defence and armed forces,GOV.UK homepage",Ministry of Defence,Ministry of Defence,2016 to 2019 May Conservative government,,,
https://www.gov.uk/guidance/nuclear-emergency-planning-and-atmospheric-testing-programme,Nuclear: emergency planning and atmospheric testing programme,detailed_guide,5c85b230-7631-11e4-a3cb-005056011aef,en,whitehall,2012-12-12T20:30:00.000Z,2013-02-19T14:09:57.000Z,,,,"Military recruitment, training and operations,GOV.UK homepage,Defence and armed forces",Ministry of Defence,Ministry of Defence,2010 to 2015 Conservative and Liberal Democrat coalition government,,,
https://www.gov.uk/guidance/british-forces-overseas-posting-unficyp-nicosia-cyprus,"British forces overseas posting: UNFICYP (Nicosia), Cyprus",detailed_guide,5c84d178-7631-11e4-a3cb-005056011aef,en,whitehall,2012-12-12T17:46:00.000Z,2013-05-21T13:55:59.000Z,,,,"GOV.UK homepage,Support services for military and defence personnel and their families,Defence and armed forces",Ministry of Defence,Ministry of Defence,2010 to 2015 Conservative and Liberal Democrat coalition government,,,
https://www.gov.uk/guidance/towns-and-cities-invited-to-bid-to-host-armed-forces-day-national-event-in-2026,Towns and cities invited to bid to host Armed Forces Day national event in 2026,detailed_guide,aebe53a5-3491-4695-baf0-82bd0abc26e2,en,whitehall,2025-07-03T23:00:00.000Z,2025-07-03T23:00:00.000Z,,,,"GOV.UK homepage,Defence and armed forces",Ministry of Defence,Ministry of Defence,2024 Starmer Labour government,,,
https://www.gov.uk/guidance/career-opportunities-in-the-ministry-of-defence-commercial-capability,Career opportunities in the Ministry of Defence – Commercial Capability,detailed_guide,9a70133d-6a8d-4f97-908c-78cca1b8f944,en,whitehall,2022-09-01T09:33:00.000Z,2023-06-15T08:43:24.000Z,,,,"GOV.UK homepage,Defence and armed forces",Ministry of Defence,Ministry of Defence,2019 to 2022 Johnson Conservative government,,,
https://www.gov.uk/support-military-bereaved-children/what-youll-get,Scholarships for children whose parent died in service: What you'll get ,guide,c26f41e3-7a48-4589-a6b3-d384040e7adb,en,publisher,2014-11-25T16:19:44.000Z,2015-09-24T10:14:44.000Z,,,,"Defence and armed forces,Funding and finance for students,Education, training and skills,Armed forces,Student grants, bursaries and scholarships,GOV.UK homepage",Government Digital Service,Ministry of Defence,,,,
https://www.gov.uk/guidance/lowlands-reserve-forces-and-cadets-association-rfca,Lowlands Reserves Forces' and Cadets' Association,detailed_guide,bc26f3a8-5a6c-41d6-b50a-3c56f721b94d,en,whitehall,2021-02-26T00:00:00.000Z,2021-05-20T09:17:17.000Z,,,,"Armed forces support for activities in the UK,GOV.UK homepage,Defence and armed forces,Armed forces",Reserve Forces' and Cadets' Associations (RFCA),Reserve Forces' and Cadets' Associations (RFCA),2019 to 2022 Johnson Conservative government,,,
https://www.gov.uk/guidance/dstl-supplier-day-2015-sessions,Dstl Supplier Day 2015 – Sessions,detailed_guide,bf441def-3abd-49f3-a788-9dbd7b562e98,en,whitehall,2015-06-11T11:08:00.000Z,2015-06-12T11:59:29.000Z,,,,"Defence and armed forces,Science and innovation,National security,Business and industry,Government,GOV.UK homepage",Defence Science and Technology Laboratory,Defence Science and Technology Laboratory,2015 to 2016 Cameron Conservative government,,,
https://www.gov.uk/guidance/i-need-to-submit-a-report-and-want-to-check-if-it-will-be-compliant,I need to submit a report and want to check if it will be compliant ,detailed_guide,c9b51508-9a59-466c-b65f-f891f175e1e9,en,whitehall,2024-07-24T23:00:00.000Z,2024-07-24T23:00:00.000Z,,,,"Corporate information,GOV.UK homepage,Defence and armed forces",Single Source Regulations Office,Single Source Regulations Office,2024 Starmer Labour government,,,
https://www.gov.uk/guidance/review-into-the-uks-defence-and-security-industrial-strategy,Review into the UK’s defence and security industrial strategy,detailed_guide,29fbee6b-acaa-49a2-af2b-aa0bf2ef7dfb,en,whitehall,2020-03-13T12:49:00.000Z,2020-03-13T12:49:00.000Z,,,,"Defence and armed forces,GOV.UK homepage",Ministry of Defence,Ministry of Defence,2019 to 2022 Johnson Conservative government,,,
https://www.gov.uk/guidance/war-pension-scheme-clothing-allowance,War Pension Scheme: Clothing Allowance,detailed_guide,45660812-69a9-4fa6-9c09-fa2997448036,en,whitehall,2020-02-21T00:00:00.000Z,2020-02-21T00:00:00.000Z,,,,"GOV.UK homepage,Pensions and compensation,Carers and disability benefits,Welfare,Defence and armed forces,Support services for military and defence personnel and their families,Armed forces,Benefits entitlement",Ministry of Defence,"Ministry of Defence,Veterans UK",2019 to 2022 Johnson Conservative government,,,
https://www.gov.uk/guidance/british-offset-office,British Offset Office,detailed_guide,fa1de595-fa07-4241-bb40-8fc0e2b35d05,en,whitehall,2019-08-22T15:36:21.000Z,2019-08-22T15:36:21.000Z,,,,"GOV.UK homepage,Defence and armed forces",Ministry of Defence,Ministry of Defence,2019 to 2022 Johnson Conservative government,,,
https://www.gov.uk/guidance/the-reserves-forces-and-cadets-association-in-the-west-midlands,West Midlands Reserves Forces' and Cadets' Association,detailed_guide,4c6dce67-6575-4f5b-a063-d8bca076b88e,en,whitehall,2021-03-08T00:00:00.000Z,2021-03-08T00:00:00.000Z,,,,"Defence and armed forces,Armed forces support for activities in the UK,GOV.UK homepage",Reserve Forces' and Cadets' Associations (RFCA),Reserve Forces' and Cadets' Associations (RFCA),2019 to 2022 Johnson Conservative government,,,
https://www.gov.uk/guidance/nuclear-deterrence-fund,Nuclear Deterrence Fund,detailed_guide,ab52ffe5-25d6-4cd3-aee3-d22a98c44182,en,whitehall,2025-09-04T09:55:34.000Z,2025-09-04T09:55:34.000Z,,,,"GOV.UK homepage,Defence and armed forces",Ministry of Defence,Ministry of Defence,2024 Starmer Labour government,,,
https://www.gov.uk/guidance/cyber-specialist-operations-command-at-dsei-2025,Cyber & Specialist Operations Command at DSEI 2025,detailed_guide,1ad84a7b-cf99-412f-af34-aaf25019674a,en,whitehall,2025-09-04T23:00:00.000Z,2025-09-04T23:00:00.000Z,,,,"GOV.UK homepage,Defence and armed forces,Military equipment, logistics and technology",Cyber & Specialist Operations Command,Cyber & Specialist Operations Command,2024 Starmer Labour government,,,
https://www.gov.uk/guidance/uk-maritime-limits-and-law-of-the-sea,"UK, UK Overseas Territories and UK Crown Dependencies Maritime Limits and Law of the Sea",detailed_guide,5fe96663-7631-11e4-a3cb-005056011aef,en,whitehall,2014-08-29T11:13:00.000Z,2019-07-10T08:06:17.000Z,,,,"Food and farming,Wildlife, animals, biodiversity and ecosystems,Marine,Environment,Defence and armed forces,GOV.UK homepage,Hydrography",UK Hydrographic Office,UK Hydrographic Office,2010 to 2015 Conservative and Liberal Democrat coalition government,,,
https://www.gov.uk/guidance/supplier-cyber-protection-service,Supplier Cyber Protection Service,detailed_guide,e89f412b-6fe5-4392-93a8-dd8d73760984,en,whitehall,2017-10-02T10:44:00.000Z,2021-07-29T15:19:20.000Z,,,,"GOV.UK homepage,Defence and armed forces,Government,National security,Cyber security",Ministry of Defence,Ministry of Defence,2016 to 2019 May Conservative government,,,
https://www.gov.uk/guidance/apply-for-residential-and-nursing-care-at-ilford-park-polish-home,Apply for residential and nursing care at Ilford Park Polish Home,detailed_guide,7ef8d7c1-2849-4537-8d09-c8eb64b76293,en,whitehall,2011-03-03T00:00:00.000Z,2022-06-23T14:52:38.000Z,,,,"Defence and armed forces,Veterans and family support,GOV.UK homepage",Ministry of Defence,"Ministry of Defence,Veterans UK",2010 to 2015 Conservative and Liberal Democrat coalition government,,,
https://www.gov.uk/guidance/mod-decisions-on-alleged-human-rights-breaches-during-operation-telic,MOD decisions on alleged human rights breaches during Operation Telic,detailed_guide,824668b3-7b00-4ef4-b66c-c4563ed13ac7,en,whitehall,2017-07-31T14:09:00.000Z,2019-06-18T15:00:42.000Z,,,,"Defence and armed forces,GOV.UK homepage",Ministry of Defence,Ministry of Defence,2016 to 2019 May Conservative government,,,
https://www.gov.uk/guidance/getting-help-if-youre-caring-for-a-veteran,Getting help if you're caring for a veteran,detailed_guide,bd2bbac0-207b-4892-8701-12d487ad0b2e,en,whitehall,2024-09-12T07:30:06.000Z,2024-09-12T07:30:06.000Z,,,,"GOV.UK homepage,Defence and armed forces,Veterans and family support",Office for Veterans' Affairs,"Office for Veterans' Affairs,Ministry of Defence",2024 Starmer Labour government,,,
https://www.gov.uk/guidance/robotics-and-autonomous-systems-defence-science-and-technology-capability,Robotics and autonomous systems: defence science and technology capability,detailed_guide,b671e1ce-28cc-490b-83aa-41d365264ba8,en,whitehall,2021-12-17T00:00:00.000Z,2022-06-01T08:30:31.000Z,,,,"Scientific research and development,GOV.UK homepage,Military equipment, logistics and technology,Counter-terrorism,Business and industry,Defence and armed forces,Science and innovation,Crime, justice and law",Defence Science and Technology Laboratory,Defence Science and Technology Laboratory,2019 to 2022 Johnson Conservative government,,,
https://www.gov.uk/guidance/defcars-user-guidance-for-defence-contractors-version-1-published-on-15-march-2017,Previous DefCARS user guidance for defence contractors,detailed_guide,d10097f8-446d-49df-a9a3-c266008f457a,en,whitehall,2017-03-15T00:00:00.000Z,2024-10-10T15:57:25.000Z,,,,"Business and industry,Defence and armed forces,GOV.UK homepage",Single Source Regulations Office,Single Source Regulations Office,2016 to 2019 May Conservative government,,,
https://www.gov.uk/guidance/welfare-support-for-service-and-veterans-during-spli-enquiries,Welfare support for service and veteran's during SPLI enquiries,detailed_guide,d2714a33-71cf-42de-aff5-21db96f56c9a,en,whitehall,2017-08-07T23:00:00.000Z,2017-08-07T23:00:00.000Z,,,,"GOV.UK homepage,Defence and armed forces",Ministry of Defence,Ministry of Defence,2016 to 2019 May Conservative government,,,
https://www.gov.uk/guidance/getting-help-with-criminal-justice-issues-as-a-veteran,Getting help with criminal justice issues as a veteran,detailed_guide,d9ff0541-2cfc-49f1-bf0b-a051688b82c0,en,whitehall,2024-09-11T23:00:00.000Z,2024-10-07T08:07:48.000Z,,,,"Veterans and family support,GOV.UK homepage,Defence and armed forces",Office for Veterans' Affairs,"Office for Veterans' Affairs,Ministry of Defence",2024 Starmer Labour government,,,
https://www.gov.uk/guidance/advice-for-veterans-on-the-armed-forces-pay-network-compromise,Advice for veterans on the Armed Forces pay network compromise,detailed_guide,35119dcf-19c1-42ed-a281-ae2c762c0254,en,whitehall,2024-05-09T23:00:00.000Z,2024-05-09T23:00:00.000Z,,,,"Veterans and family support,GOV.UK homepage,Defence and armed forces",Ministry of Defence,Ministry of Defence,2022 to 2024 Sunak Conservative government,,,
https://www.gov.uk/guidance/nato-summit-wales-2014-operational-information-for-media,NATO Summit Wales 2014: operational information for media,detailed_guide,5f6425b1-7631-11e4-a3cb-005056011aef,en,whitehall,2014-08-28T23:00:00.000Z,2014-09-01T16:59:56.000Z,,,,"GOV.UK homepage,International defence commitments,National security,Government,Defence and armed forces","Prime Minister's Office, 10 Downing Street","Prime Minister's Office, 10 Downing Street,Foreign & Commonwealth Office,Ministry of Defence",2010 to 2015 Conservative and Liberal Democrat coalition government,,,
https://www.gov.uk/guidance/request-information-on-potentially-hazardous-exposure-during-mod-employment,Request information on potentially hazardous exposure during MOD employment,detailed_guide,894bbca0-0ff9-4fd6-8e47-4cc8ee5bc5e1,en,whitehall,2016-11-09T10:00:00.000Z,2018-05-30T10:20:34.000Z,,,,"Military recruitment, training and operations,Defence and armed forces,GOV.UK homepage,Support services for military and defence personnel and their families",Ministry of Defence,Ministry of Defence,2016 to 2019 May Conservative government,,,
https://www.gov.uk/guidance/the-reserves-forces-and-cadets-association-in-the-east-midlands,East Midlands Reserves Forces' and Cadets' Association,detailed_guide,513b33e3-34a4-4be3-9f14-d8e17e5135b3,en,whitehall,2021-03-08T00:00:00.000Z,2021-10-07T10:37:03.000Z,,,,"GOV.UK homepage,Defence and armed forces,Armed forces support for activities in the UK",Reserve Forces' and Cadets' Associations (RFCA),Reserve Forces' and Cadets' Associations (RFCA),2019 to 2022 Johnson Conservative government,,,
https://www.gov.uk/guidance/the-defence-inquests-unit,The Defence Inquests Unit,detailed_guide,eddc1f00-87ef-48fd-b530-2143a52b3ad6,en,whitehall,2022-04-01T15:34:22.000Z,2022-04-01T15:34:22.000Z,,,,"Defence and armed forces,GOV.UK homepage",Ministry of Defence,Ministry of Defence,2019 to 2022 Johnson Conservative government,,,
https://www.gov.uk/guidance/thanckes-fuel-jetty-project,Thanckes tank farm project,detailed_guide,5852ab02-ed77-4868-8625-badee571d0d9,en,whitehall,2018-09-13T23:00:00.000Z,2025-11-10T17:33:12.000Z,,,,"Energy infrastructure,Oil, gas and coal,Defence and armed forces,GOV.UK homepage,Environment",The Oil and Pipelines Agency,"The Oil and Pipelines Agency,Ministry of Defence",2016 to 2019 May Conservative government,,,
https://www.gov.uk/guidance/exporting-in-support-of-uk-government-defence-contracts,Export licensing in support of UK government defence contracts,detailed_guide,5c718d11-7631-11e4-a3cb-005056011aef,en,whitehall,2012-09-11T09:45:00.000Z,2012-12-06T02:36:35.000Z,,,,"Export controls and licensing,Business and industry,GOV.UK homepage,Exporting,Trade and investment,Military equipment, logistics and technology,Defence and armed forces",Export Control Joint Unit,"Export Control Joint Unit,Ministry of Defence,Department for International Trade,Department for Business and Trade",2010 to 2015 Conservative and Liberal Democrat coalition government,,,
https://www.gov.uk/guidance/widening-accommodation-entitlement,Widening accommodation entitlement,detailed_guide,9d7bd852-fc2f-4ff1-a9b8-cde235a08c21,en,whitehall,2023-09-18T23:00:00.000Z,2023-11-10T10:47:52.000Z,,,,"Defence and armed forces,GOV.UK homepage,Support services for military and defence personnel and their families,Housing and accommodation",Ministry of Defence,Ministry of Defence,2022 to 2024 Sunak Conservative government,,,
https://www.gov.uk/guidance/the-reserves-forces-and-cadets-association-in-northern-ireland,Northern Ireland Reserves Forces' and Cadets' Association,detailed_guide,682d17cf-0fd3-4cc7-ac45-fc5fec1c84e1,en,whitehall,2021-03-08T00:00:00.000Z,2021-03-08T00:00:00.000Z,,,,"Armed forces support for activities in the UK,GOV.UK homepage,Defence and armed forces",Reserve Forces' and Cadets' Associations (RFCA),Reserve Forces' and Cadets' Associations (RFCA),2019 to 2022 Johnson Conservative government,,,
