url,title,documentType,contentId,locale,publishing_app,first_published_at,public_updated_at,withdrawn_at,withdrawn_explanation,page_views,taxons,primary_organisation,all_organisations,government,is_political,people,occurrences
https://www.gov.uk/student-finance-register-login,Student finance login,transaction,e57daef4-5eb5-431c-b0ad-14119ab0355f,en,publisher,2012-01-31T15:23:49.000Z,2017-11-13T15:22:22.472Z,,,227147,"GOV.UK homepage,Funding and finance for students,Student loans,Student grants, bursaries and scholarships,Education, training and skills",Government Digital Service,Student Loans Company,,,,
https://www.gov.uk/apply-apprenticeship,Find an apprenticeship,answer,45ad868a-2e79-4029-991b-c29559d7eb29,en,publisher,2011-09-09T15:17:04.000Z,2014-12-09T10:00:07.000Z,,,107589,"Finding a job,Becoming an apprentice,Working, jobs and pensions,Education, training and skills,GOV.UK homepage,Further and higher education, skills and vocational training,Work,Apprenticeships, traineeships and internships",Government Digital Service,Department for Education,,,,
https://www.gov.uk/repaying-your-student-loan/what-you-pay,Repaying your student loan: How much you repay,guide,973b9e46-7c43-42b7-8398-99596ac39d01,en,publisher,2014-12-17T12:01:09.000Z,2024-10-18T12:50:42.896Z,,,17596,"Income Tax,Personal tax,Self Assessment,Money,Education, training and skills,Funding and finance for students,Student jobs and loans,GOV.UK homepage,Student loans",Government Digital Service,"HM Revenue & Customs,Student Loans Company",,,,
https://www.gov.uk/student-finance,Student finance for undergraduates,guide,d38bafd3-2c46-4be2-b50b-50c2ba7d30ed,en,publisher,2012-10-16T16:47:30.000Z,2025-01-02T10:40:28.656Z,,,14353,"Student loans,Student grants, bursaries and scholarships,GOV.UK homepage,Funding and finance for students,Education, training and skills",Government Digital Service,Student Loans Company,,,,
https://www.gov.uk/contact-student-finance-england,Contact Student Finance England,simple_smart_answer,d490be5f-1998-4f20-ab52-d3dd5db7fa71,en,publisher,2012-02-01T11:01:58.000Z,2024-11-29T21:00:03.715Z,,,11890,"Student grants, bursaries and scholarships,Education, training and skills,Student loans,GOV.UK homepage,Funding and finance for students",Government Digital Service,Student Loans Company,,,,
https://www.gov.uk/sign-in-apprenticeship-service-account,Sign in to your apprenticeship service account,transaction,61ad70a2-3210-4dbc-a103-4332b0e7b733,en,publisher,2016-08-02T14:48:42.074Z,2024-11-07T16:04:39.123Z,,,9142,"GOV.UK homepage,Working, jobs and pensions,Work,Further and higher education, skills and vocational training,Education, training and skills",Government Digital Service,Department for Education,,,,
https://www.gov.uk/what-different-qualification-levels-mean/list-of-qualification-levels,"What qualification levels mean: England, Wales and Northern Ireland",guide,48c0c30d-5f04-4095-8804-d1ee8989761d,en,publisher,2012-10-14T13:28:18.000Z,2024-11-12T16:32:18.769Z,,,8694,"Education, training and skills,School curriculum,Further and higher education, skills and vocational training,Further and higher education courses and qualifications,Apprenticeships, traineeships and internships,Key stage 5 (AS and A Levels),GOV.UK homepage,Secondary curriculum, key stage 3 and key stage 4 (GCSEs)",Government Digital Service,Ofqual,,,,
https://www.gov.uk/school-performance-tables,Compare the performance of schools and colleges in England,transaction,03f86c99-88e5-4823-a38e-9f23343dd7be,en,publisher,2013-04-23T10:31:34.000Z,2014-12-03T12:24:20.000Z,,,5938,"Inspection and performance of schools,School performance tables and Ofsted reports,Sending a child to school,Education, training and skills,GOV.UK homepage,Inspections and performance of education providers,Starting and attending school",Government Digital Service,Department for Education,,,,
https://www.gov.uk/guidance/understanding-ofsted-report-cards-and-grades,Understanding Ofsted report cards and grades,detailed_guide,b46f787d-13fd-4b30-8f05-117f48fee03e,en,whitehall,2025-12-01T00:00:00.000Z,2026-02-05T10:02:01.000Z,,,4621,"Inspections and performance of education providers,Education, training and skills,GOV.UK homepage",Ofsted,Ofsted,2024 Starmer Labour government,,,
https://www.gov.uk/apply-online-for-student-finance,Apply online for student finance,transaction,83155b50-418e-437c-9389-cf0e1302900f,en,publisher,2013-02-04T08:40:45.000Z,2025-02-10T10:00:00.881Z,,,4365,"GOV.UK homepage,Student grants, bursaries and scholarships,Education, training and skills,Funding and finance for students,Student loans",Government Digital Service,Student Loans Company,,,,
https://www.gov.uk/guidance/getting-your-first-student-finance-payment,Getting your first student finance payment,detailed_guide,b2827ec0-b286-4af0-896b-674073ecda0a,en,whitehall,2021-08-22T23:00:00.000Z,2023-11-10T09:19:00.000Z,,,4353,"Funding and finance for students,Education, training and skills,Student loans,GOV.UK homepage",Student Loans Company,Student Loans Company,2019 to 2022 Johnson Conservative government,,,
https://www.gov.uk/disabled-students-allowance-dsa,"Help if you're a student with a learning difficulty, health problem or disability",guide,99ac3c7d-7e51-430c-bffb-c6e310be1659,en,publisher,2012-01-11T16:43:00.000Z,2024-11-13T12:18:31.200Z,,,4291,"Disabled people,Funding for special educational needs and disability (SEND),Welfare,Disability equipment and transport,GOV.UK homepage,Funding and finance for students,Carers and disability benefits,Student grants, bursaries and scholarships,Health and social care,Education, training and skills,Special educational needs and disability (SEND) and high needs",Government Digital Service,Student Loans Company,,,,
https://www.gov.uk/become-apprentice,Become an apprentice,guide,b95f3e83-a8d1-40fa-843c-cb712861707d,en,publisher,2012-09-26T10:34:47.000Z,2024-10-14T07:34:22.086Z,,,4265,"Work,Apprenticeships, traineeships and internships,Further and higher education, skills and vocational training,Becoming an apprentice,Finding a job,Education, training and skills,Working, jobs and pensions,GOV.UK homepage",Government Digital Service,Department for Education,,,,
https://www.gov.uk/guidance/free-courses-for-jobs,Free courses for jobs,detailed_guide,a24feac1-61e1-47c6-b218-5c3b120956bf,en,whitehall,2021-03-31T23:00:00.000Z,2025-07-29T12:24:35.000Z,,,3768,"Adult learning,GOV.UK homepage,Further and higher education, skills and vocational training,Education, training and skills",Department for Education,Department for Education,2019 to 2022 Johnson Conservative government,,,
https://www.gov.uk/apply-for-student-finance,Student finance: how to apply,guide,06017464-d3e2-4a4c-8bef-250eff0de7e4,en,publisher,2013-02-04T08:41:11.000Z,2024-10-14T09:35:32.513Z,,,3198,"Funding and finance for students,Student grants, bursaries and scholarships,Education, training and skills,Student loans,GOV.UK homepage",Government Digital Service,Student Loans Company,,,,
https://www.gov.uk/guidance/how-to-access-your-personal-learning-record,Access your personal learning record,detailed_guide,3b888aa9-1a1c-409b-84a6-9859a0d21956,en,whitehall,2018-05-16T23:00:00.000Z,2025-08-21T13:23:44.000Z,,,2972,"Learning Records Service (LRS),Further and higher education, skills and vocational training,Education, training and skills,GOV.UK homepage",Department for Education,Department for Education,2016 to 2019 May Conservative government,,,
https://www.gov.uk/replacement-exam-certificate,Get a replacement exam certificate,guide,7a4bc8d3-c563-466b-b07b-bedd58650e40,en,publisher,2013-04-23T10:40:55.000Z,2014-11-21T15:22:27.000Z,,,2740,"Starting and attending school,GOV.UK homepage,Dealing with problems at school,School curriculum,Exam regulation and administration,Education, training and skills",Government Digital Service,Department for Education,,,,
https://www.gov.uk/guidance/check-a-teachers-record,Check a teacher’s record,detailed_guide,90f13a2d-920d-44f2-8ca5-e87ea7da49c8,en,whitehall,2024-06-25T23:00:00.000Z,2025-04-23T13:21:58.000Z,,,2647,"Teaching and leadership,Recruiting, inducting and managing teachers,Education, training and skills,GOV.UK homepage",Department for Education,Department for Education,2022 to 2024 Sunak Conservative government,,,
https://www.gov.uk/advanced-learner-loan,Advanced Learner Loan,guide,23eee5eb-7e24-4a7f-bf92-112f8c8132bc,en,publisher,2016-05-16T08:00:07.135Z,2024-10-14T09:36:04.636Z,,,2639,"Funding and finance for students,Further and higher education, skills and vocational training,GOV.UK homepage,Further education funding,Education, training and skills,Student loans",Government Digital Service,Student Loans Company,,,,
https://www.gov.uk/guidance/universal-credit-and-students,Universal Credit and students,detailed_guide,5e89c7c5-a915-481c-9fa6-91711f552bd6,en,whitehall,2018-05-20T23:00:00.000Z,2025-10-22T10:44:01.000Z,,,2578,"Universal Credit,Student grants, bursaries and scholarships,Education, training and skills,Further education funding,Further and higher education, skills and vocational training,Welfare,Student loans,Funding and finance for students,GOV.UK homepage",Department for Work and Pensions,Department for Work and Pensions,2016 to 2019 May Conservative government,,,
https://www.gov.uk/masters-loan,Master's Loan,guide,62f5f8d8-fce7-4e8b-bee2-2207cdfe1fd9,en,publisher,2018-02-05T10:43:41.542Z,2024-10-14T09:36:26.456Z,,,2553,"GOV.UK homepage,Education, training and skills,Funding and finance for students",Government Digital Service,Student Loans Company,,,,
https://www.gov.uk/children-with-special-educational-needs/extra-SEN-help,Children with special educational needs and disabilities (SEND): Extra help,guide,0f7f3eb4-d35c-4cf1-a0aa-48ae98c0a16d,en,publisher,2012-01-26T16:19:30.000Z,2014-11-25T17:30:34.000Z,,,2139,"Support for special educational needs and disability (SEND) ,Support for children with special educational needs and disabilities (SEND),Education, training and skills,Parenting, childcare and children's services ,Special educational needs and disability (SEND) and high needs,Children's health and welfare,GOV.UK homepage",Government Digital Service,Department for Education,,,,
https://www.gov.uk/schools-admissions/school-starting-age,School admissions: School starting age,guide,8a4b4de0-0df3-43a9-8273-cd642582e8e7,en,publisher,2011-12-21T17:53:58.000Z,2025-01-08T15:38:56.260Z,,,2088,"GOV.UK homepage,Education, training and skills,Starting and attending school,Sending a child to school",Government Digital Service,Department for Education,,,,
https://www.gov.uk/know-when-you-can-leave-school,School leaving age,answer,0fa88f0f-2bff-4b6d-8b7b-f0b9411ce62f,en,publisher,2011-11-01T15:15:27.000Z,2015-10-07T11:03:48.000Z,,,2034,"GOV.UK homepage,Education, training and skills,School attendance and absence,Pupil wellbeing, behaviour and attendance",Government Digital Service,Department for Education,,,,
https://www.gov.uk/funding-for-postgraduate-study,Funding for postgraduate study,answer,bcd1365f-8496-40f5-b9cf-06f2493e48c4,en,publisher,2012-03-20T17:10:40.000Z,2016-01-25T15:18:16.000Z,,,2023,"Student loans,Student grants, bursaries and scholarships,Funding and finance for students,GOV.UK homepage,Education, training and skills",Government Digital Service,"Department for Education,Student Loans Company",,,,
https://www.gov.uk/find-a-regulated-qualification,Find a regulated qualification,transaction,a2dde07e-6552-43d3-8c17-22602c38a398,en,publisher,2014-11-25T12:12:33.000Z,2014-11-27T11:38:28.000Z,,,1933,"Key stage 3 and 4 exam marking, qualifications and results,Secondary curriculum, key stage 3 and key stage 4 (GCSEs),Further and higher education, skills and vocational training,Key stage 5 (AS and A Levels),Further and higher education courses and qualifications,Key stage 5 exam marking, qualifications and results,School curriculum,Education, training and skills,GOV.UK homepage",Government Digital Service,Ofqual,,,,
https://www.gov.uk/school-attendance-absence/legal-action-to-enforce-school-attendance,School attendance and absence: Legal action to enforce school attendance,guide,592dff1f-1d10-44d2-ab4e-22d4d508e237,en,publisher,2011-12-12T21:57:43.000Z,2015-12-11T17:04:47.000Z,,,1823,"Education, training and skills,Sending a child to school,Pupil wellbeing, behaviour and attendance,School attendance and absence,GOV.UK homepage,Starting and attending school",Government Digital Service,Department for Education,,,,
https://www.gov.uk/home-education,Educating your child at home,answer,c3c860fc-a271-4114-b512-1c48c0f82564,en,publisher,2011-12-15T10:26:06.000Z,2015-12-02T08:28:54.000Z,,,1726,"Starting and attending school,Home schooling,Education, training and skills,GOV.UK homepage",Government Digital Service,Department for Education,,,,
https://www.gov.uk/guidance/apprenticeship-funding-rules,Apprenticeship funding rules,detailed_guide,136ea885-ca21-4940-a22d-4d7c56aabd74,en,whitehall,2019-03-15T00:00:00.000Z,2025-05-15T15:00:06.000Z,,,1667,"Further and higher education, skills and vocational training,Apprenticeships funding,Education, training and skills,GOV.UK homepage,Hiring and training an apprentice,Apprenticeships, traineeships and internships,Further education funding",Department for Education,Department for Education,2016 to 2019 May Conservative government,,,
https://www.gov.uk/find-ofsted-inspection-report,Find an Ofsted inspection report,transaction,a02fa764-c088-4e3c-958b-1627782e0610,en,publisher,2014-11-19T11:51:22.000Z,2014-12-17T10:35:47.000Z,,,1472,"Inspection and performance of schools,School performance tables and Ofsted reports,Childcare and early years,Parenting, childcare and children's services ,Having a child, parenting and adoption,Education, training and skills,Starting and attending school,GOV.UK homepage,Performance data and Ofsted reports of further education providers,Life circumstances,Inspections and performance of education providers,Inspection and performance of further education providers,Finding childcare",Government Digital Service,Ofsted,,,,
https://www.gov.uk/support-child-or-partners-student-finance-application,Support your child or partner's student finance application,guide,5e9d40b6-1ed5-4f49-8648-ff75569d8d0d,en,publisher,2017-08-11T12:35:01.000Z,2024-10-10T13:37:29.296Z,,,1447,"GOV.UK homepage,Student loans,Student grants, bursaries and scholarships,Funding and finance for students,Education, training and skills",Government Digital Service,Student Loans Company,,,,
https://www.gov.uk/guidance/targeted-retention-incentive-payments-for-fe-teachers,Targeted retention incentive payments for FE teachers,detailed_guide,3bf7160c-9687-4c2a-b3e9-b647ff31cb07,en,whitehall,2024-09-03T23:00:00.000Z,2025-09-25T09:00:01.000Z,,,1400,"Further and higher education, skills and vocational training,GOV.UK homepage,Education, training and skills",Department for Education,Department for Education,2024 Starmer Labour government,,,
https://www.gov.uk/guidance/access-your-teaching-qualifications,Access your teaching qualifications,detailed_guide,44ed0633-2cd0-4935-9ea7-1b2dc66c78f2,en,whitehall,2023-12-14T00:00:00.000Z,2025-08-22T15:57:55.000Z,,,1351,"Qualified Teacher Status (QTS),GOV.UK homepage,Teacher records,Teacher training and professional development,Teaching and leadership,Education, training and skills",Department for Education,Department for Education,2022 to 2024 Sunak Conservative government,,,
https://www.gov.uk/student-finance-forms,Student finance forms,simple_smart_answer,37e27ec1-ef3e-4b3c-a2f6-14dc42c4c162,en,publisher,2017-11-20T15:54:37.829Z,2025-02-12T13:10:03.083Z,,,1321,"Funding and finance for students,Education, training and skills,GOV.UK homepage",Government Digital Service,Student Loans Company,,,,
https://www.gov.uk/national-curriculum,The national curriculum,guide,be9f6021-f60a-47d2-a184-d1c31bc6eba0,en,publisher,2011-12-21T16:55:16.000Z,2025-02-03T11:55:55.030Z,,,1315,"Starting and attending school,School curriculum,Education, training and skills,GOV.UK homepage",Government Digital Service,Department for Education,,,,
https://www.gov.uk/guidance/teacher-misconduct-attend-a-professional-conduct-panel-hearing-or-meeting,Teacher misconduct: attend a professional conduct panel hearing or meeting,detailed_guide,fda9c50f-94de-49b6-bc08-e91846ee456d,en,whitehall,2020-10-08T23:00:00.000Z,2026-02-17T16:00:58.000Z,,,1299,"Teaching and leadership,Teaching standards, misconduct and practice,GOV.UK homepage,Education, training and skills",Teaching Regulation Agency,Teaching Regulation Agency,2019 to 2022 Johnson Conservative government,,,
https://www.gov.uk/guidance/targeted-retention-incentive-payments-for-school-teachers,Targeted retention incentive payments for school teachers,detailed_guide,74ef992d-858c-4cd2-b397-be744da288a3,en,whitehall,2024-09-03T23:00:00.000Z,2025-09-25T09:00:01.000Z,,,1298,"Recruiting, inducting and managing teachers,GOV.UK homepage,Teaching and leadership,Education, training and skills",Department for Education,Department for Education,2024 Starmer Labour government,,,
https://www.gov.uk/extra-money-university-college-study,Extra money from your university or college to study ,answer,eff0d788-3b5e-4090-8b56-aaa0a4bf3f25,en,publisher,2012-01-26T12:28:44.000Z,2023-12-19T16:20:45.694Z,,,1261,"Student grants, bursaries and scholarships,Education, training and skills,Funding and finance for students,GOV.UK homepage",Government Digital Service,Student Loans Company,,,,
https://www.gov.uk/guidance/how-interest-is-calculated-plan-2,How interest is calculated - Plan 2,detailed_guide,5121b796-f374-4b10-a02e-79ece876a0f3,en,whitehall,2019-05-14T23:00:00.000Z,2024-09-16T13:52:34.000Z,,,1204,"GOV.UK homepage,Funding and finance for students,Student loans,Education, training and skills",Student Loans Company,Student Loans Company,2016 to 2019 May Conservative government,,,
https://www.gov.uk/childcare-grant,Childcare Grant,guide,871c1c02-7117-43b6-bec7-60ac68156d4d,en,publisher,2012-01-19T11:15:26.000Z,2024-11-08T12:57:30.202Z,,,1127,"Help and support if you have children,Financial help for students who are parents or carers,Financial help if you have children,Education, training and skills,GOV.UK homepage,Having a child, parenting and adoption,Life circumstances,Financial support for childcare,Parenting, childcare and children's services ,Welfare,Benefits for families,Funding and finance for students,Marriage, civil partnership and divorce,Financial help if you're a student with children",Government Digital Service,Student Loans Company,,,,
https://www.gov.uk/guidance/sfe-current-application-timescales,Student Finance England (SFE): Current application timescales,detailed_guide,93e12172-f465-44ab-b791-db04274763e5,en,whitehall,2023-09-26T23:00:00.000Z,2026-01-19T14:38:45.000Z,,,1123,"Education, training and skills,Student loans,GOV.UK homepage,Funding and finance for students",Student Loans Company,Student Loans Company,2022 to 2024 Sunak Conservative government,,,
https://www.gov.uk/complain-about-school,Complain about a school,guide,bb2a44bf-d1fb-4a5e-97e0-483cabd622fc,en,publisher,2012-01-20T16:28:47.000Z,2014-12-03T11:02:29.000Z,,,1076,"GOV.UK homepage,Running and managing a school,Education, training and skills,Parenting, childcare and children's services ,Starting and attending school,Dealing with problems at school,School complaints and whistleblowing,Childcare and early years",Government Digital Service,"Department for Education,Ofsted",,,,
https://www.gov.uk/grant-bursary-adult-learners,Grants and bursaries for adult learners,answer,db354716-89ef-4fde-a572-5dfc6e59c854,en,publisher,2011-12-20T08:59:12.000Z,2016-11-25T12:03:46.318Z,,,1075,"GOV.UK homepage,Funding and finance for students,Student grants, bursaries and scholarships,Education, training and skills",Government Digital Service,"Department for Business and Trade,Department for Education,Department for Business, Energy & Industrial Strategy",,,,
https://www.gov.uk/employing-an-apprentice/get-funding,Employing an apprentice: Get funding for apprenticeship training,guide,5ec471d2-87ce-4ed9-ade0-72731caac915,en,publisher,2014-11-04T14:35:46.000Z,2024-10-14T07:00:04.118Z,,,1063,"Hiring and training an apprentice,Apprenticeships, traineeships and internships,Further and higher education, skills and vocational training,Work,Recruiting and hiring,Education, training and skills,Running a business,Business and industry,Employing people,Working, jobs and pensions,GOV.UK homepage",Government Digital Service,"Department for Education,Skills Funding Agency",,,,
https://www.gov.uk/guidance/pay-apprenticeship-levy,Pay Apprenticeship Levy,detailed_guide,24d736cd-b807-4314-86cd-a0a3ebd6f374,en,whitehall,2016-12-12T00:00:00.000Z,2025-04-05T23:15:16.000Z,,,1017,"Dealing with HMRC,Apprenticeships, traineeships and internships,Paying HMRC,Business tax,Education, training and skills,GOV.UK homepage,Further and higher education, skills and vocational training,PAYE,Money",HM Revenue & Customs,HM Revenue & Customs,2016 to 2019 May Conservative government,,,
https://www.gov.uk/guidance/school-inspection-data-summary-report-idsr-guide,School inspection data summary report (IDSR) guide,detailed_guide,c70543e9-9501-4799-baa4-cd408d11ace2,en,whitehall,2019-10-07T23:00:00.000Z,2026-02-13T10:23:46.000Z,,,1005,"Inspections and performance of education providers,GOV.UK homepage,Education, training and skills,Inspection and performance of schools",Ofsted,Ofsted,2019 to 2022 Johnson Conservative government,,,
https://www.gov.uk/1619-bursary-fund,16 to 19 Bursary Fund,guide,f4b96a38-5247-4afd-b554-8a258a0e8c93,en,publisher,2011-11-11T12:15:29.000Z,2015-04-29T13:46:24.000Z,,,944,"Funding and finance for students,Education, training and skills,Student grants, bursaries and scholarships,GOV.UK homepage",Government Digital Service,"Department for Education,Education and Skills Funding Agency",,,,
https://www.gov.uk/guidance/primary-assessments-future-dates,Primary assessments: future dates,detailed_guide,5dc241d3-75b8-444d-8d77-282cb96c5399,en,whitehall,2021-01-18T00:00:00.000Z,2025-10-13T08:30:08.000Z,,,828,"Primary curriculum, key stage 1,Tests and assessments (key stage 1),Tests and assessments (key stage 2),Primary curriculum, key stage 2,School curriculum,Education, training and skills,GOV.UK homepage",Standards and Testing Agency,"Standards and Testing Agency,Department for Education",2019 to 2022 Johnson Conservative government,,,
https://www.gov.uk/check-university-award-degree,Check if your university or college can award a degree,guide,51b865dd-31f9-4085-ad19-60f416c0bd13,en,publisher,2012-09-12T14:52:20.000Z,2025-02-03T11:07:29.206Z,,,813,"Further and higher education, skills and vocational training,Education, training and skills,Further and higher education courses and qualifications,GOV.UK homepage",Government Digital Service,Office for Students,,,,
https://www.gov.uk/appeal-ehc-plan-decision,"Appeal an education, health and care (EHC) plan decision",guide,964fe8ec-d50e-4cf7-b6cf-e2f28264222f,en,publisher,2016-08-18T15:40:29.900Z,2018-01-03T09:20:52.398Z,,,798,"Carers and disability benefits,Education, training and skills,Benefits entitlement,GOV.UK homepage,Special educational needs and disability (SEND) and high needs,Welfare",Government Digital Service,HM Courts & Tribunals Service,,,,
https://www.gov.uk/guidance/turing-scheme-apply-for-funding-for-international-placements,Turing Scheme: apply for funding for international placements,detailed_guide,e017ce15-4ed3-4838-b613-f4c8f5f1ee30,en,whitehall,2024-01-04T00:00:00.000Z,2026-02-09T12:21:04.000Z,,,778,"Further and higher education, skills and vocational training,Education, training and skills,School and academy funding,Further education funding,GOV.UK homepage",Department for Education,Department for Education,2022 to 2024 Sunak Conservative government,,,
https://www.gov.uk/teacher-training-funding,Teacher training funding,answer,708334c4-2855-4d45-b311-72a26b03529a,en,publisher,2012-01-24T15:46:38.000Z,2016-08-05T16:07:06.491Z,,,758,"Student loans,Education, training and skills,GOV.UK homepage,Student grants, bursaries and scholarships,Teacher training and professional development,Funding and finance for students,Teaching and leadership",Government Digital Service,"Department for Education,Student Loans Company",,,,
https://www.gov.uk/guidance/teacher-reference-number-trn,Teacher reference number (TRN),detailed_guide,07b3d610-6d36-47d3-8302-8149d8cb06e0,en,whitehall,2020-12-21T00:00:00.000Z,2025-06-18T09:36:09.000Z,,,755,"Teacher records,GOV.UK homepage,Teaching and leadership,Education, training and skills",Department for Education,Department for Education,2019 to 2022 Johnson Conservative government,,,
https://www.gov.uk/doctoral-loan,Doctoral Loan,guide,f3a99fb7-b647-4fda-a500-34fa5951d59d,en,publisher,2018-02-05T10:44:04.489Z,2024-10-14T09:36:48.296Z,,,753,"GOV.UK homepage,Education, training and skills,Funding and finance for students",Government Digital Service,Student Loans Company,,,,
https://www.gov.uk/parents-learning-allowance,Parents' Learning Allowance,guide,f17a4a04-fea2-4e6b-8f87-84f0560c9cba,en,publisher,2012-01-25T15:21:03.000Z,2025-02-03T10:15:37.625Z,,,712,"Benefits for families,Education, training and skills,Financial help if you have children,Financial help if you're a student with children,Life circumstances,Financial help for students who are parents or carers,Welfare,Funding and finance for students,GOV.UK homepage,Parenting, childcare and children's services ,Having a child, parenting and adoption",Government Digital Service,Student Loans Company,,,,
https://www.gov.uk/guidance/key-stage-2-tests-guide-to-registering-pupils-for-the-tests,Key stage 2: registering pupils for the tests,detailed_guide,999d9c49-f4f0-4743-8b2c-295b349dfd86,en,whitehall,2015-02-18T00:00:00.000Z,2026-01-12T09:30:01.000Z,,,692,"Primary curriculum, key stage 2,School curriculum,Tests and assessments (key stage 2),GOV.UK homepage,Education, training and skills",Standards and Testing Agency,Standards and Testing Agency,2010 to 2015 Conservative and Liberal Democrat coalition government,,,
https://www.gov.uk/guidance/check-the-childrens-barred-list,Check the children's barred list,detailed_guide,389566cc-fd87-4b5e-b179-e05109e0b09f,en,whitehall,2024-06-25T23:00:00.000Z,2025-01-21T09:11:37.000Z,,,653,"GOV.UK homepage,Teaching and leadership,Recruiting, inducting and managing teachers,Education, training and skills",Department for Education,Department for Education,2022 to 2024 Sunak Conservative government,,,
https://www.gov.uk/school-behaviour-exclusions/exclusions,Behaviour in schools: sanctions and exclusions: Exclusions,guide,286f533b-60fe-4275-b008-b19d8ea218f2,en,publisher,2011-12-21T18:14:00.000Z,2015-05-26T14:48:40.000Z,,,624,"Pupil wellbeing, behaviour and attendance,Dealing with problems at school,School behaviour and exclusions,Education, training and skills,Starting and attending school,GOV.UK homepage",Government Digital Service,Department for Education,,,,
https://www.gov.uk/guidance/understanding-student-living-costs,Understanding student living costs,detailed_guide,342fbb21-9401-45b7-9185-3b203c420629,en,whitehall,2022-01-18T00:00:00.000Z,2026-01-20T10:57:46.000Z,,,601,"Student loans,Education, training and skills,GOV.UK homepage,Funding and finance for students",Student Loans Company,Student Loans Company,2019 to 2022 Johnson Conservative government,,,
https://www.gov.uk/education-maintenance-allowance-ema,Education Maintenance Allowance (EMA),answer,8ff35813-edb9-4727-b669-661956ce3d52,en,publisher,2011-07-28T13:51:29.000Z,2016-05-23T12:49:44.324Z,,,597,"Funding and finance for students,Student grants, bursaries and scholarships,Education, training and skills,GOV.UK homepage",Government Digital Service,Department for Education,,,,
https://www.gov.uk/early-years-foundation-stage,Early years foundation stage,answer,c9de05a3-93a6-4ada-a762-ae3f14ecfb80,en,publisher,2012-11-09T09:59:06.000Z,2015-05-11T09:31:21.000Z,,,593,"Early years curriculum (0 to 5),Parenting, childcare and children's services ,Providing childcare,GOV.UK homepage,Childcare and early years,Life circumstances,Education, training and skills,School curriculum,Early years curriculum,Having a child, parenting and adoption",Government Digital Service,Department for Education,,,,
https://www.gov.uk/improve-english-maths-it-skills,"Improve your English, maths and IT skills",answer,7c7a3aed-554f-49c0-b707-ac702b0f9b63,en,publisher,2012-01-18T13:50:49.000Z,2015-11-24T14:36:59.000Z,,,577,"Further and higher education, skills and vocational training,Education, training and skills,GOV.UK homepage,Further and higher education courses and qualifications,Adult learning",Government Digital Service,"Department for Business and Trade,Department for Education,Department for Business, Energy & Industrial Strategy",,,,
https://www.gov.uk/types-of-school,Types of school,guide,4c029b5a-7c1c-4e6b-a893-d056be112756,en,publisher,2011-12-21T10:56:19.000Z,2016-01-05T17:24:38.000Z,,,564,"GOV.UK homepage,Starting and attending school,Sending a child to school,Education, training and skills",Government Digital Service,Department for Education,,,,
https://www.gov.uk/guidance/key-stage-2-tests-how-to-become-a-marker,Key stage 2 tests: how to become a marker,detailed_guide,5f1c715a-7631-11e4-a3cb-005056011aef,en,whitehall,2014-04-02T23:00:00.000Z,2026-01-29T15:18:30.000Z,,,559,"Tests and assessments (key stage 2),Primary curriculum, key stage 2,School curriculum,GOV.UK homepage,Education, training and skills",Standards and Testing Agency,Standards and Testing Agency,2010 to 2015 Conservative and Liberal Democrat coalition government,,,
https://www.gov.uk/guidance/check-what-training-you-need-to-get-an-sia-licence,Check what training you need to get an SIA licence,detailed_guide,f8c5123f-7307-4e9d-a170-5b8c3e6653fd,en,whitehall,2020-10-15T23:00:00.000Z,2025-04-01T10:35:50.000Z,,,549,"GOV.UK homepage,Business regulation,Business and industry,Further and higher education, skills and vocational training,Education, training and skills",Security Industry Authority,Security Industry Authority,2019 to 2022 Johnson Conservative government,,,
https://www.gov.uk/guidance/qualified-teacher-status-qts,Qualified teacher status (QTS): qualify to teach in England,detailed_guide,5f4425f3-7631-11e4-a3cb-005056011aef,en,whitehall,2014-04-14T23:00:00.000Z,2025-06-18T10:44:25.000Z,,,532,"Teaching and leadership,Education, training and skills,Teacher training and professional development,GOV.UK homepage,Qualified Teacher Status (QTS)",Department for Education,Department for Education,2010 to 2015 Conservative and Liberal Democrat coalition government,,,
https://www.gov.uk/free-school-transport,Free school transport,answer,fdd55911-6fcc-4b9e-be9f-34e93298b691,en,publisher,2012-10-16T09:28:33.000Z,2016-06-24T09:05:23.156Z,,,530,"Starting and attending school,Help with school costs,Funding for special educational needs and disability (SEND),Special educational needs and disability (SEND) and high needs,Education, training and skills,GOV.UK homepage",Government Digital Service,Department for Education,,,,
https://www.gov.uk/career-skills-and-training,Career skills and training,answer,ed060ec6-ff55-43a2-99fb-99c36fc16490,en,publisher,2013-09-23T12:17:27.000Z,2016-01-14T10:44:25.000Z,,,524,"Education, training and skills,Careers guidance in further and higher education,Further and higher education, skills and vocational training,Working, jobs and pensions,Further and higher education courses and qualifications,Funding and finance for students,Work,GOV.UK homepage,Finding a job",Government Digital Service,"Department for Business and Trade,Department for Work and Pensions,Department for Education,Department for Business, Energy & Industrial Strategy",,,,
https://www.gov.uk/guidance/understanding-scaled-scores-at-key-stage-2,Understanding scaled scores at key stage 2,detailed_guide,e19866bb-ed7c-4795-aaab-52b1d5b2c38f,en,whitehall,2019-07-08T23:00:00.000Z,2025-07-08T08:00:04.000Z,,,515,"Primary curriculum, key stage 2,School curriculum,GOV.UK homepage,Education, training and skills,Tests and assessments (key stage 2)",Standards and Testing Agency,Standards and Testing Agency,2016 to 2019 May Conservative government,,,
https://www.gov.uk/guidance/how-interest-is-calculated-plan-5,How interest is calculated - Plan 5,detailed_guide,03a8b9db-4e1b-4772-9cc6-484d8b965920,en,whitehall,2023-07-24T23:00:00.000Z,2025-09-01T09:19:09.000Z,,,499,"Funding and finance for students,GOV.UK homepage,Education, training and skills,Student loans",Student Loans Company,Student Loans Company,2022 to 2024 Sunak Conservative government,,,
https://www.gov.uk/guidance/going-back-to-uni-or-repeating-a-year,Going back to uni or repeating a year,detailed_guide,5f4ae121-06b0-415f-9590-7aa537acb4ff,en,whitehall,2019-09-05T23:00:00.000Z,2026-01-19T16:22:41.000Z,,,491,"Education, training and skills,Funding and finance for students,Student loans,GOV.UK homepage",Student Loans Company,Student Loans Company,2019 to 2022 Johnson Conservative government,,,
https://www.gov.uk/travel-grants-students-england,Travel grants for students studying abroad or on placements (England),guide,05aaf43f-7555-46b3-99e5-a34e48b0eec9,en,publisher,2012-10-15T18:31:08.000Z,2015-01-26T00:01:07.000Z,,,490,"Student grants, bursaries and scholarships,Education, training and skills,Funding and finance for students,GOV.UK homepage",Government Digital Service,"Department for Education,Student Loans Company",,,,
https://www.gov.uk/guidance/access-your-school-attendance-data,Access your school attendance data,detailed_guide,9f7df102-1b1d-4b5a-9e32-73def42ceed9,en,whitehall,2023-06-06T23:00:00.000Z,2025-05-08T13:20:33.000Z,,,484,"Education, training and skills,Data collection and censuses for schools,Running and managing a school,GOV.UK homepage",Department for Education,Department for Education,2022 to 2024 Sunak Conservative government,,,
https://www.gov.uk/guidance/how-interest-is-calculated-plan-1,How interest is calculated - Plan 1,detailed_guide,a09a2090-e0e5-4f44-8ee4-4e2a02b8155b,en,whitehall,2019-05-14T23:00:00.000Z,2025-09-01T09:18:41.000Z,,,477,"GOV.UK homepage,Funding and finance for students,Student loans,Education, training and skills",Student Loans Company,Student Loans Company,2016 to 2019 May Conservative government,,,
https://www.gov.uk/guidance/mental-health-and-wellbeing-support-in-schools-and-colleges,Promoting and supporting mental health and wellbeing in schools and colleges,detailed_guide,7ec7a57b-8cc0-4da7-93f0-de210e8bbb61,en,whitehall,2021-06-01T23:00:00.000Z,2025-07-14T14:15:34.000Z,,,458,"Teaching and leadership,Teacher training and professional development,Education, training and skills,Running and managing a school,GOV.UK homepage,School leadership",Department for Education,Department for Education,2019 to 2022 Johnson Conservative government,,,
https://www.gov.uk/further-education-courses/financial-help,Further education courses and funding: Financial help,guide,3aa415a3-65d0-44bc-badb-333bc18846a0,en,publisher,2012-01-24T15:36:13.000Z,2015-08-13T09:13:19.000Z,,,453,"Further and higher education, skills and vocational training,Further and higher education courses and qualifications,GOV.UK homepage,Education, training and skills,Funding and finance for students",Government Digital Service,Department for Education,,,,
https://www.gov.uk/guidance/national-professional-qualification-npq-courses,National professional qualification (NPQ) courses,detailed_guide,e7a8108f-6014-4dfe-a5cf-5d57c5cd33df,en,whitehall,2020-07-02T23:00:00.000Z,2024-12-16T09:30:03.000Z,,,439,"School leadership,Teacher training and professional development,Education, training and skills,GOV.UK homepage,Teaching and leadership",Department for Education,Department for Education,2019 to 2022 Johnson Conservative government,,,
https://www.gov.uk/guidance/checking-the-status-of-your-student-finance-application,Checking the status of your student finance application,detailed_guide,86513296-671b-404e-8117-05087a630ebf,en,whitehall,2021-07-20T23:00:00.000Z,2025-07-18T14:56:47.000Z,,,433,"GOV.UK homepage,Further and higher education, skills and vocational training,Education, training and skills,Student loans,Funding and finance for students",Student Loans Company,Student Loans Company,2019 to 2022 Johnson Conservative government,,,
https://www.gov.uk/guidance/search-for-apprenticeship-standards,Search for apprenticeship standards,detailed_guide,48a6e8ef-81df-4164-b302-6179fcb9bd15,en,whitehall,2017-11-03T00:00:00.000Z,2021-06-29T07:30:01.000Z,,,430,"Further and higher education, skills and vocational training,Hiring and training an apprentice,GOV.UK homepage,Education, training and skills,Apprenticeships, traineeships and internships",Institute for Apprenticeships ,Institute for Apprenticeships ,2016 to 2019 May Conservative government,,,
https://www.gov.uk/guidance/updating-your-personal-details,Updating your student finance details,detailed_guide,00e1c6a8-13cd-442d-8891-379ab7485566,en,whitehall,2021-07-26T23:00:00.000Z,2025-08-14T11:06:40.000Z,,,429,"Education, training and skills,Funding and finance for students,GOV.UK homepage,Student loans",Student Loans Company,Student Loans Company,2019 to 2022 Johnson Conservative government,,,
https://www.gov.uk/guidance/school-resource-management-self-assessment-checklist,School resource management self-assessment checklist,detailed_guide,bfd61505-7f89-4889-ad17-8968eb772b42,en,whitehall,2021-08-05T23:00:00.000Z,2026-01-26T16:46:13.000Z,,,419,"Education, training and skills,School and academy financial management and assurance,Academy and academy trust finance and reporting,GOV.UK homepage",Department for Education,Department for Education,2019 to 2022 Johnson Conservative government,,,
https://www.gov.uk/guidance/apply-for-a-forestry-apprenticeship,Forestry apprenticeships at Forestry Commission,detailed_guide,85924df8-59a8-4078-83a5-731e2f41ff21,en,whitehall,2022-03-07T00:00:00.000Z,2026-02-02T08:46:03.000Z,,,413,"Further and higher education, skills and vocational training,GOV.UK homepage,Becoming an apprentice,Apprenticeships, traineeships and internships,Environment,Forests and woodland,Education, training and skills,Rural and countryside",Forestry Commission,Forestry Commission,2019 to 2022 Johnson Conservative government,,,
https://www.gov.uk/guidance/manage-apprenticeship-funds,How to register and use the apprenticeship service as an employer,detailed_guide,c313efb6-9ac0-4e58-bbe0-b0c55b6c1ac5,en,whitehall,2017-02-13T00:00:00.000Z,2024-08-07T09:02:19.000Z,,,412,"Hiring and training an apprentice,GOV.UK homepage,Apprenticeships, traineeships and internships,Further and higher education, skills and vocational training,Education, training and skills",Department for Education,Department for Education,2016 to 2019 May Conservative government,,,
https://www.gov.uk/find-internship,Find an internship,answer,0c9236a2-50a7-417d-a425-1a3b6b43d858,en,publisher,2014-08-21T10:52:12.000Z,2018-11-26T16:09:54.420Z,,,406,"Becoming an intern or trainee,GOV.UK homepage,Education, training and skills,Apprenticeships, traineeships and internships,Finding a job,Further and higher education, skills and vocational training,Work,Working, jobs and pensions",Government Digital Service,"Department for Education,Department for Work and Pensions",,,,
https://www.gov.uk/guidance/student-finance-england-how-to-guide,Student Finance England – ‘How to’ guide,detailed_guide,84540520-e2b7-4e8f-b41b-33c90ea9bc54,en,whitehall,2022-06-23T23:00:00.000Z,2026-01-19T16:22:44.000Z,,,394,"Student loans,GOV.UK homepage,Funding and finance for students,Education, training and skills",Student Loans Company,Student Loans Company,2019 to 2022 Johnson Conservative government,,,
https://www.gov.uk/guidance/how-to-access-the-national-curriculum-assessments-portal,How to access the National Curriculum Assessments Portal,detailed_guide,7b24290e-15f4-4e62-b33a-dcba9c84b769,en,whitehall,2025-09-14T23:00:00.000Z,2025-10-31T16:23:19.000Z,,,385,"GOV.UK homepage,Primary curriculum, key stage 1,Tests and assessments (key stage 2),Education, training and skills,Primary curriculum, key stage 2,School curriculum,Tests and assessments (key stage 1)",Standards and Testing Agency,Standards and Testing Agency,2024 Starmer Labour government,,,
https://www.gov.uk/guidance/allowing-someone-else-to-manage-your-student-loan-account,Allowing someone else to manage your student loan account,detailed_guide,a50ab2e1-fe83-4570-9612-395688af6c28,en,whitehall,2019-07-31T23:00:00.000Z,2024-10-15T15:23:43.000Z,,,380,"Funding and finance for students,GOV.UK homepage,Student loans,Education, training and skills",Student Loans Company,Student Loans Company,2019 to 2022 Johnson Conservative government,,,
https://www.gov.uk/guidance/guidance-for-students-studying-a-foundation-year,Guidance for students studying a foundation year,detailed_guide,227dc26e-ad23-49ba-ac3c-63d7a684f836,en,whitehall,2025-02-27T00:00:00.000Z,2025-05-22T12:28:39.000Z,,,374,"Further and higher education, skills and vocational training,Student loans,Funding and finance for students,GOV.UK homepage,Education, training and skills,Further and higher education courses and qualifications",Student Loans Company,Student Loans Company,2024 Starmer Labour government,,,
https://www.gov.uk/guidance/sustainability-leadership-and-climate-action-plans-in-education,Sustainability leadership and climate action plans in education,detailed_guide,b7041601-62b5-4851-8514-bdde5ca29486,en,whitehall,2023-05-17T23:00:00.000Z,2025-10-30T14:42:43.000Z,,,370,"Climate change adaptation,Environment,GOV.UK homepage,Climate change and energy,Education, training and skills",Department for Education,Department for Education,2022 to 2024 Sunak Conservative government,,,
https://www.gov.uk/guidance/learning-aim-reference-service-lars,Learning aim reference service (LARS),detailed_guide,73fcc93f-2f1d-4903-8e58-df54afe48608,en,whitehall,2021-06-28T23:00:00.000Z,2025-05-06T08:00:08.000Z,,,364,"GOV.UK homepage,Education, training and skills,Learning Records Service (LRS),Further and higher education, skills and vocational training",Department for Education,"Department for Education,Education and Skills Funding Agency",2019 to 2022 Johnson Conservative government,,,
https://www.gov.uk/guidance/what-maintained-schools-must-publish-online,What maintained schools must or should publish online,detailed_guide,601afc48-7631-11e4-a3cb-005056011aef,en,whitehall,2014-09-17T23:00:00.000Z,2024-10-24T12:22:43.000Z,,,362,"Education, training and skills,GOV.UK homepage,School governance,Running and managing a school",Department for Education,Department for Education,2010 to 2015 Conservative and Liberal Democrat coalition government,,,
https://www.gov.uk/guidance/school-capital-funding,School capital funding,detailed_guide,849a641a-6b1b-4f49-80c0-f9a84ce0a68a,en,whitehall,2019-04-03T23:00:00.000Z,2025-10-21T11:49:41.000Z,,,357,"School and academy funding,Funding for school buildings and land,Education, training and skills,GOV.UK homepage",Department for Education,Department for Education,2016 to 2019 May Conservative government,,,
https://www.gov.uk/report-teacher-misconduct,Report serious teacher misconduct,answer,efbc80b0-8c14-459b-adee-1003eac8a475,en,publisher,2014-04-29T09:21:37.000Z,2025-01-31T09:00:05.784Z,,,353,"Teaching standards, misconduct and practice,Teaching and leadership,Pupil wellbeing, behaviour and attendance,Safeguarding pupils,GOV.UK homepage,Education, training and skills",Government Digital Service,"Department for Education,Teaching Regulation Agency",,,,
https://www.gov.uk/guidance/special-educational-needs-co-ordinators-national-professional-qualification,Special educational needs co-ordinator's (SENCO) national professional qualification,detailed_guide,3d74d20b-ea1d-4e68-82b1-9750feba70b7,en,whitehall,2024-02-02T00:00:00.000Z,2024-12-16T09:30:03.000Z,,,352,"Teacher training and professional development,School leadership,Education, training and skills,Teaching and leadership,GOV.UK homepage",Department for Education,Department for Education,2022 to 2024 Sunak Conservative government,,,
https://www.gov.uk/guidance/educational-psychology-funded-training-scheme,Educational Psychology Funded Training,detailed_guide,5f4b0a93-7631-11e4-a3cb-005056011aef,en,whitehall,2014-04-11T13:38:00.000Z,2020-02-17T14:58:43.000Z,,,348,"Further and higher education courses and qualifications,Further and higher education, skills and vocational training,Education, training and skills,GOV.UK homepage",Department for Education,Department for Education,2010 to 2015 Conservative and Liberal Democrat coalition government,,,
https://www.gov.uk/guidance/appeals-procedure,Student Finance England - Appeals procedure,detailed_guide,226f4094-eea7-437f-b5c3-55d3caea1c5c,en,whitehall,2023-03-30T23:00:00.000Z,2024-01-18T14:19:52.000Z,,,338,"Funding and finance for students,Student loans,Education, training and skills,GOV.UK homepage",Student Loans Company,Student Loans Company,2022 to 2024 Sunak Conservative government,,,
https://www.gov.uk/mature-student-university-funding,Mature students: university and funding,answer,78562c72-2170-48e8-90fb-e19f58b726de,en,publisher,2012-01-25T21:48:39.000Z,2015-06-05T14:44:35.000Z,,,337,"Education, training and skills,Further and higher education, skills and vocational training,Further and higher education courses and qualifications,GOV.UK homepage",Government Digital Service,"Department for Education,Department for Work and Pensions",,,,
https://www.gov.uk/guidance/the-erasmus-programme,The Erasmus+ programme,detailed_guide,2d4b99eb-9b1c-4901-954a-70b80d0d570d,en,whitehall,2025-12-17T10:04:17.000Z,2025-12-17T10:04:17.000Z,,,336,"GOV.UK homepage,Education, training and skills",Department for Education,Department for Education,2024 Starmer Labour government,,,
https://www.gov.uk/guidance/plan-technology-for-your-school,Plan technology for your school,detailed_guide,925b3ed0-39e1-4918-a30f-7154b92568d1,en,whitehall,2024-09-10T23:00:00.000Z,2025-11-13T10:00:00.000Z,,,334,"Education, training and skills,Running and managing a school,GOV.UK homepage",Department for Education,Department for Education,2024 Starmer Labour government,,,
https://www.gov.uk/guidance/teachers-claim-back-your-student-loan-repayments,Teachers: claim back your student loan repayments,detailed_guide,2ed20628-104b-441c-a85e-03fd67cc1a50,en,whitehall,2019-10-31T00:00:00.000Z,2025-09-25T09:00:01.000Z,,,327,"Teaching and leadership,GOV.UK homepage,Education, training and skills,Recruiting, inducting and managing teachers",Department for Education,Department for Education,2019 to 2022 Johnson Conservative government,,,
https://www.gov.uk/guidance/idsr-news-and-updates,IDSR: news and updates,detailed_guide,812c1d35-59a1-4f3c-80a4-0369b6c7cc8a,en,whitehall,2022-06-05T23:00:00.000Z,2026-02-13T10:23:37.000Z,,,326,"Inspection and performance of schools,Education, training and skills,GOV.UK homepage,Inspections and performance of education providers",Ofsted,Ofsted,2019 to 2022 Johnson Conservative government,,,
https://www.gov.uk/guidance/get-information-about-pupil-giap,Get Information About Pupil (GIAP),detailed_guide,90ecd8cd-dbd4-4b80-982b-5985418f2e3f,en,whitehall,2024-08-21T14:48:55.000Z,2024-08-21T14:48:55.000Z,,,324,"Education, training and skills,GOV.UK homepage,School and academy financial management and assurance",Department for Education,Department for Education,2024 Starmer Labour government,,,
https://www.gov.uk/guidance/get-information-about-schools,Get information about schools,detailed_guide,aa366eca-89a3-4387-a808-63f8f1980ebc,en,whitehall,2017-09-17T23:00:00.000Z,2025-01-28T13:28:48.000Z,,,324,"GOV.UK homepage,Education, training and skills",Department for Education,Department for Education,2016 to 2019 May Conservative government,,,
https://www.gov.uk/guidance/terms-and-conditions-of-student-loans,Terms and conditions of student loans,detailed_guide,75177878-1b0b-46ce-bd4f-95571a8419ee,en,whitehall,2019-05-15T15:01:00.000Z,2022-03-18T11:10:48.000Z,,,313,"GOV.UK homepage,Student loans,Funding and finance for students,Education, training and skills",Student Loans Company,Student Loans Company,2016 to 2019 May Conservative government,,,
https://www.gov.uk/guidance/cost-of-living-student-finance-support,Cost of living – student finance support,detailed_guide,c6e307dd-2390-4f66-8979-1a582c186838,en,whitehall,2023-01-11T10:36:00.000Z,2023-07-27T11:02:00.000Z,,,311,"GOV.UK homepage,Funding and finance for students,Education, training and skills,Student loans",Student Loans Company,Student Loans Company,2022 to 2024 Sunak Conservative government,,,
https://www.gov.uk/adult-dependants-grant,Adult Dependants' Grant,guide,b734e2f8-e39d-4275-8c62-43f5198228b4,en,publisher,2012-01-25T12:21:33.000Z,2025-02-03T10:16:24.596Z,,,293,"Education, training and skills,Funding and finance for students,GOV.UK homepage,Financial help for students who are parents or carers",Government Digital Service,"Department for Education,Student Loans Company",,,,
https://www.gov.uk/learner-support,Learner Support,guide,14bfeca4-b490-4e73-8149-08e8a30d36e9,en,publisher,2012-01-05T10:27:16.000Z,2015-05-13T13:24:19.000Z,,,288,"Education, training and skills,Funding and finance for students,GOV.UK homepage,Student grants, bursaries and scholarships",Government Digital Service,Department for Education,,,,
https://www.gov.uk/bullying-at-school,Bullying at school,guide,25894d06-c0d6-4568-bea5-81d04db3c38e,en,publisher,2011-10-03T11:04:46.000Z,2015-05-26T14:44:16.000Z,,,281,"School bullying,Pupil wellbeing, behaviour and attendance,Education, training and skills,GOV.UK homepage,Dealing with problems at school,Starting and attending school",Government Digital Service,Department for Education,,,,
https://www.gov.uk/employment-rights-for-interns,Employment rights and pay for interns,answer,16fc0348-59ad-449e-bdcc-f29c39c18497,en,publisher,2012-10-09T19:46:00.000Z,2015-03-09T17:12:44.000Z,,,281,"Apprenticeships, traineeships and internships,Running a business,Becoming an intern or trainee,Work,Recruiting and hiring,Employing people,Further and higher education, skills and vocational training,Finding a job,Working, jobs and pensions,Education, training and skills,GOV.UK homepage,Business and industry",Government Digital Service,"Department for Business and Trade,Department for Work and Pensions,Department for Business, Energy & Industrial Strategy",,,,
https://www.gov.uk/guidance/what-academies-free-schools-and-colleges-should-publish-online,What academies and further education colleges must or should publish online,detailed_guide,805a09d7-7542-41b7-aefe-1b0935777e49,en,whitehall,2016-06-29T23:00:00.000Z,2024-10-24T12:22:46.000Z,,,276,"Education, training and skills,GOV.UK homepage,Running and managing a school,School governance",Department for Education,Department for Education,2015 to 2016 Cameron Conservative government,,,
https://www.gov.uk/guidance/ofsted-explore-an-area,Ofsted: explore an area,detailed_guide,bf9a2dbd-4bc9-4036-bd30-d75e970c490b,en,whitehall,2025-11-10T09:30:06.000Z,2025-11-10T09:30:06.000Z,,,275,"GOV.UK homepage,Education, training and skills,Inspections and performance of education providers",Ofsted,Ofsted,2024 Starmer Labour government,,,
https://www.gov.uk/guidance/16-to-19-education-financial-support-for-students,16 to 19 education: financial support for students,detailed_guide,5f10a9ae-7631-11e4-a3cb-005056011aef,en,whitehall,2014-02-04T00:00:00.000Z,2025-06-11T14:02:20.000Z,,,271,"Administering student funding,Student grants, bursaries and scholarships,Further and higher education, skills and vocational training,Funding and finance for students,GOV.UK homepage,Dance and drama funding for 16 to 19 year olds,Education, training and skills,Further education funding,Financial help for students who are parents or carers",Department for Education,"Department for Education,Education and Skills Funding Agency",2010 to 2015 Conservative and Liberal Democrat coalition government,,,
https://www.gov.uk/guidance/apply-to-the-apar-as-an-apprenticeship-training-provider,Apply to the APAR as an apprenticeship training provider,detailed_guide,076e5ab6-5069-4525-9dbd-28360dfc4b57,en,whitehall,2023-07-31T23:00:00.000Z,2025-12-04T17:11:27.000Z,,,267,"Apprenticeships funding,Running a further or higher education institution,Education, training and skills,Further and higher education, skills and vocational training,GOV.UK homepage,Further education funding",Department for Education,Department for Education,2022 to 2024 Sunak Conservative government,,,
https://www.gov.uk/higher-education-courses-find-and-apply,Higher education courses: find and apply,answer,34cac281-1858-4972-ade5-acbdbc817d8b,en,publisher,2012-01-13T15:34:12.000Z,2015-06-05T14:40:59.000Z,,,261,"Education, training and skills,Further and higher education courses and qualifications,Further and higher education, skills and vocational training,GOV.UK homepage",Government Digital Service,Department for Education,,,,
https://www.gov.uk/guidance/calculate-teacher-pay,Calculate teacher pay,detailed_guide,ab925ac0-4cbc-4ed4-bb6f-357e3866d9f5,en,whitehall,2023-07-12T23:00:00.000Z,2025-05-22T13:24:04.000Z,,,256,"GOV.UK homepage,Education, training and skills,Teacher pay, pensions and conditions,Teaching and leadership",Department for Education,Department for Education,2022 to 2024 Sunak Conservative government,,,
https://www.gov.uk/guidance/teacher-misconduct-regulating-the-teaching-profession,Teacher misconduct: regulating the teaching profession,detailed_guide,5f20a683-7631-11e4-a3cb-005056011aef,en,whitehall,2014-03-28T00:00:00.000Z,2024-11-21T12:17:02.000Z,,,254,"Teaching standards, misconduct and practice,Education, training and skills,Teaching and leadership,Safeguarding and child protection,GOV.UK homepage,Safeguarding and social care for children,Parenting, childcare and children's services ",Teaching Regulation Agency,Teaching Regulation Agency,2010 to 2015 Conservative and Liberal Democrat coalition government,,,
https://www.gov.uk/guidance/student-loan-cancellation-permanently-unfit-to-work,Student loan cancellation – permanently unfit to work,detailed_guide,a28bdd6e-d503-4e48-9b45-d7d6c7c24887,en,whitehall,2019-08-12T23:00:00.000Z,2026-01-05T16:45:44.000Z,,,249,"Student loans,GOV.UK homepage,Funding and finance for students,Education, training and skills",Student Loans Company,Student Loans Company,2019 to 2022 Johnson Conservative government,,,
https://www.gov.uk/find-regulated-awarding-organisation,Find a regulated awarding organisation,transaction,4395aae7-6b87-447c-9cba-8509825a83b0,en,publisher,2014-11-25T10:03:31.000Z,2014-11-27T11:40:56.000Z,,,246,"Key stage 3 and 4 exam marking, qualifications and results,Key stage 5 exam marking, qualifications and results,School curriculum,Key stage 5 (AS and A Levels),GOV.UK homepage,Secondary curriculum, key stage 3 and key stage 4 (GCSEs),Further and higher education courses and qualifications,Further and higher education, skills and vocational training,Education, training and skills",Government Digital Service,Ofqual,,,,
https://www.gov.uk/guidance/techfirst,TechFirst,detailed_guide,86106288-be8d-473f-8613-b6ad7af3c8e1,en,whitehall,2025-12-04T00:00:00.000Z,2026-01-30T17:05:32.000Z,,,237,"GOV.UK homepage,Education, training and skills","Department for Science, Innovation and Technology","Department for Science, Innovation and Technology",2024 Starmer Labour government,,,
https://www.gov.uk/school-uniform,School uniform,answer,df9f2049-3509-45a2-9d63-e589c8e4908f,en,publisher,2012-05-14T15:31:57.000Z,2015-10-16T16:35:04.000Z,,,231,"Starting and attending school,Education, training and skills,Pupil wellbeing, behaviour and attendance,Sending a child to school,Help with school costs,GOV.UK homepage",Government Digital Service,Department for Education,,,,
https://www.gov.uk/guidance/government-social-research-degree-apprenticeship-programme,Government Social Research Degree Apprenticeship Programme,detailed_guide,d4ede5f1-0b87-483d-a22d-3bb1034bb6f7,en,whitehall,2023-10-01T23:00:00.000Z,2026-01-13T16:02:39.000Z,,,226,"Further and higher education, skills and vocational training,GOV.UK homepage,Apprenticeships, traineeships and internships,Education, training and skills",Government Social Research Profession,Government Social Research Profession,2022 to 2024 Sunak Conservative government,,,
https://www.gov.uk/guidance/protecting-uk-higher-education-from-foreign-interference,Protecting UK higher education from foreign interference,detailed_guide,b2fddb97-ab13-40d8-9857-320d42cba35a,en,whitehall,2026-02-09T09:30:01.000Z,2026-02-09T09:30:01.000Z,,,222,"Further and higher education, skills and vocational training,GOV.UK homepage,Education, training and skills",Department for Education,Department for Education,2024 Starmer Labour government,,,
https://www.gov.uk/illness-child-education,Illness and your child's education,answer,27b32ebc-36ad-4f23-be4a-a1835e33053f,en,publisher,2012-10-14T22:52:27.000Z,2015-03-19T16:04:59.000Z,,,220,"Dealing with problems at school,Children's health and welfare,Help for children with a long-term illness or disability,Health, safety and wellbeing in schools,Starting and attending school,GOV.UK homepage,Home schooling,Education, training and skills,Pupil wellbeing, behaviour and attendance,Parenting, childcare and children's services ",Government Digital Service,Department for Education,,,,
https://www.gov.uk/guidance/recruit-teachers-from-overseas,Recruit teachers from overseas,detailed_guide,4a864c8d-7693-492f-8bbd-3f7a05c6d442,en,whitehall,2020-09-15T23:00:00.000Z,2026-01-21T15:37:21.000Z,,,213,"Working, jobs and pensions,GOV.UK homepage,Visas and entry clearance,Recruiting, inducting and managing teachers,Recruiting and hiring,Education, training and skills,Visa applications,Teaching and leadership,Entering and staying in the UK,Work,Student visas",Department for Education,Department for Education,2019 to 2022 Johnson Conservative government,,,
https://www.gov.uk/guidance/rise-attendance-and-behaviour-hubs-programme,RISE attendance and behaviour hubs programme,detailed_guide,7171511e-9a74-494a-8741-f78b69852371,en,whitehall,2025-12-05T15:16:00.000Z,2026-02-09T16:50:25.000Z,,,213,"Teaching and leadership,Teacher training and professional development,GOV.UK homepage,Education, training and skills",Department for Education,Department for Education,2024 Starmer Labour government,,,
https://www.gov.uk/guidance/buying-for-schools,Buying for schools,detailed_guide,4e7ca3af-af94-4e2c-a147-da285df5f4e9,en,whitehall,2023-08-31T23:00:00.000Z,2025-10-16T09:27:11.000Z,,,202,"School procurement,School and academy financial management and assurance,Education, training and skills,GOV.UK homepage",Department for Education,Department for Education,2022 to 2024 Sunak Conservative government,,,
https://www.gov.uk/guidance/apply-for-a-national-professional-qualification-npq,Apply for a national professional qualification (NPQ),detailed_guide,3edefa7e-a29e-4ab7-8993-268e01e68d4c,en,whitehall,2023-09-19T23:00:00.000Z,2025-12-22T14:00:05.000Z,,,197,"School leadership,GOV.UK homepage,Education, training and skills,Teacher training and professional development,Teaching and leadership",Department for Education,Department for Education,2022 to 2024 Sunak Conservative government,,,
https://www.gov.uk/guidance/schools-admissions-applications-from-overseas-children,School applications for foreign national children and children resident outside England,detailed_guide,5f44b61c-7631-11e4-a3cb-005056011aef,en,whitehall,2014-03-25T00:00:00.000Z,2024-03-28T11:09:33.000Z,,,194,"Education, training and skills,School admissions,Running and managing a school,GOV.UK homepage",Department for Education,Department for Education,2010 to 2015 Conservative and Liberal Democrat coalition government,,,
https://www.gov.uk/guidance/student-finance-information-for-mature-students,Student finance information for mature students,detailed_guide,378fc628-f553-40c1-ae0c-c20eb3ee38c0,en,whitehall,2023-09-13T23:00:00.000Z,2025-08-14T11:06:36.000Z,,,194,"Education, training and skills,Student loans,Financial help for students who are parents or carers,Funding and finance for students,GOV.UK homepage",Student Loans Company,Student Loans Company,2022 to 2024 Sunak Conservative government,,,
https://www.gov.uk/guidance/join-the-risk-protection-arrangement-rpa-for-schools,Join the risk protection arrangement (RPA) for schools,detailed_guide,68f26dc1-3b59-4c3c-8628-dd06589179bf,en,whitehall,2024-03-27T00:00:00.000Z,2025-12-23T11:57:29.000Z,,,194,"School and academy financial management and assurance,School procurement,Education, training and skills,GOV.UK homepage",Department for Education,Department for Education,2022 to 2024 Sunak Conservative government,,,
https://www.gov.uk/guidance/16-to-19-funding-information-for-2025-to-2026,16 to 19 funding: information for 2025 to 2026,detailed_guide,670b29cb-f368-43f9-a605-ddb43642574a,en,whitehall,2025-03-05T00:00:00.000Z,2025-06-26T15:35:57.000Z,,,191,"Further and higher education, skills and vocational training,Further education funding,Education, training and skills,GOV.UK homepage",Education and Skills Funding Agency,"Education and Skills Funding Agency,Department for Education",2024 Starmer Labour government,,,
https://www.gov.uk/guidance/deferring-ofsted-inspections,"Ofsted inspections and visits: deferring, pausing and gathering additional evidence",detailed_guide,8fee249a-bb74-4ac4-9efb-d4d560c13626,en,whitehall,2020-03-13T00:00:00.000Z,2025-11-05T09:30:04.000Z,,,187,"Inspections and performance of education providers,Inspection and performance of schools,Education, training and skills,Teacher training and professional development,GOV.UK homepage,Teaching and leadership",Ofsted,Ofsted,2019 to 2022 Johnson Conservative government,,,
https://www.gov.uk/dance-drama-awards,Dance and Drama Awards: funding for students,answer,04d10810-8620-4edd-a06d-f5ecfc199414,en,publisher,2013-01-21T12:08:17.000Z,2015-02-04T12:18:54.000Z,,,187,"Student grants, bursaries and scholarships,Funding and finance for students,GOV.UK homepage,Education, training and skills",Government Digital Service,"Department for Education,Education and Skills Funding Agency",,,,
https://www.gov.uk/guidance/guidance-on-contacting-the-student-loans-company,Guidance on contacting the Student Loans Company,detailed_guide,059556cd-5105-4a8d-a547-ada6e6762c1e,en,whitehall,2020-04-05T23:00:00.000Z,2025-02-12T14:51:41.000Z,,,186,"Student loans,Education, training and skills,Funding and finance for students,GOV.UK homepage",Student Loans Company,Student Loans Company,2019 to 2022 Johnson Conservative government,,,
https://www.gov.uk/guidance/compare-your-good-level-of-development-gld-data,Compare your good level of development (GLD) data,detailed_guide,5310b287-9cca-43f7-913d-652813072c5a,en,whitehall,2025-09-14T23:00:00.000Z,2026-01-27T16:17:59.000Z,,,185,"Data collection and censuses for schools,Education, training and skills,Running and managing a school,GOV.UK homepage",Department for Education,Department for Education,2024 Starmer Labour government,,,
https://www.gov.uk/guidance/understanding-academic-years,Understanding academic years,detailed_guide,5a09379c-9010-46a6-82b9-17675e654c27,en,whitehall,2022-06-06T23:00:00.000Z,2026-01-19T16:23:00.000Z,,,178,"GOV.UK homepage,Student loans,Funding and finance for students,Education, training and skills",Student Loans Company,Student Loans Company,2019 to 2022 Johnson Conservative government,,,
https://www.gov.uk/guidance/how-interest-is-calculated-postgraduate-loan,How interest is calculated - Postgraduate Loan,detailed_guide,53ba68bd-158e-40c0-93f1-eccbeb2f3e2e,en,whitehall,2019-05-14T23:00:00.000Z,2025-09-01T09:18:51.000Z,,,169,"GOV.UK homepage,Education, training and skills,Student loans,Funding and finance for students",Student Loans Company,Student Loans Company,2016 to 2019 May Conservative government,,,
https://www.gov.uk/guidance/how-interest-is-calculated-plan-4,How interest is calculated - Plan 4,detailed_guide,2eb47781-e8a5-4841-a427-d37b331dcd94,en,whitehall,2021-04-05T23:00:00.000Z,2025-09-01T09:19:02.000Z,,,169,"GOV.UK homepage,Student loans,Funding and finance for students,Education, training and skills",Student Loans Company,Student Loans Company,2019 to 2022 Johnson Conservative government,,,
https://www.gov.uk/guidance/making-a-referral-to-prevent,Making a referral to Prevent,detailed_guide,4cee5ae1-e952-4e16-9e28-3e406b83f56d,en,whitehall,2022-10-23T23:00:00.000Z,2023-09-07T11:32:28.000Z,,,169,"Education, training and skills,Pupil wellbeing, behaviour and attendance,GOV.UK homepage,Safeguarding pupils",Department for Education,Department for Education,2022 Truss Conservative government,,,
https://www.gov.uk/postgraduate-scholarships-international-students,Postgraduate scholarships for international students,answer,3e889118-bfdd-49e8-9f64-b30c08951fec,en,publisher,2017-06-30T15:33:07.415Z,2021-08-25T11:05:23.863Z,,,161,"Education, training and skills,GOV.UK homepage,Student grants, bursaries and scholarships,Funding and finance for students",Government Digital Service,"Department for Education,Foreign, Commonwealth & Development Office",,,,
https://www.gov.uk/guidance/education-staff-wellbeing-charter,Education staff wellbeing charter,detailed_guide,a0c22ed6-4afa-4bd7-8927-e72d9515a7f7,en,whitehall,2021-05-09T23:00:00.000Z,2024-05-08T12:59:26.000Z,,,157,"Recruiting and managing non-teaching school staff,Teacher pay, pensions and conditions,Education, training and skills,Teaching and leadership,Running and managing a school,GOV.UK homepage",Department for Education,Department for Education,2019 to 2022 Johnson Conservative government,,,
https://www.gov.uk/care-to-learn,Care to Learn,guide,c1873350-0c82-469d-9f59-4658be95fdd2,en,publisher,2012-01-25T14:18:43.000Z,2014-12-02T16:14:19.000Z,,,156,"Financial help if you're a student with children,Financial support for childcare,Education, training and skills,Financial help for students who are parents or carers,Benefits for families,GOV.UK homepage,Parenting, childcare and children's services ,Welfare,Funding and finance for students,Financial help if you have children",Government Digital Service,"Department for Education,Department for Work and Pensions",,,,
https://www.gov.uk/guidance/previous-annual-repayment-thresholds,Previous annual repayment thresholds,detailed_guide,d09b6db0-37e9-4070-88a0-207bf3d55cd1,en,whitehall,2019-08-12T23:00:00.000Z,2025-04-05T23:30:07.000Z,,,156,"Funding and finance for students,Student loans,GOV.UK homepage,Education, training and skills",Student Loans Company,Student Loans Company,2019 to 2022 Johnson Conservative government,,,
https://www.gov.uk/guidance/16-to-19-funding-how-it-works,16 to 19 funding: how it works,detailed_guide,f2379833-61f6-4145-afe0-b29baf191827,en,whitehall,2015-09-10T23:00:00.000Z,2025-03-05T17:59:45.000Z,,,155,"Further education funding,Funding for 16 to 19 year olds in schools,GOV.UK homepage,School and academy funding,Education, training and skills,Further and higher education, skills and vocational training,Funding for different types of schools and settings",Education and Skills Funding Agency,"Education and Skills Funding Agency,Department for Education",2015 to 2016 Cameron Conservative government,,,
https://www.gov.uk/guidance/regional-prevent-education-coordinators,Regional Prevent education co-ordinators,detailed_guide,71725208-29ce-473f-bb32-6ce7ac60a581,en,whitehall,2024-08-28T23:00:00.000Z,2025-11-19T10:47:47.000Z,,,153,"Counter-extremism ,GOV.UK homepage,Further and higher education, skills and vocational training,Crime, justice and law,Education, training and skills",Department for Education,Department for Education,2024 Starmer Labour government,,,
https://www.gov.uk/guidance/how-arrears-can-accrue-on-your-student-loan-account-when-youre-overseas,How arrears can accrue on your student loan account when you’re overseas,detailed_guide,4272d58b-5c14-4db4-97a6-c384cf753148,en,whitehall,2022-09-19T23:00:00.000Z,2025-04-05T23:30:07.000Z,,,150,"Student loans,Education, training and skills,Funding and finance for students,GOV.UK homepage",Student Loans Company,Student Loans Company,2022 Truss Conservative government,,,
https://www.gov.uk/guidance/early-years-initial-teacher-training-2025-to-2026-funding-guidance,Early years initial teacher training: 2025 to 2026 funding guidance,detailed_guide,a5e1f039-5e32-4ef7-a896-da349b70be0c,en,whitehall,2024-10-23T11:00:02.000Z,2024-10-23T11:00:02.000Z,,,146,"GOV.UK homepage,Initial Teacher Training funding,Education, training and skills,School and academy funding",Department for Education,Department for Education,2024 Starmer Labour government,,,
https://www.gov.uk/if-your-child-is-taken-into-care/care-proceedings,If your child is taken into care: Care proceedings,guide,78e342ee-92ad-4f78-8ac0-4392051e1309,en,publisher,2012-10-25T12:29:04.000Z,2015-11-09T14:20:14.000Z,,,142,"Safeguarding and social care for children,GOV.UK homepage,Education, training and skills,Education of disadvantaged children,Life circumstances,Parenting, childcare and children's services ,Looked-after children and children in care,Having a child, parenting and adoption",Government Digital Service,"Cafcass,Department of Health and Social Care,HM Courts & Tribunals Service",,,,
https://www.gov.uk/guidance/how-to-take-on-an-apprentice,How to take on an apprentice,detailed_guide,a7946162-3693-488f-ac42-40cdfb29f869,en,whitehall,2020-08-04T23:00:00.000Z,2024-08-07T09:02:13.000Z,,,140,"Education, training and skills,GOV.UK homepage,Apprenticeships, traineeships and internships,Hiring and training an apprentice,Further and higher education, skills and vocational training",Department for Education,Department for Education,2019 to 2022 Johnson Conservative government,,,
https://www.gov.uk/guidance/migrant-worker-evidence-for-student-finance-england,Migrant worker evidence for Student Finance England,detailed_guide,4082ad46-681b-4e5f-80b7-182221e86c41,en,whitehall,2021-05-16T23:00:00.000Z,2025-06-10T09:08:33.000Z,,,139,"GOV.UK homepage,Student loans,Funding and finance for students,Education, training and skills",Student Loans Company,Student Loans Company,2019 to 2022 Johnson Conservative government,,,
https://www.gov.uk/guidance/integrated-curriculum-and-financial-planning-icfp,Integrated curriculum and financial planning (ICFP),detailed_guide,cb27c8d9-993d-49f1-b4d6-a4c315877c01,en,whitehall,2019-09-04T23:00:00.000Z,2025-10-08T10:30:33.000Z,,,138,"School and academy financial management and assurance,Education, training and skills,GOV.UK homepage",Department for Education,Department for Education,2019 to 2022 Johnson Conservative government,,,
https://www.gov.uk/guidance/conduct-during-ofsted-inspections,Ofsted's code of conduct: collaborative inspection and regulation,detailed_guide,6a1743df-9d0e-4999-acc3-fd9e2fcd3940,en,whitehall,2020-03-04T00:00:00.000Z,2025-11-05T09:30:03.000Z,,,136,"Safeguarding and social care for children,Children's social care providers,Inspection and performance of schools,Education, training and skills,Inspection and performance of further education providers,Inspections and performance of education providers,Inspection of children's social care providers,Parenting, childcare and children's services ,GOV.UK homepage",Ofsted,Ofsted,2019 to 2022 Johnson Conservative government,,,
https://www.gov.uk/guidance/studying-in-the-uk-guidance-for-eu-students,Studying in the UK: guidance for EU students,detailed_guide,13cc9a37-c1a4-4bc8-be82-bf347d1e8394,en,whitehall,2020-01-31T17:54:00.000Z,2022-03-22T10:52:33.000Z,,,136,"Government,Funding and finance for students,GOV.UK homepage,Education, training and skills,Further and higher education courses and qualifications,Further and higher education, skills and vocational training,Brexit",Department for Education,Department for Education,2019 to 2022 Johnson Conservative government,,,
https://www.gov.uk/guidance/transferring-your-apprenticeship-levy-to-another-business,Transferring your apprenticeship levy to another business,detailed_guide,4df9dd4c-9de6-4181-b0e0-50446c965821,en,whitehall,2021-09-12T23:00:00.000Z,2024-04-22T08:21:42.000Z,,,133,"GOV.UK homepage,Further and higher education, skills and vocational training,Apprenticeships funding,Further education funding,Apprenticeships, traineeships and internships,Education, training and skills",Department for Education,Department for Education,2019 to 2022 Johnson Conservative government,,,
https://www.gov.uk/guidance/what-to-do-if-you-want-to-withdraw-from-your-course,What to do if you want to withdraw from your course,detailed_guide,4a83638a-16e7-453f-9d1c-f6b1900052f3,en,whitehall,2021-10-14T23:00:00.000Z,2023-10-26T11:23:08.000Z,,,133,"Education, training and skills,Funding and finance for students,Student loans,GOV.UK homepage",Student Loans Company,Student Loans Company,2019 to 2022 Johnson Conservative government,,,
https://www.gov.uk/guidance/apply-to-become-a-technical-excellence-college,Apply to become a Technical Excellence College,detailed_guide,e14b72e6-a189-4265-8c14-9bd2f3f26274,en,whitehall,2025-12-15T00:00:00.000Z,2025-12-15T00:00:00.000Z,,,133,"Education, training and skills,GOV.UK homepage,Further and higher education, skills and vocational training,Further and higher education courses and qualifications",Department for Education,Department for Education,2024 Starmer Labour government,,,
https://www.gov.uk/guidance/apply-to-have-your-qualifications-regulated,Apply to have your qualifications regulated,detailed_guide,6028d4d3-7631-11e4-a3cb-005056011aef,en,whitehall,2012-09-20T23:00:00.000Z,2025-09-02T12:06:25.000Z,,,133,"Exam regulation and administration,Education, training and skills,School curriculum,GOV.UK homepage",Ofqual,Ofqual,2010 to 2015 Conservative and Liberal Democrat coalition government,,,
https://www.gov.uk/guidance/provide-information-about-your-banking-and-payments-to-dfe,Provide information about your banking and payments to DfE,detailed_guide,9bad2d0f-8b41-4d4a-8370-a625ba2eae3e,en,whitehall,2018-06-28T23:00:00.000Z,2024-04-12T09:01:51.000Z,,,130,"Corporate information,GOV.UK homepage,School and academy financial management and assurance,Education, training and skills,Money",Department for Education,Department for Education,2016 to 2019 May Conservative government,,,
https://www.gov.uk/guidance/benchmark-your-schools-financial-data,Benchmark your school’s financial data,detailed_guide,c59489ea-110d-4ef0-8ea2-d09237f818a8,en,whitehall,2021-03-23T00:00:00.000Z,2021-03-23T00:00:00.000Z,,,130,"Education, training and skills,Local authority schools financial reporting and assurance,Academy and academy trust finance and reporting,School and academy financial management and assurance,Financial management, reporting and assurances for 16 to 19 year olds funding,GOV.UK homepage",Department for Education,Department for Education,2019 to 2022 Johnson Conservative government,,,
https://www.gov.uk/school-meals-food-standards,School meals - food standards,answer,9054661c-7d23-40ba-90cc-202191de82be,en,publisher,2011-12-15T12:34:25.000Z,2014-11-17T17:48:25.000Z,,,129,"School food, accommodation, transport and uniform,GOV.UK homepage,Sending a child to school,Starting and attending school,Education, training and skills,Running and managing a school",Government Digital Service,Department for Education,,,,
https://www.gov.uk/guidance/senior-leadership-national-professional-qualification,Senior leadership national professional qualification,detailed_guide,71f06aba-631d-4f5c-9d7d-84bf54a482fd,en,whitehall,2023-09-19T23:00:00.000Z,2024-12-16T09:30:03.000Z,,,123,"Education, training and skills,School leadership,Teacher training and professional development,GOV.UK homepage,Teaching and leadership",Department for Education,Department for Education,2022 to 2024 Sunak Conservative government,,,
https://www.gov.uk/guidance/contracted-ofsted-inspectors-for-schools-and-further-education-and-skills,Contracted Ofsted inspectors for schools and further education and skills,detailed_guide,445eeda1-7613-4c5f-bac7-ea5d605a1f23,en,whitehall,2022-01-19T00:00:00.000Z,2025-06-26T12:00:02.000Z,,,122,"Inspection of further education and skills providers,Education, training and skills,GOV.UK homepage,Inspections and performance of education providers,Inspection of maintained schools and academies,Inspection and performance of further education providers,Inspection and performance of schools",Ofsted,Ofsted,2019 to 2022 Johnson Conservative government,,,
https://www.gov.uk/guidance/guidance-for-students-who-qualify-for-a-long-courses-loan,Guidance for students who qualify for a Long Courses Loan,detailed_guide,899981bf-1def-4209-ac04-0e5371f3a458,en,whitehall,2022-07-12T23:00:00.000Z,2026-01-19T16:22:51.000Z,,,122,"Financial help for students who are parents or carers,GOV.UK homepage,Funding and finance for students,Education, training and skills",Student Loans Company,Student Loans Company,2019 to 2022 Johnson Conservative government,,,
https://www.gov.uk/guidance/what-to-expect-from-your-disabled-students-allowance-dsa-needs-assessment,What to expect from your Disabled Students’ Allowance (DSA) Needs Assessment,detailed_guide,f978dae0-b370-45e0-bb64-3ec2e0071cac,en,whitehall,2024-12-20T00:00:00.000Z,2025-08-05T12:46:23.000Z,,,121,"GOV.UK homepage,Student loans,Education, training and skills,Funding and finance for students",Student Loans Company,Student Loans Company,2024 Starmer Labour government,,,
https://www.gov.uk/guidance/become-an-apprentice-at-dstl,Become an apprentice at Dstl,detailed_guide,1e768775-4826-4574-a54f-16648ca9615a,en,whitehall,2023-08-24T23:00:00.000Z,2026-02-17T15:25:02.000Z,,,120,"Becoming an apprentice,Types of apprenticeships,Apprenticeships, traineeships and internships,Education, training and skills,Further and higher education, skills and vocational training,GOV.UK homepage",Defence Science and Technology Laboratory,Defence Science and Technology Laboratory,2022 to 2024 Sunak Conservative government,,,
https://www.gov.uk/guidance/submit-a-school-land-transaction-proposal,Submit a school land transaction proposal,detailed_guide,826847ea-742f-484d-bb78-28694ca14007,en,whitehall,2021-02-10T00:00:00.000Z,2025-11-06T12:20:36.000Z,,,119,"School buildings and land transactions,GOV.UK homepage,Education, training and skills,School buildings and land,School buildings and land guidelines,Running and managing a school",Department for Education,Department for Education,2019 to 2022 Johnson Conservative government,,,
https://www.gov.uk/guidance/connect-the-classroom,Connect the classroom,detailed_guide,a876ca57-db53-4189-ae27-38d6b48656cb,en,whitehall,2023-06-06T23:00:00.000Z,2025-05-20T11:00:02.000Z,,,118,"Education, training and skills,GOV.UK homepage,Running and managing a school",Department for Education,Department for Education,2022 to 2024 Sunak Conservative government,,,
https://www.gov.uk/guidance/national-minimum-wage-work-experience-and-internships,Minimum wage: work experience and internships,detailed_guide,5e2ca188-7631-11e4-a3cb-005056011aef,en,whitehall,2013-05-15T10:35:00.000Z,2013-05-15T10:35:00.000Z,,,115,"Further and higher education, skills and vocational training,Hiring and training an intern or trainee,Work,Education, training and skills,GOV.UK homepage,Apprenticeships, traineeships and internships",Department for Business and Trade,"Department for Business and Trade,Department for Business, Energy & Industrial Strategy",2010 to 2015 Conservative and Liberal Democrat coalition government,,,
https://www.gov.uk/guidance/16-to-19-education-funding-guidance,16 to 19 education: funding guidance,detailed_guide,5f10a6c2-7631-11e4-a3cb-005056011aef,en,whitehall,2014-03-10T00:00:00.000Z,2023-03-30T12:05:57.000Z,,,115,"Funding for 16 to 19 year olds in schools,Further and higher education, skills and vocational training,Further education funding,Funding for different types of schools and settings,GOV.UK homepage,School and academy funding,Education, training and skills",Education and Skills Funding Agency,"Education and Skills Funding Agency,Department for Education",2010 to 2015 Conservative and Liberal Democrat coalition government,,,
https://www.gov.uk/guidance/supporting-your-child-or-partners-student-finance-application-in-3-easy-steps,Supporting your child or partner’s student finance application in three easy steps,detailed_guide,80ca9f87-7513-4eeb-a7d6-885b61ea9f60,en,whitehall,2021-05-16T23:00:00.000Z,2026-01-19T16:22:55.000Z,,,115,"Education, training and skills,GOV.UK homepage,Funding and finance for students,Student loans",Student Loans Company,Student Loans Company,2019 to 2022 Johnson Conservative government,,,
https://www.gov.uk/guidance/make-a-claim-through-the-risk-protection-arrangement-rpa,Make a claim through the risk protection arrangement (RPA),detailed_guide,ebe7dfe7-f806-4251-be85-5cd25ad0298a,en,whitehall,2024-03-27T00:00:00.000Z,2025-08-20T11:14:51.000Z,,,111,"School and academy financial management and assurance,School procurement,GOV.UK homepage,Education, training and skills",Department for Education,Department for Education,2022 to 2024 Sunak Conservative government,,,
https://www.gov.uk/guidance/dfe-education-and-skills-agreements-and-accountability-agreements-2025-to-2026,DfE education and skills agreements and accountability agreements: 2025 to 2026,detailed_guide,9f23d91d-dafb-43ef-94a8-09c5cc64f5e9,en,whitehall,2025-05-19T23:00:00.000Z,2026-02-11T10:54:56.000Z,,,110,"Further education funding,Further and higher education, skills and vocational training,GOV.UK homepage,Education, training and skills",Department for Education,Department for Education,2024 Starmer Labour government,,,
https://www.gov.uk/guidance/academies-funding-allocations,Academies revenue funding allocations,detailed_guide,5f1328dd-7631-11e4-a3cb-005056011aef,en,whitehall,2014-03-11T00:00:00.000Z,2025-12-17T13:24:04.000Z,,,109,"GOV.UK homepage,Funding for different types of schools and settings,School and academy funding,Academy funding,Education, training and skills",Department for Education,Department for Education,2010 to 2015 Conservative and Liberal Democrat coalition government,,,
https://www.gov.uk/career-development-loans,Professional and Career Development Loans,answer,cd69a882-474a-4dd9-9689-adde2fcd618c,en,publisher,2011-12-20T16:08:01.000Z,2016-11-01T11:49:58.772Z,,,109,"Funding and finance for students,GOV.UK homepage,Student loans,Education, training and skills",Government Digital Service,"Department for Education,Education and Skills Funding Agency",,,,
https://www.gov.uk/guidance/how-to-become-a-contracted-ofsted-inspector,How to become a contracted Ofsted inspector,detailed_guide,bcb12997-633a-4982-afb6-7531f1dc529c,en,whitehall,2022-01-19T00:00:00.000Z,2023-01-10T15:27:26.000Z,,,107,"Inspection of children's social care providers,GOV.UK homepage,Inspection of further education and skills providers,Parenting, childcare and children's services ,Inspections and performance of education providers,Inspection and performance of schools,Safeguarding and social care for children,Children's social care providers,Education, training and skills,Inspection and performance of further education providers,Inspection of maintained schools and academies",Ofsted,Ofsted,2019 to 2022 Johnson Conservative government,,,
https://www.gov.uk/guidance/provide-official-dvsa-driving-e-learning-for-learners-or-drivers,Provide official DVSA driving e-learning for learners or drivers,detailed_guide,fca17a99-143f-43bb-ac0e-98f4cc969d81,en,whitehall,2024-02-15T00:00:00.000Z,2024-09-30T15:22:47.000Z,,,107,"Driving and motorcycle tests,Transport businesses and vehicle operator licences,Library services,Theory tests,Further and higher education, skills and vocational training,Employing drivers,Transport,Education, training and skills,Adult learning,Driving and road transport,Arts and culture,Personal, social, health and economic education,GOV.UK homepage,Society and culture,School curriculum",Driver and Vehicle Standards Agency,Driver and Vehicle Standards Agency,2022 to 2024 Sunak Conservative government,,,
https://www.gov.uk/guidance/share-your-daily-school-attendance-data,Share your daily school attendance data,detailed_guide,a12f6f1a-10d2-4b19-9a4d-97669e82b09a,en,whitehall,2022-03-14T00:00:00.000Z,2025-12-19T09:15:23.000Z,,,104,"Data collection and censuses for schools,School attendance and absence,Running and managing a school,GOV.UK homepage,Pupil wellbeing, behaviour and attendance,Education, training and skills",Department for Education,Department for Education,2019 to 2022 Johnson Conservative government,,,
https://www.gov.uk/guidance/apprenticeship-gateway-and-resits-for-end-point-assessment-epa,Apprenticeship gateway and resits for end-point assessment (EPA),detailed_guide,f4727796-7e8f-4acb-b5e4-7e9113c1503b,en,whitehall,2020-02-14T00:00:00.000Z,2022-01-26T08:11:28.000Z,,,99,"Further education funding,Further and higher education, skills and vocational training,GOV.UK homepage,Apprenticeships funding,Education, training and skills",Department for Education,Department for Education,2019 to 2022 Johnson Conservative government,,,
https://www.gov.uk/guidance/tell-hmrc-about-a-student-loan-in-your-tax-return,Tell HMRC about a student or postgraduate loan in your tax return,detailed_guide,06e683e5-f026-4214-819b-7ebd232a884c,en,whitehall,2016-12-29T00:00:00.000Z,2025-06-17T08:06:40.000Z,,,98,"Money,Education, training and skills,Funding and finance for students,GOV.UK homepage,Student loans,Income Tax,Personal tax,Self Assessment",HM Revenue & Customs,HM Revenue & Customs,2016 to 2019 May Conservative government,,,
https://www.gov.uk/guidance/payments-for-contracted-ofsted-inspectors,Payments for contracted Ofsted inspectors,detailed_guide,e708b90f-0dd7-48db-b8c3-7f76d2886c5e,en,whitehall,2022-01-19T00:00:00.000Z,2025-06-26T12:00:02.000Z,,,96,"GOV.UK homepage,Inspection of further education and skills providers,Inspection and performance of schools,Inspection and performance of further education providers,Inspection of maintained schools and academies,Education, training and skills,Inspections and performance of education providers",Ofsted,Ofsted,2019 to 2022 Johnson Conservative government,,,
https://www.gov.uk/guidance/introduction-to-qualification-achievement-rates-qars,Introduction to Qualification Achievement Rates (QARs),detailed_guide,41575994-ff14-4ade-9207-e24b52c5ff85,en,whitehall,2023-01-25T00:00:00.000Z,2025-06-18T08:00:15.000Z,,,96,"Further education funding,Education, training and skills,GOV.UK homepage,Further and higher education, skills and vocational training,Further education financial management and data collection",Department for Education,Department for Education,2022 to 2024 Sunak Conservative government,,,
https://www.gov.uk/guidance/understanding-scaled-scores-at-key-stage-1,Understanding scaled scores at key stage 1,detailed_guide,8a7ca3be-81b6-4417-a91e-a8b8ec54253a,en,whitehall,2019-06-02T23:00:00.000Z,2025-05-01T08:00:02.000Z,,,95,"Tests and assessments (key stage 1),School curriculum,Education, training and skills,GOV.UK homepage,Primary curriculum, key stage 1",Standards and Testing Agency,Standards and Testing Agency,2016 to 2019 May Conservative government,,,
https://www.gov.uk/guidance/school-level-annual-school-census,School-level annual school census: guide to submitting data,detailed_guide,5f1da38a-7631-11e4-a3cb-005056011aef,en,whitehall,2014-03-25T00:00:00.000Z,2025-11-07T09:37:45.000Z,,,93,"GOV.UK homepage,Running and managing a school,Education, training and skills,Data collection and censuses for schools,School censuses and school-level annual school censuses (SLASC)",Department for Education,Department for Education,2010 to 2015 Conservative and Liberal Democrat coalition government,,,
https://www.gov.uk/guidance/significant-changes-to-an-academy-tier-1-application-form,Significant changes to an academy: tier 1 application form,detailed_guide,5b4201ba-bc36-42c0-bc43-35b603277206,en,whitehall,2026-02-12T10:00:09.000Z,2026-02-12T10:00:09.000Z,,,91,"GOV.UK homepage,School governance,Education, training and skills,Running and managing a school,Setting up or changing the status of a school,Set up and develop a multi-academy trust (MAT)",Department for Education,Department for Education,2024 Starmer Labour government,,,
https://www.gov.uk/complain-further-education-apprenticeship,Complain about a further education college or apprenticeship,answer,8dcf76a3-cae1-4471-89ab-0210a97761d0,en,publisher,2013-03-05T16:40:09.000Z,2014-12-01T10:59:02.000Z,,,91,"Becoming an apprentice,Education, training and skills,Further and higher education, skills and vocational training,Apprenticeships, traineeships and internships,GOV.UK homepage",Government Digital Service,Department for Education,,,,
https://www.gov.uk/guidance/dcdc-internship-programme,Defence Futures and Force Design internship programme,detailed_guide,b9b96b2d-4b38-42fd-b1d5-21353d515777,en,whitehall,2021-02-26T00:00:00.000Z,2026-02-02T09:00:07.000Z,,,91,"Education, training and skills,GOV.UK homepage,Defence and armed forces,Apprenticeships, traineeships and internships,Further and higher education, skills and vocational training",Ministry of Defence,Ministry of Defence,2019 to 2022 Johnson Conservative government,,,
https://www.gov.uk/guidance/ai-exemplars-programme,AI Exemplars programme,detailed_guide,8aedab24-deae-4f1e-a45c-daff5a206d8d,en,whitehall,2025-08-16T23:00:00.000Z,2026-01-29T11:01:15.000Z,,,91,"Planning and building,Government efficiency, transparency and accountability,Entering and staying in the UK,Courts, sentencing and tribunals,Education, training and skills,Science and innovation,Economic growth,Government missions,National Health Service,Artificial intelligence,Government,Business and industry,Refugees, asylum and human rights,Housing, local and community,Crime, justice and law,GOV.UK homepage,NHS efficiency,Health and social care","Department for Science, Innovation and Technology","Department for Science, Innovation and Technology",2024 Starmer Labour government,,,
https://www.gov.uk/guidance/school-admissions-arrangements,School admission arrangements,detailed_guide,a7927d16-351e-4145-b6d7-c22366684650,en,whitehall,2022-08-15T23:00:00.000Z,2026-01-09T13:32:01.000Z,,,90,"GOV.UK homepage,Running and managing a school,Education, training and skills,School admissions",Office of the Schools Adjudicator,Office of the Schools Adjudicator,2019 to 2022 Johnson Conservative government,,,
https://www.gov.uk/guidance/analyse-school-performance-asp,Analyse School Performance (ASP),detailed_guide,00e6aac4-4468-4eb9-a481-0b2d714e0969,en,whitehall,2024-08-21T14:49:00.000Z,2024-08-21T14:49:00.000Z,,,90,"Inspections and performance of education providers,Inspection and performance of schools,Education, training and skills,GOV.UK homepage",Department for Education,Department for Education,2024 Starmer Labour government,,,
https://www.gov.uk/guidance/guidance-for-students-parents-and-partners-providing-evidence-to-support-a-student-finance-application,"Guidance for students, parents and partners providing evidence to support a student finance application",detailed_guide,48d863d2-2cde-4644-a7f5-41342d780901,en,whitehall,2021-04-18T23:00:00.000Z,2025-10-22T10:46:18.000Z,,,89,"Funding and finance for students,Education, training and skills,GOV.UK homepage,Student loans",Student Loans Company,Student Loans Company,2019 to 2022 Johnson Conservative government,,,
https://www.gov.uk/guidance/training-for-leaders-in-the-civil-service-and-public-sector,Leadership and management courses,detailed_guide,453481da-4e33-4a7c-8bd5-79063c880b4e,en,whitehall,2022-04-10T23:00:00.000Z,2024-01-29T15:24:20.000Z,,,87,"Government,Education, training and skills,GOV.UK homepage",Government Skills,Government Skills,2019 to 2022 Johnson Conservative government,,,
https://www.gov.uk/careers-helpline-for-teenagers,Careers helpline for teenagers,answer,04089729-ef93-49b9-80f7-68264f697ba0,en,publisher,2012-10-16T20:56:08.000Z,2017-04-06T14:41:32.219Z,,,87,"GOV.UK homepage,Education, training and skills,Careers guidance in schools,Further and higher education, skills and vocational training,Running and managing a school,Careers guidance in further and higher education",Government Digital Service,"Department for Education,Department for Work and Pensions",,,,
https://www.gov.uk/guidance/ofsted-parent-view-toolkit-for-schools,Ofsted Parent View: guidance for schools,detailed_guide,b99d5d6d-d451-4d8b-9a12-6c5a28fff0a1,en,whitehall,2019-07-08T23:00:00.000Z,2025-11-27T09:30:02.000Z,,,86,"Education, training and skills,Inspection and performance of schools,GOV.UK homepage,Inspections and performance of education providers",Ofsted,Ofsted,2016 to 2019 May Conservative government,,,
https://www.gov.uk/guidance/early-years-leadership-national-professional-qualification,Early years leadership national professional qualification,detailed_guide,61bc0359-edc5-40bc-9bfd-5fb6a1f2e4a3,en,whitehall,2023-09-19T23:00:00.000Z,2024-12-16T09:30:03.000Z,,,85,"Teaching and leadership,Teacher training and professional development,Education, training and skills,School leadership,GOV.UK homepage",Department for Education,Department for Education,2022 to 2024 Sunak Conservative government,,,
https://www.gov.uk/guidance/blowing-the-whistle-to-the-department-for-education,Blowing the whistle to the Department for Education,detailed_guide,833318af-0988-4333-a6fe-6fefa88cd08a,en,whitehall,2025-06-10T15:53:38.000Z,2025-06-10T15:53:38.000Z,,,85,"School complaints and whistleblowing,Running and managing a school,GOV.UK homepage,Education, training and skills",Department for Education,Department for Education,2024 Starmer Labour government,,,
https://www.gov.uk/guidance/consistent-financial-reporting-framework-cfr,Consistent financial reporting (CFR) framework,detailed_guide,f786bf65-8b9b-41f3-a9bb-b44e9be2bf68,en,whitehall,2015-04-20T23:00:00.000Z,2025-04-10T09:04:01.000Z,,,84,"Local authority schools financial reporting and assurance,Education, training and skills,School and academy financial management and assurance,GOV.UK homepage",Education and Skills Funding Agency,"Education and Skills Funding Agency,Department for Education",2010 to 2015 Conservative and Liberal Democrat coalition government,,,
https://www.gov.uk/guidance/tell-ofsted-you-want-to-contract-as-an-inspector,Tell Ofsted you want to contract as an inspector,detailed_guide,e97d2303-5155-431d-af2a-87a211f6226e,en,whitehall,2022-01-19T00:00:00.000Z,2023-02-03T12:28:09.000Z,,,83,"GOV.UK homepage,Childcare and early years,Providing childcare,Inspection and performance of further education providers,Children's social care providers,Education, training and skills,Inspections and performance of education providers,Safeguarding and social care for children,Inspection and performance of schools,Parenting, childcare and children's services ,Inspection of further education and skills providers,Inspection of children's social care providers,Inspection of maintained schools and academies",Ofsted,Ofsted,2019 to 2022 Johnson Conservative government,,,
https://www.gov.uk/guidance/fe-capital-funding,Further education capital funding,detailed_guide,73f2802b-5355-4b53-8fcd-f2e6b15c3527,en,whitehall,2022-06-28T23:00:00.000Z,2026-02-10T10:00:01.000Z,,,82,"School and academy funding,Further education buildings and land,Further education funding,Further and higher education, skills and vocational training,Funding for school buildings and land,GOV.UK homepage,Education, training and skills",Department for Education,Department for Education,2019 to 2022 Johnson Conservative government,,,
https://www.gov.uk/student-finance-for-existing-students,Student finance if you started before 1 August 2016,guide,172f78cc-590a-4167-9543-0f5975ca9752,en,publisher,2012-10-16T16:48:00.000Z,2025-02-03T11:42:07.447Z,,,82,"Student loans,GOV.UK homepage,Education, training and skills,Funding and finance for students,Student grants, bursaries and scholarships",Government Digital Service,Student Loans Company,,,,
https://www.gov.uk/guidance/redundancy-support-for-apprentices,Redundancy support for apprentices,detailed_guide,48eefc88-feee-4ee9-9689-b21debd0bc2a,en,whitehall,2020-12-22T00:00:00.000Z,2021-12-17T08:00:06.000Z,,,81,"Further and higher education, skills and vocational training,GOV.UK homepage,Apprenticeships, traineeships and internships,Education, training and skills",Department for Education,Department for Education,2019 to 2022 Johnson Conservative government,,,
https://www.gov.uk/guidance/leading-behaviour-and-culture-national-professional-qualification,Leading behaviour and culture national professional qualification,detailed_guide,c78273ed-920d-4e7e-80ba-c1c6dccf1fea,en,whitehall,2023-09-19T23:00:00.000Z,2024-12-16T09:30:02.000Z,,,78,"Teaching and leadership,Teacher training and professional development,GOV.UK homepage,School leadership,Education, training and skills",Department for Education,Department for Education,2022 to 2024 Sunak Conservative government,,,
https://www.gov.uk/music-dance-scheme,Music and Dance Scheme: funding for students,answer,6b905674-a660-4b16-9435-63282efefc4c,en,publisher,2014-12-01T17:14:18.000Z,2015-04-22T13:14:30.000Z,,,78,"School curriculum,Spiritual, moral, social and cultural development,Education, training and skills,GOV.UK homepage",Government Digital Service,Department for Education,,,,
https://www.gov.uk/guidance/key-stage-2-tests-varying-the-test-timetable,Key stage 2 tests: varying the test timetable,detailed_guide,63bc0663-e0a8-4d8b-a815-c012a31705a9,en,whitehall,2019-12-17T00:00:00.000Z,2026-02-09T09:00:06.000Z,,,78,"Exam regulation and administration,GOV.UK homepage,School curriculum,Education, training and skills,Tests and assessments (key stage 2),Primary curriculum, key stage 2",Standards and Testing Agency,Standards and Testing Agency,2019 to 2022 Johnson Conservative government,,,
https://www.gov.uk/guidance/complete-the-pe-and-sport-premium-expenditure-reporting-return,Complete the PE and sport premium expenditure reporting return,detailed_guide,00a0b4a3-d483-4a91-9255-705fb141a59b,en,whitehall,2025-06-10T23:00:00.000Z,2025-09-01T08:00:03.000Z,,,76,"School and academy funding,Pupil premium and other school premiums ,GOV.UK homepage,Education, training and skills",Department for Education,Department for Education,2024 Starmer Labour government,,,
https://www.gov.uk/guidance/leading-teaching-national-professional-qualification,Leading teaching national professional qualification,detailed_guide,a91490c4-87ab-4a52-aeb2-5047d7292177,en,whitehall,2023-09-19T23:00:00.000Z,2024-12-16T09:30:03.000Z,,,76,"Education, training and skills,School leadership,Teacher training and professional development,GOV.UK homepage,Teaching and leadership",Department for Education,Department for Education,2022 to 2024 Sunak Conservative government,,,
https://www.gov.uk/guidance/taking-teaching-further-programme,Taking Teaching Further programme,detailed_guide,8513a9b5-e677-4594-a847-949b12ae57b3,en,whitehall,2021-05-25T23:00:00.000Z,2025-07-04T16:01:00.000Z,,,74,"Further and higher education, skills and vocational training,GOV.UK homepage,Education, training and skills",Department for Education,Department for Education,2019 to 2022 Johnson Conservative government,,,
https://www.gov.uk/guidance/education-inspection-framework-engagement-programme,Education inspection framework: engagement programme,detailed_guide,be35df7f-cf89-4c61-b5f8-fd90d94aec99,en,whitehall,2025-07-09T23:00:00.000Z,2025-11-04T10:25:30.000Z,,,74,"Inspections and performance of education providers,GOV.UK homepage,Education, training and skills",Ofsted,Ofsted,2024 Starmer Labour government,,,
https://www.gov.uk/guidance/awarding-organisations-understanding-our-regulatory-requirements,Understand our rules,detailed_guide,602802d7-7631-11e4-a3cb-005056011aef,en,whitehall,2014-11-19T00:00:00.000Z,2025-09-16T15:26:49.000Z,,,72,"School curriculum,GOV.UK homepage,Exam regulation and administration,Education, training and skills",Ofqual,Ofqual,2010 to 2015 Conservative and Liberal Democrat coalition government,,,
https://www.gov.uk/guidance/techexpert,TechExpert,detailed_guide,889f2bbf-b9dd-4a57-bd0c-acd47d86d273,en,whitehall,2025-12-04T00:00:00.000Z,2026-01-30T17:09:18.000Z,,,71,"GOV.UK homepage,Business and industry,Education, training and skills,Science and innovation","Department for Science, Innovation and Technology","Department for Science, Innovation and Technology",2024 Starmer Labour government,,,
https://www.gov.uk/guidance/student-loan-cancellation-if-a-customer-dies,Student loan cancellation - if a customer dies,detailed_guide,28598b5e-606c-467f-9702-e38cab4e9361,en,whitehall,2019-08-12T23:00:00.000Z,2025-02-12T14:44:23.000Z,,,71,"Education, training and skills,Student loans,Funding and finance for students,GOV.UK homepage",Student Loans Company,Student Loans Company,2019 to 2022 Johnson Conservative government,,,
https://www.gov.uk/guidance/renew-your-disability-confident-status,Renew your Disability Confident status,detailed_guide,35b99413-83a0-4b0b-aa82-4c2ffe2c3b2f,en,whitehall,2021-05-24T11:07:00.000Z,2021-05-24T11:07:00.000Z,,,69,"GOV.UK homepage,Work,Education, training and skills,Work and disabled people,Welfare,Health and social care,Disabled people,Disability rights",Department for Work and Pensions,Department for Work and Pensions,2019 to 2022 Johnson Conservative government,,,
https://www.gov.uk/guidance/set-up-and-manage-the-early-career-teacher-entitlement,Set up and manage the early career teacher entitlement,detailed_guide,da365394-71e4-4e72-a8db-b943029692a8,en,whitehall,2025-04-21T23:00:00.000Z,2025-08-27T10:05:51.000Z,,,69,"Teaching and leadership,GOV.UK homepage,Education, training and skills,Teacher training and professional development",Department for Education,Department for Education,2024 Starmer Labour government,,,
https://www.gov.uk/guidance/academies-accounts-direction,Academies accounts direction and submitting your audited financial statements,detailed_guide,345da330-b98d-4978-88e0-a3392d853267,en,whitehall,2015-06-11T23:00:00.000Z,2025-10-13T11:00:07.000Z,,,68,"Academy and academy trust finance and reporting,GOV.UK homepage,Education, training and skills,School and academy financial management and assurance",Department for Education,"Department for Education,Education and Skills Funding Agency",2015 to 2016 Cameron Conservative government,,,
https://www.gov.uk/guidance/condition-data-collection-2-cdc2-programme,Condition Data Collection 2 (CDC2) programme,detailed_guide,afb3d21c-8fe9-411c-8e41-4dbf2d4773d0,en,whitehall,2020-12-07T00:00:00.000Z,2024-10-10T09:00:02.000Z,,,68,"School buildings and land,GOV.UK homepage,Running and managing a school,Education, training and skills,Data collection and censuses for schools",Department for Education,Department for Education,2019 to 2022 Johnson Conservative government,,,
https://www.gov.uk/guidance/becoming-an-apprenticeship-training-provider,Becoming an apprenticeship training provider,detailed_guide,2884c42c-e061-43bb-87af-e2c34330d090,en,whitehall,2018-11-26T00:00:00.000Z,2025-07-25T15:54:21.000Z,,,67,"Further and higher education, skills and vocational training,Education, training and skills,Apprenticeships funding,Apprenticeships, traineeships and internships,GOV.UK homepage,Further education funding",Department for Education,Department for Education,2016 to 2019 May Conservative government,,,
https://www.gov.uk/guidance/what-to-do-if-youre-in-financial-hardship,What to do if you’re in financial hardship,detailed_guide,4bd8f700-7b04-437c-a4f2-bc02c70b5b23,en,whitehall,2022-08-05T15:05:00.000Z,2022-11-29T16:54:36.000Z,,,66,"GOV.UK homepage,Student loans,Education, training and skills,Funding and finance for students",Student Loans Company,Student Loans Company,2019 to 2022 Johnson Conservative government,,,
https://www.gov.uk/health-safety-school-children,Health and safety for school children,answer,a96f3750-f098-4892-99f9-42ddee5fd84e,en,publisher,2011-12-12T12:04:24.000Z,2015-07-17T13:16:56.000Z,,,65,"Pupil wellbeing, behaviour and attendance,Education, training and skills,Starting and attending school,Health, safety and wellbeing in schools,GOV.UK homepage,Dealing with problems at school",Government Digital Service,"Department for Education,Health and Safety Executive",,,,
https://www.gov.uk/guidance/glossary-education-inspection-terminology,Glossary: education inspection terminology,detailed_guide,5aed31e6-a711-4e8b-8a49-7826639d7ab0,en,whitehall,2025-09-08T23:01:03.000Z,2025-09-08T23:01:03.000Z,,,64,"Inspections and performance of education providers,GOV.UK homepage,Education, training and skills",Ofsted,Ofsted,2024 Starmer Labour government,,,
https://www.gov.uk/guidance/teaching-sia-licence-linked-training-courses,Teaching SIA licence-linked training courses,detailed_guide,05566ee7-2f5f-4abc-903c-7a5ee4ebb88b,en,whitehall,2020-10-04T23:00:00.000Z,2024-11-07T17:11:43.000Z,,,64,"Further and higher education, skills and vocational training,GOV.UK homepage,Business regulation,Business and industry,Education, training and skills",Security Industry Authority,Security Industry Authority,2019 to 2022 Johnson Conservative government,,,
https://www.gov.uk/guidance/civil-service-fast-track-apprenticeship-fast-track-schemes,Civil Service Fast Track Apprenticeship schemes,detailed_guide,63febc8f-f008-456f-b100-4488e0ee15c9,en,whitehall,2016-01-11T14:42:00.000Z,2017-02-20T15:26:25.000Z,,,64,"Civil service reform,Government technology and digital services,Work,Government efficiency, transparency and accountability,Further and higher education, skills and vocational training,Government,Education, training and skills,Job roles and talent acquisition ,Government reform ,GOV.UK homepage,Digital transformation",Civil Service Fast Track Apprenticeship,Civil Service Fast Track Apprenticeship,2015 to 2016 Cameron Conservative government,,,
https://www.gov.uk/guidance/offer-a-teacher-degree-apprenticeship,Offer a teacher degree apprenticeship,detailed_guide,37ad5425-cf99-46a0-8feb-0230aca3eaf2,en,whitehall,2024-12-12T00:00:00.000Z,2024-12-12T00:00:00.000Z,,,64,"Further and higher education, skills and vocational training,GOV.UK homepage,Education, training and skills,Apprenticeships, traineeships and internships,Funding and finance for students",Department for Education,Department for Education,2024 Starmer Labour government,,,
https://www.gov.uk/guidance/apply-for-funding-for-a-regulated-qualification,Apply for funding for a regulated qualification,detailed_guide,69b8c7ff-f1e3-485c-8cf8-bc123a66c0c3,en,whitehall,2025-08-19T12:40:05.000Z,2025-08-19T12:40:05.000Z,,,63,"Education, training and skills,Further and higher education courses and qualifications,Further and higher education, skills and vocational training,GOV.UK homepage",Department for Education,Department for Education,2024 Starmer Labour government,,,
https://www.gov.uk/guidance/guidance-for-students-from-scotland,Guidance for students from Scotland,detailed_guide,800b0729-2d66-4dde-9f53-92c0937a35a9,en,whitehall,2020-08-26T23:00:00.000Z,2026-01-08T13:09:11.000Z,,,63,"Education, training and skills,GOV.UK homepage,Student loans,Funding and finance for students",Student Loans Company,Student Loans Company,2019 to 2022 Johnson Conservative government,,,
https://www.gov.uk/guidance/headship-national-professional-qualification,Headship national professional qualification,detailed_guide,12af09f6-0a1a-46df-9edf-a8734e641fdd,en,whitehall,2023-09-19T23:00:00.000Z,2024-12-16T09:30:02.000Z,,,63,"GOV.UK homepage,Teacher training and professional development,Education, training and skills,School leadership,Teaching and leadership",Department for Education,Department for Education,2022 to 2024 Sunak Conservative government,,,
https://www.gov.uk/guidance/report-a-serious-child-safeguarding-incident,Report the death or serious harm of a child or care leaver,detailed_guide,223d9505-2d9c-46ef-9854-c9e169e37479,en,whitehall,2018-06-28T23:00:00.000Z,2025-09-30T11:42:19.000Z,,,63,"Pupil wellbeing, behaviour and attendance,Child and family social work,Children's social care providers,Safeguarding pupils,Preventing neglect, abuse and exploitation,Education, training and skills,Inspection of children's social care providers,GOV.UK homepage,Incidents, concerns and feedback about children's social care providers,Safeguarding and child protection,Safeguarding and social care for children,Parenting, childcare and children's services ",Department for Education,"Department for Education,Child Safeguarding Practice Review Panel,Ofsted",2016 to 2019 May Conservative government,,,
https://www.gov.uk/residential-support-scheme,Get funding for college accommodation,guide,d1ff73cb-a491-4ae0-9cc2-bfbbaff1619a,en,publisher,2012-01-25T15:57:44.000Z,2015-09-11T15:23:40.000Z,,,62,"Education, training and skills,GOV.UK homepage,Student grants, bursaries and scholarships,Funding and finance for students",Government Digital Service,Department for Education,,,,
https://www.gov.uk/guidance/early-years-foundation-stage-exemplification-materials,Early years foundation stage: exemplification materials,detailed_guide,3c276c5f-9316-4c8d-8c81-4cc5e09e1ba6,en,whitehall,2022-03-08T00:00:00.000Z,2025-09-08T15:00:01.000Z,,,60,"Education, training and skills,School curriculum,GOV.UK homepage,Early years curriculum",Department for Education,Department for Education,2019 to 2022 Johnson Conservative government,,,
https://www.gov.uk/guidance/16-to-19-education-funding-allocations,16 to 19 funding allocations,detailed_guide,5f10a70d-7631-11e4-a3cb-005056011aef,en,whitehall,2014-03-10T00:00:00.000Z,2025-09-19T13:20:11.000Z,,,60,"Education, training and skills,Further education funding,Further and higher education, skills and vocational training,GOV.UK homepage,Funding for different types of schools and settings,School and academy funding,Funding for 16 to 19 year olds in schools",Education and Skills Funding Agency,"Education and Skills Funding Agency,Department for Education",2010 to 2015 Conservative and Liberal Democrat coalition government,,,
https://www.gov.uk/guidance/receive-a-levy-transfer-from-another-business-to-fund-an-apprenticeship,Receive a levy transfer from another business to fund an apprenticeship,detailed_guide,ae1474c9-ea3e-4190-a8f0-96553b84627b,en,whitehall,2021-09-26T23:00:00.000Z,2021-09-26T23:00:00.000Z,,,60,"Further education funding,Apprenticeships funding,GOV.UK homepage,Further and higher education, skills and vocational training,Apprenticeships, traineeships and internships,Education, training and skills",Department for Education,Department for Education,2019 to 2022 Johnson Conservative government,,,
https://www.gov.uk/guidance/safeguarding-and-remote-education,Safeguarding and remote education,detailed_guide,1acf5090-6bc6-4bbe-9cec-436e29384629,en,whitehall,2021-03-10T00:00:00.000Z,2022-11-24T11:29:33.000Z,,,59,"GOV.UK homepage,Education, training and skills,Running and managing a school",Department for Education,Department for Education,2019 to 2022 Johnson Conservative government,,,
https://www.gov.uk/guidance/public-sector-leadership-development,Public Sector Leadership Development,detailed_guide,b74e6718-821d-48ce-bf37-5e99b5393834,en,whitehall,2023-04-05T23:00:00.000Z,2026-02-04T16:53:28.000Z,,,59,"Government,Education, training and skills,GOV.UK homepage",Government Skills,"Government Skills,Leadership College for Government",2022 to 2024 Sunak Conservative government,,,
https://www.gov.uk/guidance/learn-to-speak-read-and-write-english-homes-for-ukraine,"Learn to speak, read and write English: Homes for Ukraine",detailed_guide,54f9830d-ec35-4706-94d4-c66f9a0ce551,en,whitehall,2023-01-16T00:00:00.000Z,2025-11-03T12:18:34.000Z,,,57,"Society and culture,Education, training and skills,GOV.UK homepage,Community and society","Ministry of Housing, Communities and Local Government","Ministry of Housing, Communities and Local Government,Department for Levelling Up, Housing and Communities ",2022 to 2024 Sunak Conservative government,,,
https://www.gov.uk/guidance/getting-paid-as-a-childcare-provider,Getting paid as a childcare provider,detailed_guide,324c99ad-deb2-4f28-8fcf-ed39259ab53d,en,whitehall,2019-06-26T15:34:00.000Z,2021-10-01T08:49:57.000Z,,,57,"Education, training and skills,GOV.UK homepage,Student grants, bursaries and scholarships,Funding and finance for students",Student Loans Company,Student Loans Company,2016 to 2019 May Conservative government,,,
https://www.gov.uk/guidance/national-school-breakfast-club-programme,National school breakfast club programme,detailed_guide,cb9184ef-997a-4994-9c60-41fb61ea397d,en,whitehall,2022-11-24T00:00:00.000Z,2025-11-20T15:35:58.000Z,,,57,"Education, training and skills,Health, safety and wellbeing in schools,Education of disadvantaged children,GOV.UK homepage,Pupil wellbeing, behaviour and attendance",Department for Education,Department for Education,2022 to 2024 Sunak Conservative government,,,
https://www.gov.uk/guidance/higher-education-short-course-loans,Higher Education Short Course Loans,detailed_guide,5b745fee-d4e6-4c4f-bc47-de7bf7d01270,en,whitehall,2022-04-24T23:00:00.000Z,2025-09-26T09:44:13.000Z,,,56,"Further and higher education courses and qualifications,Student loans,Further and higher education, skills and vocational training,GOV.UK homepage,Funding and finance for students,Education, training and skills",Student Loans Company,Student Loans Company,2019 to 2022 Johnson Conservative government,,,
https://www.gov.uk/guidance/complete-the-care-to-learn-and-16-to-19-bursary-fund-for-defined-vulnerable-groups-funding-claim,Complete the Care to Learn and 16 to 19 Bursary Fund for defined vulnerable groups funding claim,detailed_guide,97859686-a093-470d-a8c3-50b14034e1aa,en,whitehall,2025-09-07T23:00:00.000Z,2026-01-05T12:10:34.000Z,,,54,"GOV.UK homepage,Further education financial management and data collection,Financial management for further education providers,Education, training and skills,Further and higher education, skills and vocational training",Department for Education,Department for Education,2024 Starmer Labour government,,,
https://www.gov.uk/guidance/how-to-get-your-first-payment-if-youre-applying-late,How to get your first payment if you’re applying late,detailed_guide,a3a3908a-9c07-45e0-903f-bce8dbcaa916,en,whitehall,2021-08-16T23:00:00.000Z,2025-08-12T09:36:29.000Z,,,54,"Education, training and skills,Funding and finance for students,Student loans,GOV.UK homepage",Student Loans Company,Student Loans Company,2019 to 2022 Johnson Conservative government,,,
https://www.gov.uk/guidance/apply-for-department-for-education-dfe-personal-data,Apply for Department for Education (DfE) personal data,detailed_guide,dcd13e06-58cf-4c06-bd3a-36c320a0472a,en,whitehall,2022-01-07T00:00:00.000Z,2025-12-09T08:56:40.000Z,,,54,"Education, training and skills,Running and managing a school,GOV.UK homepage,Data collection and censuses for schools",Department for Education,Department for Education,2019 to 2022 Johnson Conservative government,,,
https://www.gov.uk/guidance/special-educational-needs-survey,Special educational needs survey: guide to submitting data,detailed_guide,5f1d3d97-7631-11e4-a3cb-005056011aef,en,whitehall,2014-03-25T00:00:00.000Z,2026-01-16T15:25:43.000Z,,,52,"Running and managing a school,Special educational needs surveys,Education, training and skills,Data collection and censuses for schools,GOV.UK homepage",Department for Education,Department for Education,2010 to 2015 Conservative and Liberal Democrat coalition government,,,
https://www.gov.uk/guidance/key-stage-2-tests-how-to-access-results-and-test-scripts,Key stage 2 tests: how to access results and test scripts,detailed_guide,5fa61c01-7631-11e4-a3cb-005056011aef,en,whitehall,2014-07-07T23:00:00.000Z,2025-06-09T08:30:00.000Z,,,52,"Primary curriculum, key stage 2,Education, training and skills,School curriculum,Tests and assessments (key stage 2),GOV.UK homepage",Standards and Testing Agency,Standards and Testing Agency,2010 to 2015 Conservative and Liberal Democrat coalition government,,,
https://www.gov.uk/guidance/adult-education-and-skills-funding-allocations,Adult education and skills funding allocations,detailed_guide,a1bf8028-3ec7-40d4-a31b-07a0e0c8f48c,en,whitehall,2025-03-18T00:00:00.000Z,2026-02-04T11:01:31.000Z,,,51,"Education, training and skills,Further and higher education, skills and vocational training,GOV.UK homepage,Further education funding",Department for Education,Department for Education,2024 Starmer Labour government,,,
https://www.gov.uk/guidance/academies-accounts-return,Academies accounts return,detailed_guide,585baf1c-a5d9-49b6-929d-53369f637031,en,whitehall,2017-09-27T23:00:00.000Z,2026-01-29T09:00:04.000Z,,,51,"Academy and academy trust finance and reporting,Education, training and skills,GOV.UK homepage,School and academy financial management and assurance",Department for Education,Department for Education,2016 to 2019 May Conservative government,,,
https://www.gov.uk/guidance/school-resource-management-training-and-support,School business professionals: training and development,detailed_guide,eb13bb82-bd79-4475-8f86-b38d5646f751,en,whitehall,2019-01-25T00:00:00.000Z,2025-12-05T12:01:43.000Z,,,50,"School and academy financial management and assurance,Education, training and skills,Academy and academy trust finance and reporting,GOV.UK homepage,Financial management, reporting and assurances for 16 to 19 year olds funding,Local authority schools financial reporting and assurance",Department for Education,Department for Education,2016 to 2019 May Conservative government,,,
https://www.gov.uk/set-up-free-school,Setting up a free school,answer,7caf186b-eb08-4e49-94af-b527f0bc3234,en,publisher,2011-12-01T12:23:03.000Z,2018-05-22T14:36:29.605Z,,,50,"GOV.UK homepage,Set up a free school,Running and managing a school,Education, training and skills,Setting up or changing the status of a school",Government Digital Service,Department for Education,,,,
https://www.gov.uk/guidance/copyright-licences-information-for-schools,Copyright licences for state schools in England,detailed_guide,5f4c077e-7631-11e4-a3cb-005056011aef,en,whitehall,2014-04-07T23:00:00.000Z,2024-12-03T16:41:20.000Z,,,50,"GOV.UK homepage,Education, training and skills,School and academy financial management and assurance,School procurement",Department for Education,Department for Education,2010 to 2015 Conservative and Liberal Democrat coalition government,,,
https://www.gov.uk/guidance/subject-matter-specialists-for-ofqual,Subject matter specialists for Ofqual,detailed_guide,cd23863a-d58c-4739-a1c1-08a52b9b3515,en,whitehall,2023-02-28T00:00:00.000Z,2026-01-23T09:16:30.000Z,,,49,"Education, training and skills,School curriculum,Exam regulation and administration,GOV.UK homepage",Ofqual,Ofqual,2022 to 2024 Sunak Conservative government,,,
https://www.gov.uk/guidance/school-to-school-service-how-to-transfer-information,School to school service: how to transfer information,detailed_guide,5f469072-7631-11e4-a3cb-005056011aef,en,whitehall,2014-03-26T12:15:00.000Z,2014-03-26T12:15:00.000Z,,,47,"Education, training and skills,Data collection and censuses for schools,GOV.UK homepage,Running and managing a school",Department for Education,Department for Education,2010 to 2015 Conservative and Liberal Democrat coalition government,,,
https://www.gov.uk/guidance/prepare-your-education-estate-for-the-pstn-and-isdn-switch-off,Prepare your education estate for the PSTN and ISDN switch-off,detailed_guide,a28c7462-331d-43d5-aeae-b97c49cee8b3,en,whitehall,2026-01-13T13:00:51.000Z,2026-01-13T13:00:51.000Z,,,45,"Running and managing a school,School buildings and land,Education, training and skills,GOV.UK homepage",Department for Education,Department for Education,2024 Starmer Labour government,,,
https://www.gov.uk/guidance/teaching-school-hubs,Find a teaching school hub,detailed_guide,7c7f7133-d816-4bb4-9e76-a72f1d5275a9,en,whitehall,2020-11-20T00:00:00.000Z,2024-09-01T23:01:01.000Z,,,45,"School-to-school support,Education, training and skills,GOV.UK homepage,Running and managing a school",Department for Education,Department for Education,2019 to 2022 Johnson Conservative government,,,
https://www.gov.uk/guidance/recruit-trainee-teachers-from-overseas-accredited-itt-providers,Recruit trainee teachers from overseas: accredited ITT providers,detailed_guide,0342a383-f010-4c9b-936b-715d36149caf,en,whitehall,2020-09-15T23:00:00.000Z,2025-12-18T14:18:50.000Z,,,44,"Initial Teacher Training (ITT),Entering and staying in the UK,Visa sponsorship,Working, jobs and pensions,GOV.UK homepage,Teacher training and professional development,Recruiting and hiring,Qualified Teacher Status (QTS),Student visas,Work,Visas and entry clearance,Teaching and leadership,Recruiting, inducting and managing teachers,Education, training and skills,Visa applications",Department for Education,Department for Education,2019 to 2022 Johnson Conservative government,,,
https://www.gov.uk/guidance/whistleblowing-procedure-for-maintained-schools,Whistleblowing procedure for maintained schools,detailed_guide,5feb4a0e-7631-11e4-a3cb-005056011aef,en,whitehall,2014-08-28T10:50:00.000Z,2014-08-28T10:50:00.000Z,,,44,"School complaints and whistleblowing,Running and managing a school,Education, training and skills,GOV.UK homepage",Department for Education,Department for Education,2010 to 2015 Conservative and Liberal Democrat coalition government,,,
https://www.gov.uk/guidance/net-capacity-assessment-nca-programme,Net capacity assessment programme for primary schools,detailed_guide,7dced7e6-41cb-4328-a733-c5eddc64ab43,en,whitehall,2023-06-08T23:00:00.000Z,2025-12-23T13:40:38.000Z,,,43,"Data collection and censuses for schools,GOV.UK homepage,Running and managing a school,Education, training and skills",Department for Education,Department for Education,2022 to 2024 Sunak Conservative government,,,
https://www.gov.uk/guidance/teaching-internships-programme,"Teaching internships programme: summer 2026, 2027 and 2028",detailed_guide,5bee7cbd-82e0-43b9-a872-c531409d946c,en,whitehall,2022-09-19T23:00:00.000Z,2026-01-05T10:00:07.000Z,,,43,"Teaching and leadership,Teacher training and professional development,GOV.UK homepage,Education, training and skills",Department for Education,Department for Education,2022 Truss Conservative government,,,
https://www.gov.uk/guidance/teacher-assessment-moderation-standardisation-and-training-process,Teacher assessment moderation: standardisation and training process,detailed_guide,cdae62f5-9bd8-499b-a3fd-bc52931570fd,en,whitehall,2018-09-06T23:00:00.000Z,2025-10-31T16:23:24.000Z,,,42,"Tests and assessments (key stage 1),Education, training and skills,Primary curriculum, key stage 1,School curriculum,GOV.UK homepage,Primary curriculum, key stage 2,Tests and assessments (key stage 2)",Standards and Testing Agency,Standards and Testing Agency,2016 to 2019 May Conservative government,,,
https://www.gov.uk/guidance/key-stage-2-tests-making-adaptations-to-modified-large-print-test-materials,Key stage 2 tests: making adaptations to modified large print test materials,detailed_guide,5a0e3776-9e29-44e3-bee1-5e8bc16d2c69,en,whitehall,2025-09-29T08:30:00.000Z,2026-02-09T09:00:06.000Z,,,42,"GOV.UK homepage,Primary curriculum, key stage 2,English (key stage 2),Support for special educational needs and disability (SEND) ,School curriculum,Tests and assessments (key stage 2),Education, training and skills,Maths (key stage 2),Special educational needs and disability (SEND) and high needs",Standards and Testing Agency,Standards and Testing Agency,2024 Starmer Labour government,,,
https://www.gov.uk/guidance/school-reports-on-pupil-performance-guide-for-headteachers,School reports on pupil performance: guide for headteachers,detailed_guide,5f435513-7631-11e4-a3cb-005056011aef,en,whitehall,2014-03-25T00:00:00.000Z,2024-05-08T12:32:32.000Z,,,41,"GOV.UK homepage,Pupil performance in schools,Inspections and performance of education providers,Health and social care,Running and managing a school,COVID-19,Education, training and skills,School planning,Education, universities and childcare during COVID-19,Inspection and performance of schools,Closures, exams and managing a school or early years setting during COVID-19",Department for Education,"Department for Education,Standards and Testing Agency",2010 to 2015 Conservative and Liberal Democrat coalition government,,,
https://www.gov.uk/university-clearing-through-ucas,University Clearing through UCAS,answer,dba0257d-7441-4383-853a-637b74103289,en,publisher,2012-01-25T12:42:18.000Z,2015-06-05T14:45:28.000Z,,,41,"Further and higher education courses and qualifications,Education, training and skills,Further and higher education, skills and vocational training,GOV.UK homepage",Government Digital Service,Department for Education,,,,
https://www.gov.uk/guidance/contact-ofqual,Contact Ofqual,detailed_guide,7d800b21-2348-4bae-b518-44270dc049e6,en,whitehall,2025-03-06T00:00:00.000Z,2025-12-05T11:36:47.000Z,,,39,"School curriculum,GOV.UK homepage,Exam regulation and administration,Education, training and skills",Ofqual,Ofqual,2024 Starmer Labour government,,,
https://www.gov.uk/guidance/help-to-find-work-for-universal-credit-claimants-aged-18-to-24,Help to find work for Universal Credit claimants aged 16 to 24,detailed_guide,2b7e4a49-8381-4216-8370-498bd3500947,en,whitehall,2021-01-08T00:00:00.000Z,2024-03-28T16:34:23.000Z,,,39,"Becoming an intern or trainee,Apprenticeships, traineeships and internships,Work,Education, training and skills,Finding a job,GOV.UK homepage,Working, jobs and pensions,Further and higher education, skills and vocational training,Becoming an apprentice",Department for Work and Pensions,Department for Work and Pensions,2019 to 2022 Johnson Conservative government,,,
https://www.gov.uk/guidance/submitting-data-to-ofqual,Submitting data to Ofqual,detailed_guide,ab51ebc7-55ab-4194-9fc5-91eaa3001dc1,en,whitehall,2021-03-19T00:00:00.000Z,2026-01-19T08:49:50.000Z,,,39,"School curriculum,Education, training and skills,GOV.UK homepage,Exam regulation and administration",Ofqual,Ofqual,2019 to 2022 Johnson Conservative government,,,
https://www.gov.uk/guidance/teaching-about-relationships-sex-and-health,"Teaching about relationships, sex and health",detailed_guide,b7acb21b-4c96-4d4a-b4be-ac1f2b4cb03d,en,whitehall,2020-09-24T11:46:00.000Z,2021-03-16T10:35:06.000Z,,,39,"Education, training and skills,GOV.UK homepage,Personal, social, health and economic education,School curriculum",Department for Education,Department for Education,2019 to 2022 Johnson Conservative government,,,
https://www.gov.uk/guidance/vtq-information-hub-2025-to-2026-key-dates-and-deadlines,VTQ information hub 2025 to 2026: key dates and deadlines,detailed_guide,7615304c-2983-4c48-a19a-f2c48941d9cb,en,whitehall,2025-11-13T00:00:00.000Z,2025-11-24T16:13:10.000Z,,,38,"Further and higher education, skills and vocational training,GOV.UK homepage,Further and higher education courses and qualifications,Education, training and skills",Ofqual,Ofqual,2024 Starmer Labour government,,,
https://www.gov.uk/guidance/pay-no-customs-duty-or-vat-on-goods-for-disabled-people,Pay no Customs Duty or VAT on goods for disabled people,detailed_guide,ce9eeb6e-f0fc-4af1-9ebe-c5c7edc5be49,en,whitehall,2020-07-17T10:06:00.000Z,2023-04-14T13:37:29.000Z,,,37,"Business and industry,VAT,GOV.UK homepage,Disabled people,Education, training and skills,Importing,Special educational needs and disability (SEND) and high needs,Importing goods and services,Business tax,Money,Trade and investment,Health and social care",HM Revenue & Customs,HM Revenue & Customs,2019 to 2022 Johnson Conservative government,,,
https://www.gov.uk/guidance/how-to-bid-for-government-contracts-as-an-sme-effectively,How to bid for government contracts as an SME effectively,detailed_guide,d1e10792-4729-4cab-b3b1-979256c9fe0d,en,whitehall,2020-09-08T09:12:00.000Z,2023-03-23T16:53:44.000Z,,,37,"School procurement,Education, training and skills,School and academy financial management and assurance,GOV.UK homepage",Cabinet Office,"Cabinet Office,Department for Education",2019 to 2022 Johnson Conservative government,,,
https://www.gov.uk/guidance/school-capacity-survey-guide-for-local-authorities,School capacity survey: guide for local authorities,detailed_guide,29b9b9c6-ba83-4707-a8f0-d5534c5a7795,en,whitehall,2021-05-17T23:00:00.000Z,2025-05-08T13:48:32.000Z,,,37,"Running and managing a school,School capacity surveys,Education, training and skills,GOV.UK homepage,Data collection and censuses for schools",Department for Education,Department for Education,2019 to 2022 Johnson Conservative government,,,
https://www.gov.uk/guidance/funding-and-eligibility-for-ecf-based-training,Eligibility and funding for the early career teacher entitlement,detailed_guide,bfa8c0df-ba86-436f-a255-9a0b971d049b,en,whitehall,2022-04-12T23:00:00.000Z,2025-08-27T10:05:45.000Z,,,37,"Teacher training and professional development,Teaching and leadership,GOV.UK homepage,Education, training and skills",Department for Education,Department for Education,2019 to 2022 Johnson Conservative government,,,
https://www.gov.uk/guidance/education-overseas-for-service-children,Education overseas for service children,detailed_guide,df89b8e8-5ea6-4092-864e-e2a69fbed570,en,whitehall,2018-10-02T23:00:00.000Z,2023-04-04T13:14:12.000Z,,,37,"Education of disadvantaged children,British nationals overseas,Going and being abroad,GOV.UK homepage,Defence and armed forces,Education, training and skills,Support services for military and defence personnel and their families",Ministry of Defence,Ministry of Defence,2016 to 2019 May Conservative government,,,
https://www.gov.uk/guidance/school-workforce-census,School workforce census: guide to submitting data,detailed_guide,5f1d2cf5-7631-11e4-a3cb-005056011aef,en,whitehall,2014-03-25T00:00:00.000Z,2025-09-12T14:43:16.000Z,,,37,"Education, training and skills,Data collection and censuses for schools,Running and managing a school,School workforce censuses,GOV.UK homepage",Department for Education,Department for Education,2010 to 2015 Conservative and Liberal Democrat coalition government,,,
https://www.gov.uk/guidance/free-qualifications-for-adults-with-low-digital-skills,Fully-funded qualifications for adults with low digital skills,detailed_guide,1f4845d6-41ca-4b02-8e89-ddb6bb584650,en,whitehall,2022-03-30T23:00:00.000Z,2024-03-14T11:40:47.000Z,,,36,"Education, training and skills,Adult learning,GOV.UK homepage,Further and higher education, skills and vocational training",Department for Education,Department for Education,2019 to 2022 Johnson Conservative government,,,
https://www.gov.uk/guidance/leading-teacher-development-national-professional-qualification,Leading teacher development national professional qualification,detailed_guide,76127eb9-adea-4e32-a8da-4c692cfa5176,en,whitehall,2023-09-19T23:00:00.000Z,2024-12-16T09:30:02.000Z,,,36,"Education, training and skills,GOV.UK homepage,Teaching and leadership,School leadership,Teacher training and professional development",Department for Education,Department for Education,2022 to 2024 Sunak Conservative government,,,
https://www.gov.uk/guidance/pupil-referral-units-converting-to-alternative-provision-academies,Pupil referral units: converting to alternative provision academies,detailed_guide,5f44ba53-7631-11e4-a3cb-005056011aef,en,whitehall,2014-03-26T00:00:00.000Z,2025-03-10T13:29:15.000Z,,,36,"GOV.UK homepage,Setting up or changing the status of a school,Running and managing a school,Education, training and skills",Department for Education,Department for Education,2010 to 2015 Conservative and Liberal Democrat coalition government,,,
https://www.gov.uk/guidance/study-in-the-european-union,Study in the European Union,detailed_guide,dbd995b3-11f9-4430-a487-23851088e005,en,whitehall,2020-01-31T00:00:00.000Z,2026-01-08T09:44:10.000Z,,,35,"Further and higher education courses and qualifications,Education, training and skills,GOV.UK homepage,Government,Further and higher education, skills and vocational training,Brexit",Department for Education,Department for Education,2019 to 2022 Johnson Conservative government,,,
https://www.gov.uk/guidance/multiplication-tables-check-it-guidance,Multiplication tables check: IT guidance,detailed_guide,c121e293-1fb8-40eb-bb80-254d5ef96e0f,en,whitehall,2020-12-03T00:00:00.000Z,2025-11-03T09:30:08.000Z,,,35,"GOV.UK homepage,Primary curriculum, key stage 2,School curriculum,Education, training and skills,Tests and assessments (key stage 2)",Standards and Testing Agency,Standards and Testing Agency,2019 to 2022 Johnson Conservative government,,,
https://www.gov.uk/guidance/creating-a-school-behaviour-culture-audit-and-action-planning-tools,Creating a school behaviour culture: audit and action planning tools,detailed_guide,d42c00ea-80ca-4a7e-957b-b0f4ef7c3565,en,whitehall,2024-04-25T08:30:01.000Z,2024-04-25T08:30:01.000Z,,,34,"Pupil wellbeing, behaviour and attendance,Education, training and skills,GOV.UK homepage",Department for Education,Department for Education,2022 to 2024 Sunak Conservative government,,,
https://www.gov.uk/guidance/academy-admissions,Academy admissions,detailed_guide,5f132435-7631-11e4-a3cb-005056011aef,en,whitehall,2014-03-11T15:30:00.000Z,2023-03-21T10:34:25.000Z,,,34,"School admissions,Running and managing a school,Education, training and skills,GOV.UK homepage",Department for Education,Department for Education,2010 to 2015 Conservative and Liberal Democrat coalition government,,,
https://www.gov.uk/guidance/elective-home-education-and-children-missing-education-submit-your-data,Elective home education and children missing education: submit your data,detailed_guide,0aa6f08d-31c9-4bd3-ba33-ea21d0d434d8,en,whitehall,2022-10-05T23:00:00.000Z,2025-02-14T11:56:24.000Z,,,33,"Running and managing a school,Education, training and skills,Pupil wellbeing, behaviour and attendance,Data collection and censuses for schools,GOV.UK homepage,School attendance and absence",Department for Education,Department for Education,2022 Truss Conservative government,,,
https://www.gov.uk/guidance/schools-financial-efficiency-financial-benchmarking,Compare your school or trust's budget: financial benchmarking,detailed_guide,aa44496e-ce1c-4734-8a12-9cd6f76da0ea,en,whitehall,2016-01-12T00:00:00.000Z,2018-09-24T11:59:05.000Z,,,33,"GOV.UK homepage,School and academy financial management and assurance,Local authority schools financial reporting and assurance,Academy and academy trust finance and reporting,Education, training and skills,Financial management, reporting and assurances for 16 to 19 year olds funding",Department for Education,Department for Education,2015 to 2016 Cameron Conservative government,,,
https://www.gov.uk/guidance/education-for-people-from-16-years-old-to-adults-homes-for-ukraine,Education for people from 16 years old to adults: Homes for Ukraine,detailed_guide,d4408170-e0c0-4b7b-a9ee-acf31e3f1bbc,en,whitehall,2023-01-16T00:00:00.000Z,2025-08-05T11:16:32.000Z,,,33,"Further and higher education, skills and vocational training,GOV.UK homepage,Education, training and skills","Ministry of Housing, Communities and Local Government","Ministry of Housing, Communities and Local Government,Department for Levelling Up, Housing and Communities ",2022 to 2024 Sunak Conservative government,,,
https://www.gov.uk/guidance/mandatory-qualifications-specialist-teachers,Mandatory qualifications: specialist teachers,detailed_guide,6027702d-7631-11e4-a3cb-005056011aef,en,whitehall,2014-11-10T00:00:00.000Z,2024-03-14T15:47:36.000Z,,,32,"Teaching and leadership,GOV.UK homepage,Teacher training and professional development,Education, training and skills",Department for Education,Department for Education,2010 to 2015 Conservative and Liberal Democrat coalition government,,,
https://www.gov.uk/guidance/funding-payments-for-academies,Revenue funding: payments to academies,detailed_guide,5f12f5b3-7631-11e4-a3cb-005056011aef,en,whitehall,2014-03-11T00:00:00.000Z,2025-09-22T13:43:13.000Z,,,32,"Funding for different types of schools and settings,School and academy funding,Academy funding,Education, training and skills,GOV.UK homepage",Department for Education,Department for Education,2010 to 2015 Conservative and Liberal Democrat coalition government,,,
https://www.gov.uk/guidance/data-protection-how-we-collect-and-share-research-data,How DfE shares personal data,detailed_guide,5f44b966-7631-11e4-a3cb-005056011aef,en,whitehall,2014-03-26T00:00:00.000Z,2025-09-11T08:30:05.000Z,,,31,"Data collection and censuses for schools,Education, training and skills,GOV.UK homepage,Running and managing a school",Department for Education,Department for Education,2010 to 2015 Conservative and Liberal Democrat coalition government,,,
https://www.gov.uk/guidance/how-to-register-and-use-the-apprenticeship-service-as-a-training-provider,Using the apprenticeship service as a training provider,detailed_guide,f2dd42e5-639a-4ec3-a1b6-3ac83d22502f,en,whitehall,2017-09-11T23:00:00.000Z,2025-10-28T16:47:51.000Z,,,31,"Education, training and skills,GOV.UK homepage",Department for Education,Department for Education,2016 to 2019 May Conservative government,,,
https://www.gov.uk/guidance/improve-workload-and-wellbeing-for-school-staff,Improve workload and wellbeing for school staff,detailed_guide,7c0b512e-4560-47d7-b5c7-a95835e937fc,en,whitehall,2024-03-26T13:50:02.000Z,2024-03-26T13:50:02.000Z,,,31,"Education, training and skills,Teacher training and professional development,GOV.UK homepage,Teaching and leadership,School leadership",Department for Education,Department for Education,2022 to 2024 Sunak Conservative government,,,
https://www.gov.uk/guidance/conversion-of-academic-and-vocational-qualifications-homes-for-ukraine,Conversion of academic and vocational qualifications: Homes for Ukraine,detailed_guide,7c0ca058-46db-490d-bc30-01bdb125916a,en,whitehall,2023-09-12T23:00:00.000Z,2023-09-12T23:00:00.000Z,,,31,"Education, training and skills,GOV.UK homepage,Further and higher education, skills and vocational training","Ministry of Housing, Communities and Local Government","Ministry of Housing, Communities and Local Government,Department for Levelling Up, Housing and Communities ",2022 to 2024 Sunak Conservative government,,,
https://www.gov.uk/guidance/leading-literacy-national-professional-qualification,Leading literacy national professional qualification,detailed_guide,ddfcbc53-7c55-48c4-be37-cf42151634d0,en,whitehall,2023-09-19T23:00:00.000Z,2024-12-16T09:30:03.000Z,,,30,"GOV.UK homepage,School leadership,Teaching and leadership,Education, training and skills,Teacher training and professional development",Department for Education,Department for Education,2022 to 2024 Sunak Conservative government,,,
https://www.gov.uk/guidance/academies-budget-forecast-return,Academies budget forecast return,detailed_guide,8874115b-223b-4a30-8caa-21dea8a3b45b,en,whitehall,2018-02-28T00:00:00.000Z,2025-10-01T12:23:59.000Z,,,30,"School and academy financial management and assurance,Education, training and skills,Academy and academy trust finance and reporting,GOV.UK homepage",Department for Education,Department for Education,2016 to 2019 May Conservative government,,,
https://www.gov.uk/guidance/early-years-initial-teacher-training-2026-to-2027-funding-guidance,Early years initial teacher training: 2026 to 2027 funding guidance,detailed_guide,25d77816-d89a-4126-aed2-4e0aa0e2d982,en,whitehall,2026-02-18T09:59:31.000Z,2026-02-18T09:59:31.000Z,,,29,"GOV.UK homepage,School and academy funding,Education, training and skills,Initial Teacher Training funding",Department for Education,Department for Education,2024 Starmer Labour government,,,
https://www.gov.uk/guidance/tutoring-services-guidance-for-complying-with-eas-legislation,Tutoring services: guidance for complying with EAS legislation,detailed_guide,68b76b97-3996-4da5-8080-e863c47de56a,en,whitehall,2023-10-26T23:00:00.000Z,2024-06-24T08:28:27.000Z,,,29,"Education, training and skills,GOV.UK homepage",Employment Agency Standards Inspectorate,Employment Agency Standards Inspectorate,2022 to 2024 Sunak Conservative government,,,
https://www.gov.uk/guidance/developing-an-occupational-standard,Developing an occupational standard,detailed_guide,c748cd65-4841-40c0-bcf4-857614a18fee,en,whitehall,2025-06-01T23:00:00.000Z,2025-06-01T23:00:00.000Z,,,29,"Education, training and skills,GOV.UK homepage,Further and higher education, skills and vocational training,Apprenticeships, traineeships and internships",Skills England,Skills England,2024 Starmer Labour government,,,
https://www.gov.uk/guidance/offer-a-trainee-teacher-placement,Offer a trainee teacher placement,detailed_guide,092a4c01-4083-43ee-8519-ac9c4db9f04b,en,whitehall,2023-11-09T00:00:00.000Z,2025-09-01T08:30:00.000Z,,,28,"Education, training and skills,Initial Teacher Training (ITT),Teaching and leadership,Teacher training and professional development,GOV.UK homepage",Department for Education,Department for Education,2022 to 2024 Sunak Conservative government,,,
https://www.gov.uk/guidance/list-a-teaching-job-at-your-school-on-teaching-vacancies,List a teaching job at your school on Teaching Vacancies,detailed_guide,fda253aa-10fd-4cbf-b48f-61a3dfb5e643,en,whitehall,2018-11-20T12:42:00.000Z,2020-06-04T09:08:15.000Z,,,27,"GOV.UK homepage,Education, training and skills,Teaching and leadership,Recruiting, inducting and managing teachers",Department for Education,Department for Education,2016 to 2019 May Conservative government,,,
https://www.gov.uk/guidance/students-reapplying-for-childcare-grant-in-201920,Students applying for Childcare Grant,detailed_guide,95d7f7e6-aefc-4220-b8b6-69cd107ed846,en,whitehall,2019-01-11T11:51:00.000Z,2021-10-01T08:50:20.000Z,,,27,"GOV.UK homepage,Funding and finance for students,Education, training and skills,Student grants, bursaries and scholarships,Financial help for students who are parents or carers",Student Loans Company,Student Loans Company,2016 to 2019 May Conservative government,,,
https://www.gov.uk/guidance/space-related-educational-resources,Space-related educational resources,detailed_guide,8d809e33-ffcd-4a57-92ae-9ded979331a5,en,whitehall,2022-03-31T23:00:00.000Z,2024-01-22T17:32:54.000Z,,,26,"Education, training and skills,Science and innovation,GOV.UK homepage,Space,Business and industry",UK Space Agency,UK Space Agency,2019 to 2022 Johnson Conservative government,,,
https://www.gov.uk/guidance/early-headship-coaching-offer,Early headship coaching offer,detailed_guide,5bf797b3-e87e-4445-bc46-99a7ce0eb973,en,whitehall,2023-09-19T23:00:00.000Z,2024-12-16T09:30:03.000Z,,,26,"Education, training and skills,School leadership,Teaching and leadership,Teacher training and professional development,GOV.UK homepage",Department for Education,Department for Education,2022 to 2024 Sunak Conservative government,,,
https://www.gov.uk/guidance/report-fraud-or-financial-irregularity-to-dfe,Report fraud or financial irregularity to DfE,detailed_guide,29638445-cdb0-4269-ab62-12d51ef45ef1,en,whitehall,2025-08-12T23:00:00.000Z,2025-08-12T23:00:00.000Z,,,26,"Further and higher education, skills and vocational training,Education, training and skills,GOV.UK homepage,Running a further or higher education institution",Department for Education,Department for Education,2024 Starmer Labour government,,,
https://www.gov.uk/guidance/keeping-your-student-finance-account-up-to-date-after-your-course,Keeping your student finance account up to date after your course,detailed_guide,19604b17-253e-4fca-897b-c7146673dce7,en,whitehall,2021-11-05T00:00:00.000Z,2025-09-05T15:16:56.000Z,,,25,"Funding and finance for students,GOV.UK homepage,Student loans,Education, training and skills",Student Loans Company,Student Loans Company,2019 to 2022 Johnson Conservative government,,,
https://www.gov.uk/guidance/work-and-tasks-of-a-contracted-ofsted-inspector,Work and tasks of a contracted Ofsted inspector,detailed_guide,5ee54635-a61c-4044-8cb1-b94ae786c643,en,whitehall,2022-01-19T00:00:00.000Z,2025-06-26T12:00:02.000Z,,,24,"Inspections and performance of education providers,Inspection and performance of schools,Inspection of maintained schools and academies,Inspection of further education and skills providers,Education, training and skills,Inspection and performance of further education providers,GOV.UK homepage",Ofsted,Ofsted,2019 to 2022 Johnson Conservative government,,,
https://www.gov.uk/guidance/strategic-workforce-planning-for-schools-and-trusts,Strategic workforce planning for schools and trusts,detailed_guide,20e0c4f8-502b-4363-8198-ce6fb34fd59c,en,whitehall,2025-12-04T11:00:00.000Z,2025-12-04T11:00:00.000Z,,,24,"Local authority schools financial reporting and assurance,Education, training and skills,School and academy financial management and assurance,GOV.UK homepage",Department for Education,Department for Education,2024 Starmer Labour government,,,
https://www.gov.uk/guidance/how-to-report-maladministration-at-key-stage-1-and-key-stage-2,How to report maladministration of primary school assessments,detailed_guide,83327897-23fa-48e7-8f83-73f5169e63c1,en,whitehall,2019-05-07T23:00:00.000Z,2025-03-24T09:30:00.000Z,,,24,"Education, training and skills,GOV.UK homepage,Tests and assessments (key stage 2),Primary curriculum, key stage 2,Early years curriculum,Primary curriculum, key stage 1,Tests and assessments (key stage 1),School curriculum",Standards and Testing Agency,Standards and Testing Agency,2016 to 2019 May Conservative government,,,
https://www.gov.uk/guidance/qualified-teacher-status-qts-english-language-test,Qualified teacher status (QTS): English language test,detailed_guide,d0d850a7-2caa-462b-9fb0-efd09b130c08,en,whitehall,2023-06-12T15:29:47.000Z,2023-06-12T15:29:47.000Z,,,24,"Education, training and skills,Qualified Teacher Status (QTS),Teacher training and professional development,GOV.UK homepage,Teaching and leadership",Department for Education,Department for Education,2022 to 2024 Sunak Conservative government,,,
https://www.gov.uk/guidance/protected-characteristics-and-separation-by-sex-on-school-inspections,Protected characteristics and separation by sex on school inspections,detailed_guide,5acddd7c-62d7-46f0-bbf8-459c8329b30c,en,whitehall,2025-11-05T09:30:04.000Z,2025-11-05T09:30:04.000Z,,,24,"Inspections and performance of education providers,GOV.UK homepage,Education, training and skills,Inspection and performance of schools",Ofsted,Ofsted,2024 Starmer Labour government,,,
https://www.gov.uk/guidance/reporting-to-parents-at-the-end-of-key-stages-1-and-2,Reporting to parents at the end of key stages 1 and 2,detailed_guide,6486f122-1996-46f3-bc3c-e37ac5f8ac34,en,whitehall,2018-06-18T23:00:00.000Z,2024-05-08T12:34:06.000Z,,,23,"Primary curriculum, key stage 2,Primary curriculum, key stage 1,School curriculum,Education, training and skills,GOV.UK homepage,Tests and assessments (key stage 2),Tests and assessments (key stage 1)",Standards and Testing Agency,Standards and Testing Agency,2016 to 2019 May Conservative government,,,
https://www.gov.uk/guidance/guidance-for-students-whove-been-awarded-funding-theyre-not-entitled-to-due-to-previous-study,Guidance for students who’ve been awarded funding they’re not entitled to due to previous study,detailed_guide,c467de0e-aeab-452f-8d70-f187857ea976,en,whitehall,2024-01-18T14:19:21.000Z,2024-01-18T14:19:21.000Z,,,22,"Education, training and skills,GOV.UK homepage,Funding and finance for students,Student loans",Student Loans Company,Student Loans Company,2022 to 2024 Sunak Conservative government,,,
https://www.gov.uk/guidance/esfa-financial-management-college-accounts,DfE financial management: college accounts,detailed_guide,0a540941-b695-4c67-a7ee-2cc693421752,en,whitehall,2018-04-25T23:00:00.000Z,2025-06-04T12:10:08.000Z,,,22,"Further education funding,Further and higher education, skills and vocational training,GOV.UK homepage,Further education funding data,Education, training and skills",Department for Education,"Department for Education,Education and Skills Funding Agency",2016 to 2019 May Conservative government,,,
https://www.gov.uk/guidance/careers-and-skills-in-space,Careers and skills in space,detailed_guide,9e7923ff-e529-4eb0-a489-072089831bf6,en,whitehall,2025-03-03T17:36:12.000Z,2025-03-03T17:36:12.000Z,,,22,"GOV.UK homepage,Science and innovation,Education, training and skills,Running and managing a school,Careers guidance in schools,Space,Careers guidance in further and higher education,Further and higher education, skills and vocational training,Business and industry",UK Space Agency,UK Space Agency,2024 Starmer Labour government,,,
https://www.gov.uk/guidance/ofqual-rolling-update,Latest updates from Ofqual,detailed_guide,8151a476-9b35-448e-a3dc-921d0b3a262e,en,whitehall,2021-07-07T23:00:00.000Z,2026-01-15T13:15:14.000Z,,,22,"Education, training and skills,GOV.UK homepage,School curriculum,Further and higher education, skills and vocational training",Ofqual,Ofqual,2019 to 2022 Johnson Conservative government,,,
https://www.gov.uk/guidance/help-and-support-for-colleges,Help and support for colleges,detailed_guide,ff72cef5-e9b3-4455-af51-b4f8db9a949f,en,whitehall,2022-03-29T23:00:00.000Z,2025-11-10T12:00:00.000Z,,,21,"Education, training and skills,Running a further or higher education institution,GOV.UK homepage,Further and higher education, skills and vocational training",Department for Education,"Department for Education,Further Education Commissioner",2019 to 2022 Johnson Conservative government,,,
https://www.gov.uk/guidance/16-to-19-education-market-entry,16 to 19 education (non-apprenticeship): market entry,detailed_guide,5f10aa4b-7631-11e4-a3cb-005056011aef,en,whitehall,2014-03-10T00:00:00.000Z,2025-08-15T11:50:13.000Z,,,21,"School and academy funding,Funding for 16 to 19 year olds in schools,Education, training and skills,Further and higher education, skills and vocational training,GOV.UK homepage,Further education funding,Funding for different types of schools and settings",Department for Education,Department for Education,2010 to 2015 Conservative and Liberal Democrat coalition government,,,
https://www.gov.uk/guidance/bid-to-supply-skills-bootcamps,Supply Skills Bootcamps,detailed_guide,9374c6c9-ed1d-4f44-8f22-4b27baa3bc67,en,whitehall,2022-10-31T00:00:00.000Z,2024-11-13T13:48:29.000Z,,,21,"GOV.UK homepage,Further and higher education, skills and vocational training,Further education funding,Education, training and skills",Department for Education,Department for Education,2022 to 2024 Sunak Conservative government,,,
https://www.gov.uk/guidance/academies-funding-claims,Academy national non-domestic rates (NNDR) claims,detailed_guide,5f649224-7631-11e4-a3cb-005056011aef,en,whitehall,2014-06-16T23:00:00.000Z,2025-06-04T11:32:49.000Z,,,21,"Academy funding,School and academy funding,Funding for different types of schools and settings,Education, training and skills,GOV.UK homepage",Department for Education,Department for Education,2010 to 2015 Conservative and Liberal Democrat coalition government,,,
https://www.gov.uk/guidance/academy-trusts-off-payroll-appointments,Academy trusts: off-payroll appointments,detailed_guide,20649acc-d7bb-4049-8e51-bbc6f0f75d15,en,whitehall,2022-02-09T00:00:00.000Z,2025-01-07T10:43:39.000Z,,,20,"Education, training and skills,GOV.UK homepage,School and academy financial management and assurance",Department for Education,Department for Education,2019 to 2022 Johnson Conservative government,,,
https://www.gov.uk/guidance/develop-an-end-point-assessment-plan,Develop an end-point assessment plan,detailed_guide,9d5a2f4c-58e6-4a6c-9ac2-0d8427ba48b5,en,whitehall,2025-06-01T23:00:00.000Z,2025-06-01T23:00:00.000Z,,,20,"GOV.UK homepage,Further and higher education, skills and vocational training,Education, training and skills,Apprenticeships, traineeships and internships",Skills England,Skills England,2024 Starmer Labour government,,,
https://www.gov.uk/guidance/apply-for-online-education-accreditation,Apply for online education accreditation,detailed_guide,e9dc4b87-cb43-49e2-b97c-b8dbe54c3338,en,whitehall,2023-03-20T00:00:00.000Z,2025-09-25T15:42:24.000Z,,,20,"GOV.UK homepage,Inspection and performance of schools,Education, training and skills,Inspections and performance of education providers",Department for Education,Department for Education,2022 to 2024 Sunak Conservative government,,,
https://www.gov.uk/guidance/school-resource-management-checklist,School resource management: checklist,detailed_guide,dc099ef8-6d41-4696-99dd-dbae7d566937,en,whitehall,2018-05-08T23:00:00.000Z,2018-11-09T17:02:09.000Z,,,20,"GOV.UK homepage,School and academy financial management and assurance,Education, training and skills",Department for Education,Department for Education,2016 to 2019 May Conservative government,,,
https://www.gov.uk/guidance/school-direct-guidance-for-lead-schools,School Direct: guidance for schools,detailed_guide,5f135434-7631-11e4-a3cb-005056011aef,en,whitehall,2014-03-14T09:42:00.000Z,2022-02-22T09:54:18.000Z,,,20,"Teaching and leadership,Teacher training and professional development,Education, training and skills,GOV.UK homepage,Initial Teacher Training (ITT)",National College for Teaching and Leadership,"National College for Teaching and Leadership,Department for Education",2010 to 2015 Conservative and Liberal Democrat coalition government,,,
https://www.gov.uk/guidance/external-governance-reviews-guide-for-fe-college-corporations-and-designated-institutions,External governance reviews: guide for FE college corporations and designated institutions,detailed_guide,a178e55b-ce68-493e-9cb4-cf9f28ea3eda,en,whitehall,2022-05-19T23:00:00.000Z,2025-11-21T10:11:48.000Z,,,20,"Further and higher education, skills and vocational training,GOV.UK homepage,Running a further or higher education institution,Education, training and skills",Department for Education,Department for Education,2019 to 2022 Johnson Conservative government,,,
https://www.gov.uk/guidance/industry-placements,Industry placements,detailed_guide,e11523fa-3579-4e66-848d-d4870f53754b,en,whitehall,2019-03-25T11:53:00.000Z,2020-09-04T12:25:10.000Z,,,19,"T levels,Further and higher education courses and qualifications,GOV.UK homepage,Further and higher education, skills and vocational training,Education, training and skills",Department for Education,"Department for Education,Education and Skills Funding Agency",2016 to 2019 May Conservative government,,,
https://www.gov.uk/guidance/schools-and-colleges-apply-for-the-condition-improvement-fund,Schools and colleges: apply for the condition improvement fund,detailed_guide,646ff48e-06ac-4b3e-a9e9-c27a38debc9f,en,whitehall,2025-10-20T23:00:00.000Z,2025-10-20T23:00:00.000Z,,,19,"School and academy funding,Education, training and skills,GOV.UK homepage,Funding for school buildings and land",Department for Education,Department for Education,2024 Starmer Labour government,,,
https://www.gov.uk/guidance/plan-your-relationships-sex-and-health-curriculum,"Plan your relationships, sex and health curriculum",detailed_guide,af8e72ed-1c1c-4051-90a1-2dac62ae570c,en,whitehall,2020-09-24T11:46:00.000Z,2022-02-17T00:15:00.000Z,,,19,"GOV.UK homepage,Education, training and skills,Personal, social, health and economic education,School curriculum",Department for Education,Department for Education,2019 to 2022 Johnson Conservative government,,,
https://www.gov.uk/guidance/how-repayments-are-applied-to-your-balance,How repayments are applied to your balance,detailed_guide,de710791-5d86-4c2e-be77-5f3e49c95f86,en,whitehall,2019-08-13T13:52:00.000Z,2020-08-17T12:28:06.000Z,,,19,"Education, training and skills,Funding and finance for students,Student loans,GOV.UK homepage",Student Loans Company,Student Loans Company,2019 to 2022 Johnson Conservative government,,,
https://www.gov.uk/guidance/further-education-condition-data-collection-2-cdc2-programme,Further Education Condition Data Collection 2 (FE CDC2) programme,detailed_guide,2ba0ef76-d242-4209-9b11-445bf6e783e6,en,whitehall,2024-10-09T23:00:00.000Z,2024-10-09T23:00:00.000Z,,,19,"GOV.UK homepage,Running a further or higher education institution,Education, training and skills,Data collection for further education providers,Further education financial management and data collection,Further and higher education, skills and vocational training",Department for Education,Department for Education,2024 Starmer Labour government,,,
https://www.gov.uk/guidance/schools-and-colleges-apply-for-urgent-capital-support,Schools and colleges: apply for urgent capital support,detailed_guide,fda3d0b1-2de8-452a-a473-317059a7e1be,en,whitehall,2025-10-21T08:45:28.000Z,2025-10-21T08:45:28.000Z,,,18,"Funding for school buildings and land,School and academy funding,GOV.UK homepage,Education, training and skills",Department for Education,Department for Education,2024 Starmer Labour government,,,
https://www.gov.uk/guidance/maximising-school-and-trust-resources-managing-financial-and-physical-assets,Maximising school and trust resources: managing financial and physical assets,detailed_guide,de67e624-d3a9-4dc2-9937-cc7d81b2a4a9,en,whitehall,2025-12-04T11:00:00.000Z,2025-12-04T11:00:00.000Z,,,18,"School and academy financial management and assurance,Education, training and skills,GOV.UK homepage,Local authority schools financial reporting and assurance",Department for Education,Department for Education,2024 Starmer Labour government,,,
https://www.gov.uk/guidance/early-years-initial-teacher-training-2024-to-2025-funding-guidance,Early years initial teacher training: 2024 to 2025 funding guidance,detailed_guide,ac65d149-4ff8-4f23-829f-281f84dcf93a,en,whitehall,2023-07-27T23:00:00.000Z,2023-11-10T16:28:47.000Z,,,18,"School and academy funding,Education, training and skills,Initial Teacher Training funding,GOV.UK homepage",Department for Education,Department for Education,2022 to 2024 Sunak Conservative government,,,
https://www.gov.uk/guidance/apprentice-guide-to-assessment,Apprentice guide to assessment,detailed_guide,fe7d2ef5-052a-42e7-9f03-a0fba73037f7,en,whitehall,2021-09-27T23:00:00.000Z,2021-09-27T23:00:00.000Z,,,18,"Apprenticeships, traineeships and internships,Education, training and skills,GOV.UK homepage,Further and higher education, skills and vocational training",Department for Education,Department for Education,2019 to 2022 Johnson Conservative government,,,
https://www.gov.uk/guidance/deal-for-schools-hiring-supply-teachers-and-agency-workers,Deal for schools: hiring supply teachers and agency workers,detailed_guide,5ba570a4-282d-4c25-9925-f8c7d72509aa,en,whitehall,2018-08-30T23:00:00.000Z,2019-01-14T09:00:01.000Z,,,18,"Education, training and skills,Teaching and leadership,School procurement,Running and managing a school,GOV.UK homepage,Recruiting and managing non-teaching school staff,Recruiting, inducting and managing teachers,School and academy financial management and assurance",Department for Education,"Department for Education,Crown Commercial Service",2016 to 2019 May Conservative government,,,
https://www.gov.uk/guidance/pupil-premium-virtual-school-heads-responsibilities,Pupil premium: virtual school heads’ responsibilities,detailed_guide,5fa75e01-7631-11e4-a3cb-005056011aef,en,whitehall,2014-07-08T23:00:00.000Z,2015-03-19T10:16:54.000Z,,,18,"Childcare and early years,Education, training and skills,School and academy funding,Looked-after children and children in care,Pupil premium and other school premiums ,Health, wellbeing and education of looked-after children,Parenting, childcare and children's services ,Funding and finance for childcare providers,GOV.UK homepage,Safeguarding and social care for children,Providing childcare",Department for Education,Department for Education,2010 to 2015 Conservative and Liberal Democrat coalition government,,,
https://www.gov.uk/guidance/new-test-operations-service-provider-information-for-schools,New Test Operations Service provider: information for schools and local authorities,detailed_guide,6bc56681-3c0f-4965-90d5-b14dad6e2d4f,en,whitehall,2025-06-02T23:00:00.000Z,2026-01-05T09:30:02.000Z,,,18,"Primary curriculum, key stage 1,GOV.UK homepage,Tests and assessments (key stage 2),School curriculum,Tests and assessments (key stage 1),Primary curriculum, key stage 2,Education, training and skills",Standards and Testing Agency,Standards and Testing Agency,2024 Starmer Labour government,,,
https://www.gov.uk/guidance/group-of-persons-trailblazer-groups,Group of Persons (Trailblazer groups),detailed_guide,48fac340-7218-4f3f-bb2f-616b8818beb4,en,whitehall,2025-06-01T23:00:00.000Z,2025-06-01T23:00:00.000Z,,,18,"Education, training and skills,Further and higher education, skills and vocational training,GOV.UK homepage",Skills England,Skills England,2024 Starmer Labour government,,,
https://www.gov.uk/guidance/government-finance-academy,Government Finance Academy,detailed_guide,8ff83d7c-94d8-4477-a419-56c0d6f0039e,en,whitehall,2017-03-27T09:32:00.000Z,2023-05-18T14:56:54.000Z,,,18,"Education, training and skills,GOV.UK homepage",Government Finance Function,Government Finance Function,2016 to 2019 May Conservative government,,,
https://www.gov.uk/guidance/glossary-of-terms-ofsted-statistics,Glossary of terms: Ofsted statistics,detailed_guide,50fea046-95c0-4b0c-a59b-04dd41c761c2,en,whitehall,2020-06-23T23:00:00.000Z,2025-06-27T08:30:00.000Z,,,17,"Inspection of children's social care providers,Safeguarding and social care for children,Childcare and early years,Inspection and performance of further education providers,Inspections and performance of education providers,Inspection and performance of schools,GOV.UK homepage,Parenting, childcare and children's services ,Children's social care providers,Education, training and skills",Ofsted,Ofsted,2019 to 2022 Johnson Conservative government,,,
https://www.gov.uk/guidance/how-to-bid-for-government-contracts-as-a-consortium,How to bid for government contracts as a consortium,detailed_guide,18379631-bc72-48f4-a7fe-ea5ea5c1b16b,en,whitehall,2020-09-08T09:12:14.000Z,2020-09-08T09:12:14.000Z,,,17,"GOV.UK homepage,School and academy financial management and assurance,Education, training and skills,School procurement",Cabinet Office,"Cabinet Office,Department for Education",2019 to 2022 Johnson Conservative government,,,
https://www.gov.uk/guidance/defence-equipment-support-des-apprenticeships,Defence Equipment & Support (DE&S) apprenticeships,detailed_guide,06711571-5d9b-45ba-905a-d7af38bd73ff,en,whitehall,2024-01-23T15:21:35.000Z,2024-01-23T15:21:35.000Z,,,17,"Further and higher education, skills and vocational training,Careers guidance in further and higher education,Further and higher education courses and qualifications,Education, training and skills,GOV.UK homepage,Defence and armed forces,Military recruitment, training and operations,Becoming an apprentice,Finding a job,Working, jobs and pensions,Apprenticeships, traineeships and internships,Types of apprenticeships,Work,Government graduate schemes",Defence Equipment and Support,Defence Equipment and Support,2022 to 2024 Sunak Conservative government,,,
https://www.gov.uk/guidance/apply-to-access-the-longitudinal-education-outcomes-leo-dataset,Apply to access the Longitudinal Education Outcomes (LEO) dataset,detailed_guide,adef3e26-6e7b-4cd0-bead-b0088112743c,en,whitehall,2021-07-06T23:00:00.000Z,2025-07-17T10:07:49.000Z,,,17,"GOV.UK homepage,Education, training and skills,Running and managing a school,Data collection and censuses for schools",Department for Education,Department for Education,2019 to 2022 Johnson Conservative government,,,
https://www.gov.uk/guidance/voluntary-aided-schools-capital-funding,Voluntary-aided schools: capital funding,detailed_guide,5f1c96b2-7631-11e4-a3cb-005056011aef,en,whitehall,2014-03-11T15:52:00.000Z,2019-04-17T11:54:07.000Z,,,16,"GOV.UK homepage,Education, training and skills,School and academy funding,Funding for school buildings and land",Department for Education,"Department for Education,Education and Skills Funding Agency",2010 to 2015 Conservative and Liberal Democrat coalition government,,,
https://www.gov.uk/guidance/external-reviews-of-governance-whats-involved,External reviews of governance: guide for schools and academy trusts,detailed_guide,90f3d3c4-ac24-47c1-a36d-924e4a8a1438,en,whitehall,2015-03-27T00:00:00.000Z,2025-05-22T08:36:17.000Z,,,16,"GOV.UK homepage,Education, training and skills,School governance,Running and managing a school",Department for Education,Department for Education,2010 to 2015 Conservative and Liberal Democrat coalition government,,,
https://www.gov.uk/guidance/executive-leadership-national-professional-qualification,Executive leadership national professional qualification,detailed_guide,60054fc2-dccb-47a2-b23b-a3bb38ea457c,en,whitehall,2023-09-19T23:00:00.000Z,2024-12-16T09:30:03.000Z,,,16,"Education, training and skills,Teacher training and professional development,School leadership,GOV.UK homepage,Teaching and leadership",Department for Education,Department for Education,2022 to 2024 Sunak Conservative government,,,
https://www.gov.uk/guidance/academies-financial-returns,Academies financial returns,detailed_guide,5f131125-7631-11e4-a3cb-005056011aef,en,whitehall,2014-03-11T00:00:00.000Z,2025-08-07T14:49:48.000Z,,,16,"School and academy financial management and assurance,GOV.UK homepage,Academy and academy trust finance and reporting,Education, training and skills",Department for Education,Department for Education,2010 to 2015 Conservative and Liberal Democrat coalition government,,,
https://www.gov.uk/guidance/convert-to-an-academy-information-for-schools/3-set-up-or-join-an-academy-trust,3. Set up or join an academy trust,manual_section,b5371455-9a55-4658-92db-f763391951cd,en,manuals-publisher,2016-01-13T16:44:51.000Z,2025-01-31T14:47:04.425Z,,,16,"Setting up or changing the status of a school,Education, training and skills,GOV.UK homepage,Running and managing a school,Set up or convert to an academy",Department for Education,Department for Education,,,,
https://www.gov.uk/guidance/school-preference-data-collections,School preference data collections: guide to submitting data,detailed_guide,5f1d4fa6-7631-11e4-a3cb-005056011aef,en,whitehall,2014-03-25T00:00:00.000Z,2025-09-12T12:27:17.000Z,,,16,"Data collection and censuses for schools,School preference and admission appeals data collection,Running and managing a school,Education, training and skills,GOV.UK homepage",Department for Education,Department for Education,2010 to 2015 Conservative and Liberal Democrat coalition government,,,
https://www.gov.uk/guidance/assessed-and-supported-year-in-employment-for-newly-qualified-social-workers,Assessed and supported year in employment for newly qualified social workers,detailed_guide,6cf4f6a6-83b6-4661-8901-9e66c733a4fd,en,whitehall,2015-06-11T23:00:00.000Z,2015-06-11T23:00:00.000Z,,,16,"Parenting, childcare and children's services ,GOV.UK homepage,Education, training and skills",Department for Education,Department for Education,2015 to 2016 Cameron Conservative government,,,
https://www.gov.uk/appeal-qualification-result,"Appeal against a GCSE, AS or A level grade or the result of a qualification",guide,d72f75ce-b2a1-4ceb-9d23-4378cfa227e1,en,publisher,2012-12-24T14:55:16.000Z,2014-11-25T10:00:34.000Z,,,16,"Secondary curriculum, key stage 3 and key stage 4 (GCSEs),Key stage 5 exam marking, qualifications and results,Starting and attending school,School curriculum,Exam regulation and administration,Key stage 3 and 4 exam marking, qualifications and results,Education, training and skills,GOV.UK homepage,Dealing with problems at school,Key stage 5 (AS and A Levels)",Government Digital Service,"Department for Education,Ofqual",,,,
https://www.gov.uk/guidance/apply-to-transfer-an-academy-into-your-trust,Apply to transfer an academy into your trust,detailed_guide,596a111f-7899-4e84-b44b-ba671582a9a6,en,whitehall,2025-12-16T12:00:00.000Z,2025-12-16T12:00:00.000Z,,,16,"School governance,Education, training and skills,Running and managing a school,GOV.UK homepage",Department for Education,Department for Education,2024 Starmer Labour government,,,
https://www.gov.uk/guidance/get-started-with-the-recruitment-apis-as-an-employer,Get started with the recruitment APIs as an employer,detailed_guide,cd611e70-0d9d-4f3d-9a18-44e9c21c3561,en,whitehall,2021-12-21T00:00:00.000Z,2021-12-21T00:00:00.000Z,,,15,"Hiring and training an apprentice,Further and higher education, skills and vocational training,Apprenticeships, traineeships and internships,Education, training and skills,GOV.UK homepage",Department for Education,Department for Education,2019 to 2022 Johnson Conservative government,,,
https://www.gov.uk/guidance/convert-to-an-academy-information-for-schools/1-before-you-apply,1. Before you apply,manual_section,52fa4136-2de5-4a32-8411-cb6754b9febf,en,manuals-publisher,2016-01-13T16:44:51.000Z,2025-10-13T08:30:24.674Z,,,15,"Running and managing a school,Education, training and skills,GOV.UK homepage,Set up or convert to an academy,Setting up or changing the status of a school",Department for Education,Department for Education,,,,
https://www.gov.uk/guidance/newly-qualified-teacher-nqt-induction-appeals,Early career teacher induction appeals,detailed_guide,5f4cf80d-7631-11e4-a3cb-005056011aef,en,whitehall,2014-04-16T07:40:00.000Z,2014-04-16T07:40:00.000Z,,,14,"Education, training and skills,Qualified Teacher Status (QTS),Teacher training and professional development,GOV.UK homepage,Teaching and leadership",Teaching Regulation Agency,Teaching Regulation Agency,2010 to 2015 Conservative and Liberal Democrat coalition government,,,
https://www.gov.uk/guidance/make-and-sell-driving-theory-test-revision-products,Make and sell driving theory test revision products,detailed_guide,3baaed98-67e5-40ed-9097-77b6b1e32ad7,en,whitehall,2025-07-28T23:00:00.000Z,2025-07-28T23:00:00.000Z,,,14,"Education, training and skills,Business and industry,GOV.UK homepage,Driving and road transport,Transport,Driving and motorcycle tests,Theory tests",Driver and Vehicle Standards Agency,Driver and Vehicle Standards Agency,2024 Starmer Labour government,,,
https://www.gov.uk/guidance/publication-of-outcome-summaries,Publication of outcome summaries,detailed_guide,16d62eba-4e43-4c6b-8135-ba327ae46126,en,whitehall,2019-12-04T00:00:00.000Z,2025-11-07T09:30:02.000Z,,,14,"Childcare and early years,Parenting, childcare and children's services ,Education, training and skills,GOV.UK homepage",Ofsted,Ofsted,2019 to 2022 Johnson Conservative government,,,
https://www.gov.uk/guidance/higher-technical-qualifications-provider-delivery-toolkit,Higher technical qualifications: provider toolkit,detailed_guide,8fc3c9ae-cb54-4fab-8ac5-1daec6256706,en,whitehall,2021-10-12T23:00:00.000Z,2025-10-16T14:57:04.000Z,,,14,"GOV.UK homepage,Further and higher education, skills and vocational training,Education, training and skills,Further and higher education courses and qualifications",Department for Education,Department for Education,2019 to 2022 Johnson Conservative government,,,
https://www.gov.uk/guidance/guidance-for-students-going-through-clearing,Guidance for students going through Clearing,detailed_guide,8a3b0757-303e-4445-98ed-0c0cc90e50da,en,whitehall,2020-08-26T23:00:00.000Z,2025-08-19T09:18:16.000Z,,,13,"GOV.UK homepage,Student loans,Funding and finance for students,Education, training and skills",Student Loans Company,Student Loans Company,2019 to 2022 Johnson Conservative government,,,
https://www.gov.uk/guidance/environmental-stewardship-educational-access-visits-on-your-land,Educational access visits on your land: Environmental Stewardship,detailed_guide,5fdcab22-7631-11e4-a3cb-005056011aef,en,whitehall,2014-09-11T14:01:00.000Z,2023-08-22T11:31:21.000Z,,,13,"Rural development and land management,Rural and countryside,Running and managing a school,Farming and food grants and payments,Environment,Rural grants and payments,GOV.UK homepage,Farming,Food and farming,Education, training and skills,School trips and extracurricular activity",Rural Payments Agency,"Rural Payments Agency,Department for Environment, Food & Rural Affairs,Natural England",2010 to 2015 Conservative and Liberal Democrat coalition government,,,
https://www.gov.uk/guidance/equality-duties-on-education-inspection,Equality duties on education inspection,detailed_guide,d2c7b6ac-5d81-4bb8-b8f4-137ae5590c88,en,whitehall,2025-11-05T09:30:03.000Z,2025-11-05T09:30:03.000Z,,,13,"GOV.UK homepage,Inspections and performance of education providers,Education, training and skills,Inspection and performance of schools",Ofsted,Ofsted,2024 Starmer Labour government,,,
https://www.gov.uk/guidance/foreign-commonwealth-development-office-international-scholarship-programmes,"Foreign, Commonwealth & Development Office international scholarship programmes",detailed_guide,d1e9d80c-5b39-427c-9edc-ca4d4695e049,en,whitehall,2023-09-01T08:34:00.000Z,2023-09-01T08:34:00.000Z,,,13,"Student grants, bursaries and scholarships,International,Funding and finance for students,GOV.UK homepage,Education, training and skills,The Commonwealth","Foreign, Commonwealth & Development Office","Foreign, Commonwealth & Development Office,Commonwealth Scholarship Commission in the UK,Marshall Aid Commemoration Commission,Chevening Scholarship Programme ",2022 to 2024 Sunak Conservative government,,,
https://www.gov.uk/guidance/join-the-future-leaders-programme-to-help-you-progress-to-headship,Join the Future Leaders programme to help you progress to headship,detailed_guide,d48541ea-02d7-46a2-9071-7ee5447a2cd6,en,whitehall,2018-09-21T14:49:55.000Z,2018-09-21T14:49:55.000Z,,,13,"Education, training and skills,Teaching and leadership,Running and managing a school,Teacher training and professional development,GOV.UK homepage",Department for Education,Department for Education,2016 to 2019 May Conservative government,,,
https://www.gov.uk/guidance/academies-funding-a-to-z-of-terms,Academies: A to Z of terms,detailed_guide,84eaf24b-f309-4f97-afbf-83a4722fd401,en,whitehall,2015-02-25T00:00:00.000Z,2025-09-22T13:47:39.000Z,,,13,"Funding for different types of schools and settings,Education, training and skills,Academy funding,School and academy funding,GOV.UK homepage",Department for Education,Department for Education,2010 to 2015 Conservative and Liberal Democrat coalition government,,,
https://www.gov.uk/guidance/guidance-for-repayment-customers,Guidance for repayment customers,detailed_guide,ce897f3a-4e48-42f8-8b5d-3d4450f40b76,en,whitehall,2020-03-25T14:31:00.000Z,2022-02-07T11:19:25.000Z,,,13,"Funding and finance for students,GOV.UK homepage,Education, training and skills",Student Loans Company,Student Loans Company,2019 to 2022 Johnson Conservative government,,,
https://www.gov.uk/guidance/british-schools-overseas-how-to-get-accredited,British schools overseas: accreditation process and support,detailed_guide,643d8820-065d-43cd-9201-82cdb54b1c71,en,whitehall,2023-05-23T23:00:00.000Z,2025-04-16T11:55:53.000Z,,,13,"Inspections and performance of education providers,Inspection of British schools overseas,Inspection and performance of schools,Education, training and skills,GOV.UK homepage",Department for Education,Department for Education,2022 to 2024 Sunak Conservative government,,,
https://www.gov.uk/guidance/early-years-initial-teacher-training-a-guide-for-providers,Early years initial teacher training (ITT): a guide for providers,detailed_guide,5f1c8784-7631-11e4-a3cb-005056011aef,en,whitehall,2014-04-03T09:49:00.000Z,2017-06-02T14:33:33.000Z,,,13,"Education, training and skills,GOV.UK homepage,Teaching and leadership,Initial Teacher Training (ITT),Teacher training and professional development",National College for Teaching and Leadership,"National College for Teaching and Leadership,Department for Education",2010 to 2015 Conservative and Liberal Democrat coalition government,,,
https://www.gov.uk/guidance/provide-training-for-postgraduate-teaching-apprenticeships,Provide training for postgraduate teaching apprentices,detailed_guide,fdbea3c8-c88c-4f72-9a39-e5bac84242e0,en,whitehall,2019-06-18T23:00:00.000Z,2025-05-09T08:31:00.000Z,,,13,"Further and higher education, skills and vocational training,Teacher training and professional development,Initial Teacher Training (ITT),GOV.UK homepage,Hiring and training an apprentice,Teaching and leadership,Apprenticeships, traineeships and internships,Education, training and skills",Department for Education,Department for Education,2016 to 2019 May Conservative government,,,
https://www.gov.uk/guidance/technology-requirements-to-contract-as-an-ofsted-inspector,Technology requirements to contract as an Ofsted inspector,detailed_guide,0dab1909-af0d-4954-84d2-12af0673886d,en,whitehall,2022-01-19T00:00:00.000Z,2024-09-05T08:30:00.000Z,,,12,"Children's social care providers,Performance and inspection of childcare providers,Safeguarding and social care for children,Providing childcare,Inspections and performance of education providers,Performance data and Ofsted reports of further education providers,Education, training and skills,Inspection and performance of schools,Inspection and performance of further education providers,Parenting, childcare and children's services ,School performance tables and Ofsted reports,GOV.UK homepage,Childcare and early years,Inspection of children's social care providers",Ofsted,Ofsted,2019 to 2022 Johnson Conservative government,,,
https://www.gov.uk/guidance/improve-your-schools-and-trusts-digital-and-financial-planning,Improve your school's and trust's digital and financial planning,detailed_guide,3255209c-4401-4549-97fd-eea2a220282e,en,whitehall,2025-12-04T00:00:00.000Z,2025-12-04T00:00:00.000Z,,,12,"School and academy financial management and assurance,Education, training and skills,GOV.UK homepage,Local authority schools financial reporting and assurance",Department for Education,Department for Education,2024 Starmer Labour government,,,
https://www.gov.uk/guidance/16-to-19-funding-information-for-2024-to-2025,16 to 19 funding: information for 2024 to 2025,detailed_guide,76ff760d-d281-4541-9a00-15d7b0f25828,en,whitehall,2024-02-13T00:00:00.000Z,2025-03-05T18:02:24.000Z,,,12,"Education, training and skills,Funding for different types of schools and settings,Funding for 16 to 19 year olds in schools,Further education funding,School and academy funding,Further and higher education, skills and vocational training,GOV.UK homepage",Education and Skills Funding Agency,"Education and Skills Funding Agency,Department for Education",2022 to 2024 Sunak Conservative government,,,
https://www.gov.uk/guidance/accreditation-requirement,Accreditation requirement,detailed_guide,602e505d-7631-11e4-a3cb-005056011aef,en,whitehall,2014-11-19T10:02:00.000Z,2019-02-18T11:45:03.000Z,,,12,"School curriculum,Secondary curriculum, key stage 3 and key stage 4 (GCSEs),GOV.UK homepage,Education, training and skills",Ofqual,Ofqual,2010 to 2015 Conservative and Liberal Democrat coalition government,,,
https://www.gov.uk/guidance/uk-nationals-in-the-eea-and-switzerland-access-to-higher-education-and-19-further-education,UK nationals in the EEA and Switzerland: access to higher education and 19+ further education,detailed_guide,10294bc8-32bc-45b1-97a4-d7462a922c81,en,whitehall,2020-08-11T11:18:00.000Z,2020-08-11T11:18:00.000Z,,,11,"Education, training and skills,Brexit,Government,GOV.UK homepage,Further and higher education, skills and vocational training,Funding and finance for students",Department for Education,Department for Education,2019 to 2022 Johnson Conservative government,,,
https://www.gov.uk/guidance/further-education-leadership-mentoring-programme,Further education leadership mentoring programme,detailed_guide,02d74936-e8f3-486b-b346-e8db698d1827,en,whitehall,2023-05-18T23:00:00.000Z,2025-10-01T12:37:55.000Z,,,11,"Education, training and skills,GOV.UK homepage,Running a further or higher education institution,Further and higher education, skills and vocational training",Department for Education,Department for Education,2022 to 2024 Sunak Conservative government,,,
https://www.gov.uk/guidance/using-co-monitors-and-air-cleaning-units-in-education-and-care-settings,Using CO₂ monitors and air cleaning units in education and care settings,detailed_guide,00ccf894-e231-42da-9dd0-ea6ffc0a1ce4,en,whitehall,2023-04-26T10:17:26.000Z,2023-04-26T10:17:26.000Z,,,11,"Education, training and skills,Running and managing a school,GOV.UK homepage",Department for Education,Department for Education,2022 to 2024 Sunak Conservative government,,,
https://www.gov.uk/guidance/defence-equipment-support-des-graduate-schemes,Defence Equipment & Support (DE&S) graduate schemes,detailed_guide,53237417-6350-4bf2-b398-41a2c1b6129a,en,whitehall,2024-01-23T15:26:27.000Z,2024-01-23T15:26:27.000Z,,,11,"GOV.UK homepage,Work,Further and higher education, skills and vocational training,Apprenticeships, traineeships and internships,Careers guidance in further and higher education,Finding a job,Working, jobs and pensions,Education, training and skills,Government graduate schemes,Defence and armed forces,Military recruitment, training and operations,Further and higher education courses and qualifications",Defence Equipment and Support,Defence Equipment and Support,2022 to 2024 Sunak Conservative government,,,
https://www.gov.uk/guidance/academies-funded-on-estimates,Academies funded on estimates,detailed_guide,19d4978e-ab1c-49aa-a4cf-bad6fe7e102b,en,whitehall,2016-11-02T00:00:00.000Z,2025-10-13T11:27:01.000Z,,,11,"Funding for different types of schools and settings,School and academy funding,Education, training and skills,Academy funding,GOV.UK homepage",Department for Education,Department for Education,2016 to 2019 May Conservative government,,,
https://www.gov.uk/guidance/support-your-apprentice-through-end-point-assessment,Support your apprentice through end-point assessment,detailed_guide,1787f8ac-c8d3-4080-98c8-bd14872ec78d,en,whitehall,2021-09-27T23:00:00.000Z,2024-12-11T11:00:01.000Z,,,11,"Apprenticeships, traineeships and internships,Further and higher education, skills and vocational training,Education, training and skills,GOV.UK homepage",Department for Education,Department for Education,2019 to 2022 Johnson Conservative government,,,
https://www.gov.uk/guidance/get-school-to-school-support-from-system-leaders,Get school-to-school support from system leaders,detailed_guide,aafd2fe8-a556-49ce-82ea-1f81a78ed61b,en,whitehall,2021-01-25T00:00:00.000Z,2023-11-06T15:24:13.000Z,,,11,"Teaching and leadership,Education, training and skills,School leadership,Recruiting, inducting and managing teachers,Teacher training and professional development,Running and managing a school,School-to-school support,School governance,GOV.UK homepage",Department for Education,Department for Education,2019 to 2022 Johnson Conservative government,,,
https://www.gov.uk/guidance/16-to-19-funding-advanced-maths-premium,16 to 19 funding: advanced maths premium,detailed_guide,30a633ab-6d31-4505-a0c6-5781d235803a,en,whitehall,2018-02-28T00:00:00.000Z,2025-10-01T10:42:35.000Z,,,10,"Further education funding,GOV.UK homepage,Further and higher education, skills and vocational training,Funding for 16 to 19 year olds in schools,School and academy funding,Funding for different types of schools and settings,Education, training and skills",Education and Skills Funding Agency,"Education and Skills Funding Agency,Department for Education",2016 to 2019 May Conservative government,,,
https://www.gov.uk/guidance/report-an-unregistered-school,Report an unregistered school,detailed_guide,d1c78aaa-38ba-446b-8d01-98a23eaf3c54,en,whitehall,2021-11-15T10:23:00.000Z,2021-11-15T10:23:00.000Z,,,10,"Parenting, childcare and children's services ,GOV.UK homepage,Safeguarding and social care for children,Education, training and skills,Inspection and performance of schools,Inspections and performance of education providers",Ofsted,Ofsted,2019 to 2022 Johnson Conservative government,,,
https://www.gov.uk/guidance/initial-teacher-education-inspection-data-summary-report-idsr-guide,Initial teacher education inspection data summary report (IDSR) guide,detailed_guide,f3496e91-32cc-4351-9690-d5e16e044807,en,whitehall,2021-03-29T23:00:00.000Z,2026-01-09T09:30:05.000Z,,,10,"Teaching and leadership,Initial Teacher Training (ITT),GOV.UK homepage,Teacher training and professional development,Education, training and skills",Ofsted,Ofsted,2019 to 2022 Johnson Conservative government,,,
https://www.gov.uk/guidance/sta-assessment-updates,STA assessment updates,detailed_guide,c4ecd037-685e-42f7-a98a-c88dbb9f283b,en,whitehall,2019-11-26T00:00:00.000Z,2025-09-01T08:00:03.000Z,,,10,"Primary curriculum, key stage 2,School curriculum,Education, training and skills,Tests and assessments (key stage 1),Tests and assessments (key stage 2),Primary curriculum, key stage 1,GOV.UK homepage",Standards and Testing Agency,Standards and Testing Agency,2019 to 2022 Johnson Conservative government,,,
https://www.gov.uk/guidance/getting-disabled-students-prepared-for-university-or-college,Getting disabled students prepared for university or college,detailed_guide,f5085bdf-592a-4c81-87df-3d244c3e8c02,en,whitehall,2023-05-21T23:00:00.000Z,2025-08-05T12:40:27.000Z,,,10,"Funding and finance for students,GOV.UK homepage,Education, training and skills,Student loans",Student Loans Company,Student Loans Company,2022 to 2024 Sunak Conservative government,,,
https://www.gov.uk/guidance/key-stage-2-tests-how-to-apply-for-a-review-of-key-stage-2-results,Key stage 2 tests: applying for a review of pupils’ test results,detailed_guide,5f58dc20-7631-11e4-a3cb-005056011aef,en,whitehall,2013-12-05T00:00:00.000Z,2025-07-07T08:30:04.000Z,,,10,"School curriculum,Tests and assessments (key stage 2),Education, training and skills,Primary curriculum, key stage 2,GOV.UK homepage",Standards and Testing Agency,Standards and Testing Agency,2010 to 2015 Conservative and Liberal Democrat coalition government,,,
https://www.gov.uk/guidance/cyber-explorers,Cyber Explorers,detailed_guide,7a7bfa2b-3afa-4744-93f6-30b5155d6bf5,en,whitehall,2022-02-23T14:12:06.000Z,2022-02-23T14:12:06.000Z,,,10,"Cyber security,GOV.UK homepage,Education, training and skills,Government","Department for Science, Innovation and Technology","Department for Science, Innovation and Technology,Department for Digital, Culture, Media & Sport",2019 to 2022 Johnson Conservative government,,,
https://www.gov.uk/guidance/opening-closing-and-making-changes-to-schools,"Opening, closing and making changes to schools",detailed_guide,757c3f9a-2d26-4f55-bae0-f4482bdc5b81,en,whitehall,2022-08-16T16:01:00.000Z,2022-08-16T16:01:00.000Z,,,9,"Education, training and skills,GOV.UK homepage,Running and managing a school",Office of the Schools Adjudicator,Office of the Schools Adjudicator,2019 to 2022 Johnson Conservative government,,,
https://www.gov.uk/guidance/report-changes-to-your-disability-confident-details,Make changes to your Disability Confident details,detailed_guide,d75b6f9d-e807-49ba-8e6c-10739dc18670,en,whitehall,2021-06-15T15:51:00.000Z,2021-06-15T15:51:00.000Z,,,9,"Welfare,Disability rights,GOV.UK homepage,Work and disabled people,Disabled people,Education, training and skills,Work,Health and social care",Department for Work and Pensions,Department for Work and Pensions,2019 to 2022 Johnson Conservative government,,,
https://www.gov.uk/guidance/national-curriculum-assessment-expert-review-panels,National curriculum assessments: join our expert review panels,detailed_guide,e4043382-0196-40b3-9e3d-eb9caa75b828,en,whitehall,2022-09-05T23:00:00.000Z,2024-10-01T08:30:05.000Z,,,9,"Primary curriculum, key stage 1,GOV.UK homepage,Primary curriculum, key stage 2,School curriculum,Education, training and skills",Standards and Testing Agency,Standards and Testing Agency,2022 Truss Conservative government,,,
https://www.gov.uk/guidance/buy-musical-instruments-equipment-and-technology,"Buy musical instruments, equipment and technology",detailed_guide,de8b653d-7f23-485e-ab31-470ad21993f8,en,whitehall,2024-12-04T00:00:00.000Z,2025-10-14T11:08:41.000Z,,,9,"Education, training and skills,Running and managing a school,School and academy funding,GOV.UK homepage",Department for Education,Department for Education,2024 Starmer Labour government,,,
https://www.gov.uk/guidance/school-admission-appeals-data-collection-how-to-submit-data,School admission appeals data collection: how to submit data,detailed_guide,b8144ea6-d387-47c8-9577-89dd39d37458,en,whitehall,2016-12-01T00:00:00.000Z,2025-10-10T10:18:12.000Z,,,9,"GOV.UK homepage,Running and managing a school,Data collection and censuses for schools,Education, training and skills,School preference and admission appeals data collection",Department for Education,Department for Education,2016 to 2019 May Conservative government,,,
https://www.gov.uk/guidance/initial-teacher-training-itt-accreditation-for-the-academic-year-2027-to-2028,Initial teacher training (ITT): accreditation for the academic year 2027 to 2028,detailed_guide,d957a29a-4b0c-49b9-a5f4-4df8a64e6750,en,whitehall,2025-12-17T00:00:00.000Z,2025-12-17T00:00:00.000Z,,,9,"Initial Teacher Training (ITT),GOV.UK homepage,Teaching and leadership,Teacher training and professional development,Education, training and skills",Department for Education,Department for Education,2024 Starmer Labour government,,,
https://www.gov.uk/guidance/explore-education-statistics,Explore education statistics,detailed_guide,c860485e-f123-4b49-8715-5139819f0978,en,whitehall,2020-03-26T12:35:06.000Z,2020-03-26T12:35:06.000Z,,,8,"Parenting, childcare and children's services ,GOV.UK homepage,Education, training and skills",Department for Education,Department for Education,2019 to 2022 Johnson Conservative government,,,
https://www.gov.uk/guidance/teacher-misconduct-set-aside-a-prohibition-order,Teacher misconduct: set aside a prohibition order,detailed_guide,722ecd8f-d315-4339-82e1-a33aa6bda4b1,en,whitehall,2014-03-28T00:00:00.000Z,2014-03-28T00:00:00.000Z,,,8,"Teaching standards, misconduct and practice,GOV.UK homepage,Education, training and skills,Teaching and leadership",Teaching Regulation Agency,Teaching Regulation Agency,2010 to 2015 Conservative and Liberal Democrat coalition government,,,
https://www.gov.uk/guidance/16-to-19-funding-programme-cost-weighting-changes,16 to 19 funding: programme cost weighting changes,detailed_guide,44d44270-68a6-448b-9331-091832323bfa,en,whitehall,2019-11-04T00:00:00.000Z,2025-06-05T12:23:45.000Z,,,8,"Further education funding,Funding for different types of schools and settings,GOV.UK homepage,School and academy funding,Further and higher education, skills and vocational training,Funding for 16 to 19 year olds in schools,Education, training and skills",Education and Skills Funding Agency,"Education and Skills Funding Agency,Department for Education",2019 to 2022 Johnson Conservative government,,,
https://www.gov.uk/guidance/leading-primary-mathematics-national-professional-qualification,Leading primary mathematics national professional qualification,detailed_guide,42829be8-01b5-4ef1-9f1a-4126ae09dd35,en,whitehall,2023-09-19T23:00:00.000Z,2024-12-16T09:30:03.000Z,,,8,"Education, training and skills,GOV.UK homepage,Teaching and leadership,School leadership,Teacher training and professional development",Department for Education,Department for Education,2022 to 2024 Sunak Conservative government,,,
https://www.gov.uk/guidance/get-help-with-flexible-working-in-schools,Get help with flexible working in schools,detailed_guide,e9805dfe-8fb9-4f59-bb83-b951004a10c8,en,whitehall,2023-06-26T23:00:00.000Z,2025-06-02T08:30:05.000Z,,,8,"Education, training and skills,Running and managing a school,GOV.UK homepage,Recruiting and managing non-teaching school staff",Department for Education,Department for Education,2022 to 2024 Sunak Conservative government,,,
https://www.gov.uk/guidance/current-year-income-guidance-on-finalisation-assessments,Current year income – Guidance on finalisation assessments,detailed_guide,e0bfe8eb-ff67-42b8-bb89-a02060c8e7e1,en,whitehall,2021-04-25T23:00:00.000Z,2025-08-14T11:06:29.000Z,,,8,"Funding and finance for students,Education, training and skills,Student loans,GOV.UK homepage",Student Loans Company,Student Loans Company,2019 to 2022 Johnson Conservative government,,,
https://www.gov.uk/guidance/loaning-devices-to-children-and-young-people,Loaning devices to children and young people,detailed_guide,0c9048b3-37a1-4792-80e7-7e275f1548a9,en,whitehall,2020-04-19T09:00:00.000Z,2022-06-23T16:11:29.000Z,,,7,"GOV.UK homepage,Education, training and skills",Department for Education,Department for Education,2019 to 2022 Johnson Conservative government,,,
https://www.gov.uk/guidance/earnings-adjustment-statement-eas,Earnings adjustment statement (EAS),detailed_guide,43929574-ceb5-4e10-99be-4e7907cb4561,en,whitehall,2020-02-28T00:00:00.000Z,2025-06-03T11:28:31.000Z,,,7,"Further education funding,Education, training and skills,Further education financial management and data collection,GOV.UK homepage,Further and higher education, skills and vocational training,Further education funding data",Education and Skills Funding Agency,"Education and Skills Funding Agency,Department for Education",2019 to 2022 Johnson Conservative government,,,
https://www.gov.uk/guidance/get-financial-advice-for-schools,Get financial advice for schools,detailed_guide,a96364bb-9b60-490c-b01b-39eaa7a80c78,en,whitehall,2019-03-27T00:00:00.000Z,2024-09-25T10:19:26.000Z,,,7,"GOV.UK homepage,School and academy financial management and assurance,Education, training and skills",Department for Education,Department for Education,2016 to 2019 May Conservative government,,,
https://www.gov.uk/guidance/trust-and-school-improvement-offer,School improvement offer,detailed_guide,3aca1871-d8ce-4b37-bc96-5c773e1ff130,en,whitehall,2021-04-27T23:00:00.000Z,2024-09-23T12:00:02.000Z,,,7,"School leadership,GOV.UK homepage,Teaching and leadership,Education, training and skills,Teacher training and professional development",Department for Education,Department for Education,2019 to 2022 Johnson Conservative government,,,
https://www.gov.uk/guidance/emergency-school-improvement-fund-non-capital,Emergency school improvement fund (non-capital),detailed_guide,7b5c72ef-5b0e-43c2-91cb-cfb943f2e7f2,en,whitehall,2019-07-18T23:15:00.000Z,2023-02-23T12:58:19.000Z,,,7,"Local authority schools funding,Alternative provision funding,GOV.UK homepage,School and academy funding,Running and managing a school,Funding for different types of schools and settings,Education, training and skills,Special schools funding,School-to-school support,Academy funding",Department for Education,Department for Education,2016 to 2019 May Conservative government,,,
https://www.gov.uk/guidance/apply-for-fe-senior-pay-approval,Apply for FE senior pay approval,detailed_guide,6c7ab500-9fbf-422f-9fef-970a929fcda4,en,whitehall,2023-01-31T00:00:00.000Z,2025-07-10T12:14:08.000Z,,,7,"GOV.UK homepage,Further and higher education, skills and vocational training,Running a further or higher education institution,Education, training and skills",Department for Education,Department for Education,2022 to 2024 Sunak Conservative government,,,
https://www.gov.uk/guidance/achieving-better-value-when-buying,Achieving better value when buying,detailed_guide,7e19657e-0906-4abe-a7ac-8fabfb7fd9d1,en,whitehall,2025-12-04T11:00:00.000Z,2025-12-04T11:00:00.000Z,,,7,"GOV.UK homepage,Local authority schools financial reporting and assurance,School and academy financial management and assurance,Education, training and skills",Department for Education,Department for Education,2024 Starmer Labour government,,,
https://www.gov.uk/guidance/manage-school-experience-service-information-for-schools,Manage School Experience service: information for schools,detailed_guide,b5d44123-c986-4a9f-8d06-036ff71b99e7,en,whitehall,2020-08-17T23:00:00.000Z,2024-04-29T08:30:04.000Z,,,6,"Teaching and leadership,Initial Teacher Training (ITT),Education, training and skills,Teacher training and professional development,GOV.UK homepage",Department for Education,Department for Education,2019 to 2022 Johnson Conservative government,,,
https://www.gov.uk/guidance/timings-for-the-withdrawal-of-legacy-gcses-as-and-a-levels,"Timings for the withdrawal of legacy GCSEs, AS and A levels",detailed_guide,cec3c3e9-6c3a-4ff6-a14a-65eee4e94f8d,en,whitehall,2015-12-15T16:20:00.000Z,2017-08-11T12:09:03.000Z,,,6,"GCSE changes and reforms,Secondary curriculum, key stage 3 and key stage 4 (GCSEs),AS and A level changes and reforms,GOV.UK homepage,School curriculum,Key stage 5 (AS and A Levels),Education, training and skills",Ofqual,Ofqual,2015 to 2016 Cameron Conservative government,,,
https://www.gov.uk/guidance/request-a-subcontracting-threshold-exemption,Request a subcontracting threshold exemption,detailed_guide,d2acb67e-2dac-4866-9769-eb55276230f5,en,whitehall,2023-09-05T23:00:00.000Z,2025-06-04T08:58:04.000Z,,,6,"Running a further or higher education institution,Further and higher education, skills and vocational training,Education, training and skills,GOV.UK homepage",Department for Education,Department for Education,2022 to 2024 Sunak Conservative government,,,
https://www.gov.uk/guidance/mod-local-authority-partnership-modlap,MOD Local Authority Partnership (MODLAP),detailed_guide,b5d4e960-1118-4adf-a145-944c494b3747,en,whitehall,2021-05-20T23:00:00.000Z,2025-03-19T15:46:32.000Z,,,6,"Education, training and skills,GOV.UK homepage,Defence and armed forces,Support services for military and defence personnel and their families,Education of disadvantaged children",Ministry of Defence,Ministry of Defence,2019 to 2022 Johnson Conservative government,,,
https://www.gov.uk/guidance/adding-prevent-for-he-e-learning-to-a-learning-management-system,Adding Prevent for HE e-learning to a learning management system,detailed_guide,0b2bc9b0-5fcf-40bd-814c-1418f4599b5b,en,whitehall,2021-09-01T08:30:00.000Z,2023-03-03T09:00:01.000Z,,,6,"GOV.UK homepage,Further and higher education, skills and vocational training,Education, training and skills",Department for Education,Department for Education,2019 to 2022 Johnson Conservative government,,,
https://www.gov.uk/guidance/reporting-malpractice-allegations,Reporting malpractice allegations,detailed_guide,d0b9f688-1683-44da-818b-77b417cfc99e,en,whitehall,2018-07-20T13:00:00.000Z,2020-07-30T23:15:08.000Z,,,6,"Further and higher education courses and qualifications,GOV.UK homepage,Exam regulation and administration,Education, training and skills,Further and higher education, skills and vocational training,School curriculum",Ofqual,Ofqual,2016 to 2019 May Conservative government,,,
https://www.gov.uk/guidance/pupil-premium-reviews,Pupil premium reviews,detailed_guide,5f1930c6-7631-11e4-a3cb-005056011aef,en,whitehall,2014-03-25T10:37:00.000Z,2018-06-29T14:42:32.000Z,,,6,"School and academy funding,Education, training and skills,Pupil premium and other school premiums ,GOV.UK homepage",National College for Teaching and Leadership,"National College for Teaching and Leadership,Department for Education",2010 to 2015 Conservative and Liberal Democrat coalition government,,,
https://www.gov.uk/guidance/phishing-scams-how-you-can-avoid-them,Scams: how you can avoid them,detailed_guide,79140c77-5413-485a-9ba4-94a490d0a715,en,whitehall,2019-10-11T14:02:00.000Z,2023-09-11T13:04:08.000Z,,,6,"Funding and finance for students,Student loans,Education, training and skills,GOV.UK homepage",Student Loans Company,Student Loans Company,2019 to 2022 Johnson Conservative government,,,
https://www.gov.uk/guidance/phonics-screening-check-data-collection,Phonics screening check data collection: guide to submitting data,detailed_guide,5f1d4ff3-7631-11e4-a3cb-005056011aef,en,whitehall,2014-03-25T00:00:00.000Z,2025-05-09T09:18:03.000Z,,,6,"GOV.UK homepage,Running and managing a school,Education, training and skills,Data collection and censuses for schools,Phonics screening checks",Department for Education,Department for Education,2010 to 2015 Conservative and Liberal Democrat coalition government,,,
https://www.gov.uk/guidance/uk-nationals-in-the-eea-and-switzerland-access-to-apprenticeships,UK nationals in the EEA and Switzerland: access to apprenticeships,detailed_guide,34ff7e55-7f1f-42af-b786-35f034e97acb,en,whitehall,2020-08-11T11:18:00.000Z,2020-08-11T11:18:00.000Z,,,6,"Government,Apprenticeships, traineeships and internships,Becoming an apprentice,Brexit,Further and higher education, skills and vocational training,Education, training and skills,GOV.UK homepage",Department for Education,Department for Education,2019 to 2022 Johnson Conservative government,,,
https://www.gov.uk/guidance/subject-by-subject-support-for-gcse-as-and-a-level-students-in-2022,"Subject-by-subject support for GCSE, AS and A level students in 2022",detailed_guide,d04b61b1-9ab0-44b9-9c0a-a8624ce22e78,en,whitehall,2022-02-07T12:00:00.000Z,2022-02-07T17:02:45.000Z,,,6,"Key stage 3 and 4 exam marking, qualifications and results,Key stage 5 (AS and A Levels),Education, universities and childcare during COVID-19,Health and social care,Key stage 5 exam marking, qualifications and results,Closures, exams and managing a school or early years setting during COVID-19,COVID-19,Education, training and skills,GOV.UK homepage,Secondary curriculum, key stage 3 and key stage 4 (GCSEs),School curriculum",Ofqual,Ofqual,2019 to 2022 Johnson Conservative government,,,
https://www.gov.uk/guidance/initial-teacher-training-reform-partnership-grant,Initial teacher training reform partnership grant,detailed_guide,23df8809-62ba-488d-98b6-bcab01d4c2f2,en,whitehall,2022-12-12T10:00:00.000Z,2023-05-15T14:57:46.000Z,,,,"Teacher training and professional development,Teaching and leadership,Initial Teacher Training (ITT),Education, training and skills,GOV.UK homepage",Department for Education,Department for Education,2022 to 2024 Sunak Conservative government,,,
https://www.gov.uk/guidance/register-trainee-teachers,Register trainee teachers,detailed_guide,b78bd5d9-3f03-486d-8a14-515596c6304d,en,whitehall,2022-02-22T09:57:00.000Z,2022-05-11T17:03:15.000Z,,,,"Education, training and skills,Teaching and leadership,Teacher training and professional development,GOV.UK homepage,Initial Teacher Training (ITT)",Department for Education,Department for Education,2019 to 2022 Johnson Conservative government,,,
https://www.gov.uk/guidance/schools-exclusion-reviews-survey,School exclusion reviews data collection: how to submit data,detailed_guide,5f1d5717-7631-11e4-a3cb-005056011aef,en,whitehall,2014-03-25T00:00:00.000Z,2025-11-05T16:30:33.000Z,,,,"School exclusion reviews,Education, training and skills,GOV.UK homepage,Running and managing a school,Data collection and censuses for schools",Department for Education,Department for Education,2010 to 2015 Conservative and Liberal Democrat coalition government,,,
https://www.gov.uk/guidance/ofquals-whistleblowing-policy,Ofqual's whistleblowing policy,detailed_guide,7fb2d2b2-0279-4c19-af85-cacc6be47b6d,en,whitehall,2017-04-21T09:35:00.000Z,2018-09-25T14:46:34.000Z,,,,"Teaching and leadership,School curriculum,GOV.UK homepage,Education, training and skills,Teaching standards, misconduct and practice,Exam regulation and administration",Ofqual,Ofqual,2016 to 2019 May Conservative government,,,
https://www.gov.uk/guidance/request-approval-to-subcontract-16-to-19-distance-learning,Request approval to subcontract 16 to 19 distance learning,detailed_guide,ed55ba99-3d7f-4ad9-93de-2b560739c556,en,whitehall,2023-09-05T23:00:00.000Z,2025-06-04T08:57:40.000Z,,,,"Further and higher education, skills and vocational training,GOV.UK homepage,Education, training and skills,Running a further or higher education institution",Department for Education,Department for Education,2022 to 2024 Sunak Conservative government,,,
https://www.gov.uk/guidance/early-years-initial-teacher-training-2022-to-2023-funding-guidance,Early years initial teacher training: 2022 to 2023 funding guidance,detailed_guide,bb771d66-b6dc-4e84-b414-3ac74daa915f,en,whitehall,2021-11-30T12:19:00.000Z,2023-08-09T14:19:40.000Z,,,,"School and academy funding,Education, training and skills,Initial Teacher Training funding,GOV.UK homepage",Department for Education,Department for Education,2019 to 2022 Johnson Conservative government,,,
https://www.gov.uk/guidance/submit-a-school-land-transaction-proposal-acquisitions,Submit a school land transaction proposal: acquisitions,detailed_guide,e0dbb0a3-df1b-484f-8ede-bc04f18f5f22,en,whitehall,2022-04-13T13:24:00.000Z,2022-04-13T13:24:00.000Z,,,,"Running and managing a school,School buildings and land,GOV.UK homepage,Education, training and skills,School buildings and land guidelines",Department for Education,Department for Education,2019 to 2022 Johnson Conservative government,,,
https://www.gov.uk/guidance/setting-up-microsoft-windows-laptops-and-tablets,Setting up Microsoft Windows laptops and tablets,detailed_guide,6d3ca2e8-72d8-4ed0-8309-3996d6932a04,en,whitehall,2020-04-19T09:00:00.000Z,2022-06-23T16:11:18.000Z,,,,"Education, training and skills,School curriculum,GOV.UK homepage",Department for Education,Department for Education,2019 to 2022 Johnson Conservative government,,,
https://www.gov.uk/guidance/cyber-schools-programme,Cyber Schools Programme,detailed_guide,7771af2f-a733-4a55-8ddb-3edf6528c162,en,whitehall,2017-02-17T16:23:00.000Z,2017-02-17T16:23:00.000Z,,,,"Education, training and skills,National security,Cyber security,Government,GOV.UK homepage","Department for Science, Innovation and Technology","Department for Science, Innovation and Technology,Department for Digital, Culture, Media & Sport",2016 to 2019 May Conservative government,,,
https://www.gov.uk/guidance/early-years-initial-teacher-training-2023-to-2024-funding-guidance,Early years initial teacher training: 2023 to 2024 funding guidance,detailed_guide,3ca86e82-a2e5-4c19-b3f3-7064a41ce82c,en,whitehall,2022-08-23T23:00:00.000Z,2023-11-10T16:26:43.000Z,,,,"School and academy funding,Education, training and skills,GOV.UK homepage",Department for Education,Department for Education,2019 to 2022 Johnson Conservative government,,,
https://www.gov.uk/guidance/claim-the-academy-conversion-support-grant,Claim the academy conversion support grant,detailed_guide,6ff217cc-969c-4110-85e6-4f1138e9de8c,en,whitehall,2024-11-01T00:00:00.000Z,2025-01-31T14:46:55.000Z,,,,"Setting up or changing the status of a school,Set up or convert to an academy,Running and managing a school,Education, training and skills,GOV.UK homepage",Department for Education,Department for Education,2024 Starmer Labour government,,,
https://www.gov.uk/guidance/applying-to-be-a-delivery-partner-for-the-enrichment-partnerships-pilot,Applying to be a delivery partner for the Enrichment Partnerships Pilot,detailed_guide,449d7c17-09ce-4c2f-a8c2-429e2e7cb3d4,en,whitehall,2023-08-07T23:00:00.000Z,2023-08-22T15:17:38.000Z,,,,"GOV.UK homepage,School and academy funding,Education, training and skills,Society and culture,Young people","Department for Culture, Media and Sport","Department for Culture, Media and Sport,Department for Education",2022 to 2024 Sunak Conservative government,,,
https://www.gov.uk/guidance/bid-to-supply-economic-degree-apprenticeship-programme,Bid to supply Economic Degree Apprenticeship Programme,detailed_guide,097d9fdd-7ed2-4229-8dcb-e311e4539cd0,en,whitehall,2023-01-31T13:36:00.000Z,2023-02-02T08:10:36.000Z,,,,"Government efficiency, transparency and accountability,Education, training and skills,Further and higher education, skills and vocational training,GOV.UK homepage,Government,Apprenticeships, traineeships and internships",Government Economic Service,Government Economic Service,2022 to 2024 Sunak Conservative government,,,
https://www.gov.uk/guidance/key-stage-2-tests-standard-setting,Key stage 2 tests: standard setting,detailed_guide,1a3cdcd8-1738-4e06-a4dc-71cae406a077,en,whitehall,2016-07-04T23:00:00.000Z,2017-07-03T23:09:40.000Z,,,,"Primary curriculum, key stage 2,Tests and assessments (key stage 2),GOV.UK homepage,Education, training and skills,School curriculum",Standards and Testing Agency,Standards and Testing Agency,2015 to 2016 Cameron Conservative government,,,
https://www.gov.uk/guidance/national-leaders-of-further-education-guidance-for-potential-applicants,National leaders of further education,detailed_guide,c5d60798-1166-4252-ad6d-a72fde60480e,en,whitehall,2017-10-23T23:00:00.000Z,2025-02-24T17:00:03.000Z,,,,"Education, training and skills,GOV.UK homepage,Further and higher education, skills and vocational training",Department for Education,Department for Education,2016 to 2019 May Conservative government,,,
https://www.gov.uk/guidance/setting-up-google-chromebooks,Setting up Google Chromebooks,detailed_guide,1a26c818-8ab4-49ed-b398-7dd3dd758a05,en,whitehall,2020-04-19T09:00:00.000Z,2020-04-19T09:00:00.000Z,,,,"GOV.UK homepage,School curriculum,Education, training and skills",Department for Education,Department for Education,2019 to 2022 Johnson Conservative government,,,
https://www.gov.uk/guidance/access-funding-for-continuing-professional-development-in-science,Access funding for continuing professional development in science,detailed_guide,69aa8285-6602-40f6-9946-7f98fbbe6d96,en,whitehall,2018-09-21T14:33:56.000Z,2018-09-21T14:33:56.000Z,,,,"GOV.UK homepage,Education, training and skills,Teacher training and professional development,Teaching and leadership,School and academy funding",Department for Education,Department for Education,2016 to 2019 May Conservative government,,,
https://www.gov.uk/guidance/removing-cisco-umbrella-from-dfe-provided-chromebooks,Removing Cisco Umbrella from DfE-provided Chromebooks,detailed_guide,53165057-9a43-451b-b3a5-bc74d651b82a,en,whitehall,2020-04-19T09:00:00.000Z,2020-04-19T09:00:00.000Z,,,,"GOV.UK homepage,Education, training and skills",Department for Education,Department for Education,2019 to 2022 Johnson Conservative government,,,
https://www.gov.uk/guidance/convert-to-an-academy-information-for-schools/4-transfer-responsibilities-to-the-academy-trust,4. Transfer responsibilities to the academy trust,manual_section,0a08ebc9-ec24-4231-9fbb-fbfae3e4fee8,en,manuals-publisher,2016-01-13T16:44:51.000Z,2016-01-13T16:44:51.000Z,,,,"Set up or convert to an academy,Setting up or changing the status of a school,Education, training and skills,Running and managing a school,GOV.UK homepage",Department for Education,Department for Education,,,,
https://www.gov.uk/guidance/develop-skills-in-holocaust-education,Develop skills in Holocaust education,detailed_guide,66018302-5996-4352-89b5-60d217a22b5c,en,whitehall,2018-09-21T14:41:40.000Z,2018-09-21T14:41:40.000Z,,,,"Teaching and leadership,School curriculum,GOV.UK homepage,Education, training and skills,Teacher training and professional development",Department for Education,Department for Education,2016 to 2019 May Conservative government,,,
https://www.gov.uk/guidance/pupil-premium-reviews-a-guide-for-nles,Pupil premium reviews: a guide for system leaders,detailed_guide,5f419185-7631-11e4-a3cb-005056011aef,en,whitehall,2014-03-21T10:38:00.000Z,2018-06-29T14:42:30.000Z,,,,"School and academy funding,Education, training and skills,GOV.UK homepage,Pupil premium and other school premiums ",National College for Teaching and Leadership,"National College for Teaching and Leadership,Department for Education",2010 to 2015 Conservative and Liberal Democrat coalition government,,,
https://www.gov.uk/guidance/new-apprenticeship-service-employer-agreement,New apprenticeship service employer agreement,detailed_guide,5de26b64-4757-44f2-aa04-52ba847a5fa3,en,whitehall,2020-03-04T00:00:00.000Z,2021-01-20T10:35:25.000Z,,,,"Education, training and skills,GOV.UK homepage",Department for Education,Department for Education,2019 to 2022 Johnson Conservative government,,,
https://www.gov.uk/guidance/dcyp-covid-19,DCYP COVID-19,detailed_guide,394832f3-4670-4cb2-abba-095483e7ab52,en,whitehall,2020-03-26T15:47:00.000Z,2021-08-16T08:00:06.000Z,,,,"COVID-19,Education, training and skills,Support services for military and defence personnel and their families,Education, universities and childcare during COVID-19,Defence and armed forces,Health and social care,GOV.UK homepage",Ministry of Defence,Ministry of Defence,2019 to 2022 Johnson Conservative government,,,
https://www.gov.uk/guidance/16-to-19-education-financial-management-and-assurance,16 to 19 education: financial management and assurance,detailed_guide,5f10af3c-7631-11e4-a3cb-005056011aef,en,whitehall,2014-03-10T00:00:00.000Z,2018-04-26T09:11:10.000Z,,,,"GOV.UK homepage,Local authority further education financial reporting and assurance,Further and higher education, skills and vocational training,Further education financial management and data collection,Education, training and skills,Financial management for further education providers",Department for Education,"Department for Education,Education and Skills Funding Agency",2010 to 2015 Conservative and Liberal Democrat coalition government,,,
https://www.gov.uk/guidance/national-curriculum-assessments-monitoring-and-moderation-agreements,National curriculum assessments: monitoring and moderation agreements,detailed_guide,6d8b6431-5694-4d2b-9fca-8c509a8abf02,en,whitehall,2024-10-13T23:00:00.000Z,2025-10-13T08:30:09.000Z,,,,"GOV.UK homepage,Education, training and skills,Tests and assessments (key stage 2),Primary curriculum, key stage 2,School curriculum",Standards and Testing Agency,Standards and Testing Agency,2024 Starmer Labour government,,,
https://www.gov.uk/support-military-bereaved-children/how-to-apply,Scholarships for children whose parent died in service: How to apply ,guide,c26f41e3-7a48-4589-a6b3-d384040e7adb,en,publisher,2014-11-25T16:19:44.000Z,2015-09-24T10:14:44.000Z,,,,"Defence and armed forces,Funding and finance for students,Education, training and skills,Armed forces,Student grants, bursaries and scholarships,GOV.UK homepage",Government Digital Service,Ministry of Defence,,,,
https://www.gov.uk/guidance/early-years-initial-teacher-training-2019-to-2020-funding-guidance,Early years initial teacher training: 2019 to 2020 funding guidance,detailed_guide,b81d610f-db40-4c75-9ed0-a845af2ab877,en,whitehall,2018-12-18T14:26:00.000Z,2020-08-06T12:32:32.000Z,,,,"GOV.UK homepage,Teaching and leadership,Education, training and skills,Initial Teacher Training (ITT),Teacher training and professional development",Department for Education,Department for Education,2016 to 2019 May Conservative government,,,
https://www.gov.uk/guidance/help-with-accessing-and-buying-resources-for-remote-education,Help with accessing and buying resources for remote education,detailed_guide,1951fe9e-3ddf-4a28-9ee2-4cf33869e895,en,whitehall,2020-11-23T14:56:00.000Z,2020-11-23T14:56:00.000Z,,,,"Health and social care,Education, universities and childcare during COVID-19,COVID-19,Education, training and skills,GOV.UK homepage",Department for Education,Department for Education,2019 to 2022 Johnson Conservative government,,,
https://www.gov.uk/guidance/how-to-set-up-a-google-domain-for-care-leavers,How to set up a Google domain for care leavers,detailed_guide,55aec037-1bc9-4fda-8f5d-cd5713f195ac,en,whitehall,2020-04-19T09:00:00.000Z,2020-04-19T09:00:00.000Z,,,,"Safeguarding and social care for children,Children and young people leaving care,School curriculum,GOV.UK homepage,Looked-after children and children in care,Education, training and skills,Parenting, childcare and children's services ",Department for Education,Department for Education,2019 to 2022 Johnson Conservative government,,,
https://www.gov.uk/guidance/workload-challenge-funding-for-schools,Workload challenge: funding for schools,detailed_guide,270ffbe3-d0d3-419e-bbd8-91cbdc88829e,en,whitehall,2016-09-28T14:42:00.000Z,2016-11-09T17:23:58.000Z,,,,"Education, training and skills,GOV.UK homepage,Funding for different types of schools and settings,School and academy funding",National College for Teaching and Leadership,National College for Teaching and Leadership,2016 to 2019 May Conservative government,,,
https://www.gov.uk/guidance/the-fast-track-digital-workforce-fund,The Fast Track Digital Workforce Fund,detailed_guide,67083ca6-033a-4194-9b32-874b1ff019bf,en,whitehall,2020-03-06T10:22:32.000Z,2020-03-06T10:22:32.000Z,,,,"Digital inclusion and accessibility in society,GOV.UK homepage,Further and higher education, skills and vocational training,Education, training and skills,Adult learning,Society and culture","Department for Science, Innovation and Technology","Department for Science, Innovation and Technology,Department for Digital, Culture, Media & Sport",2019 to 2022 Johnson Conservative government,,,
https://www.gov.uk/guidance/registering-initial-teacher-training-places-2016-to-2017,Registering initial teacher training places 2016 to 2017,detailed_guide,b9c2819e-952c-41c5-a80b-0b561329169d,en,whitehall,2015-06-23T10:48:00.000Z,2015-06-23T10:48:00.000Z,,,,"Teacher training and professional development,Teaching and leadership,Education, training and skills,Initial Teacher Training (ITT),GOV.UK homepage",National College for Teaching and Leadership,"National College for Teaching and Leadership,Department for Education",2015 to 2016 Cameron Conservative government,,,
https://www.gov.uk/guidance/esfa-education-and-skills-agreements-2023-to-2024,ESFA education and skills agreements: 2023 to 2024,detailed_guide,ba5026e5-f91e-466f-8a5f-b0c72cce3d25,en,whitehall,2023-06-06T23:00:00.000Z,2023-08-31T09:07:11.000Z,,,,"Education, training and skills,Further education funding,GOV.UK homepage,Further and higher education, skills and vocational training",Education and Skills Funding Agency,"Education and Skills Funding Agency,Department for Education",2022 to 2024 Sunak Conservative government,,,
https://www.gov.uk/guidance/accessing-tailored-support-from-the-fe-commissioner,Accessing tailored support from the FE Commissioner,detailed_guide,50c8f376-2b3e-4b7f-ba70-48f912ed6dbb,en,whitehall,2022-11-11T00:00:00.000Z,2025-04-11T08:57:40.000Z,,,,"Education, training and skills,GOV.UK homepage,Running a further or higher education institution,Further and higher education, skills and vocational training",Further Education Commissioner,Further Education Commissioner,2022 to 2024 Sunak Conservative government,,,
https://www.gov.uk/guidance/be-exam-smart,Be exam smart,detailed_guide,d1f1d90e-b42f-41ae-8f1b-d493d47d105a,en,whitehall,2020-03-02T10:00:07.000Z,2020-03-02T10:00:07.000Z,,,,"Key stage 5 exam marking, qualifications and results,Key stage 5 (AS and A Levels),School curriculum,Key stage 3 and 4 exam marking, qualifications and results,Secondary curriculum, key stage 3 and key stage 4 (GCSEs),Education, training and skills,GOV.UK homepage",Ofqual,Ofqual,2019 to 2022 Johnson Conservative government,,,
https://www.gov.uk/guidance/send-students-on-the-lessons-from-auschwitz-course,Send students on the Lessons from Auschwitz course,detailed_guide,5855867b-b13f-4a72-a4a6-158b4c0e9736,en,whitehall,2018-09-21T14:38:35.000Z,2018-09-21T14:38:35.000Z,,,,"School curriculum,Spiritual, moral, social and cultural development,GOV.UK homepage,Education, training and skills",Department for Education,Department for Education,2016 to 2019 May Conservative government,,,
https://www.gov.uk/guidance/apply-to-become-a-families-first-for-children-pathfinder-area,Apply to become a families first for children pathfinder area,detailed_guide,708812b0-e932-40a3-bd2c-b055ca533a69,en,whitehall,2023-10-05T23:00:00.000Z,2023-11-10T12:53:32.000Z,,,,"Safeguarding and social care for children,Parenting, childcare and children's services ,GOV.UK homepage,Education, training and skills,Safeguarding and child protection",Department for Education,Department for Education,2022 to 2024 Sunak Conservative government,,,
https://www.gov.uk/guidance/commissioning-a-send-review,Commissioning a SEND review,detailed_guide,b4790e15-f2a2-4ca5-a02d-aa967f55c252,en,whitehall,2018-03-29T08:51:00.000Z,2018-03-29T08:51:00.000Z,,,,"GOV.UK homepage,Special educational needs and disability (SEND) and high needs,Education, training and skills",Department for Education,Department for Education,2016 to 2019 May Conservative government,,,
https://www.gov.uk/guidance/cadet-forces-units-information-for-state-funded-schools,Cadet units: guide for government-funded schools,detailed_guide,5f43c31e-7631-11e4-a3cb-005056011aef,en,whitehall,2014-03-25T10:32:00.000Z,2019-02-25T12:58:51.000Z,,,,"Education, training and skills,School trips and extracurricular activity,Running and managing a school,GOV.UK homepage",Department for Education,Department for Education,2010 to 2015 Conservative and Liberal Democrat coalition government,,,
https://www.gov.uk/guidance/help-with-role-changes-in-manage-your-education-and-skills-funding-myesf,Help with role changes in Manage your education and skills funding (MYESF),detailed_guide,3e092168-6f21-48ae-b159-7e2ceee376b3,en,whitehall,2023-07-10T23:00:00.000Z,2023-07-10T23:00:00.000Z,,,,"School and academy funding,Funding for different types of schools and settings,GOV.UK homepage,Education, training and skills",Education and Skills Funding Agency,"Education and Skills Funding Agency,Department for Education",2022 to 2024 Sunak Conservative government,,,
https://www.gov.uk/guidance/concrete-cladding-monitoring-building-condition,Concrete cladding - monitoring building condition,detailed_guide,c552b42a-b85a-4f1d-bfc8-cb5def22d7b0,en,whitehall,2018-02-08T00:00:00.000Z,2018-02-08T00:00:00.000Z,,,,"Education, training and skills,Running and managing a school,GOV.UK homepage,School buildings and land",Department for Education,"Department for Education,Education and Skills Funding Agency",2016 to 2019 May Conservative government,,,
https://www.gov.uk/guidance/religious-character-designation-guide-to-applying,Religious character designation: guide to applying,detailed_guide,0ce7be2f-f2db-40b7-bbe9-6b74bc815d97,en,whitehall,2015-09-06T23:00:00.000Z,2021-06-30T13:28:14.000Z,,,,"Running and managing a school,GOV.UK homepage,Setting up or changing the status of a school,Education, training and skills",Department for Education,Department for Education,2015 to 2016 Cameron Conservative government,,,
https://www.gov.uk/guidance/digital-skills-partnership,Digital Skills Partnership,detailed_guide,b16c0e6d-bf0e-4b21-a7e8-81370427e85c,en,whitehall,2018-10-19T10:19:00.000Z,2023-01-24T10:30:11.000Z,,,,"Society and culture,GOV.UK homepage,Business and industry,Digital inclusion and accessibility in society,Education, training and skills","Department for Science, Innovation and Technology","Department for Science, Innovation and Technology,Department for Digital, Culture, Media & Sport",2016 to 2019 May Conservative government,,,
https://www.gov.uk/guidance/join-the-teaching-leaders-programme-to-develop-future-leaders,Join the Expert Middle Leaders programme to develop future leaders,detailed_guide,3363fdf6-5afd-47d0-8725-533d44153851,en,whitehall,2019-01-08T12:11:00.000Z,2020-04-15T15:22:19.000Z,,,,"Education, training and skills,Teaching and leadership,Teacher training and professional development,School leadership,GOV.UK homepage",Department for Education,Department for Education,2016 to 2019 May Conservative government,,,
https://www.gov.uk/guidance/submitting-an-fe-transaction-approval-request,Submitting an FE transaction approval request,detailed_guide,5fabc098-73ba-49f9-b449-7b632a29a2c6,en,whitehall,2025-08-14T10:30:10.000Z,2025-08-14T10:30:10.000Z,,,,"Education, training and skills,GOV.UK homepage,Further and higher education, skills and vocational training,Further education financial management and data collection",Department for Education,Department for Education,2024 Starmer Labour government,,,
https://www.gov.uk/guidance/equality-and-diversity-funding-for-school-led-projects,Equality and diversity fund: for school-led projects,detailed_guide,5f5964c0-7631-11e4-a3cb-005056011aef,en,whitehall,2014-05-20T09:00:00.000Z,2021-01-06T09:20:23.000Z,,,,"Teaching and leadership,School leadership,GOV.UK homepage,Education, training and skills,Teacher training and professional development",Department for Education,Department for Education,2010 to 2015 Conservative and Liberal Democrat coalition government,,,
https://www.gov.uk/guidance/convert-to-an-academy-information-for-schools/5-prepare-to-reopen-as-an-academy,5. Prepare to open as an academy,manual_section,0d1645c3-6094-4d9d-8c9d-b249e9cffd5c,en,manuals-publisher,2016-01-13T16:44:51.000Z,2024-03-21T15:00:09.538Z,,,,"Setting up or changing the status of a school,GOV.UK homepage,Running and managing a school,Education, training and skills,Set up or convert to an academy",Department for Education,Department for Education,,,,
https://www.gov.uk/guidance/esfa-education-and-skills-contracts-2019-to-2020,ESFA education and skills contracts: 2019 to 2020,detailed_guide,f572b452-650a-4935-ab3e-649dd4edf3aa,en,whitehall,2019-05-12T23:00:00.000Z,2019-12-13T15:42:19.000Z,,,,"GOV.UK homepage,Education, training and skills,Further education funding,Further and higher education, skills and vocational training",Education and Skills Funding Agency,"Education and Skills Funding Agency,Department for Education",2016 to 2019 May Conservative government,,,
https://www.gov.uk/guidance/training-provider-guide-to-high-quality-apprenticeship-end-point-assessment,Training provider guide to high-quality apprenticeship end-point assessment,detailed_guide,c0eb75f2-05db-4b38-91b4-fff9d6006930,en,whitehall,2021-09-27T23:00:00.000Z,2021-09-27T23:00:00.000Z,,,,"Apprenticeships, traineeships and internships,GOV.UK homepage,Further and higher education, skills and vocational training,Education, training and skills",Department for Education,Department for Education,2019 to 2022 Johnson Conservative government,,,
https://www.gov.uk/guidance/replace-faulty-devices-guidance-for-schools-and-local-authorities,Replace faulty devices: guidance for schools and local authorities,detailed_guide,7b9776f4-7848-4d81-ab86-eef733b29c8b,en,whitehall,2020-04-19T09:00:00.000Z,2022-06-23T16:11:25.000Z,,,,"School curriculum,GOV.UK homepage,Education, training and skills,Running and managing a school",Department for Education,Department for Education,2019 to 2022 Johnson Conservative government,,,
https://www.gov.uk/guidance/guidance-for-centres-awarding-vtqs-in-2021-and-2022,Guidance for centres: awarding VTQs in 2021 and 2022,detailed_guide,7050fb8d-34d9-4614-ba27-71be2ffffdaa,en,whitehall,2021-12-02T14:30:00.000Z,2022-05-23T08:30:06.000Z,,,,"Further and higher education, skills and vocational training,Education, training and skills,GOV.UK homepage,Further and higher education courses and qualifications",Ofqual,Ofqual,2019 to 2022 Johnson Conservative government,,,
https://www.gov.uk/guidance/esfa-education-and-skills-agreements-and-accountability-agreements-2024-to-2025,ESFA education and skills agreements and accountability agreements: 2024 to 2025,detailed_guide,69227bb2-6d19-4ee5-b7c9-feefc5a2232f,en,whitehall,2024-05-08T23:00:00.000Z,2024-08-20T09:52:03.000Z,,,,"GOV.UK homepage,Further and higher education, skills and vocational training,Further education funding,Education, training and skills",Education and Skills Funding Agency,"Education and Skills Funding Agency,Department for Education",2022 to 2024 Sunak Conservative government,,,
https://www.gov.uk/guidance/regulatory-document-list,Regulatory Document List,detailed_guide,1f30e26c-900f-4ca9-80b7-9ab35690332f,en,whitehall,2015-09-30T22:45:00.000Z,2023-07-11T11:00:00.000Z,,,,"Key stage 3 and 4 exam marking, qualifications and results,School curriculum,Education, training and skills,GOV.UK homepage,Further and higher education courses and qualifications,Key stage 5 (AS and A Levels),Key stage 5 exam marking, qualifications and results,Secondary curriculum, key stage 3 and key stage 4 (GCSEs),Further and higher education, skills and vocational training",Ofqual,Ofqual,2015 to 2016 Cameron Conservative government,,,
https://www.gov.uk/guidance/directions-to-the-teaching-regulation-agency,Directions to the Teaching Regulation Agency,detailed_guide,c0be9e60-713a-4543-8762-efd2363f9f94,en,whitehall,2014-04-14T15:32:00.000Z,2014-04-14T15:32:00.000Z,,,,"Teaching standards, misconduct and practice,Education, training and skills,GOV.UK homepage,Teaching and leadership",Teaching Regulation Agency,Teaching Regulation Agency,2010 to 2015 Conservative and Liberal Democrat coalition government,,,
