url,title,documentType,contentId,locale,publishing_app,first_published_at,public_updated_at,withdrawn_at,withdrawn_explanation,page_views,taxons,primary_organisation,all_organisations,government,is_political,people,occurrences
https://www.gov.uk/guidance/india-young-professionals-scheme-visa-ballot-system,India Young Professionals Scheme visa: ballot system,detailed_guide,0aa4c42b-bef1-491d-a039-27c8e3d9eae5,en,whitehall,2023-02-21T00:00:00.000Z,2026-02-17T09:00:02.000Z,,,97444,"Entering and staying in the UK,GOV.UK homepage,Visas and entry clearance,Visa applications",UK Visas and Immigration,UK Visas and Immigration,2022 to 2024 Sunak Conservative government,,,
https://www.gov.uk/standard-visitor/apply-standard-visitor-visa,Visit the UK as a Standard Visitor: Apply for a Standard Visitor visa,guide,e1067450-7d13-45ff-ada4-5e3dd4025fb7,en,publisher,2015-04-24T00:01:08.000Z,2024-10-31T17:00:17.702Z,,,37076,"Visas and entry clearance,Corporate information,Entering and staying in the UK,Visit and transit visas,GOV.UK homepage",Government Digital Service,UK Visas and Immigration,,,,
https://www.gov.uk/get-a-child-passport/renew-a-child-passport,Get a passport for your child: Renew a child passport,guide,dabfc6b3-d88c-458f-a9fb-f286b987509b,en,publisher,2012-10-11T14:44:50.000Z,2014-12-23T16:15:15.000Z,,,27493,"Citizenship,GOV.UK homepage,Entering and staying in the UK,Permanent stay in the UK,Passports,Going and being abroad",Government Digital Service,HM Passport Office,,,,
https://www.gov.uk/settled-status-eu-citizens-families/switch-from-presettled-status-to-settled-status,Apply to the EU Settlement Scheme (settled and pre-settled status): Convert pre-settled status to settled status,guide,91504a10-f697-42a3-a779-f238b4955ea9,en,publisher,2018-06-21T12:15:03.344Z,2024-10-31T17:00:11.987Z,,,18541,"Government,Rights of EU and EEA citizens,GOV.UK homepage,Help and services around the world,Brexit,Entering and staying in the UK,Rights of foreign nationals in the UK",Government Digital Service,"Home Office,UK Visas and Immigration",,,,
https://www.gov.uk/skilled-worker-visa,Skilled Worker visa,guide,f9015c31-61c2-4504-8eb0-242cd75aee19,en,publisher,2014-02-07T17:07:29.000Z,2024-10-31T17:00:39.654Z,,,15629,"Entering and staying in the UK,Work and investor visas,Visas and entry clearance,GOV.UK homepage",Government Digital Service,UK Visas and Immigration,,,,
https://www.gov.uk/guidance/using-the-uk-eta-app,Using the 'UK ETA' app,detailed_guide,ada983d7-fa98-42db-b1ec-8d00d440708c,en,whitehall,2023-10-24T23:00:00.000Z,2025-11-17T15:29:40.000Z,,,14684,"Entering and staying in the UK,GOV.UK homepage,Visas and entry clearance",UK Visas and Immigration,UK Visas and Immigration,2022 to 2024 Sunak Conservative government,,,
https://www.gov.uk/apply-citizenship-indefinite-leave-to-remain/how-to-apply,Apply for citizenship if you have indefinite leave to remain or 'settled status': How to apply,guide,df86209b-1f0d-4280-b637-494ef61d0eac,en,publisher,2018-07-17T10:08:46.784Z,2025-01-16T09:00:03.574Z,,,14278,"Entering and staying in the UK,Permanent stay in the UK,GOV.UK homepage,Citizenship",Government Digital Service,"Home Office,UK Visas and Immigration",,,,
https://www.gov.uk/right-of-abode/apply-for-a-certificate-of-entitlement,Prove you have right of abode in the UK: Apply for a certificate of entitlement,guide,4816fa06-9e6c-4414-96b6-aa7ec7f24968,en,publisher,2014-01-22T14:38:46.000Z,2024-11-13T10:34:56.553Z,,,13232,"British citizenship ,Permanent stay in the UK,Entering and staying in the UK,Citizenship,GOV.UK homepage,Society and culture",Government Digital Service,UK Visas and Immigration,,,,
https://www.gov.uk/uk-family-visa/partner-spouse,"Family visas: apply, extend or switch: Apply as a partner or spouse",guide,305acc88-488e-44ec-8e5a-1a5de7819ba9,en,publisher,2017-06-29T11:52:35.142Z,2024-10-31T17:00:31.694Z,,,12459,"Entering and staying in the UK,Visas and entry clearance,Family visas,GOV.UK homepage",Government Digital Service,UK Visas and Immigration,,,,
https://www.gov.uk/guidance/youth-mobility-scheme-visa-ballot-system,Youth Mobility Scheme visa: ballot system,detailed_guide,27cf5f4e-1a7c-4190-ac72-edd815c08481,en,whitehall,2021-06-20T23:00:00.000Z,2026-02-11T16:01:01.000Z,,,12346,"Entering and staying in the UK,Visa applications,GOV.UK homepage,Visas and entry clearance",UK Visas and Immigration,UK Visas and Immigration,2019 to 2022 Johnson Conservative government,,,
https://www.gov.uk/dual-citizenship,Dual citizenship,answer,95a6d0d7-dce5-430d-b021-b327928056b3,en,publisher,2014-07-16T15:10:40.000Z,2014-12-31T14:52:01.000Z,,,12294,"Entering and staying in the UK,Citizenship,GOV.UK homepage,British citizenship ,Permanent stay in the UK,Society and culture",Government Digital Service,UK Visas and Immigration,,,,
https://www.gov.uk/british-citizenship,Check if you can become a British citizen,answer,91852fa3-423c-4159-886e-8909b961817f,en,publisher,2018-07-17T10:35:59.659Z,2025-01-17T14:06:43.158Z,,,11359,"Permanent stay in the UK,Citizenship,GOV.UK homepage,Entering and staying in the UK",Government Digital Service,"Home Office,UK Visas and Immigration",,,,
https://www.gov.uk/youth-mobility,Youth Mobility Scheme visa,guide,105e4758-c500-4da5-b1a1-58b9e64a6c30,en,publisher,2014-02-07T17:19:12.000Z,2024-10-31T17:00:15.621Z,,,10069,"Visas and entry clearance,Work and investor visas,Entering and staying in the UK,GOV.UK homepage",Government Digital Service,UK Visas and Immigration,,,,
https://www.gov.uk/guidance/visa-processing-times-applications-inside-the-uk,Visa processing times: applications inside the UK,detailed_guide,b8adb4d1-46f4-4384-b617-a1abbc46efc5,en,whitehall,2023-05-21T23:00:00.000Z,2025-07-21T10:50:51.000Z,,,8223,"Entering and staying in the UK,Visas and entry clearance,GOV.UK homepage",UK Visas and Immigration,UK Visas and Immigration,2022 to 2024 Sunak Conservative government,,,
https://www.gov.uk/find-a-visa-application-centre,Find a visa application centre,answer,aa055bd6-fde1-4471-8ac2-ac86241b4898,en,publisher,2014-02-21T19:36:08.000Z,2024-10-21T23:01:07.724Z,,,7781,"Visa application centres,Entering and staying in the UK,GOV.UK homepage,Visas and entry clearance",Government Digital Service,UK Visas and Immigration,,,,
https://www.gov.uk/guidance/visa-processing-times-applications-outside-the-uk,Visa processing times: applications outside the UK,detailed_guide,b7d859ec-44f7-4a36-add1-04273562d2bc,en,whitehall,2023-05-21T23:00:00.000Z,2025-10-22T09:33:13.000Z,,,7649,"Visas and entry clearance,Entering and staying in the UK,GOV.UK homepage",UK Visas and Immigration,UK Visas and Immigration,2022 to 2024 Sunak Conservative government,,,
https://www.gov.uk/guidance/prove-your-english-language-abilities-with-a-secure-english-language-test-selt,Prove your English language abilities with a secure English language test (SELT),detailed_guide,d205c6cd-5042-4fe2-9b9d-545d266fd6bc,en,whitehall,2020-09-10T23:00:00.000Z,2026-02-12T10:08:45.000Z,,,7321,"Permanent stay in the UK,Student visas,Citizenship,Visa applications,Settlement,Family visas,Visas and entry clearance,Work and investor visas,GOV.UK homepage,Entering and staying in the UK",UK Visas and Immigration,UK Visas and Immigration,2019 to 2022 Johnson Conservative government,,,
https://www.gov.uk/guidance/electronic-travel-authorisation-eta-guide-for-dual-citizens,Electronic travel authorisation (ETA): guide for dual citizens,detailed_guide,8323cb7c-9bd7-4f37-8c1c-42f1e1b7b3a9,en,whitehall,2025-05-28T23:00:00.000Z,2026-01-26T16:00:23.000Z,,,6886,"Entering and staying in the UK,GOV.UK homepage,Society and culture,British citizenship ",UK Visas and Immigration,UK Visas and Immigration,2024 Starmer Labour government,,,
https://www.gov.uk/graduate-visa,Graduate visa,guide,1a06c4ea-fdb1-4a7b-baf5-3477714c974c,en,publisher,2021-07-01T08:00:03.263Z,2024-10-31T17:01:07.696Z,,,5791,"Visas and entry clearance,GOV.UK homepage,Entering and staying in the UK,Work and investor visas",Government Digital Service,"Home Office,UK Visas and Immigration",,,,
https://www.gov.uk/guidance/check-when-you-can-get-an-electronic-travel-authorisation-eta,Check if you can get an electronic travel authorisation (ETA),detailed_guide,9107479a-903d-441f-9afa-c819bc46a803,en,whitehall,2024-09-09T23:00:00.000Z,2025-12-09T15:00:02.000Z,,,5329,"GOV.UK homepage,Entering and staying in the UK",UK Visas and Immigration,UK Visas and Immigration,2024 Starmer Labour government,,,
https://www.gov.uk/english-language,Prove your knowledge of English for citizenship and settling,guide,aea283d2-4f4f-43dd-b42d-f794ce4ffd65,en,publisher,2014-02-18T12:46:00.000Z,2014-12-01T16:52:20.000Z,,,5039,"Settlement,British citizenship ,Citizenship,Entering and staying in the UK,Permanent stay in the UK,GOV.UK homepage,Society and culture",Government Digital Service,UK Visas and Immigration,,,,
https://www.gov.uk/guidance/indefinite-leave-to-remain-in-the-uk,Indefinite leave to remain in the UK: your rights and status,detailed_guide,acadabdc-c1ae-42e8-a666-1728f91f4d21,en,whitehall,2019-06-23T23:00:00.000Z,2025-06-01T23:01:06.000Z,,,4986,"Permanent stay in the UK,GOV.UK homepage,Settlement,Entering and staying in the UK",UK Visas and Immigration,UK Visas and Immigration,2016 to 2019 May Conservative government,,,
https://www.gov.uk/guidance/visiting-the-uk-as-an-eu-eea-or-swiss-citizen,"Visiting the UK as an EU, EEA or Swiss citizen",detailed_guide,5e783b93-9893-4cdd-972a-306c44656a93,en,whitehall,2020-12-31T00:00:00.000Z,2026-02-09T16:08:54.000Z,,,4857,"Government,Visit and transit visas,Brexit,Entering and staying in the UK,Visas and entry clearance,GOV.UK homepage,Travel and identity documents for foreign nationals","Department for Culture, Media and Sport","Department for Culture, Media and Sport,Department for Environment, Food & Rural Affairs,Department for Transport,Home Office,Department for Digital, Culture, Media & Sport,UK Visas and Immigration",2019 to 2022 Johnson Conservative government,,,
https://www.gov.uk/eu-eea,Countries in the EU and EEA,answer,e675301d-b593-4736-b216-bb9369edf04d,en,publisher,2014-01-23T16:31:20.000Z,2015-07-24T11:35:41.000Z,,,4789,"Entering and staying in the UK,Rights of EU and EEA citizens,Rights of foreign nationals in the UK,GOV.UK homepage,Countries (Living In),Living abroad,Going and being abroad",Government Digital Service,"HM Passport Office,UK Visas and Immigration",,,,
https://www.gov.uk/biometric-residence-permits,Biometric residence permits (BRPs),answer,6bcb87c7-0d26-4fb0-8079-c2dfa09220f3,en,publisher,2014-01-17T14:10:44.000Z,2024-10-31T17:00:02.684Z,,,4566,"GOV.UK homepage,Entering and staying in the UK,Travel and identity documents for foreign nationals",Government Digital Service,UK Visas and Immigration,,,,
https://www.gov.uk/types-of-british-nationality,Types of British nationality,guide,6b98928a-0261-4b7b-bbf8-a538955120a7,en,publisher,2014-01-22T14:30:34.000Z,2014-12-22T12:05:03.000Z,,,4450,"Entering and staying in the UK,Society and culture,British citizenship ,Permanent stay in the UK,GOV.UK homepage,Citizenship",Government Digital Service,"Home Office,UK Visas and Immigration",,,,
https://www.gov.uk/guidance/eu-settlement-scheme-evidence-of-uk-residence,EU Settlement Scheme: evidence of UK residence,detailed_guide,1d1ec077-2f48-4289-a6e2-41a7a1647afd,en,whitehall,2018-10-22T15:15:00.000Z,2022-09-20T16:08:27.000Z,,,4298,"GOV.UK homepage,Government,Rights of EU and EEA citizens,Rights of foreign nationals in the UK,Entering and staying in the UK,Brexit",UK Visas and Immigration,UK Visas and Immigration,2016 to 2019 May Conservative government,,,
https://www.gov.uk/change-circumstances-visa-brp,Report a change of circumstances if you have a visa or expired BRP ,guide,6d76323e-808a-42ab-a5a2-ed17c8f2a828,en,publisher,2014-02-12T14:13:26.000Z,2024-10-31T17:01:09.130Z,,,4124,"Travel and identity documents for foreign nationals,Entering and staying in the UK,GOV.UK homepage,Visas and entry clearance",Government Digital Service,UK Visas and Immigration,,,,
https://www.gov.uk/guidance/using-the-uk-immigration-id-check-app,Using the ‘UK Immigration: ID Check’ app,detailed_guide,f8e073f9-fad1-435a-bdc0-765f3431d3cf,en,whitehall,2020-10-04T23:00:00.000Z,2026-01-26T16:11:01.000Z,,,4067,"Rights of foreign nationals in the UK,Entering and staying in the UK,GOV.UK homepage",UK Visas and Immigration,UK Visas and Immigration,2019 to 2022 Johnson Conservative government,,,
https://www.gov.uk/student-visa,Student visa ,guide,c0a2a4d9-8d28-449f-8ccb-4c2b7f6e9c0f,en,publisher,2014-01-29T16:10:58.000Z,2024-10-31T17:00:02.947Z,,,3934,"Student visas,GOV.UK homepage,Visas and entry clearance,Entering and staying in the UK",Government Digital Service,UK Visas and Immigration,,,,
https://www.gov.uk/family-permit,Apply for an EU Settlement Scheme family permit to join family in the UK,guide,686e6d1d-78c2-4c9d-b863-be5c5d8ed787,en,publisher,2014-01-29T15:43:49.000Z,2014-12-31T11:06:34.000Z,,,3823,"Family visas,Government,Brexit,Entering and staying in the UK,Visas and entry clearance,GOV.UK homepage",Government Digital Service,UK Visas and Immigration,,,,
https://www.gov.uk/apply-home-office-travel-document/refugee-travel-document,Apply for a Home Office travel document: Refugee travel document ,guide,bc657011-6bf8-4f90-aa89-8f2500e55421,en,publisher,2014-01-31T16:24:23.000Z,2024-11-20T11:38:24.706Z,,,3402,"GOV.UK homepage,Entering and staying in the UK,Travel and identity documents for foreign nationals",Government Digital Service,UK Visas and Immigration,,,,
https://www.gov.uk/cancel-visa,"Cancel your visa, immigration or citizenship application",guide,f4c6ac13-1769-4e0a-aba5-46eedaab2bcf,en,publisher,2014-02-21T20:26:58.000Z,2015-04-01T13:00:36.000Z,,,3393,"GOV.UK homepage,Citizenship,Visas and entry clearance,Entering and staying in the UK,Settlement,Permanent stay in the UK,Visa applications",Government Digital Service,UK Visas and Immigration,,,,
https://www.gov.uk/long-residence,Indefinite leave to remain if you’ve been in the UK for 10 years (long residence),guide,5b1cc445-222b-499c-b042-32cc84c8f52c,en,publisher,2014-02-07T15:09:53.000Z,2024-10-31T17:00:28.782Z,,,3364,"Permanent stay in the UK,GOV.UK homepage,Entering and staying in the UK,Settlement",Government Digital Service,"Home Office,UK Visas and Immigration",,,,
https://www.gov.uk/healthcare-immigration-application,Pay for UK healthcare as part of your immigration application,guide,b3fb8ff7-ac2e-4440-8c0f-227eb038c436,en,publisher,2015-04-06T00:01:03.000Z,2024-11-28T10:11:14.171Z,,,3259,"Tuberculosis (TB) testing,Entering and staying in the UK,GOV.UK homepage,Visas and entry clearance",Government Digital Service,UK Visas and Immigration,,,,
https://www.gov.uk/find-an-immigration-adviser,Find an immigration adviser,guide,07cfa36e-cf61-4358-a2b4-44518499d288,en,publisher,2014-09-15T13:47:25.000Z,2024-10-18T10:40:07.949Z,,,3205,"Entering and staying in the UK,Immigration adviser services,GOV.UK homepage",Government Digital Service,"Immigration Advice Authority,Office of the Immigration Services Commissioner",,,,
https://www.gov.uk/uk-visa-sponsorship-employers,UK visa sponsorship for employers,guide,84914675-3c9f-462b-89f7-5e54257c63f4,en,publisher,2012-07-03T15:30:10.000Z,2024-11-11T10:12:22.327Z,,,3189,"Visas and entry clearance,GOV.UK homepage,Visa sponsorship,Entering and staying in the UK",Government Digital Service,UK Visas and Immigration,,,,
https://www.gov.uk/apply-citizenship-british-parent,Apply for citizenship if you have a British parent,guide,937f6074-d3eb-43c8-a01e-3b9e5a0cf065,en,publisher,2018-07-17T10:11:38.934Z,2018-09-12T15:33:56.754Z,,,3169,"Permanent stay in the UK,Citizenship,GOV.UK homepage,Entering and staying in the UK",Government Digital Service,"Home Office,UK Visas and Immigration",,,,
https://www.gov.uk/return-home-voluntarily,Get help to return home if you’re a migrant in the UK,guide,2584a0f2-05de-4e4d-9a17-d9ab4cad1210,en,publisher,2014-11-10T16:32:06.000Z,2024-11-22T11:32:03.501Z,,,3131,"GOV.UK homepage,Refugees, asylum and human rights,Entering and staying in the UK,Immigration offences",Government Digital Service,Home Office,,,,
https://www.gov.uk/guidance/applying-to-the-ukraine-permission-extension-scheme,Applying to the Ukraine Permission Extension scheme,detailed_guide,77827ec2-f60d-4ab8-88f1-ed85dc444948,en,whitehall,2024-11-26T00:00:00.000Z,2025-12-04T13:35:24.000Z,,,3098,"Visas and entry clearance,Entering and staying in the UK,GOV.UK homepage",Home Office,"Home Office,UK Visas and Immigration",2024 Starmer Labour government,,,
https://www.gov.uk/guidance/academic-technology-approval-scheme,Academic Technology Approval Scheme (ATAS),detailed_guide,5dbc0b66-7631-11e4-a3cb-005056011aef,en,whitehall,2013-03-25T00:00:00.000Z,2025-11-26T14:13:47.000Z,,,3053,"Entering and staying in the UK,Visas and entry clearance,Student visas,GOV.UK homepage","Foreign, Commonwealth & Development Office","Foreign, Commonwealth & Development Office",2010 to 2015 Conservative and Liberal Democrat coalition government,,,
https://www.gov.uk/apply-citizenship-spouse,Apply for citizenship if your spouse is a British citizen,guide,169e0c77-773f-4a05-b576-d008fcf60a45,en,publisher,2018-07-17T10:21:03.144Z,2025-01-16T09:00:05.842Z,,,2904,"Citizenship,Entering and staying in the UK,Permanent stay in the UK,GOV.UK homepage",Government Digital Service,"Home Office,UK Visas and Immigration",,,,
https://www.gov.uk/tb-test-visa,Tuberculosis tests for visa applicants,guide,fa7bb7fd-b4bc-45a2-8958-1f0bfa4c3e56,en,publisher,2014-02-13T15:53:01.000Z,2015-01-07T15:58:35.000Z,,,2405,"Entering and staying in the UK,GOV.UK homepage,Visas and entry clearance",Government Digital Service,UK Visas and Immigration,,,,
https://www.gov.uk/bring-pet-to-great-britain,"Bringing your pet dog, cat or ferret to Great Britain",guide,bc210087-fe91-4e48-8214-0d5273a099d5,en,publisher,2011-07-28T14:59:32.000Z,2024-10-24T15:00:05.153Z,,,2375,"GOV.UK homepage,Entering and staying in the UK,Going and being abroad,Pets,Travel abroad,Wildlife, animals, biodiversity and ecosystems,Environment",Government Digital Service,"Department for Environment, Food & Rural Affairs,Foreign, Commonwealth & Development Office",,,,
https://www.gov.uk/immigration-asylum-tribunal,Appeal against a visa or immigration decision,guide,3e13f00f-c6f8-43e8-ab51-2e75e569b76a,en,publisher,2012-07-11T15:13:38.000Z,2014-12-19T15:25:50.000Z,,,2123,"Refugees, asylum and human rights,Entering and staying in the UK,GOV.UK homepage,Courts, sentencing and tribunals,Visas and entry clearance,Crime, justice and law,Asylum decisions and appeals,Visa refusals and appeals",Government Digital Service,UK Visas and Immigration,,,,
https://www.gov.uk/guidance/immigration-bail-digital-reporting,Immigration bail: digital reporting,detailed_guide,e2d39bc0-079e-4f6a-8e5d-31a82c80f934,en,whitehall,2021-10-25T23:00:00.000Z,2025-09-30T13:22:54.000Z,,,2093,"Entering and staying in the UK,GOV.UK homepage,Immigration offences",Home Office,Home Office,2019 to 2022 Johnson Conservative government,,,
https://www.gov.uk/transit-visa,Visa to pass through the UK in transit,guide,f9d0c33a-5b1f-4ec3-8226-5eb665f33b54,en,publisher,2014-02-12T14:19:10.000Z,2024-11-13T10:37:08.180Z,,,2045,"Entering and staying in the UK,Visas and entry clearance,GOV.UK homepage,Visit and transit visas",Government Digital Service,UK Visas and Immigration,,,,
https://www.gov.uk/british-passport-eligibility,British passport eligibility,answer,dac49c88-3e53-4816-a61b-c0283944026e,en,publisher,2012-10-11T14:43:14.000Z,2014-12-22T20:33:26.000Z,,,1685,"Citizenship,Passports,Society and culture,Entering and staying in the UK,British citizenship ,Permanent stay in the UK,Going and being abroad,GOV.UK homepage",Government Digital Service,"HM Passport Office,Home Office",,,,
https://www.gov.uk/settlement-refugee-or-humanitarian-protection,"Indefinite leave to remain (permission to stay as a refugee, humanitarian protection, discretionary or section 67 leave)",guide,ec267d5b-35ee-41f1-9b50-33c4f86dfce8,en,publisher,2014-02-21T15:43:53.000Z,2025-01-30T14:15:45.251Z,,,1635,"Entering and staying in the UK,Permanent stay in the UK,Settlement,GOV.UK homepage",Government Digital Service,UK Visas and Immigration,,,,
https://www.gov.uk/guidance/apply-for-a-visa-under-the-ukraine-sponsorship-scheme,Apply for a visa under the Homes for Ukraine Sponsorship Scheme,detailed_guide,54e90118-583c-4eb1-b8d6-6976ff178b81,en,whitehall,2022-03-18T00:00:00.000Z,2025-11-05T17:38:38.000Z,,,1596,"GOV.UK homepage,Entering and staying in the UK",UK Visas and Immigration,"UK Visas and Immigration,Home Office",2019 to 2022 Johnson Conservative government,,,
https://www.gov.uk/citizenship-ceremonies,Citizenship ceremonies,answer,44ad5385-17fe-4f5d-9cbd-ceedd86bc51a,en,publisher,2018-07-17T10:02:04.578Z,2020-03-31T13:19:37.031Z,,,1559,"GOV.UK homepage,Permanent stay in the UK,Citizenship,Entering and staying in the UK",Government Digital Service,"Home Office,UK Visas and Immigration",,,,
https://www.gov.uk/marriage-visa,Marriage Visitor visa,guide,b589f602-7427-4ac0-b220-ee35f711548b,en,publisher,2014-02-05T15:41:42.000Z,2015-02-05T17:08:15.000Z,,,1545,"Entering and staying in the UK,Visit and transit visas,Visas and entry clearance,GOV.UK homepage,Family visas",Government Digital Service,UK Visas and Immigration,,,,
https://www.gov.uk/guidance/support-for-family-members-of-british-nationals-in-ukraine-and-ukrainian-nationals-in-ukraine-and-the-uk,UK visa support for Ukrainian nationals,detailed_guide,cd539d2b-aade-4495-bcad-7b8ab963270b,en,whitehall,2022-02-17T00:00:00.000Z,2025-08-28T11:20:37.000Z,,,1523,"Coming to the UK,Visas and entry clearance,Help and services around the world,Coming to the UK from Ukraine,UK help and services in Ukraine,GOV.UK homepage,Entering and staying in the UK",UK Visas and Immigration,"UK Visas and Immigration,Home Office",2019 to 2022 Johnson Conservative government,,,
https://www.gov.uk/get-replacement-citizenship-certificate,Replace or correct a UK citizenship certificate,answer,59b02051-181e-4b2a-b4c1-9362ce882784,en,publisher,2013-01-14T17:07:04.000Z,2015-04-24T14:05:17.000Z,,,1505,"Society and culture,Entering and staying in the UK,GOV.UK homepage,Permanent stay in the UK,Citizenship,British citizenship ",Government Digital Service,UK Visas and Immigration,,,,
https://www.gov.uk/guidance/ukeuropean-applicant-transfer-scheme,UK/European Applicant Transfer Scheme,detailed_guide,e62817ae-2c83-42ce-8252-ea0d9064061d,en,whitehall,2025-08-06T23:00:00.000Z,2025-12-02T15:02:05.000Z,,,1471,"GOV.UK homepage,Entering and staying in the UK",Home Office,"Home Office,UK Visas and Immigration",2024 Starmer Labour government,,,
https://www.gov.uk/guidance/vat-guide-notice-700,VAT guide (VAT Notice 700),detailed_guide,8cea9cfb-2067-45bb-9938-6d2d14ff842a,en,whitehall,2014-12-17T00:00:00.000Z,2025-09-18T10:14:22.000Z,,,1454,"GOV.UK homepage,Entering and staying in the UK,Accounting for VAT,Dealing with HMRC,VAT,Business tax,Charging VAT,Money",HM Revenue & Customs,HM Revenue & Customs,2010 to 2015 Conservative and Liberal Democrat coalition government,,,
https://www.gov.uk/renounce-british-nationality,Give up (renounce) British citizenship or nationality,guide,481de93a-7f31-4945-95e3-a1607a46860c,en,publisher,2014-01-22T14:34:42.000Z,2015-04-05T23:02:11.000Z,,,1434,"Entering and staying in the UK,Citizenship,GOV.UK homepage,Settlement,Permanent stay in the UK",Government Digital Service,UK Visas and Immigration,,,,
https://www.gov.uk/guidance/application-for-transfer-of-residence-relief-tor1,Application for transfer of residence relief (ToR1),detailed_guide,2d70e4c4-a535-4b05-91a1-24fd165cdcaa,en,whitehall,2020-12-31T00:00:00.000Z,2025-11-12T11:34:21.000Z,,,1388,"GOV.UK homepage,Entering and staying in the UK",HM Revenue & Customs,HM Revenue & Customs,2019 to 2022 Johnson Conservative government,,,
https://www.gov.uk/apply-citizenship-born-uk,Apply for citizenship if you were born in the UK,guide,36e7812c-48e8-442d-805f-8abecb5eb964,en,publisher,2018-07-17T10:04:18.040Z,2018-07-17T10:28:18.209Z,,,1370,"Permanent stay in the UK,Entering and staying in the UK,GOV.UK homepage,Citizenship",Government Digital Service,"Home Office,UK Visas and Immigration",,,,
https://www.gov.uk/guidance/eu-settlement-scheme-evidence-of-relationship-to-an-eu-citizen,EU Settlement Scheme: evidence of family relationship,detailed_guide,2c95c3ae-f175-4db4-8486-709a180245ab,en,whitehall,2019-03-22T00:00:00.000Z,2024-08-02T11:26:39.000Z,,,1365,"GOV.UK homepage,Rights of nationals from outside the EU and EEA,Rights of EU and EEA citizens,Rights of foreign nationals in the UK,Entering and staying in the UK",UK Visas and Immigration,"UK Visas and Immigration,Home Office",2016 to 2019 May Conservative government,,,
https://www.gov.uk/visas-when-you-separate-or-divorce,Visas when you separate or divorce,guide,e43c7691-9414-4689-a6f4-0332c05a7a88,en,publisher,2014-09-10T17:17:45.000Z,2014-11-25T14:35:34.000Z,,,1253,"Life circumstances,Family visas,Visas and entry clearance,Visa sponsorship,Getting separated or divorced,Marriage, civil partnership and divorce,Entering and staying in the UK,GOV.UK homepage",Government Digital Service,UK Visas and Immigration,,,,
https://www.gov.uk/guidance/uploading-evidence-as-part-of-your-visa-application,Uploading evidence as part of your visa application,detailed_guide,90523c7c-2ffd-43dd-be41-533826f4394c,en,whitehall,2022-02-10T16:17:00.000Z,2022-11-01T15:01:18.000Z,,,1245,"Entering and staying in the UK,Visas and entry clearance,GOV.UK homepage",UK Visas and Immigration,UK Visas and Immigration,2019 to 2022 Johnson Conservative government,,,
https://www.gov.uk/report-suspicious-emails-websites-phishing,Avoid and report internet scams and phishing,guide,689a076c-3fcf-4cce-8298-1153c65b7640,en,publisher,2014-02-28T16:31:31.000Z,2024-10-11T11:25:30.876Z,,,1146,"Money,Visas and entry clearance,Government,Dealing with HMRC,Entering and staying in the UK,Online safety,Phishing and scams,GOV.UK homepage,Society and culture,Democracy",Government Digital Service,"Department of Health and Social Care,Driver and Vehicle Licensing Agency,HM Revenue & Customs,National Cyber Security Centre,UK Border Agency",,,,
https://www.gov.uk/visa-documents-returned,"Get your visa, immigration or citizenship documents back",answer,240281d1-4e92-428b-a784-9fa085c44777,en,publisher,2014-01-31T16:24:50.000Z,2025-01-07T14:00:00.654Z,,,1094,"GOV.UK homepage,Entering and staying in the UK,Help and services around the world,Travel and identity documents for foreign nationals,Coming to the UK",Government Digital Service,UK Visas and Immigration,,,,
https://www.gov.uk/guidance/entering-the-uk-exemptions-to-controls,Entering the UK: exemptions to controls,detailed_guide,84639159-5754-425b-be47-b014546e1ffb,en,whitehall,2025-04-01T23:00:00.000Z,2026-01-28T10:00:06.000Z,,,1082,"GOV.UK homepage,Border control,Visas and entry clearance,Entering and staying in the UK",Home Office,Home Office,2024 Starmer Labour government,,,
https://www.gov.uk/asylum-support/what-youll-get,Asylum support: What you'll get,guide,7d5b4a84-71a6-4e3b-8f3d-d9f1821dc732,en,publisher,2012-09-27T16:18:59.000Z,2014-11-17T14:59:16.000Z,,,1048,"GOV.UK homepage,Support for asylum claimants and refugees,Entering and staying in the UK,Refugees, asylum and human rights",Government Digital Service,"Home Office,UK Visas and Immigration",,,,
https://www.gov.uk/claim-asylum,Claim asylum in the UK,guide,3054cb5d-acc4-409d-9945-1cbe0be39680,en,publisher,2014-02-21T16:05:30.000Z,2014-11-19T14:50:37.000Z,,,1035,"GOV.UK homepage,Entering and staying in the UK,Refugee, asylum and human rights claims,Refugees, asylum and human rights",Government Digital Service,"Home Office,UK Visas and Immigration",,,,
https://www.gov.uk/high-potential-individual-visa,High Potential Individual (HPI) visa,guide,54c54daa-ad3d-4b48-add6-8e866e55f9d3,en,publisher,2022-05-30T08:00:02.290Z,2024-10-21T11:32:40.648Z,,,991,"Visas and entry clearance,GOV.UK homepage,Entering and staying in the UK,Work and investor visas",Government Digital Service,"Home Office,UK Visas and Immigration",,,,
https://www.gov.uk/guidance/documents-for-british-people-abroad,Documents for British people abroad,detailed_guide,01d949ec-c086-42a1-aa89-fcb5f34a5ec7,en,whitehall,2024-07-24T23:00:00.000Z,2025-07-31T09:29:20.000Z,,,966,"Visa applications,Visas and entry clearance,Getting married ,Going and being abroad,Entering and staying in the UK,GOV.UK homepage,Life circumstances,Marriage, civil partnership and divorce,British nationals overseas,Having a child, parenting and adoption,The Commonwealth,International,Death and bereavement,Passports,Living abroad,Travel abroad","Foreign, Commonwealth & Development Office","Foreign, Commonwealth & Development Office",2024 Starmer Labour government,,,
https://www.gov.uk/guidance/how-to-email-the-asylum-central-communications-hub,How to email the AHRO Central Communications Hub,detailed_guide,2b8e3e7a-7607-4128-8956-0218467e0198,en,whitehall,2025-02-07T00:00:00.000Z,2026-02-18T09:00:17.000Z,,,940,"Refugees, asylum and human rights,GOV.UK homepage,Entering and staying in the UK,Refugee, asylum and human rights claims",Home Office,Home Office,2024 Starmer Labour government,,,
https://www.gov.uk/immigration-reporting-centres,Immigration reporting centres,answer,17ab8b34-02c9-46dd-bbff-a27be48cd1ad,en,publisher,2017-07-07T08:00:01.904Z,2024-11-11T09:00:04.333Z,,,921,"Entering and staying in the UK,GOV.UK homepage,Immigration offences",Government Digital Service,"Immigration Enforcement,UK Visas and Immigration",,,,
https://www.gov.uk/returning-resident-visa,Return to the UK if you had indefinite leave to remain,answer,7c3af3dc-ab49-4b8d-a163-fc7aa7f7bab6,en,publisher,2014-02-18T12:44:24.000Z,2024-10-31T17:00:12.589Z,,,921,"GOV.UK homepage,Settlement,Visas and entry clearance,Permanent stay in the UK,Entering and staying in the UK",Government Digital Service,"Home Office,UK Visas and Immigration",,,,
https://www.gov.uk/government-authorised-exchange,Government Authorised Exchange visa (Temporary Work),guide,dfe4291e-bdea-4db0-9293-143e20f12ec0,en,publisher,2014-02-07T16:38:05.000Z,2024-10-24T09:13:03.095Z,,,800,"Visas and entry clearance,Work and investor visas,GOV.UK homepage,Entering and staying in the UK",Government Digital Service,UK Visas and Immigration,,,,
https://www.gov.uk/ask-for-a-visa-administrative-review,Ask for a visa administrative review,guide,b1912c5d-9c9f-4234-956f-1a044da00213,en,publisher,2014-06-06T10:42:15.000Z,2024-10-31T17:00:02.654Z,,,721,"GOV.UK homepage,Entering and staying in the UK,Visa refusals and appeals,Visas and entry clearance",Government Digital Service,UK Visas and Immigration,,,,
https://www.gov.uk/guidance/using-the-eu-exit-id-document-check-app,Using the ‘EU Exit: ID Document Check’ app,detailed_guide,b1059fb6-ecdc-468f-9281-5ab232559727,en,whitehall,2018-11-15T00:00:00.000Z,2025-04-08T23:01:04.000Z,,,704,"Rights of foreign nationals in the UK,GOV.UK homepage,Entering and staying in the UK,Rights of EU and EEA citizens,Brexit,Government",UK Visas and Immigration,"UK Visas and Immigration,Home Office",2016 to 2019 May Conservative government,,,
https://www.gov.uk/refugee-integration-loan,Refugee integration loan,guide,6e04d028-cf9f-4611-b276-cd686e29fe8c,en,publisher,2014-02-21T14:37:46.000Z,2024-11-13T15:00:07.988Z,,,692,"Entering and staying in the UK,Refugees, asylum and human rights,Support for asylum claimants and refugees,GOV.UK homepage",Government Digital Service,UK Visas and Immigration,,,,
https://www.gov.uk/senior-specialist-worker-visa,Senior or Specialist Worker visa (Global Business Mobility),guide,99ef9dac-3d9f-4a27-9391-8a10fa3cb572,en,publisher,2014-02-07T17:18:28.000Z,2024-10-31T17:00:57.008Z,,,671,"Work and investor visas,Visas and entry clearance,Entering and staying in the UK,GOV.UK homepage",Government Digital Service,UK Visas and Immigration,,,,
https://www.gov.uk/transfer-visa,Transfer your visa from your passport or replace your visa,answer,dfa28d6c-c181-4b96-af95-30f24d66ff28,en,publisher,2014-01-17T14:07:28.000Z,2024-10-31T17:00:13.678Z,,,668,"Entering and staying in the UK,Travel and identity documents for foreign nationals,GOV.UK homepage,Visas and entry clearance,Visa applications",Government Digital Service,UK Visas and Immigration,,,,
https://www.gov.uk/employee-lose-sponsor-licence,Employees: if your visa sponsor loses their licence,answer,ffc38be3-f9bb-4920-a180-79926dfd21a9,en,publisher,2014-02-05T15:33:58.000Z,2015-12-18T18:11:22.000Z,,,629,"Visas and entry clearance,Visa sponsorship,GOV.UK homepage,Entering and staying in the UK,Work and investor visas",Government Digital Service,UK Visas and Immigration,,,,
https://www.gov.uk/guidance/prove-pre-settled-status-if-you-have-another-uk-immigration-status,Prove pre-settled status if you have another UK immigration status,detailed_guide,a915621d-86bb-4879-a745-a3dae7c21753,en,whitehall,2025-09-08T23:00:00.000Z,2025-11-07T11:23:40.000Z,,,626,"Rights of foreign nationals in the UK,Rights of EU and EEA citizens,GOV.UK homepage,Entering and staying in the UK",UK Visas and Immigration,UK Visas and Immigration,2024 Starmer Labour government,,,
https://www.gov.uk/ancestry-visa,UK Ancestry visa,guide,a8b218b6-5449-4e37-a753-6b30e5fd5309,en,publisher,2014-02-07T15:33:18.000Z,2015-02-26T15:44:59.000Z,,,578,"Entering and staying in the UK,Work and investor visas,Visas and entry clearance,GOV.UK homepage,Family visas,Permanent stay in the UK",Government Digital Service,UK Visas and Immigration,,,,
https://www.gov.uk/uk-residence-card,UK residence cards,guide,585fc781-dc17-4a1d-a66c-9515f9970ab5,en,publisher,2014-02-12T14:22:14.000Z,2014-11-19T15:15:12.000Z,,,532,"Rights of EU and EEA citizens,GOV.UK homepage,Rights of foreign nationals in the UK,Entering and staying in the UK",Government Digital Service,UK Visas and Immigration,,,,
https://www.gov.uk/guidance/travelling-between-the-uk-and-ireland-isle-of-man-guernsey-or-jersey,"Travelling to the UK from Ireland, Isle of Man, Guernsey or Jersey",detailed_guide,a584ee02-15a9-423e-b632-675379d60fbc,en,whitehall,2021-08-12T23:00:00.000Z,2026-01-01T00:01:08.000Z,,,520,"Entering and staying in the UK,GOV.UK homepage",UK Visas and Immigration,UK Visas and Immigration,2019 to 2022 Johnson Conservative government,,,
https://www.gov.uk/guidance/eu-settlement-scheme-applying-from-outside-the-uk,EU Settlement Scheme: applying from outside the UK,detailed_guide,5462e07a-889f-41fa-8e92-0e9af030765d,en,whitehall,2019-04-08T23:00:00.000Z,2024-08-01T13:37:10.000Z,,,493,"Government,Brexit,Rights of foreign nationals in the UK,Rights of EU and EEA citizens,GOV.UK homepage,Entering and staying in the UK",UK Visas and Immigration,"UK Visas and Immigration,Home Office",2016 to 2019 May Conservative government,,,
https://www.gov.uk/creative-worker-visa,Creative Worker visa (Temporary Work),guide,c7d5d9fd-02d7-4d27-b372-e3fe2c3be555,en,publisher,2014-02-07T16:05:48.000Z,2024-10-17T13:38:26.268Z,,,474,"Entering and staying in the UK,GOV.UK homepage,Visas and entry clearance,Work and investor visas",Government Digital Service,UK Visas and Immigration,,,,
https://www.gov.uk/registered-traveller,Registered Traveller: faster entry through the UK border,guide,0b120e15-3a2d-4ade-b5e2-7cddde69dc6c,en,publisher,2013-09-24T10:47:30.000Z,2024-10-31T17:00:06.339Z,,,468,"GOV.UK homepage,Entering and staying in the UK,Visas and entry clearance",Government Digital Service,"Border Force,UK Visas and Immigration",,,,
https://www.gov.uk/visa-to-study-english,Study English in the UK (Short-term study visa),guide,0bf673d5-c31b-48c9-aa2f-6bc8ceb525e3,en,publisher,2014-02-05T14:46:34.000Z,2025-02-06T08:55:07.856Z,,,466,"GOV.UK homepage,Student visas,Visas and entry clearance,Entering and staying in the UK",Government Digital Service,UK Visas and Immigration,,,,
https://www.gov.uk/stay-in-uk-stateless,Apply to stay in the UK as a stateless person,answer,1dc0e87e-ceac-4a02-bddf-221536819df8,en,publisher,2014-01-29T15:36:18.000Z,2014-12-01T10:47:35.000Z,,,432,"Refugees, asylum and human rights,Refugee, asylum and human rights claims,GOV.UK homepage,Entering and staying in the UK",Government Digital Service,UK Visas and Immigration,,,,
https://www.gov.uk/child-study-visa,Child Student visa,guide,9eab3e70-65e2-4001-b502-0e4da292c16b,en,publisher,2014-01-29T16:11:25.000Z,2024-10-31T17:01:03.862Z,,,427,"Entering and staying in the UK,GOV.UK homepage,Visas and entry clearance,Student visas",Government Digital Service,UK Visas and Immigration,,,,
https://www.gov.uk/guidance/vary-your-immigration-application,Vary your immigration application,detailed_guide,64fb864a-48e8-44d9-bfdc-0bfdb77e649c,en,whitehall,2021-03-31T08:30:02.000Z,2021-03-31T08:30:02.000Z,,,410,"Entering and staying in the UK,Visa applications,Visas and entry clearance,GOV.UK homepage",Home Office,"Home Office,UK Visas and Immigration",2019 to 2022 Johnson Conservative government,,,
https://www.gov.uk/guidance/returning-to-the-uk,Returning to the UK,detailed_guide,2982f6f0-20b0-451f-a728-e5bcbf3e7e71,en,whitehall,2019-10-02T23:00:00.000Z,2021-03-29T13:10:51.000Z,,,406,"Government,Permanent stay in the UK,Entering and staying in the UK,GOV.UK homepage,Brexit","Department for Levelling Up, Housing and Communities ","Department for Levelling Up, Housing and Communities ,Ministry of Housing, Communities & Local Government (2018 to 2021)",2019 to 2022 Johnson Conservative government,,,
https://www.gov.uk/temporary-worker-charity-worker-visa,Charity Worker visa (Temporary Work),guide,47265f00-57ed-4b57-abce-364435d5b763,en,publisher,2014-02-07T17:18:20.000Z,2024-10-31T17:01:01.930Z,,,382,"Entering and staying in the UK,GOV.UK homepage,Visas and entry clearance,Work and investor visas",Government Digital Service,UK Visas and Immigration,,,,
https://www.gov.uk/guidance/nhs-entitlements-migrant-health-guide,NHS entitlements: migrant health guide,detailed_guide,602374e2-7631-11e4-a3cb-005056011aef,en,whitehall,2014-07-30T23:00:00.000Z,2023-10-02T09:59:49.000Z,,,372,"Entering and staying in the UK,Health and social care,Tuberculosis (TB) testing,GOV.UK homepage,Visas and entry clearance,Public health,Migrant health,Health protection,COVID-19,National Health Service,Government,Brexit",Office for Health Improvement and Disparities,Office for Health Improvement and Disparities,2010 to 2015 Conservative and Liberal Democrat coalition government,,,
https://www.gov.uk/submit-new-evidence-asylum-claim,Submit new evidence to support your asylum claim,answer,e1db83b6-395a-4a7c-bb78-94b8236fc107,en,publisher,2015-03-30T01:01:06.000Z,2017-04-13T14:34:26.293Z,,,352,"Refugees, asylum and human rights,GOV.UK homepage,Refugee, asylum and human rights claims,Entering and staying in the UK",Government Digital Service,UK Visas and Immigration,,,,
https://www.gov.uk/visas-partner-dies,Indefinite leave to remain if your partner dies,guide,eee57171-0a73-4811-91bd-fac035136114,en,publisher,2014-08-18T18:16:03.000Z,2024-12-31T10:00:03.871Z,,,350,"GOV.UK homepage,Life circumstances,Entering and staying in the UK,Settlement,Permanent stay in the UK,Death and bereavement",Government Digital Service,UK Visas and Immigration,,,,
https://www.gov.uk/international-agreement-worker-visa,International Agreement visa (Temporary Work),guide,52e39612-d436-45d7-8e69-a0adc25fd94e,en,publisher,2014-02-07T16:56:23.000Z,2024-10-31T17:00:57.701Z,,,328,"Visas and entry clearance,Entering and staying in the UK,GOV.UK homepage,Work and investor visas",Government Digital Service,UK Visas and Immigration,,,,
https://www.gov.uk/guidance/eu-settlement-scheme-uk-tax-and-benefits-records-automated-check,EU Settlement Scheme: UK tax and benefits records automated check,detailed_guide,bd8b09eb-1239-49ed-937c-61800dee1e65,en,whitehall,2019-03-29T00:00:00.000Z,2025-01-29T12:47:09.000Z,,,321,"Government,Entering and staying in the UK,Rights of foreign nationals in the UK,GOV.UK homepage,Brexit,Rights of EU and EEA citizens",Home Office,Home Office,2016 to 2019 May Conservative government,,,
https://www.gov.uk/exempt-vignette,Get an exempt vignette,answer,dcb52558-ce20-45ff-82f3-5daf37c40cc4,en,publisher,2014-09-04T14:52:58.000Z,2024-10-16T16:07:23.401Z,,,291,"Visas and entry clearance,GOV.UK homepage,Entering and staying in the UK,Work and investor visas",Government Digital Service,UK Visas and Immigration,,,,
https://www.gov.uk/sportsperson-visa, International Sportsperson visa,guide,6be824e3-7f9a-4994-8aff-edcd9348f9b4,en,publisher,2014-02-07T17:15:21.000Z,2024-10-31T17:00:47.692Z,,,287,"GOV.UK homepage,Visas and entry clearance,Entering and staying in the UK,Work and investor visas",Government Digital Service,UK Visas and Immigration,,,,
https://www.gov.uk/guidance/financial-evidence-for-sponsored-or-endorsed-work-routes,Financial evidence for sponsored or endorsed work routes,detailed_guide,8a4dcdde-d418-441d-b457-52455e39414f,en,whitehall,2020-12-01T09:00:00.000Z,2022-08-22T08:00:08.000Z,,,269,"Work and investor visas,GOV.UK homepage,Entering and staying in the UK,Visas and entry clearance",Home Office,Home Office,2019 to 2022 Johnson Conservative government,,,
https://www.gov.uk/visa-and-immigration-reconsideration-requests,Visa and immigration reconsideration requests,answer,c656c53c-dfbf-47a6-9451-12c2282b1a0f,en,publisher,2014-02-18T12:45:08.000Z,2024-10-31T17:00:10.811Z,,,269,"Visa refusals and appeals,Entering and staying in the UK,GOV.UK homepage,Visas and entry clearance",Government Digital Service,UK Visas and Immigration,,,,
https://www.gov.uk/asylum-helplines,Asylum helplines,answer,e961a75b-83b4-4b57-a11f-25ec9b28f815,en,publisher,2014-01-29T15:35:17.000Z,2023-05-16T13:48:46.517Z,,,261,"GOV.UK homepage,Support for asylum claimants and refugees,Entering and staying in the UK,Refugees, asylum and human rights",Government Digital Service,"Home Office,UK Visas and Immigration",,,,
https://www.gov.uk/overseas-domestic-worker-visa,Overseas Domestic Worker visa,guide,86d2e7e0-37b0-42b5-9f63-ec761f5c2e55,en,publisher,2014-02-07T15:46:11.000Z,2024-10-31T17:00:22.764Z,,,259,"Work and investor visas,Visas and entry clearance,GOV.UK homepage,Work,Entering and staying in the UK,Working, jobs and pensions",Government Digital Service,UK Visas and Immigration,,,,
https://www.gov.uk/guidance/healthcare-for-eu-and-efta-nationals-living-in-the-uk,Healthcare for EU citizens living in or moving to the UK,detailed_guide,e256dca9-577f-4bb6-9bf9-ec7a7e5aed91,en,whitehall,2019-03-19T00:00:00.000Z,2024-02-22T11:21:24.000Z,,,259,"Brexit,National Health Service,Entering and staying in the UK,Health and social care,Government,GOV.UK homepage",Department of Health and Social Care,Department of Health and Social Care,2016 to 2019 May Conservative government,,,
https://www.gov.uk/guidance/financial-evidence-for-student-and-child-student-route-applicants,Financial evidence for Student and Child Student visa applicants,detailed_guide,767690ac-9c4d-4dd2-910d-3ea412b29d51,en,whitehall,2020-10-04T23:00:00.000Z,2025-12-31T16:47:19.000Z,,,258,"Entering and staying in the UK,Visas and entry clearance,Student visas,GOV.UK homepage",UK Visas and Immigration,UK Visas and Immigration,2019 to 2022 Johnson Conservative government,,,
https://www.gov.uk/asylum-intake-unit,Asylum intake unit,answer,1bc3a37c-d3a1-4819-ae88-6caf9106641d,en,publisher,2014-02-21T16:05:25.000Z,2016-11-04T11:53:25.638Z,,,253,"Refugees, asylum and human rights,Entering and staying in the UK,GOV.UK homepage,Refugee, asylum and human rights claims",Government Digital Service,"Home Office,UK Visas and Immigration",,,,
https://www.gov.uk/guidance/ask-the-home-office-to-check-your-immigration-status-is-correct,Ask the Home Office to check your immigration status is correct,detailed_guide,b07e209b-ad4e-4a4e-882d-771c04dfd9b9,en,whitehall,2021-08-05T23:00:00.000Z,2025-03-17T08:55:25.000Z,,,236,"Rights of foreign nationals in the UK,Entering and staying in the UK,GOV.UK homepage",Home Office,"Home Office,UK Visas and Immigration",2019 to 2022 Johnson Conservative government,,,
https://www.gov.uk/guidance/visit-the-uk-as-part-of-a-french-school-trip,Visit the UK as part of a French school trip,detailed_guide,b3c3217a-bf6e-4c3f-9e3f-9f95dda1ab89,en,whitehall,2023-12-28T00:00:00.000Z,2025-01-29T12:34:37.000Z,,,232,"GOV.UK homepage,Travel and identity documents for foreign nationals,Entering and staying in the UK",UK Visas and Immigration,UK Visas and Immigration,2022 to 2024 Sunak Conservative government,,,
https://www.gov.uk/minister-of-religion-visa,Minister of Religion visa (T2),guide,c41d5d46-19a2-462f-b1a4-218d4279f671,en,publisher,2014-02-07T17:06:10.000Z,2024-10-31T17:00:59.733Z,,,231,"Entering and staying in the UK,Work and investor visas,GOV.UK homepage,Visas and entry clearance",Government Digital Service,UK Visas and Immigration,,,,
https://www.gov.uk/guidance/recruit-teachers-from-overseas,Recruit teachers from overseas,detailed_guide,4a864c8d-7693-492f-8bbd-3f7a05c6d442,en,whitehall,2020-09-15T23:00:00.000Z,2026-01-21T15:37:21.000Z,,,213,"Working, jobs and pensions,GOV.UK homepage,Visas and entry clearance,Recruiting, inducting and managing teachers,Recruiting and hiring,Education, training and skills,Visa applications,Teaching and leadership,Entering and staying in the UK,Work,Student visas",Department for Education,Department for Education,2019 to 2022 Johnson Conservative government,,,
https://www.gov.uk/guidance/the-uks-points-based-immigration-system-information-for-eu-citizens,The UK’s points-based immigration system: information for EU citizens,detailed_guide,ddaf0292-b61e-4271-a8ec-d35d43c29f38,en,whitehall,2020-10-19T12:30:00.000Z,2023-09-08T23:01:04.000Z,,,212,"Rights of foreign nationals in the UK,Foreign nationals working in the UK,Visas and entry clearance,GOV.UK homepage,Rights of EU and EEA citizens,Entering and staying in the UK",UK Visas and Immigration,UK Visas and Immigration,2019 to 2022 Johnson Conservative government,,,
https://www.gov.uk/immigration-removal-centre,Find an immigration removal centre,guide,e4b8e597-7623-4c01-bdeb-c340045970f6,en,publisher,2014-01-17T14:09:58.000Z,2024-12-23T15:11:34.379Z,,,201,"Deportation, removals and curtailment,Entering and staying in the UK,Immigration offences,GOV.UK homepage",Government Digital Service,UK Visas and Immigration,,,,
https://www.gov.uk/religious-worker-visa,Religious Worker visa (Temporary Work),guide,30ac0189-560d-43e4-9f19-7a10a7b4d280,en,publisher,2014-02-07T15:49:12.000Z,2024-10-31T17:01:04.679Z,,,192,"GOV.UK homepage,Visas and entry clearance,Work and investor visas,Entering and staying in the UK",Government Digital Service,UK Visas and Immigration,,,,
https://www.gov.uk/guidance/prove-your-right-to-work-eu-eea-and-swiss-citizens,"Prove your right to work: EU, EEA and Swiss citizens",detailed_guide,b0896587-a00a-40aa-a3df-bb45107a6e97,en,whitehall,2021-06-09T23:00:00.000Z,2025-03-27T00:00:02.000Z,,,192,"GOV.UK homepage,Rights of foreign nationals in the UK,Foreign nationals working in the UK,Entering and staying in the UK",Home Office,Home Office,2019 to 2022 Johnson Conservative government,,,
https://www.gov.uk/guidance/right-to-work-checks-employing-eu-eea-and-swiss-citizens,"Right to work checks: employing EU, EEA and Swiss citizens",detailed_guide,d7408b71-dd84-414f-9c6d-5fb1db1e104a,en,whitehall,2021-06-09T23:00:00.000Z,2021-08-06T15:16:24.000Z,,,188,"GOV.UK homepage,Foreign nationals working in the UK,Rights of foreign nationals in the UK,Entering and staying in the UK",Home Office,Home Office,2019 to 2022 Johnson Conservative government,,,
https://www.gov.uk/apply-citizenship-british-nationality,Apply for citizenship if you have British nationality,guide,b05cbab2-c6e7-4a06-97f7-ccddc31c4f7f,en,publisher,2018-07-17T10:02:04.028Z,2018-08-16T11:57:12.096Z,,,185,"Permanent stay in the UK,GOV.UK homepage,Entering and staying in the UK,Citizenship",Government Digital Service,"Home Office,UK Visas and Immigration",,,,
https://www.gov.uk/apply-citizenship-stateless,Apply for citizenship if you're stateless,guide,83cd5453-be36-4e89-9557-347cb1b245ac,en,publisher,2018-07-17T10:35:12.590Z,2018-09-12T15:33:35.446Z,,,185,"Citizenship,GOV.UK homepage,Entering and staying in the UK,Permanent stay in the UK",Government Digital Service,"Home Office,UK Visas and Immigration",,,,
https://www.gov.uk/tier-1-entrepreneur,Entrepreneur visa (Tier 1),guide,4c35d538-3888-477c-b1ac-46dcb4cf0c50,en,publisher,2014-02-07T16:15:20.000Z,2024-10-31T17:00:37.875Z,,,179,"Entering and staying in the UK,GOV.UK homepage,Visas and entry clearance,Work and investor visas",Government Digital Service,UK Visas and Immigration,,,,
https://www.gov.uk/guidance/living-in-the-uk-applying-from-within-the-uk,Living in the UK: applying from within the UK,detailed_guide,5edc48d9-cd68-47ed-b3b0-d5163222dfc1,en,whitehall,2020-10-04T23:00:00.000Z,2025-02-12T13:33:01.000Z,,,179,"Rights of EU and EEA citizens,GOV.UK homepage,Entering and staying in the UK,Rights of nationals from outside the EU and EEA,Rights of foreign nationals in the UK",UK Visas and Immigration,UK Visas and Immigration,2019 to 2022 Johnson Conservative government,,,
https://www.gov.uk/guidance/how-to-take-a-photo-for-a-visa-application-or-permission,How to take a photo for a visa application or permission,detailed_guide,6e2ab2fb-227c-4063-a208-14a93855ad73,en,whitehall,2026-02-12T15:18:26.000Z,2026-02-12T15:18:26.000Z,,,178,"Entering and staying in the UK,Visas and entry clearance,GOV.UK homepage",UK Visas and Immigration,UK Visas and Immigration,2024 Starmer Labour government,,,
https://www.gov.uk/guidance/coronavirus-covid-19-eu-settlement-scheme-guidance-for-applicants,Coronavirus (COVID-19): EU Settlement Scheme - guidance for applicants,detailed_guide,34e3b562-b268-48e5-a824-29dcb2d3035e,en,whitehall,2020-12-15T00:00:00.000Z,2024-08-02T09:44:33.000Z,,,169,"Health and social care,COVID-19,International travel, immigration and repatriation during COVID-19,GOV.UK homepage,Rights of EU and EEA citizens,Rights of foreign nationals in the UK,Entering and staying in the UK",Home Office,"Home Office,UK Visas and Immigration",2019 to 2022 Johnson Conservative government,,,
https://www.gov.uk/tier-1-investor,Investor visa (Tier 1),guide,485047c7-b194-4a0a-b519-7de34f2011e3,en,publisher,2014-02-07T17:00:43.000Z,2024-10-31T17:00:46.385Z,,,145,"Visas and entry clearance,GOV.UK homepage,Work and investor visas,Entering and staying in the UK",Government Digital Service,UK Visas and Immigration,,,,
https://www.gov.uk/ads-visa,Visit the UK in a Chinese tour group,answer,cc1327b3-ace1-4f82-a4e7-b05be6b50319,en,publisher,2014-02-05T14:52:52.000Z,2016-03-29T15:56:48.400Z,,,128,"Entering and staying in the UK,Visit and transit visas,GOV.UK homepage,Visas and entry clearance",Government Digital Service,UK Visas and Immigration,,,,
https://www.gov.uk/guidance/apply-for-a-ukraine-family-scheme-visa,Apply for a Ukraine Family Scheme visa,detailed_guide,29d4e5c4-cc10-4e69-837a-2e2622acf074,en,whitehall,2022-03-04T00:00:00.000Z,2025-08-28T11:20:04.000Z,,,126,"GOV.UK homepage,Entering and staying in the UK",UK Visas and Immigration,"UK Visas and Immigration,Home Office",2019 to 2022 Johnson Conservative government,,,
https://www.gov.uk/guidance/visit-the-uk-as-part-of-a-german-school-trip,Visit the UK as part of a German school trip,detailed_guide,d5bcd27a-93a1-4a7a-b03a-3de078e96d8c,en,whitehall,2026-02-10T10:31:47.000Z,2026-02-10T10:31:47.000Z,,,119,"GOV.UK homepage,Entering and staying in the UK,Travel and identity documents for foreign nationals",UK Visas and Immigration,UK Visas and Immigration,2024 Starmer Labour government,,,
https://www.gov.uk/guidance/living-in-the-uk-applying-from-overseas,Living in the UK: applying from overseas,detailed_guide,0479dbb0-c926-4824-b900-6c799b374aa5,en,whitehall,2020-10-04T23:00:00.000Z,2025-11-05T17:18:09.000Z,,,118,"Entering and staying in the UK,Rights of EU and EEA citizens,Rights of nationals from outside the EU and EEA,Rights of foreign nationals in the UK,GOV.UK homepage",UK Visas and Immigration,UK Visas and Immigration,2019 to 2022 Johnson Conservative government,,,
https://www.gov.uk/appeal-first-tier-asylum-support-tribunal,Appeal an asylum support decision,guide,13ccc956-f51a-497b-84c8-d2a4b80432c3,en,publisher,2014-09-22T11:46:33.000Z,2014-12-15T17:06:55.000Z,,,116,"GOV.UK homepage,Refugees, asylum and human rights,Support for asylum claimants and refugees,Entering and staying in the UK",Government Digital Service,"HM Courts & Tribunals Service,UK Visas and Immigration",,,,
https://www.gov.uk/parent-of-a-child-at-school-visa,Parent of a Child Student visa,guide,b7c265b2-44b4-4058-a197-c52fefaa5fef,en,publisher,2014-02-05T15:17:06.000Z,2015-02-10T12:31:13.000Z,,,103,"Visas and entry clearance,GOV.UK homepage,Entering and staying in the UK,Student visas",Government Digital Service,UK Visas and Immigration,,,,
https://www.gov.uk/guidance/afghan-citizens-resettlement-scheme,Afghan citizens resettlement scheme,detailed_guide,8a033a57-9b12-4976-9759-c84754132c25,en,whitehall,2021-08-17T23:00:00.000Z,2025-07-01T14:11:20.000Z,,,103,"GOV.UK homepage,Entering and staying in the UK,Refugees, asylum and human rights",UK Visas and Immigration,"UK Visas and Immigration,Home Office",2019 to 2022 Johnson Conservative government,,,
https://www.gov.uk/guidance/identity-cards-and-new-identity-and-passport-service-suppliers,Identity cards and new Identity and Passport Service suppliers,detailed_guide,5dbcc237-7631-11e4-a3cb-005056011aef,en,whitehall,2013-03-26T00:00:00.000Z,2024-10-31T17:00:04.000Z,,,97,"Countries (Living In),Entering and staying in the UK,Travel and identity documents for foreign nationals,Going and being abroad,Advice for all countries,GOV.UK homepage",Home Office,Home Office,2010 to 2015 Conservative and Liberal Democrat coalition government,,,
https://www.gov.uk/guidance/move-to-the-uk-if-youre-from-ukraine,Move to the UK if you’re coming from Ukraine,detailed_guide,336d6ff8-bdf0-46d5-8c33-755bd09ca544,en,whitehall,2022-03-27T23:00:00.000Z,2025-04-05T23:15:09.000Z,,,96,"GOV.UK homepage,Entering and staying in the UK","Ministry of Housing, Communities and Local Government","Ministry of Housing, Communities and Local Government,Home Office,Department for Work and Pensions,HM Revenue & Customs,Department for Education,Department for Transport,Driver and Vehicle Licensing Agency,Driver and Vehicle Standards Agency,Department for Levelling Up, Housing and Communities ",2019 to 2022 Johnson Conservative government,,,
https://www.gov.uk/guidance/competence-assessments,Competence assessments,detailed_guide,f582e10b-e55e-4192-b402-502b3af1d038,en,whitehall,2025-01-16T00:00:00.000Z,2025-01-16T00:00:00.000Z,,,96,"Immigration adviser services,Entering and staying in the UK,GOV.UK homepage",Immigration Advice Authority,Immigration Advice Authority,2024 Starmer Labour government,,,
https://www.gov.uk/guidance/ukrainian-nationals-in-the-uk-visa-support,Ukrainian nationals in the UK: visa support,detailed_guide,3aa39dfe-642c-47df-bb86-39a64f9c1d58,en,whitehall,2022-03-08T00:00:00.000Z,2025-07-31T23:01:04.000Z,,,92,"GOV.UK homepage,Entering and staying in the UK",UK Visas and Immigration,"UK Visas and Immigration,Home Office",2019 to 2022 Johnson Conservative government,,,
https://www.gov.uk/guidance/ai-exemplars-programme,AI Exemplars programme,detailed_guide,8aedab24-deae-4f1e-a45c-daff5a206d8d,en,whitehall,2025-08-16T23:00:00.000Z,2026-01-29T11:01:15.000Z,,,91,"Planning and building,Government efficiency, transparency and accountability,Entering and staying in the UK,Courts, sentencing and tribunals,Education, training and skills,Science and innovation,Economic growth,Government missions,National Health Service,Artificial intelligence,Government,Business and industry,Refugees, asylum and human rights,Housing, local and community,Crime, justice and law,GOV.UK homepage,NHS efficiency,Health and social care","Department for Science, Innovation and Technology","Department for Science, Innovation and Technology",2024 Starmer Labour government,,,
https://www.gov.uk/guidance/using-the-nhs-when-you-return-to-live-in-the-uk,Using the NHS when you return to live in the UK,detailed_guide,e6cb9b6d-2637-4da0-9c52-f680f605614b,en,whitehall,2019-03-27T00:00:00.000Z,2019-03-27T00:00:00.000Z,,,86,"GOV.UK homepage,Entering and staying in the UK,National Health Service,Health and social care",Department of Health and Social Care,Department of Health and Social Care,2016 to 2019 May Conservative government,,,
https://www.gov.uk/representative-overseas-business,Representative of an Overseas Business visa,guide,ff1bf5de-47dd-425b-bb44-23f0f4d2a8d4,en,publisher,2014-02-07T17:25:31.000Z,2024-10-31T17:00:30.779Z,,,82,"Work and investor visas,GOV.UK homepage,Entering and staying in the UK,Visas and entry clearance",Government Digital Service,UK Visas and Immigration,,,,
https://www.gov.uk/get-electronic-visa-waiver,Electronic visa waivers,answer,c1347936-839b-4547-a570-0c315c34ee45,en,publisher,2015-10-23T10:41:00.000Z,2016-02-19T14:00:11.000Z,,,82,"Work and investor visas,Visit and transit visas,Entering and staying in the UK,Student visas,Visas and entry clearance,GOV.UK homepage",Government Digital Service,UK Visas and Immigration,,,,
https://www.gov.uk/guidance/clandestine-entrant-civil-penalty-scheme,Clandestine entrant civil penalty scheme,detailed_guide,5ebe2d2d-7631-11e4-a3cb-005056011aef,en,whitehall,2014-02-07T00:00:00.000Z,2023-04-04T12:41:25.000Z,,,82,"Driving and road transport,Immigration penalties,Immigration offences,GOV.UK homepage,Entering and staying in the UK,Freight, haulage and cargo,Road haulage,Professional driving of lorries, buses and coaches,Transport",Home Office,"Home Office,Border Force",2010 to 2015 Conservative and Liberal Democrat coalition government,,,
https://www.gov.uk/guidance/enter-the-uk-as-an-s2-healthcare-visitor,Enter the UK as an S2 Healthcare Visitor,detailed_guide,f1180166-85d1-44b7-a596-85303046e061,en,whitehall,2020-12-01T09:00:00.000Z,2021-06-06T08:00:00.000Z,,,82,"GOV.UK homepage,Visit and transit visas,Visas and entry clearance,Entering and staying in the UK",UK Visas and Immigration,UK Visas and Immigration,2019 to 2022 Johnson Conservative government,,,
https://www.gov.uk/guidance/eu-settlement-scheme-apply-for-an-administrative-review,EU Settlement Scheme: administrative review,detailed_guide,07930d7d-f7e7-438b-9809-1787705d412e,en,whitehall,2018-11-15T00:00:00.000Z,2025-02-10T11:41:04.000Z,,,82,"Rights of EU and EEA citizens,Rights of foreign nationals in the UK,GOV.UK homepage,Entering and staying in the UK,Government,Brexit",UK Visas and Immigration,UK Visas and Immigration,2016 to 2019 May Conservative government,,,
https://www.gov.uk/guidance/immigration-health-surcharge-for-eu-students-in-the-uk,"Immigration health surcharge for students from the EU, Norway, Iceland, Liechtenstein and Switzerland in the UK",detailed_guide,5e3226d8-3329-46f9-b62c-dd4485834fcf,en,whitehall,2021-09-13T23:00:00.000Z,2024-02-22T11:25:16.000Z,,,81,"Student visas,GOV.UK homepage,Health and social care,Entering and staying in the UK,Visas and entry clearance,National Health Service",Department of Health and Social Care,Department of Health and Social Care,2019 to 2022 Johnson Conservative government,,,
https://www.gov.uk/guidance/visiting-the-uk-as-a-creative-professional-from-a-non-visa-national-country,Visiting the UK as a creative professional from a non-visa national country,detailed_guide,d141b5e5-b851-412e-9578-b424e3100d87,en,whitehall,2021-12-06T00:00:00.000Z,2024-07-24T10:41:38.000Z,,,78,"Visas and entry clearance,GOV.UK homepage,Entering and staying in the UK","Department for Culture, Media and Sport","Department for Culture, Media and Sport,Home Office,Department for Digital, Culture, Media & Sport",2019 to 2022 Johnson Conservative government,,,
https://www.gov.uk/guidance/applying-for-registration-with-the-iaa,Applying for registration with the IAA,detailed_guide,6e3b2eb2-9341-4d94-afa6-38b8502bd1c8,en,whitehall,2025-01-16T13:57:37.000Z,2025-01-16T13:57:37.000Z,,,77,"Immigration adviser services,GOV.UK homepage,Entering and staying in the UK",Immigration Advice Authority,Immigration Advice Authority,2024 Starmer Labour government,,,
https://www.gov.uk/turkish-business-person,Turkish Businessperson visa,guide,65bb87a9-04d2-4309-9c43-b10cb271495d,en,publisher,2014-02-07T15:27:41.000Z,2024-10-31T17:00:02.950Z,,,73,"GOV.UK homepage,Entering and staying in the UK,Visas and entry clearance,Work and investor visas",Government Digital Service,UK Visas and Immigration,,,,
https://www.gov.uk/guidance/court-appearances-fraud-and-providing-unlawful-immigration-advice,Court appearances,detailed_guide,57a5acf6-dbbe-4fb9-81d7-f553ba5fac3c,en,whitehall,2023-02-13T00:00:00.000Z,2025-07-31T16:22:48.000Z,,,69,"GOV.UK homepage,Immigration adviser services,Entering and staying in the UK",Immigration Advice Authority,"Immigration Advice Authority,Office of the Immigration Services Commissioner",2022 to 2024 Sunak Conservative government,,,
https://www.gov.uk/guidance/indefinite-leave-to-remain-if-you-represent-an-overseas-business,Indefinite leave to remain if you represent an overseas business,detailed_guide,4696ccad-f62d-46e1-8264-b474f9aafafa,en,whitehall,2021-10-10T23:00:00.000Z,2025-04-08T23:01:04.000Z,,,64,"Visas and entry clearance,GOV.UK homepage,Entering and staying in the UK",UK Visas and Immigration,UK Visas and Immigration,2019 to 2022 Johnson Conservative government,,,
https://www.gov.uk/guidance/get-your-eu-professional-qualification-recognised-in-the-uk,Get your EU professional qualification recognised in the UK,detailed_guide,c4afbd85-5496-483a-a3d9-e0cd58c5ab6a,en,whitehall,2020-12-31T00:00:00.000Z,2020-12-31T00:00:00.000Z,,,63,"Brexit,Rights of EU and EEA citizens,Rights of foreign nationals in the UK,Government,Entering and staying in the UK,GOV.UK homepage",Department for Business and Trade,"Department for Business and Trade,Department for Business, Energy & Industrial Strategy",2019 to 2022 Johnson Conservative government,,,
https://www.gov.uk/guidance/information-for-immigration-advisers,Information for immigration advisers,detailed_guide,a4c86634-40b4-4e18-9009-8cadfdf5fa7f,en,whitehall,2025-01-16T00:00:00.000Z,2025-01-16T00:00:00.000Z,,,60,"Entering and staying in the UK,Immigration adviser services,GOV.UK homepage",Immigration Advice Authority,Immigration Advice Authority,2024 Starmer Labour government,,,
https://www.gov.uk/turkish-worker,Turkish Worker visa,guide,afd1805d-9947-448a-ab74-ca7aa19bf82f,en,publisher,2014-02-07T15:29:28.000Z,2024-10-31T17:00:34.878Z,,,58,"GOV.UK homepage,Visas and entry clearance,Entering and staying in the UK,Work and investor visas",Government Digital Service,UK Visas and Immigration,,,,
https://www.gov.uk/guidance/diplomatic-visa-arrangement-dva,Diplomatic Visa Arrangement (DVA),detailed_guide,79ddbd32-8edb-47d5-a254-260f4d67ee15,en,whitehall,2025-11-14T13:30:38.000Z,2025-11-14T13:30:38.000Z,,,54,"GOV.UK homepage,Entering and staying in the UK,Visas and entry clearance",UK Visas and Immigration,UK Visas and Immigration,2024 Starmer Labour government,,,
https://www.gov.uk/guidance/information-for-advice-seekers,Information for advice seekers,detailed_guide,4b3eb9cb-30ec-466b-b159-a19c8ba407d7,en,whitehall,2025-01-16T00:00:00.000Z,2025-07-22T13:56:37.000Z,,,50,"GOV.UK homepage,Entering and staying in the UK,Immigration adviser services",Immigration Advice Authority,Immigration Advice Authority,2024 Starmer Labour government,,,
https://www.gov.uk/guidance/offshore-workers,Offshore workers,detailed_guide,24980400-9f8c-411c-b06f-9f9d790d8ff4,en,whitehall,2023-04-02T23:00:00.000Z,2023-11-28T16:20:09.000Z,,,49,"GOV.UK homepage,Entering and staying in the UK",Home Office,Home Office,2022 to 2024 Sunak Conservative government,,,
https://www.gov.uk/guidance/study-sector-support,Study sector support,detailed_guide,8d2f54db-f1d5-446f-9c84-b56fb80b530e,en,whitehall,2023-10-15T23:00:00.000Z,2025-10-16T14:34:46.000Z,,,47,"Entering and staying in the UK,Visa sponsorship,Visas and entry clearance,GOV.UK homepage",Home Office,Home Office,2022 to 2024 Sunak Conservative government,,,
https://www.gov.uk/guidance/paying-an-nhs-debt,Paying an NHS debt,detailed_guide,b9d6887a-458a-4145-894a-3c9f5e7abb9f,en,whitehall,2023-03-09T16:48:27.000Z,2023-03-09T16:48:27.000Z,,,45,"GOV.UK homepage,Visas and entry clearance,Immigration rules,Health and social care,Entering and staying in the UK,National Health Service",Home Office,Home Office,2022 to 2024 Sunak Conservative government,,,
https://www.gov.uk/guidance/refugee-employability-programme,Refugee Employability Programme,detailed_guide,7948bea7-e35a-4ba5-b026-3031242112f5,en,whitehall,2023-09-19T23:00:00.000Z,2024-12-04T14:02:03.000Z,,,44,"Support for asylum claimants and refugees,Refugees, asylum and human rights,Entering and staying in the UK,GOV.UK homepage",Home Office,Home Office,2022 to 2024 Sunak Conservative government,,,
https://www.gov.uk/guidance/recruit-trainee-teachers-from-overseas-accredited-itt-providers,Recruit trainee teachers from overseas: accredited ITT providers,detailed_guide,0342a383-f010-4c9b-936b-715d36149caf,en,whitehall,2020-09-15T23:00:00.000Z,2025-12-18T14:18:50.000Z,,,44,"Initial Teacher Training (ITT),Entering and staying in the UK,Visa sponsorship,Working, jobs and pensions,GOV.UK homepage,Teacher training and professional development,Recruiting and hiring,Qualified Teacher Status (QTS),Student visas,Work,Visas and entry clearance,Teaching and leadership,Recruiting, inducting and managing teachers,Education, training and skills,Visa applications",Department for Education,Department for Education,2019 to 2022 Johnson Conservative government,,,
https://www.gov.uk/guidance/benefits-and-pensions-for-eea-and-swiss-citizens-in-the-uk,Benefits and pensions for EEA and Swiss citizens in the UK,detailed_guide,bdf8f16d-b23b-4961-ad53-8c9cf3f7b1ec,en,whitehall,2020-01-24T13:56:00.000Z,2021-07-01T12:08:04.000Z,,,39,"Government,Work,Welfare,Brexit,Entering and staying in the UK,Benefits entitlement,Rights of foreign nationals in the UK,GOV.UK homepage,Rights of EU and EEA citizens,Pensions and ageing society",Department for Work and Pensions,Department for Work and Pensions,2019 to 2022 Johnson Conservative government,,,
https://www.gov.uk/guidance/guest-eligibility-application-process-and-checks-homes-for-ukraine,"Guest eligibility, application process and checks: Homes for Ukraine",detailed_guide,966e4f36-db48-421c-9698-1592dffbd549,en,whitehall,2023-01-16T00:00:00.000Z,2025-09-15T08:30:07.000Z,,,36,"Entering and staying in the UK,Housing and communities,Housing, local and community,GOV.UK homepage","Ministry of Housing, Communities and Local Government","Ministry of Housing, Communities and Local Government,Department for Levelling Up, Housing and Communities ",2022 to 2024 Sunak Conservative government,,,
https://www.gov.uk/guidance/apply-for-a-student-sponsor-licence,Apply for a Student sponsor licence,detailed_guide,5ee636c4-7631-11e4-a3cb-005056011aef,en,whitehall,2014-01-22T00:00:00.000Z,2025-04-08T23:01:04.000Z,,,32,"Visas and entry clearance,Visa sponsorship,GOV.UK homepage,Entering and staying in the UK",UK Visas and Immigration,UK Visas and Immigration,2010 to 2015 Conservative and Liberal Democrat coalition government,,,
https://www.gov.uk/guidance/tuberculosis-tb-migrant-health-guide,Tuberculosis (TB): migrant health guide,detailed_guide,6023475c-7631-11e4-a3cb-005056011aef,en,whitehall,2014-07-30T23:00:00.000Z,2025-03-31T13:25:11.000Z,,,31,"Health protection,GOV.UK homepage,Health and social care,Tuberculosis (TB) testing,Entering and staying in the UK,Migrant health,Visas and entry clearance,Public health",UK Health Security Agency,UK Health Security Agency,2010 to 2015 Conservative and Liberal Democrat coalition government,,,
https://www.gov.uk/guidance/disclosure-and-barring-service-dbs-checks-homes-for-ukraine,Disclosure and Barring Service (DBS) checks: Homes for Ukraine,detailed_guide,46be7d0d-2802-4313-a26c-49b1d0931b2f,en,whitehall,2023-01-16T00:00:00.000Z,2025-09-15T08:30:07.000Z,,,31,"Housing, local and community,Entering and staying in the UK,Housing and communities,GOV.UK homepage","Ministry of Housing, Communities and Local Government","Ministry of Housing, Communities and Local Government,Department for Levelling Up, Housing and Communities ",2022 to 2024 Sunak Conservative government,,,
https://www.gov.uk/guidance/frontier-workers-apply-for-a-review-of-your-frontier-worker-permit-decision,Frontier Workers: apply for a review of your Frontier Worker permit decision,detailed_guide,28b52c9b-5895-4709-84ab-a9c9bdc9d9e2,en,whitehall,2020-12-10T09:00:00.000Z,2022-09-27T15:06:32.000Z,,,30,"Visas and entry clearance,Entering and staying in the UK,Visa refusals and appeals,GOV.UK homepage",UK Visas and Immigration,UK Visas and Immigration,2019 to 2022 Johnson Conservative government,,,
https://www.gov.uk/guidance/visit-the-uk-as-a-national-of-trinidad-and-tobago,Visit the UK as a national of Trinidad and Tobago,detailed_guide,b391ffa9-661a-4af3-8784-33d048d83158,en,whitehall,2025-03-12T00:00:00.000Z,2025-04-23T14:00:36.000Z,,,30,"GOV.UK homepage,Entering and staying in the UK",UK Visas and Immigration,UK Visas and Immigration,2024 Starmer Labour government,,,
https://www.gov.uk/guidance/ukraine-sponsorship-scheme-visa-data-by-country-upper-and-lower-tier-local-authority,"Ukraine Sponsorship Scheme: Visa data by country, upper and lower tier local authority",detailed_guide,83c5904e-1dcd-4504-affc-96ee1a613f5e,en,whitehall,2022-05-31T23:00:00.000Z,2025-11-27T09:30:12.000Z,,,27,"GOV.UK homepage,Visa sponsorship,Visas and entry clearance,Entering and staying in the UK","Ministry of Housing, Communities and Local Government","Ministry of Housing, Communities and Local Government,Department for Levelling Up, Housing and Communities ",2019 to 2022 Johnson Conservative government,,,
https://www.gov.uk/register-with-the-police,UK visas and registering with the police,answer,8f74510d-18c2-4734-a7dc-cf5f22bcfd59,en,publisher,2014-02-12T14:16:41.000Z,2015-05-20T13:20:10.000Z,,,26,"Visas and entry clearance,GOV.UK homepage,Entering and staying in the UK",Government Digital Service,UK Visas and Immigration,,,,
https://www.gov.uk/guidance/afghan-citizens-resettlement-scheme-separated-families-route,Afghan citizens resettlement scheme: Separated Families Pathway,detailed_guide,47cd49a6-b781-476a-97f6-d4382bba4fa3,en,whitehall,2024-07-29T23:00:00.000Z,2025-07-01T14:11:11.000Z,,,21,"Entering and staying in the UK,Refugees, asylum and human rights,Foreign affairs,GOV.UK homepage,International,Afghanistan",UK Visas and Immigration,"UK Visas and Immigration,Home Office",2024 Starmer Labour government,,,
https://www.gov.uk/student-sponsor-loses-licence,Students: if your education provider loses their sponsor licence,answer,50a70e0d-7cb9-404e-8287-d3854bf7e141,en,publisher,2014-02-05T15:24:29.000Z,2014-11-12T12:25:26.000Z,,,18,"Entering and staying in the UK,GOV.UK homepage,Visa sponsorship,Student visas,Visas and entry clearance",Government Digital Service,UK Visas and Immigration,,,,
https://www.gov.uk/derivative-right-residence,Derivative residence cards,guide,f60aa606-1ecb-44d2-9367-6ae519916581,en,publisher,2014-02-05T15:17:27.000Z,2015-04-05T23:01:21.000Z,,,18,"Entering and staying in the UK,GOV.UK homepage,Rights of foreign nationals in the UK,Rights of EU and EEA citizens",Government Digital Service,UK Visas and Immigration,,,,
https://www.gov.uk/guidance/citizenship-rights-for-chagossians-update-15-july-2025,Citizenship rights for Chagossians: update 15 July 2025,detailed_guide,a6b88b82-9adb-4a5d-b2ae-4ae99dbd70a9,en,whitehall,2025-07-14T23:00:00.000Z,2025-07-14T23:00:00.000Z,,,18,"International,British citizenship ,UK Overseas Territories,GOV.UK homepage,Society and culture,Foreign affairs,Entering and staying in the UK","Foreign, Commonwealth & Development Office","Foreign, Commonwealth & Development Office,Home Office",2024 Starmer Labour government,,,
https://www.gov.uk/guidance/immigration-detention-bail-telephone-reporting,Immigration detention bail: telephone reporting,detailed_guide,a7cbbe61-a9dd-4f0d-a9c6-768993034895,en,whitehall,2021-07-12T08:00:00.000Z,2022-04-12T15:13:42.000Z,,,16,"Entering and staying in the UK,Immigration rules,GOV.UK homepage",Home Office,Home Office,2019 to 2022 Johnson Conservative government,,,
https://www.gov.uk/guidance/find-an-immigration-removal-centre-translations,Find an immigration removal centre: translations,detailed_guide,fa2123c5-fcd8-487d-82a2-9348931c381e,en,whitehall,2025-01-31T00:00:00.000Z,2026-02-11T16:43:09.000Z,,,15,"Entering and staying in the UK,Immigration detention,Immigration offences,GOV.UK homepage",Home Office,Home Office,2024 Starmer Labour government,,,
https://www.gov.uk/guidance/support-for-british-and-non-british-nationals-in-afghanistan,Support for British and non-British nationals in Afghanistan,detailed_guide,1194f346-33a7-4660-9033-10dcc2de749e,en,whitehall,2021-08-22T16:22:00.000Z,2023-03-02T09:58:17.000Z,,,10,"Refugees, asylum and human rights,GOV.UK homepage,Entering and staying in the UK",UK Visas and Immigration,"UK Visas and Immigration,Home Office",2019 to 2022 Johnson Conservative government,,,
https://www.gov.uk/guidance/very-important-person-vip-delegate-visa,Very Important Person (VIP) Delegate visa,detailed_guide,06c18dd9-61a3-413e-baf6-60e453b2c9e1,en,whitehall,2025-11-14T13:30:00.000Z,2026-02-09T16:58:59.000Z,,,10,"Visas and entry clearance,Entering and staying in the UK,GOV.UK homepage",UK Visas and Immigration,UK Visas and Immigration,2024 Starmer Labour government,,,
https://www.gov.uk/guidance/paying-taxes-in-the-uk-if-you-work-for-an-employer-based-in-ukraine,Paying taxes in the UK if you work for an employer based in Ukraine,detailed_guide,19ee0370-ef54-495e-bc0e-5096240d6477,en,whitehall,2022-10-06T14:07:35.000Z,2022-10-06T14:07:35.000Z,,,9,"Entering and staying in the UK,PAYE,National Insurance,Business tax,Income Tax,Personal tax,GOV.UK homepage,Money",HM Revenue & Customs,HM Revenue & Customs,2022 Truss Conservative government,,,
https://www.gov.uk/guidance/bringing-personal-items-to-the-uk-as-a-ukrainian-refugee,Bringing personal items to the UK if you’re coming from Ukraine,detailed_guide,efced7d6-ac2b-4acd-b0a7-1f0ee64fafe3,en,whitehall,2022-03-17T00:00:00.000Z,2025-04-08T09:31:52.000Z,,,9,"GOV.UK homepage,Refugees, asylum and human rights,Money,Personal tax,Coming to the UK,Entering and staying in the UK",HM Revenue & Customs,HM Revenue & Customs,2019 to 2022 Johnson Conservative government,,,
https://www.gov.uk/guidance/manage-asylum-claim,Manage asylum claim,detailed_guide,eb99079f-abfd-404d-b192-69914fcd7df0,en,whitehall,2025-05-01T10:21:09.000Z,2025-05-01T10:21:09.000Z,,,8,"GOV.UK homepage,Refugee, asylum and human rights claims,Entering and staying in the UK,Refugees, asylum and human rights",Home Office,Home Office,2024 Starmer Labour government,,,
https://www.gov.uk/guidance/ghana-migrant-health-guide,Ghana: migrant health guide,detailed_guide,17403147-95ba-4163-8030-6a8db56d4bef,en,whitehall,2014-07-30T23:00:00.000Z,2021-09-15T10:04:35.000Z,,,7,"Visas and entry clearance,Migrant health,Health protection,Tuberculosis (TB) testing,Public health,Entering and staying in the UK,Health and social care,GOV.UK homepage",Public Health England,Public Health England,2010 to 2015 Conservative and Liberal Democrat coalition government,,,
https://www.gov.uk/guidance/sri-lanka-migrant-health-guide,Sri Lanka: migrant health guide,detailed_guide,602bb7bf-7631-11e4-a3cb-005056011aef,en,whitehall,2014-07-30T23:00:00.000Z,2016-04-18T14:30:37.000Z,,,7,"Health and social care,Health protection,Public health,Visas and entry clearance,Tuberculosis (TB) testing,Migrant health,GOV.UK homepage,Entering and staying in the UK",Public Health England,Public Health England,2010 to 2015 Conservative and Liberal Democrat coalition government,,,
https://www.gov.uk/guidance/oisc-registration-fee-increase-may-2022,OISC Registration Fee Increase May 2022,detailed_guide,f556b829-bfa2-41ee-bfb0-95768888156e,en,whitehall,2022-03-22T14:09:00.000Z,2022-03-22T14:09:00.000Z,,,6,"Entering and staying in the UK,Immigration adviser services,GOV.UK homepage",Office of the Immigration Services Commissioner,Office of the Immigration Services Commissioner,2019 to 2022 Johnson Conservative government,,,
https://www.gov.uk/guidance/senegal-migrant-health-guide,Senegal: migrant health guide,detailed_guide,a9d11170-db0a-418d-8073-b0544850cf95,en,whitehall,2014-07-30T23:00:00.000Z,2021-11-16T13:18:45.000Z,,,,"Tuberculosis (TB) testing,Migrant health,Health and social care,Public health,Entering and staying in the UK,Visas and entry clearance,Health protection,GOV.UK homepage",Office for Health Improvement and Disparities,Office for Health Improvement and Disparities,2010 to 2015 Conservative and Liberal Democrat coalition government,,,
https://www.gov.uk/guidance/jamaica-migrant-health-guide,Jamaica: migrant health guide,detailed_guide,6020a1f5-7631-11e4-a3cb-005056011aef,en,whitehall,2014-07-30T23:00:00.000Z,2023-04-12T16:27:27.000Z,,,,"GOV.UK homepage,Health protection,Health and social care,Entering and staying in the UK,Public health,Migrant health",Office for Health Improvement and Disparities,Office for Health Improvement and Disparities,2010 to 2015 Conservative and Liberal Democrat coalition government,,,
https://www.gov.uk/guidance/ethiopia-migrant-health-guide,Ethiopia: migrant health guide,detailed_guide,f3334ab1-1adf-412b-ae61-e37821b26e17,en,whitehall,2014-07-30T23:00:00.000Z,2019-06-07T10:39:55.000Z,,,,"Entering and staying in the UK,GOV.UK homepage,Tuberculosis (TB) testing,Public health,Health and social care,Migrant health,Visas and entry clearance,Health protection",Public Health England,Public Health England,2010 to 2015 Conservative and Liberal Democrat coalition government,,,
https://www.gov.uk/guidance/georgia-migrant-health-guide,Georgia: migrant health guide,detailed_guide,6a8c0432-5179-476a-a68e-5a1d45dc3048,en,whitehall,2014-07-30T23:00:00.000Z,2021-09-15T10:00:47.000Z,,,,"Tuberculosis (TB) testing,Health and social care,Visas and entry clearance,Entering and staying in the UK,Migrant health,GOV.UK homepage,Public health,Health protection",Public Health England,Public Health England,2010 to 2015 Conservative and Liberal Democrat coalition government,,,
https://www.gov.uk/guidance/south-africa-migrant-health-guide,South Africa: migrant health guide,detailed_guide,56c84b4f-6cb1-440e-9e0e-2576a036c0e9,en,whitehall,2014-07-30T23:00:00.000Z,2017-06-29T14:58:44.000Z,,,,"Visas and entry clearance,GOV.UK homepage,Public health,Health protection,Migrant health,Tuberculosis (TB) testing,Entering and staying in the UK,Health and social care",Public Health England,Public Health England,2010 to 2015 Conservative and Liberal Democrat coalition government,,,
https://www.gov.uk/guidance/liberia-migrant-health-guide,Liberia: migrant health guide,detailed_guide,60321377-7631-11e4-a3cb-005056011aef,en,whitehall,2014-07-30T23:00:00.000Z,2016-04-08T12:39:20.000Z,,,,"Visas and entry clearance,Health and social care,Entering and staying in the UK,Migrant health,Tuberculosis (TB) testing,Public health,GOV.UK homepage,Health protection",Public Health England,Public Health England,2010 to 2015 Conservative and Liberal Democrat coalition government,,,
https://www.gov.uk/guidance/guinea-bissau-migrant-health-guide,Guinea-Bissau: migrant health guide,detailed_guide,50d6b81d-9ea8-4ff8-a4a0-d3b1c0a114f0,en,whitehall,2014-07-30T23:00:00.000Z,2021-09-16T10:50:34.000Z,,,,"Visas and entry clearance,Tuberculosis (TB) testing,Migrant health,Public health,GOV.UK homepage,Health and social care,Entering and staying in the UK,Health protection",Public Health England,Public Health England,2010 to 2015 Conservative and Liberal Democrat coalition government,,,
https://www.gov.uk/guidance/guyana-migrant-health-guide,Guyana: migrant health guide,detailed_guide,9a09d5d2-34c9-426d-a036-c9d2bed68462,en,whitehall,2014-07-30T23:00:00.000Z,2021-09-16T12:06:23.000Z,,,,"Health and social care,Health protection,Visas and entry clearance,Public health,Migrant health,GOV.UK homepage,Tuberculosis (TB) testing,Entering and staying in the UK",Public Health England,Public Health England,2010 to 2015 Conservative and Liberal Democrat coalition government,,,
https://www.gov.uk/guidance/afghan-citizens-resettlement-scheme-pathway-3-eligibility-for-british-council-and-gardaworld-contractors-and-chevening-alumni,Afghan Citizens Resettlement Scheme Pathway 3: eligibility for British Council and GardaWorld contractors and Chevening Alumni,detailed_guide,913feb25-d489-463a-b459-499bad7ad0ee,en,whitehall,2022-06-12T23:00:00.000Z,2024-08-21T09:38:29.000Z,,,,"International,Human rights internationally,Refugees, asylum and human rights,Entering and staying in the UK,GOV.UK homepage","Foreign, Commonwealth & Development Office","Foreign, Commonwealth & Development Office",2019 to 2022 Johnson Conservative government,,,
https://www.gov.uk/guidance/libya-migrant-health-guide,Libya: migrant health guide,detailed_guide,6020b62a-7631-11e4-a3cb-005056011aef,en,whitehall,2014-07-30T23:00:00.000Z,2016-04-08T12:40:26.000Z,,,,"Health and social care,Tuberculosis (TB) testing,Visas and entry clearance,Public health,Migrant health,GOV.UK homepage,Entering and staying in the UK,Health protection",Public Health England,Public Health England,2010 to 2015 Conservative and Liberal Democrat coalition government,,,
https://www.gov.uk/guidance/coronavirus-covid-19-student-sponsors,Coronavirus (COVID-19): Student sponsors,detailed_guide,75971c9d-0d0a-4039-9016-0a1a80c9665f,en,whitehall,2021-03-03T10:00:00.000Z,2021-03-30T16:03:28.000Z,,,,"GOV.UK homepage,Visas and entry clearance,Entering and staying in the UK,Student visas",Home Office,Home Office,2019 to 2022 Johnson Conservative government,,,
https://www.gov.uk/guidance/swaziland-migrant-health-guide,Eswatini (Swaziland): migrant health guide,detailed_guide,2ac3d6f4-a396-4a64-b6a7-bb8a85a0c41b,en,whitehall,2014-07-30T23:00:00.000Z,2019-05-30T15:38:19.000Z,,,,"Migrant health,GOV.UK homepage,Health and social care,Health protection,Entering and staying in the UK,Public health,Visas and entry clearance,Tuberculosis (TB) testing",Public Health England,Public Health England,2010 to 2015 Conservative and Liberal Democrat coalition government,,,
https://www.gov.uk/guidance/guinea-migrant-health-guide,Guinea: migrant health guide,detailed_guide,60322b1b-7631-11e4-a3cb-005056011aef,en,whitehall,2014-07-30T23:00:00.000Z,2021-09-20T13:45:34.000Z,,,,"Public health,Health protection,Entering and staying in the UK,Migrant health,GOV.UK homepage,Visas and entry clearance,Health and social care,Tuberculosis (TB) testing",Public Health England,Public Health England,2010 to 2015 Conservative and Liberal Democrat coalition government,,,
https://www.gov.uk/guidance/thailand-migrant-health-guide,Thailand: migrant health guide,detailed_guide,58e2cdb1-bcfb-42eb-956a-14a30b502715,en,whitehall,2014-07-30T23:00:00.000Z,2017-10-26T09:23:09.000Z,,,,"GOV.UK homepage,Tuberculosis (TB) testing,Health and social care,Entering and staying in the UK,Health protection,Visas and entry clearance,Migrant health,Public health",Public Health England,Public Health England,2010 to 2015 Conservative and Liberal Democrat coalition government,,,
https://www.gov.uk/guidance/uzbekistan-migrant-health-guide,Uzbekistan: migrant health guide,detailed_guide,1b7fe1cc-7e0c-41f2-8e0f-54dbd2740800,en,whitehall,2014-07-30T23:00:00.000Z,2014-07-30T23:00:00.000Z,,,,"Health protection,Tuberculosis (TB) testing,Public health,GOV.UK homepage,Entering and staying in the UK,Migrant health,Visas and entry clearance,Health and social care",Public Health England,Public Health England,2010 to 2015 Conservative and Liberal Democrat coalition government,,,
https://www.gov.uk/guidance/dominican-republic-migrant-health-guide,Dominican Republic: migrant health guide,detailed_guide,602df563-7631-11e4-a3cb-005056011aef,en,whitehall,2014-07-30T23:00:00.000Z,2023-05-22T11:08:09.000Z,,,,"Public health,Entering and staying in the UK,Migrant health,Tuberculosis (TB) testing,Health and social care,Health protection,Visas and entry clearance,GOV.UK homepage",Office for Health Improvement and Disparities,Office for Health Improvement and Disparities,2010 to 2015 Conservative and Liberal Democrat coalition government,,,
https://www.gov.uk/guidance/coronavirus-covid-19-bereavement-scheme-for-family-members-of-nhs-and-health-and-social-care-workers,Coronavirus (COVID-19): bereavement scheme for family members of NHS and health and social care workers,detailed_guide,589fafcc-bfc7-415e-8980-40c6f5cd0455,en,whitehall,2020-05-20T17:47:00.000Z,2021-06-16T10:09:07.000Z,,,,"COVID-19,Entering and staying in the UK,Permanent stay in the UK,Healthcare workers, carers and care settings during COVID-19,International travel, immigration and repatriation during COVID-19,GOV.UK homepage,Health and social care",Home Office,"Home Office,UK Visas and Immigration",2019 to 2022 Johnson Conservative government,,,
https://www.gov.uk/guidance/estonia-migrant-health-guide,Estonia: migrant health guide,detailed_guide,4f427055-0d2e-4fc7-b8f6-7b00c51e5916,en,whitehall,2014-07-30T23:00:00.000Z,2019-06-07T10:41:08.000Z,,,,"Visas and entry clearance,Health protection,Entering and staying in the UK,Public health,GOV.UK homepage,Tuberculosis (TB) testing,Health and social care,Migrant health",Public Health England,Public Health England,2010 to 2015 Conservative and Liberal Democrat coalition government,,,
https://www.gov.uk/guidance/coronavirus-covid-19-worker-and-temporary-worker-sponsors,Coronavirus (COVID-19): Worker and temporary worker sponsors,detailed_guide,6b779b83-9770-4bef-bf9f-e382a8d1f12f,en,whitehall,2021-03-03T10:01:00.000Z,2022-08-23T15:23:32.000Z,,,,"Work and investor visas,Entering and staying in the UK,GOV.UK homepage,Visas and entry clearance",Home Office,Home Office,2019 to 2022 Johnson Conservative government,,,
https://www.gov.uk/guidance/ecuador-migrant-health-guide,Ecuador: migrant health guide,detailed_guide,773b34e3-0ce7-4582-84ac-4e26c4e8479d,en,whitehall,2014-07-30T23:00:00.000Z,2021-09-07T16:02:58.000Z,,,,"Entering and staying in the UK,Visas and entry clearance,GOV.UK homepage,Public health,Health protection,Health and social care,Migrant health,Tuberculosis (TB) testing",Public Health England,Public Health England,2010 to 2015 Conservative and Liberal Democrat coalition government,,,
https://www.gov.uk/guidance/sudan-migrant-health-guide,Sudan: migrant health guide,detailed_guide,32696bdd-9197-44d1-8c34-d0abea5ba471,en,whitehall,2014-07-30T23:00:00.000Z,2023-04-05T13:34:57.000Z,,,,"Public health,Health and social care,Entering and staying in the UK,Tuberculosis (TB) testing,Visas and entry clearance,Health protection,GOV.UK homepage,Migrant health",Office for Health Improvement and Disparities,Office for Health Improvement and Disparities,2010 to 2015 Conservative and Liberal Democrat coalition government,,,
https://www.gov.uk/guidance/iaas-leadership-team,IAA's leadership team,detailed_guide,185c328b-bce7-41b4-9b0f-b58163619bb3,en,whitehall,2025-01-17T11:12:09.000Z,2025-01-17T11:12:09.000Z,,,,"Immigration adviser services,Entering and staying in the UK,GOV.UK homepage",Immigration Advice Authority,Immigration Advice Authority,2024 Starmer Labour government,,,
https://www.gov.uk/guidance/kazakhstan-migrant-health-guide,Kazakhstan: migrant health guide,detailed_guide,a2d9068d-303d-48f7-a4fd-1a1909446748,en,whitehall,2014-07-30T23:00:00.000Z,2017-10-27T13:13:15.000Z,,,,"Tuberculosis (TB) testing,Entering and staying in the UK,Health protection,Visas and entry clearance,GOV.UK homepage,Public health,Health and social care,Migrant health",Public Health England,Public Health England,2010 to 2015 Conservative and Liberal Democrat coalition government,,,
https://www.gov.uk/guidance/el-salvador-migrant-health-guide,El Salvador: migrant health guide,detailed_guide,b25ee8f6-9a4f-4be0-8c49-175c01b07d0a,en,whitehall,2014-07-30T23:00:00.000Z,2021-09-07T16:06:33.000Z,,,,"Visas and entry clearance,Health and social care,Public health,Entering and staying in the UK,Health protection,GOV.UK homepage,Tuberculosis (TB) testing,Migrant health",Public Health England,Public Health England,2010 to 2015 Conservative and Liberal Democrat coalition government,,,
https://www.gov.uk/guidance/papua-new-guinea-migrant-health-guide,Papua New Guinea: migrant health guide,detailed_guide,2da4eb06-fc43-4302-a86f-19f7d92267c9,en,whitehall,2014-07-30T23:00:00.000Z,2019-05-24T08:43:54.000Z,,,,"Migrant health,Tuberculosis (TB) testing,GOV.UK homepage,Visas and entry clearance,Health protection,Health and social care,Public health,Entering and staying in the UK",Public Health England,Public Health England,2010 to 2015 Conservative and Liberal Democrat coalition government,,,
https://www.gov.uk/guidance/lithuania-migrant-health-guide,Lithuania: migrant health guide,detailed_guide,ad13581c-0f9f-4f4e-8efc-4a0a06fc1eec,en,whitehall,2014-07-30T23:00:00.000Z,2017-10-27T13:21:35.000Z,,,,"Visas and entry clearance,Migrant health,Tuberculosis (TB) testing,Public health,Health protection,GOV.UK homepage,Entering and staying in the UK,Health and social care",Public Health England,Public Health England,2010 to 2015 Conservative and Liberal Democrat coalition government,,,
https://www.gov.uk/guidance/guidance-note-on-explicit-and-deemed-withdrawal-of-asylum-claims,Guidance Note on explicit and deemed withdrawal of asylum claims,detailed_guide,3facf09f-7b4b-4357-8e9e-f3ca94a9919f,en,whitehall,2023-12-15T00:00:00.000Z,2023-12-15T00:00:00.000Z,,,,"Entering and staying in the UK,Immigration adviser services,GOV.UK homepage",Immigration Advice Authority,"Immigration Advice Authority,Office of the Immigration Services Commissioner",2022 to 2024 Sunak Conservative government,,,
https://www.gov.uk/guidance/vietnam-migrant-health-guide,Vietnam: migrant health guide,detailed_guide,602de9ed-7631-11e4-a3cb-005056011aef,en,whitehall,2014-07-30T23:00:00.000Z,2016-04-18T15:12:06.000Z,,,,"GOV.UK homepage,Migrant health,Health and social care,Visas and entry clearance,Public health,Health protection,Entering and staying in the UK,Tuberculosis (TB) testing",Public Health England,Public Health England,2010 to 2015 Conservative and Liberal Democrat coalition government,,,
https://www.gov.uk/guidance/eritrea-migrant-health-guide,Eritrea: migrant health guide,detailed_guide,602bbc41-7631-11e4-a3cb-005056011aef,en,whitehall,2014-07-30T23:00:00.000Z,2023-04-05T14:42:29.000Z,,,,"Entering and staying in the UK,Tuberculosis (TB) testing,Migrant health,Health and social care,Public health,Visas and entry clearance,Health protection,GOV.UK homepage",Office for Health Improvement and Disparities,Office for Health Improvement and Disparities,2010 to 2015 Conservative and Liberal Democrat coalition government,,,
https://www.gov.uk/guidance/coronavirus-covid-19-immigration-european-economic-area-regulations-2016-guidance-for-applicants,Coronavirus (COVID-19): Immigration (European Economic Area) Regulations 2016 - guidance for applicants,detailed_guide,484f769f-4688-4ac4-b0fc-118a22d77c68,en,whitehall,2020-12-15T10:40:01.000Z,2020-12-15T10:40:01.000Z,,,,"GOV.UK homepage,COVID-19,International travel, immigration and repatriation during COVID-19,Health and social care,Rights of EU and EEA citizens,Rights of foreign nationals in the UK,Entering and staying in the UK",Home Office,"Home Office,UK Visas and Immigration",2019 to 2022 Johnson Conservative government,,,
https://www.gov.uk/guidance/guatemala-migrant-health-guide,Guatemala: migrant health guide,detailed_guide,602a6da7-7631-11e4-a3cb-005056011aef,en,whitehall,2014-07-30T23:00:00.000Z,2019-05-30T14:12:26.000Z,,,,"GOV.UK homepage,Tuberculosis (TB) testing,Public health,Migrant health,Visas and entry clearance,Entering and staying in the UK,Health protection,Health and social care",Public Health England,Public Health England,2010 to 2015 Conservative and Liberal Democrat coalition government,,,
https://www.gov.uk/guidance/gambia-the-migrant-health-guide,The Gambia: migrant health guide,detailed_guide,602bcb16-7631-11e4-a3cb-005056011aef,en,whitehall,2014-07-30T23:00:00.000Z,2017-10-27T13:26:27.000Z,,,,"GOV.UK homepage,Entering and staying in the UK,Health protection,Tuberculosis (TB) testing,Health and social care,Public health,Migrant health,Visas and entry clearance",Public Health England,Public Health England,2010 to 2015 Conservative and Liberal Democrat coalition government,,,
https://www.gov.uk/guidance/fiji-migrant-health-guide,Fiji: migrant health guide,detailed_guide,602dec7f-7631-11e4-a3cb-005056011aef,en,whitehall,2014-07-30T23:00:00.000Z,2023-05-26T09:42:53.000Z,,,,"Public health,Visas and entry clearance,Migrant health,Entering and staying in the UK,Tuberculosis (TB) testing,Health protection,Health and social care,GOV.UK homepage",Office for Health Improvement and Disparities,Office for Health Improvement and Disparities,2010 to 2015 Conservative and Liberal Democrat coalition government,,,
https://www.gov.uk/guidance/claim-benefits-if-youre-fleeing-violence-in-israel-the-occupied-palestinian-territories-or-lebanon,"Claim benefits if you’re fleeing violence in Israel, the Occupied Palestinian Territories or Lebanon",detailed_guide,828f35d6-634e-4716-b7b9-da9a79a74ba1,en,whitehall,2024-03-18T20:01:54.000Z,2024-03-18T20:01:54.000Z,,,,"GOV.UK homepage,Entering and staying in the UK,Rights of nationals from outside the EU and EEA,Rights of foreign nationals in the UK,Welfare,International,Benefits entitlement",Department for Work and Pensions,Department for Work and Pensions,2022 to 2024 Sunak Conservative government,,,
https://www.gov.uk/guidance/ukraine-migrant-health-guide,Ukraine: migrant health guide,detailed_guide,4033a4bf-34ab-431f-8d34-eb16062efd16,en,whitehall,2014-07-30T23:00:00.000Z,2022-07-14T12:47:45.000Z,,,,"Entering and staying in the UK,Public health,Migrant health,Visas and entry clearance,Tuberculosis (TB) testing,GOV.UK homepage,Health and social care,Health protection",Office for Health Improvement and Disparities,Office for Health Improvement and Disparities,2010 to 2015 Conservative and Liberal Democrat coalition government,,,
https://www.gov.uk/guidance/togo-migrant-health-guide,Togo: migrant health guide,detailed_guide,959f0cb3-283e-47ab-8ce8-8dafa213ad77,en,whitehall,2014-07-30T23:00:00.000Z,2014-07-30T23:00:00.000Z,,,,"Health protection,Migrant health,Tuberculosis (TB) testing,Health and social care,Public health,Visas and entry clearance,GOV.UK homepage,Entering and staying in the UK",Public Health England,Public Health England,2010 to 2015 Conservative and Liberal Democrat coalition government,,,
https://www.gov.uk/guidance/lesotho-migrant-health-guide,Lesotho: migrant health guide,detailed_guide,9455096c-42a2-4191-8434-96c14b637826,en,whitehall,2014-07-30T23:00:00.000Z,2021-09-21T09:25:52.000Z,,,,"Public health,GOV.UK homepage,Health protection,Health and social care,Migrant health,Visas and entry clearance,Entering and staying in the UK,Tuberculosis (TB) testing",Public Health England,Public Health England,2010 to 2015 Conservative and Liberal Democrat coalition government,,,
https://www.gov.uk/guidance/trinidad-and-tobago-migrant-health-guide,Trinidad and Tobago: migrant health guide,detailed_guide,602c5591-7631-11e4-a3cb-005056011aef,en,whitehall,2014-07-30T23:00:00.000Z,2014-07-30T23:00:00.000Z,,,,"Visas and entry clearance,Health and social care,Entering and staying in the UK,Health protection,GOV.UK homepage,Migrant health,Tuberculosis (TB) testing,Public health",Public Health England,Public Health England,2010 to 2015 Conservative and Liberal Democrat coalition government,,,
https://www.gov.uk/guidance/somalia-migrant-health-guide,Somalia: migrant health guide,detailed_guide,602e67fb-7631-11e4-a3cb-005056011aef,en,whitehall,2014-07-30T23:00:00.000Z,2019-05-24T08:44:20.000Z,,,,"GOV.UK homepage,Visas and entry clearance,Public health,Tuberculosis (TB) testing,Health and social care,Entering and staying in the UK,Migrant health,Health protection",Public Health England,Public Health England,2010 to 2015 Conservative and Liberal Democrat coalition government,,,
https://www.gov.uk/guidance/homes-for-ukraine-visa-sponsorship-scheme-privacy-notice,Homes for Ukraine visa sponsorship scheme: privacy notice,detailed_guide,6c51f841-ed0f-4dd3-9e07-6f539f2d772e,en,whitehall,2022-03-18T00:00:00.000Z,2025-10-01T12:59:57.000Z,,,,"Entering and staying in the UK,Visa sponsorship,GOV.UK homepage,Society and culture,Visas and entry clearance,Community and society","Ministry of Housing, Communities and Local Government","Ministry of Housing, Communities and Local Government,Home Office,Department for Levelling Up, Housing and Communities ",2019 to 2022 Johnson Conservative government,,,
https://www.gov.uk/guidance/continue-your-asylum-claim,Continue your asylum claim,detailed_guide,35729980-63e9-45f0-8eef-e69237b22dd9,en,whitehall,2023-07-27T14:15:38.000Z,2023-07-27T14:15:38.000Z,,,,"Asylum decisions and appeals,Refugees, asylum and human rights,GOV.UK homepage,Entering and staying in the UK",Home Office,Home Office,2022 to 2024 Sunak Conservative government,,,
https://www.gov.uk/guidance/south-korea-migrant-health-guide,South Korea: migrant health guide,detailed_guide,22d66835-5fa1-46c7-905f-de2990f036e9,en,whitehall,2014-07-30T23:00:00.000Z,2019-05-30T12:29:27.000Z,,,,"Health protection,Health and social care,Migrant health,GOV.UK homepage,Tuberculosis (TB) testing,Entering and staying in the UK,Visas and entry clearance,Public health",Public Health England,Public Health England,2010 to 2015 Conservative and Liberal Democrat coalition government,,,
https://www.gov.uk/guidance/application-for-judicial-review-case-management,Application for Judicial Review Case Management,detailed_guide,d963999f-3a9a-40cf-9180-1c668213d574,en,whitehall,2017-05-31T23:00:00.000Z,2025-08-06T13:44:32.000Z,,,,"GOV.UK homepage,Entering and staying in the UK,Immigration adviser services",Immigration Advice Authority,Immigration Advice Authority,2016 to 2019 May Conservative government,,,
https://www.gov.uk/guidance/tanzania-migrant-health-guide,Tanzania: migrant health guide,detailed_guide,c3d39751-c992-4f6e-a710-22043124aae1,en,whitehall,2014-07-30T23:00:00.000Z,2017-10-26T09:10:40.000Z,,,,"Visas and entry clearance,Health and social care,Public health,Health protection,Entering and staying in the UK,Tuberculosis (TB) testing,Migrant health,GOV.UK homepage",Public Health England,Public Health England,2010 to 2015 Conservative and Liberal Democrat coalition government,,,
https://www.gov.uk/guidance/using-the-uk-immigration-id-check-app-for-ukraine-nationals,Using the ‘UK Immigration: ID Check’ app for Ukraine nationals,detailed_guide,c8b2ccc3-a2f6-42bd-859c-895a34ce46c8,en,whitehall,2022-05-10T23:00:00.000Z,2023-12-07T09:00:01.000Z,,,,"Entering and staying in the UK,GOV.UK homepage",UK Visas and Immigration,UK Visas and Immigration,2019 to 2022 Johnson Conservative government,,,
https://www.gov.uk/guidance/uganda-migrant-health-guide,Uganda: migrant health guide,detailed_guide,ea13cef0-9dc2-46f1-b956-0dee898c4376,en,whitehall,2014-07-30T23:00:00.000Z,2023-04-11T14:07:22.000Z,,,,"Entering and staying in the UK,Health protection,Migrant health,GOV.UK homepage,Tuberculosis (TB) testing,Health and social care,Visas and entry clearance,Public health",Office for Health Improvement and Disparities,Office for Health Improvement and Disparities,2010 to 2015 Conservative and Liberal Democrat coalition government,,,
https://www.gov.uk/guidance/zimbabwe-migrant-health-guide,Zimbabwe: migrant health guide,detailed_guide,602dec2d-7631-11e4-a3cb-005056011aef,en,whitehall,2014-07-30T23:00:00.000Z,2017-10-26T09:02:54.000Z,,,,"Public health,Health and social care,Health protection,Entering and staying in the UK,Tuberculosis (TB) testing,Migrant health,GOV.UK homepage,Visas and entry clearance",Public Health England,Public Health England,2010 to 2015 Conservative and Liberal Democrat coalition government,,,
https://www.gov.uk/guidance/honduras-migrant-health-guide,Honduras: migrant health guide,detailed_guide,602df125-7631-11e4-a3cb-005056011aef,en,whitehall,2014-07-30T23:00:00.000Z,2019-05-30T15:08:51.000Z,,,,"Entering and staying in the UK,Tuberculosis (TB) testing,Health and social care,Public health,Migrant health,GOV.UK homepage,Health protection,Visas and entry clearance",Public Health England,Public Health England,2010 to 2015 Conservative and Liberal Democrat coalition government,,,
https://www.gov.uk/guidance/sierra-leone-migrant-health-guide,Sierra Leone: migrant health guide,detailed_guide,6020b43f-7631-11e4-a3cb-005056011aef,en,whitehall,2014-07-30T23:00:00.000Z,2016-04-18T14:23:45.000Z,,,,"Migrant health,Entering and staying in the UK,Tuberculosis (TB) testing,Health protection,Health and social care,GOV.UK homepage,Visas and entry clearance,Public health",Public Health England,Public Health England,2010 to 2015 Conservative and Liberal Democrat coalition government,,,
https://www.gov.uk/guidance/latvia-migrant-health-guide,Latvia: migrant health guide,detailed_guide,bb68a357-c125-4ce2-b92a-1fe67ad1f248,en,whitehall,2014-07-30T23:00:00.000Z,2019-05-30T13:29:53.000Z,,,,"Tuberculosis (TB) testing,Health and social care,Visas and entry clearance,Migrant health,Entering and staying in the UK,Public health,GOV.UK homepage,Health protection",Public Health England,Public Health England,2010 to 2015 Conservative and Liberal Democrat coalition government,,,
https://www.gov.uk/guidance/eu-settlement-scheme-application-fee-refunds,EU Settlement Scheme: application fee refunds,detailed_guide,bfdb4d08-fa2b-4b1a-8af6-418a52c41606,en,whitehall,2019-03-28T00:00:00.000Z,2019-03-28T00:00:00.000Z,,,,"Entering and staying in the UK,GOV.UK homepage,Government,Rights of EU and EEA citizens,Brexit,Rights of foreign nationals in the UK",Home Office,"Home Office,UK Visas and Immigration",2016 to 2019 May Conservative government,,,
https://www.gov.uk/guidance/india-migrant-health-guide,India: migrant health guide,detailed_guide,602df46e-7631-11e4-a3cb-005056011aef,en,whitehall,2014-07-30T23:00:00.000Z,2023-04-11T13:24:37.000Z,,,,"Entering and staying in the UK,Health and social care,Health protection,Tuberculosis (TB) testing,GOV.UK homepage,Visas and entry clearance,Migrant health,Public health",Office for Health Improvement and Disparities,Office for Health Improvement and Disparities,2010 to 2015 Conservative and Liberal Democrat coalition government,,,
https://www.gov.uk/guidance/kenya-migrant-health-guide,Kenya: migrant health guide,detailed_guide,602afddf-7631-11e4-a3cb-005056011aef,en,whitehall,2014-07-30T23:00:00.000Z,2019-07-30T15:28:45.000Z,,,,"Health protection,Entering and staying in the UK,Migrant health,GOV.UK homepage,Public health,Visas and entry clearance,Health and social care,Tuberculosis (TB) testing",Public Health England,Public Health England,2010 to 2015 Conservative and Liberal Democrat coalition government,,,
https://www.gov.uk/guidance/laos-migrant-health-guide,Laos: migrant health guide,detailed_guide,535ebf24-bbf5-4b6d-b537-7ae372de7b68,en,whitehall,2014-07-30T23:00:00.000Z,2021-09-20T13:36:49.000Z,,,,"Public health,Migrant health,GOV.UK homepage,Health protection,Tuberculosis (TB) testing,Visas and entry clearance,Entering and staying in the UK,Health and social care",Public Health England,Public Health England,2010 to 2015 Conservative and Liberal Democrat coalition government,,,
https://www.gov.uk/guidance/iraq-migrant-health-guide,Iraq: migrant health guide,detailed_guide,e97f2227-23c7-4ebc-9249-60e07c3618ab,en,whitehall,2014-07-30T23:00:00.000Z,2017-06-29T14:24:08.000Z,,,,"Visas and entry clearance,Migrant health,Health and social care,Public health,Tuberculosis (TB) testing,Health protection,Entering and staying in the UK,GOV.UK homepage",Public Health England,Public Health England,2010 to 2015 Conservative and Liberal Democrat coalition government,,,
https://www.gov.uk/guidance/indonesia-migrant-health-guide,Indonesia: migrant health guide,detailed_guide,d071f0f0-712e-41f6-b30e-b6bff36c4ea3,en,whitehall,2014-07-30T23:00:00.000Z,2019-07-30T11:53:43.000Z,,,,"Entering and staying in the UK,Public health,Migrant health,GOV.UK homepage,Health and social care,Tuberculosis (TB) testing,Visas and entry clearance,Health protection",Public Health England,Public Health England,2010 to 2015 Conservative and Liberal Democrat coalition government,,,
https://www.gov.uk/guidance/djibouti-migrant-health-guide,Djibouti: migrant health guide,detailed_guide,cfe49568-f680-48fe-a7fa-1e2e92f29b47,en,whitehall,2014-07-30T23:00:00.000Z,2019-05-30T13:06:16.000Z,,,,"Migrant health,Entering and staying in the UK,GOV.UK homepage,Visas and entry clearance,Tuberculosis (TB) testing,Health protection,Health and social care,Public health",Public Health England,Public Health England,2010 to 2015 Conservative and Liberal Democrat coalition government,,,
