url,title,documentType,contentId,locale,publishing_app,first_published_at,public_updated_at,withdrawn_at,withdrawn_explanation,page_views,taxons,primary_organisation,all_organisations,government,is_political,people,occurrences
https://www.gov.uk/check-long-term-flood-risk,Check the long term flood risk for an area in England,answer,40023e97-026e-4e13-aa89-19af7b4c29fb,en,publisher,2021-10-05T07:00:13.027Z,2025-01-28T12:01:05.503Z,,,34548,"River maintenance, flooding and coastal erosion,Environment,GOV.UK homepage",Government Digital Service,Environment Agency,,,,
https://www.gov.uk/fishing-licences/buy-a-fishing-licence,Buy a rod fishing licence: Buy a rod fishing licence for England and Wales,guide,da13f744-8a63-4149-aae6-4f10fb832b85,en,publisher,2014-02-27T14:20:23.000Z,2015-03-25T16:03:24.000Z,,,8119,"Environment,Freshwater fisheries,GOV.UK homepage,Fishing, fisheries and fishing vessels,Fishing regulations, monitoring and enforcement,Fishing quota and catch limits ",Government Digital Service,Environment Agency,,,,
https://www.gov.uk/guidance/import-of-products-animals-food-and-feed-system,"Import of products, animals, food and feed system (IPAFFS)",detailed_guide,472e6e44-7988-4434-9ef0-05ae734002d8,en,whitehall,2019-03-18T00:00:00.000Z,2024-04-29T23:01:04.000Z,,,5872,"Trade and investment,Environment,GOV.UK homepage,Import and export of farmed animals,Food and farming,Import controls,Producing and distributing food,Import, export and distribution of food,Wildlife, animals, biodiversity and ecosystems,Importing,Business and industry,Keeping farmed animals,Animal and plant health",Animal and Plant Health Agency,"Animal and Plant Health Agency,Department for Environment, Food & Rural Affairs",2016 to 2019 May Conservative government,,,
https://www.gov.uk/guidance/sam-enrol-or-sign-in-to-submit-tuberculosis-tb-test-results,Submit tuberculosis (TB) test results using Sam,detailed_guide,11532ba1-74ba-40c6-8a7c-7b1dfaeb6c21,en,whitehall,2024-08-04T23:00:00.000Z,2025-12-18T10:04:20.000Z,,,4953,"Wildlife, animals, biodiversity and ecosystems,Environment,Animal and plant health,Bovine tuberculosis (bovine TB),Food and farming,GOV.UK homepage,Keeping farmed animals","Department for Environment, Food & Rural Affairs","Department for Environment, Food & Rural Affairs,Animal and Plant Health Agency",2024 Starmer Labour government,,,
https://www.gov.uk/cattle-tracing-online,Use Cattle Tracing System (CTS) Online,transaction,a118443c-0a43-48c0-a4b6-80e3da714d9a,en,publisher,2012-10-15T11:46:25.000Z,2017-01-12T09:49:47.570Z,,,2904,"Food and farming industry,GOV.UK homepage,Food and farming,Environment",Government Digital Service,"Department for Environment, Food & Rural Affairs,Rural Payments Agency",,,,
https://www.gov.uk/get-flood-warnings,"Get flood warnings by text, phone or email",answer,f46f2fce-45b9-4745-b2de-84f3b6507b6f,en,publisher,2014-03-12T10:32:26.000Z,2014-11-25T17:18:21.000Z,,,2882,"Environment,River maintenance, flooding and coastal erosion,GOV.UK homepage",Government Digital Service,Environment Agency,,,,
https://www.gov.uk/bring-pet-to-great-britain,"Bringing your pet dog, cat or ferret to Great Britain",guide,bc210087-fe91-4e48-8214-0d5273a099d5,en,publisher,2011-07-28T14:59:32.000Z,2024-10-24T15:00:05.153Z,,,2375,"GOV.UK homepage,Entering and staying in the UK,Going and being abroad,Pets,Travel abroad,Wildlife, animals, biodiversity and ecosystems,Environment",Government Digital Service,"Department for Environment, Food & Rural Affairs,Foreign, Commonwealth & Development Office",,,,
https://www.gov.uk/get-business-support,Get help and support for your business,answer,42b1ec32-8258-4f42-8d1c-3851082d83c1,en,publisher,2012-10-24T14:37:54.000Z,2024-12-19T09:36:01.202Z,,,1789,"Science and innovation,GOV.UK homepage,Sale of goods and services and data protection,Employing people,Food labelling and safety,Food and farming industry,Redundancies, dismissals and disciplinaries,Running a business,Work,Limited companies and partnerships,Business finance and support,Recruiting and hiring,Food and farming,Dismissing staff and redundancies,Self-employment,Company closure, administration, liquidation and insolvency ,Producing and distributing food,Business regulation,Contracts and working hours,Business premises and business rates,Environment,Business and industry,Working, jobs and pensions,Scientific research and development",Government Digital Service,"Department for Business and Trade,Department for Business, Energy & Industrial Strategy",,,,
https://www.gov.uk/guidance/domestic-private-rented-property-minimum-energy-efficiency-standard-landlord-guidance,Domestic private rented property: minimum energy efficiency standard - landlord guidance,detailed_guide,84ee9c8a-1000-4ea3-951b-7ca32dc24482,en,whitehall,2017-09-30T23:00:00.000Z,2025-08-20T08:11:56.000Z,,,1730,"Energy efficiency,Climate change and energy,Rented housing sector,Housing and communities,Environment,GOV.UK homepage,Household energy,Housing, local and community",Department for Energy Security and Net Zero,Department for Energy Security and Net Zero,2016 to 2019 May Conservative government,,,
https://www.gov.uk/guidance/river-thames-current-river-conditions,River Thames: current river conditions,detailed_guide,55fb5b27-249d-47a2-9168-5e9d35b33ad3,en,whitehall,2020-02-02T00:00:00.000Z,2026-02-18T10:40:41.000Z,,,1588,"GOV.UK homepage,Environment,Rural and countryside,Boats and waterways",Environment Agency,Environment Agency,2019 to 2022 Johnson Conservative government,,,
https://www.gov.uk/report-environmental-problem,Report an environmental problem,answer,5fea5890-a27f-4130-9e43-4ae0cfb83415,en,publisher,2012-09-20T12:20:13.000Z,2016-02-16T16:02:35.000Z,,,1504,"Oil spills,Waste and recycling,Pollution and environmental quality,Oil, gas and coal,Wildlife and habitat conservation,Waste and environmental impact,Environment,Wildlife, animals, biodiversity and ecosystems,Energy infrastructure,GOV.UK homepage",Government Digital Service,Environment Agency,,,,
https://www.gov.uk/guidance/access-the-public-register-for-environmental-information,Access the public register for environmental information,detailed_guide,5f4ce474-7631-11e4-a3cb-005056011aef,en,whitehall,2014-04-07T23:00:00.000Z,2025-10-01T10:58:03.000Z,,,1290,"Business regulation,Government,Environmental permits,Environment,Government efficiency, transparency and accountability,Business and industry,Business and the environment,Water management,Waste and recycling,Waste management,GOV.UK homepage",Environment Agency,Environment Agency,2010 to 2015 Conservative and Liberal Democrat coalition government,,,
https://www.gov.uk/guidance/report-dead-wild-birds,Report dead wild birds,detailed_guide,dc03c03f-46e8-43ee-9a01-f88eef0bb980,en,whitehall,2022-12-13T00:00:00.000Z,2024-05-17T15:49:33.000Z,,,1198,"Wildlife and habitat conservation,Wildlife, animals, biodiversity and ecosystems,Environment,Birds,GOV.UK homepage","Department for Environment, Food & Rural Affairs","Department for Environment, Food & Rural Affairs,Animal and Plant Health Agency",2022 to 2024 Sunak Conservative government,,,
https://www.gov.uk/guidance/flood-alerts-and-warnings-what-they-are-and-what-to-do,Flood alerts and warnings: what they are and what to do,detailed_guide,69bbca02-dc1f-4650-8440-08b2a07b5e96,en,whitehall,2010-11-01T00:00:00.000Z,2010-11-01T00:00:00.000Z,,,1182,"River maintenance, flooding and coastal erosion,Environment,GOV.UK homepage,Emergency preparation, response and recovery,Government",Environment Agency,Environment Agency,2010 to 2015 Conservative and Liberal Democrat coalition government,,,
https://www.gov.uk/guidance/noise-nuisances-how-councils-deal-with-complaints,Noise nuisances: how councils deal with complaints,detailed_guide,36c1075d-90e1-480b-b79b-635f434b147e,en,whitehall,2015-04-07T13:36:00.000Z,2017-12-21T16:41:51.000Z,,,1013,"GOV.UK homepage,Pollution and environmental quality,Environment","Department for Environment, Food & Rural Affairs","Department for Environment, Food & Rural Affairs",2010 to 2015 Conservative and Liberal Democrat coalition government,,,
https://www.gov.uk/guidance/update-personal-and-business-details-in-the-rural-payments-service,Register and update your details with the Rural Payments Agency,detailed_guide,637f102b-85d2-45fa-9098-63a7ad59661f,en,whitehall,2024-10-29T00:00:00.000Z,2025-07-30T09:58:04.000Z,,,987,"Food and farming,Rural development and land management,Farming and food grants and payments,Rural grants and payments,Rural and countryside,Environment,GOV.UK homepage,Farming",Rural Payments Agency,Rural Payments Agency,2024 Starmer Labour government,,,
https://www.gov.uk/guidance/flood-risk-and-coastal-change,Flood risk and coastal change,detailed_guide,35a94fd4-a30b-42cd-afb0-5d5f181efb6d,en,whitehall,2014-03-06T00:00:00.000Z,2025-09-17T10:53:51.000Z,,,973,"Water management,Environment,Housing, local and community,River maintenance, flooding and coastal erosion,Planning and building,Groundwater,GOV.UK homepage,Planning system","Ministry of Housing, Communities and Local Government","Ministry of Housing, Communities and Local Government,Ministry of Housing, Communities & Local Government (2018 to 2021),Department for Levelling Up, Housing and Communities ",2010 to 2015 Conservative and Liberal Democrat coalition government,,,
https://www.gov.uk/guidance/driving-in-a-clean-air-zone,Clean air zones,detailed_guide,6d59402b-fb5e-42a1-b860-f7a613b21738,en,whitehall,2020-01-28T00:00:00.000Z,2026-02-12T11:59:29.000Z,,,970,"GOV.UK homepage,Pollution and environmental quality,Transport,Environment","Department for Environment, Food & Rural Affairs","Department for Environment, Food & Rural Affairs",2019 to 2022 Johnson Conservative government,,,
https://www.gov.uk/guidance/extended-producer-responsibility-for-packaging-who-is-affected-and-what-to-do,Extended producer responsibility for packaging: who is affected and what to do,detailed_guide,0367f4eb-c8d8-42c3-a645-e1ebdcdb6d7c,en,whitehall,2022-06-06T23:00:00.000Z,2026-02-10T16:24:49.000Z,,,956,"Business and the environment,GOV.UK homepage,Environment,Waste and recycling,Business and industry,Waste management","Department for Environment, Food & Rural Affairs","Department for Environment, Food & Rural Affairs,Environment Agency",2019 to 2022 Johnson Conservative government,,,
https://www.gov.uk/guidance/simpler-recycling-household-recycling-in-england,Simpler recycling: household recycling in England,detailed_guide,9ef980e4-bcb4-427d-b89e-b4a5cf716bea,en,whitehall,2025-03-27T00:00:00.000Z,2025-05-13T14:39:53.000Z,,,937,"Waste management,Waste and recycling,Environment,GOV.UK homepage","Department for Environment, Food & Rural Affairs","Department for Environment, Food & Rural Affairs",2024 Starmer Labour government,,,
https://www.gov.uk/guidance/hedgerow-management-rules-cutting-and-trimming,Hedgerow management rules: cutting and trimming,detailed_guide,d62de605-8216-4157-9328-5401ae4a22ad,en,whitehall,2024-05-22T23:00:00.000Z,2026-01-15T15:58:53.000Z,,,924,"Food and farming,Rural and countryside,GOV.UK homepage,Rural development and land management,Hedgerows,Environment",Rural Payments Agency,Rural Payments Agency,2022 to 2024 Sunak Conservative government,,,
https://www.gov.uk/check-if-property-is-affected-by-coal-mining,Find out if a property is affected by coal mining,answer,e3566bc9-bda4-46bd-b0a1-ef275ac9680e,en,publisher,2014-09-10T17:18:54.000Z,2024-10-22T14:59:00.602Z,,,860,"Housing and communities,Owning and renting a property,Property and development,Coal,Housing, local and community,Environment,Energy infrastructure,GOV.UK homepage,Oil, gas and coal",Government Digital Service,"Department for Energy Security and Net Zero,Mining Remediation Authority",,,,
https://www.gov.uk/guidance/biodiversity-net-gain,Biodiversity net gain,detailed_guide,f2c38516-4239-4922-925d-1d01994a4d51,en,whitehall,2024-02-14T00:00:00.000Z,2024-05-01T14:53:34.000Z,,,854,"Planning system,Wildlife and habitat conservation,Environment,Wildlife, animals, biodiversity and ecosystems,GOV.UK homepage,Biodiversity and ecosystems,Planning and building,Housing, local and community","Ministry of Housing, Communities and Local Government","Ministry of Housing, Communities and Local Government,Department for Levelling Up, Housing and Communities ",2022 to 2024 Sunak Conservative government,,,
https://www.gov.uk/guidance/apply-for-an-export-health-certificate,Apply for an export health certificate,detailed_guide,edb776b6-0f94-4de8-b114-faed7a7884aa,en,whitehall,2020-08-17T23:00:00.000Z,2023-11-07T09:46:20.000Z,,,838,"Food and farming,Keeping farmed animals,Exporting,Environment,Animal welfare,Business and industry,Trade and investment,Export controls and licensing,Wildlife, animals, biodiversity and ecosystems,GOV.UK homepage","Department for Environment, Food & Rural Affairs","Department for Environment, Food & Rural Affairs,Animal and Plant Health Agency",2019 to 2022 Johnson Conservative government,,,
https://www.gov.uk/guidance/certify-an-export-health-certificate,Certify an export health certificate,detailed_guide,c5dea015-1d1d-426e-80bc-98378b45a618,en,whitehall,2020-08-17T23:00:00.000Z,2023-11-07T09:46:34.000Z,,,821,"Food and farming,Trade and investment,Export controls and licensing,Environment,Keeping farmed animals,Exporting,GOV.UK homepage,Animal welfare,Business and industry,Wildlife, animals, biodiversity and ecosystems","Department for Environment, Food & Rural Affairs","Department for Environment, Food & Rural Affairs,Animal and Plant Health Agency",2019 to 2022 Johnson Conservative government,,,
https://www.gov.uk/guidance/funding-for-farmers,"Funding for farmers, growers and land managers",detailed_guide,3cdd5699-3044-479d-9a28-148e70bf6e41,en,whitehall,2022-03-09T00:00:00.000Z,2026-01-08T16:36:58.000Z,,,803,"GOV.UK homepage,Food and farming,Environment,Rural grants and payments,Farming and food grants and payments","Department for Environment, Food & Rural Affairs","Department for Environment, Food & Rural Affairs,Rural Payments Agency,Forestry Commission",2019 to 2022 Johnson Conservative government,,,
https://www.gov.uk/guidance/apply-for-a-county-parish-holding-cph-number,Apply for a county parish holding (CPH) number,detailed_guide,e1459ae8-3948-40b1-ac9c-01d0df01b75d,en,whitehall,2024-10-08T23:00:00.000Z,2026-01-16T16:50:28.000Z,,,743,"Deer farming,Cattle identification, registration and movements,GOV.UK homepage,Keeping farmed animals,Pig identification, registration and movements,Sheep and goats identification, registration and movements,Food and farming,Environment",Rural Payments Agency,Rural Payments Agency,2024 Starmer Labour government,,,
https://www.gov.uk/guidance/simpler-recycling-workplace-recycling-in-england,Simpler recycling: workplace recycling in England,detailed_guide,255721ee-f4a7-4302-9601-a9777b3d450b,en,whitehall,2024-11-29T00:00:00.000Z,2025-10-03T11:27:13.000Z,,,738,"Waste management,Waste and recycling,Environment,GOV.UK homepage","Department for Environment, Food & Rural Affairs","Department for Environment, Food & Rural Affairs",2024 Starmer Labour government,,,
https://www.gov.uk/guidance/register-as-a-keeper-of-less-than-50-poultry-or-other-captive-birds,Register as a keeper of less than 50 poultry or other captive birds,detailed_guide,e8f7e5e6-3015-4524-8c3b-d54618cec9f5,en,whitehall,2023-12-12T00:00:00.000Z,2025-08-19T09:00:00.000Z,,,725,"Environment,Keeping farmed animals,GOV.UK homepage,Food and farming,Poultry registration","Department for Environment, Food & Rural Affairs","Department for Environment, Food & Rural Affairs,Animal and Plant Health Agency",2022 to 2024 Sunak Conservative government,,,
https://www.gov.uk/guidance/biodiversity-net-gain-exempt-developments,Biodiversity net gain: exempt developments,detailed_guide,e5402279-7028-483b-bf64-f4037de8be66,en,whitehall,2023-11-29T00:00:00.000Z,2024-08-21T10:05:43.000Z,,,720,"Planning and building,Wildlife and habitat conservation,Wildlife, animals, biodiversity and ecosystems,Environment,Biodiversity and ecosystems,Housing, local and community,GOV.UK homepage","Department for Environment, Food & Rural Affairs","Department for Environment, Food & Rural Affairs",2022 to 2024 Sunak Conservative government,,,
https://www.gov.uk/guidance/general-binding-rules-small-sewage-discharge-to-the-ground,General binding rules: small sewage discharge to the ground,detailed_guide,2fe023dd-89f6-4bad-821d-7a0415636bee,en,whitehall,2015-06-15T23:00:00.000Z,2023-10-02T07:00:00.000Z,,,712,"Groundwater,GOV.UK homepage,Housing, local and community,Planning permission and appeals,Pollution and environmental quality,Water quality,Environmental permits,Environment,Planning and building,Water management",Environment Agency,Environment Agency,2015 to 2016 Cameron Conservative government,,,
https://www.gov.uk/guidance/contact-apha,Contact APHA,detailed_guide,09af5943-109c-4b43-91ff-0ba077ada8f2,en,whitehall,2022-05-03T23:00:00.000Z,2025-11-05T13:24:59.000Z,,,709,"Wildlife, animals, biodiversity and ecosystems,Environment,GOV.UK homepage,Animal and plant health",Animal and Plant Health Agency,Animal and Plant Health Agency,2019 to 2022 Johnson Conservative government,,,
https://www.gov.uk/guidance/discharges-to-surface-water-and-groundwater-environmental-permits,Discharges to surface water and groundwater: environmental permits,detailed_guide,26210ef7-8ff2-47d5-8dff-78ac87fb8897,en,whitehall,2016-02-01T00:00:00.000Z,2024-09-30T13:52:28.000Z,,,693,"Water management,Business and the environment,Waste and recycling,Water and sewerage services,Environmental permits,Groundwater,Waste management,Business and industry,GOV.UK homepage,Water quality,Environment",Environment Agency,"Environment Agency,Department for Environment, Food & Rural Affairs",2015 to 2016 Cameron Conservative government,,,
https://www.gov.uk/check-river-conditions-and-closures,Check river conditions and closures,guide,4254ac91-adab-445f-af54-0ff03b5826e7,en,publisher,2014-03-26T11:46:23.000Z,2015-02-06T12:30:11.000Z,,,681,"Rural and countryside,Boats and waterways,Environment,GOV.UK homepage",Government Digital Service,Environment Agency,,,,
https://www.gov.uk/guidance/flood-risk-activities-environmental-permits,Flood risk activities: environmental permits,detailed_guide,e17920ba-a536-4869-93a1-cb17b7b3dfbd,en,whitehall,2016-04-05T23:00:00.000Z,2025-03-11T11:29:54.000Z,,,671,"Business regulation,Regulation reform,Environmental permits,Environment,GOV.UK homepage,Business and industry,River maintenance, flooding and coastal erosion",Environment Agency,"Environment Agency,Department for Environment, Food & Rural Affairs",2015 to 2016 Cameron Conservative government,,,
https://www.gov.uk/get-your-dog-cat-microchipped,Get your dog or cat microchipped,answer,aaed8c9e-41e7-486f-bc2a-df12d0f2d570,en,publisher,2016-02-12T14:34:29.000Z,2016-05-12T13:10:00.278Z,,,668,"Wildlife, animals, biodiversity and ecosystems,Environment,Pets,GOV.UK homepage",Government Digital Service,"Department for Environment, Food & Rural Affairs",,,,
https://www.gov.uk/guidance/register-your-waste-exemptions,Register your waste exemptions,detailed_guide,0b283068-0362-4d63-a964-fb1c06940bb6,en,whitehall,2024-12-12T00:00:00.000Z,2026-01-27T09:30:02.000Z,,,605,"Waste exemptions,Waste management,Environmental permits,Waste and environmental impact,Environment,Waste and recycling,GOV.UK homepage",Environment Agency,Environment Agency,2024 Starmer Labour government,,,
https://www.gov.uk/guidance/apply-for-plant-export-certificates-and-inspections,Apply for plant export certificates and inspections,detailed_guide,262b967d-8ced-4f01-b707-8cf007d92f48,en,whitehall,2021-09-13T23:00:00.000Z,2024-10-15T13:28:35.000Z,,,593,"Business and industry,Wildlife, animals, biodiversity and ecosystems,Producing and distributing food,Food and farming,Exporting,Import, export and distribution of food,GOV.UK homepage,Environment,Trade and investment,Animal and plant health","Department for Environment, Food & Rural Affairs","Department for Environment, Food & Rural Affairs,Animal and Plant Health Agency",2019 to 2022 Johnson Conservative government,,,
https://www.gov.uk/guidance/check-if-you-need-an-environmental-permit,Check if you need an environmental permit,detailed_guide,862c3f77-a427-4877-92b5-939dfde00d98,en,whitehall,2016-02-01T00:00:00.000Z,2025-03-25T09:45:00.000Z,,,580,"Environmental permits,GOV.UK homepage,Environment,River maintenance, flooding and coastal erosion,Business and industry,Waste exemptions,Business and the environment",Environment Agency,"Environment Agency,Department for Environment, Food & Rural Affairs",2015 to 2016 Cameron Conservative government,,,
https://www.gov.uk/guidance/understanding-biodiversity-net-gain,Understanding biodiversity net gain,detailed_guide,4d78a85d-26b9-4986-984c-f961e53cb289,en,whitehall,2023-02-21T00:00:00.000Z,2025-06-26T13:21:51.000Z,,,562,"Environment,Wildlife, animals, biodiversity and ecosystems,GOV.UK homepage,Biodiversity and ecosystems,Housing, local and community,Planning and building,Wildlife and habitat conservation","Department for Environment, Food & Rural Affairs","Department for Environment, Food & Rural Affairs",2022 to 2024 Sunak Conservative government,,,
https://www.gov.uk/guidance/farmers-how-to-apply-for-funding-to-improve-animal-health-and-welfare,Apply for funding to improve animal health and welfare,detailed_guide,d1e190df-6c99-401f-8e48-8ff05251b6c5,en,whitehall,2024-06-18T23:00:00.000Z,2025-09-25T09:30:02.000Z,,,544,"Food and farming,Environment,Farming and food grants and payments,GOV.UK homepage","Department for Environment, Food & Rural Affairs","Department for Environment, Food & Rural Affairs,Rural Payments Agency",2022 to 2024 Sunak Conservative government,,,
https://www.gov.uk/green-deal,Green Deal,answer,af3f9968-8990-4185-aae5-86f4ada87984,en,publisher,2012-09-27T16:17:40.000Z,2014-12-07T00:01:11.000Z,,,543,"GOV.UK homepage,Waste and environmental impact,Housing, local and community,Household energy,Waste and recycling,Environment,Safety and the environment in your community,Housing and communities",Government Digital Service,"Department for Business, Energy & Industrial Strategy,Department for Energy Security and Net Zero",,,,
https://www.gov.uk/guidance/uk-sustainability-reporting-standards,UK Sustainability Reporting Standards,detailed_guide,93922dd6-0de0-450b-88d0-8cc98ce0e9d0,en,whitehall,2024-09-18T23:00:00.000Z,2026-01-08T09:30:01.000Z,,,535,"Environment,Business and the environment,Corporate governance,Business and industry,Trade and investment,GOV.UK homepage",Department for Business and Trade,Department for Business and Trade,2024 Starmer Labour government,,,
https://www.gov.uk/guidance/sign-in-to-your-boiler-upgrade-scheme-installer-account,Sign in to your Boiler Upgrade Scheme installer account,detailed_guide,31949c2d-7a9d-4d1e-84d4-ca1394620b66,en,whitehall,2022-11-28T12:00:00.000Z,2022-11-28T12:00:00.000Z,,,520,"Housing, local and community,Environment,Household energy,GOV.UK homepage,Low carbon technologies,Energy infrastructure",Department for Energy Security and Net Zero,"Department for Energy Security and Net Zero,Ofgem,Department for Business, Energy & Industrial Strategy",2022 to 2024 Sunak Conservative government,,,
https://www.gov.uk/dispose-business-commercial-waste,Dispose of business or commercial waste,guide,686bc511-7362-433a-bb28-a1ec1c94df53,en,publisher,2012-10-01T16:55:27.000Z,2025-02-05T10:27:02.051Z,,,508,"Waste and environmental impact,Waste and recycling,Environment,Waste management,GOV.UK homepage",Government Digital Service,Environment Agency,,,,
https://www.gov.uk/guidance/flood-risk-assessment-flood-zones-1-2-3-and-3b,"Flood risk assessment: Flood Zones 1, 2, 3 and 3b",detailed_guide,f2365446-e479-4af2-bb65-a85b7c4dbfc8,en,whitehall,2024-05-23T23:00:00.000Z,2025-10-22T13:57:35.000Z,,,502,"GOV.UK homepage,River maintenance, flooding and coastal erosion,Environment",Environment Agency,Environment Agency,2022 to 2024 Sunak Conservative government,,,
https://www.gov.uk/guidance/waste-environmental-permits,Waste: environmental permits,detailed_guide,b964c5c5-9b85-48ca-9021-b805fee07eed,en,whitehall,2016-02-01T00:00:00.000Z,2026-02-12T10:00:09.000Z,,,487,"Waste exemptions,Waste and recycling,GOV.UK homepage,Waste and environmental impact,Business and the environment,Environmental permits,Waste management,Business and industry,Environment",Environment Agency,"Environment Agency,Department for Environment, Food & Rural Affairs",2015 to 2016 Cameron Conservative government,,,
https://www.gov.uk/control-dog-public/banned-dogs,Controlling your dog in public: Banned dogs,guide,a20969c3-c749-4e2f-a94d-056c250cb79b,en,publisher,2012-01-23T16:38:28.000Z,2014-11-19T15:22:48.000Z,,,485,"Environment,Safety and the environment in your community,Wildlife, animals, biodiversity and ecosystems,Housing and communities,GOV.UK homepage,Housing, local and community,Pets",Government Digital Service,"Department for Environment, Food & Rural Affairs",,,,
https://www.gov.uk/guidance/ban-on-xl-bully-dogs,Ban on XL Bully dogs,detailed_guide,069c7c8c-7275-4350-bb98-6e85e435faf5,en,whitehall,2024-02-01T00:00:00.000Z,2025-06-30T23:01:03.000Z,,,480,"Animal welfare,Environment,Wildlife, animals, biodiversity and ecosystems,GOV.UK homepage","Department for Environment, Food & Rural Affairs","Department for Environment, Food & Rural Affairs",2022 to 2024 Sunak Conservative government,,,
https://www.gov.uk/guidance/how-to-collect-your-packaging-data-for-extended-producer-responsibility,Packaging data: what to collect for extended producer responsibility,detailed_guide,aff33cff-c7bb-4870-864f-f5118daccdc4,en,whitehall,2022-11-24T00:00:00.000Z,2026-02-17T09:51:08.000Z,,,479,"Business and industry,Waste management,Business and the environment,Waste and recycling,Environment,GOV.UK homepage","Department for Environment, Food & Rural Affairs","Department for Environment, Food & Rural Affairs,Environment Agency",2022 to 2024 Sunak Conservative government,,,
https://www.gov.uk/freshwater-rod-fishing-rules,Freshwater rod fishing rules,guide,ecd2ec9e-32ef-4b6f-92ba-caa44fe1cc74,en,publisher,2014-04-07T13:07:01.000Z,2015-03-25T16:03:05.000Z,,,479,"Fishing regulations, monitoring and enforcement,GOV.UK homepage,Freshwater fisheries,Fishing quota and catch limits ,Environment,Fishing, fisheries and fishing vessels",Government Digital Service,Environment Agency,,,,
https://www.gov.uk/guidance/classify-different-types-of-waste-your-legal-responsibilities,Classify different types of waste: your legal responsibilities,detailed_guide,281353a6-d32d-4fcd-8278-04856d21533a,en,whitehall,2014-03-21T00:00:00.000Z,2014-03-21T00:00:00.000Z,,,476,"Environment,Waste management,Business and industry,GOV.UK homepage,Business and the environment,Waste and recycling,Waste and environmental impact",Environment Agency,"Environment Agency,Department for Environment, Food & Rural Affairs",2010 to 2015 Conservative and Liberal Democrat coalition government,,,
https://www.gov.uk/guidance/energy-savings-opportunity-scheme-esos,Energy Savings Opportunity Scheme (ESOS),detailed_guide,5f6367a1-7631-11e4-a3cb-005056011aef,en,whitehall,2014-06-25T23:00:00.000Z,2026-02-16T15:52:51.000Z,,,465,"Climate change and energy,GOV.UK homepage,Energy efficiency,Environment",Department for Energy Security and Net Zero,"Department for Energy Security and Net Zero,Environment Agency,Department for Business, Energy & Industrial Strategy",2010 to 2015 Conservative and Liberal Democrat coalition government,,,
https://www.gov.uk/guidance/flood-risk-assessments-climate-change-allowances,Flood risk assessments: climate change allowances,detailed_guide,eafe8254-6b58-4762-91a7-5ef22a09bfa8,en,whitehall,2016-02-19T09:00:00.000Z,2022-05-27T13:17:34.000Z,,,460,"Climate change and energy,GOV.UK homepage,Housing, local and community,River maintenance, flooding and coastal erosion,Climate change adaptation,Environment,Environmental planning,Planning and building",Environment Agency,Environment Agency,2015 to 2016 Cameron Conservative government,,,
https://www.gov.uk/guidance/regulations-waste-electrical-and-electronic-equipment,Regulations: Waste Electrical and Electronic Equipment (WEEE),detailed_guide,ae524847-678e-4b00-805b-0648a90acbdf,en,whitehall,2018-01-08T00:00:00.000Z,2025-08-12T10:48:58.000Z,,,457,"Manufacturing,Waste and recycling,Business regulation,Business and industry,Environment,GOV.UK homepage",Office for Product Safety and Standards,"Office for Product Safety and Standards,Department for Environment, Food & Rural Affairs",2016 to 2019 May Conservative government,,,
https://www.gov.uk/guidance/avian-influenza-bird-flu-cases-and-disease-control-zones-in-england,Bird flu: rules in disease control zones in England,detailed_guide,af8eee5a-632a-4b8e-bb59-8fc5204892bc,en,whitehall,2021-11-04T00:00:00.000Z,2025-11-06T14:54:21.000Z,,,447,"Keeping farmed animals,Environment,Food and farming,Reporting disease and disease outbreaks,GOV.UK homepage,Animal and plant health,Wildlife, animals, biodiversity and ecosystems","Department for Environment, Food & Rural Affairs","Department for Environment, Food & Rural Affairs,Animal and Plant Health Agency",2019 to 2022 Johnson Conservative government,,,
https://www.gov.uk/help-during-flood,What to do before or during a flood,answer,e8c12caa-6a0e-4b09-8405-9a75e4f36002,en,publisher,2016-09-05T15:43:09.145Z,2016-09-05T23:01:23.377Z,,,440,"Environment,GOV.UK homepage,River maintenance, flooding and coastal erosion",Government Digital Service,Environment Agency,,,,
https://www.gov.uk/guidance/using-coal-mining-information,Free of charge coal mining information,detailed_guide,5ff1a6b3-7631-11e4-a3cb-005056011aef,en,whitehall,2014-10-08T23:00:00.000Z,2025-11-13T13:56:10.000Z,,,428,"Planning and building,Housing, local and community,Energy infrastructure,Mining reports and data,GOV.UK homepage,Environment,Oil, gas and coal,Coal",Coal Authority,"Coal Authority,Mining Remediation Authority",2010 to 2015 Conservative and Liberal Democrat coalition government,,,
https://www.gov.uk/guidance/flood-risk-assessment-for-planning-applications,Flood risk assessments: applying for planning permission,detailed_guide,259dbaac-f9a6-4526-ac0d-42914e6fdd35,en,whitehall,2014-03-26T00:00:00.000Z,2025-10-22T13:57:25.000Z,,,421,"River maintenance, flooding and coastal erosion,GOV.UK homepage,Environment",Environment Agency,Environment Agency,2010 to 2015 Conservative and Liberal Democrat coalition government,,,
https://www.gov.uk/guidance/apply-for-a-forestry-apprenticeship,Forestry apprenticeships at Forestry Commission,detailed_guide,85924df8-59a8-4078-83a5-731e2f41ff21,en,whitehall,2022-03-07T00:00:00.000Z,2026-02-02T08:46:03.000Z,,,413,"Further and higher education, skills and vocational training,GOV.UK homepage,Becoming an apprentice,Apprenticeships, traineeships and internships,Environment,Forests and woodland,Education, training and skills,Rural and countryside",Forestry Commission,Forestry Commission,2019 to 2022 Johnson Conservative government,,,
https://www.gov.uk/dispose-hazardous-waste,Hazardous waste,guide,5ede6386-9f7b-47f7-9510-36c05fac6d48,en,publisher,2012-10-09T19:49:52.000Z,2025-01-29T15:13:22.231Z,,,403,"Waste and recycling,Waste and environmental impact,Environment,Radioactive and nuclear substances and waste,GOV.UK homepage",Government Digital Service,Environment Agency,,,,
https://www.gov.uk/guidance/national-rod-fishing-byelaws-for-england-freshwater-fishing-with-a-rod-and-line,National rod fishing byelaws for England: freshwater fishing with a rod and line,detailed_guide,488c8312-1ce1-4684-a0d3-5afee3347eb6,en,whitehall,2019-06-06T23:00:00.000Z,2023-12-12T12:20:05.000Z,,,399,"Sports and leisure,Environment,Freshwater fisheries,Fishing, fisheries and fishing vessels,Society and culture,GOV.UK homepage,Wildlife, animals, biodiversity and ecosystems",Environment Agency,Environment Agency,2016 to 2019 May Conservative government,,,
https://www.gov.uk/guidance/get-an-export-health-certificate,Get an export health certificate,detailed_guide,dd537bcd-f9ce-4a63-9c39-c3a0450a5ef9,en,whitehall,2019-04-16T23:00:00.000Z,2024-12-05T17:13:19.000Z,,,396,"Business and industry,Wildlife, animals, biodiversity and ecosystems,GOV.UK homepage,Animal welfare,Trade and investment,Exporting,Environment,Export controls and licensing,Food and farming,Keeping farmed animals","Department for Environment, Food & Rural Affairs","Department for Environment, Food & Rural Affairs,Animal and Plant Health Agency,Department of Agriculture, Environment and Rural Affairs (Northern Ireland)",2016 to 2019 May Conservative government,,,
https://www.gov.uk/prepare-for-flooding,Prepare for flooding,guide,858c9f13-e551-401f-884c-60c26ac65222,en,publisher,2016-09-05T15:43:39.727Z,2016-11-10T15:26:35.587Z,,,393,"River maintenance, flooding and coastal erosion,GOV.UK homepage,Environment",Government Digital Service,Environment Agency,,,,
https://www.gov.uk/guidance/create-a-uk-catch-certificate,Create a UK catch certificate,detailed_guide,0a6e45ef-c859-4723-8070-2fba20f275a3,en,whitehall,2019-02-28T00:00:00.000Z,2025-07-02T11:31:12.000Z,,,376,"Environment,Fishing, fisheries and fishing vessels,GOV.UK homepage,Marine fisheries",Marine Management Organisation,Marine Management Organisation,2016 to 2019 May Conservative government,,,
https://www.gov.uk/guidance/sustainability-leadership-and-climate-action-plans-in-education,Sustainability leadership and climate action plans in education,detailed_guide,b7041601-62b5-4851-8514-bdde5ca29486,en,whitehall,2023-05-17T23:00:00.000Z,2025-10-30T14:42:43.000Z,,,370,"Climate change adaptation,Environment,GOV.UK homepage,Climate change and energy,Education, training and skills",Department for Education,Department for Education,2022 to 2024 Sunak Conservative government,,,
https://www.gov.uk/guidance/bird-flu-avian-influenza-how-to-prevent-it-and-stop-it-spreading,Bird flu (avian influenza): how to prevent it and stop it spreading,detailed_guide,e85d41e5-94f8-4a57-98e4-b523a7eb17ea,en,whitehall,2022-11-04T00:00:00.000Z,2025-01-31T14:32:59.000Z,,,369,"GOV.UK homepage,Wildlife, animals, biodiversity and ecosystems,Environment,Animal and plant health,Food and farming","Department for Environment, Food & Rural Affairs","Department for Environment, Food & Rural Affairs,Animal and Plant Health Agency",2022 to 2024 Sunak Conservative government,,,
https://www.gov.uk/guidance/general-binding-rules-small-sewage-discharge-to-a-surface-water,General binding rules: small sewage discharge to a surface water,detailed_guide,f784ffef-f369-45ee-a4b3-94a9e5761cb4,en,whitehall,2015-06-15T23:00:00.000Z,2023-10-02T07:00:00.000Z,,,365,"Planning permission and appeals,Environmental permits,Water quality,Housing, local and community,Planning and building,Water management,GOV.UK homepage,Pollution and environmental quality,Environment",Environment Agency,Environment Agency,2015 to 2016 Cameron Conservative government,,,
https://www.gov.uk/guidance/get-advice-before-you-apply-for-an-environmental-permit,Get advice before you apply for an environmental permit,detailed_guide,a72ede17-797b-4e85-80a1-217ae8d0a7fc,en,whitehall,2021-08-10T23:00:00.000Z,2025-09-30T08:00:05.000Z,,,353,"GOV.UK homepage,Environment,Environmental permits",Environment Agency,Environment Agency,2019 to 2022 Johnson Conservative government,,,
https://www.gov.uk/guidance/how-to-contact-us,How to contact us,detailed_guide,81bb6bcd-e56f-4f77-88af-63eab8acca61,en,whitehall,2006-01-01T00:00:00.000Z,2024-05-22T08:01:45.000Z,,,348,"Radioactive and nuclear substances and waste,Environment,Waste and recycling,GOV.UK homepage",Committee on Radioactive Waste Management,Committee on Radioactive Waste Management,1997 to 2007 Blair Labour government,,,
https://www.gov.uk/guidance/avian-influenza-bird-flu,Bird flu (avian influenza): how to spot and report it in poultry or other captive birds,detailed_guide,5f664bc2-7631-11e4-a3cb-005056011aef,en,whitehall,2014-08-25T23:00:00.000Z,2022-12-13T07:45:19.000Z,,,346,"Wildlife, animals, biodiversity and ecosystems,Environment,GOV.UK homepage,Food and farming,Animal and plant health","Department for Environment, Food & Rural Affairs","Department for Environment, Food & Rural Affairs,Animal and Plant Health Agency",2010 to 2015 Conservative and Liberal Democrat coalition government,,,
https://www.gov.uk/permits-you-need-for-septic-tanks,Septic tanks and sewage treatment plants: what you need to do,guide,b3b364b2-b24a-403b-9c83-4c3ddf8a546a,en,publisher,2014-03-19T14:54:35.000Z,2025-01-29T16:23:30.876Z,,,346,"Groundwater,Competition Act and cartels,Waste management,Competition,Discharge water,Business regulation,Business and industry,Water management,Waste and recycling,Environmental permits,Environment,GOV.UK homepage",Government Digital Service,Environment Agency,,,,
https://www.gov.uk/guidance/the-thames-barrier,The Thames Barrier,detailed_guide,5f520055-7631-11e4-a3cb-005056011aef,en,whitehall,2014-04-24T23:00:00.000Z,2025-11-18T15:54:36.000Z,,,344,"River maintenance, flooding and coastal erosion,GOV.UK homepage,Environment",Environment Agency,Environment Agency,2010 to 2015 Conservative and Liberal Democrat coalition government,,,
https://www.gov.uk/guidance/owning-a-watercourse,Owning a watercourse,detailed_guide,f1c911b4-4eb7-4e5c-a368-3e69882e6108,en,whitehall,2018-02-15T00:00:00.000Z,2026-02-12T10:00:06.000Z,,,342,"Environment,GOV.UK homepage",Environment Agency,Environment Agency,2016 to 2019 May Conservative government,,,
https://www.gov.uk/guidance/cites-imports-and-exports,Check if you need a CITES permit to import or export endangered species,detailed_guide,601a4efd-7631-11e4-a3cb-005056011aef,en,whitehall,2013-01-01T00:00:00.000Z,2025-03-14T16:33:13.000Z,,,333,"Environment,Wildlife, animals, biodiversity and ecosystems,Biodiversity and ecosystems,Wildlife and habitat conservation,Protected sites and species,GOV.UK homepage",Animal and Plant Health Agency,"Animal and Plant Health Agency,Department for Environment, Food & Rural Affairs",2010 to 2015 Conservative and Liberal Democrat coalition government,,,
https://www.gov.uk/guidance/u1-waste-exemption-use-of-waste-in-construction,U1: using waste in construction,detailed_guide,4f204969-e72a-4f42-b7a7-df8fb30eba50,en,whitehall,2019-09-11T23:00:00.000Z,2026-01-27T09:30:02.000Z,,,323,"Environmental permits,Waste and recycling,Waste exemptions,Environment,GOV.UK homepage",Environment Agency,Environment Agency,2019 to 2022 Johnson Conservative government,,,
https://www.gov.uk/guidance/apply-for-a-cites-permit,Apply for a CITES permit,detailed_guide,3c1536de-d605-4e08-81b2-168409d28881,en,whitehall,2024-10-07T23:00:00.000Z,2024-10-07T23:00:00.000Z,,,320,"Wildlife and habitat conservation,Protected sites and species,GOV.UK homepage,Wildlife, animals, biodiversity and ecosystems,Environment,Biodiversity and ecosystems",Animal and Plant Health Agency,"Animal and Plant Health Agency,Department for Environment, Food & Rural Affairs",2024 Starmer Labour government,,,
https://www.gov.uk/guidance/statutory-nuisances-how-councils-deal-with-complaints,Statutory nuisances: how councils deal with complaints,detailed_guide,130b6ea1-52ac-4945-9b0c-3274cf050b5f,en,whitehall,2015-04-07T12:37:00.000Z,2015-04-07T12:37:00.000Z,,,313,"Environment,GOV.UK homepage,Environmental permits","Department for Environment, Food & Rural Affairs","Department for Environment, Food & Rural Affairs",2010 to 2015 Conservative and Liberal Democrat coalition government,,,
https://www.gov.uk/guidance/apply-for-an-environmental-permit,Apply for an environmental permit,detailed_guide,c133bc0c-b489-4f49-917c-ccb6316c0a1e,en,whitehall,2026-02-12T10:00:00.000Z,2026-02-12T10:00:00.000Z,,,311,"Business and the environment,Waste and recycling,Pollution and environmental quality,Business regulation,Business and industry,Manufacturing,Environment,Chemicals,Water quality,Waste management,Environmental permits,GOV.UK homepage,Water management",Environment Agency,"Environment Agency,Department for Environment, Food & Rural Affairs",2024 Starmer Labour government,,,
https://www.gov.uk/guidance/importing-and-exporting-waste,Waste: export and import,detailed_guide,5c719f24-7631-11e4-a3cb-005056011aef,en,whitehall,2014-03-13T00:00:00.000Z,2025-09-30T23:00:05.000Z,,,306,"Environment,GOV.UK homepage,Business and industry,Waste and recycling,Exporting,Import controls,Export controls and licensing,Importing,Trade and investment,Waste management",Environment Agency,Environment Agency,2010 to 2015 Conservative and Liberal Democrat coalition government,,,
https://www.gov.uk/guidance/delinked-payments-replacing-the-basic-payment-scheme,Delinked payments: replacing the Basic Payment Scheme,detailed_guide,50cf91c5-8653-4cf3-b15b-f90092d1809a,en,whitehall,2022-02-08T00:00:00.000Z,2025-12-10T08:04:38.000Z,,,300,"Environment,Food and farming,Rural grants and payments,Basic Payment Scheme (BPS),GOV.UK homepage,Farming and food grants and payments",Rural Payments Agency,"Rural Payments Agency,Department for Environment, Food & Rural Affairs",2019 to 2022 Johnson Conservative government,,,
https://www.gov.uk/guidance/food-labelling-giving-food-information-to-consumers,Food labelling: giving food information to consumers,detailed_guide,266d46b9-4f98-4151-83c2-03512bf6cc48,en,whitehall,2015-04-27T09:16:00.000Z,2022-09-20T12:14:27.000Z,,,298,"GOV.UK homepage,Consumer rights and issues,Food labelling and safety,Business and industry,Business regulation,Producing and distributing food,Food and farming,Environment","Department for Environment, Food & Rural Affairs","Department for Environment, Food & Rural Affairs,Food Standards Agency",2010 to 2015 Conservative and Liberal Democrat coalition government,,,
https://www.gov.uk/guidance/animal-by-product-categories-site-approval-hygiene-and-disposal,"Animal by-product categories, site approval, hygiene and disposal",detailed_guide,5fa4ddc0-7631-11e4-a3cb-005056011aef,en,whitehall,2014-09-03T23:00:00.000Z,2026-01-07T15:20:50.000Z,,,297,"Food and farming,Environment,GOV.UK homepage","Department for Environment, Food & Rural Affairs","Department for Environment, Food & Rural Affairs,Animal and Plant Health Agency",2010 to 2015 Conservative and Liberal Democrat coalition government,,,
https://www.gov.uk/check-animal-medicine-licensed,Check if an animal medicine is licensed,transaction,145eb8ef-a59f-4a16-96c0-6834f1031867,en,publisher,2014-09-16T17:09:25.000Z,2014-11-19T12:47:10.000Z,,,288,"Pets,Business licensing ,Environment,Wildlife, animals, biodiversity and ecosystems,Business and industry,Running a business,GOV.UK homepage",Government Digital Service,Veterinary Medicines Directorate,,,,
https://www.gov.uk/check-your-business-protected-area,Find protected areas of countryside,answer,caede71e-a6ae-4268-841b-33d9a9421ddc,en,publisher,2012-10-16T10:53:14.000Z,2014-11-19T15:50:06.000Z,,,281,"GOV.UK homepage,Wildlife, animals, biodiversity and ecosystems,Environment,Countryside,Wildlife and habitat conservation,Rural and countryside",Government Digital Service,"Environment Agency,Natural England",,,,
https://www.gov.uk/guidance/protected-areas-sites-of-special-scientific-interest,Sites of special scientific interest: managing your land,detailed_guide,5dc756e1-7631-11e4-a3cb-005056011aef,en,whitehall,2013-04-23T23:00:00.000Z,2024-04-15T14:34:38.000Z,,,274,"Protected sites,Wildlife, animals, biodiversity and ecosystems,GOV.UK homepage,Rural and countryside,Environment,Protected sites and species,Rural development and land management,Land sites",Natural England,Natural England,2010 to 2015 Conservative and Liberal Democrat coalition government,,,
https://www.gov.uk/guidance/animal-welfare,Animal welfare,detailed_guide,5dc757b7-7631-11e4-a3cb-005056011aef,en,whitehall,2013-04-08T23:00:00.000Z,2024-05-23T16:00:00.000Z,,,262,"Environment,Food and farming,GOV.UK homepage,Keeping farmed animals","Department for Environment, Food & Rural Affairs","Department for Environment, Food & Rural Affairs,Animal and Plant Health Agency",2010 to 2015 Conservative and Liberal Democrat coalition government,,,
https://www.gov.uk/guidance/s2-waste-exemption-storing-waste-in-a-secure-place,S2: storing waste at a secure site,detailed_guide,95ef350d-16cd-48ce-9eb6-2b8eccb90f38,en,whitehall,2019-09-11T23:00:00.000Z,2025-07-01T08:30:00.000Z,,,262,"Environmental permits,Environment,Waste and recycling,GOV.UK homepage,Waste exemptions",Environment Agency,Environment Agency,2019 to 2022 Johnson Conservative government,,,
https://www.gov.uk/guidance/abandoned-vehicles-council-responsibilities,Abandoned vehicles: local authority responsibilities,detailed_guide,602b2e27-7631-11e4-a3cb-005056011aef,en,whitehall,2015-03-26T00:00:00.000Z,2023-12-18T14:31:02.000Z,,,259,"GOV.UK homepage,Local government,Environment,Regional and local government","Department for Environment, Food & Rural Affairs","Department for Environment, Food & Rural Affairs",2010 to 2015 Conservative and Liberal Democrat coalition government,,,
https://www.gov.uk/guidance/hazardous-waste-returns-supplementary-guidance,Hazardous waste: consignee returns guidance (England),detailed_guide,5f426665-7631-11e4-a3cb-005056011aef,en,whitehall,2014-04-03T23:00:00.000Z,2026-01-30T12:14:00.000Z,,,257,"Waste and recycling,Business and industry,GOV.UK homepage,Waste management,Business and the environment,Environment",Environment Agency,Environment Agency,2010 to 2015 Conservative and Liberal Democrat coalition government,,,
https://www.gov.uk/guidance/biodiversity-metric-calculate-the-biodiversity-net-gain-of-a-project-or-development,Calculate biodiversity value with the statutory biodiversity metric,detailed_guide,7c802ef0-b587-459a-bc8a-5d548e2ba0a4,en,whitehall,2021-07-06T23:00:00.000Z,2025-06-26T13:16:03.000Z,,,257,"Biodiversity and ecosystems,Wildlife, animals, biodiversity and ecosystems,GOV.UK homepage,Wildlife and habitat conservation,Environment,Housing, local and community,Planning and building","Department for Environment, Food & Rural Affairs","Department for Environment, Food & Rural Affairs",2019 to 2022 Johnson Conservative government,,,
https://www.gov.uk/guidance/public-rights-of-way-landowner-responsibilities,Public rights of way: landowner responsibilities,detailed_guide,5fd977a1-7631-11e4-a3cb-005056011aef,en,whitehall,2014-09-10T23:00:00.000Z,2024-01-04T14:31:09.000Z,,,253,"Environment,Access to the countryside,Countryside,Rural and countryside,GOV.UK homepage",Natural England,Natural England,2010 to 2015 Conservative and Liberal Democrat coalition government,,,
https://www.gov.uk/guidance/apply-for-a-certificate-of-free-sale-for-export,Apply for a certificate of free sale for export,detailed_guide,40a8b709-9865-4400-b929-121500c4633a,en,whitehall,2025-08-03T23:00:00.000Z,2025-09-19T12:33:16.000Z,,,252,"Business and the environment,Business and industry,GOV.UK homepage,Food and farming,Environment",Rural Payments Agency,Rural Payments Agency,2024 Starmer Labour government,,,
https://www.gov.uk/guidance/oil-and-gas-decommissioning-of-offshore-installations-and-pipelines,Oil & Gas: decommissioning of offshore installations & pipelines,detailed_guide,5d299977-7631-11e4-a3cb-005056011aef,en,whitehall,2013-01-23T00:00:00.000Z,2026-02-18T12:00:53.000Z,,,252,"Environment,Infrastructure and decommissioning,Climate change and energy,Oil, gas and coal,Energy infrastructure,GOV.UK homepage",Offshore Petroleum Regulator for Environment and Decommissioning,Offshore Petroleum Regulator for Environment and Decommissioning,2010 to 2015 Conservative and Liberal Democrat coalition government,,,
https://www.gov.uk/check-coastal-erosion-management-in-your-area,Check coastal erosion risk for an area in England,transaction,e12091bb-322f-45c9-a541-5cc91d7d9d89,en,publisher,2014-03-12T10:30:41.000Z,2025-01-28T11:00:01.413Z,,,250,"GOV.UK homepage,River maintenance, flooding and coastal erosion,Environment",Government Digital Service,Environment Agency,,,,
https://www.gov.uk/guidance/search-the-biodiversity-gain-sites-register,Search the biodiversity gain sites register,detailed_guide,11d9fafc-d8ab-4397-8f9c-161676072670,en,whitehall,2024-02-12T00:00:00.000Z,2024-03-18T11:43:21.000Z,,,248,"Planning and building,Wildlife, animals, biodiversity and ecosystems,Biodiversity and ecosystems,Housing, local and community,Environment,Wildlife and habitat conservation,GOV.UK homepage","Department for Environment, Food & Rural Affairs","Department for Environment, Food & Rural Affairs",2022 to 2024 Sunak Conservative government,,,
https://www.gov.uk/guidance/groundwater-source-protection-zones-spzs,Groundwater source protection zones (SPZs),detailed_guide,8cb97565-0686-4e4f-8d83-b7c7d9c65e51,en,whitehall,2019-07-31T23:00:00.000Z,2024-08-01T14:49:36.000Z,,,246,"GOV.UK homepage,Pollution and environmental quality,Water management,Groundwater,Environment,Water quality",Environment Agency,Environment Agency,2019 to 2022 Johnson Conservative government,,,
https://www.gov.uk/guidance/use-the-land-information-search,Use the Forestry Commission map browser and Land Information Search,detailed_guide,2b07f73d-9287-4b9e-94a3-b11d6cdce156,en,whitehall,2018-07-05T23:00:00.000Z,2023-07-25T13:22:12.000Z,,,240,"Forests and woodland,GOV.UK homepage,Environment,Rural and countryside",Forestry Commission,Forestry Commission,2016 to 2019 May Conservative government,,,
https://www.gov.uk/guidance/groundwater-flooding,Groundwater flooding,detailed_guide,1e038c86-52df-4dcb-a4eb-14e03e6a7d40,en,whitehall,2011-08-01T00:00:00.000Z,2023-09-20T09:48:22.000Z,,,239,"Government,River maintenance, flooding and coastal erosion,Emergency preparation, response and recovery,GOV.UK homepage,Water management,Groundwater,Environment",Environment Agency,Environment Agency,2010 to 2015 Conservative and Liberal Democrat coalition government,,,
https://www.gov.uk/guidance/countryside-hedgerows-regulation-and-management,Countryside hedgerow protection: removing hedgerows,detailed_guide,5fe55296-7631-11e4-a3cb-005056011aef,en,whitehall,2014-09-10T23:00:00.000Z,2024-05-23T13:53:36.000Z,,,238,"Rural and countryside,Food and farming,Rural development and land management,Hedgerows,Environment,GOV.UK homepage",Natural England,"Natural England,Department for Environment, Food & Rural Affairs",2010 to 2015 Conservative and Liberal Democrat coalition government,,,
https://www.gov.uk/guidance/farmers-how-to-claim-funding-to-improve-animal-health-and-welfare,Claim funding to improve animal health and welfare,detailed_guide,31f1913d-78fa-4d66-ad04-da2e9ce808f4,en,whitehall,2024-06-18T23:00:00.000Z,2025-09-25T09:30:02.000Z,,,237,"GOV.UK homepage,Food and farming,Environment,Farming and food grants and payments","Department for Environment, Food & Rural Affairs","Department for Environment, Food & Rural Affairs,Rural Payments Agency",2022 to 2024 Sunak Conservative government,,,
https://www.gov.uk/report-flood-cause,Report a flood or possible cause of flooding ,answer,11625c14-ba82-48e6-ab36-026592a952f5,en,publisher,2016-09-05T15:43:28.775Z,2025-01-30T13:56:20.604Z,,,233,"River maintenance, flooding and coastal erosion,Environment,GOV.UK homepage",Government Digital Service,Environment Agency,,,,
https://www.gov.uk/guidance/transporting-animals-in-great-britain,Transporting animals in Great Britain,detailed_guide,4416cfe6-f060-45ae-bd47-dd4403b14464,en,whitehall,2024-05-22T23:00:00.000Z,2025-12-19T14:47:08.000Z,,,228,"Environment,Wildlife, animals, biodiversity and ecosystems,Animal welfare,GOV.UK homepage","Department for Environment, Food & Rural Affairs","Department for Environment, Food & Rural Affairs,Animal and Plant Health Agency",2022 to 2024 Sunak Conservative government,,,
https://www.gov.uk/guidance/flood-risk-assessment-standing-advice,Preparing a flood risk assessment: standing advice,detailed_guide,602b429a-7631-11e4-a3cb-005056011aef,en,whitehall,2012-03-31T23:00:00.000Z,2025-10-22T13:57:41.000Z,,,228,"GOV.UK homepage,River maintenance, flooding and coastal erosion,Environment",Environment Agency,Environment Agency,2010 to 2015 Conservative and Liberal Democrat coalition government,,,
https://www.gov.uk/guidance/waste-exemption-t28-sort-and-denature-controlled-drugs-for-disposal,T28: sorting and denaturing controlled drugs for disposal,detailed_guide,5f4d32aa-7631-11e4-a3cb-005056011aef,en,whitehall,2014-04-27T23:00:00.000Z,2026-02-03T09:30:09.000Z,,,227,"Environmental permits,Environment,GOV.UK homepage,Waste exemptions,Waste and recycling",Environment Agency,Environment Agency,2010 to 2015 Conservative and Liberal Democrat coalition government,,,
https://www.gov.uk/guidance/non-domestic-private-rented-property-minimum-energy-efficiency-standard-landlord-guidance,Non-domestic private rented property: minimum energy efficiency standard - landlord guidance,detailed_guide,b49ec54d-9fce-4adb-854e-edf1b5b39cf5,en,whitehall,2019-08-12T23:00:00.000Z,2025-08-20T08:11:51.000Z,,,225,"Climate change and energy,Energy demand reduction,GOV.UK homepage,Energy efficiency,Environment,Business and the environment,Business and industry",Department for Energy Security and Net Zero,Department for Energy Security and Net Zero,2019 to 2022 Johnson Conservative government,,,
https://www.gov.uk/guidance/prevent-japanese-knotweed-from-spreading,How to stop Japanese knotweed from spreading,detailed_guide,2c7f020c-aeb6-4ab9-91da-a3c2e27fb39c,en,whitehall,2016-03-29T23:00:00.000Z,2026-02-12T10:00:06.000Z,,,219,"Environment,Wildlife, animals, biodiversity and ecosystems,GOV.UK homepage,Plants,Weeds and invasive, non-native plants,Rural and countryside,Rural development and land management,Wildlife and habitat conservation",Environment Agency,"Environment Agency,Department for Environment, Food & Rural Affairs,Natural England",2015 to 2016 Cameron Conservative government,,,
https://www.gov.uk/guidance/dealing-in-items-containing-ivory-or-made-of-ivory,Deal in items made of or containing ivory,detailed_guide,83fed471-9a68-4806-9d62-9429db3fd946,en,whitehall,2022-02-24T00:00:00.000Z,2025-08-29T15:16:46.000Z,,,219,"Environment,Wildlife, animals, biodiversity and ecosystems,Wildlife and habitat conservation,GOV.UK homepage","Department for Environment, Food & Rural Affairs","Department for Environment, Food & Rural Affairs,Animal and Plant Health Agency",2019 to 2022 Johnson Conservative government,,,
https://www.gov.uk/licence-wild-animal,Apply for a licence to keep a wild animal,answer,0eb77ab2-9282-4b1d-b01b-173bfcdd4347,en,publisher,2013-01-29T15:58:47.000Z,2025-01-27T10:24:06.819Z,,,217,"GOV.UK homepage,Environment,Pets,Wildlife, animals, biodiversity and ecosystems",Government Digital Service,"Department for Environment, Food & Rural Affairs",,,,
https://www.gov.uk/guidance/controlled-drugs-recording-using-storing-and-disposal,"Controlled drugs: recording, using, storing and disposal",detailed_guide,6024f292-7631-11e4-a3cb-005056011aef,en,whitehall,2014-11-03T00:00:00.000Z,2025-08-05T10:59:46.000Z,,,217,"Wildlife, animals, biodiversity and ecosystems,GOV.UK homepage,Environment",Veterinary Medicines Directorate,Veterinary Medicines Directorate,2010 to 2015 Conservative and Liberal Democrat coalition government,,,
https://www.gov.uk/guidance/habitats-regulations-assessments-protecting-a-european-site,Habitats regulations assessments: protecting a European site,detailed_guide,ba920ba6-c9ca-4387-8dd7-832a4822f5bb,en,whitehall,2021-02-24T00:00:00.000Z,2023-12-06T16:23:47.000Z,,,216,"Environment,Land sites,GOV.UK homepage,Protected sites,Rural development and land management,Protected sites and species,Rural and countryside,Wildlife, animals, biodiversity and ecosystems","Department for Environment, Food & Rural Affairs","Department for Environment, Food & Rural Affairs,Natural England,Welsh Government,Natural Resources Wales",2019 to 2022 Johnson Conservative government,,,
https://www.gov.uk/apply-electric-vehicle-chargepoint-grant,Apply for an electric vehicle chargepoint grant for your workplace,answer,6cc1889a-01aa-4b71-9f2c-bf7b907a5491,en,publisher,2018-07-25T10:40:37.652Z,2018-07-25T10:40:35.811Z,,,216,"Climate change and energy,Environment,GOV.UK homepage,Local transport,Transport",Government Digital Service,"Driver and Vehicle Licensing Agency,Office for Low Emission Vehicles",,,,
https://www.gov.uk/guidance/nuisance-smoke-how-councils-deal-with-complaints,Nuisance smoke: how councils deal with complaints,detailed_guide,78956e39-afcf-4879-8394-bc2c73ac5d74,en,whitehall,2015-04-07T13:41:00.000Z,2022-04-30T23:15:01.000Z,,,215,"GOV.UK homepage,Pollution and environmental quality,Environment","Department for Environment, Food & Rural Affairs","Department for Environment, Food & Rural Affairs",2010 to 2015 Conservative and Liberal Democrat coalition government,,,
https://www.gov.uk/right-of-way-open-access-land/use-public-rights-of-way,Rights of way and accessing land: Use public rights of way,guide,d50a071b-10b3-4ba3-a005-a49d7f2d42cf,en,publisher,2011-12-15T15:24:22.000Z,2015-06-16T09:59:12.000Z,,,213,"Countryside,Rural and countryside,GOV.UK homepage,Environment",Government Digital Service,"Department for Environment, Food & Rural Affairs,Ministry of Housing, Communities and Local Government,Natural England",,,,
https://www.gov.uk/guidance/protected-species-how-to-review-planning-applications,Protected species and development: advice for local planning authorities,detailed_guide,01b6b509-7f5b-41d3-8396-71be6ac599bf,en,whitehall,2014-10-05T23:00:00.000Z,2025-04-07T09:00:01.000Z,,,212,"Planning and building,Wildlife, animals, biodiversity and ecosystems,Land species,Protected sites and species,GOV.UK homepage,Environment,Housing, local and community",Natural England,"Natural England,Department for Environment, Food & Rural Affairs",2010 to 2015 Conservative and Liberal Democrat coalition government,,,
https://www.gov.uk/guidance/ancient-woodland-ancient-trees-and-veteran-trees-advice-for-making-planning-decisions,"Ancient woodland, ancient trees and veteran trees: advice for making planning decisions",detailed_guide,a9b270c1-9c94-49ae-8355-1db5f0ee4629,en,whitehall,2022-01-14T00:15:00.000Z,2022-01-14T00:15:00.000Z,,,208,"Environment,Forests and woodland,GOV.UK homepage,Land species,Wildlife, animals, biodiversity and ecosystems,Protected sites and species,Rural and countryside",Natural England,"Natural England,Forestry Commission",2019 to 2022 Johnson Conservative government,,,
https://www.gov.uk/guidance/standard-assessment-procedure,Standard Assessment Procedure,detailed_guide,5c83eb17-7631-11e4-a3cb-005056011aef,en,whitehall,2013-01-22T00:00:00.000Z,2025-05-14T11:00:01.000Z,,,207,"Energy efficiency,GOV.UK homepage,Climate change and energy,Environment",Department for Energy Security and Net Zero,Department for Energy Security and Net Zero,2010 to 2015 Conservative and Liberal Democrat coalition government,,,
https://www.gov.uk/guidance/bird-gatherings-licences,Hold a bird gathering in England,detailed_guide,9462faed-09b7-4a2e-83f0-0e793e7faef8,en,whitehall,2015-05-13T23:00:00.000Z,2026-01-28T16:41:58.000Z,,,207,"Environment,Keeping farmed animals,Food and farming,Shows, fairs and markets,GOV.UK homepage,Wildlife, animals, biodiversity and ecosystems","Department for Environment, Food & Rural Affairs","Department for Environment, Food & Rural Affairs,Animal and Plant Health Agency",2015 to 2016 Cameron Conservative government,,,
https://www.gov.uk/guidance/how-to-make-a-capital-or-revenue-claim-for-countryside-stewardship,How to make a capital or revenue claim,detailed_guide,e3975352-dc6f-4514-8ce8-446ee50cf2c2,en,whitehall,2021-03-18T00:00:00.000Z,2026-01-05T00:15:01.000Z,,,207,"Rural grants and payments,Environment,Countryside stewardship,Food and farming,GOV.UK homepage,Farming and food grants and payments",Rural Payments Agency,"Rural Payments Agency,Department for Environment, Food & Rural Affairs,Forestry Commission,Natural England",2019 to 2022 Johnson Conservative government,,,
https://www.gov.uk/planning-permissions-for-farms/permitted-development,Planning permission for farms: Permitted development,guide,082408cf-4851-494e-950b-81a306c1f4d8,en,publisher,2012-10-16T21:22:49.000Z,2018-02-12T10:53:40.510Z,,,206,"Environment,Planning permission and appeals,Food and farming,Planning and building,Food and farming industry,Housing, local and community,GOV.UK homepage",Government Digital Service,"Department for Environment, Food & Rural Affairs,Ministry of Housing, Communities and Local Government",,,,
https://www.gov.uk/guidance/the-cascade-prescribing-unauthorised-medicines,The cascade: prescribing unauthorised medicines,detailed_guide,cae42498-8f8c-4cf9-834a-16cf031dd08f,en,whitehall,2015-05-31T23:00:00.000Z,2025-06-19T11:02:02.000Z,,,205,"Wildlife, animals, biodiversity and ecosystems,Environment,GOV.UK homepage",Veterinary Medicines Directorate,Veterinary Medicines Directorate,2015 to 2016 Cameron Conservative government,,,
https://www.gov.uk/food-safety-your-responsibilities/food-hygiene,Food safety - your responsibilities: Food hygiene,guide,89ff1504-ddfa-495a-b343-cabb6eed1b18,en,publisher,2012-07-03T15:32:11.000Z,2025-01-30T15:12:58.442Z,,,203,"Food and farming,Food labelling and safety,GOV.UK homepage,Producing and distributing food,Environment",Government Digital Service,Food Standards Agency,,,,
https://www.gov.uk/guidance/gas-meter-readings-and-bill-calculation,Gas meter readings and bill calculation,detailed_guide,5f61eb61-7631-11e4-a3cb-005056011aef,en,whitehall,2014-06-09T23:00:00.000Z,2014-06-09T23:00:00.000Z,,,202,"Consumer rights and issues,Climate change and energy,GOV.UK homepage,Environment,Business and industry,Housing, local and community,Business regulation,Household energy",Office for Product Safety and Standards,Office for Product Safety and Standards,2010 to 2015 Conservative and Liberal Democrat coalition government,,,
https://www.gov.uk/guidance/england-woodland-creation-offer,How the England Woodland Creation Offer works,detailed_guide,89e2bb57-d245-4101-b126-59de3e7cb368,en,whitehall,2021-05-21T23:00:00.000Z,2025-12-04T09:58:58.000Z,,,201,"Forests and woodland,GOV.UK homepage,Environment,Rural and countryside",Forestry Commission,Forestry Commission,2019 to 2022 Johnson Conservative government,,,
https://www.gov.uk/guidance/change-transfer-or-cancel-your-environmental-permit,"Change, transfer or cancel your environmental permit",detailed_guide,ca01539a-b486-4239-8a55-8d4817e7b6f1,en,whitehall,2016-02-01T00:00:00.000Z,2025-02-28T13:01:32.000Z,,,200,"Waste and environmental impact,Environment,Environmental permits,River maintenance, flooding and coastal erosion,Pollution and environmental quality,Water management,GOV.UK homepage,Water quality,Waste and recycling,Business and industry,Business and the environment",Environment Agency,Environment Agency,2015 to 2016 Cameron Conservative government,,,
https://www.gov.uk/guidance/agricultural-vehicle-licences-and-fuel,"Agricultural vehicle licences, tax information and fuel",detailed_guide,5c71dc4b-7631-11e4-a3cb-005056011aef,en,whitehall,2012-09-21T17:50:00.000Z,2018-07-16T09:46:39.000Z,,,197,"Environment,Transport,Driving and road transport,Vehicle ownership, approval and standards,Vehicle tax,Food and farming industry,Food and farming,GOV.UK homepage,Road safety, driving rules and penalties",Driver and Vehicle Licensing Agency,Driver and Vehicle Licensing Agency,2010 to 2015 Conservative and Liberal Democrat coalition government,,,
https://www.gov.uk/guidance/catchment-sensitive-farming-reduce-agricultural-water-pollution,Catchment Sensitive Farming: advice for farmers and land managers,detailed_guide,5fd95a86-7631-11e4-a3cb-005056011aef,en,whitehall,2014-09-08T23:00:00.000Z,2025-08-14T10:09:05.000Z,,,197,"Rural and countryside,Farming,Rural development and land management,Food and farming,Environment,GOV.UK homepage,Pollution and environmental quality,Pollution,Farming and food grants and payments,Rural grants and payments",Natural England,"Natural England,Department for Environment, Food & Rural Affairs,Environment Agency",2010 to 2015 Conservative and Liberal Democrat coalition government,,,
https://www.gov.uk/guidance/funding-for-farmers-in-protected-landscapes,Get funding for farming in protected landscapes,detailed_guide,39652d43-59b2-4047-b3a5-f842ddbbb1c7,en,whitehall,2021-06-23T23:00:00.000Z,2026-01-08T16:36:14.000Z,,,197,"Rural development and land management,Farming,Farming and food grants and payments,Rural and countryside,GOV.UK homepage,Food and farming,Environment,Protected sites,Rural grants and payments","Department for Environment, Food & Rural Affairs","Department for Environment, Food & Rural Affairs",2019 to 2022 Johnson Conservative government,,,
https://www.gov.uk/guidance/imports-exports-and-eu-trade-of-animals-and-animal-products-topical-issues,"Imports, exports and EU trade of animals and animal products: topical issues",detailed_guide,0f7ff02a-1820-4388-95af-0e9255827e32,en,whitehall,2015-03-23T00:00:00.000Z,2026-02-04T16:39:10.000Z,,,195,"Food and farming,Environment,GOV.UK homepage","Department for Environment, Food & Rural Affairs","Department for Environment, Food & Rural Affairs,Animal and Plant Health Agency",2010 to 2015 Conservative and Liberal Democrat coalition government,,,
https://www.gov.uk/guidance/artificial-light-nuisances-how-councils-deal-with-complaints,Artificial light nuisances: how councils deal with complaints,detailed_guide,29e3e5a5-5839-481a-868d-0dcfd9616404,en,whitehall,2015-04-06T23:00:00.000Z,2015-04-06T23:00:00.000Z,,,191,"GOV.UK homepage,Pollution and environmental quality,Environment","Department for Environment, Food & Rural Affairs","Department for Environment, Food & Rural Affairs",2010 to 2015 Conservative and Liberal Democrat coalition government,,,
https://www.gov.uk/guidance/retail-of-veterinary-medicines,Retail of veterinary medicines,detailed_guide,cefff3c5-c931-4eb4-a6e1-dc6bd660bb43,en,whitehall,2015-05-31T23:00:00.000Z,2025-12-31T09:21:53.000Z,,,189,"Wildlife, animals, biodiversity and ecosystems,Environment,GOV.UK homepage",Veterinary Medicines Directorate,Veterinary Medicines Directorate,2015 to 2016 Cameron Conservative government,,,
https://www.gov.uk/guidance/develop-a-management-system-environmental-permits,Develop a management system: environmental permits,detailed_guide,4eb01767-e535-4f77-9cca-bce22cf141e6,en,whitehall,2016-02-01T12:13:00.000Z,2023-04-03T07:30:03.000Z,,,184,"Climate change adaptation,Business and industry,Climate change and energy,Waste and recycling,Pollution and environmental quality,Environment,Environmental permits,Waste management,Business and the environment,GOV.UK homepage",Environment Agency,"Environment Agency,Department for Environment, Food & Rural Affairs",2015 to 2016 Cameron Conservative government,,,
https://www.gov.uk/guidance/rural-payments-service-check-for-maintenance-and-downtime,Rural Payments service: check for maintenance and downtime,detailed_guide,d65b1b06-a003-4718-90b8-d45d55358972,en,whitehall,2023-10-09T23:00:00.000Z,2026-02-12T09:59:56.000Z,,,183,"Farming and food grants and payments,Environment,GOV.UK homepage,Food and farming,Online applications and payments,Rural grants and payments",Rural Payments Agency,Rural Payments Agency,2022 to 2024 Sunak Conservative government,,,
https://www.gov.uk/guidance/surface-water-pollution-risk-assessment-for-your-environmental-permit,Surface water pollution risk assessment for your environmental permit,detailed_guide,7e00dac4-5833-4b87-8e92-7c4a78e4acf4,en,whitehall,2016-02-01T00:00:00.000Z,2025-04-09T11:56:53.000Z,,,182,"Environmental permits,Business and the environment,GOV.UK homepage,Business and industry,Water management,Environment",Environment Agency,"Environment Agency,Department for Environment, Food & Rural Affairs",2015 to 2016 Cameron Conservative government,,,
https://www.gov.uk/agricultural-sick-pay,Agricultural Sick Pay,guide,97e00d86-725f-40de-9a02-eac531c682d7,en,publisher,2012-01-26T13:23:39.000Z,2024-11-08T11:34:25.461Z,,,178,"Working, jobs and pensions,GOV.UK homepage,Food and farming,Environment,Food and farming industry,Holidays, time off, sick leave, maternity and paternity leave,Work",Government Digital Service,Department for Work and Pensions,,,,
https://www.gov.uk/guidance/create-a-woodland-management-plan,Create a woodland management plan,detailed_guide,fa709f3e-c468-41ce-a7c3-1b2ff9263ada,en,whitehall,2018-07-08T23:00:00.000Z,2026-01-15T11:42:40.000Z,,,178,"Countryside stewardship,Environment,GOV.UK homepage,Forests and woodland,Rural and countryside,Food and farming,Farming and food grants and payments,Rural grants and payments",Forestry Commission,"Forestry Commission,Rural Payments Agency,Department for Environment, Food & Rural Affairs",2016 to 2019 May Conservative government,,,
https://www.gov.uk/guidance/hazardous-waste-consignment-note-supplementary-guidance,Hazardous waste: consignment note guidance,detailed_guide,5f42c3aa-7631-11e4-a3cb-005056011aef,en,whitehall,2014-04-03T23:00:00.000Z,2019-09-02T10:38:57.000Z,,,176,"Waste and recycling,Environment,Radioactive and nuclear substances and waste,GOV.UK homepage",Environment Agency,Environment Agency,2010 to 2015 Conservative and Liberal Democrat coalition government,,,
https://www.gov.uk/guidance/storing-silage-slurry-and-agricultural-fuel-oil,"Storing silage, slurry and agricultural fuel oil",detailed_guide,3c951850-eaec-44ee-bb0c-52e4e53a66fb,en,whitehall,2015-03-26T00:00:00.000Z,2026-01-26T09:30:02.000Z,,,176,"Environment,Farming,GOV.UK homepage,Food and farming,Food and farming industry,Rural and countryside,Rural development and land management","Department for Environment, Food & Rural Affairs","Department for Environment, Food & Rural Affairs,Environment Agency",2010 to 2015 Conservative and Liberal Democrat coalition government,,,
https://www.gov.uk/guidance/tree-felling-licence-when-you-need-to-apply,Tree felling licence: when you need to apply,detailed_guide,d3c4ba58-a7fe-4744-b846-20cc0d95377c,en,whitehall,2018-07-08T23:00:00.000Z,2025-06-05T12:06:17.000Z,,,176,"Environment,GOV.UK homepage,Forests and woodland,Rural and countryside",Forestry Commission,Forestry Commission,2016 to 2019 May Conservative government,,,
https://www.gov.uk/food-labelling-and-packaging/food-labelling-what-you-must-show,Food labelling and packaging: Food labelling - what you must show,guide,71262be0-8694-4ccf-8179-48dff2185491,en,publisher,2012-09-26T10:26:41.000Z,2014-12-04T14:23:36.000Z,,,175,"Food labelling and safety,GOV.UK homepage,Producing and distributing food,Food and farming,Environment",Government Digital Service,Food Standards Agency,,,,
https://www.gov.uk/guidance/sheep-and-goat-keepers-how-to-report-animal-movements,Report sheep and goat movements,detailed_guide,601ee34d-7631-11e4-a3cb-005056011aef,en,whitehall,2014-05-31T23:00:00.000Z,2025-06-20T13:01:46.000Z,,,174,"GOV.UK homepage,Keeping farmed animals,Environment,Food and farming,Sheep and goats identification, registration and movements","Department for Environment, Food & Rural Affairs","Department for Environment, Food & Rural Affairs,Animal and Plant Health Agency",2010 to 2015 Conservative and Liberal Democrat coalition government,,,
https://www.gov.uk/guidance/air-emissions-risk-assessment-for-your-environmental-permit,Air emissions risk assessment for your environmental permit,detailed_guide,0effacfd-6f1c-4bd9-b549-e62abaabb237,en,whitehall,2016-02-01T00:00:00.000Z,2025-07-21T09:58:29.000Z,,,168,"Business and industry,Pollution and environmental quality,Business and the environment,Environmental permits,Environment,GOV.UK homepage",Environment Agency,"Environment Agency,Department for Environment, Food & Rural Affairs",2015 to 2016 Cameron Conservative government,,,
https://www.gov.uk/guidance/apply-to-import-a-medicine,Apply to import a medicine,detailed_guide,8c9a71e6-9843-4204-9757-423a3e4ff5da,en,whitehall,2024-01-29T12:57:21.000Z,2024-01-29T12:57:21.000Z,,,168,"Wildlife, animals, biodiversity and ecosystems,GOV.UK homepage,Environment,Animal and plant health",Veterinary Medicines Directorate,Veterinary Medicines Directorate,2022 to 2024 Sunak Conservative government,,,
https://www.gov.uk/guidance/carbon-calculator,Carbon calculator,detailed_guide,58c4ee0d-87ac-4de7-af79-382e577fe3a0,en,whitehall,2020-12-03T00:00:00.000Z,2024-08-21T11:21:58.000Z,,,165,"Greenhouse gas emissions,Climate change and energy,GOV.UK homepage,Environment",Department for Energy Security and Net Zero,Department for Energy Security and Net Zero,2019 to 2022 Johnson Conservative government,,,
https://www.gov.uk/guidance/manage-waste-upholstered-domestic-seating-containing-pops,Manage waste upholstered domestic seating containing POPs,detailed_guide,84f47c77-11fa-485b-8101-012828abb988,en,whitehall,2022-12-19T00:00:00.000Z,2024-12-02T10:49:46.000Z,,,163,"Waste and recycling,Pollution and environmental quality,Environment,Chemicals,Waste and environmental impact,GOV.UK homepage,Waste management",Environment Agency,Environment Agency,2022 to 2024 Sunak Conservative government,,,
https://www.gov.uk/guidance/environment-agency-fees-and-charges,Environment Agency fees and charges,detailed_guide,07fccf32-c6b8-446d-ada5-badd0ff4c69c,en,whitehall,2018-03-21T00:00:00.000Z,2026-02-03T09:30:09.000Z,,,159,"Business and industry,GOV.UK homepage,Environment,Business regulation",Environment Agency,Environment Agency,2016 to 2019 May Conservative government,,,
https://www.gov.uk/guidance/update-your-kept-bird-record,Update your kept bird record,detailed_guide,f270ca88-dbbc-4431-8aec-c62ae1b55694,en,whitehall,2025-08-18T23:00:00.000Z,2025-08-18T23:00:00.000Z,,,157,"Keeping farmed animals,GOV.UK homepage,Environment,Food and farming,Poultry registration",Animal and Plant Health Agency,"Animal and Plant Health Agency,Department for Environment, Food & Rural Affairs",2024 Starmer Labour government,,,
https://www.gov.uk/guidance/risk-assessments-for-your-environmental-permit,Risk assessments for your environmental permit,detailed_guide,46f4cf43-8cc4-4c0c-91d5-0a844a8b95e9,en,whitehall,2016-02-01T00:00:00.000Z,2025-12-01T06:00:05.000Z,,,156,"GOV.UK homepage,Environment,Business and the environment,Business and industry,Pollution and environmental quality,Environmental permits",Environment Agency,"Environment Agency,Department for Environment, Food & Rural Affairs",2015 to 2016 Cameron Conservative government,,,
https://www.gov.uk/check-marine-licence-register,Check the public register of marine licence applications and decisions,transaction,64591ba5-f069-45cf-9c63-19c0e7e395c9,en,publisher,2014-07-03T17:32:18.000Z,2015-04-28T10:30:17.000Z,,,154,"Vessel registration and design,Maritime and shipping,Transport,GOV.UK homepage,Marine,Environment,Vessel registration,Marine licences",Government Digital Service,Marine Management Organisation,,,,
https://www.gov.uk/guidance/how-to-comply-with-reach-chemical-regulations,Comply with UK REACH: submit and manage chemical registrations and notifications,detailed_guide,daf041cf-15dc-4e23-b87b-08f36ed99804,en,whitehall,2015-09-22T23:00:00.000Z,2025-10-10T12:50:36.000Z,,,153,"REACH regulations,Environment,GOV.UK homepage,Chemicals","Department for Environment, Food & Rural Affairs","Department for Environment, Food & Rural Affairs",2015 to 2016 Cameron Conservative government,,,
https://www.gov.uk/guidance/flood-risk-assessment-local-planning-authorities,National flood risk standing advice for local planning authorities,detailed_guide,0f7e1b99-756a-4d56-b63a-87888b344669,en,whitehall,2015-04-14T23:00:00.000Z,2025-10-22T13:56:08.000Z,,,153,"River maintenance, flooding and coastal erosion,Housing, local and community,Environment,GOV.UK homepage,Planning and building",Environment Agency,Environment Agency,2010 to 2015 Conservative and Liberal Democrat coalition government,,,
https://www.gov.uk/guidance/wildlife-licences,Wildlife licences: when you need to apply,detailed_guide,5fec0f81-7631-11e4-a3cb-005056011aef,en,whitehall,2014-10-12T23:00:00.000Z,2023-10-25T13:13:20.000Z,,,152,"Environment,GOV.UK homepage,Protected sites and species,Wildlife and habitat conservation,Wildlife, animals, biodiversity and ecosystems",Natural England,"Natural England,Department for Environment, Food & Rural Affairs",2010 to 2015 Conservative and Liberal Democrat coalition government,,,
https://www.gov.uk/guidance/rural-payments-service-how-to-register-land-and-update-digital-maps,Rural Payments service: how to register land and update digital maps,detailed_guide,c6f78883-8f8b-4908-85fa-8e30dd958507,en,whitehall,2024-08-07T23:00:00.000Z,2024-08-07T23:00:00.000Z,,,152,"Rural and countryside,GOV.UK homepage,Food and farming,Rural development and land management,Farming and food grants and payments,Rural grants and payments,Farming,Environment",Rural Payments Agency,Rural Payments Agency,2024 Starmer Labour government,,,
https://www.gov.uk/owning-a-boat,Owning a boat,guide,0495eb20-ecc7-4203-b02c-8aa6913e3be8,en,publisher,2012-01-19T16:58:38.000Z,2015-02-05T13:16:15.000Z,,,151,"Boats and waterways,Rural and countryside,GOV.UK homepage,Environment",Government Digital Service,Maritime and Coastguard Agency,,,,
https://www.gov.uk/guidance/import-plants-and-plant-products-from-the-eu-to-great-britain,Import plants and plant products from the EU to Great Britain,detailed_guide,f5fe0632-948d-4cca-8db9-95989a53cc05,en,whitehall,2023-12-21T00:00:00.000Z,2025-08-01T12:45:03.000Z,,,151,"Importing,Animal and plant health,Business and industry,Trade and investment,Wildlife, animals, biodiversity and ecosystems,Import controls,Environment,GOV.UK homepage","Department for Environment, Food & Rural Affairs","Department for Environment, Food & Rural Affairs",2022 to 2024 Sunak Conservative government,,,
https://www.gov.uk/agricultural-workers-rights/pay-and-overtime,Agricultural workers' rights: Pay and overtime,guide,d0b8d964-ca27-4b67-95b2-f3f67f1c5f28,en,publisher,2012-01-26T10:32:37.000Z,2015-03-09T17:17:29.000Z,,,150,"Environment,Food and farming industry,Your rights at work and trade unions,Trade unions,Food and farming,GOV.UK homepage,Working, jobs and pensions,Work",Government Digital Service,"Department for Environment, Food & Rural Affairs,Department for Work and Pensions",,,,
https://www.gov.uk/guidance/identify-and-classify-waste-containing-persistent-organic-pollutants-pops,Identify and classify waste containing persistent organic pollutants (POPs),detailed_guide,3bcb32ff-2e3b-4814-bc9b-a834ddd86785,en,whitehall,2022-12-19T00:00:00.000Z,2025-05-08T14:31:47.000Z,,,149,"Waste and environmental impact,Waste management,Waste and recycling,Environment,Chemicals,GOV.UK homepage",Environment Agency,Environment Agency,2022 to 2024 Sunak Conservative government,,,
https://www.gov.uk/guidance/export-plants-and-plant-products-from-great-britain-and-northern-ireland,Export or move plants and plant products from Great Britain and Northern Ireland,detailed_guide,d6703825-053f-4524-9e69-3ff12681856f,en,whitehall,2016-11-08T00:00:00.000Z,2026-01-26T17:01:23.000Z,,,148,"Business and industry,GOV.UK homepage,Wildlife, animals, biodiversity and ecosystems,Animal and plant health,Exporting,Trade and investment,Export controls and licensing,Environment",Animal and Plant Health Agency,"Animal and Plant Health Agency,Department for Environment, Food & Rural Affairs",2016 to 2019 May Conservative government,,,
https://www.gov.uk/guidance/halal-and-kosher-slaughter,Slaughter without stunning,detailed_guide,5f160e17-7631-11e4-a3cb-005056011aef,en,whitehall,2015-10-15T09:10:00.000Z,2023-06-05T10:23:09.000Z,,,148,"Food and farming,Environment,GOV.UK homepage","Department for Environment, Food & Rural Affairs","Department for Environment, Food & Rural Affairs",2015 to 2016 Cameron Conservative government,,,
https://www.gov.uk/guidance/create-a-uk-processing-statement,Create a UK processing statement,detailed_guide,fdac909d-464b-4eb9-bb09-b012dd79a9f9,en,whitehall,2019-02-28T00:00:00.000Z,2025-04-15T09:23:54.000Z,,,148,"Environment,GOV.UK homepage,Fishing, fisheries and fishing vessels,Marine fisheries",Marine Management Organisation,Marine Management Organisation,2016 to 2019 May Conservative government,,,
https://www.gov.uk/guidance/research-and-testing-using-animals,Research and testing using animals: licences and compliance,detailed_guide,5dbcc639-7631-11e4-a3cb-005056011aef,en,whitehall,2013-03-26T00:00:00.000Z,2025-05-07T11:00:25.000Z,,,148,"GOV.UK homepage,Animal research and testing,Wildlife, animals, biodiversity and ecosystems,Business and industry,Environment,Science and innovation,Scientific research and development",Home Office,Home Office,2010 to 2015 Conservative and Liberal Democrat coalition government,,,
https://www.gov.uk/guidance/rules-for-farmers-and-land-managers,Rules for farmers and land managers,detailed_guide,831430a9-bbda-4b69-870d-cf21d83990d4,en,whitehall,2023-03-26T23:00:00.000Z,2026-01-15T13:38:01.000Z,,,147,"Groundwater,GOV.UK homepage,Food and farming,Water management,Environment","Department for Environment, Food & Rural Affairs","Department for Environment, Food & Rural Affairs,Environment Agency,Rural Payments Agency,Forestry Commission,Food Standards Agency,Health and Safety Executive,Animal and Plant Health Agency",2022 to 2024 Sunak Conservative government,,,
https://www.gov.uk/guidance/deposit-return-scheme-drinks-producer-and-retailer-responsibilities,Deposit Return Scheme: drinks producer and retailer responsibilities,detailed_guide,aaeeff0f-d168-4114-a136-8bec6d3643e2,en,whitehall,2025-01-27T00:00:00.000Z,2025-01-30T17:13:35.000Z,,,147,"Waste and recycling,Environment,GOV.UK homepage,Waste management","Department for Environment, Food & Rural Affairs","Department for Environment, Food & Rural Affairs",2024 Starmer Labour government,,,
https://www.gov.uk/guidance/complying-with-the-biodiversity-duty,Complying with the biodiversity duty,detailed_guide,c6879493-6b6c-4f6b-8f52-9e436f0dc6f3,en,whitehall,2023-05-16T23:00:00.000Z,2025-09-17T09:00:04.000Z,,,145,"Wildlife, animals, biodiversity and ecosystems,GOV.UK homepage,Environment,Biodiversity and ecosystems","Department for Environment, Food & Rural Affairs","Department for Environment, Food & Rural Affairs",2022 to 2024 Sunak Conservative government,,,
https://www.gov.uk/register-a-boat,Register a boat,guide,5b886cbf-0140-4b1d-9d03-4c7838d1953d,en,publisher,2014-04-07T13:18:42.000Z,2015-04-24T15:57:06.000Z,,,145,"GOV.UK homepage,Boats and waterways,Rural and countryside,Environment",Government Digital Service,"Department for Transport,Environment Agency",,,,
https://www.gov.uk/guidance/water-management-apply-for-a-water-abstraction-or-impoundment-licence,Apply for a water abstraction or impounding licence,detailed_guide,5f4e2c60-7631-11e4-a3cb-005056011aef,en,whitehall,2014-05-07T23:00:00.000Z,2025-11-14T10:39:07.000Z,,,144,"Drought and water availability,Environment,Abstract (take) water,GOV.UK homepage,Impound (store) water,Water management",Environment Agency,Environment Agency,2010 to 2015 Conservative and Liberal Democrat coalition government,,,
https://www.gov.uk/guidance/removing-and-disposing-of-dead-wild-birds,Removing and disposing of dead wild birds,detailed_guide,085a7f1d-c14e-4320-af36-1483751c7022,en,whitehall,2022-12-13T07:45:00.000Z,2022-12-13T07:45:00.000Z,,,143,"Birds,Wildlife and habitat conservation,Environment,Wildlife, animals, biodiversity and ecosystems,GOV.UK homepage","Department for Environment, Food & Rural Affairs","Department for Environment, Food & Rural Affairs,Animal and Plant Health Agency",2022 to 2024 Sunak Conservative government,,,
https://www.gov.uk/guidance/creating-a-habitat-management-and-monitoring-plan-for-biodiversity-net-gain,Creating a habitat management and monitoring plan for BNG,detailed_guide,ef6da96d-5e50-45f6-abd0-6f21b28afb9f,en,whitehall,2023-11-29T00:00:00.000Z,2024-04-02T08:54:38.000Z,,,143,"Wildlife, animals, biodiversity and ecosystems,Wildlife and habitat conservation,Biodiversity and ecosystems,GOV.UK homepage,Planning and building,Environment,Housing, local and community","Department for Environment, Food & Rural Affairs","Department for Environment, Food & Rural Affairs,Natural England",2022 to 2024 Sunak Conservative government,,,
https://www.gov.uk/guidance/digital-maps-in-the-rural-payments-service-check-and-change-mapping-updates,Digital maps in the Rural Payments service: check and change your maps,detailed_guide,18868a2a-9fd9-489b-8320-664a4daa9fd4,en,whitehall,2018-03-12T00:00:00.000Z,2024-08-08T14:30:25.000Z,,,143,"Food and farming,Environment,GOV.UK homepage,Rural grants and payments,Farming and food grants and payments",Rural Payments Agency,"Rural Payments Agency,Department for Environment, Food & Rural Affairs,Forestry Commission",2016 to 2019 May Conservative government,,,
https://www.gov.uk/guidance/rules-for-farmers-and-land-managers-to-prevent-water-pollution,How to comply with the Farming Rules for Water,detailed_guide,2971146e-427b-4984-86e8-d4d498ccc32c,en,whitehall,2018-04-01T23:00:00.000Z,2026-02-04T13:45:44.000Z,,,142,"Rural and countryside,Pollution,Environment,Water management,Rural development and land management,GOV.UK homepage,Food and farming,Water quality,Pollution and environmental quality,Food and farming industry","Department for Environment, Food & Rural Affairs","Department for Environment, Food & Rural Affairs,Environment Agency",2016 to 2019 May Conservative government,,,
https://www.gov.uk/guidance/find-a-heat-pump-installer,Find a heat pump installer,detailed_guide,3a8d0b22-1026-4a48-9a45-cbf6196ab9fd,en,whitehall,2022-07-05T08:36:00.000Z,2022-07-05T08:36:00.000Z,,,139,"Climate change and energy,Energy efficiency,Housing, local and community,Environment,GOV.UK homepage,Household energy",Department for Energy Security and Net Zero,"Department for Energy Security and Net Zero,Department for Business, Energy & Industrial Strategy",2019 to 2022 Johnson Conservative government,,,
https://www.gov.uk/guidance/electricity-meter-certification,Electricity meter certification,detailed_guide,5f1854cb-7631-11e4-a3cb-005056011aef,en,whitehall,2014-03-13T00:00:00.000Z,2025-11-06T11:02:51.000Z,,,138,"Climate change and energy,Business regulation,Business and industry,GOV.UK homepage,Manufacturing,Energy industry and infrastructure licensing and regulation,Environment",Office for Product Safety and Standards,Office for Product Safety and Standards,2010 to 2015 Conservative and Liberal Democrat coalition government,,,
https://www.gov.uk/guidance/shoreline-management-plans,Shoreline management plans,detailed_guide,65615adb-9a93-412a-b79e-939e7e8ed6ba,en,whitehall,2024-01-30T00:00:00.000Z,2025-01-28T13:23:00.000Z,,,138,"GOV.UK homepage,River maintenance, flooding and coastal erosion,Environment",Environment Agency,Environment Agency,2022 to 2024 Sunak Conservative government,,,
https://www.gov.uk/guidance/pollution-prevention-for-businesses,Pollution prevention for businesses,detailed_guide,97e353ff-af10-4719-b111-2747803cbe80,en,whitehall,2016-07-11T23:00:00.000Z,2026-02-12T10:00:09.000Z,,,137,"Pollution and environmental quality,Water quality,Environment,GOV.UK homepage,Business and industry,Business and the environment,Water management","Department for Environment, Food & Rural Affairs","Department for Environment, Food & Rural Affairs,Environment Agency",2015 to 2016 Cameron Conservative government,,,
https://www.gov.uk/guidance/apply-online-for-a-felling-licence,Apply online for a felling licence,detailed_guide,476ba2c3-9896-4370-a775-202012a18bd4,en,whitehall,2018-10-23T23:00:00.000Z,2025-04-30T10:34:05.000Z,,,136,"Forests and woodland,Rural and countryside,GOV.UK homepage,Environment",Forestry Commission,Forestry Commission,2016 to 2019 May Conservative government,,,
https://www.gov.uk/quality-of-local-bathing-water,Check the quality of beach and bathing water in England,transaction,ebb9bd42-9900-408c-aa85-f6bde6458b11,en,publisher,2014-03-19T14:49:51.000Z,2015-05-21T10:48:20.000Z,,,136,"GOV.UK homepage,Water management,Environment,Water quality,River maintenance, flooding and coastal erosion",Government Digital Service,Environment Agency,,,,
https://www.gov.uk/guidance/coal-mining-records-data-deeds-and-documents,"Coal mining records, data, deeds and documents",detailed_guide,5ff1a86a-7631-11e4-a3cb-005056011aef,en,whitehall,2014-10-08T23:00:00.000Z,2025-07-01T08:00:00.000Z,,,135,"Environment,GOV.UK homepage,Planning and building,Oil, gas and coal,Housing, local and community,Coal,Energy infrastructure,Mining reports and data",Coal Authority,"Coal Authority,Mining Remediation Authority",2010 to 2015 Conservative and Liberal Democrat coalition government,,,
https://www.gov.uk/guidance/issuing-plant-passports-to-trade-plants-in-great-britain,Issue plant passports to move regulated plant material in Great Britain,detailed_guide,16bf41a8-d4fb-4c92-8844-75913b9045e7,en,whitehall,2015-07-28T23:00:00.000Z,2025-04-10T12:24:22.000Z,,,133,"Crops and horticulture ,Food and farming,Producing and distributing food,Environment,GOV.UK homepage",Animal and Plant Health Agency,"Animal and Plant Health Agency,Department for Environment, Food & Rural Affairs",2015 to 2016 Cameron Conservative government,,,
https://www.gov.uk/guidance/import-plants-and-plant-products-from-non-eu-countries-to-great-britain,Import plants and plant products from non-EU countries to Great Britain,detailed_guide,3d94c0aa-e254-48de-ad30-a84ad3bcc4fd,en,whitehall,2023-12-21T00:00:00.000Z,2025-08-01T12:44:59.000Z,,,133,"Importing,Animal and plant health,Trade and investment,Wildlife, animals, biodiversity and ecosystems,GOV.UK homepage,Import controls,Environment,Business and industry","Department for Environment, Food & Rural Affairs","Department for Environment, Food & Rural Affairs,Animal and Plant Health Agency",2022 to 2024 Sunak Conservative government,,,
https://www.gov.uk/guidance/check-if-you-need-a-licence-to-abstract-water,Check if you need a licence to abstract water,detailed_guide,cd07a43d-5638-4c71-a278-bcebc5d7db7a,en,whitehall,2022-03-30T23:00:00.000Z,2025-04-30T11:22:58.000Z,,,132,"Abstract (take) water,GOV.UK homepage,Drought and water availability,Water management,Environment",Environment Agency,Environment Agency,2019 to 2022 Johnson Conservative government,,,
https://www.gov.uk/guidance/bats-advice-for-making-planning-decisions,Bats: advice for making planning decisions,detailed_guide,82c7cb21-e7fd-4644-958c-fba46f35c3a2,en,whitehall,2022-01-14T00:00:00.000Z,2025-04-07T09:00:00.000Z,,,132,"Protected sites and species,Mammals,Environment,GOV.UK homepage,Land species,Wildlife, animals, biodiversity and ecosystems,Wildlife and habitat conservation",Natural England,Natural England,2019 to 2022 Johnson Conservative government,,,
https://www.gov.uk/guidance/invasive-non-native-alien-animal-species-rules-in-england-and-wales,Invasive non-native (alien) animal species: rules in England and Wales,detailed_guide,605d2a1c-65b5-4576-9896-3c210bbffae4,en,whitehall,2020-08-25T23:00:00.000Z,2025-06-13T13:18:20.000Z,,,131,"Mammals,Wildlife and habitat conservation,Environment,Fish and shellfish,Wildlife, animals, biodiversity and ecosystems,GOV.UK homepage,Invertebrates,Reptiles and amphibians","Department for Environment, Food & Rural Affairs","Department for Environment, Food & Rural Affairs",2019 to 2022 Johnson Conservative government,,,
https://www.gov.uk/guidance/single-use-vapes-ban,Single-use vapes ban: information for businesses,detailed_guide,f36a7418-caa7-497f-b213-962651297dfa,en,whitehall,2025-01-20T00:00:00.000Z,2025-07-03T15:32:46.000Z,,,131,"Waste and recycling,Environment,Waste and environmental impact,GOV.UK homepage","Department for Environment, Food & Rural Affairs","Department for Environment, Food & Rural Affairs",2024 Starmer Labour government,,,
https://www.gov.uk/guidance/boarding-for-cats-or-dogs-licence-england,Boarding for cats or dogs licence (England),detailed_guide,2c670998-9923-43da-83e8-edcd165c994d,en,whitehall,2020-11-04T11:29:41.000Z,2020-11-04T11:29:41.000Z,,,131,"Wildlife, animals, biodiversity and ecosystems,Animal welfare,GOV.UK homepage,Environment","Department for Environment, Food & Rural Affairs","Department for Environment, Food & Rural Affairs",2019 to 2022 Johnson Conservative government,,,
https://www.gov.uk/guidance/air-pollution-and-development-advice-for-local-authorities,Air pollution and development: advice for local authorities,detailed_guide,52345a48-9172-406b-93dc-70c2216d8327,en,whitehall,2025-10-15T23:00:00.000Z,2025-12-19T15:32:56.000Z,,,130,"Land sites,Pollution and environmental quality,GOV.UK homepage,Protected sites and species,Wildlife, animals, biodiversity and ecosystems,Environment",Natural England,Natural England,2024 Starmer Labour government,,,
https://www.gov.uk/guidance/statutory-biodiversity-credit-prices,Statutory biodiversity credit prices,detailed_guide,4d76665e-800f-4441-b81a-430aa1474d88,en,whitehall,2023-07-26T23:00:00.000Z,2025-06-19T08:37:53.000Z,,,129,"Environment,GOV.UK homepage,Housing, local and community,Wildlife, animals, biodiversity and ecosystems,Planning and building,Wildlife and habitat conservation,Biodiversity and ecosystems","Department for Environment, Food & Rural Affairs","Department for Environment, Food & Rural Affairs",2022 to 2024 Sunak Conservative government,,,
https://www.gov.uk/guidance/fallen-stock,Fallen stock and safe disposal of dead animals,detailed_guide,5c721098-7631-11e4-a3cb-005056011aef,en,whitehall,2012-08-29T15:50:00.000Z,2022-08-05T15:49:13.000Z,,,129,"Reporting disease and disease outbreaks,GOV.UK homepage,Food and farming,Keeping farmed animals,Environment","Department for Environment, Food & Rural Affairs","Department for Environment, Food & Rural Affairs,Animal and Plant Health Agency",2010 to 2015 Conservative and Liberal Democrat coalition government,,,
https://www.gov.uk/guidance/import-or-move-food-and-drink-from-the-eu-and-northern-ireland-to-great-britain,Import animal products for human consumption to Great Britain,detailed_guide,b453004e-e335-4003-a589-1fcf898e1415,en,whitehall,2021-06-14T23:00:00.000Z,2025-04-22T13:36:07.000Z,,,129,"Environment,Wildlife, animals, biodiversity and ecosystems,GOV.UK homepage,Import, export and distribution of food,Animal and plant health,Business and industry,Producing and distributing food,Import controls,Importing,Food and farming,Trade and investment","Department for Environment, Food & Rural Affairs","Department for Environment, Food & Rural Affairs",2019 to 2022 Johnson Conservative government,,,
https://www.gov.uk/guidance/check-if-your-material-is-waste,Check if your material is waste,detailed_guide,3a5b9146-6267-4f3b-a3b3-e40a66ba05e1,en,whitehall,2021-08-30T23:00:00.000Z,2024-07-11T16:18:21.000Z,,,129,"Waste and environmental impact,GOV.UK homepage,Business and the environment,Waste and recycling,Environment,Waste management,Business and industry",Environment Agency,Environment Agency,2019 to 2022 Johnson Conservative government,,,
https://www.gov.uk/guidance/importing-live-animals-or-animal-products-from-non-eu-countries-general-licences-and-authorisations,General licences and authorisations to import live animals or animal products,detailed_guide,a8e81619-95ac-43f6-9b21-b91e5f24727e,en,whitehall,2015-03-18T00:00:00.000Z,2025-10-08T14:18:11.000Z,,,127,"Trade and investment,Importing,Wildlife, animals, biodiversity and ecosystems,Business and industry,Import, export and distribution of food,Import and export of farmed animals,Food and farming,Import controls,Keeping farmed animals,GOV.UK homepage,Producing and distributing food,Animal and plant health,Environment","Department for Environment, Food & Rural Affairs","Department for Environment, Food & Rural Affairs,Animal and Plant Health Agency",2010 to 2015 Conservative and Liberal Democrat coalition government,,,
https://www.gov.uk/guidance/register-livestock-to-get-a-flock-or-herd-mark,Register livestock to get a flock or herd mark,detailed_guide,e00bf334-9421-4eba-8090-d33743f107e3,en,whitehall,2023-06-14T23:00:00.000Z,2023-06-14T23:00:00.000Z,,,126,"Deer farming,Sheep and goats identification, registration and movements,Keeping farmed animals,GOV.UK homepage,Pig identification, registration and movements,Food and farming,Environment,Cattle identification, registration and movements",Animal and Plant Health Agency,"Animal and Plant Health Agency,Department for Environment, Food & Rural Affairs",2022 to 2024 Sunak Conservative government,,,
https://www.gov.uk/guidance/laboratory-test-price-lists,APHA laboratory test prices,detailed_guide,5fec1607-7631-11e4-a3cb-005056011aef,en,whitehall,2015-01-20T00:00:00.000Z,2024-11-21T13:12:52.000Z,,,125,"Environment,Food and farming,GOV.UK homepage",Animal and Plant Health Agency,Animal and Plant Health Agency,2010 to 2015 Conservative and Liberal Democrat coalition government,,,
https://www.gov.uk/hunting,Hunting and shooting wildlife,guide,8642926f-6bec-40c7-a158-e5e9c5361254,en,publisher,2014-09-30T09:55:57.000Z,2016-03-01T12:17:54.000Z,,,124,"Environment,Wildlife and habitat conservation,Wildlife, animals, biodiversity and ecosystems,GOV.UK homepage",Government Digital Service,"Department for Environment, Food & Rural Affairs,Natural England",,,,
https://www.gov.uk/guidance/using-nitrogen-fertilisers-in-nitrate-vulnerable-zones,Using nitrogen fertilisers in nitrate vulnerable zones,detailed_guide,6496ddf5-fe38-43db-ac42-b13e95777e33,en,whitehall,2015-08-09T23:00:00.000Z,2024-01-01T00:01:11.000Z,,,123,"Rural development and land management,Food and farming industry,Environment,GOV.UK homepage,Farming,Rural and countryside,Food and farming","Department for Environment, Food & Rural Affairs","Department for Environment, Food & Rural Affairs,Environment Agency",2015 to 2016 Cameron Conservative government,,,
https://www.gov.uk/guidance/animal-burials-prevent-groundwater-pollution,Animal burials: prevent groundwater pollution,detailed_guide,9256bfef-c890-4dbe-a74c-2943221b56dc,en,whitehall,2022-04-01T07:30:00.000Z,2022-04-01T07:30:00.000Z,,,123,"Environment,GOV.UK homepage,Water management,Groundwater",Environment Agency,Environment Agency,2019 to 2022 Johnson Conservative government,,,
https://www.gov.uk/guidance/packaged-goods-weights-and-measures-regulations,Packaged goods: weights and measures regulations,detailed_guide,5f15af33-7631-11e4-a3cb-005056011aef,en,whitehall,2014-03-18T00:00:00.000Z,2024-09-20T15:45:12.000Z,,,121,"Business regulation,Business and industry,Food and farming,Manufacturing,GOV.UK homepage,Environment",Office for Product Safety and Standards,Office for Product Safety and Standards,2010 to 2015 Conservative and Liberal Democrat coalition government,,,
https://www.gov.uk/check-drinking-water-quality,Check the quality of your drinking water,answer,c0c43517-bac8-4a1b-b642-e1744b5f1532,en,publisher,2011-11-17T11:13:17.000Z,2021-03-19T16:42:47.703Z,,,120,"Housing and communities,Safety and the environment in your community,Water quality,Water management,GOV.UK homepage,Housing, local and community,Environment",Government Digital Service,"Department for Environment, Food & Rural Affairs,Environment Agency",,,,
https://www.gov.uk/guidance/updates-to-national-flood-and-coastal-erosion-risk-information,New national flood and coastal erosion risk information,detailed_guide,01e8d6dc-53fe-442c-a27e-cfc9b6131de1,en,whitehall,2024-02-20T00:00:00.000Z,2025-12-22T16:19:03.000Z,,,119,"Environment,GOV.UK homepage,River maintenance, flooding and coastal erosion",Environment Agency,Environment Agency,2022 to 2024 Sunak Conservative government,,,
https://www.gov.uk/guidance/food-standards-labelling-durability-and-composition,Food standards: labelling and composition,detailed_guide,5dc75a98-7631-11e4-a3cb-005056011aef,en,whitehall,2013-04-09T11:18:00.000Z,2022-09-20T12:13:15.000Z,,,119,"Consumer rights and issues,Business and industry,Food labelling and safety,Business regulation,Government,Producing and distributing food,Public health,Environment,Health and social care,Food and farming,GOV.UK homepage,Brexit","Department for Environment, Food & Rural Affairs","Department for Environment, Food & Rural Affairs",2010 to 2015 Conservative and Liberal Democrat coalition government,,,
https://www.gov.uk/guidance/importing-live-animals-or-animal-products-from-non-eu-countries,"Importing live animals, animal products and high risk food and feed of non-animal origin from non-EU countries to Great Britain",detailed_guide,5fefb75d-7631-11e4-a3cb-005056011aef,en,whitehall,2014-09-11T23:00:00.000Z,2025-01-28T17:23:12.000Z,,,118,"GOV.UK homepage,Import and export of farmed animals,Environment,Food and farming,Import controls,Animal and plant health,Keeping farmed animals,Producing and distributing food,Import, export and distribution of food,Wildlife, animals, biodiversity and ecosystems,Animal welfare,Importing,Business and industry,Trade and investment","Department for Environment, Food & Rural Affairs","Department for Environment, Food & Rural Affairs,Animal and Plant Health Agency,Food Standards Agency",2010 to 2015 Conservative and Liberal Democrat coalition government,,,
https://www.gov.uk/guidance/how-to-access-natural-englands-maps-and-data,How to access Natural England's maps and data,detailed_guide,601b0616-7631-11e4-a3cb-005056011aef,en,whitehall,2015-02-03T00:00:00.000Z,2025-05-21T11:31:04.000Z,,,117,"Environment,GOV.UK homepage",Natural England,Natural England,2010 to 2015 Conservative and Liberal Democrat coalition government,,,
https://www.gov.uk/guidance/get-permission-for-marine-work,Get permission for marine work,detailed_guide,70fb0bde-0e5f-48c3-8f4f-f497be8051a7,en,whitehall,2025-11-18T00:00:00.000Z,2025-11-18T00:00:00.000Z,,,115,"Marine licences,Environment,Marine,GOV.UK homepage",Marine Management Organisation,Marine Management Organisation,2024 Starmer Labour government,,,
https://www.gov.uk/guidance/united-kingdom-single-issuing-authority-uksia,United Kingdom Single Issuing Authority (UKSIA),detailed_guide,ff657fab-7ecc-42e2-b646-c7802f50dc80,en,whitehall,2020-12-31T00:00:00.000Z,2026-02-18T14:59:55.000Z,,,113,"Vessel licensing,Fishing vessels,Sea fishing,Marine fisheries,Marine,Fishing regulations, monitoring and enforcement,Environment,Fishing quota and catch limits ,Fishing, fisheries and fishing vessels,GOV.UK homepage",Marine Management Organisation,Marine Management Organisation,2019 to 2022 Johnson Conservative government,,,
https://www.gov.uk/guidance/urgent-safety-updates-for-veterinary-medicines,Urgent and clinically significant safety updates for veterinary medicines,detailed_guide,5367149c-5784-436c-a963-ad65426b0bac,en,whitehall,2023-12-12T00:00:00.000Z,2026-02-17T11:05:49.000Z,,,112,"GOV.UK homepage,Animal and plant health,Environment,Wildlife, animals, biodiversity and ecosystems",Veterinary Medicines Directorate,Veterinary Medicines Directorate,2022 to 2024 Sunak Conservative government,,,
https://www.gov.uk/after-flood,What to do after a flood,answer,c837a74e-746d-45ca-bba0-1ddf06fa3cfe,en,publisher,2016-09-05T15:41:08.106Z,2023-08-17T14:26:25.448Z,,,112,"Environment,River maintenance, flooding and coastal erosion,GOV.UK homepage",Government Digital Service,Environment Agency,,,,
https://www.gov.uk/guidance/register-a-biodiversity-gain-site,Register a biodiversity gain site,detailed_guide,5bed55e6-09b1-4de6-b49d-151e3418e928,en,whitehall,2024-02-12T00:00:00.000Z,2025-06-26T15:30:04.000Z,,,112,"Wildlife and habitat conservation,Wildlife, animals, biodiversity and ecosystems,Planning and building,GOV.UK homepage,Environment,Housing, local and community,Biodiversity and ecosystems","Department for Environment, Food & Rural Affairs","Department for Environment, Food & Rural Affairs,Natural England",2022 to 2024 Sunak Conservative government,,,
https://www.gov.uk/guidance/oil-and-gas-offshore-environmental-legislation,Oil and gas: offshore environmental legislation,detailed_guide,5d2cd813-7631-11e4-a3cb-005056011aef,en,whitehall,2013-01-22T00:00:00.000Z,2026-02-16T10:16:26.000Z,,,111,"Environment,Energy infrastructure,Climate change and energy,GOV.UK homepage,Oil, gas and coal",Department for Energy Security and Net Zero,"Department for Energy Security and Net Zero,Offshore Petroleum Regulator for Environment and Decommissioning,Department for Business, Energy & Industrial Strategy",2010 to 2015 Conservative and Liberal Democrat coalition government,,,
https://www.gov.uk/guidance/invasive-non-native-alien-plant-species-rules-in-england-and-wales,Invasive non-native (alien) plant species: rules in England and Wales,detailed_guide,0699ba70-6ec5-443f-bc18-7ec3be063a36,en,whitehall,2020-08-25T23:00:00.000Z,2024-11-18T11:40:10.000Z,,,111,"Wildlife and habitat conservation,Plants,GOV.UK homepage,Wildlife, animals, biodiversity and ecosystems,Environment","Department for Environment, Food & Rural Affairs","Department for Environment, Food & Rural Affairs,Animal and Plant Health Agency",2019 to 2022 Johnson Conservative government,,,
https://www.gov.uk/guidance/fluorinated-gases-f-gases,Fluorinated gases (F gases),detailed_guide,a47b3816-838f-435f-bbc6-c022621e83e8,en,whitehall,2019-02-07T00:00:00.000Z,2024-02-07T13:59:36.000Z,,,110,"Environment,Climate change and energy,Chemicals,F-gases and HCFCs,GOV.UK homepage,Greenhouse gas emissions",Environment Agency,"Environment Agency,Department for Environment, Food & Rural Affairs",2016 to 2019 May Conservative government,,,
https://www.gov.uk/guidance/statutory-biodiversity-credits,Statutory biodiversity credits,detailed_guide,a0e47ce9-f8a6-4ee3-945c-66076f82ecb6,en,whitehall,2023-11-29T00:00:00.000Z,2024-02-12T12:31:12.000Z,,,110,"Environment,Wildlife, animals, biodiversity and ecosystems,Biodiversity and ecosystems,Planning and building,Housing, local and community,Wildlife and habitat conservation,GOV.UK homepage","Department for Environment, Food & Rural Affairs","Department for Environment, Food & Rural Affairs",2022 to 2024 Sunak Conservative government,,,
https://www.gov.uk/guidance/register-temporary-use-of-land-or-buildings-to-keep-livestock,Register temporary use of land or buildings to keep livestock,detailed_guide,a1b72d19-dd87-4945-936c-0e3135eee769,en,whitehall,2025-11-12T09:00:03.000Z,2025-11-12T09:00:03.000Z,,,109,"GOV.UK homepage,Sheep and goats identification, registration and movements,Food and farming,Keeping farmed animals,Cattle identification, registration and movements,Pig identification, registration and movements,Environment",Animal and Plant Health Agency,"Animal and Plant Health Agency,Department for Environment, Food & Rural Affairs",2024 Starmer Labour government,,,
https://www.gov.uk/guidance/badgers-protection-surveys-and-licences,Badgers: protection and licences,detailed_guide,5fe6c2ee-7631-11e4-a3cb-005056011aef,en,whitehall,2014-10-13T13:20:00.000Z,2015-03-29T22:11:30.000Z,,,108,"Wildlife, animals, biodiversity and ecosystems,Wildlife and habitat conservation,Mammals,Environment,GOV.UK homepage",Natural England,"Natural England,Department for Environment, Food & Rural Affairs",2010 to 2015 Conservative and Liberal Democrat coalition government,,,
https://www.gov.uk/guidance/buying-a-cat-or-dog,Buying a cat or dog,detailed_guide,5e15bea4-7631-11e4-a3cb-005056011aef,en,whitehall,2013-04-17T23:00:00.000Z,2025-12-04T14:28:47.000Z,,,108,"Wildlife, animals, biodiversity and ecosystems,Pets,GOV.UK homepage,Environment","Department for Environment, Food & Rural Affairs","Department for Environment, Food & Rural Affairs",2010 to 2015 Conservative and Liberal Democrat coalition government,,,
https://www.gov.uk/guidance/contact-vmd,Contact VMD,detailed_guide,b1113e29-2155-4618-a6d3-172e15c23244,en,whitehall,2021-10-21T23:00:00.000Z,2025-07-03T10:50:44.000Z,,,108,"Wildlife, animals, biodiversity and ecosystems,Environment,Animal and plant health,Wildlife and animal welfare,Animal welfare,Pets,GOV.UK homepage",Veterinary Medicines Directorate,Veterinary Medicines Directorate,2019 to 2022 Johnson Conservative government,,,
https://www.gov.uk/guidance/agricultural-tenancies,Agricultural tenancies,detailed_guide,5c71dc97-7631-11e4-a3cb-005056011aef,en,whitehall,2012-08-21T23:00:00.000Z,2024-03-18T16:13:03.000Z,,,108,"Food and farming industry,Environment,Food and farming,GOV.UK homepage","Department for Environment, Food & Rural Affairs","Department for Environment, Food & Rural Affairs",2010 to 2015 Conservative and Liberal Democrat coalition government,,,
https://www.gov.uk/guidance/d7-waste-exemption-burning-waste-in-the-open,D7: burning plant and untreated wood waste where it's produced,detailed_guide,207f06bf-f0cb-4969-905c-466ed518299d,en,whitehall,2019-09-11T23:00:00.000Z,2025-07-01T08:30:03.000Z,,,108,"Waste exemptions,Environment,Environmental permits,Waste and recycling,GOV.UK homepage",Environment Agency,Environment Agency,2019 to 2022 Johnson Conservative government,,,
https://www.gov.uk/food-safety-hazard-analysis,Make an HACCP food plan,answer,09f98ec2-610a-4e68-9ea3-a2442a074a59,en,publisher,2012-07-03T16:03:55.000Z,2012-10-16T19:34:26.000Z,,,107,"Food labelling and safety,Producing and distributing food,Environment,GOV.UK homepage,Food and farming",Government Digital Service,Food Standards Agency,,,,
https://www.gov.uk/guidance/endangered-species-certificates-for-commercial-use,Commercial use of endangered species: check if you need an Article 10 CITES certificate,detailed_guide,e5bed0e2-c065-488f-bd85-34f575868022,en,whitehall,2019-07-16T23:00:00.000Z,2025-05-23T13:11:16.000Z,,,106,"Wildlife, animals, biodiversity and ecosystems,Wildlife and habitat conservation,Environment,Wildlife and animal welfare,Protected sites and species,Biodiversity and ecosystems,GOV.UK homepage,Animal welfare",Animal and Plant Health Agency,"Animal and Plant Health Agency,Department for Environment, Food & Rural Affairs",2016 to 2019 May Conservative government,,,
https://www.gov.uk/guidance/packaging-data-check-reporting-periods-and-submission-deadlines,Packaging data: check reporting periods and submission deadlines,detailed_guide,a48b1ffe-baef-4b47-9554-ff7d0f0a77ff,en,whitehall,2025-02-19T00:00:00.000Z,2025-12-16T15:45:12.000Z,,,106,"Waste and recycling,Waste management,GOV.UK homepage,Waste and environmental impact,Environment","Department for Environment, Food & Rural Affairs","Department for Environment, Food & Rural Affairs",2024 Starmer Labour government,,,
https://www.gov.uk/guidance/control-and-monitor-emissions-for-your-environmental-permit,Control and monitor emissions for your environmental permit,detailed_guide,6234044c-5819-4764-a1a9-c9007de0d210,en,whitehall,2016-02-01T00:00:00.000Z,2025-12-03T16:04:19.000Z,,,106,"Rural development and land management,Rural and countryside,Environment,Neighbours, noise and pests,Environmental permits,Waste and recycling,Pollution,Emissions and emissions trading,Business and industry,Housing, local and community,GOV.UK homepage,Business and the environment,Pollution and environmental quality,Housing and communities,Climate change and energy",Environment Agency,"Environment Agency,Department for Environment, Food & Rural Affairs",2015 to 2016 Cameron Conservative government,,,
https://www.gov.uk/guidance/bread-and-flour-labelling-and-composition,Bread and flour: labelling and composition,detailed_guide,4d97a462-71ed-41c8-8584-cf1bf04ed9ac,en,whitehall,2025-04-22T23:00:00.000Z,2025-04-22T23:00:00.000Z,,,106,"Food labelling and safety,Producing and distributing food,Food and farming,GOV.UK homepage,Environment","Department for Environment, Food & Rural Affairs","Department for Environment, Food & Rural Affairs,Food Standards Agency",2024 Starmer Labour government,,,
https://www.gov.uk/guidance/how-food-businesses-must-dispose-of-food-and-former-foodstuffs,How food businesses must dispose of food and former foodstuffs,detailed_guide,601b9d86-7631-11e4-a3cb-005056011aef,en,whitehall,2014-10-21T11:48:00.000Z,2014-10-21T11:48:00.000Z,,,105,"Environment,Food and farming,GOV.UK homepage","Department for Environment, Food & Rural Affairs","Department for Environment, Food & Rural Affairs,Animal and Plant Health Agency",2010 to 2015 Conservative and Liberal Democrat coalition government,,,
https://www.gov.uk/guidance/carrier-bag-charges-retailers-responsibilities,Carrier bag charges: retailers' responsibilities,detailed_guide,5feade4d-7631-11e4-a3cb-005056011aef,en,whitehall,2015-03-23T00:00:00.000Z,2025-07-28T13:30:04.000Z,,,105,"GOV.UK homepage,Waste and recycling,Environment","Department for Environment, Food & Rural Affairs","Department for Environment, Food & Rural Affairs",2010 to 2015 Conservative and Liberal Democrat coalition government,,,
https://www.gov.uk/guidance/make-on-site-biodiversity-gains-as-a-developer,Make on-site biodiversity gains as a developer,detailed_guide,c9db073b-2bdf-4486-aaf4-3b6bb5cb7c0f,en,whitehall,2023-11-29T00:00:00.000Z,2024-02-27T15:14:22.000Z,,,105,"GOV.UK homepage,Housing, local and community,Environment,Wildlife and habitat conservation,Planning and building,Biodiversity and ecosystems,Wildlife, animals, biodiversity and ecosystems","Department for Environment, Food & Rural Affairs","Department for Environment, Food & Rural Affairs",2022 to 2024 Sunak Conservative government,,,
https://www.gov.uk/guidance/bird-flu-avian-influenza-housing-your-birds-safely,Bird flu (avian influenza): housing your birds safely,detailed_guide,657926d2-b3bb-4dca-acb0-414cdfb13ef4,en,whitehall,2022-11-04T00:00:00.000Z,2025-11-07T17:23:22.000Z,,,105,"Animal and plant health,Environment,GOV.UK homepage,Food and farming,Wildlife, animals, biodiversity and ecosystems","Department for Environment, Food & Rural Affairs","Department for Environment, Food & Rural Affairs,Animal and Plant Health Agency",2022 to 2024 Sunak Conservative government,,,
https://www.gov.uk/guidance/waste-exemption-nwfd-3-temporary-storage-of-waste-at-a-place-controlled-by-the-producer,Temporary storage of waste produced somewhere else (NWFD 3 exemption),detailed_guide,6f903786-a626-4a38-ad75-8b64d8080e4b,en,whitehall,2014-04-27T23:00:00.000Z,2025-07-01T08:30:00.000Z,,,104,"Business and industry,GOV.UK homepage,Waste exemptions,Environmental permits,Waste and recycling,Environment",Environment Agency,Environment Agency,2010 to 2015 Conservative and Liberal Democrat coalition government,,,
https://www.gov.uk/guidance/reporting-your-biodiversity-duty-actions,Reporting your biodiversity duty actions,detailed_guide,5684559f-05cb-42ce-a1b8-36d549a59d75,en,whitehall,2023-05-16T23:00:00.000Z,2025-09-17T09:00:04.000Z,,,104,"Wildlife, animals, biodiversity and ecosystems,Environment,Biodiversity and ecosystems,GOV.UK homepage","Department for Environment, Food & Rural Affairs","Department for Environment, Food & Rural Affairs",2022 to 2024 Sunak Conservative government,,,
https://www.gov.uk/guidance/fly-tipping-council-responsibilities,Fly-tipping: council responsibilities,detailed_guide,0a14d5eb-71a9-45a1-94a3-84bf91a0e1d3,en,whitehall,2016-06-26T23:00:00.000Z,2024-03-28T10:46:43.000Z,,,103,"Environment,GOV.UK homepage,Business and industry,Local government,Regional and local government","Department for Environment, Food & Rural Affairs","Department for Environment, Food & Rural Affairs",2015 to 2016 Cameron Conservative government,,,
https://www.gov.uk/guidance/wild-birds-protection-surveys-and-licences,Wild birds: protection and licences,detailed_guide,5fed132a-7631-11e4-a3cb-005056011aef,en,whitehall,2014-10-13T09:29:00.000Z,2015-03-29T20:52:22.000Z,,,103,"Wildlife, animals, biodiversity and ecosystems,Environment,Birds,Wildlife and habitat conservation,Biodiversity and ecosystems,GOV.UK homepage",Natural England,"Natural England,Department for Environment, Food & Rural Affairs",2010 to 2015 Conservative and Liberal Democrat coalition government,,,
https://www.gov.uk/guidance/climate-change-agreements--2,Climate change agreements,detailed_guide,5f1abb11-7631-11e4-a3cb-005056011aef,en,whitehall,2014-04-08T23:00:00.000Z,2022-03-02T17:04:55.000Z,,,102,"Climate change and energy,GOV.UK homepage,Environment",Environment Agency,Environment Agency,2010 to 2015 Conservative and Liberal Democrat coalition government,,,
https://www.gov.uk/guidance/sites-of-special-scientific-interest-public-body-responsibilities,Sites of special scientific interest: public body responsibilities,detailed_guide,4876c128-ef39-409a-8c4a-0af5b8c3776b,en,whitehall,2015-07-19T23:00:00.000Z,2024-07-25T14:37:50.000Z,,,102,"Wildlife, animals, biodiversity and ecosystems,Protected sites,Environment,GOV.UK homepage,Rural and countryside,Land sites,Protected sites and species,Rural development and land management",Natural England,Natural England,2015 to 2016 Cameron Conservative government,,,
https://www.gov.uk/guidance/areas-of-outstanding-natural-beauty-aonbs-designation-and-management,Areas of outstanding natural beauty (AONBs): designation and management,detailed_guide,653571fc-db97-4978-b67c-2a9dd8204786,en,whitehall,2017-10-04T23:00:00.000Z,2024-11-19T12:28:51.000Z,,,102,"Protected sites and species,Wildlife, animals, biodiversity and ecosystems,Protected sites,Rural and countryside,Land sites,Landscape,Housing, local and community,Environment,GOV.UK homepage,Planning and building,Rural development and land management",Natural England,Natural England,2016 to 2019 May Conservative government,,,
https://www.gov.uk/guidance/natural-flood-management-programme,Natural flood management programme,detailed_guide,701d62a0-d994-4f49-8e38-c1dff5522035,en,whitehall,2023-09-21T23:00:00.000Z,2026-02-13T16:15:56.000Z,,,102,"Environment,GOV.UK homepage,River maintenance, flooding and coastal erosion",Environment Agency,"Environment Agency,Department for Environment, Food & Rural Affairs",2022 to 2024 Sunak Conservative government,,,
https://www.gov.uk/guidance/get-a-permit-to-deal-with-coal-or-coal-mines,Get a permit to deal with coal or coal mines,detailed_guide,5a3b24de-f42d-4130-b925-819e5c1dde0d,en,whitehall,2021-08-11T23:00:00.000Z,2025-04-01T05:00:05.000Z,,,102,"GOV.UK homepage,Mining permits and licences,Oil, gas and coal,Environment,Energy infrastructure,Coal",Coal Authority,"Coal Authority,Mining Remediation Authority",2019 to 2022 Johnson Conservative government,,,
https://www.gov.uk/guidance/nuisance-smells-how-councils-deal-with-complaints,Nuisance smells: how councils deal with complaints,detailed_guide,359a5a7c-8b5c-4552-8f4c-7776c449a95e,en,whitehall,2015-04-07T13:50:04.000Z,2015-04-07T13:50:04.000Z,,,102,"Pollution and environmental quality,Environment,GOV.UK homepage","Department for Environment, Food & Rural Affairs","Department for Environment, Food & Rural Affairs",2010 to 2015 Conservative and Liberal Democrat coalition government,,,
https://www.gov.uk/guidance/using-the-nutrient-neutrality-calculators,Using the nutrient neutrality calculators,detailed_guide,34db257a-b9e6-4367-85e4-73eabb87110a,en,whitehall,2024-02-28T00:00:00.000Z,2025-05-27T09:00:07.000Z,,,101,"Pollution and environmental quality,Wildlife and habitat conservation,Environment,Housing, local and community,Planning and building,Wildlife, animals, biodiversity and ecosystems,GOV.UK homepage",Natural England,"Natural England,Department for Environment, Food & Rural Affairs",2022 to 2024 Sunak Conservative government,,,
https://www.gov.uk/guidance/labelling-requirements-for-certain-products-moving-from-great-britain-to-retail-premises-in-northern-ireland-under-the-retail-movement-scheme,Labelling requirements for certain products moving from Great Britain to retail premises in Northern Ireland under the Northern Ireland Retail Movement Scheme,detailed_guide,bace9fd0-c5bb-4295-b2f5-64cdd8c1a127,en,whitehall,2023-06-08T23:00:00.000Z,2025-06-16T15:22:18.000Z,,,101,"Environment,Food and farming,Import, export and distribution of food,GOV.UK homepage,Producing and distributing food","Department for Environment, Food & Rural Affairs","Department for Environment, Food & Rural Affairs",2022 to 2024 Sunak Conservative government,,,
https://www.gov.uk/guidance/waste-exemption-t11-repairing-or-refurbishing-waste-electrical-and-electronic-equipment-weee,T11 waste exemption: repairing or refurbishing waste electrical and electronic equipment (WEEE),detailed_guide,5f4d2968-7631-11e4-a3cb-005056011aef,en,whitehall,2014-04-27T23:00:00.000Z,2026-02-03T13:46:43.000Z,,,101,"Environmental permits,Waste exemptions,GOV.UK homepage,Waste and recycling,Environment",Environment Agency,Environment Agency,2010 to 2015 Conservative and Liberal Democrat coalition government,,,
https://www.gov.uk/guidance/planning-applications-coal-mining-risk-assessments,Planning applications and Coal Mining Risk Assessments,detailed_guide,5ff00cc2-7631-11e4-a3cb-005056011aef,en,whitehall,2014-09-16T23:00:00.000Z,2025-02-27T15:53:11.000Z,,,99,"GOV.UK homepage,Property and development,Coal,Oil, gas and coal,Energy infrastructure,Environment,Housing, local and community,Planning and building",Coal Authority,"Coal Authority,Mining Remediation Authority",2010 to 2015 Conservative and Liberal Democrat coalition government,,,
https://www.gov.uk/guidance/e10-petrol-explained,E10 petrol explained,detailed_guide,befef186-af83-4dcb-8822-afe992e02bf4,en,whitehall,2021-02-25T00:15:00.000Z,2022-11-02T09:22:14.000Z,,,99,"Driving and road transport,Roads and the environment,Advice for drivers,Transport,Road transport and the environment,Low carbon fuels,Environment,GOV.UK homepage,Low carbon technologies,Road infrastructure,Emissions and emissions trading,Climate change and energy,Energy infrastructure,Road transport emissions",Department for Transport,Department for Transport,2019 to 2022 Johnson Conservative government,,,
https://www.gov.uk/guidance/national-regulation-gas-and-electricity-meters,National regulation: gas and electricity meters,detailed_guide,000f4f1b-7ad6-423a-83b0-8f6cd63fa3ac,en,whitehall,2025-11-06T11:03:20.000Z,2025-11-06T11:03:20.000Z,,,99,"Environment,Climate change and energy,GOV.UK homepage",Office for Product Safety and Standards,Office for Product Safety and Standards,2024 Starmer Labour government,,,
https://www.gov.uk/guidance/apha-veterinary-investigation-centres-and-surveillance-pathology-partners,APHA Veterinary Investigation Centres and surveillance pathology partners,detailed_guide,cc0f36b3-b76b-4ea4-8a5b-dd3ba8172779,en,whitehall,2024-10-28T00:00:00.000Z,2025-07-24T09:01:59.000Z,,,99,"Animal and plant health,Environment,GOV.UK homepage,Wildlife, animals, biodiversity and ecosystems,Reporting disease and disease outbreaks,Keeping farmed animals,Food and farming","Department for Environment, Food & Rural Affairs","Department for Environment, Food & Rural Affairs,Animal and Plant Health Agency",2024 Starmer Labour government,,,
https://www.gov.uk/guidance/bird-flu-rules-if-you-keep-racing-pigeons-birds-of-prey-and-other-captive-birds,"Bird flu: rules if you keep racing pigeons, birds of prey and other captive birds",detailed_guide,fce8a66b-4755-42ef-8a63-181c20a40d8f,en,whitehall,2022-11-09T00:00:00.000Z,2025-12-11T17:36:32.000Z,,,99,"Animal and plant health,Wildlife, animals, biodiversity and ecosystems,GOV.UK homepage,Environment","Department for Environment, Food & Rural Affairs","Department for Environment, Food & Rural Affairs,Animal and Plant Health Agency",2022 to 2024 Sunak Conservative government,,,
https://www.gov.uk/guidance/registered-dealers-in-controlled-oil-excise-notice-192,Registered dealers in controlled oil (Excise Notice 192),detailed_guide,f0b6550b-45c8-42d5-91e8-5e5ce87a1a2b,en,whitehall,2015-12-17T00:00:00.000Z,2025-11-20T14:19:21.000Z,,,99,"Fuel Duty,Oil and gas licensing,Money,Business tax,Customs declarations, duties and tariffs (import and export),Energy infrastructure,Trade and investment,Oil, gas and coal,Environment,GOV.UK homepage,Business and industry",HM Revenue & Customs,HM Revenue & Customs,2015 to 2016 Cameron Conservative government,,,
https://www.gov.uk/permission-work-on-river-flood-sea-defence,"Check if you need permission to do work on a river, flood defence or sea defence",answer,f8d990b6-7d85-4351-8116-3e77bb1f0aaf,en,publisher,2016-05-20T14:19:28.594Z,2017-05-16T08:19:45.947Z,,,97,"Rural and countryside,Boats and waterways,River maintenance, flooding and coastal erosion,Environment,GOV.UK homepage,Environmental permits",Government Digital Service,Environment Agency,,,,
https://www.gov.uk/guidance/reservoir-flood-maps-when-and-how-to-use-them,Reservoir flood maps: when and how to use them,detailed_guide,5cc22234-57ee-4364-8c2d-5eb5fbcf5f28,en,whitehall,2021-11-09T00:00:00.000Z,2025-12-09T11:32:04.000Z,,,97,"Environment,River maintenance, flooding and coastal erosion,GOV.UK homepage",Environment Agency,Environment Agency,2019 to 2022 Johnson Conservative government,,,
https://www.gov.uk/use-van-fuel-tools,Fuel consumption and emissions for vans,answer,de5f3cba-0b22-4ccd-bad6-85993ed68d48,en,publisher,2012-09-26T10:29:16.000Z,2018-09-19T16:16:55.220Z,,,96,"Waste and environmental impact,Road transport and the environment,Transport,Road transport emissions,Driving and road transport,GOV.UK homepage,Environment,Waste and recycling",Government Digital Service,"Department for Transport,Vehicle Certification Agency",,,,
https://www.gov.uk/guidance/great-crested-newts-advice-for-making-planning-decisions,Great crested newts: advice for making planning decisions,detailed_guide,2df356ef-7772-4468-901d-02a07e63c112,en,whitehall,2022-01-14T00:00:00.000Z,2025-04-07T09:00:00.000Z,,,96,"Wildlife, animals, biodiversity and ecosystems,GOV.UK homepage,Land species,Wildlife and habitat conservation,Reptiles and amphibians,Protected sites and species,Environment",Natural England,Natural England,2019 to 2022 Johnson Conservative government,,,
https://www.gov.uk/guidance/official-cattle-breeds-and-codes,Official cattle breeds and codes,detailed_guide,5f20e9f9-7631-11e4-a3cb-005056011aef,en,whitehall,2014-05-05T23:00:00.000Z,2024-12-16T13:11:39.000Z,,,96,"GOV.UK homepage,Cattle identification, registration and movements,Food and farming,Keeping farmed animals,Environment",British Cattle Movement Service,British Cattle Movement Service,2010 to 2015 Conservative and Liberal Democrat coalition government,,,
https://www.gov.uk/guidance/combined-heat-power-quality-assurance-programme,Combined Heat and Power Quality Assurance (CHPQA) Programme,detailed_guide,5fdd8518-7631-11e4-a3cb-005056011aef,en,whitehall,2014-07-31T23:00:00.000Z,2025-09-02T10:49:37.000Z,,,96,"Low carbon technologies,GOV.UK homepage,Business and industry,Energy infrastructure,Business and the environment,Industrial strategy,Environment,Science and innovation",Department for Energy Security and Net Zero,Department for Energy Security and Net Zero,2010 to 2015 Conservative and Liberal Democrat coalition government,,,
https://www.gov.uk/guidance/river-thames-restrictions-and-closures,River Thames: restrictions and closures,detailed_guide,c9ac475a-793e-47c5-940a-92b6bd980b13,en,whitehall,2020-02-12T00:00:00.000Z,2026-02-11T10:55:34.000Z,,,95,"Rural and countryside,Environment,Boats and waterways,GOV.UK homepage",Environment Agency,Environment Agency,2019 to 2022 Johnson Conservative government,,,
https://www.gov.uk/guidance/foxes-moles-and-mink-how-to-protect-your-property-from-damage,"Foxes, moles and mink: how to protect your property from damage",detailed_guide,af7b63cd-0627-4d97-a22c-f13552a3de4e,en,whitehall,2015-06-01T14:07:00.000Z,2023-04-19T08:52:52.000Z,,,95,"Environment,Food and farming,Housing, local and community,Housing and communities,Neighbours, noise and pests,GOV.UK homepage,Animal welfare,Wildlife, animals, biodiversity and ecosystems",Natural England,Natural England,2015 to 2016 Cameron Conservative government,,,
https://www.gov.uk/guidance/licensing-process-for-keeping-primates,Licensing process for keeping primates,detailed_guide,c0dd09fc-f509-4427-b0e9-77bab2a8cbca,en,whitehall,2025-07-10T14:17:01.000Z,2025-07-10T14:17:01.000Z,,,95,"GOV.UK homepage,Environment,Animal welfare,Wildlife, animals, biodiversity and ecosystems","Department for Environment, Food & Rural Affairs","Department for Environment, Food & Rural Affairs",2024 Starmer Labour government,,,
https://www.gov.uk/guidance/submit-a-biodiversity-gain-plan,Submit a biodiversity gain plan,detailed_guide,8d7f7520-5068-4905-892e-7be5fe5b2cc9,en,whitehall,2023-11-29T00:00:00.000Z,2024-10-09T08:00:04.000Z,,,94,"Housing, local and community,Biodiversity and ecosystems,Wildlife, animals, biodiversity and ecosystems,Wildlife and habitat conservation,GOV.UK homepage,Environment,Planning and building","Department for Environment, Food & Rural Affairs","Department for Environment, Food & Rural Affairs",2022 to 2024 Sunak Conservative government,,,
https://www.gov.uk/guidance/electrical-and-electronic-equipment-eee-producer-responsibility,Electrical and electronic equipment (EEE): producer responsibilities,detailed_guide,5f51b0ae-7631-11e4-a3cb-005056011aef,en,whitehall,2014-04-30T23:00:00.000Z,2025-08-12T10:48:06.000Z,,,94,"Waste and environmental impact,Waste management,Waste and recycling,GOV.UK homepage,Environment",Environment Agency,Environment Agency,2010 to 2015 Conservative and Liberal Democrat coalition government,,,
https://www.gov.uk/guidance/crayfish-apply-for-permission-to-trap,Crayfish: apply for permission to trap,detailed_guide,85f60933-de94-4a4c-821b-11e3c2d26b67,en,whitehall,2025-12-22T00:00:00.000Z,2025-12-23T12:13:58.000Z,,,93,"Wildlife and habitat conservation,Fishing, fisheries and fishing vessels,Wildlife, animals, biodiversity and ecosystems,Fishing regulations, monitoring and enforcement,GOV.UK homepage,Environment,Freshwater fisheries,Invertebrates",Environment Agency,"Environment Agency,Centre for Environment, Fisheries and Aquaculture Science,Natural England,Animal and Plant Health Agency",2024 Starmer Labour government,,,
https://www.gov.uk/guidance/check-plant-health-information-and-import-rules,Check plant health information and import rules,detailed_guide,7b4ea0bf-4cbb-4e47-81b8-323300374998,en,whitehall,2024-10-21T23:00:00.000Z,2024-10-23T13:59:23.000Z,,,93,"Plants,Trade and investment,Import controls,GOV.UK homepage,Wildlife, animals, biodiversity and ecosystems,Environment,Importing,Animal and plant health,Wildlife and habitat conservation,Business and industry","Department for Environment, Food & Rural Affairs","Department for Environment, Food & Rural Affairs",2024 Starmer Labour government,,,
https://www.gov.uk/caring-for-pets,Caring for pets,answer,b9a226e0-86ac-4ee6-8bf3-dab7ccaeea31,en,publisher,2012-09-27T16:26:46.000Z,2014-12-10T15:37:23.000Z,,,92,"Wildlife, animals, biodiversity and ecosystems,Pets,Environment,GOV.UK homepage",Government Digital Service,"Department for Environment, Food & Rural Affairs",,,,
https://www.gov.uk/guidance/defra-approved-disinfectant-when-and-how-to-use-it,Defra-approved disinfectant: when and how to use it,detailed_guide,5f5cbb49-7631-11e4-a3cb-005056011aef,en,whitehall,2014-07-02T23:00:00.000Z,2021-10-06T14:54:25.000Z,,,92,"Food and farming,Keeping farmed animals,Animal and plant health,Reporting disease and disease outbreaks,GOV.UK homepage,Wildlife, animals, biodiversity and ecosystems,Environment","Department for Environment, Food & Rural Affairs","Department for Environment, Food & Rural Affairs,Animal and Plant Health Agency",2010 to 2015 Conservative and Liberal Democrat coalition government,,,
https://www.gov.uk/guidance/prevent-the-spread-of-harmful-invasive-and-non-native-plants,How to stop invasive non-native plants from spreading,detailed_guide,5fdd6ed8-7631-11e4-a3cb-005056011aef,en,whitehall,2014-09-22T23:00:00.000Z,2026-02-12T10:00:06.000Z,,,91,"Rural development and land management,GOV.UK homepage,Wildlife and habitat conservation,Rural and countryside,Wildlife, animals, biodiversity and ecosystems,Plants,Waste and environmental impact,Animal and plant health,Environment,Weeds and invasive, non-native plants,Waste and recycling",Natural England,"Natural England,Department for Environment, Food & Rural Affairs,Environment Agency",2010 to 2015 Conservative and Liberal Democrat coalition government,,,
https://www.gov.uk/guidance/single-use-plastics-bans-and-restrictions,Single-use plastics bans and restrictions ,detailed_guide,e4b765d4-50a9-43d9-869c-c7b4528d1acf,en,whitehall,2024-01-22T00:00:00.000Z,2024-10-07T10:09:44.000Z,,,91,"Waste and environmental impact,Waste and recycling,Environment,GOV.UK homepage","Department for Environment, Food & Rural Affairs","Department for Environment, Food & Rural Affairs",2022 to 2024 Sunak Conservative government,,,
https://www.gov.uk/register-farm-vehicle,Register a farm vehicle,answer,23e8d032-ecea-46c9-a341-8eaaee69511a,en,publisher,2012-10-15T13:43:58.000Z,2022-08-23T15:04:48.659Z,,,90,"Food and farming industry,Food and farming,GOV.UK homepage,Environment",Government Digital Service,"Department for Transport,Driver and Vehicle Licensing Agency,Health and Safety Executive",,,,
https://www.gov.uk/guidance/animal-welfare-in-transport,Animal welfare in transport,detailed_guide,aeba645e-f18b-4b82-b63a-4809b37bb1b0,en,whitehall,2024-05-22T23:00:00.000Z,2024-10-14T07:39:14.000Z,,,90,"Animal welfare,Environment,Wildlife, animals, biodiversity and ecosystems,GOV.UK homepage","Department for Environment, Food & Rural Affairs","Department for Environment, Food & Rural Affairs,Animal and Plant Health Agency",2022 to 2024 Sunak Conservative government,,,
https://www.gov.uk/guidance/waste-exemption-t6-treating-waste-wood-and-waste-plant-matter-by-chipping-shredding-cutting-or-pulverising,T6: treating waste wood and plant matter,detailed_guide,5f4d270f-7631-11e4-a3cb-005056011aef,en,whitehall,2014-04-27T23:00:00.000Z,2025-07-21T09:55:54.000Z,,,89,"Waste management,Environment,Environmental permits,GOV.UK homepage,Waste exemptions,Waste and recycling",Environment Agency,Environment Agency,2010 to 2015 Conservative and Liberal Democrat coalition government,,,
https://www.gov.uk/guidance/using-persistent-organic-pollutants-pops,Using persistent organic pollutants (POPs),detailed_guide,5abe8a1c-6e55-45e4-804c-5ec1ce7987af,en,whitehall,2015-03-27T00:00:00.000Z,2026-01-26T14:55:31.000Z,,,88,"Environment,Chemicals,GOV.UK homepage,Pollution and environmental quality",Environment Agency,Environment Agency,2010 to 2015 Conservative and Liberal Democrat coalition government,,,
https://www.gov.uk/guidance/nitrate-vulnerable-zone-designations-and-appeals-2025-to-2028,Nitrate vulnerable zone designations and appeals 2025 to 2028,detailed_guide,8d4605e4-5741-4015-96a3-a931230851a0,en,whitehall,2025-02-12T09:09:55.000Z,2025-02-12T09:09:55.000Z,,,88,"Farming,Food and farming,Environment,GOV.UK homepage,Rural and countryside,Rural development and land management","Department for Environment, Food & Rural Affairs","Department for Environment, Food & Rural Affairs",2024 Starmer Labour government,,,
https://www.gov.uk/guidance/inland-waterways-and-categorisation-of-waters,Inland waterways and categorisation of waters,detailed_guide,5c76195d-7631-11e4-a3cb-005056011aef,en,whitehall,2012-09-13T23:00:00.000Z,2023-10-30T16:58:19.000Z,,,88,"Waterways (maritime),Rural and countryside,Transport,Business and industry,Boats and waterways,Maritime and shipping,GOV.UK homepage,Environment",Maritime and Coastguard Agency,Maritime and Coastguard Agency,2010 to 2015 Conservative and Liberal Democrat coalition government,,,
https://www.gov.uk/guidance/report-farm-animal-welfare-concerns,Report farm animal welfare concerns,detailed_guide,3bb1dfea-0a0a-486c-a04f-0e433c9601ae,en,whitehall,2025-06-11T12:46:57.000Z,2025-06-11T12:46:57.000Z,,,87,"GOV.UK homepage,Animal welfare,Environment,Wildlife, animals, biodiversity and ecosystems",Animal and Plant Health Agency,"Animal and Plant Health Agency,Department for Environment, Food & Rural Affairs",2024 Starmer Labour government,,,
https://www.gov.uk/guidance/import-live-animals-and-germinal-products-from-the-eu-to-great-britain,Import live animals and germinal products from the EU to Great Britain,detailed_guide,d7c8d629-3742-4ed7-abe1-ef18383ffe7c,en,whitehall,2021-12-15T00:00:00.000Z,2026-02-18T13:47:14.000Z,,,86,"Animal and plant health,Importing,Environment,Import controls,Trade and investment,Food and farming,Business and industry,Keeping farmed animals,Import and export of farmed animals,GOV.UK homepage,Animal welfare,Wildlife, animals, biodiversity and ecosystems","Department for Environment, Food & Rural Affairs","Department for Environment, Food & Rural Affairs",2019 to 2022 Johnson Conservative government,,,
https://www.gov.uk/guidance/legal-agreements-to-secure-your-biodiversity-net-gain,Enter a legal agreement for biodiversity net gain,detailed_guide,fa4e81ee-a30f-44f2-beb1-73966f4ab8a1,en,whitehall,2023-11-29T00:00:00.000Z,2024-10-04T09:47:22.000Z,,,86,"Biodiversity and ecosystems,Wildlife, animals, biodiversity and ecosystems,Planning and building,Wildlife and habitat conservation,GOV.UK homepage,Housing, local and community,Environment","Department for Environment, Food & Rural Affairs","Department for Environment, Food & Rural Affairs",2022 to 2024 Sunak Conservative government,,,
https://www.gov.uk/report-veterinary-medicine-problem,Report a suspected problem with an animal medicine or microchip,answer,4582513d-5a9a-4d17-a9de-50d432445608,en,publisher,2014-10-07T11:30:41.000Z,2024-12-18T14:00:06.897Z,,,86,"Environment,GOV.UK homepage,Food and farming,Wildlife, animals, biodiversity and ecosystems,Food and farming industry,Pets",Government Digital Service,Veterinary Medicines Directorate,,,,
https://www.gov.uk/guidance/plastic-wet-wipes-ban,Plastic wet wipes ban,detailed_guide,cd5e8bf0-740d-4842-bf58-f0922e78c006,en,whitehall,2025-12-17T16:44:26.000Z,2025-12-17T16:44:26.000Z,,,86,"GOV.UK homepage,Waste and recycling,Waste management,Waste and environmental impact,Environment","Department for Environment, Food & Rural Affairs","Department for Environment, Food & Rural Affairs",2024 Starmer Labour government,,,
https://www.gov.uk/guidance/report-nitrogen-and-phosphorus-emissions-from-intensive-pig-and-poultry-farms,Report nitrogen and phosphorus emissions from intensive pig and poultry farms,detailed_guide,f601d439-fb39-40d5-b826-12fa95017d68,en,whitehall,2025-12-04T09:00:03.000Z,2025-12-04T09:00:03.000Z,,,86,"Food and farming industry,Environmental permits,Pollution and environmental quality,Environment,GOV.UK homepage,Keeping farmed animals,Food and farming",Environment Agency,Environment Agency,2024 Starmer Labour government,,,
https://www.gov.uk/guidance/open-access-land-management-rights-and-responsibilities,"Open access land: management, rights and responsibilities",detailed_guide,5f612f30-7631-11e4-a3cb-005056011aef,en,whitehall,2014-09-16T23:00:00.000Z,2025-11-06T10:51:16.000Z,,,85,"GOV.UK homepage,Access to the countryside,Environment,Rural and countryside,Countryside",Natural England,Natural England,2010 to 2015 Conservative and Liberal Democrat coalition government,,,
https://www.gov.uk/guidance/waste-exemption-nwfd-2-temporary-storage-at-the-place-of-production--2,Temporary storage where waste is produced (NWFD 2 exemption),detailed_guide,f1333a06-49c9-4919-a56c-d21d103871b9,en,whitehall,2014-04-27T23:00:00.000Z,2025-07-01T08:30:03.000Z,,,85,"Environmental permits,Environment,Waste and recycling,Waste exemptions,GOV.UK homepage",Environment Agency,Environment Agency,2010 to 2015 Conservative and Liberal Democrat coalition government,,,
https://www.gov.uk/guidance/how-much-you-can-claim-to-improve-animal-health-and-welfare,How much you can claim to improve animal health and welfare,detailed_guide,077f094b-2444-47c4-8208-afeecd30a19a,en,whitehall,2025-06-25T23:00:00.000Z,2026-01-22T10:00:00.000Z,,,85,"Environment,Food and farming,Farming and food grants and payments,GOV.UK homepage","Department for Environment, Food & Rural Affairs","Department for Environment, Food & Rural Affairs",2024 Starmer Labour government,,,
https://www.gov.uk/guidance/labelling-spirit-drinks,Labelling spirit drinks,detailed_guide,5c7f4865-e6de-45db-b7a5-b370b2f987a2,en,whitehall,2022-05-05T23:00:00.000Z,2025-07-25T12:48:42.000Z,,,85,"Food labelling and safety,GOV.UK homepage,Producing and distributing food,Environment,Food and farming","Department for Environment, Food & Rural Affairs","Department for Environment, Food & Rural Affairs",2019 to 2022 Johnson Conservative government,,,
https://www.gov.uk/guidance/tag-sheep-with-ear-tags-pastern-bands-and-boluses,"Tag sheep with ear tags, pastern bands and boluses",detailed_guide,7658b5ed-0e61-47d4-b8fa-3569a24910da,en,whitehall,2014-05-31T23:00:00.000Z,2026-02-16T16:43:30.000Z,,,85,"Keeping farmed animals,Food and farming,Environment,Sheep and goats identification, registration and movements,GOV.UK homepage","Department for Environment, Food & Rural Affairs","Department for Environment, Food & Rural Affairs,Rural Payments Agency",2010 to 2015 Conservative and Liberal Democrat coalition government,,,
https://www.gov.uk/guidance/slaughter-poultry-livestock-and-rabbits-for-home-consumption,"Slaughter poultry, livestock and rabbits for home consumption",detailed_guide,5f43dd65-7631-11e4-a3cb-005056011aef,en,whitehall,2015-10-16T14:15:00.000Z,2023-06-05T09:50:48.000Z,,,84,"Environment,GOV.UK homepage,Animal welfare,Food and farming,Wildlife, animals, biodiversity and ecosystems","Department for Environment, Food & Rural Affairs","Department for Environment, Food & Rural Affairs",2015 to 2016 Cameron Conservative government,,,
https://www.gov.uk/guidance/dog-breeding-licence-england,Dog breeding licence (England),detailed_guide,05ae9166-e55d-4e2c-9b71-91141fd6c297,en,whitehall,2020-11-04T11:35:00.000Z,2020-11-04T11:35:00.000Z,,,84,"Wildlife, animals, biodiversity and ecosystems,Environment,GOV.UK homepage,Animal welfare","Department for Environment, Food & Rural Affairs","Department for Environment, Food & Rural Affairs",2019 to 2022 Johnson Conservative government,,,
https://www.gov.uk/guidance/import-live-animals-and-germinal-products-to-great-britain-under-balai-rules,Import live animals and germinal products to Great Britain under Balai rules,detailed_guide,adcef685-bce3-4fe1-8681-e94016cbb9f6,en,whitehall,2021-12-17T00:00:00.000Z,2025-10-14T16:43:46.000Z,,,83,"GOV.UK homepage,Animal welfare,Business and industry,Environment,Wildlife, animals, biodiversity and ecosystems,Import controls,Animal and plant health,Pets,Trade and investment,Importing","Department for Environment, Food & Rural Affairs","Department for Environment, Food & Rural Affairs",2019 to 2022 Johnson Conservative government,,,
https://www.gov.uk/guidance/organic-food-uk-approved-control-bodies,Organic products: approved UK control bodies,detailed_guide,e7cc84c7-1c1f-4b76-b2e4-92e3b9f05da1,en,whitehall,2020-12-31T00:00:00.000Z,2025-08-20T11:28:30.000Z,,,83,"Food labelling and safety,Environment,Producing and distributing food,GOV.UK homepage,Food and farming industry,Food and farming","Department for Environment, Food & Rural Affairs","Department for Environment, Food & Rural Affairs",2019 to 2022 Johnson Conservative government,,,
https://www.gov.uk/oil-storage-regulations-and-safety,Storing oil at your home or business,guide,89e4b950-448d-41e3-b2ac-98e2d7a3cab6,en,publisher,2014-05-20T14:55:17.000Z,2015-12-11T12:27:49.000Z,,,83,"Waste and recycling,Environment,GOV.UK homepage",Government Digital Service,Environment Agency,,,,
https://www.gov.uk/guidance/protected-geographical-food-and-drink-names-uk-gi-schemes,Protected geographical food and drink names: UK GI schemes,detailed_guide,1f8ffe74-e580-4ada-8990-8b3ac588a0cc,en,whitehall,2020-12-31T00:00:00.000Z,2024-03-08T14:50:03.000Z,,,83,"GOV.UK homepage,Food labelling and safety,Environment,Producing and distributing food,Food and farming","Department for Environment, Food & Rural Affairs","Department for Environment, Food & Rural Affairs",2019 to 2022 Johnson Conservative government,,,
https://www.gov.uk/guidance/medium-combustion-plant-apply-for-an-environmental-permit,Medium combustion plant: apply for an environmental permit,detailed_guide,058d56f6-baa8-40c0-9741-e3dc5a7754fa,en,whitehall,2019-07-14T23:00:00.000Z,2026-02-12T10:00:06.000Z,,,83,"GOV.UK homepage,Environmental permits,Business and industry,Business and the environment,Pollution and environmental quality,Environment",Environment Agency,"Environment Agency,Natural Resources Wales,Department for Environment, Food & Rural Affairs,Welsh Government",2016 to 2019 May Conservative government,,,
https://www.gov.uk/guidance/advertising-non-medicinal-veterinary-products,Advertising non-medicinal veterinary products,detailed_guide,a4ad3669-22f7-496b-af64-10badcead6e0,en,whitehall,2026-01-14T11:10:00.000Z,2026-01-14T11:10:00.000Z,,,83,"Wildlife, animals, biodiversity and ecosystems,Environment,Animal and plant health,GOV.UK homepage",Veterinary Medicines Directorate,Veterinary Medicines Directorate,2024 Starmer Labour government,,,
https://www.gov.uk/guidance/import-or-move-composite-products-from-the-eu-and-northern-ireland-to-great-britain,Import composite products to Great Britain,detailed_guide,d19379ea-1c98-43f1-b225-08387ff9c769,en,whitehall,2021-05-24T23:00:00.000Z,2025-04-16T16:34:38.000Z,,,82,"Importing,Import, export and distribution of food,Wildlife, animals, biodiversity and ecosystems,GOV.UK homepage,Environment,Trade and investment,Business and industry,Animal and plant health,Import controls,Food and farming,Producing and distributing food","Department for Environment, Food & Rural Affairs","Department for Environment, Food & Rural Affairs",2019 to 2022 Johnson Conservative government,,,
https://www.gov.uk/guidance/meet-biodiversity-net-gain-requirements-steps-for-developers,Meet biodiversity net gain requirements: steps for developers,detailed_guide,9e8d1caf-f7fa-41c2-985a-46cef953ff1f,en,whitehall,2023-11-29T00:00:00.000Z,2024-02-12T12:30:12.000Z,,,82,"Planning and building,Wildlife and habitat conservation,Wildlife, animals, biodiversity and ecosystems,Environment,GOV.UK homepage,Biodiversity and ecosystems,Housing, local and community","Department for Environment, Food & Rural Affairs","Department for Environment, Food & Rural Affairs",2022 to 2024 Sunak Conservative government,,,
https://www.gov.uk/guidance/great-crested-newts-protection-surveys-and-licences,Great crested newts: protection and licences,detailed_guide,5fe32938-7631-11e4-a3cb-005056011aef,en,whitehall,2014-10-09T16:01:00.000Z,2015-05-18T10:27:58.000Z,,,82,"Wildlife, animals, biodiversity and ecosystems,Environment,Wildlife and habitat conservation,GOV.UK homepage,Reptiles and amphibians",Natural England,Natural England,2010 to 2015 Conservative and Liberal Democrat coalition government,,,
https://www.gov.uk/guidance/medium-combustion-plant-when-you-need-a-permit,Medium combustion plant: when you need a permit,detailed_guide,bda58800-01ee-4bbf-96ba-65f2ce29b2fe,en,whitehall,2019-07-14T23:00:00.000Z,2025-07-09T08:51:54.000Z,,,82,"Environment,Business and industry,Business and the environment,GOV.UK homepage,Environmental permits,Pollution and environmental quality",Environment Agency,"Environment Agency,Natural Resources Wales,Department for Environment, Food & Rural Affairs,Welsh Government",2016 to 2019 May Conservative government,,,
https://www.gov.uk/guidance/legal-operator-and-competence-requirements-environmental-permits,Legal operator and competence requirements: environmental permits,detailed_guide,610a52b5-f1db-49d3-ada8-7c791f1ade92,en,whitehall,2016-02-01T00:00:00.000Z,2025-04-30T15:58:19.000Z,,,82,"Business and the environment,Business and industry,Environmental permits,Environment,GOV.UK homepage",Environment Agency,"Environment Agency,Department for Environment, Food & Rural Affairs",2015 to 2016 Cameron Conservative government,,,
https://www.gov.uk/guidance/find-your-local-apha-scotland-field-services-office,Find your local APHA Scotland Field Services office,detailed_guide,2c3ceeac-1520-41ef-b59d-4398f7205673,en,whitehall,2024-12-04T12:05:02.000Z,2024-12-04T12:05:02.000Z,,,81,"Environment,GOV.UK homepage","Department for Environment, Food & Rural Affairs","Department for Environment, Food & Rural Affairs,Animal and Plant Health Agency",2024 Starmer Labour government,,,
https://www.gov.uk/guidance/report-and-record-cattle-movements,Record and report cattle movements,detailed_guide,5f20e5bc-7631-11e4-a3cb-005056011aef,en,whitehall,2014-05-06T11:51:00.000Z,2022-11-08T09:17:22.000Z,,,81,"Cattle identification, registration and movements,Food and farming,Environment,Keeping farmed animals,GOV.UK homepage",British Cattle Movement Service,"British Cattle Movement Service,Rural Payments Agency",2010 to 2015 Conservative and Liberal Democrat coalition government,,,
https://www.gov.uk/guidance/bluetongue,Bluetongue: how to spot and report it,detailed_guide,5fa8f693-7631-11e4-a3cb-005056011aef,en,whitehall,2014-08-25T23:00:00.000Z,2025-07-01T07:45:01.000Z,,,80,"Cattle deaths,GOV.UK homepage,Food and farming,Keeping farmed animals,Environment,Reporting disease and disease outbreaks","Department for Environment, Food & Rural Affairs","Department for Environment, Food & Rural Affairs,Animal and Plant Health Agency",2010 to 2015 Conservative and Liberal Democrat coalition government,,,
https://www.gov.uk/guidance/school-milk-subsidy-scheme,School milk subsidy scheme,detailed_guide,9d61e60b-af6b-4e16-91db-cccb3c9f2c15,en,whitehall,2023-05-30T23:00:00.000Z,2024-10-31T11:16:31.000Z,,,80,"School milk scheme,Environment,Food and farming,GOV.UK homepage,Farming and food grants and payments",Rural Payments Agency,Rural Payments Agency,2022 to 2024 Sunak Conservative government,,,
https://www.gov.uk/guidance/egg-marketing-standards,Egg marketing standards,detailed_guide,9185c98e-f173-4014-8a19-c0e7dec50c1e,en,whitehall,2020-12-31T00:00:00.000Z,2023-12-12T12:15:02.000Z,,,79,"Import, export and distribution of food,Food and farming industry,Producing and distributing food,Egg production and marketing,Food and farming,Environment,GOV.UK homepage","Department for Environment, Food & Rural Affairs","Department for Environment, Food & Rural Affairs",2019 to 2022 Johnson Conservative government,,,
https://www.gov.uk/guidance/river-basin-management-plans-updated-2022,River basin management plans: updated 2022,detailed_guide,e57163b6-d17b-428c-a987-2f774f7cff3a,en,whitehall,2022-10-20T23:00:00.000Z,2024-01-17T10:08:31.000Z,,,79,"River maintenance, flooding and coastal erosion,Wildlife and habitat conservation,Environment,Water management,GOV.UK homepage,Wildlife, animals, biodiversity and ecosystems",Environment Agency,Environment Agency,2022 Truss Conservative government,,,
https://www.gov.uk/guidance/sell-biodiversity-units-as-a-land-manager,Sell biodiversity units as a land manager,detailed_guide,7dfd185b-9dd8-47b5-adb1-81d32405488d,en,whitehall,2023-02-21T00:00:00.000Z,2025-06-18T13:57:30.000Z,,,79,"Housing, local and community,Planning and building,Wildlife and habitat conservation,Biodiversity and ecosystems,GOV.UK homepage,Environment,Wildlife, animals, biodiversity and ecosystems","Department for Environment, Food & Rural Affairs","Department for Environment, Food & Rural Affairs",2022 to 2024 Sunak Conservative government,,,
https://www.gov.uk/guidance/importing-organic-food-to-the-uk,"Importing organic food, feed and seed to the UK",detailed_guide,a713de32-aa30-4c8f-9984-d119363a3d19,en,whitehall,2023-04-19T23:00:00.000Z,2025-08-13T14:50:21.000Z,,,79,"GOV.UK homepage,Food and farming,Import, export and distribution of food,Producing and distributing food,Environment","Department for Environment, Food & Rural Affairs","Department for Environment, Food & Rural Affairs",2022 to 2024 Sunak Conservative government,,,
https://www.gov.uk/guidance/bats-protection-surveys-and-licences,Bats: protection and licences,detailed_guide,5f67504c-7631-11e4-a3cb-005056011aef,en,whitehall,2014-10-07T23:00:00.000Z,2015-03-29T21:59:57.000Z,,,78,"Mammals,Environment,Land species,Protected sites and species,GOV.UK homepage,Wildlife, animals, biodiversity and ecosystems,Wildlife and habitat conservation",Natural England,"Natural England,Department for Environment, Food & Rural Affairs",2010 to 2015 Conservative and Liberal Democrat coalition government,,,
https://www.gov.uk/guidance/get-a-certificate-of-competence-or-licence-to-slaughter-or-kill-animals,Certificate of Competence or licence to slaughter or kill animals,detailed_guide,1048a5cd-ab3a-4069-8ba1-fae7dd21c534,en,whitehall,2015-10-14T23:00:00.000Z,2025-03-04T10:00:02.000Z,,,78,"Environment,Food and farming,Food and farming industry,GOV.UK homepage","Department for Environment, Food & Rural Affairs","Department for Environment, Food & Rural Affairs",2015 to 2016 Cameron Conservative government,,,
https://www.gov.uk/guidance/waste-batteries-producer-responsibility,Waste batteries: producer responsibility,detailed_guide,5f66036d-7631-11e4-a3cb-005056011aef,en,whitehall,2014-06-25T23:00:00.000Z,2025-03-12T15:24:59.000Z,,,78,"Business and industry,Waste and environmental impact,Business and the environment,Waste and recycling,GOV.UK homepage,Environment",Environment Agency,Environment Agency,2010 to 2015 Conservative and Liberal Democrat coalition government,,,
https://www.gov.uk/guidance/export-live-animals-special-rules,Export or move live animals,detailed_guide,50148125-71ce-4ca3-9339-984b494267b7,en,whitehall,2016-11-09T00:00:00.000Z,2024-11-13T09:27:49.000Z,,,77,"Environment,Business and industry,Export controls and licensing,Trade and investment,GOV.UK homepage,Wildlife, animals, biodiversity and ecosystems,Animal and plant health,Exporting",Animal and Plant Health Agency,Animal and Plant Health Agency,2016 to 2019 May Conservative government,,,
https://www.gov.uk/guidance/sheep-and-goat-keepers-complete-your-annual-inventory,Sheep and goat keepers: complete your annual inventory,detailed_guide,2f3df26a-9be9-496a-87c5-8b67a375fd8b,en,whitehall,2014-05-31T23:00:00.000Z,2025-11-10T12:31:23.000Z,,,77,"Food and farming,GOV.UK homepage,Environment,Keeping farmed animals,Sheep and goats identification, registration and movements","Department for Environment, Food & Rural Affairs","Department for Environment, Food & Rural Affairs",2010 to 2015 Conservative and Liberal Democrat coalition government,,,
https://www.gov.uk/guidance/sfi-expanded-offer-for-2024-agreement-holders-information,SFI expanded offer for 2024: agreement holder’s information,detailed_guide,affe5de0-28fb-44fc-82b7-7ef72abc57ca,en,whitehall,2025-04-22T23:00:00.000Z,2025-06-30T16:30:01.000Z,,,76,"Food and farming,GOV.UK homepage,Environment,Farming and food grants and payments,Rural grants and payments","Department for Environment, Food & Rural Affairs","Department for Environment, Food & Rural Affairs,Rural Payments Agency",2024 Starmer Labour government,,,
https://www.gov.uk/guidance/dispose-of-waste-to-landfill,Dispose of waste to landfill,detailed_guide,a70d35d1-5722-4074-b160-734d4a41c2b0,en,whitehall,2020-01-30T00:00:00.000Z,2025-03-12T15:25:23.000Z,,,76,"GOV.UK homepage,Environment,Waste management,Waste and environmental impact,Waste and recycling",Environment Agency,Environment Agency,2019 to 2022 Johnson Conservative government,,,
https://www.gov.uk/keeping-horses/dealing-with-waste,Keeping horses: Dealing with waste,guide,240b208f-028a-461f-81ba-ab9ffe3ced44,en,publisher,2012-10-02T12:04:53.000Z,2015-05-19T12:50:05.000Z,,,76,"Wildlife, animals, biodiversity and ecosystems,Pets,Environment,GOV.UK homepage",Government Digital Service,"Department for Environment, Food & Rural Affairs",,,,
https://www.gov.uk/guidance/woodland-owners-tax-guidance,Woodland owners: tax guidance,detailed_guide,2571d88a-d1a4-4a20-977f-046cff3451c9,en,whitehall,2018-07-08T23:00:00.000Z,2023-12-15T09:30:07.000Z,,,75,"Forests and woodland,GOV.UK homepage,Environment,Personal tax,Rural and countryside,Money",Forestry Commission,"Forestry Commission,HM Revenue & Customs,Natural England",2016 to 2019 May Conservative government,,,
https://www.gov.uk/horse-passport,Getting and using a horse passport,guide,d9f61057-fd9d-4b92-a5c9-e1fac20790d5,en,publisher,2012-01-26T10:31:09.000Z,2015-05-19T12:48:07.000Z,,,75,"Pets,Wildlife, animals, biodiversity and ecosystems,GOV.UK homepage,Environment",Government Digital Service,"Department for Environment, Food & Rural Affairs",,,,
https://www.gov.uk/guidance/waste-exemption-t4-preparatory-treatments-baling-sorting-shredding-etc,T4: storing and preparing for further treatment,detailed_guide,5f4d25e2-7631-11e4-a3cb-005056011aef,en,whitehall,2014-04-27T23:00:00.000Z,2025-07-01T08:30:01.000Z,,,75,"Environmental permits,Waste and recycling,Environment,GOV.UK homepage,Waste exemptions",Environment Agency,Environment Agency,2010 to 2015 Conservative and Liberal Democrat coalition government,,,
https://www.gov.uk/guidance/make-off-site-biodiversity-gains-as-a-developer,Make off-site biodiversity gains as a developer,detailed_guide,5e25bb26-a814-4dda-a39c-bedc70ded23d,en,whitehall,2023-11-29T00:00:00.000Z,2024-05-08T10:27:10.000Z,,,75,"GOV.UK homepage,Planning and building,Housing, local and community,Wildlife and habitat conservation,Wildlife, animals, biodiversity and ecosystems,Biodiversity and ecosystems,Environment","Department for Environment, Food & Rural Affairs","Department for Environment, Food & Rural Affairs",2022 to 2024 Sunak Conservative government,,,
https://www.gov.uk/guidance/irreplaceable-habitats,Irreplaceable habitat,detailed_guide,aa0dd203-c904-4e27-b45f-f71f251563c4,en,whitehall,2024-02-22T00:00:00.000Z,2024-09-04T15:39:22.000Z,,,74,"Biodiversity and ecosystems,Planning and building,Wildlife and habitat conservation,GOV.UK homepage,Housing, local and community,Wildlife, animals, biodiversity and ecosystems,Environment","Department for Environment, Food & Rural Affairs","Department for Environment, Food & Rural Affairs",2022 to 2024 Sunak Conservative government,,,
https://www.gov.uk/guidance/vets-how-to-do-an-animal-health-and-welfare-review-and-endemic-disease-follow-up,What a vet needs to do on a review and follow-up,detailed_guide,5f419286-a3e0-4025-bb70-f0e58fa37581,en,whitehall,2024-06-18T23:00:00.000Z,2025-06-26T09:00:05.000Z,,,74,"GOV.UK homepage,Food and farming,Environment,Farming and food grants and payments","Department for Environment, Food & Rural Affairs","Department for Environment, Food & Rural Affairs,Rural Payments Agency",2022 to 2024 Sunak Conservative government,,,
https://www.gov.uk/guidance/vet-summary-templates-for-all-species,Vet summary templates for all species,detailed_guide,35b2e5b8-c735-4964-8237-4eab9e9c644e,en,whitehall,2025-06-25T23:00:00.000Z,2026-01-22T10:00:01.000Z,,,74,"Environment,Farming and food grants and payments,Food and farming,GOV.UK homepage","Department for Environment, Food & Rural Affairs","Department for Environment, Food & Rural Affairs",2024 Starmer Labour government,,,
https://www.gov.uk/guidance/planning-inspectorate-webinars,Planning Inspectorate webinars,detailed_guide,5c9c87b3-eb3e-434d-957f-912a7b9677b1,en,whitehall,2024-11-06T00:00:00.000Z,2026-01-22T16:03:34.000Z,,,73,"Environment,Countryside,Planning and building,Planning reform,Local Plans,GOV.UK homepage,Rural and countryside,Planning system,Planning permission and appeals,Access to the countryside,Housing, local and community",Planning Inspectorate,Planning Inspectorate,2024 Starmer Labour government,,,
https://www.gov.uk/guidance/plant-health-controls,Plant health controls,detailed_guide,5c71e0e9-7631-11e4-a3cb-005056011aef,en,whitehall,2012-09-06T23:00:00.000Z,2024-10-11T12:24:06.000Z,,,73,"GOV.UK homepage,Environment,Animal and plant health,Wildlife, animals, biodiversity and ecosystems,Food and farming","Department for Environment, Food & Rural Affairs","Department for Environment, Food & Rural Affairs,Animal and Plant Health Agency",2010 to 2015 Conservative and Liberal Democrat coalition government,,,
https://www.gov.uk/guidance/construction-and-demolition-waste-how-to-classify,Construction and demolition waste: how to classify,detailed_guide,3c3c9104-a6f0-40d0-909a-c59c766040d0,en,whitehall,2014-03-21T00:00:00.000Z,2025-08-13T13:49:31.000Z,,,73,"Business and the environment,Business and industry,Waste and recycling,GOV.UK homepage,Environment,Waste and environmental impact,Waste management",Environment Agency,"Environment Agency,Department for Environment, Food & Rural Affairs",2010 to 2015 Conservative and Liberal Democrat coalition government,,,
https://www.gov.uk/guidance/selling-animals-as-pets-licence-england,Selling animals as pets licence (England),detailed_guide,ecde97fe-bbd6-42e3-8689-3df918d32f67,en,whitehall,2020-11-04T11:19:00.000Z,2021-02-02T15:51:12.000Z,,,73,"Environment,Animal welfare,GOV.UK homepage,Wildlife, animals, biodiversity and ecosystems","Department for Environment, Food & Rural Affairs","Department for Environment, Food & Rural Affairs",2019 to 2022 Johnson Conservative government,,,
https://www.gov.uk/guidance/great-crested-newts-district-level-licensing-for-local-planning-authorities,Great crested newts: district level licensing for local planning authorities,detailed_guide,5081fab6-0e34-4efd-a897-b6ed9d5d1855,en,whitehall,2022-07-25T09:57:00.000Z,2022-07-25T09:57:00.000Z,,,73,"Protected sites and species,Environment,Planning and building,Housing, local and community,Wildlife and habitat conservation,Reptiles and amphibians,Environmental planning,GOV.UK homepage,Wildlife, animals, biodiversity and ecosystems",Natural England,"Natural England,Department for Environment, Food & Rural Affairs",2019 to 2022 Johnson Conservative government,,,
https://www.gov.uk/guidance/trees-and-woodland-guidance-for-local-authorities,Trees and woodland guidance for local authorities,detailed_guide,35087d56-11b6-49a7-b10e-82dba66480b7,en,whitehall,2026-02-14T12:05:00.000Z,2026-02-14T12:05:00.000Z,,,72,"Rural and countryside,Forests and woodland,GOV.UK homepage,Environment",Forestry Commission,Forestry Commission,2024 Starmer Labour government,,,
https://www.gov.uk/guidance/exporting-to-the-uk-countries-and-establishments-approved-to-export-animals-and-animal-products,Exporting to Great Britain: establishments approved to export animals and animal products,detailed_guide,ca088643-c458-4e9e-8f9d-09e8f802c55c,en,whitehall,2021-11-15T09:50:00.000Z,2022-06-30T23:15:08.000Z,,,72,"GOV.UK homepage,Importing,Business and industry,Import, export and distribution of food,Producing and distributing food,Environment,Trade and investment,Food and farming,Import controls","Department for Environment, Food & Rural Affairs","Department for Environment, Food & Rural Affairs",2019 to 2022 Johnson Conservative government,,,
https://www.gov.uk/guidance/organic-food-labelling-rules,Organic food: labelling and advertising rules,detailed_guide,edd07637-647e-4af1-afab-a990d4a889ee,en,whitehall,2016-04-28T23:00:00.000Z,2025-08-20T11:00:33.000Z,,,72,"Producing and distributing food,Food and farming industry,Food labelling and safety,GOV.UK homepage,Environment,Food and farming","Department for Environment, Food & Rural Affairs","Department for Environment, Food & Rural Affairs",2015 to 2016 Cameron Conservative government,,,
https://www.gov.uk/guidance/climate-change-risk-assessment-and-adaptation-planning-in-your-management-system,Climate change: risk assessment and adaptation planning in your management system,detailed_guide,647e28ec-46e7-4b53-a2d2-fbda28a2e508,en,whitehall,2023-04-03T07:30:03.000Z,2023-04-03T07:30:03.000Z,,,71,"GOV.UK homepage,Environmental permits,Climate change and energy,Environment,Climate change adaptation",Environment Agency,Environment Agency,2022 to 2024 Sunak Conservative government,,,
https://www.gov.uk/guidance/consultation-and-the-public-registers,Public registers and consultation on forestry projects,detailed_guide,b8aed631-feea-4b9f-9981-3ee46ff6e7fe,en,whitehall,2018-07-08T23:00:00.000Z,2025-05-01T15:20:53.000Z,,,71,"GOV.UK homepage,Environment,Rural and countryside,Forests and woodland",Forestry Commission,Forestry Commission,2016 to 2019 May Conservative government,,,
https://www.gov.uk/guidance/apply-for-an-individual-licence-to-kill-take-or-disturb-wild-birds-a08-or-a09,"Apply for an individual licence to kill, take or disturb wild birds (A08 or A09)",detailed_guide,d0abc954-1fba-4423-8c5a-0aaec6dd2dc2,en,whitehall,2025-02-24T00:00:00.000Z,2026-01-22T13:52:52.000Z,,,70,"Environment,GOV.UK homepage,Wildlife and habitat conservation,Birds,Wildlife, animals, biodiversity and ecosystems",Natural England,Natural England,2024 Starmer Labour government,,,
https://www.gov.uk/guidance/permission-to-move-live-fish-to-or-from-a-fishery,Permission to move live fish to or from a fishery,detailed_guide,5f10fa50-7631-11e4-a3cb-005056011aef,en,whitehall,2014-05-15T23:00:00.000Z,2023-04-13T13:19:40.000Z,,,70,"Wildlife, animals, biodiversity and ecosystems,Food and farming,GOV.UK homepage,Environment","Department for Environment, Food & Rural Affairs","Department for Environment, Food & Rural Affairs,Centre for Environment, Fisheries and Aquaculture Science,Environment Agency",2010 to 2015 Conservative and Liberal Democrat coalition government,,,
https://www.gov.uk/guidance/using-animal-by-products-to-make-pet-food,Using animal by-products to make pet food,detailed_guide,5f9d2a3c-7631-11e4-a3cb-005056011aef,en,whitehall,2014-09-05T12:25:00.000Z,2019-09-11T09:53:06.000Z,,,70,"Environment,GOV.UK homepage,Wildlife, animals, biodiversity and ecosystems,Food and farming","Department for Environment, Food & Rural Affairs","Department for Environment, Food & Rural Affairs,Animal and Plant Health Agency",2010 to 2015 Conservative and Liberal Democrat coalition government,,,
https://www.gov.uk/guidance/export-horses-and-ponies-special-rules,Export horses and ponies: special rules,detailed_guide,0bc84f8c-3b23-46ff-a2cc-bd25cb8e131e,en,whitehall,2016-11-07T00:00:00.000Z,2026-02-18T13:45:51.000Z,,,70,"Animal and plant health,Business and industry,Living abroad,British nationals overseas,Exporting,Export controls and licensing,Going and being abroad,Animal welfare,Trade and investment,Brexit,Wildlife, animals, biodiversity and ecosystems,Travel abroad,GOV.UK homepage,Environment,Government",Animal and Plant Health Agency,Animal and Plant Health Agency,2016 to 2019 May Conservative government,,,
https://www.gov.uk/guidance/waste-exemptions-storing-waste,S1: storing waste in secure containers,detailed_guide,5f43e2fc-7631-11e4-a3cb-005056011aef,en,whitehall,2014-04-01T23:00:00.000Z,2025-07-01T08:30:00.000Z,,,70,"Environmental permits,GOV.UK homepage,Business and industry,Waste exemptions,Environment,Waste and recycling,Business and the environment",Environment Agency,Environment Agency,2010 to 2015 Conservative and Liberal Democrat coalition government,,,
https://www.gov.uk/guidance/bringing-your-pet-to-the-uk-from-ukraine,Bringing your pet to the UK from Ukraine,detailed_guide,1ff2b5fb-4eb6-410d-ab15-eddf39cbe0e0,en,whitehall,2022-04-08T15:56:00.000Z,2023-03-30T15:00:00.000Z,,,70,"Animal welfare,Environment,Wildlife, animals, biodiversity and ecosystems,GOV.UK homepage,Pets","Department for Environment, Food & Rural Affairs","Department for Environment, Food & Rural Affairs,Animal and Plant Health Agency",2019 to 2022 Johnson Conservative government,,,
https://www.gov.uk/catch-return,Report a catch return (England and Wales),transaction,cce4553b-bd1c-417a-b4a9-f5c12d00fc70,en,publisher,2014-03-31T17:01:03.000Z,2018-09-18T11:20:58.521Z,,,70,"Fishing, fisheries and fishing vessels,Freshwater fisheries,Environment,Fishing quota and catch limits ,Fishing regulations, monitoring and enforcement,GOV.UK homepage",Government Digital Service,"Department for Environment, Food & Rural Affairs,Environment Agency",,,,
https://www.gov.uk/guidance/smart-meters-how-they-work,Smart meters: a guide for households,detailed_guide,5d2789f7-7631-11e4-a3cb-005056011aef,en,whitehall,2013-01-22T00:00:00.000Z,2021-10-13T23:15:04.000Z,,,69,"Housing, local and community,Climate change and energy,Environment,GOV.UK homepage,Energy efficiency in buildings,Energy efficiency,Planning and building,Household energy",Department for Energy Security and Net Zero,"Department for Energy Security and Net Zero,Department for Business, Energy & Industrial Strategy",2010 to 2015 Conservative and Liberal Democrat coalition government,,,
https://www.gov.uk/guidance/ridge-and-furrow-guidance-for-forestry-in-england,Ridge and furrow guidance for forestry in England,detailed_guide,4f1fc778-47ab-422c-929f-c1db5db5d386,en,whitehall,2026-02-04T12:00:02.000Z,2026-02-04T12:00:02.000Z,,,69,"Rural and countryside,Forests and woodland,Rural development and land management,GOV.UK homepage,Environment,Protected sites",Forestry Commission,Forestry Commission,2024 Starmer Labour government,,,
https://www.gov.uk/guidance/get-a-licence-to-hold-an-animal-gathering,Animal gatherings: licences,detailed_guide,5f5f1660-7631-11e4-a3cb-005056011aef,en,whitehall,2014-09-14T23:00:00.000Z,2024-12-04T08:55:45.000Z,,,69,"GOV.UK homepage,Wildlife, animals, biodiversity and ecosystems,Shows, fairs and markets,Environment,Food and farming,Keeping farmed animals,Animal and plant health","Department for Environment, Food & Rural Affairs","Department for Environment, Food & Rural Affairs,Animal and Plant Health Agency",2010 to 2015 Conservative and Liberal Democrat coalition government,,,
https://www.gov.uk/guidance/biodiversity-net-gain-what-local-planning-authorities-should-do,Biodiversity net gain: what local planning authorities should do ,detailed_guide,8f9a16d2-af01-451c-9e19-fb57da5748af,en,whitehall,2023-11-29T00:00:00.000Z,2024-11-28T11:56:41.000Z,,,69,"Wildlife, animals, biodiversity and ecosystems,Housing, local and community,Planning and building,Environment,GOV.UK homepage,Biodiversity and ecosystems,Wildlife and habitat conservation","Department for Environment, Food & Rural Affairs","Department for Environment, Food & Rural Affairs",2022 to 2024 Sunak Conservative government,,,
https://www.gov.uk/guidance/meat-products-sell-them-legally-in-england,Meat products: sell them legally in England,detailed_guide,81e6864c-3a8d-44a8-90d8-2b832bb40485,en,whitehall,2017-01-03T14:49:37.000Z,2017-01-03T14:49:37.000Z,,,68,"Food and farming,Consumer rights and issues,Business regulation,GOV.UK homepage,Business and industry,Producing and distributing food,Meat production,Food and farming industry,Environment,Food labelling and safety","Department for Environment, Food & Rural Affairs","Department for Environment, Food & Rural Affairs,Food Standards Agency",2016 to 2019 May Conservative government,,,
https://www.gov.uk/green-taxes-and-reliefs/climate-change-levy,"Environmental taxes, reliefs and schemes for businesses: Climate Change Levy",guide,31064e41-95ab-4f21-b464-c0722c329277,en,publisher,2012-10-14T22:51:33.000Z,2024-10-18T12:48:55.748Z,,,68,"Business tax,Money,Waste and environmental impact,Climate Change Levy,GOV.UK homepage,Waste and recycling,Environment,Aggregates Levy,Landfill Tax",Government Digital Service,"Department for Energy Security and Net Zero,Environment Agency,HM Revenue & Customs",,,,
https://www.gov.uk/guidance/food-labelling-country-of-origin,Food labelling: country of origin,detailed_guide,5f16db46-c6b6-4b78-ad7f-b74eb65572e4,en,whitehall,2017-04-20T15:24:00.000Z,2022-09-20T12:13:56.000Z,,,67,"Food and farming,Food and farming industry,GOV.UK homepage,Environment","Department for Environment, Food & Rural Affairs","Department for Environment, Food & Rural Affairs",2016 to 2019 May Conservative government,,,
https://www.gov.uk/guidance/keeping-a-pet-pig-or-micropig,Keeping a pet pig or 'micropig',detailed_guide,602144f8-7631-11e4-a3cb-005056011aef,en,whitehall,2014-12-31T00:00:00.000Z,2023-07-12T07:55:57.000Z,,,67,"Environment,GOV.UK homepage,Pets,Wildlife, animals, biodiversity and ecosystems","Department for Environment, Food & Rural Affairs","Department for Environment, Food & Rural Affairs,Animal and Plant Health Agency",2010 to 2015 Conservative and Liberal Democrat coalition government,,,
https://www.gov.uk/guidance/importing-and-exporting-fresh-fruit-and-vegetables,Importing and exporting fresh fruit and vegetables,detailed_guide,1ff089b5-3c9a-48f7-89a6-bd8dfd91c055,en,whitehall,2021-08-11T23:00:00.000Z,2025-11-24T12:18:11.000Z,,,67,"Importing,Producing and distributing food,Import controls,Food and farming,Trade and investment,Business and industry,Import, export and distribution of food,Food labelling and safety,Environment,Animal and plant health,Wildlife, animals, biodiversity and ecosystems,GOV.UK homepage","Department for Environment, Food & Rural Affairs","Department for Environment, Food & Rural Affairs",2019 to 2022 Johnson Conservative government,,,
https://www.gov.uk/guidance/brucella-canis-testing-dogs-before-import,Brucella canis: testing dogs before import,detailed_guide,74602cab-4fe8-4116-b924-1f72ce147cb3,en,whitehall,2025-10-06T14:00:07.000Z,2025-10-06T14:00:07.000Z,,,67,"Animal and plant health,GOV.UK homepage,Wildlife, animals, biodiversity and ecosystems,Business and industry,Import controls,Trade and investment,Environment,Importing","Department for Environment, Food & Rural Affairs","Department for Environment, Food & Rural Affairs",2024 Starmer Labour government,,,
https://www.gov.uk/electricalwaste-producer-supplier-responsibilities,Electrical waste: retailer and distributor responsibilities,guide,f5924034-9cdb-479d-8452-dfead0207146,en,publisher,2012-10-09T19:23:37.000Z,2015-04-02T15:30:00.000Z,,,66,"Waste and recycling,GOV.UK homepage,Environment,Waste management",Government Digital Service,"Department for Business and Trade,Environment Agency,Department for Business, Energy & Industrial Strategy",,,,
https://www.gov.uk/guidance/waste-electrical-and-electronic-equipment-weee-how-to-classify,Waste electrical and electronic equipment (WEEE): how to classify,detailed_guide,0c134660-4c78-4f78-9842-9bb228279505,en,whitehall,2014-03-21T00:00:00.000Z,2014-03-21T00:00:00.000Z,,,66,"Business and industry,Business and the environment,Waste management,Waste and environmental impact,Waste and recycling,Environment,GOV.UK homepage",Environment Agency,"Environment Agency,Department for Environment, Food & Rural Affairs",2010 to 2015 Conservative and Liberal Democrat coalition government,,,
https://www.gov.uk/guidance/apply-for-a-certificate-to-import-a-veterinary-medicine-into-the-uk,Import a medicine for veterinary use into the UK,detailed_guide,6592380c-4741-48a7-8b63-fdc1cc19fdb2,en,whitehall,2015-05-31T23:00:00.000Z,2025-10-31T09:10:25.000Z,,,66,"Environment,GOV.UK homepage,Wildlife, animals, biodiversity and ecosystems",Veterinary Medicines Directorate,Veterinary Medicines Directorate,2015 to 2016 Cameron Conservative government,,,
https://www.gov.uk/guidance/qualifications-required-to-work-on-equipment-containing-f-gas,Qualifications to work with F gas,detailed_guide,60312625-7631-11e4-a3cb-005056011aef,en,whitehall,2014-12-31T00:31:00.000Z,2023-02-03T13:54:15.000Z,,,65,"Greenhouse gas emissions,Chemicals,Environment,GOV.UK homepage,Climate change and energy,F-gases and HCFCs",Environment Agency,"Environment Agency,Department for Environment, Food & Rural Affairs",2010 to 2015 Conservative and Liberal Democrat coalition government,,,
https://www.gov.uk/guidance/bans-on-f-gas-in-new-products-and-equipment-current-and-future,Bans on F gas in new products and equipment: current and future,detailed_guide,bd8d8429-2442-46d9-8f8d-d4ec421c7997,en,whitehall,2019-08-21T06:49:00.000Z,2023-03-02T13:34:29.000Z,,,65,"GOV.UK homepage,F-gases and HCFCs,Climate change and energy,Greenhouse gas emissions,Environment,Chemicals",Environment Agency,"Environment Agency,Department for Environment, Food & Rural Affairs",2019 to 2022 Johnson Conservative government,,,
https://www.gov.uk/guidance/managing-oak-processionary-moth-in-england,Managing oak processionary moth in England,detailed_guide,aae79bce-03f1-4321-8d4e-544df9b7c6b3,en,whitehall,2022-01-14T00:00:00.000Z,2026-01-31T08:00:01.000Z,,,65,"GOV.UK homepage,Rural and countryside,Environment,Forests and woodland",Forestry Commission,Forestry Commission,2019 to 2022 Johnson Conservative government,,,
https://www.gov.uk/guidance/report-suspected-illegal-tree-felling,Report suspected illegal tree felling,detailed_guide,bf960e72-70ab-4896-a445-621d9953a99c,en,whitehall,2018-07-08T23:00:00.000Z,2024-04-05T12:17:15.000Z,,,64,"GOV.UK homepage,Rural and countryside,Environment,Forests and woodland",Forestry Commission,Forestry Commission,2016 to 2019 May Conservative government,,,
https://www.gov.uk/guidance/badgers-advice-for-making-planning-decisions,Badgers: advice for making planning decisions,detailed_guide,4540fda4-8c1b-4143-8711-ceda99903d3f,en,whitehall,2022-01-14T00:00:00.000Z,2025-04-07T09:00:00.000Z,,,64,"Wildlife, animals, biodiversity and ecosystems,Protected sites and species,Mammals,Environment,Wildlife and habitat conservation,Land species,GOV.UK homepage",Natural England,Natural England,2019 to 2022 Johnson Conservative government,,,
https://www.gov.uk/guidance/fisheries-and-seafood-scheme,Fisheries and Seafood Scheme,detailed_guide,cb3ccc1f-9264-4c25-a69a-73d564266b6c,en,whitehall,2021-04-05T23:00:00.000Z,2025-06-11T08:52:45.000Z,,,64,"GOV.UK homepage,Marine,Fisheries funding,Fishing, fisheries and fishing vessels,Environment",Marine Management Organisation,Marine Management Organisation,2019 to 2022 Johnson Conservative government,,,
https://www.gov.uk/guidance/electricity-meter-accuracy-disputes,Electricity meters: independent testing of accuracy,detailed_guide,5f193539-7631-11e4-a3cb-005056011aef,en,whitehall,2014-03-13T00:00:00.000Z,2018-07-02T10:33:58.000Z,,,64,"Business and industry,Your rights and the law,Consumer rights and issues,Environment,Crime, justice and law,Climate change and energy,Household energy,Housing, local and community,GOV.UK homepage,Business regulation",Office for Product Safety and Standards,Office for Product Safety and Standards,2010 to 2015 Conservative and Liberal Democrat coalition government,,,
https://www.gov.uk/guidance/river-thames-locks-and-facilities-for-boaters,River Thames: locks and facilities for boaters,detailed_guide,32bbf6b1-23e2-4919-bc24-5f73ad8fcf43,en,whitehall,2020-02-12T00:00:00.000Z,2026-01-28T15:37:05.000Z,,,63,"Rural and countryside,Environment,GOV.UK homepage,Boats and waterways",Environment Agency,Environment Agency,2019 to 2022 Johnson Conservative government,,,
https://www.gov.uk/guidance/creating-a-sketch-map-to-register-land-or-update-your-digital-maps,Creating a sketch map to register land or update your digital maps,detailed_guide,775c0843-4536-47ed-91c6-95a05db447fc,en,whitehall,2024-08-07T23:00:00.000Z,2024-08-07T23:00:00.000Z,,,63,"Rural and countryside,GOV.UK homepage,Rural grants and payments,Food and farming,Farming,Farming and food grants and payments,Rural development and land management,Environment",Rural Payments Agency,Rural Payments Agency,2024 Starmer Labour government,,,
https://www.gov.uk/guidance/get-a-temporary-land-association-tla-or-temporary-county-parish-holding-tcph-number,Get a temporary land association (TLA) or temporary county parish holding (tCPH) number,detailed_guide,95bc3c0f-e559-4be2-9cdc-40d3244f825c,en,whitehall,2022-09-05T23:00:00.000Z,2024-10-07T10:08:04.000Z,,,63,"Keeping farmed animals,GOV.UK homepage,Food and farming,Sheep and goats identification, registration and movements,Cattle identification, registration and movements,Pig identification, registration and movements,Environment",Animal and Plant Health Agency,"Animal and Plant Health Agency,Department for Environment, Food & Rural Affairs,Rural Payments Agency",2022 Truss Conservative government,,,
https://www.gov.uk/treasure,Report treasure,answer,aa2eaa7f-c252-4599-b882-ca3c10fdb5d1,en,publisher,2013-02-27T10:42:55.000Z,2025-01-27T12:24:04.748Z,,,63,"Marine,Treasure and wrecks,Environment,GOV.UK homepage",Government Digital Service,"Department for Culture, Media and Sport,Department for Digital, Culture, Media & Sport,Treasure Valuation Committee",,,,
https://www.gov.uk/guidance/harbour-orders,Harbour Orders,detailed_guide,8357259f-f86b-46d5-9a5b-a0c58c987768,en,whitehall,2020-02-21T00:00:00.000Z,2024-11-28T16:02:48.000Z,,,62,"Harbours,Environment,GOV.UK homepage,Harbour orders,Marine",Marine Management Organisation,Marine Management Organisation,2019 to 2022 Johnson Conservative government,,,
https://www.gov.uk/guidance/creating-a-defra-account,Creating a Defra account,detailed_guide,a40740e5-49b4-4ac7-bfce-478dade7cefb,en,whitehall,2026-02-12T10:15:00.000Z,2026-02-12T10:15:00.000Z,,,62,"Marine,Environment,GOV.UK homepage,Marine licences",Marine Management Organisation,Marine Management Organisation,2024 Starmer Labour government,,,
https://www.gov.uk/guidance/sheep-and-goat-keepers-how-to-keep-a-holding-register,Sheep and goat keepers: how to keep a holding register,detailed_guide,601ee099-7631-11e4-a3cb-005056011aef,en,whitehall,2014-05-31T23:00:00.000Z,2023-09-04T15:07:55.000Z,,,62,"Food and farming,Sheep and goats identification, registration and movements,GOV.UK homepage,Keeping farmed animals,Environment","Department for Environment, Food & Rural Affairs","Department for Environment, Food & Rural Affairs",2010 to 2015 Conservative and Liberal Democrat coalition government,,,
https://www.gov.uk/guidance/a1-installations-environmental-permits,A1 installations: environmental permits,detailed_guide,ee70352f-6467-4659-adc2-14811377f7fd,en,whitehall,2016-02-01T00:00:00.000Z,2024-07-16T15:40:11.000Z,,,61,"Energy industry and infrastructure licensing and regulation,Pollution and environmental quality,Business and industry,Business regulation,GOV.UK homepage,Business and the environment,Environment,Chemicals,Food and farming,Waste and recycling,Producing and distributing food,Environmental permits",Environment Agency,"Environment Agency,Department for Environment, Food & Rural Affairs",2015 to 2016 Cameron Conservative government,,,
https://www.gov.uk/guidance/veterinary-medicines-digital-service,Veterinary Medicines Digital Service,detailed_guide,caf612a1-73e3-4841-b6da-ad0adaeb2d73,en,whitehall,2019-03-25T15:15:00.000Z,2026-01-29T09:40:37.000Z,,,61,"GOV.UK homepage,Food and farming,Environment,Animal and plant health,Veterinary medicines,Wildlife, animals, biodiversity and ecosystems,Keeping farmed animals",Veterinary Medicines Directorate,Veterinary Medicines Directorate,2016 to 2019 May Conservative government,,,
https://www.gov.uk/guidance/a-guide-to-forestry-commissions-sensitivity-maps-for-woodland-creation,A guide to Forestry Commission’s sensitivity maps for woodland creation,detailed_guide,6ac76dcf-d504-4792-9682-5dbeb8847018,en,whitehall,2023-08-15T23:00:00.000Z,2024-02-27T19:00:05.000Z,,,61,"Forests and woodland,Environment,GOV.UK homepage,Rural and countryside",Forestry Commission,Forestry Commission,2022 to 2024 Sunak Conservative government,,,
https://www.gov.uk/guidance/what-you-can-count-towards-a-developments-biodiversity-net-gain-bng,What you can count towards a development’s biodiversity net gain,detailed_guide,103f41a9-6274-4cda-962e-29462305d328,en,whitehall,2023-05-01T23:00:00.000Z,2024-03-13T14:42:30.000Z,,,61,"Environment,Housing, local and community,Wildlife and habitat conservation,Wildlife, animals, biodiversity and ecosystems,GOV.UK homepage,Biodiversity and ecosystems,Planning and building","Department for Environment, Food & Rural Affairs","Department for Environment, Food & Rural Affairs",2022 to 2024 Sunak Conservative government,,,
https://www.gov.uk/guidance/checking-f-gas-equipment-for-leaks,Checking F gas equipment for leaks,detailed_guide,13469b5f-ad4b-4fe5-82df-1c97cc259e9b,en,whitehall,2019-08-21T08:02:00.000Z,2019-08-21T08:02:00.000Z,,,60,"Climate change and energy,F-gases and HCFCs,Chemicals,Environment,GOV.UK homepage,Greenhouse gas emissions",Environment Agency,"Environment Agency,Department for Environment, Food & Rural Affairs",2019 to 2022 Johnson Conservative government,,,
https://www.gov.uk/guidance/classify-some-waste-electrical-devices-components-and-wastes-from-their-treatment,"Classify some waste electrical devices and components, and wastes from their treatment",detailed_guide,0bbee01e-8e13-418d-a87a-8cc9bbc9dd38,en,whitehall,2020-06-07T23:00:00.000Z,2025-02-19T16:31:34.000Z,,,60,"Business regulation,Waste management,Waste and recycling,Chemicals,Environment,Business and industry,GOV.UK homepage",Environment Agency,Environment Agency,2019 to 2022 Johnson Conservative government,,,
https://www.gov.uk/guidance/tree-planting-and-woodland-creation-overview,Tree planting and woodland creation: overview,detailed_guide,42649780-8101-4698-9342-e2e06a45793c,en,whitehall,2021-10-28T23:00:00.000Z,2025-08-27T12:04:56.000Z,,,60,"Environment,Rural and countryside,GOV.UK homepage,Forests and woodland",Forestry Commission,Forestry Commission,2019 to 2022 Johnson Conservative government,,,
https://www.gov.uk/guidance/water-framework-directive-assessment-estuarine-and-coastal-waters,Water Framework Directive assessment: estuarine and coastal waters,detailed_guide,94c956cc-125b-49c0-be4e-cbf71545bd9a,en,whitehall,2016-12-15T10:36:00.000Z,2023-10-09T14:44:15.000Z,,,60,"Marine,Marine environment,Water management,GOV.UK homepage,Pollution and environmental quality,Environment",Environment Agency,Environment Agency,2016 to 2019 May Conservative government,,,
https://www.gov.uk/guidance/best-available-techniques-environmental-permits,Best available techniques: environmental permits,detailed_guide,73cc60d6-9e4c-47eb-8e21-02c773cd5514,en,whitehall,2016-02-01T00:00:00.000Z,2026-01-08T14:58:21.000Z,,,60,"Business and the environment,Environment,GOV.UK homepage,Environmental permits,Business and industry",Environment Agency,"Environment Agency,Department for Environment, Food & Rural Affairs",2015 to 2016 Cameron Conservative government,,,
https://www.gov.uk/guidance/reservoirs-owner-and-operator-requirements,Reservoirs: owner and operator requirements,detailed_guide,9897ef8b-1958-4215-aa42-3da0ed2c15c4,en,whitehall,2014-06-16T23:00:00.000Z,2024-02-23T09:03:06.000Z,,,60,"GOV.UK homepage,River maintenance, flooding and coastal erosion,Environment","Department for Environment, Food & Rural Affairs","Department for Environment, Food & Rural Affairs,Environment Agency",2010 to 2015 Conservative and Liberal Democrat coalition government,,,
https://www.gov.uk/guidance/the-energy-labelling-of-products,Regulations: energy information,detailed_guide,5f4db0fa-7631-11e4-a3cb-005056011aef,en,whitehall,2014-04-09T23:00:00.000Z,2025-12-12T14:03:02.000Z,,,60,"GOV.UK homepage,Business regulation,Manufacturing,Business and industry,Climate change and energy,Environment",Department for Energy Security and Net Zero,"Department for Energy Security and Net Zero,Office for Product Safety and Standards",2010 to 2015 Conservative and Liberal Democrat coalition government,,,
https://www.gov.uk/guidance/specified-generator-when-you-need-a-permit,Specified generator: when you need a permit,detailed_guide,d24b252e-513c-4dfd-b592-5f07a5c78621,en,whitehall,2019-07-14T23:00:00.000Z,2022-09-01T11:36:25.000Z,,,60,"Business and the environment,Environmental permits,Business and industry,Pollution and environmental quality,Environment,GOV.UK homepage",Environment Agency,"Environment Agency,Natural Resources Wales,Department for Environment, Food & Rural Affairs,Welsh Government",2016 to 2019 May Conservative government,,,
https://www.gov.uk/guidance/record-and-report-f-gas-and-equipment-you-produce-or-import,Record and report F gas and equipment pre-charged with F gas,detailed_guide,c99e8457-a95a-4474-a652-775a30c5b918,en,whitehall,2019-08-21T14:20:00.000Z,2022-11-14T18:45:22.000Z,,,59,"F-gases and HCFCs,GOV.UK homepage,Chemicals,Climate change and energy,Greenhouse gas emissions,Environment",Environment Agency,"Environment Agency,Department for Environment, Food & Rural Affairs",2019 to 2022 Johnson Conservative government,,,
https://www.gov.uk/guidance/local-planning-authorities-strategic-flood-risk-assessment,How to prepare a strategic flood risk assessment,detailed_guide,f1dd1617-5299-4a77-b6f5-7fa0f72bcf0f,en,whitehall,2013-06-30T23:00:00.000Z,2025-08-27T15:57:49.000Z,,,59,"Environment,Planning and building,GOV.UK homepage,Housing, local and community,River maintenance, flooding and coastal erosion",Environment Agency,Environment Agency,2010 to 2015 Conservative and Liberal Democrat coalition government,,,
https://www.gov.uk/guidance/apply-for-an-exemption-from-animal-disease-movement-restrictions,Apply for a specific movement licence in a bird flu disease zone,detailed_guide,09b6a730-2896-4094-8c80-9f475bd013af,en,whitehall,2024-04-25T23:00:00.000Z,2025-06-09T09:52:44.000Z,,,59,"Reporting disease and disease outbreaks,GOV.UK homepage,Food and farming,Keeping farmed animals,Environment","Department for Environment, Food & Rural Affairs","Department for Environment, Food & Rural Affairs,Animal and Plant Health Agency",2022 to 2024 Sunak Conservative government,,,
https://www.gov.uk/guidance/comply-with-marketing-standards-for-fresh-fruit-and-vegetables,Fresh fruit and vegetable marketing standards,detailed_guide,5f20d697-7631-11e4-a3cb-005056011aef,en,whitehall,2014-03-30T23:00:00.000Z,2024-05-08T10:58:30.000Z,,,59,"Import, export and distribution of food,GOV.UK homepage,Environment,Crops and horticulture ,Producing and distributing food,Food and farming",Animal and Plant Health Agency,"Animal and Plant Health Agency,Department for Environment, Food & Rural Affairs",2010 to 2015 Conservative and Liberal Democrat coalition government,,,
https://www.gov.uk/guidance/exporting-to-great-britain-approved-countries-for-animals-and-animal-products,Exporting to Great Britain: approved countries for animals and animal products,detailed_guide,2928500d-8992-4893-a3a2-8e18ee238055,en,whitehall,2022-06-30T23:15:00.000Z,2022-06-30T23:15:00.000Z,,,59,"Import, export and distribution of food,Business and industry,Producing and distributing food,Environment,Food and farming,GOV.UK homepage,Trade and investment,Importing,Import controls","Department for Environment, Food & Rural Affairs","Department for Environment, Food & Rural Affairs",2019 to 2022 Johnson Conservative government,,,
https://www.gov.uk/guidance/medium-combustion-plant-mcp-comply-with-emission-limit-values,Medium combustion plant (MCP): comply with emission limit values,detailed_guide,fd606061-d807-44f4-a7c2-675f8e004097,en,whitehall,2019-07-14T23:00:00.000Z,2025-07-09T08:39:58.000Z,,,58,"Environment,Business and the environment,Environmental permits,Business and industry,GOV.UK homepage,Pollution and environmental quality",Environment Agency,"Environment Agency,Natural Resources Wales,Department for Environment, Food & Rural Affairs,Welsh Government",2016 to 2019 May Conservative government,,,
https://www.gov.uk/guidance/manage-your-water-abstraction-or-impoundment-licences-online,Manage your water abstraction licence online,detailed_guide,fe99970a-f296-4b33-9d06-d7589025d1da,en,whitehall,2018-03-26T23:00:00.000Z,2025-07-17T14:20:11.000Z,,,58,"Abstract (take) water,Environment,GOV.UK homepage,Water management",Environment Agency,Environment Agency,2016 to 2019 May Conservative government,,,
https://www.gov.uk/guidance/marketing-authorisations-for-veterinary-medicines,Marketing authorisations for veterinary medicines,detailed_guide,db53b0eb-564b-4abc-b0dd-cb39ac1c2fd1,en,whitehall,2015-06-04T23:00:00.000Z,2026-02-05T11:13:09.000Z,,,57,"Environment,Wildlife, animals, biodiversity and ecosystems,GOV.UK homepage",Veterinary Medicines Directorate,Veterinary Medicines Directorate,2015 to 2016 Cameron Conservative government,,,
https://www.gov.uk/guidance/regional-rod-fishing-byelaws-severn-trent-midlands,Rod fishing byelaws: Midlands,detailed_guide,5e6789a0-ab7a-42f8-b51d-eb406496604e,en,whitehall,2019-06-06T23:00:00.000Z,2021-09-29T10:47:48.000Z,,,57,"Society and culture,Sports and leisure,Fishing, fisheries and fishing vessels,GOV.UK homepage,Freshwater fisheries,Environment,Wildlife, animals, biodiversity and ecosystems",Environment Agency,Environment Agency,2016 to 2019 May Conservative government,,,
https://www.gov.uk/guidance/calculate-the-carbon-dioxide-equivalent-quantity-of-an-f-gas,Calculate the carbon dioxide equivalent quantity of an F gas,detailed_guide,6054c97a-7631-11e4-a3cb-005056011aef,en,whitehall,2014-12-31T00:00:00.000Z,2024-01-16T13:26:24.000Z,,,57,"Environment,Greenhouse gas emissions,GOV.UK homepage,Chemicals,Climate change and energy,F-gases and HCFCs",Environment Agency,"Environment Agency,Department for Environment, Food & Rural Affairs",2010 to 2015 Conservative and Liberal Democrat coalition government,,,
https://www.gov.uk/guidance/developers-get-environmental-advice-on-your-planning-proposals,Developers: get environmental advice on your planning proposals,detailed_guide,051dc184-6a72-45f7-9eed-d8a273fed10e,en,whitehall,2015-03-29T00:00:00.000Z,2024-07-04T15:33:26.000Z,,,57,"GOV.UK homepage,Environment,Housing, local and community,Planning and building,Environmental planning,Rural and countryside,Rural development and land management",Natural England,"Natural England,Environment Agency,Department for Environment, Food & Rural Affairs",2010 to 2015 Conservative and Liberal Democrat coalition government,,,
https://www.gov.uk/guidance/ensuring-good-waste-collection-services-for-households,Ensuring good waste collection services for households,detailed_guide,2195f919-ad42-412a-b399-a33289ea7fa3,en,whitehall,2024-11-29T00:01:01.000Z,2024-11-29T00:01:01.000Z,,,57,"Environment,Waste and recycling,Waste management,GOV.UK homepage","Department for Environment, Food & Rural Affairs","Department for Environment, Food & Rural Affairs",2024 Starmer Labour government,,,
https://www.gov.uk/guidance/make-a-marine-licence-application,Make a marine licence application,detailed_guide,602017d5-7631-11e4-a3cb-005056011aef,en,whitehall,2014-10-01T23:00:00.000Z,2024-11-28T15:57:32.000Z,,,56,"Marine,Marine planning,Planning and building,Housing, local and community,Marine licences,Marine environment,GOV.UK homepage,Environment",Marine Management Organisation,Marine Management Organisation,2010 to 2015 Conservative and Liberal Democrat coalition government,,,
https://www.gov.uk/guidance/waste-exemption-t5-screening-and-blending-waste,T5: screening and blending waste,detailed_guide,5f4d2678-7631-11e4-a3cb-005056011aef,en,whitehall,2014-04-27T23:00:00.000Z,2025-07-01T08:30:01.000Z,,,56,"Waste and recycling,Environment,Environmental permits,GOV.UK homepage,Waste exemptions",Environment Agency,Environment Agency,2010 to 2015 Conservative and Liberal Democrat coalition government,,,
https://www.gov.uk/guidance/construction-near-protected-areas-and-wildlife,Construction near protected areas and wildlife,detailed_guide,5fe2ce54-7631-11e4-a3cb-005056011aef,en,whitehall,2014-10-05T23:00:00.000Z,2023-12-06T16:20:08.000Z,,,56,"Protected sites and species,Land sites,Wildlife, animals, biodiversity and ecosystems,GOV.UK homepage,Planning and building,Housing, local and community,Environment",Natural England,"Natural England,Department for Environment, Food & Rural Affairs",2010 to 2015 Conservative and Liberal Democrat coalition government,,,
https://www.gov.uk/guidance/using-modelling-for-flood-risk-assessments,Using modelling for flood risk assessments,detailed_guide,6601c663-5b22-4945-b592-d8fe6dc6f746,en,whitehall,2023-12-12T00:00:00.000Z,2023-12-12T00:00:00.000Z,,,56,"GOV.UK homepage,River maintenance, flooding and coastal erosion,Environment","Department for Environment, Food & Rural Affairs","Department for Environment, Food & Rural Affairs,Environment Agency",2022 to 2024 Sunak Conservative government,,,
https://www.gov.uk/guidance/river-thames-distances-and-measurements-for-boaters,River Thames: distances and measurements for boaters,detailed_guide,f1c559f4-5d6d-4145-9dc3-0a1f2b80ec68,en,whitehall,2020-02-12T00:00:00.000Z,2026-02-04T14:34:21.000Z,,,56,"Environment,GOV.UK homepage,Boats and waterways,Rural and countryside",Environment Agency,Environment Agency,2019 to 2022 Johnson Conservative government,,,
https://www.gov.uk/guidance/appeal-a-regulatory-decision-from-the-environment-agency,Appeal a regulatory decision from the Environment Agency,detailed_guide,04091ce5-25bd-46fa-a699-8473225d261e,en,whitehall,2024-12-03T00:00:00.000Z,2026-01-20T12:32:08.000Z,,,56,"GOV.UK homepage,Government efficiency, transparency and accountability,Government,Environment",Environment Agency,Environment Agency,2024 Starmer Labour government,,,
https://www.gov.uk/guidance/get-a-cattle-passport,"Apply for, correct or replace a cattle passport",detailed_guide,5f20e87a-7631-11e4-a3cb-005056011aef,en,whitehall,2014-05-05T23:00:00.000Z,2024-07-25T13:26:20.000Z,,,56,"Cattle identification, registration and movements,Food and farming,Keeping farmed animals,Environment,GOV.UK homepage",British Cattle Movement Service,"British Cattle Movement Service,Rural Payments Agency",2010 to 2015 Conservative and Liberal Democrat coalition government,,,
https://www.gov.uk/guidance/storing-organic-manures-in-nitrate-vulnerable-zones,Storing organic manures in nitrate vulnerable zones,detailed_guide,5fa7461e-7631-11e4-a3cb-005056011aef,en,whitehall,2015-08-09T23:00:00.000Z,2023-10-12T14:26:46.000Z,,,56,"Food and farming industry,GOV.UK homepage,Farming,Food and farming,Rural development and land management,Rural and countryside,Environment","Department for Environment, Food & Rural Affairs","Department for Environment, Food & Rural Affairs,Environment Agency",2015 to 2016 Cameron Conservative government,,,
https://www.gov.uk/guidance/keeping-wild-birds-or-animals,Keeping wild birds or animals,detailed_guide,48834cd2-e5a1-4ea3-ada8-e11f0e502051,en,whitehall,2015-05-27T11:52:00.000Z,2015-05-27T11:52:00.000Z,,,55,"GOV.UK homepage,Environment,Wildlife, animals, biodiversity and ecosystems,Wildlife and habitat conservation","Department for Environment, Food & Rural Affairs","Department for Environment, Food & Rural Affairs,Natural England",2015 to 2016 Cameron Conservative government,,,
https://www.gov.uk/guidance/regulations-batteries-and-waste-batteries,Regulations: waste batteries,detailed_guide,14e5e8d5-745f-478a-8a23-279b9b10d1e8,en,whitehall,2017-03-08T00:00:00.000Z,2021-01-01T02:15:00.000Z,,,55,"Environment,Waste and recycling,GOV.UK homepage,Manufacturing,Business regulation,Business and industry",Office for Product Safety and Standards,"Office for Product Safety and Standards,Department for Environment, Food & Rural Affairs",2016 to 2019 May Conservative government,,,
https://www.gov.uk/guidance/woodland-creation-planning-grant,Woodland Creation Planning Grant,detailed_guide,6ac018e7-a93b-448f-86b5-6377127483b9,en,whitehall,2018-07-08T23:00:00.000Z,2026-02-11T09:19:43.000Z,,,55,"Forests and woodland,Rural and countryside,Environment,GOV.UK homepage",Forestry Commission,Forestry Commission,2016 to 2019 May Conservative government,,,
https://www.gov.uk/guidance/volunteering-with-natural-england-how-to-get-involved,Volunteering with Natural England: how to get involved,detailed_guide,5f57e8d1-7631-11e4-a3cb-005056011aef,en,whitehall,2014-10-09T23:00:00.000Z,2025-10-23T15:17:22.000Z,,,55,"Charities, volunteering and honours,Environment,Society and culture,GOV.UK homepage",Natural England,Natural England,2010 to 2015 Conservative and Liberal Democrat coalition government,,,
https://www.gov.uk/guidance/veterinary-medicines-regulations,Veterinary medicines legislation,detailed_guide,6054bc6c-7631-11e4-a3cb-005056011aef,en,whitehall,2014-04-13T23:00:00.000Z,2024-05-17T10:01:16.000Z,,,55,"Environment,Food and farming,Animal and plant health,Wildlife, animals, biodiversity and ecosystems,GOV.UK homepage",Veterinary Medicines Directorate,Veterinary Medicines Directorate,2010 to 2015 Conservative and Liberal Democrat coalition government,,,
https://www.gov.uk/guidance/register-rural-land-on-the-rural-payments-service,Register rural land on the Rural Payments service,detailed_guide,1e0e9b04-7c1e-435e-95a2-0e26c229faad,en,whitehall,2024-08-08T14:30:44.000Z,2024-08-08T14:30:44.000Z,,,54,"Farming,Rural grants and payments,Environment,GOV.UK homepage,Food and farming,Rural and countryside,Rural development and land management,Farming and food grants and payments",Rural Payments Agency,Rural Payments Agency,2024 Starmer Labour government,,,
https://www.gov.uk/guidance/bird-registration,Register a captive bird of prey,detailed_guide,5fe3961f-7631-11e4-a3cb-005056011aef,en,whitehall,2015-03-01T00:00:00.000Z,2024-12-20T10:32:09.000Z,,,54,"Environment,GOV.UK homepage,Birds,Wildlife, animals, biodiversity and ecosystems,Wildlife and habitat conservation,Land species,Protected sites and species",Animal and Plant Health Agency,"Animal and Plant Health Agency,Department for Environment, Food & Rural Affairs",2010 to 2015 Conservative and Liberal Democrat coalition government,,,
https://www.gov.uk/guidance/sustainable-farming-incentive-sfi-completing-your-annual-declaration,Sustainable Farming Incentive (SFI): completing your annual declaration,detailed_guide,de151a99-dc27-40ce-b336-ebb2416e1e98,en,whitehall,2025-11-17T14:45:07.000Z,2025-11-17T14:45:07.000Z,,,54,"Farming and food grants and payments,Rural grants and payments,Environment,Food and farming,GOV.UK homepage","Department for Environment, Food & Rural Affairs","Department for Environment, Food & Rural Affairs,Rural Payments Agency",2024 Starmer Labour government,,,
https://www.gov.uk/guidance/fish-eating-birds-licence-to-protect-your-fishery-a06-and-a07,Fish-eating birds: licence to protect your fishery (A06 and A07),detailed_guide,e78968be-9f63-46ad-85cb-56dab956e8a2,en,whitehall,2025-08-06T23:00:00.000Z,2025-08-06T23:00:00.000Z,,,54,"GOV.UK homepage,Fish and shellfish,Wildlife, animals, biodiversity and ecosystems,Wildlife and habitat conservation,Environment",Natural England,Natural England,2024 Starmer Labour government,,,
https://www.gov.uk/guidance/climate-change-explained,Climate change explained,detailed_guide,6023905d-7631-11e4-a3cb-005056011aef,en,whitehall,2014-10-22T23:00:00.000Z,2025-07-14T08:17:33.000Z,,,53,"Climate change international action,Environment,GOV.UK homepage,Energy and climate change: evidence and analysis,Greenhouse gas emissions,Climate change and energy,Climate change adaptation",Department for Energy Security and Net Zero,Department for Energy Security and Net Zero,2010 to 2015 Conservative and Liberal Democrat coalition government,,,
https://www.gov.uk/guidance/polychlorinated-biphenyls-pcbs-registration-disposal-labelling,"Polychlorinated biphenyls (PCBs): registration, disposal, labelling",detailed_guide,f5319e11-db48-403b-950b-1cd693db1b26,en,whitehall,2015-03-27T08:07:00.000Z,2022-12-19T13:31:22.000Z,,,53,"GOV.UK homepage,Public health,Business and industry,Chemicals,Waste management,Polychlorinated biphenyl (PCBs),Business and the environment,Waste and recycling,Environment,Chemical and environmental hazards,Health and social care,Health protection",Environment Agency,"Environment Agency,Department for Environment, Food & Rural Affairs",2010 to 2015 Conservative and Liberal Democrat coalition government,,,
https://www.gov.uk/guidance/waste-exemption-t23-aerobic-composting-and-associated-prior-treatment,T23: aerobic composting,detailed_guide,5f4d3117-7631-11e4-a3cb-005056011aef,en,whitehall,2014-04-27T23:00:00.000Z,2025-07-01T08:30:01.000Z,,,52,"Waste and recycling,Environmental permits,Waste exemptions,Waste management,Environment,GOV.UK homepage",Environment Agency,Environment Agency,2010 to 2015 Conservative and Liberal Democrat coalition government,,,
https://www.gov.uk/guidance/bovine-tb-testing-intervals,Bovine TB testing intervals,detailed_guide,dbd342a1-466d-452b-9d92-b6e8b7c573ad,en,whitehall,2020-12-16T00:00:00.000Z,2025-06-03T09:15:22.000Z,,,52,"Keeping farmed animals,Animal and plant health,GOV.UK homepage,Bovine tuberculosis (bovine TB),Food and farming,Wildlife, animals, biodiversity and ecosystems,Environment",Animal and Plant Health Agency,Animal and Plant Health Agency,2019 to 2022 Johnson Conservative government,,,
https://www.gov.uk/guidance/national-operator-waste-returns,National operator waste returns,detailed_guide,a62492db-f94d-419e-9858-cdc32d85f247,en,whitehall,2019-06-27T23:00:00.000Z,2024-12-18T14:04:14.000Z,,,52,"Environmental permits,Environment,Waste management,GOV.UK homepage,Waste and recycling",Environment Agency,Environment Agency,2016 to 2019 May Conservative government,,,
https://www.gov.uk/guidance/moving-sheep-and-goats-what-keepers-need-to-know,Moving sheep and goats: what keepers need to know,detailed_guide,41bdf4f6-c733-4398-854a-0dde93afd09c,en,whitehall,2023-06-14T23:00:00.000Z,2023-12-04T10:00:23.000Z,,,51,"GOV.UK homepage,Sheep and goats identification, registration and movements,Keeping farmed animals,Environment,Food and farming","Department for Environment, Food & Rural Affairs","Department for Environment, Food & Rural Affairs,Rural Payments Agency,Animal and Plant Health Agency",2022 to 2024 Sunak Conservative government,,,
https://www.gov.uk/guidance/getting-and-using-a-conservation-covenant-agreement,Getting and using a conservation covenant agreement,detailed_guide,660020e3-78c6-47e5-b80f-3cc66a9ea0d8,en,whitehall,2022-11-18T00:00:00.000Z,2024-02-06T15:14:55.000Z,,,51,"Wildlife and habitat conservation,Wildlife, animals, biodiversity and ecosystems,Environment,GOV.UK homepage","Department for Environment, Food & Rural Affairs","Department for Environment, Food & Rural Affairs",2022 to 2024 Sunak Conservative government,,,
https://www.gov.uk/guidance/river-thames-lock-and-weir-fishing,River Thames: lock and weir fishing,detailed_guide,7243c408-ff67-4d89-bcce-54d2e33a521f,en,whitehall,2023-09-03T23:00:00.000Z,2024-06-17T12:16:02.000Z,,,51,"Recreation,Environment,Sports and leisure,Boats and waterways,Countryside,Society and culture,Access to the countryside,GOV.UK homepage,Rural and countryside",Environment Agency,Environment Agency,2022 to 2024 Sunak Conservative government,,,
https://www.gov.uk/guidance/comply-with-septic-tank-and-sewage-treatment-plant-permits,Comply with septic tank and sewage treatment plant permits,detailed_guide,848546f7-0d3a-403d-8a52-4e4d8734a50a,en,whitehall,2014-12-31T00:31:00.000Z,2014-12-31T00:31:00.000Z,,,51,"Water quality,Waste and recycling,Water management,Environmental permits,Waste management,Environment,GOV.UK homepage,Discharge water,Water and sewerage services","Department for Environment, Food & Rural Affairs","Department for Environment, Food & Rural Affairs,Environment Agency",2010 to 2015 Conservative and Liberal Democrat coalition government,,,
https://www.gov.uk/guidance/disease-prevention-for-livestock-farmers,Disease prevention for livestock keepers,detailed_guide,5c721b16-7631-11e4-a3cb-005056011aef,en,whitehall,2012-09-10T23:00:00.000Z,2025-07-23T16:37:27.000Z,,,50,"Food and farming,GOV.UK homepage,Keeping farmed animals,Environment,Reporting disease and disease outbreaks","Department for Environment, Food & Rural Affairs","Department for Environment, Food & Rural Affairs,Animal and Plant Health Agency",2010 to 2015 Conservative and Liberal Democrat coalition government,,,
https://www.gov.uk/guidance/visits-to-antarctica-how-to-apply-for-a-permit,Visiting Antarctica,detailed_guide,5e2af556-7631-11e4-a3cb-005056011aef,en,whitehall,2013-05-15T23:00:00.000Z,2025-12-30T10:26:50.000Z,,,50,"Environment,International,Foreign affairs,GOV.UK homepage","Foreign, Commonwealth & Development Office","Foreign, Commonwealth & Development Office",2010 to 2015 Conservative and Liberal Democrat coalition government,,,
https://www.gov.uk/guidance/import-high-risk-food-and-feed-not-of-animal-origin-from-the-eu-to-great-britain,Import high risk food and feed of non-animal origin from the EU to Great Britain,detailed_guide,b18270f7-bf88-4ab9-a6f3-1afef331dd85,en,whitehall,2021-12-15T00:00:00.000Z,2024-08-27T14:20:36.000Z,,,50,"Animal and plant health,Environment,Importing,Business and industry,Import controls,Wildlife, animals, biodiversity and ecosystems,GOV.UK homepage,Trade and investment","Department for Environment, Food & Rural Affairs","Department for Environment, Food & Rural Affairs",2019 to 2022 Johnson Conservative government,,,
https://www.gov.uk/guidance/collecting-paper-and-card-with-other-dry-recyclable-materials-written-assessments,Collecting paper and card with other dry recyclable materials: written assessments,detailed_guide,71fe40e7-c460-4ea4-8d63-6749fa09c4ed,en,whitehall,2024-11-29T00:00:00.000Z,2024-11-29T00:00:00.000Z,,,50,"Waste and recycling,Environment,Waste management,GOV.UK homepage","Department for Environment, Food & Rural Affairs","Department for Environment, Food & Rural Affairs",2024 Starmer Labour government,,,
https://www.gov.uk/guidance/import-wood-wood-products-or-bark,"Import timber, wood products or bark",detailed_guide,0377dad2-c1f3-4b5d-8b3f-410a27a0cb37,en,whitehall,2018-09-25T23:00:00.000Z,2025-09-19T08:47:14.000Z,,,50,"Wildlife, animals, biodiversity and ecosystems,Animal and plant health,Rural and countryside,Environment,Forests and woodland,GOV.UK homepage",Forestry Commission,Forestry Commission,2016 to 2019 May Conservative government,,,
https://www.gov.uk/guidance/manage-waste-containing-persistent-organic-pollutants-pops,Manage waste containing persistent organic pollutants (POPs),detailed_guide,a3efaa90-a84c-4e30-9109-5534a405a184,en,whitehall,2022-12-19T09:00:00.000Z,2022-12-19T09:00:00.000Z,,,49,"Chemicals,Environment,Waste management,GOV.UK homepage,Pollution and environmental quality,Waste and recycling,Waste and environmental impact",Environment Agency,Environment Agency,2022 to 2024 Sunak Conservative government,,,
https://www.gov.uk/guidance/public-rights-of-way-local-authority-responsibilities,Public rights of way: local highway authority responsibilities,detailed_guide,5f63e0d2-7631-11e4-a3cb-005056011aef,en,whitehall,2014-09-11T08:59:00.000Z,2015-12-07T11:32:23.000Z,,,49,"Countryside,GOV.UK homepage,Environment,Rural and countryside,Access to the countryside",Natural England,Natural England,2010 to 2015 Conservative and Liberal Democrat coalition government,,,
https://www.gov.uk/guidance/licence-conditions-for-primate-keepers-schedule-1,Licence conditions for primate keepers (Schedule 1),detailed_guide,0ee1d4d2-09c2-4870-99ad-189094853c8b,en,whitehall,2025-07-09T23:00:00.000Z,2025-08-14T10:01:01.000Z,,,49,"Environment,Wildlife, animals, biodiversity and ecosystems,GOV.UK homepage,Animal welfare","Department for Environment, Food & Rural Affairs","Department for Environment, Food & Rural Affairs",2024 Starmer Labour government,,,
https://www.gov.uk/guidance/environmental-impact-assessments-for-woodland,Environmental Impact Assessments for woodland,detailed_guide,d4e2cdf0-2983-4d52-b953-da313fbd3456,en,whitehall,2021-09-27T23:00:00.000Z,2023-10-18T15:08:55.000Z,,,49,"GOV.UK homepage,Environment,Forests and woodland,Rural and countryside",Forestry Commission,Forestry Commission,2019 to 2022 Johnson Conservative government,,,
https://www.gov.uk/guidance/hedgerow-management-rules-buffer-strips,Hedgerow management rules: buffer strips,detailed_guide,a4167549-724d-4993-8486-e617d85d4716,en,whitehall,2024-05-22T23:00:00.000Z,2025-07-25T12:43:02.000Z,,,48,"Rural and countryside,Environment,GOV.UK homepage,Food and farming,Rural development and land management,Hedgerows",Rural Payments Agency,Rural Payments Agency,2022 to 2024 Sunak Conservative government,,,
https://www.gov.uk/guidance/non-nuclear-rsr-environmental-permits,Non-nuclear RSR: environmental permits,detailed_guide,14e8d023-7734-44ef-8320-6da86aeec741,en,whitehall,2021-12-02T00:00:00.000Z,2025-04-25T10:27:50.000Z,,,48,"Waste and recycling,Business and industry,GOV.UK homepage,Business and the environment,Radioactive and nuclear substances and waste,Environmental permits,Environment",Environment Agency,Environment Agency,2019 to 2022 Johnson Conservative government,,,
https://www.gov.uk/guidance/adapting-your-home-or-business-to-the-risk-of-flooding,Adapting your home or business to the risk of flooding,detailed_guide,6a97826d-35db-4151-9b2d-a33c6b3a3d6b,en,whitehall,2009-10-01T00:00:00.000Z,2009-10-01T00:00:00.000Z,,,48,"River maintenance, flooding and coastal erosion,GOV.UK homepage,Emergency preparation, response and recovery,Government,Environment",Environment Agency,Environment Agency,2007 to 2010 Brown Labour government,,,
https://www.gov.uk/guidance/waste-exemption-t9-recovering-scrap-metal,T9: recovering scrap metal,detailed_guide,5f4d28d4-7631-11e4-a3cb-005056011aef,en,whitehall,2014-04-27T23:00:00.000Z,2025-07-01T08:30:01.000Z,,,48,"Waste and recycling,Environment,Environmental permits,GOV.UK homepage,Waste exemptions",Environment Agency,Environment Agency,2010 to 2015 Conservative and Liberal Democrat coalition government,,,
https://www.gov.uk/guidance/understand-your-fishing-vessel-licence,Understand your fishing vessel licence,detailed_guide,5f5dcef4-7631-11e4-a3cb-005056011aef,en,whitehall,2014-06-10T23:00:00.000Z,2026-02-16T08:55:37.000Z,,,47,"Vessel licensing,GOV.UK homepage,Wildlife, animals, biodiversity and ecosystems,Fishing, fisheries and fishing vessels,Fishing vessels,Food and farming,Environment",Marine Management Organisation,Marine Management Organisation,2010 to 2015 Conservative and Liberal Democrat coalition government,,,
https://www.gov.uk/guidance/waste-exemption-u10-spreading-waste-to-benefit-agricultural-land,U10: spreading waste to benefit agricultural land,detailed_guide,5f4d6b9f-7631-11e4-a3cb-005056011aef,en,whitehall,2014-04-27T23:00:00.000Z,2026-01-26T14:39:18.000Z,,,47,"Waste exemptions,Crops and horticulture ,Food and farming industry,GOV.UK homepage,Producing and distributing food,Food and farming,Environment,Waste and environmental impact,Waste and recycling,Environmental permits",Environment Agency,Environment Agency,2010 to 2015 Conservative and Liberal Democrat coalition government,,,
https://www.gov.uk/guidance/combined-heat-and-power,Combined heat and power,detailed_guide,5d29c4b0-7631-11e4-a3cb-005056011aef,en,whitehall,2013-01-22T12:00:00.000Z,2020-10-06T14:07:43.000Z,,,47,"Environment,Energy infrastructure,GOV.UK homepage,Low carbon technologies",Department for Energy Security and Net Zero,"Department for Energy Security and Net Zero,Department for Business, Energy & Industrial Strategy",2010 to 2015 Conservative and Liberal Democrat coalition government,,,
https://www.gov.uk/guidance/carrying-out-works-on-common-land,Carrying out works on common land,detailed_guide,4c025816-78a6-4a63-a6e1-e12262d31e71,en,whitehall,2015-03-28T00:00:00.000Z,2023-12-12T08:26:00.000Z,,,47,"Rural and countryside,Environment,GOV.UK homepage,Commons and greens,Rural development and land management","Department for Environment, Food & Rural Affairs","Department for Environment, Food & Rural Affairs,Planning Inspectorate,Natural England",2010 to 2015 Conservative and Liberal Democrat coalition government,,,
https://www.gov.uk/guidance/tree-felling-overview,Tree felling: overview,detailed_guide,60a595b0-b4af-4a6e-9501-1ffd15f18e9d,en,whitehall,2018-07-08T23:00:00.000Z,2024-08-06T08:19:15.000Z,,,46,"Rural and countryside,Environment,Forests and woodland,GOV.UK homepage",Forestry Commission,Forestry Commission,2016 to 2019 May Conservative government,,,
https://www.gov.uk/guidance/forestry-project-checks-constraints,Forestry project checks: constraints,detailed_guide,bfeb223c-7bd6-44bf-93b7-8f84e44ce149,en,whitehall,2021-09-27T23:00:00.000Z,2025-11-14T16:26:01.000Z,,,46,"GOV.UK homepage,Environment,Forests and woodland,Rural and countryside",Forestry Commission,Forestry Commission,2019 to 2022 Johnson Conservative government,,,
https://www.gov.uk/guidance/uk-pollutant-release-and-transfer-register-prtr-data-sets,UK Pollutant Release and Transfer Register (PRTR) data sets,detailed_guide,5f673abe-7631-11e4-a3cb-005056011aef,en,whitehall,2012-01-02T00:00:00.000Z,2012-01-02T00:00:00.000Z,,,46,"Greenhouse gas emissions,Climate change and energy,Pollution and environmental quality,Environment,GOV.UK homepage,Water management","Department for Environment, Food & Rural Affairs","Department for Environment, Food & Rural Affairs",2010 to 2015 Conservative and Liberal Democrat coalition government,,,
https://www.gov.uk/guidance/ozone-depleting-substances-ods,Ozone-depleting substances (ODS),detailed_guide,db4f5f7c-7e07-45a5-98ea-aa17678d54b9,en,whitehall,2019-02-07T00:00:00.000Z,2024-02-06T15:41:59.000Z,,,46,"F-gases and HCFCs,Environment,Greenhouse gas emissions,Chemicals,Climate change and energy,GOV.UK homepage",Environment Agency,"Environment Agency,Department for Environment, Food & Rural Affairs",2016 to 2019 May Conservative government,,,
https://www.gov.uk/guidance/camping-and-caravanning-site-exemption-certificates-know-the-rules-and-how-to-apply,Social clubs: get an exemption to camp without a licence,detailed_guide,5fd91d35-7631-11e4-a3cb-005056011aef,en,whitehall,2014-09-10T23:00:00.000Z,2026-01-12T15:22:28.000Z,,,46,"Sports and leisure,GOV.UK homepage,Recreation,Society and culture,Environment,Rural and countryside",Natural England,Natural England,2010 to 2015 Conservative and Liberal Democrat coalition government,,,
https://www.gov.uk/guidance/regional-rod-fishing-byelaws-north-east-region,Rod fishing byelaws: North East,detailed_guide,4bc81d27-1e40-4c2e-9097-30acdfed07c2,en,whitehall,2019-06-06T23:00:00.000Z,2023-05-16T08:59:51.000Z,,,46,"Sports and leisure,Society and culture,Wildlife, animals, biodiversity and ecosystems,Freshwater fisheries,Fishing, fisheries and fishing vessels,GOV.UK homepage,Environment",Environment Agency,Environment Agency,2016 to 2019 May Conservative government,,,
https://www.gov.uk/guidance/litter-and-refuse-council-responsibilities-to-keep-land-clear,Litter and refuse: council responsibilities to keep land clear,detailed_guide,602b328c-7631-11e4-a3cb-005056011aef,en,whitehall,2015-03-23T17:44:00.000Z,2018-07-03T09:40:38.000Z,,,46,"GOV.UK homepage,Environment,Regional and local government,Local government","Department for Environment, Food & Rural Affairs","Department for Environment, Food & Rural Affairs",2010 to 2015 Conservative and Liberal Democrat coalition government,,,
https://www.gov.uk/guidance/inspection-criteria-for-veterinary-practice-premises,Inspection Criteria for Veterinary Practice Premises,detailed_guide,9e849ed4-4242-49c3-a4a4-12f3bd5e2b9f,en,whitehall,2024-05-17T09:38:15.000Z,2024-05-17T09:38:15.000Z,,,45,"Environment,GOV.UK homepage,Animal and plant health,Wildlife, animals, biodiversity and ecosystems",Veterinary Medicines Directorate,Veterinary Medicines Directorate,2022 to 2024 Sunak Conservative government,,,
https://www.gov.uk/guidance/extended-producer-responsibility-for-packaging-local-authority-payments,Extended producer responsibility for packaging: local authority payments,detailed_guide,bc89c8f4-6c6b-4b3d-bcfb-c074d9e8e2ce,en,whitehall,2024-11-20T00:00:00.000Z,2025-03-28T14:32:35.000Z,,,45,"Environment,Waste and recycling,Waste management,GOV.UK homepage","Department for Environment, Food & Rural Affairs","Department for Environment, Food & Rural Affairs",2024 Starmer Labour government,,,
https://www.gov.uk/guidance/handling-and-storing-animal-by-products,Handling and storing animal by-products,detailed_guide,5fdbfe4f-7631-11e4-a3cb-005056011aef,en,whitehall,2014-09-05T12:28:00.000Z,2014-10-09T16:28:21.000Z,,,45,"Animal and plant health,Environment,GOV.UK homepage,Food and farming,Wildlife, animals, biodiversity and ecosystems","Department for Environment, Food & Rural Affairs","Department for Environment, Food & Rural Affairs,Animal and Plant Health Agency",2010 to 2015 Conservative and Liberal Democrat coalition government,,,
https://www.gov.uk/guidance/handling-and-disposing-of-international-catering-waste,Handling and disposing of international catering waste,detailed_guide,5fa81f2f-7631-11e4-a3cb-005056011aef,en,whitehall,2014-09-04T23:00:00.000Z,2025-09-18T16:19:07.000Z,,,45,"Environment,Waste management,Waste and recycling,GOV.UK homepage",Animal and Plant Health Agency,"Animal and Plant Health Agency,Department for Environment, Food & Rural Affairs",2010 to 2015 Conservative and Liberal Democrat coalition government,,,
https://www.gov.uk/guidance/import-animal-by-products-from-the-eu-to-great-britain,Import animal by-products from the EU to Great Britain,detailed_guide,762337a5-ee06-402f-ab3a-975f2e509e6c,en,whitehall,2023-11-13T00:00:00.000Z,2025-04-29T15:54:13.000Z,,,45,"Importing,Business and industry,GOV.UK homepage,Trade and investment,Import controls,Environment,Wildlife, animals, biodiversity and ecosystems,Animal and plant health","Department for Environment, Food & Rural Affairs","Department for Environment, Food & Rural Affairs",2022 to 2024 Sunak Conservative government,,,
https://www.gov.uk/guidance/end-of-life-vehicles-elvs-guidance-for-waste-sites,End of life vehicles (ELVs): guidance for waste sites,detailed_guide,5f4f0eb9-7631-11e4-a3cb-005056011aef,en,whitehall,2014-04-15T13:44:00.000Z,2017-11-02T14:54:10.000Z,,,45,"Waste management,Waste and recycling,GOV.UK homepage,Environment",Environment Agency,Environment Agency,2010 to 2015 Conservative and Liberal Democrat coalition government,,,
https://www.gov.uk/guidance/selling-wood-for-domestic-use-in-england,Selling wood for domestic use in England,detailed_guide,9e728ebc-d47f-493e-b2db-dee80ded0024,en,whitehall,2021-02-16T15:36:00.000Z,2022-07-07T15:13:46.000Z,,,44,"GOV.UK homepage,Environment,Pollution and environmental quality,Climate change and energy","Department for Environment, Food & Rural Affairs","Department for Environment, Food & Rural Affairs",2019 to 2022 Johnson Conservative government,,,
https://www.gov.uk/guidance/marine-licensing-sediment-analysis-and-sample-plans,Marine licensing: Sediment Analysis,detailed_guide,60201820-7631-11e4-a3cb-005056011aef,en,whitehall,2014-10-01T23:00:00.000Z,2025-01-27T09:38:46.000Z,,,44,"Environment,Marine,Marine licences,GOV.UK homepage,Housing, local and community,Planning and building,Marine environment",Marine Management Organisation,Marine Management Organisation,2010 to 2015 Conservative and Liberal Democrat coalition government,,,
https://www.gov.uk/guidance/reservoir-discharges-consents-permits-and-risk-assessments,"Reservoir discharges: consents, permits and risk assessments",detailed_guide,1ab1796f-1c3b-4ae4-a14f-a2272e20cb6b,en,whitehall,2018-05-07T23:00:00.000Z,2026-01-14T09:00:05.000Z,,,44,"Discharge water,Environmental permits,Water management,Environment,GOV.UK homepage,Water and sewerage services,Impound (store) water",Environment Agency,Environment Agency,2016 to 2019 May Conservative government,,,
https://www.gov.uk/guidance/packaging-waste-apply-to-be-an-accredited-reprocessor-or-exporter,Packaging waste: apply to be an accredited reprocessor or exporter,detailed_guide,5f56c48d-7631-11e4-a3cb-005056011aef,en,whitehall,2014-05-08T23:00:00.000Z,2025-07-15T13:57:12.000Z,,,43,"GOV.UK homepage,Waste and recycling,Business and industry,Business and the environment,Environment,Waste and environmental impact,Waste management",Environment Agency,Environment Agency,2010 to 2015 Conservative and Liberal Democrat coalition government,,,
https://www.gov.uk/guidance/oil-and-gas-environmental-alert-notices,Oil and gas: environmental alert notices,detailed_guide,9b2b34fe-9323-4cd1-ab7d-a052ece3c7ec,en,whitehall,2018-07-04T23:00:00.000Z,2026-02-16T12:22:45.000Z,,,43,"Oil, gas and coal,Environment,Energy infrastructure,GOV.UK homepage",Department for Energy Security and Net Zero,"Department for Energy Security and Net Zero,Offshore Petroleum Regulator for Environment and Decommissioning,Department for Business, Energy & Industrial Strategy",2016 to 2019 May Conservative government,,,
https://www.gov.uk/guidance/vmd-information-hub,VMD Information Hub,detailed_guide,2ba783ab-9f16-4daf-9af6-4ad067f0212d,en,whitehall,2020-01-31T00:00:00.000Z,2025-06-19T11:00:00.000Z,,,43,"Food and farming,Veterinary medicines,Animal welfare,Keeping farmed animals,Pets,GOV.UK homepage,Wildlife and animal welfare,Environment,Animal and plant health,Wildlife, animals, biodiversity and ecosystems",Veterinary Medicines Directorate,Veterinary Medicines Directorate,2019 to 2022 Johnson Conservative government,,,
https://www.gov.uk/guidance/integrated-pest-management-ipm-in-farming,Integrated Pest Management (IPM) in farming,detailed_guide,55fa0c7f-b675-4dd6-9d52-c4076d873fe8,en,whitehall,2024-11-18T00:00:00.000Z,2025-03-13T17:58:32.000Z,,,43,"Farming,Rural development and land management,Wildlife, animals, biodiversity and ecosystems,GOV.UK homepage,Food and farming industry,Rural and countryside,Pollution and environmental quality,Environment,Food and farming,Weeds and invasive, non-native plants,Biodiversity and ecosystems","Department for Environment, Food & Rural Affairs","Department for Environment, Food & Rural Affairs",2024 Starmer Labour government,,,
https://www.gov.uk/guidance/european-protected-species-policies-for-mitigation-licences,European protected species policies for mitigation licences,detailed_guide,8672b064-bd34-4b73-94cc-267051c673d0,en,whitehall,2022-01-14T00:15:05.000Z,2022-01-14T00:15:05.000Z,,,43,"GOV.UK homepage,Land species,Environment,Protected sites and species,Wildlife, animals, biodiversity and ecosystems",Natural England,Natural England,2019 to 2022 Johnson Conservative government,,,
https://www.gov.uk/guidance/glue-trap-licences,Check if you can get a glue trap licence,detailed_guide,ff371bf8-776a-4e4a-9c80-af8fbc33e7cf,en,whitehall,2024-06-18T23:00:00.000Z,2025-02-04T16:00:48.000Z,,,43,"Environment,GOV.UK homepage,Wildlife and animal welfare,Wildlife, animals, biodiversity and ecosystems","Department for Environment, Food & Rural Affairs","Department for Environment, Food & Rural Affairs,Natural England",2022 to 2024 Sunak Conservative government,,,
https://www.gov.uk/guidance/marine-recovery-fund-how-to-apply,Marine Recovery Fund: how to apply,detailed_guide,af2e0919-118c-4f7b-a27a-35fd5aac6d2c,en,whitehall,2025-12-17T09:30:07.000Z,2025-12-17T09:30:07.000Z,,,43,"Marine protection and wildlife,Marine,Low carbon technologies,Environment,GOV.UK homepage,Climate change and energy,Energy infrastructure","Department for Environment, Food & Rural Affairs","Department for Environment, Food & Rural Affairs",2024 Starmer Labour government,,,
https://www.gov.uk/guidance/elv,Regulations: end-of-life vehicles (ELVs),detailed_guide,94ede339-9f4a-4b6e-879f-1fd285329f53,en,whitehall,2015-03-31T23:00:00.000Z,2021-01-01T02:30:04.000Z,,,43,"Waste and recycling,Business regulation,Business and industry,Environment,GOV.UK homepage,Manufacturing",Office for Product Safety and Standards,"Office for Product Safety and Standards,Department for Environment, Food & Rural Affairs",2010 to 2015 Conservative and Liberal Democrat coalition government,,,
https://www.gov.uk/guidance/enabling-a-natural-capital-approach-enca,Enabling a Natural Capital Approach (ENCA),detailed_guide,70cbcaa5-a828-4064-860c-651b99db4e48,en,whitehall,2020-01-22T08:30:00.000Z,2023-07-18T08:29:36.000Z,,,43,"Wildlife, animals, biodiversity and ecosystems,Environment,Biodiversity and ecosystems,GOV.UK homepage","Department for Environment, Food & Rural Affairs","Department for Environment, Food & Rural Affairs",2019 to 2022 Johnson Conservative government,,,
https://www.gov.uk/guidance/common-land-and-town-or-village-greens-access-your-property-by-vehicle,Common land and town or village greens: access your property by vehicle,detailed_guide,388f10d4-1aac-40e4-b89a-32928ac2c678,en,whitehall,2015-10-14T10:15:00.000Z,2015-10-14T10:15:00.000Z,,,43,"Rural and countryside,Environment,Commons and greens,Rural development and land management,GOV.UK homepage","Department for Environment, Food & Rural Affairs","Department for Environment, Food & Rural Affairs,Natural England",2015 to 2016 Cameron Conservative government,,,
https://www.gov.uk/guidance/regional-rod-fishing-byelaws-south-east-region,Rod fishing byelaws: South East,detailed_guide,43cf16e4-6e25-4a98-b0a3-b652f75a744f,en,whitehall,2019-06-06T23:00:00.000Z,2021-10-12T13:46:49.000Z,,,43,"Fishing, fisheries and fishing vessels,Society and culture,Sports and leisure,Freshwater fisheries,Environment,Wildlife, animals, biodiversity and ecosystems,GOV.UK homepage",Environment Agency,Environment Agency,2016 to 2019 May Conservative government,,,
https://www.gov.uk/guidance/bird-flu-rules-if-you-keep-game-birds,Bird flu: rules if you keep game birds,detailed_guide,b1e46dc3-7545-45cf-94e2-a269da7990f9,en,whitehall,2022-11-04T00:00:00.000Z,2025-11-25T13:52:24.000Z,,,43,"GOV.UK homepage,Wildlife, animals, biodiversity and ecosystems,Environment,Animal and plant health","Department for Environment, Food & Rural Affairs","Department for Environment, Food & Rural Affairs,Animal and Plant Health Agency",2022 to 2024 Sunak Conservative government,,,
https://www.gov.uk/guidance/register-a-fishery-cropping-water-or-aquaponic-system,"Register a fishery, cropping water or aquaponic system",detailed_guide,b7014af2-1a29-4f36-8f65-7fe4590c78aa,en,whitehall,2025-11-11T16:01:12.000Z,2025-11-11T16:01:12.000Z,,,43,"GOV.UK homepage,Animal and plant health,Wildlife, animals, biodiversity and ecosystems,Environment","Centre for Environment, Fisheries and Aquaculture Science","Centre for Environment, Fisheries and Aquaculture Science",2024 Starmer Labour government,,,
https://www.gov.uk/guidance/import-or-export-live-fish-and-shellfish,Importing or moving live fish and shellfish,detailed_guide,5ef6ce79-7631-11e4-a3cb-005056011aef,en,whitehall,2014-05-15T23:00:00.000Z,2024-09-17T11:20:17.000Z,,,42,"Environment,GOV.UK homepage,Food and farming","Department for Environment, Food & Rural Affairs","Department for Environment, Food & Rural Affairs,Centre for Environment, Fisheries and Aquaculture Science",2010 to 2015 Conservative and Liberal Democrat coalition government,,,
https://www.gov.uk/guidance/importing-or-moving-fish-to-the-uk,Importing or moving fish to the UK,detailed_guide,5e33c9ac-fffe-493b-9472-db5c43ad62b7,en,whitehall,2020-12-31T00:00:00.000Z,2024-08-14T23:01:01.000Z,,,42,"Import controls,Importing,Wildlife, animals, biodiversity and ecosystems,Environment,Animal and plant health,Trade and investment,GOV.UK homepage,Fishing, fisheries and fishing vessels,Business and industry","Department for Environment, Food & Rural Affairs","Department for Environment, Food & Rural Affairs",2019 to 2022 Johnson Conservative government,,,
https://www.gov.uk/guidance/take-legal-action-against-nuisance-parking,Take legal action against businesses for nuisance parking: local authorities,detailed_guide,050f4c5d-2019-4cae-8055-9c0062eb6c2a,en,whitehall,2015-06-12T10:24:00.000Z,2015-06-12T10:24:00.000Z,,,42,"GOV.UK homepage,Environment,Pollution and environmental quality","Department for Environment, Food & Rural Affairs","Department for Environment, Food & Rural Affairs",2015 to 2016 Cameron Conservative government,,,
https://www.gov.uk/guidance/import-or-export-wood-packaging-material,Wood packaging material for import and export,detailed_guide,1bae1cac-0c4c-40fd-8b0f-20f33f87a341,en,whitehall,2018-09-26T10:30:00.000Z,2021-01-05T09:50:10.000Z,,,42,"Business and industry,Export controls and licensing,Environment,Exporting,Wood packaging,Animal and plant health,Import controls,Forests and woodland,GOV.UK homepage,Wildlife, animals, biodiversity and ecosystems,Rural and countryside,Importing,Trade and investment",Forestry Commission,Forestry Commission,2016 to 2019 May Conservative government,,,
https://www.gov.uk/guidance/species-recovery-programme-call-for-ideas-funding-opportunity,Species Recovery Programme: call for ideas funding opportunity,detailed_guide,1da90a97-4069-4e6a-8bbc-bb452a23462c,en,whitehall,2025-10-06T23:00:00.000Z,2025-11-03T00:01:02.000Z,,,41,"Wildlife, animals, biodiversity and ecosystems,Biodiversity and ecosystems,Protected sites and species,Marine,Environment,Species protection and marine conservation,Wildlife and habitat conservation,GOV.UK homepage",Natural England,Natural England,2024 Starmer Labour government,,,
https://www.gov.uk/guidance/adding-users-to-a-defra-account-as-an-admin,Adding users to a Defra account as an admin,detailed_guide,67c55abb-2472-4b43-b432-1c1f26a86a5e,en,whitehall,2026-02-12T10:16:30.000Z,2026-02-12T10:16:30.000Z,,,41,"Environment,Marine,Marine licences,GOV.UK homepage",Marine Management Organisation,Marine Management Organisation,2024 Starmer Labour government,,,
https://www.gov.uk/guidance/prevent-the-introduction-and-spread-of-tree-pests-and-diseases,How biosecurity can prevent the introduction and spread of tree pests and diseases,detailed_guide,cb405fde-701f-4de3-86a8-3bd9f5ef8a6a,en,whitehall,2018-09-25T23:00:00.000Z,2026-01-20T13:02:55.000Z,,,41,"GOV.UK homepage,Wildlife, animals, biodiversity and ecosystems,Animal and plant health,Environment,Rural and countryside,Forests and woodland",Forestry Commission,"Forestry Commission,Animal and Plant Health Agency",2016 to 2019 May Conservative government,,,
https://www.gov.uk/guidance/flood-risk-activity-risk-assessment-for-your-environmental-permits,Flood risk activity risk assessment for your environmental permits,detailed_guide,67f271cd-4159-4941-baf3-4367fb11863a,en,whitehall,2016-04-05T23:00:00.000Z,2024-09-02T15:03:47.000Z,,,41,"Environmental permits,GOV.UK homepage,Environment,River maintenance, flooding and coastal erosion",Environment Agency,Environment Agency,2015 to 2016 Cameron Conservative government,,,
https://www.gov.uk/guidance/apply-for-the-heat-training-grant-discounted-heat-network-training,Heat Training Grant: discounted heat network training ,detailed_guide,e495a142-6ea8-4e14-a119-7c5addf0febc,en,whitehall,2023-09-20T23:00:00.000Z,2025-10-01T14:56:33.000Z,,,40,"Low carbon technologies,Energy efficiency,Energy infrastructure,GOV.UK homepage,Climate change and energy,Environment",Department for Energy Security and Net Zero,Department for Energy Security and Net Zero,2022 to 2024 Sunak Conservative government,,,
https://www.gov.uk/guidance/estimate-the-cost-of-statutory-biodiversity-credits,Estimate the cost of statutory biodiversity credits,detailed_guide,4832fde5-8e23-4e1c-9247-0714d6b20273,en,whitehall,2024-02-12T00:00:00.000Z,2025-06-26T15:30:04.000Z,,,40,"Biodiversity and ecosystems,GOV.UK homepage,Wildlife, animals, biodiversity and ecosystems,Environment","Department for Environment, Food & Rural Affairs","Department for Environment, Food & Rural Affairs,Natural England",2022 to 2024 Sunak Conservative government,,,
https://www.gov.uk/guidance/create-and-manage-local-nature-reserves,Local nature reserves: setting up and management,detailed_guide,5fe97405-7631-11e4-a3cb-005056011aef,en,whitehall,2014-10-01T23:00:00.000Z,2025-11-18T13:49:46.000Z,,,40,"Wildlife and habitat conservation,Rural and countryside,Countryside,Wildlife, animals, biodiversity and ecosystems,GOV.UK homepage,Environment,Parks, trails and nature reserves",Natural England,"Natural England,Department for Environment, Food & Rural Affairs",2010 to 2015 Conservative and Liberal Democrat coalition government,,,
https://www.gov.uk/guidance/national-character-area-profiles-information-for-local-decision-making,National Character Area profiles: information for local decision making,detailed_guide,ce2a1f4a-c3f8-46b5-af9c-ba13917d6a4d,en,whitehall,2024-05-14T08:50:08.000Z,2024-05-14T08:50:08.000Z,,,40,"GOV.UK homepage,Housing, local and community,Environment,Rural and countryside","Department for Environment, Food & Rural Affairs","Department for Environment, Food & Rural Affairs",2022 to 2024 Sunak Conservative government,,,
https://www.gov.uk/guidance/plan-an-animal-health-and-welfare-review,Plan an animal health and welfare review,detailed_guide,08168efd-e57f-4b79-8bcd-aa3a17ae547e,en,whitehall,2025-06-25T23:00:00.000Z,2025-06-25T23:00:00.000Z,,,40,"Farming and food grants and payments,Environment,GOV.UK homepage,Food and farming","Department for Environment, Food & Rural Affairs","Department for Environment, Food & Rural Affairs",2024 Starmer Labour government,,,
https://www.gov.uk/guidance/foot-and-mouth-disease,Foot and mouth disease: how to spot and report it,detailed_guide,5f666a53-7631-11e4-a3cb-005056011aef,en,whitehall,2014-08-25T23:00:00.000Z,2025-07-24T09:16:14.000Z,,,40,"Reporting disease and disease outbreaks,Food and farming,Environment,GOV.UK homepage,Keeping farmed animals","Department for Environment, Food & Rural Affairs","Department for Environment, Food & Rural Affairs,Animal and Plant Health Agency",2010 to 2015 Conservative and Liberal Democrat coalition government,,,
https://www.gov.uk/guidance/bovine-tb-getting-your-cattle-tested-in-england,Bovine TB: get your cattle tested in England,detailed_guide,e1d9a1bf-79ae-4b8b-8401-e5a95d304fcf,en,whitehall,2015-11-10T00:00:00.000Z,2025-08-31T23:01:02.000Z,,,40,"Bovine tuberculosis (bovine TB),Keeping farmed animals,Food and farming,Environment,GOV.UK homepage","Department for Environment, Food & Rural Affairs","Department for Environment, Food & Rural Affairs,Animal and Plant Health Agency",2015 to 2016 Cameron Conservative government,,,
https://www.gov.uk/guidance/monitoring-discharges-to-water-guidance-on-selecting-a-monitoring-approach,Monitoring discharges to water: guidance on selecting a monitoring approach,detailed_guide,b850b916-cf1a-4c0f-b395-da5b578a8c93,en,whitehall,2020-06-10T23:00:00.000Z,2021-05-18T13:59:02.000Z,,,40,"Discharge water,Business and industry,Water quality,Business and the environment,Water management,Environment,GOV.UK homepage,Pollution and environmental quality",Environment Agency,Environment Agency,2019 to 2022 Johnson Conservative government,,,
https://www.gov.uk/guidance/what-to-do-after-a-calf-is-born,What to do after a calf is born,detailed_guide,5f20e960-7631-11e4-a3cb-005056011aef,en,whitehall,2014-05-05T23:00:00.000Z,2022-11-08T09:11:15.000Z,,,40,"Environment,GOV.UK homepage,Keeping farmed animals,Cattle identification, registration and movements,Food and farming",British Cattle Movement Service,"British Cattle Movement Service,Rural Payments Agency",2010 to 2015 Conservative and Liberal Democrat coalition government,,,
https://www.gov.uk/guidance/flood-risk-management-information-for-flood-risk-management-authorities-asset-owners-and-local-authorities,"Flood risk management: information for flood risk management authorities, asset owners and local authorities",detailed_guide,5dc74925-7631-11e4-a3cb-005056011aef,en,whitehall,2013-04-09T11:32:00.000Z,2014-06-03T11:16:06.000Z,,,40,"River maintenance, flooding and coastal erosion,Environment,GOV.UK homepage","Department for Environment, Food & Rural Affairs","Department for Environment, Food & Rural Affairs,Environment Agency",2010 to 2015 Conservative and Liberal Democrat coalition government,,,
https://www.gov.uk/guidance/noise-pollution-economic-analysis,Noise pollution: economic analysis,detailed_guide,5dc85e80-7631-11e4-a3cb-005056011aef,en,whitehall,2013-04-09T11:07:00.000Z,2014-12-19T12:56:21.000Z,,,40,"GOV.UK homepage,Environment","Department for Environment, Food & Rural Affairs","Department for Environment, Food & Rural Affairs",2010 to 2015 Conservative and Liberal Democrat coalition government,,,
https://www.gov.uk/guidance/medium-combustion-plant-and-specified-generators-environmental-permits,Medium combustion plant and specified generators: environmental permits,detailed_guide,6ff8b154-794d-45a8-a318-852c3949a1af,en,whitehall,2019-07-14T23:00:00.000Z,2024-07-22T15:45:00.000Z,,,40,"Environment,Business and the environment,Business and industry,GOV.UK homepage,Pollution and environmental quality,Environmental permits",Environment Agency,"Environment Agency,Natural Resources Wales,Department for Environment, Food & Rural Affairs,Welsh Government",2016 to 2019 May Conservative government,,,
https://www.gov.uk/guidance/eight-toothed-european-spruce-bark-beetle-ips-typographus,Eight-toothed spruce bark beetle (Ips typographus),detailed_guide,e3d369b7-2c01-4ff8-9b20-173d16002be9,en,whitehall,2018-02-01T00:00:00.000Z,2026-02-11T09:25:18.000Z,,,40,"Importing,Business and industry,Import controls,GOV.UK homepage,Wildlife, animals, biodiversity and ecosystems,Environment,Animal and plant health,Forests and woodland,Trade and investment,Rural and countryside",Forestry Commission,Forestry Commission,2016 to 2019 May Conservative government,,,
https://www.gov.uk/guidance/trading-cites-listed-specimens-through-uk-ports-and-airports,Trading or moving CITES-listed specimens through designated UK ports and airports,detailed_guide,2eb87590-dd46-4d50-a581-abd48de4dfa0,en,whitehall,2020-12-31T00:00:00.000Z,2024-10-08T10:00:07.000Z,,,40,"GOV.UK homepage,Import controls,Environment,Trade restrictions on exports,Trade and investment,Business and industry,Exporting,Customs declarations, duties and tariffs (import and export),Wildlife, animals, biodiversity and ecosystems,Rules for specific goods and services,Importing","Department for Environment, Food & Rural Affairs","Department for Environment, Food & Rural Affairs,Animal and Plant Health Agency",2019 to 2022 Johnson Conservative government,,,
https://www.gov.uk/guidance/t1-waste-exemption-cleaning-washing-spraying-or-coating-relevant-waste,T1: treating certain waste to reuse or recycle,detailed_guide,fa303345-dcdc-4798-a2b7-474e5c622a25,en,whitehall,2019-09-17T23:00:00.000Z,2025-07-01T08:30:00.000Z,,,39,"Environmental permits,Waste exemptions,Waste and recycling,Environment,GOV.UK homepage",Environment Agency,Environment Agency,2019 to 2022 Johnson Conservative government,,,
https://www.gov.uk/guidance/submit-farm-animals-for-a-post-mortem-examination,Submit farm animals for a post-mortem examination,detailed_guide,93c6a76f-842a-4f80-9dc7-6b38c9699924,en,whitehall,2024-10-28T00:00:00.000Z,2024-10-28T00:00:00.000Z,,,39,"Keeping farmed animals,Animal and plant health,Environment,Food and farming,Wildlife, animals, biodiversity and ecosystems,GOV.UK homepage","Department for Environment, Food & Rural Affairs","Department for Environment, Food & Rural Affairs,Animal and Plant Health Agency",2024 Starmer Labour government,,,
https://www.gov.uk/guidance/regional-rod-fishing-byelaws-north-west-region,Rod fishing byelaws: North West and Border Esk,detailed_guide,8cb402f1-dfb2-498e-a72e-fe5a39bf1a99,en,whitehall,2019-06-06T23:00:00.000Z,2024-02-08T08:59:27.000Z,,,39,"Wildlife, animals, biodiversity and ecosystems,Freshwater fisheries,GOV.UK homepage,Sports and leisure,Environment,Society and culture,Fishing, fisheries and fishing vessels",Environment Agency,Environment Agency,2016 to 2019 May Conservative government,,,
https://www.gov.uk/guidance/fish-shellfish-or-crustacean-farm-authorisation,"Fish, mollusc or crustacean farm authorisation",detailed_guide,5f135011-7631-11e4-a3cb-005056011aef,en,whitehall,2014-05-16T13:12:00.000Z,2026-02-11T10:32:54.000Z,,,39,"Food and farming,GOV.UK homepage,Environment","Department for Environment, Food & Rural Affairs","Department for Environment, Food & Rural Affairs,Centre for Environment, Fisheries and Aquaculture Science",2010 to 2015 Conservative and Liberal Democrat coalition government,,,
https://www.gov.uk/guidance/compost-from-waste-resource-framework,Compost from waste: resource framework,detailed_guide,7ce0e6d3-ada2-424e-90d0-ddcd5e209854,en,whitehall,2025-10-20T08:00:05.000Z,2025-10-20T08:00:05.000Z,,,39,"Waste management,Waste and environmental impact,GOV.UK homepage,Waste and recycling,Environment",Environment Agency,Environment Agency,2024 Starmer Labour government,,,
https://www.gov.uk/guidance/who-can-apply-and-claim-for-funding-to-improve-animal-health-and-welfare,Who can apply and claim for funding to improve animal health and welfare,detailed_guide,36f739e9-b097-4f27-a77b-0b016558a943,en,whitehall,2025-06-25T23:00:00.000Z,2025-07-01T15:35:46.000Z,,,39,"Food and farming,Environment,GOV.UK homepage,Farming and food grants and payments","Department for Environment, Food & Rural Affairs","Department for Environment, Food & Rural Affairs",2024 Starmer Labour government,,,
https://www.gov.uk/guidance/marine-licensing-impact-assessments,Marine licensing: Information you may need to supply to support your marine licence application,detailed_guide,602018b7-7631-11e4-a3cb-005056011aef,en,whitehall,2014-10-01T23:00:00.000Z,2025-01-27T09:39:50.000Z,,,39,"Environment,Marine environment,Marine,Housing, local and community,GOV.UK homepage,Marine licences,Planning and building",Marine Management Organisation,Marine Management Organisation,2010 to 2015 Conservative and Liberal Democrat coalition government,,,
https://www.gov.uk/guidance/common-user-charge-rates-and-eligibility,"Common user charge: rates, eligibility and invoices",detailed_guide,75ed7c98-f6f3-4f98-9174-8aae2b6a15a3,en,whitehall,2024-04-02T23:00:00.000Z,2025-05-07T10:59:01.000Z,,,39,"Environment,Wildlife, animals, biodiversity and ecosystems,Business and industry,Import, export and distribution of food,Food and farming,Animal and plant health,Trade and investment,GOV.UK homepage,Importing,Producing and distributing food,Import controls","Department for Environment, Food & Rural Affairs","Department for Environment, Food & Rural Affairs",2022 to 2024 Sunak Conservative government,,,
https://www.gov.uk/guidance/waste-exemption-t8-mechanically-treating-end-of-life-tyres,T8: mechanically treating end-of-life tyres,detailed_guide,5f4d2885-7631-11e4-a3cb-005056011aef,en,whitehall,2014-04-27T23:00:00.000Z,2025-07-01T08:30:01.000Z,,,39,"Environmental permits,Environment,Waste exemptions,Waste and recycling,GOV.UK homepage",Environment Agency,Environment Agency,2010 to 2015 Conservative and Liberal Democrat coalition government,,,
https://www.gov.uk/guidance/waste-exemption-u8-using-waste-for-a-specified-purpose,U8: using waste for a specific purpose,detailed_guide,5f4d6a74-7631-11e4-a3cb-005056011aef,en,whitehall,2014-04-27T23:00:00.000Z,2025-09-01T06:51:09.000Z,,,39,"Waste exemptions,Environment,Waste and recycling,Environmental permits,GOV.UK homepage",Environment Agency,Environment Agency,2010 to 2015 Conservative and Liberal Democrat coalition government,,,
https://www.gov.uk/guidance/otters-advice-for-making-planning-decisions,Otters: advice for making planning decisions,detailed_guide,f66d0b94-535b-4013-bcd2-98a219f677d1,en,whitehall,2022-01-14T00:00:00.000Z,2025-04-07T09:00:00.000Z,,,39,"Environment,Wildlife and habitat conservation,Land species,Wildlife, animals, biodiversity and ecosystems,Mammals,GOV.UK homepage,Protected sites and species",Natural England,Natural England,2019 to 2022 Johnson Conservative government,,,
https://www.gov.uk/guidance/export-or-move-composite-food-products,Export or move composite food products,detailed_guide,e75d05e3-ffc2-423b-99d4-edbefa932e9b,en,whitehall,2020-12-31T00:00:00.000Z,2025-05-01T11:00:04.000Z,,,39,"Environment,Producing and distributing food,GOV.UK homepage,Import, export and distribution of food,Food and farming","Department for Environment, Food & Rural Affairs","Department for Environment, Food & Rural Affairs",2019 to 2022 Johnson Conservative government,,,
https://www.gov.uk/guidance/regional-rod-fishing-byelaws-south-west-region,Rod fishing byelaws: South West,detailed_guide,98a754a3-ac16-4bfb-b675-25107a87244e,en,whitehall,2019-06-06T23:00:00.000Z,2021-02-12T15:21:44.000Z,,,39,"Society and culture,Freshwater fisheries,Wildlife, animals, biodiversity and ecosystems,Sports and leisure,Environment,GOV.UK homepage,Fishing, fisheries and fishing vessels",Environment Agency,Environment Agency,2016 to 2019 May Conservative government,,,
https://www.gov.uk/guidance/specified-generator-apply-for-an-environmental-permit,Specified generator: apply for an environmental permit,detailed_guide,f6ef7f34-02f4-4d50-8043-0c1888ac07ba,en,whitehall,2019-07-14T23:00:00.000Z,2026-02-12T10:00:06.000Z,,,39,"Pollution and environmental quality,Environment,Business and industry,GOV.UK homepage,Environmental permits,Business and the environment",Environment Agency,"Environment Agency,Natural Resources Wales,Department for Environment, Food & Rural Affairs,Welsh Government",2016 to 2019 May Conservative government,,,
https://www.gov.uk/guidance/explore-marine-plans,Explore marine plans,detailed_guide,0448da14-dc93-40d8-ac49-ec94a7307882,en,whitehall,2019-11-01T00:00:00.000Z,2024-11-28T16:07:53.000Z,,,39,"Environment,Marine environment,GOV.UK homepage,Marine planning,Marine licences,Marine","Department for Environment, Food & Rural Affairs","Department for Environment, Food & Rural Affairs,Marine Management Organisation",2019 to 2022 Johnson Conservative government,,,
https://www.gov.uk/guidance/forestry-commission-events,Forestry Commission events,detailed_guide,46421b0b-5efa-4eb8-8f9a-931940e74c16,en,whitehall,2022-11-17T00:00:00.000Z,2026-02-18T11:05:10.000Z,,,39,"Countryside,Rural and countryside,Forests and woodland,Rural development and land management,GOV.UK homepage,Environment",Forestry Commission,Forestry Commission,2022 to 2024 Sunak Conservative government,,,
https://www.gov.uk/guidance/placing-energy-related-products-on-the-uk-market,Regulations: ecodesign of energy-consuming products,detailed_guide,5f1ad877-7631-11e4-a3cb-005056011aef,en,whitehall,2014-04-03T23:00:00.000Z,2026-01-27T10:21:06.000Z,,,39,"European Union laws and regulation,Climate change and energy,Business and industry,Business regulation,Europe,Consumer rights and issues,Government,Environment,GOV.UK homepage",Department for Energy Security and Net Zero,"Department for Energy Security and Net Zero,Office for Product Safety and Standards",2010 to 2015 Conservative and Liberal Democrat coalition government,,,
https://www.gov.uk/guidance/waste-exemption-nwfd-4-temporary-storage-at-a-collection-point,Temporary storage at a collection point (NWFD 4 exemption),detailed_guide,f4e0c291-1076-4fb8-86f8-b12c997b0ed4,en,whitehall,2014-04-27T23:00:00.000Z,2025-07-01T08:30:00.000Z,,,38,"Environmental permits,Environment,Waste exemptions,GOV.UK homepage,Waste and recycling",Environment Agency,Environment Agency,2010 to 2015 Conservative and Liberal Democrat coalition government,,,
https://www.gov.uk/guidance/managing-common-land,Managing common land,detailed_guide,ff84360b-98ce-4a5a-a605-c0e87c607c14,en,whitehall,2015-03-28T00:00:00.000Z,2023-12-31T23:59:00.000Z,,,38,"Commons and greens,Rural and countryside,Rural development and land management,GOV.UK homepage,Environment","Department for Environment, Food & Rural Affairs","Department for Environment, Food & Rural Affairs,Natural England",2010 to 2015 Conservative and Liberal Democrat coalition government,,,
https://www.gov.uk/guidance/meet-your-bng-requirements-steps-to-take-for-land-managers,Meet your BNG requirements: steps to take for land managers,detailed_guide,458c48ab-b5c4-4a4d-9768-2e62504ffd87,en,whitehall,2023-11-29T00:00:00.000Z,2024-02-12T12:29:54.000Z,,,38,"Planning and building,Biodiversity and ecosystems,Wildlife, animals, biodiversity and ecosystems,Wildlife and habitat conservation,Environment,Housing, local and community,GOV.UK homepage","Department for Environment, Food & Rural Affairs","Department for Environment, Food & Rural Affairs",2022 to 2024 Sunak Conservative government,,,
https://www.gov.uk/guidance/healthcare-and-related-wastes-how-to-classify,Healthcare and related wastes: how to classify,detailed_guide,28baafbc-d5f8-413c-b3c6-4af95cf23b1a,en,whitehall,2014-03-21T00:00:00.000Z,2014-03-21T00:00:00.000Z,,,38,"Business and industry,Waste management,Business and the environment,Waste and recycling,Environment,GOV.UK homepage,Health and social care,Waste and environmental impact",Environment Agency,"Environment Agency,Department for Environment, Food & Rural Affairs",2010 to 2015 Conservative and Liberal Democrat coalition government,,,
https://www.gov.uk/guidance/view-apha-surveillance-reports-publications-and-data,"APHA animal surveillance reports, publications and dashboards",detailed_guide,d418db3c-5145-42f4-b997-91a0fcc02c04,en,whitehall,2024-10-28T00:00:00.000Z,2025-07-30T15:29:23.000Z,,,38,"Pets,Keeping farmed animals,GOV.UK homepage,Reporting disease and disease outbreaks,Wildlife, animals, biodiversity and ecosystems,Food and farming,Environment,Animal and plant health","Department for Environment, Food & Rural Affairs","Department for Environment, Food & Rural Affairs,Animal and Plant Health Agency",2024 Starmer Labour government,,,
https://www.gov.uk/guidance/manage-waste-lead-acid-batteries-containing-pops,Manage waste lead acid batteries containing POPs,detailed_guide,d6e8c1f2-299e-484c-9d25-12bdea07a6fe,en,whitehall,2024-08-08T23:00:00.000Z,2024-08-08T23:00:00.000Z,,,38,"Waste and environmental impact,Waste management,GOV.UK homepage,Chemicals,Environment,Pollution and environmental quality,Waste and recycling",Environment Agency,Environment Agency,2024 Starmer Labour government,,,
https://www.gov.uk/guidance/energy-technology-list,Energy Technology List (ETL),detailed_guide,aeaf6520-d961-42ba-8153-e23f15b16c40,en,whitehall,2015-05-14T23:00:00.000Z,2024-07-10T10:38:52.000Z,,,38,"Environment,Business and the environment,Low carbon technologies,Energy demand reduction,Business and industry,Energy infrastructure,Money,GOV.UK homepage",Department for Energy Security and Net Zero,Department for Energy Security and Net Zero,2015 to 2016 Cameron Conservative government,,,
https://www.gov.uk/guidance/get-advice-before-you-apply-for-a-water-abstraction-or-impounding-licence,Get advice before you apply for a water abstraction or impounding licence,detailed_guide,2851fb80-091b-4670-b848-9b7a50a1b0dd,en,whitehall,2022-03-31T23:00:00.000Z,2026-01-13T14:00:34.000Z,,,38,"Environmental permits,Water management,Environment,GOV.UK homepage,Abstract (take) water,Drought and water availability,Impound (store) water",Environment Agency,Environment Agency,2019 to 2022 Johnson Conservative government,,,
https://www.gov.uk/guidance/variety-lists-of-agricultural-and-vegetable-crops,Add a new plant variety to the Great Britain and Northern Ireland Variety Lists,detailed_guide,5c72162a-7631-11e4-a3cb-005056011aef,en,whitehall,2012-09-06T23:00:00.000Z,2025-11-25T13:55:33.000Z,,,37,"Environment,Producing and distributing food,GOV.UK homepage,Crops and horticulture ,Food and farming","Department for Environment, Food & Rural Affairs","Department for Environment, Food & Rural Affairs,Animal and Plant Health Agency",2010 to 2015 Conservative and Liberal Democrat coalition government,,,
https://www.gov.uk/guidance/combining-environmental-payments-biodiversity-net-gain-bng-and-nutrient-mitigation,Combining environmental payments: biodiversity net gain (BNG) and nutrient mitigation,detailed_guide,3a6cf1dd-26fd-4343-9ea1-4e2257344e85,en,whitehall,2023-02-21T00:00:00.000Z,2024-02-12T12:33:48.000Z,,,37,"Housing, local and community,Planning and building,Wildlife and habitat conservation,GOV.UK homepage,Environment,Wildlife, animals, biodiversity and ecosystems","Department for Environment, Food & Rural Affairs","Department for Environment, Food & Rural Affairs,Natural England",2022 to 2024 Sunak Conservative government,,,
https://www.gov.uk/guidance/request-environmental-permit-coordination-for-major-projects,Request environmental permit coordination for major projects,detailed_guide,03883205-2dc9-4cf1-8d4f-73756da4846f,en,whitehall,2025-03-31T23:00:00.000Z,2026-01-09T09:05:00.000Z,,,37,"Rail infrastructure,Planning and building,Environment,Environmental permits,Energy infrastructure,Road infrastructure,Housing, local and community,GOV.UK homepage,Impound (store) water,Transport,Water management,Rail,Abstract (take) water",Environment Agency,Environment Agency,2024 Starmer Labour government,,,
https://www.gov.uk/guidance/apha-alert-subscription-service,APHA animal disease alert subscription service,detailed_guide,81ef417a-ae74-4f05-9882-7caafb67694d,en,whitehall,2019-03-14T12:22:00.000Z,2021-12-09T16:14:58.000Z,,,37,"Animal and plant health,Wildlife, animals, biodiversity and ecosystems,GOV.UK homepage,Environment",Animal and Plant Health Agency,Animal and Plant Health Agency,2016 to 2019 May Conservative government,,,
https://www.gov.uk/guidance/basic-payment-scheme,Basic Payment Scheme (closed),detailed_guide,d8b7b920-4a51-4133-b20d-c87851983c2c,en,whitehall,2023-03-14T00:00:00.000Z,2025-02-11T15:41:46.000Z,,,37,"Environment,Food and farming,Farming and food grants and payments,Basic Payment Scheme (BPS),Rural grants and payments,GOV.UK homepage",Rural Payments Agency,"Rural Payments Agency,Department for Environment, Food & Rural Affairs",2022 to 2024 Sunak Conservative government,,,
https://www.gov.uk/guidance/managing-future-flood-risk-and-thames-barrier-thames-estuary-2100,Managing future flood risk and Thames Barrier: Thames Estuary 2100,detailed_guide,e8084d1d-e19d-4858-8e49-add9498e948c,en,whitehall,2023-04-18T23:00:00.000Z,2025-12-05T12:36:23.000Z,,,37,"GOV.UK homepage,Environment,River maintenance, flooding and coastal erosion","Department for Environment, Food & Rural Affairs","Department for Environment, Food & Rural Affairs,Environment Agency",2022 to 2024 Sunak Conservative government,,,
https://www.gov.uk/guidance/anthrax-how-to-spot-and-report-the-disease,Anthrax: how to spot and report the disease,detailed_guide,5f6561a5-7631-11e4-a3cb-005056011aef,en,whitehall,2014-08-26T14:07:00.000Z,2018-10-18T14:25:49.000Z,,,37,"GOV.UK homepage,Environment,Food and farming","Department for Environment, Food & Rural Affairs","Department for Environment, Food & Rural Affairs,Animal and Plant Health Agency",2010 to 2015 Conservative and Liberal Democrat coalition government,,,
https://www.gov.uk/guidance/record-keeping-requirements-for-veterinary-medicines,Record keeping requirements for veterinary medicines,detailed_guide,344025a8-899c-4e1b-bbff-7e140de7a5d7,en,whitehall,2013-07-30T23:00:00.000Z,2024-05-17T10:46:47.000Z,,,37,"Environment,Wildlife, animals, biodiversity and ecosystems,GOV.UK homepage",Veterinary Medicines Directorate,Veterinary Medicines Directorate,2010 to 2015 Conservative and Liberal Democrat coalition government,,,
https://www.gov.uk/guidance/sustainable-farming-incentive-sfi-completing-your-rotational-actions-declaration,Sustainable Farming Incentive (SFI): completing your rotational actions declaration ,detailed_guide,7aeadb88-2340-404c-9823-52ccc97b042c,en,whitehall,2025-11-17T00:00:00.000Z,2025-11-24T12:50:24.000Z,,,37,"Environment,Farming and food grants and payments,Food and farming,Rural grants and payments,GOV.UK homepage","Department for Environment, Food & Rural Affairs","Department for Environment, Food & Rural Affairs,Rural Payments Agency",2024 Starmer Labour government,,,
https://www.gov.uk/guidance/the-2020-eia-regulations,The 2020 EIA Regulations,detailed_guide,59b5e27b-3452-429c-b9bb-2c39ff66596d,en,whitehall,2021-01-05T00:00:00.000Z,2026-02-16T10:16:59.000Z,,,37,"Environment,Energy infrastructure,Oil, gas and coal,GOV.UK homepage",Offshore Petroleum Regulator for Environment and Decommissioning,Offshore Petroleum Regulator for Environment and Decommissioning,2019 to 2022 Johnson Conservative government,,,
https://www.gov.uk/guidance/anaerobic-digestate-resource-framework,Anaerobic digestate: resource framework,detailed_guide,89880d42-9335-4294-8a4e-0d070c0ef60a,en,whitehall,2025-10-20T08:00:05.000Z,2025-10-20T08:00:05.000Z,,,37,"Waste and environmental impact,Environment,Waste management,GOV.UK homepage,Waste and recycling",Environment Agency,Environment Agency,2024 Starmer Labour government,,,
https://www.gov.uk/guidance/import-compound-products-from-the-eu-to-great-britain,Import compound products to Great Britain,detailed_guide,49ebe1fa-f7f1-48fd-9730-3ad20c19f9c9,en,whitehall,2024-03-12T00:00:00.000Z,2025-09-19T13:12:41.000Z,,,37,"Business and industry,Import, export and distribution of food,Importing,Wildlife, animals, biodiversity and ecosystems,GOV.UK homepage,Import controls,Animal and plant health,Environment,Food and farming,Producing and distributing food,Trade and investment","Department for Environment, Food & Rural Affairs","Department for Environment, Food & Rural Affairs",2022 to 2024 Sunak Conservative government,,,
https://www.gov.uk/guidance/groundwater-risk-assessment-for-your-environmental-permit,Groundwater risk assessment for your environmental permit,detailed_guide,5c38b6fa-b2b4-4871-9865-0fc11a4f4762,en,whitehall,2016-02-01T12:19:00.000Z,2018-04-03T08:00:16.000Z,,,36,"Environmental permits,Environment,Groundwater,Water management,GOV.UK homepage,Business and industry",Environment Agency,"Environment Agency,Department for Environment, Food & Rural Affairs",2015 to 2016 Cameron Conservative government,,,
https://www.gov.uk/guidance/disposing-of-unwanted-marine-flares,Disposing of unwanted distress flares,detailed_guide,5d2f117f-84cd-427a-b26d-09758f6b7576,en,whitehall,2018-02-02T14:06:00.000Z,2023-01-01T00:00:04.000Z,,,36,"Maritime safety,Transport,GOV.UK homepage,Environment,Coastguard search and rescue,Maritime and shipping,Life saving appliances (LSA),Maritime and the environment,Marine",Maritime and Coastguard Agency,"Maritime and Coastguard Agency,Department for Transport",2016 to 2019 May Conservative government,,,
https://www.gov.uk/guidance/northern-ireland-retail-movement-scheme-nirms-how-to-move-goods,Northern Ireland Retail Movement Scheme (NIRMS): how to move goods,detailed_guide,84913ef0-fa2b-43a5-91ea-0add63c650f3,en,whitehall,2025-06-17T23:00:00.000Z,2025-10-31T14:15:05.000Z,,,36,"Import, export and distribution of food,Environment,Producing and distributing food,GOV.UK homepage,Food and farming","Department for Environment, Food & Rural Affairs","Department for Environment, Food & Rural Affairs",2024 Starmer Labour government,,,
https://www.gov.uk/guidance/put-your-pet-in-rabies-quarantine,Put your pet in rabies quarantine,detailed_guide,55ad6241-dea8-43f9-8908-964f7be06993,en,whitehall,2016-06-08T23:00:00.000Z,2025-09-08T12:51:54.000Z,,,36,"Pets,Environment,Wildlife, animals, biodiversity and ecosystems,GOV.UK homepage","Department for Environment, Food & Rural Affairs","Department for Environment, Food & Rural Affairs,Animal and Plant Health Agency",2015 to 2016 Cameron Conservative government,,,
https://www.gov.uk/guidance/how-to-do-the-sfi-actions-for-hedgerows,How to do the SFI actions for hedgerows,detailed_guide,464d8a2d-6674-4272-8868-122b687a90ad,en,whitehall,2023-08-09T23:00:00.000Z,2025-03-27T10:04:56.000Z,,,36,"Rural grants and payments,Farming and food grants and payments,Rural and countryside,Rural development and land management,Rural development,Farming,Environment,Food and farming,GOV.UK homepage",Rural Payments Agency,Rural Payments Agency,2022 to 2024 Sunak Conservative government,,,
https://www.gov.uk/guidance/industrial-emissions-standards-and-best-available-techniques,Industrial emissions standards and best available techniques,detailed_guide,476377d8-397c-413a-aa53-1364017eab46,en,whitehall,2020-12-31T23:00:45.000Z,2020-12-31T23:00:45.000Z,,,36,"Environment,GOV.UK homepage,Waste and recycling","Department for Environment, Food & Rural Affairs","Department for Environment, Food & Rural Affairs",2019 to 2022 Johnson Conservative government,,,
https://www.gov.uk/guidance/overhead-lines-applying-for-consent,Overhead lines: applying for consent,detailed_guide,94a04dfa-9162-4f39-8e8b-73f225dfe6bb,en,whitehall,2000-01-01T00:00:00.000Z,2022-10-19T10:30:00.000Z,,,36,"Energy infrastructure,GOV.UK homepage,Environment",Department for Energy Security and Net Zero,"Department for Energy Security and Net Zero,Department for Business, Energy & Industrial Strategy",1997 to 2007 Blair Labour government,,,
https://www.gov.uk/guidance/construct-a-new-or-substantially-enlarge-an-existing-silage-slurry-or-agricultural-fuel-oil-store-or-store-field-silage-on-a-new-site,"Construct a new or substantially enlarge an existing silage, slurry or agricultural fuel oil store, or store field silage on a new site",detailed_guide,4f519564-5233-41f8-be2c-7ca9476cf3c9,en,whitehall,2026-01-26T09:30:02.000Z,2026-01-26T09:30:02.000Z,,,36,"Food and farming industry,GOV.UK homepage,Food and farming,Environment",Environment Agency,Environment Agency,2024 Starmer Labour government,,,
https://www.gov.uk/guidance/uk-emissions-trading-scheme-for-aviation-how-to-comply,UK Emissions Trading Scheme for aviation: how to comply,detailed_guide,ef0f26aa-b114-4aa3-be11-22ae77a780b8,en,whitehall,2021-03-04T00:00:00.000Z,2025-07-04T13:29:11.000Z,,,36,"Climate change and energy,Greenhouse gas emissions,Emissions and emissions trading,Environment,Business and industry,Business and the environment,GOV.UK homepage,Business regulation",Environment Agency,Environment Agency,2019 to 2022 Johnson Conservative government,,,
https://www.gov.uk/guidance/transporting-animal-by-products,Transporting animal by-products,detailed_guide,5f9c1629-7631-11e4-a3cb-005056011aef,en,whitehall,2014-09-05T12:21:00.000Z,2016-10-26T11:25:19.000Z,,,36,"Food and farming,Environment,GOV.UK homepage","Department for Environment, Food & Rural Affairs","Department for Environment, Food & Rural Affairs,Animal and Plant Health Agency",2010 to 2015 Conservative and Liberal Democrat coalition government,,,
https://www.gov.uk/guidance/farmers-and-vets-what-happens-on-an-animal-health-and-welfare-review,What happens during an animal health and welfare review,detailed_guide,ba1270ab-380e-4258-aa96-07f765d8f130,en,whitehall,2024-06-18T23:00:00.000Z,2026-01-22T10:00:00.000Z,,,35,"Environment,GOV.UK homepage,Food and farming,Farming and food grants and payments","Department for Environment, Food & Rural Affairs","Department for Environment, Food & Rural Affairs,Rural Payments Agency",2022 to 2024 Sunak Conservative government,,,
https://www.gov.uk/guidance/maritime-security,Ship security,detailed_guide,5c765fc4-7631-11e4-a3cb-005056011aef,en,whitehall,2012-10-08T23:00:00.000Z,2024-11-05T14:14:08.000Z,,,35,"Rural and countryside,GOV.UK homepage,Maritime and shipping,Maritime security,Transport,Environment",Maritime and Coastguard Agency,Maritime and Coastguard Agency,2010 to 2015 Conservative and Liberal Democrat coalition government,,,
https://www.gov.uk/guidance/download-environmental-data,Access environmental data,detailed_guide,5f4c9697-7631-11e4-a3cb-005056011aef,en,whitehall,2014-04-07T12:54:00.000Z,2023-03-31T08:11:43.000Z,,,35,"Pollution and environmental quality,Water and sewerage services,Waste management,Water management,River maintenance, flooding and coastal erosion,Waste and recycling,Wildlife, animals, biodiversity and ecosystems,GOV.UK homepage,Water quality,Environment",Environment Agency,"Environment Agency,Department for Environment, Food & Rural Affairs",2010 to 2015 Conservative and Liberal Democrat coalition government,,,
https://www.gov.uk/guidance/bluetongue-serotype-3-btv-3-vaccination,Bluetongue serotype 3 (BTV-3) vaccination,detailed_guide,ea131b6f-748b-425c-a7c4-2b717ccb4aca,en,whitehall,2024-09-03T23:00:00.000Z,2025-07-31T15:27:17.000Z,,,35,"Food and farming,Veterinary medicines,Reporting disease and disease outbreaks,Keeping farmed animals,Environment,Cattle deaths,GOV.UK homepage","Department for Environment, Food & Rural Affairs","Department for Environment, Food & Rural Affairs,Veterinary Medicines Directorate",2024 Starmer Labour government,,,
https://www.gov.uk/guidance/update-your-holding-details,Livestock keepers: update your details,detailed_guide,5f20ea93-7631-11e4-a3cb-005056011aef,en,whitehall,2014-05-05T23:00:00.000Z,2024-10-25T11:40:22.000Z,,,35,"Sheep and goats identification, registration and movements,Food and farming,Cattle identification, registration and movements,Environment,Pig identification, registration and movements,GOV.UK homepage,Deer farming,Keeping farmed animals",Rural Payments Agency,"Rural Payments Agency,Animal and Plant Health Agency,British Cattle Movement Service,Department for Environment, Food & Rural Affairs",2010 to 2015 Conservative and Liberal Democrat coalition government,,,
https://www.gov.uk/guidance/whistleblowing-report-serious-wrongdoing-to-the-environment-agency,Whistleblowing: reporting serious wrongdoing to the Environment Agency,detailed_guide,c18e6cf9-6dc2-45c8-8dd6-df3908fd406d,en,whitehall,2024-03-26T00:00:00.000Z,2024-04-25T17:03:01.000Z,,,35,"Environment,GOV.UK homepage",Environment Agency,Environment Agency,2022 to 2024 Sunak Conservative government,,,
https://www.gov.uk/guidance/mir-approved-gas-and-electricity-meters,MIR approved gas and electricity meters,detailed_guide,d4660cff-4db8-465e-944c-d6d661256dc5,en,whitehall,2025-11-06T11:03:14.000Z,2025-11-06T11:03:14.000Z,,,35,"Climate change and energy,GOV.UK homepage,Environment",Office for Product Safety and Standards,Office for Product Safety and Standards,2024 Starmer Labour government,,,
https://www.gov.uk/guidance/northern-ireland-retail-movement-scheme-how-to-register-and-seal-consignments,Northern Ireland Retail Movement Scheme (NIRMS): how to register,detailed_guide,8bcc0755-4248-4a8b-aa3b-10f0d2811a8d,en,whitehall,2023-07-27T23:00:00.000Z,2025-11-04T14:02:42.000Z,,,35,"Food and farming,GOV.UK homepage,Environment,Import, export and distribution of food,Producing and distributing food","Department for Environment, Food & Rural Affairs","Department for Environment, Food & Rural Affairs",2022 to 2024 Sunak Conservative government,,,
https://www.gov.uk/guidance/waste-exemption-t10-sorting-mixed-waste,T10: sorting waste for recycling,detailed_guide,5f4d283a-7631-11e4-a3cb-005056011aef,en,whitehall,2014-04-27T23:00:00.000Z,2025-07-01T08:30:01.000Z,,,35,"Waste and recycling,GOV.UK homepage,Environment,Environmental permits,Waste exemptions",Environment Agency,Environment Agency,2010 to 2015 Conservative and Liberal Democrat coalition government,,,
https://www.gov.uk/guidance/environmental-permitting-air-dispersion-modelling-reports,Environmental permitting: air dispersion modelling reports,detailed_guide,7441a86c-f7f6-4500-b663-de01a37c4bcb,en,whitehall,2014-11-01T00:00:00.000Z,2024-03-26T11:33:17.000Z,,,34,"Pollution and environmental quality,Environment,Environmental permits,GOV.UK homepage",Environment Agency,"Environment Agency,Department for Environment, Food & Rural Affairs",2010 to 2015 Conservative and Liberal Democrat coalition government,,,
https://www.gov.uk/guidance/waste-electrical-and-electronic-equipment-weee-reuse-and-treat,Waste electrical and electronic equipment (WEEE): reuse and treatment,detailed_guide,5f51af2f-7631-11e4-a3cb-005056011aef,en,whitehall,2014-05-05T23:00:00.000Z,2025-09-16T10:24:09.000Z,,,34,"Business and the environment,GOV.UK homepage,Waste management,Environment,Waste and recycling,Business and industry",Environment Agency,Environment Agency,2010 to 2015 Conservative and Liberal Democrat coalition government,,,
https://www.gov.uk/guidance/get-new-or-replacement-official-ear-tags-for-cattle,Get new or replacement official ear tags for cattle,detailed_guide,5f20e9ac-7631-11e4-a3cb-005056011aef,en,whitehall,2014-05-05T23:00:00.000Z,2022-11-08T09:10:35.000Z,,,34,"Cattle identification, registration and movements,Environment,Food and farming,Keeping farmed animals,GOV.UK homepage",British Cattle Movement Service,"British Cattle Movement Service,Rural Payments Agency",2010 to 2015 Conservative and Liberal Democrat coalition government,,,
https://www.gov.uk/guidance/brucellosis,Brucellosis: how to spot and report the disease,detailed_guide,5f660e56-7631-11e4-a3cb-005056011aef,en,whitehall,2014-08-26T15:07:00.000Z,2018-10-18T14:33:32.000Z,,,34,"Food and farming,GOV.UK homepage,Environment","Department for Environment, Food & Rural Affairs","Department for Environment, Food & Rural Affairs,Animal and Plant Health Agency",2010 to 2015 Conservative and Liberal Democrat coalition government,,,
https://www.gov.uk/guidance/keep-a-holding-register-for-cattle,"Keep a holding register for cattle to record births, movements and deaths",detailed_guide,5f20ea49-7631-11e4-a3cb-005056011aef,en,whitehall,2014-05-05T23:00:00.000Z,2023-06-28T16:12:07.000Z,,,34,"GOV.UK homepage,Food and farming,Cattle deaths,Keeping farmed animals,Environment,Cattle identification, registration and movements",British Cattle Movement Service,"British Cattle Movement Service,Rural Payments Agency",2010 to 2015 Conservative and Liberal Democrat coalition government,,,
https://www.gov.uk/guidance/trade-water-abstraction-rights,Trade water abstraction rights,detailed_guide,7caf3c11-13fb-427e-8831-ba99e439060a,en,whitehall,2023-05-31T23:00:00.000Z,2024-03-20T15:45:23.000Z,,,34,"Abstract (take) water,Environmental permits,Drought and water availability,Water management,GOV.UK homepage,Environment",Environment Agency,Environment Agency,2022 to 2024 Sunak Conservative government,,,
https://www.gov.uk/guidance/reptiles-advice-for-making-planning-decisions,Reptiles: advice for making planning decisions,detailed_guide,b132da68-4bd5-4a90-9e8a-08d454712fd4,en,whitehall,2022-01-14T00:00:00.000Z,2025-04-07T09:00:00.000Z,,,34,"GOV.UK homepage,Wildlife, animals, biodiversity and ecosystems,Wildlife and habitat conservation,Protected sites and species,Land species,Reptiles and amphibians,Environment",Natural England,Natural England,2019 to 2022 Johnson Conservative government,,,
https://www.gov.uk/guidance/plant-breeders-rights,Get plant breeders’ rights for your new variety,detailed_guide,5c72169c-7631-11e4-a3cb-005056011aef,en,whitehall,2012-09-06T23:00:00.000Z,2025-11-25T13:57:11.000Z,,,33,"Environment,Producing and distributing food,Food and farming,Crops and horticulture ,GOV.UK homepage",Animal and Plant Health Agency,"Animal and Plant Health Agency,Natural England",2010 to 2015 Conservative and Liberal Democrat coalition government,,,
https://www.gov.uk/guidance/moving-cattle-what-cattle-keepers-need-to-know,Moving cattle: what cattle keepers need to know,detailed_guide,4619b621-5bd2-4b40-9fc8-5fd74bbd5742,en,whitehall,2022-11-08T00:00:00.000Z,2023-12-04T09:58:06.000Z,,,33,"Cattle identification, registration and movements,GOV.UK homepage,Food and farming,Environment,Keeping farmed animals",British Cattle Movement Service,"British Cattle Movement Service,Rural Payments Agency",2022 to 2024 Sunak Conservative government,,,
https://www.gov.uk/guidance/select-a-waste-recovery-or-disposal-method-for-your-environmental-permit,Select a waste recovery or disposal method for your environmental permit,detailed_guide,8841b0e9-2383-452d-9851-990bd738df2b,en,whitehall,2016-02-01T12:32:00.000Z,2016-02-01T12:32:00.000Z,,,33,"Waste and environmental impact,Waste management,Business and the environment,Waste and recycling,Environment,GOV.UK homepage,Business and industry,Environmental permits",Environment Agency,"Environment Agency,Department for Environment, Food & Rural Affairs",2015 to 2016 Cameron Conservative government,,,
https://www.gov.uk/guidance/substances-recognised-as-medicinal-by-function-in-veterinary-medicines,Substances recognised as medicinal by function in veterinary medicines,detailed_guide,01ff0e35-a349-42e1-a2b8-b772d8aa396a,en,whitehall,2026-01-14T00:00:00.000Z,2026-01-14T00:00:00.000Z,,,33,"Animal and plant health,Wildlife, animals, biodiversity and ecosystems,Environment,GOV.UK homepage",Veterinary Medicines Directorate,Veterinary Medicines Directorate,2024 Starmer Labour government,,,
https://www.gov.uk/guidance/archiving-your-trade-documents,Archiving your trade documents,detailed_guide,5c76593b-7631-11e4-a3cb-005056011aef,en,whitehall,2012-10-07T23:00:00.000Z,2024-08-13T10:13:35.000Z,,,33,"Business and industry,Money,GOV.UK homepage,Customs declarations, duties and tariffs (import and export),Trade and investment,Environment,Rural and countryside",HM Revenue & Customs,HM Revenue & Customs,2010 to 2015 Conservative and Liberal Democrat coalition government,,,
https://www.gov.uk/guidance/cites-application-fees,CITES application fees,detailed_guide,095aad46-3c5e-4b35-bcd3-a9bf52597388,en,whitehall,2024-10-08T10:00:07.000Z,2024-10-08T10:00:07.000Z,,,33,"Wildlife and habitat conservation,GOV.UK homepage,Biodiversity and ecosystems,Wildlife, animals, biodiversity and ecosystems,Protected sites and species,Environment",Animal and Plant Health Agency,"Animal and Plant Health Agency,Department for Environment, Food & Rural Affairs",2024 Starmer Labour government,,,
https://www.gov.uk/guidance/water-voles-advice-for-making-planning-decisions,Water voles: advice for making planning decisions,detailed_guide,743bbc31-ff23-4f96-bcb5-f01a3e4faa11,en,whitehall,2022-01-14T00:00:00.000Z,2025-04-07T09:00:00.000Z,,,33,"Wildlife, animals, biodiversity and ecosystems,Mammals,Protected sites and species,Environment,GOV.UK homepage,Wildlife and habitat conservation,Land species",Natural England,Natural England,2019 to 2022 Johnson Conservative government,,,
https://www.gov.uk/guidance/gas-meter-accuracy-and-disputes,Gas meters: independent testing of accuracy,detailed_guide,5f1932e0-7631-11e4-a3cb-005056011aef,en,whitehall,2014-03-13T00:00:00.000Z,2018-07-02T10:34:20.000Z,,,33,"Business regulation,Climate change and energy,Your rights and the law,Housing, local and community,Consumer rights and issues,Environment,GOV.UK homepage,Business and industry,Crime, justice and law,Household energy",Office for Product Safety and Standards,Office for Product Safety and Standards,2010 to 2015 Conservative and Liberal Democrat coalition government,,,
https://www.gov.uk/guidance/supplying-and-using-animal-by-products-as-farm-animal-feed,Supplying and using animal by-products as farm animal feed,detailed_guide,5fa9d73b-7631-11e4-a3cb-005056011aef,en,whitehall,2014-09-05T12:16:00.000Z,2019-01-14T09:07:26.000Z,,,33,"Environment,GOV.UK homepage,Food and farming","Department for Environment, Food & Rural Affairs","Department for Environment, Food & Rural Affairs,Animal and Plant Health Agency",2010 to 2015 Conservative and Liberal Democrat coalition government,,,
https://www.gov.uk/guidance/offshore-wind-development-library-of-strategic-compensatory-measures,Offshore wind development: library of strategic compensatory measures,detailed_guide,e679f512-5834-4fd3-af1d-e535e3b0e502,en,whitehall,2025-03-28T00:00:00.000Z,2025-12-17T09:30:08.000Z,,,33,"GOV.UK homepage,Marine protection and wildlife,Low carbon technologies,Environment,Marine,Climate change and energy,Energy infrastructure","Department for Environment, Food & Rural Affairs","Department for Environment, Food & Rural Affairs",2024 Starmer Labour government,,,
https://www.gov.uk/guidance/electricity-licence-exemptions,Electricity licence exemptions,detailed_guide,5d278b90-7631-11e4-a3cb-005056011aef,en,whitehall,2013-01-20T00:00:00.000Z,2026-01-14T16:47:18.000Z,,,32,"Environment,Energy infrastructure,GOV.UK homepage",Department for Energy Security and Net Zero,Department for Energy Security and Net Zero,2010 to 2015 Conservative and Liberal Democrat coalition government,,,
https://www.gov.uk/guidance/understanding-the-cmas-provisional-decision-in-its-vets-market-investigation,Understanding the CMA’s provisional decision in its vets market investigation,detailed_guide,0f810a1d-a9df-40d1-a546-c32a3f2d4de9,en,whitehall,2025-10-14T23:00:00.000Z,2025-11-04T09:15:08.000Z,,,32,"Business regulation,Business and industry,Wildlife, animals, biodiversity and ecosystems,Pets,GOV.UK homepage,Environment,Markets,Competition",Competition and Markets Authority,Competition and Markets Authority,2024 Starmer Labour government,,,
https://www.gov.uk/guidance/manage-waste-on-land-guidance-for-land-managers,Manage waste on land: guidance for land managers,detailed_guide,5f54bffd-7631-11e4-a3cb-005056011aef,en,whitehall,2014-05-08T15:14:00.000Z,2019-07-16T13:24:13.000Z,,,32,"Waste exemptions,Farming,Rural development and land management,Rural and countryside,GOV.UK homepage,Environmental permits,Waste management,Waste and recycling,Environment","Department for Levelling Up, Housing and Communities ","Department for Levelling Up, Housing and Communities ,Environment Agency",2010 to 2015 Conservative and Liberal Democrat coalition government,,,
https://www.gov.uk/guidance/record-your-catch,Record your catch,detailed_guide,9c359b1a-b3fe-4f31-9379-891c3b29ff7f,en,whitehall,2019-08-29T23:00:00.000Z,2025-10-09T08:40:06.000Z,,,32,"Marine,GOV.UK homepage,Environment,Fishing vessels,Fishing, fisheries and fishing vessels,Vessel licensing,Fishing regulations, monitoring and enforcement",Marine Management Organisation,Marine Management Organisation,2019 to 2022 Johnson Conservative government,,,
https://www.gov.uk/guidance/using-animal-by-products-at-compost-and-biogas-sites,Using animal by-products at compost and biogas sites,detailed_guide,5f66ce68-7631-11e4-a3cb-005056011aef,en,whitehall,2014-09-05T12:14:00.000Z,2020-11-11T08:47:55.000Z,,,32,"Food and farming,Wildlife, animals, biodiversity and ecosystems,GOV.UK homepage,Environment","Department for Environment, Food & Rural Affairs","Department for Environment, Food & Rural Affairs,Animal and Plant Health Agency",2010 to 2015 Conservative and Liberal Democrat coalition government,,,
https://www.gov.uk/guidance/pig-keepers-report-and-record-movements-to-or-from-your-holding,Report pig movements,detailed_guide,6021488b-7631-11e4-a3cb-005056011aef,en,whitehall,2012-02-02T00:00:00.000Z,2023-10-10T16:11:36.000Z,,,32,"Environment,GOV.UK homepage,Food and farming,Pig identification, registration and movements,Keeping farmed animals","Department for Environment, Food & Rural Affairs","Department for Environment, Food & Rural Affairs",2010 to 2015 Conservative and Liberal Democrat coalition government,,,
https://www.gov.uk/guidance/rural-payments-service-give-or-update-permissions,Rural Payments service: give or update permissions,detailed_guide,fcd91423-e2b1-497c-afdb-b77afe9cb906,en,whitehall,2024-10-29T13:32:25.000Z,2024-10-29T13:32:25.000Z,,,32,"Farming and food grants and payments,Environment,GOV.UK homepage,Rural grants and payments,Rural and countryside,Rural development and land management,Farming,Food and farming",Rural Payments Agency,Rural Payments Agency,2024 Starmer Labour government,,,
https://www.gov.uk/guidance/bluefin-tuna-bft-commercial-fishery-within-uk-waters,Bluefin tuna (BFT) commercial fishery within UK waters,detailed_guide,ff447c57-3ff9-45e0-b85f-439276193dde,en,whitehall,2024-03-28T00:00:00.000Z,2025-05-13T10:01:27.000Z,,,32,"Environment,Sea fishing,GOV.UK homepage,Marine",Marine Management Organisation,Marine Management Organisation,2022 to 2024 Sunak Conservative government,,,
https://www.gov.uk/guidance/certificate-of-proof-of-civil-or-passenger-liability-insurance,"Certificate of proof of civil, passenger, other liability insurance",detailed_guide,5f50059e-7631-11e4-a3cb-005056011aef,en,whitehall,2014-04-30T23:00:00.000Z,2024-09-06T08:51:25.000Z,,,32,"Safe and compliant operation of vessels,Transport,GOV.UK homepage,Business and industry,Environment,UK economy,Pollution and environmental quality,Maritime and shipping,Maritime safety",Maritime and Coastguard Agency,Maritime and Coastguard Agency,2010 to 2015 Conservative and Liberal Democrat coalition government,,,
https://www.gov.uk/guidance/importing-selling-and-labelling-wine,Importing wine,detailed_guide,2d3b5a0a-9a0c-46be-bf69-ec417692677b,en,whitehall,2020-12-31T00:00:00.000Z,2025-09-19T13:32:11.000Z,,,31,"Food and farming,Import, export and distribution of food,Food labelling and safety,GOV.UK homepage,Producing and distributing food,Environment","Department for Environment, Food & Rural Affairs","Department for Environment, Food & Rural Affairs",2019 to 2022 Johnson Conservative government,,,
https://www.gov.uk/guidance/marine-protected-areas-mpas,Marine Protected Areas (MPAs),detailed_guide,6bb6a70a-6602-4f98-9f10-2aae2f732422,en,whitehall,2023-03-13T00:00:00.000Z,2023-03-13T00:00:00.000Z,,,31,"GOV.UK homepage,Marine,Environment,Marine protection and wildlife,Species protection and marine conservation",Marine Management Organisation,Marine Management Organisation,2022 to 2024 Sunak Conservative government,,,
https://www.gov.uk/guidance/oil-and-gas-environmental-data,Oil and gas: environmental submissions and determinations,detailed_guide,5c8411d9-7631-11e4-a3cb-005056011aef,en,whitehall,2013-01-22T00:00:00.000Z,2026-01-27T13:51:30.000Z,,,31,"Climate change and energy,GOV.UK homepage,Energy infrastructure,Oil, gas and coal,Environment",Department for Energy Security and Net Zero,"Department for Energy Security and Net Zero,Offshore Petroleum Regulator for Environment and Decommissioning,Department for Business, Energy & Industrial Strategy",2010 to 2015 Conservative and Liberal Democrat coalition government,,,
https://www.gov.uk/guidance/olive-oil-regulations-and-inspections,"Olive oil: labelling, packaging and inspections",detailed_guide,5f498735-7631-11e4-a3cb-005056011aef,en,whitehall,2014-03-28T17:29:00.000Z,2022-09-20T12:12:17.000Z,,,31,"Environment,GOV.UK homepage,Import, export and distribution of food,Producing and distributing food,Food and farming","Department for Environment, Food & Rural Affairs","Department for Environment, Food & Rural Affairs,Animal and Plant Health Agency",2010 to 2015 Conservative and Liberal Democrat coalition government,,,
https://www.gov.uk/guidance/d1-waste-exemption-depositing-waste-from-dredging-inland-waters,D1: depositing waste from dredging inland waters,detailed_guide,8268ca2a-855c-44df-9cbf-3affddb38262,en,whitehall,2019-09-11T23:00:00.000Z,2026-01-27T09:30:02.000Z,,,31,"Environment,Waste exemptions,Waste management,Waste and recycling,GOV.UK homepage,Environmental permits",Environment Agency,Environment Agency,2019 to 2022 Johnson Conservative government,,,
https://www.gov.uk/guidance/control-dogs,Control dogs,detailed_guide,d014b900-9690-469a-b171-de85eb782097,en,whitehall,2015-08-04T16:08:09.000Z,2015-08-04T16:08:09.000Z,,,31,"Crime, justice and law,GOV.UK homepage,Wildlife, animals, biodiversity and ecosystems,Environment","Department for Environment, Food & Rural Affairs","Department for Environment, Food & Rural Affairs",2015 to 2016 Cameron Conservative government,,,
https://www.gov.uk/guidance/buy-statutory-biodiversity-credits,Buy statutory biodiversity credits,detailed_guide,3d669281-1d1e-48d8-8b64-d4a5b2df12a1,en,whitehall,2024-02-12T00:00:00.000Z,2025-06-26T15:30:04.000Z,,,30,"GOV.UK homepage,Biodiversity and ecosystems,Wildlife, animals, biodiversity and ecosystems,Environment","Department for Environment, Food & Rural Affairs","Department for Environment, Food & Rural Affairs,Natural England",2022 to 2024 Sunak Conservative government,,,
https://www.gov.uk/guidance/sanitary-and-phytosanitary-sps-checks-at-border-control-posts-bcps,Sanitary and phytosanitary (SPS) checks at border control posts (BCPs),detailed_guide,d822073e-7f39-4a39-b9b6-ced7187ee3de,en,whitehall,2024-04-29T23:00:00.000Z,2024-04-29T23:00:00.000Z,,,30,"Environment,Trade and investment,Producing and distributing food,GOV.UK homepage,Business and industry,Import and export of farmed animals,Animal and plant health,Keeping farmed animals,Wildlife, animals, biodiversity and ecosystems,Import, export and distribution of food,Importing,Import controls,Food and farming","Department for Environment, Food & Rural Affairs","Department for Environment, Food & Rural Affairs",2022 to 2024 Sunak Conservative government,,,
https://www.gov.uk/guidance/part-b-activities-combustion-and-incineration-permits,Part B activities: combustion and incineration permits,detailed_guide,a3d21bc5-95e9-40d2-88f6-f3c9ede9bfcf,en,whitehall,2019-07-14T23:00:00.000Z,2025-07-09T09:18:23.000Z,,,30,"Environmental permits,Environment,Business and the environment,Business and industry,GOV.UK homepage,Pollution and environmental quality",Environment Agency,"Environment Agency,Department for Environment, Food & Rural Affairs",2016 to 2019 May Conservative government,,,
https://www.gov.uk/get-your-air-conditioning-system-inspected,Get your air conditioning system inspected,answer,e495e966-7c87-486f-8954-31352d211ee8,en,publisher,2012-09-26T10:27:01.000Z,2020-09-30T11:03:14.185Z,,,30,"Waste and environmental impact,Environment,Running a business,Business premises and business rates,Waste and recycling,Business and industry,GOV.UK homepage",Government Digital Service,"Department for Energy Security and Net Zero,Department for Business, Energy & Industrial Strategy",,,,
https://www.gov.uk/guidance/change-a-water-abstraction-or-impoundment-licence,"Change, revoke or transfer a water abstraction or impoundment licence",detailed_guide,66b169be-73fd-40e2-8f55-9d112f758237,en,whitehall,2018-03-26T23:00:00.000Z,2025-09-29T13:48:43.000Z,,,30,"Business and the environment,Abstract (take) water,Business and industry,Impound (store) water,Environment,GOV.UK homepage,Water management",Environment Agency,Environment Agency,2016 to 2019 May Conservative government,,,
https://www.gov.uk/guidance/apply-for-a-full-certificate-of-competence-to-slaughter-or-kill-animals,Apply for a full Certificate of Competence to slaughter or kill animals,detailed_guide,ed735fe0-5229-4ebc-a5ba-26d48da718b6,en,whitehall,2025-03-04T00:00:00.000Z,2025-06-04T08:57:18.000Z,,,30,"Producing and distributing food,Environment,GOV.UK homepage,Meat production,Food and farming","Department for Environment, Food & Rural Affairs","Department for Environment, Food & Rural Affairs,Food Standards Agency",2024 Starmer Labour government,,,
https://www.gov.uk/guidance/infiltration-systems-groundwater-risk-assessments,Infiltration systems: groundwater risk assessments,detailed_guide,0efac515-1f2b-44a7-906c-ab9a156eefbc,en,whitehall,2016-02-01T12:20:00.000Z,2020-11-25T12:20:54.000Z,,,30,"Water management,Environmental permits,Groundwater,GOV.UK homepage,Environment,Business and industry,Business and the environment",Environment Agency,"Environment Agency,Department for Environment, Food & Rural Affairs",2015 to 2016 Cameron Conservative government,,,
https://www.gov.uk/guidance/contact-mmo,Contact MMO,detailed_guide,b6d31b86-aa73-4625-ab84-1416f9ce64b2,en,whitehall,2025-01-14T00:00:00.000Z,2026-01-02T09:19:25.000Z,,,30,"GOV.UK homepage,Harbour orders,Sea fishing,Marine licences,Marine,Marine planning,Marine protection and wildlife,Marine environment,Environment",Marine Management Organisation,Marine Management Organisation,2024 Starmer Labour government,,,
https://www.gov.uk/agricultural-skills-and-training,Agricultural skills and training,answer,5e08e7ab-b693-4b89-9ffc-2cddc3e734ff,en,publisher,2012-10-02T11:58:06.000Z,2025-01-27T12:08:23.350Z,,,30,"Food and farming,Food and farming industry,Environment,GOV.UK homepage",Government Digital Service,"Department for Environment, Food & Rural Affairs",,,,
https://www.gov.uk/guidance/hazardous-waste-rejected-loads-supplementary-guidance,Hazardous waste: rejected loads guidance,detailed_guide,5f4242e3-7631-11e4-a3cb-005056011aef,en,whitehall,2014-03-31T23:00:00.000Z,2018-02-09T15:18:04.000Z,,,29,"GOV.UK homepage,Environment,Waste and recycling,Radioactive and nuclear substances and waste",Environment Agency,Environment Agency,2010 to 2015 Conservative and Liberal Democrat coalition government,,,
https://www.gov.uk/guidance/vets-contact-apha,Vets: contact APHA,detailed_guide,ff45dc00-aafa-485a-8eb7-dfe5b3946e63,en,whitehall,2025-02-14T10:47:57.000Z,2025-02-14T10:47:57.000Z,,,29,"Keeping farmed animals,Wildlife, animals, biodiversity and ecosystems,Environment,Reporting disease and disease outbreaks,Food and farming,GOV.UK homepage,Animal and plant health","Department for Environment, Food & Rural Affairs","Department for Environment, Food & Rural Affairs,Animal and Plant Health Agency",2024 Starmer Labour government,,,
https://www.gov.uk/guidance/uk-north-atlantic-albacore-fishery-2026-expression-of-interest-guidance,UK North Atlantic albacore fishery 2026 – Expression of interest guidance,detailed_guide,61aedf7d-e426-4f69-bd7c-01ff8c9c7501,en,whitehall,2026-02-02T10:55:00.000Z,2026-02-02T10:55:00.000Z,,,29,"GOV.UK homepage,Marine,Sea fishing,Environment",Marine Management Organisation,Marine Management Organisation,2024 Starmer Labour government,,,
https://www.gov.uk/guidance/licences-for-the-importexport-of-agricultural-products,Licences for the import/export of agricultural products,detailed_guide,5f4a5c51-7631-11e4-a3cb-005056011aef,en,whitehall,2014-03-31T23:00:00.000Z,2026-01-16T14:49:41.000Z,,,29,"GOV.UK homepage,Food and farming,Environment,Producing and distributing food,Import, export and distribution of food",Rural Payments Agency,Rural Payments Agency,2010 to 2015 Conservative and Liberal Democrat coalition government,,,
https://www.gov.uk/guidance/the-marketing-of-agricultural-and-vegetable-seed-varieties,Apply to have seeds certified for marketing in England and Wales,detailed_guide,5c7215de-7631-11e4-a3cb-005056011aef,en,whitehall,2012-09-11T23:00:00.000Z,2026-02-01T00:01:10.000Z,,,29,"Food and farming,Environment,Crops and horticulture ,GOV.UK homepage,Producing and distributing food","Department for Environment, Food & Rural Affairs","Department for Environment, Food & Rural Affairs,Animal and Plant Health Agency",2010 to 2015 Conservative and Liberal Democrat coalition government,,,
https://www.gov.uk/guidance/apply-to-change-a-marketing-authorisation-for-an-animal-medicine,Apply to change a veterinary Marketing Authorisation or Homeopathic Remedy,detailed_guide,602d77b7-7631-11e4-a3cb-005056011aef,en,whitehall,2015-06-03T23:00:00.000Z,2025-11-28T11:14:04.000Z,,,28,"Wildlife, animals, biodiversity and ecosystems,Environment,GOV.UK homepage",Veterinary Medicines Directorate,Veterinary Medicines Directorate,2015 to 2016 Cameron Conservative government,,,
https://www.gov.uk/guidance/report-your-use-of-the-bluetongue-serotype-3-btv-3-vaccine,Report your use of the bluetongue serotype 3 (BTV-3) vaccine,detailed_guide,a1577948-c07f-4da9-aeef-dd9fd80c2252,en,whitehall,2025-03-20T00:00:00.000Z,2025-07-31T15:26:07.000Z,,,28,"Reporting disease and disease outbreaks,Cattle deaths,GOV.UK homepage,Veterinary medicines,Food and farming,Environment,Keeping farmed animals","Department for Environment, Food & Rural Affairs","Department for Environment, Food & Rural Affairs",2024 Starmer Labour government,,,
https://www.gov.uk/guidance/importing-non-native-animals,Importing non-native animals,detailed_guide,99da4c0f-980c-462d-bc60-9485792ed44a,en,whitehall,2015-09-29T23:00:00.000Z,2020-12-31T23:00:43.000Z,,,28,"GOV.UK homepage,Wildlife, animals, biodiversity and ecosystems,Environment,Animal and plant health","Department for Environment, Food & Rural Affairs","Department for Environment, Food & Rural Affairs,Animal and Plant Health Agency",2015 to 2016 Cameron Conservative government,,,
https://www.gov.uk/guidance/fishing-regulations-the-blue-book,Fishing regulations: The Blue Book,detailed_guide,74a5a872-9c6c-4c58-9ab7-3fc51736bc44,en,whitehall,2025-07-30T15:55:43.000Z,2025-07-30T15:55:43.000Z,,,28,"GOV.UK homepage,Marine,Sea fishing,Environment",Marine Management Organisation,Marine Management Organisation,2024 Starmer Labour government,,,
https://www.gov.uk/guidance/kill-diseased-trees-by-using-chemicals,Kill diseased trees by using chemicals,detailed_guide,56f9f3fc-0754-40e2-9a40-39c14803682f,en,whitehall,2021-08-31T08:15:00.000Z,2021-08-31T08:15:00.000Z,,,28,"GOV.UK homepage,Environment,Rural and countryside,Forests and woodland","Department for Environment, Food & Rural Affairs","Department for Environment, Food & Rural Affairs,Forestry Commission",2019 to 2022 Johnson Conservative government,,,
https://www.gov.uk/guidance/rabies-in-bats,Rabies in bats: how to spot it and report it,detailed_guide,5f65df59-7631-11e4-a3cb-005056011aef,en,whitehall,2014-08-25T23:00:00.000Z,2025-09-12T14:03:37.000Z,,,28,"GOV.UK homepage,Environment,Keeping farmed animals,Reporting disease and disease outbreaks,Food and farming","Department for Environment, Food & Rural Affairs","Department for Environment, Food & Rural Affairs,Animal and Plant Health Agency",2010 to 2015 Conservative and Liberal Democrat coalition government,,,
https://www.gov.uk/guidance/rights-of-way-order-information-start-date-notices-inquiry-hearing-notices-and-rejection-letters-published-in-2024,"Rights of Way order information: start date notices, inquiry & hearing notices and rejection letters published in 2024 and 2025",detailed_guide,a0af81ad-f957-4edb-9df5-69e5fc66160c,en,whitehall,2024-02-27T00:00:00.000Z,2026-01-21T15:34:30.000Z,,,28,"Environment,Countryside,Planning permission and appeals,Rural and countryside,GOV.UK homepage,Planning and building,Access to the countryside,Housing, local and community",Planning Inspectorate,Planning Inspectorate,2022 to 2024 Sunak Conservative government,,,
https://www.gov.uk/guidance/become-an-official-veterinarian-ov-or-set-up-a-new-ov-practice,Become an Official Veterinarian (OV) or set up a new OV practice,detailed_guide,fcda996d-0a1d-449d-89eb-1ac436b31f24,en,whitehall,2024-08-04T23:00:00.000Z,2024-10-11T10:08:39.000Z,,,28,"Environment,Bovine tuberculosis (bovine TB),Food and farming,Wildlife, animals, biodiversity and ecosystems,GOV.UK homepage,Animal and plant health,Keeping farmed animals","Department for Environment, Food & Rural Affairs","Department for Environment, Food & Rural Affairs,Animal and Plant Health Agency",2024 Starmer Labour government,,,
https://www.gov.uk/guidance/cemeteries-and-burials-groundwater-risk-assessments,Cemeteries and burials: groundwater risk assessments,detailed_guide,1765ace6-1170-4c19-a340-4c4067133802,en,whitehall,2017-03-14T11:18:00.000Z,2023-10-02T07:00:00.000Z,,,28,"Pollution and environmental quality,Environment,GOV.UK homepage,Water management,Groundwater",Environment Agency,Environment Agency,2016 to 2019 May Conservative government,,,
https://www.gov.uk/guidance/what-happens-when-you-report-a-notifiable-disease-in-your-animals,What happens when you report a notifiable disease in your animals,detailed_guide,454d30d4-4c39-4e0a-8f19-1c41b1547f33,en,whitehall,2022-11-04T00:00:00.000Z,2025-03-31T14:22:16.000Z,,,27,"Food and farming,Animal and plant health,Wildlife, animals, biodiversity and ecosystems,GOV.UK homepage,Environment","Department for Environment, Food & Rural Affairs","Department for Environment, Food & Rural Affairs,Animal and Plant Health Agency",2022 to 2024 Sunak Conservative government,,,
https://www.gov.uk/guidance/moving-prohibited-plants-plant-pests-pathogens-and-soil,"Moving specified plants, plant pests, pathogens and soil",detailed_guide,1113a08d-d1b3-4f5c-b5f4-656ffa393736,en,whitehall,2015-07-28T23:00:00.000Z,2022-11-01T00:15:01.000Z,,,27,"Animal and plant health,GOV.UK homepage,Environment,Food and farming,Wildlife, animals, biodiversity and ecosystems",Animal and Plant Health Agency,"Animal and Plant Health Agency,Department for Environment, Food & Rural Affairs",2015 to 2016 Cameron Conservative government,,,
https://www.gov.uk/guidance/thames-estuary-2100-why-we-need-it,Thames Estuary 2100: why we need it,detailed_guide,d6b34ff3-9f0a-432d-bac0-2076c39fd35e,en,whitehall,2023-04-19T13:03:00.000Z,2023-04-19T13:03:00.000Z,,,27,"River maintenance, flooding and coastal erosion,GOV.UK homepage,Environment","Department for Environment, Food & Rural Affairs","Department for Environment, Food & Rural Affairs,Environment Agency",2022 to 2024 Sunak Conservative government,,,
https://www.gov.uk/guidance/bovine-tb,Bovine TB: how to spot and report the disease,detailed_guide,5f60d21e-7631-11e4-a3cb-005056011aef,en,whitehall,2014-08-26T13:52:00.000Z,2021-10-06T14:53:56.000Z,,,27,"Bovine tuberculosis (bovine TB),Environment,Food and farming,GOV.UK homepage,Keeping farmed animals","Department for Environment, Food & Rural Affairs","Department for Environment, Food & Rural Affairs,Animal and Plant Health Agency",2010 to 2015 Conservative and Liberal Democrat coalition government,,,
https://www.gov.uk/guidance/a-guide-to-agroforestry,A guide to agroforestry,detailed_guide,f47ef0d1-c0ce-4e6a-b987-9c1af5eb0cf7,en,whitehall,2024-08-13T23:00:00.000Z,2025-08-28T09:35:47.000Z,,,27,"GOV.UK homepage,Rural and countryside,Farming,Environment,Forests and woodland,Rural development and land management",Forestry Commission,Forestry Commission,2024 Starmer Labour government,,,
https://www.gov.uk/guidance/legal-requirements-for-placing-a-veterinary-medicine-on-the-market,Legal requirements for placing a veterinary medicine on the market,detailed_guide,b8ae2b65-9612-4ab7-ab11-29a25d6fdab0,en,whitehall,2024-05-16T23:00:00.000Z,2026-01-14T11:11:45.000Z,,,27,"GOV.UK homepage,Animal and plant health,Environment,Wildlife, animals, biodiversity and ecosystems",Veterinary Medicines Directorate,Veterinary Medicines Directorate,2022 to 2024 Sunak Conservative government,,,
https://www.gov.uk/report-stranded-whale-dolphin,Report a stranded whale or dolphin,answer,70dfcb1b-7371-457f-baff-7d477cce09f3,en,publisher,2012-01-09T12:21:32.000Z,2025-01-27T10:33:41.983Z,,,27,"Wildlife and habitat conservation,Wildlife, animals, biodiversity and ecosystems,Environment,GOV.UK homepage",Government Digital Service,"Department for Environment, Food & Rural Affairs",,,,
https://www.gov.uk/guidance/tag-goats-with-ear-tags-pastern-bands-and-boluses,"Tag goats with ear tags, pastern bands and boluses",detailed_guide,a2e66f6b-1da8-4376-8d92-9aa33fd42e2e,en,whitehall,2014-05-31T23:00:00.000Z,2014-05-31T23:00:00.000Z,,,27,"Keeping farmed animals,Food and farming,Sheep and goats identification, registration and movements,Environment,GOV.UK homepage","Department for Environment, Food & Rural Affairs","Department for Environment, Food & Rural Affairs,Rural Payments Agency",2010 to 2015 Conservative and Liberal Democrat coalition government,,,
https://www.gov.uk/guidance/ammonia-emission-factors-for-pig-and-poultry-screening-modelling-and-reporting,"Ammonia emission factors for pig and poultry screening, modelling and reporting",detailed_guide,e274edd5-8fab-47e7-a0b1-249a55995a80,en,whitehall,2024-11-29T00:00:00.000Z,2024-12-04T15:03:45.000Z,,,27,"Environment,GOV.UK homepage,Food and farming,Environmental permits,Pollution and environmental quality,Keeping farmed animals",Environment Agency,Environment Agency,2024 Starmer Labour government,,,
https://www.gov.uk/guidance/the-ukho-archive,The UK Hydrographic Office (UKHO) Archive,detailed_guide,5fe9bee7-7631-11e4-a3cb-005056011aef,en,whitehall,2014-08-28T23:00:00.000Z,2023-08-23T11:06:07.000Z,,,27,"Hydrography,Business and industry,Defence and armed forces,Marine,Arts and culture,Society and culture,GOV.UK homepage,Environment,Science and innovation",UK Hydrographic Office,UK Hydrographic Office,2010 to 2015 Conservative and Liberal Democrat coalition government,,,
https://www.gov.uk/guidance/beavers-managing-beaver-activities-in-england,Beavers: managing beaver activities in England,detailed_guide,122d2825-d936-4d31-94d7-55dc457ab746,en,whitehall,2025-02-28T10:53:05.000Z,2025-02-28T10:53:05.000Z,,,27,"Wildlife and habitat conservation,Animal welfare,Environment,Mammals,Wildlife, animals, biodiversity and ecosystems,Protected sites and species,GOV.UK homepage","Department for Environment, Food & Rural Affairs","Department for Environment, Food & Rural Affairs,Natural England",2024 Starmer Labour government,,,
https://www.gov.uk/guidance/oil-and-gas-environmental-alerts-and-incident-reporting,Oil and gas: environmental alerts and incident reporting including anonymous reporting,detailed_guide,5c8406ce-7631-11e4-a3cb-005056011aef,en,whitehall,2013-01-22T00:00:00.000Z,2025-11-07T11:54:45.000Z,,,27,"Energy infrastructure,GOV.UK homepage,Environment,Oil, gas and coal,Climate change and energy",Department for Energy Security and Net Zero,"Department for Energy Security and Net Zero,Offshore Petroleum Regulator for Environment and Decommissioning,Department for Business, Energy & Industrial Strategy",2010 to 2015 Conservative and Liberal Democrat coalition government,,,
https://www.gov.uk/guidance/river-medway-conditions-closures-and-restrictions,"River Medway: conditions, closures and restrictions",detailed_guide,5f47a10d-7631-11e4-a3cb-005056011aef,en,whitehall,2014-03-31T23:00:00.000Z,2025-02-04T13:12:30.000Z,,,27,"Society and culture,Sports and leisure,GOV.UK homepage,Environment",Environment Agency,Environment Agency,2010 to 2015 Conservative and Liberal Democrat coalition government,,,
https://www.gov.uk/guidance/rural-payments-if-a-registered-customer-dies,Report the death of a registered Rural Payment service customer,detailed_guide,eb4ce8a0-3ddd-4514-aecc-8e4093d2e281,en,whitehall,2020-02-10T00:00:00.000Z,2025-11-14T14:41:28.000Z,,,27,"Countryside stewardship,GOV.UK homepage,Rural development,Rural grants and payments,Online applications and payments,Food and farming,Basic Payment Scheme (BPS),Environment,Farming and food grants and payments",Rural Payments Agency,Rural Payments Agency,2019 to 2022 Johnson Conservative government,,,
https://www.gov.uk/guidance/packaging-waste-and-recyclables-how-to-classify,Packaging waste and recyclables: how to classify,detailed_guide,b54db8ec-dafc-4a2e-aa33-d7502bbe8af4,en,whitehall,2014-03-21T00:00:00.000Z,2014-03-21T00:00:00.000Z,,,27,"Waste and environmental impact,GOV.UK homepage,Waste and recycling,Business and industry,Environment,Waste management,Business and the environment",Environment Agency,"Environment Agency,Department for Environment, Food & Rural Affairs",2010 to 2015 Conservative and Liberal Democrat coalition government,,,
https://www.gov.uk/guidance/naming-food-products,Naming food products,detailed_guide,4cc504f9-08f1-465b-835c-bed3e08c9977,en,whitehall,2017-01-05T15:34:12.000Z,2017-01-05T15:34:12.000Z,,,26,"Food and farming,GOV.UK homepage,Producing and distributing food,Food labelling and safety,Environment","Department for Environment, Food & Rural Affairs","Department for Environment, Food & Rural Affairs",2016 to 2019 May Conservative government,,,
https://www.gov.uk/guidance/river-great-ouse-bridge-heights-locks-and-facilities,Information for boaters on the River Great Ouse,detailed_guide,5f49b5cf-7631-11e4-a3cb-005056011aef,en,whitehall,2014-04-01T09:30:00.000Z,2022-04-26T15:40:42.000Z,,,26,"Society and culture,GOV.UK homepage,Sports and leisure,Environment",Environment Agency,Environment Agency,2010 to 2015 Conservative and Liberal Democrat coalition government,,,
https://www.gov.uk/guidance/uk-tariff-rate-quotas-2026,UK tariff rate quotas 2026,detailed_guide,a468429f-940a-48ec-b590-0701df5b1168,en,whitehall,2026-01-06T00:00:00.000Z,2026-01-21T09:27:22.000Z,,,26,"Environment,Food and farming,Producing and distributing food,GOV.UK homepage,Import, export and distribution of food",Rural Payments Agency,Rural Payments Agency,2024 Starmer Labour government,,,
https://www.gov.uk/guidance/town-and-village-greens-how-to-register,Town and village greens: how to register,detailed_guide,5dc73f4f-7631-11e4-a3cb-005056011aef,en,whitehall,2013-04-09T11:09:00.000Z,2014-07-01T11:10:57.000Z,,,26,"Rural development and land management,Rural and countryside,Environment,Commons and greens,Society and culture,Sports and leisure,GOV.UK homepage,Recreation","Department for Environment, Food & Rural Affairs","Department for Environment, Food & Rural Affairs",2010 to 2015 Conservative and Liberal Democrat coalition government,,,
https://www.gov.uk/guidance/how-to-get-a-licence-for-a-burial-at-sea-in-england,How to arrange a burial at sea in the UK marine area,detailed_guide,a257a9e7-c54c-4bb3-ae78-36188793083a,en,whitehall,2017-11-15T00:00:00.000Z,2024-02-19T10:00:07.000Z,,,26,"Maritime and shipping,Environment,Wildlife, animals, biodiversity and ecosystems,GOV.UK homepage,Food and farming,Marine,Transport",Marine Management Organisation,Marine Management Organisation,2016 to 2019 May Conservative government,,,
https://www.gov.uk/guidance/guidance-on-the-operation-of-the-animals-scientific-procedures-act-1986,Guidance on the operation of the Animals (Scientific Procedures) Act 1986 (ASPA),detailed_guide,91c85ed5-d749-481f-a194-f48dc69819f3,en,whitehall,2017-12-01T00:00:00.000Z,2023-12-20T09:00:04.000Z,,,26,"GOV.UK homepage,Environment,Wildlife, animals, biodiversity and ecosystems,Science and innovation,Business and industry",Home Office,Home Office,2016 to 2019 May Conservative government,,,
https://www.gov.uk/guidance/how-to-do-the-sfi-actions-for-soils,How to do the SFI actions for soils,detailed_guide,bca3f0be-93ae-42f4-85a7-fa82d9624410,en,whitehall,2023-08-09T23:00:00.000Z,2025-03-27T09:58:58.000Z,,,26,"Rural development,Environment,Farming,Rural and countryside,GOV.UK homepage,Food and farming,Farming and food grants and payments,Rural development and land management,Rural grants and payments",Rural Payments Agency,Rural Payments Agency,2022 to 2024 Sunak Conservative government,,,
https://www.gov.uk/guidance/pigs-and-poultry-intensive-farming-environmental-permits,Pigs and poultry intensive farming: environmental permits,detailed_guide,d784c1fe-2bbf-40b0-8ce3-373cdb53d13b,en,whitehall,2023-04-11T23:00:00.000Z,2024-07-16T15:38:43.000Z,,,26,"Food and farming,Keeping farmed animals,Environment,Environmental permits,GOV.UK homepage,Producing and distributing food,Food and farming industry",Environment Agency,Environment Agency,2022 to 2024 Sunak Conservative government,,,
https://www.gov.uk/guidance/bluetongue-how-to-prevent-it-and-stop-it-spreading,Bluetongue: how to prevent it and stop it spreading,detailed_guide,8a2322ee-c4e4-420a-b824-95d7e402f4bb,en,whitehall,2024-05-06T23:00:00.000Z,2024-09-16T18:38:51.000Z,,,26,"Reporting disease and disease outbreaks,Food and farming,Veterinary medicines,Environment,Keeping farmed animals,Cattle deaths,GOV.UK homepage","Department for Environment, Food & Rural Affairs","Department for Environment, Food & Rural Affairs,Animal and Plant Health Agency",2022 to 2024 Sunak Conservative government,,,
https://www.gov.uk/guidance/pet-cemeteries-where-you-can-build-them-and-how-to-register,Pet cemeteries: where you can build them and how to register,detailed_guide,5fda1e05-7631-11e4-a3cb-005056011aef,en,whitehall,2014-09-05T12:15:00.000Z,2016-08-25T09:35:58.000Z,,,26,"Wildlife, animals, biodiversity and ecosystems,Animal and plant health,GOV.UK homepage,Environment,Food and farming",Animal and Plant Health Agency,"Animal and Plant Health Agency,Department for Environment, Food & Rural Affairs,Environment Agency",2010 to 2015 Conservative and Liberal Democrat coalition government,,,
https://www.gov.uk/guidance/certification-for-companies-working-on-equipment-containing-f-gas,Company certification to work with F gas,detailed_guide,605505ea-7631-11e4-a3cb-005056011aef,en,whitehall,2014-12-31T00:31:00.000Z,2019-08-21T07:54:41.000Z,,,26,"GOV.UK homepage,Greenhouse gas emissions,Business and industry,Chemicals,F-gases and HCFCs,Environment,Climate change and energy",Environment Agency,"Environment Agency,Department for Environment, Food & Rural Affairs",2010 to 2015 Conservative and Liberal Democrat coalition government,,,
https://www.gov.uk/guidance/product-information-templates-for-veterinary-medicines-spc-and-qrd-text,Product Information Templates for Veterinary Medicines (SPC and QRD Text),detailed_guide,204d1640-cd95-439f-bf48-f36f8c316f8a,en,whitehall,2024-04-03T23:00:00.000Z,2024-08-07T07:13:15.000Z,,,26,"Wildlife, animals, biodiversity and ecosystems,Environment,Animal and plant health,GOV.UK homepage",Veterinary Medicines Directorate,Veterinary Medicines Directorate,2022 to 2024 Sunak Conservative government,,,
https://www.gov.uk/guidance/african-swine-fever,African swine fever: how to spot and report the disease,detailed_guide,5f664ee5-7631-11e4-a3cb-005056011aef,en,whitehall,2014-08-25T23:00:00.000Z,2025-12-04T16:10:23.000Z,,,26,"GOV.UK homepage,Environment,Food and farming,Keeping farmed animals,Reporting disease and disease outbreaks","Department for Environment, Food & Rural Affairs","Department for Environment, Food & Rural Affairs,Animal and Plant Health Agency",2010 to 2015 Conservative and Liberal Democrat coalition government,,,
https://www.gov.uk/guidance/the-seed-potato-classification-scheme,The Seed Potato Classification Scheme,detailed_guide,5c7216fb-7631-11e4-a3cb-005056011aef,en,whitehall,2012-09-17T23:00:00.000Z,2025-09-18T15:56:49.000Z,,,26,"Food and farming,GOV.UK homepage,Crops and horticulture ,Producing and distributing food,Environment","Department for Environment, Food & Rural Affairs","Department for Environment, Food & Rural Affairs,Animal and Plant Health Agency",2010 to 2015 Conservative and Liberal Democrat coalition government,,,
https://www.gov.uk/guidance/when-electrical-and-electronic-equipment-eee-becomes-waste-weee,When electrical and electronic equipment (EEE) becomes waste (WEEE),detailed_guide,a1cc0b45-9acf-4242-95fe-4c957341da75,en,whitehall,2024-09-24T23:00:00.000Z,2024-12-30T07:40:51.000Z,,,26,"Trade and investment,Business and industry,Exporting,Export controls and licensing,Waste management,Environment,Waste and recycling,GOV.UK homepage,Waste and environmental impact",Environment Agency,Environment Agency,2024 Starmer Labour government,,,
https://www.gov.uk/guidance/carrying-out-research-or-trials-with-waste-at-sites-without-an-environmental-permit,Carrying out research or trials with waste at sites without an environmental permit,detailed_guide,2edb33eb-4574-494e-a29e-4552b2bf4e3c,en,whitehall,2023-12-08T00:00:00.000Z,2024-03-13T14:14:35.000Z,,,26,"GOV.UK homepage,Waste and recycling,Business and the environment,Energy efficiency,Environmental permits,Waste management,Climate change and energy,Business and industry,Environment,Waste and environmental impact",Environment Agency,Environment Agency,2022 to 2024 Sunak Conservative government,,,
https://www.gov.uk/guidance/regional-rod-fishing-byelaws-anglian-region,Rod fishing byelaws: Anglia,detailed_guide,e7173bd1-0823-45fd-9cec-5a352fa65b48,en,whitehall,2019-06-06T23:00:00.000Z,2021-02-12T14:06:24.000Z,,,26,"Society and culture,GOV.UK homepage,Sports and leisure,Freshwater fisheries,Environment,Fishing, fisheries and fishing vessels,Wildlife, animals, biodiversity and ecosystems",Environment Agency,Environment Agency,2016 to 2019 May Conservative government,,,
https://www.gov.uk/guidance/the-blue-belt-programme,The Blue Belt Programme,detailed_guide,d06c88ff-2797-4186-b185-bcc54b1f2a67,en,whitehall,2017-10-23T23:00:00.000Z,2025-07-22T09:21:48.000Z,,,26,"Marine protection and wildlife,Marine environment,Environment,Marine,Species protection and marine conservation,GOV.UK homepage","Foreign, Commonwealth & Development Office","Foreign, Commonwealth & Development Office,Centre for Environment, Fisheries and Aquaculture Science,Marine Management Organisation,Department for Environment, Food & Rural Affairs",2016 to 2019 May Conservative government,,,
https://www.gov.uk/guidance/register-a-racing-pigeon-establishment-to-move-pigeons-to-the-eu-or-northern-ireland-for-a-race,Register a racing pigeon establishment to move pigeons to the EU or Northern Ireland for a race,detailed_guide,635ef15f-34cc-4c85-94ec-210e4b8d1c48,en,whitehall,2022-05-24T09:38:00.000Z,2022-05-24T09:38:00.000Z,,,26,"Environment,GOV.UK homepage,Wildlife, animals, biodiversity and ecosystems","Department for Environment, Food & Rural Affairs","Department for Environment, Food & Rural Affairs",2019 to 2022 Johnson Conservative government,,,
https://www.gov.uk/guidance/get-and-use-bar-code-labels-for-your-holding,Get and use barcode labels for your holding,detailed_guide,5f20e7b1-7631-11e4-a3cb-005056011aef,en,whitehall,2014-05-05T23:00:00.000Z,2023-06-28T16:08:03.000Z,,,26,"Food and farming,GOV.UK homepage,Keeping farmed animals,Environment,Cattle identification, registration and movements",British Cattle Movement Service,"British Cattle Movement Service,Rural Payments Agency",2010 to 2015 Conservative and Liberal Democrat coalition government,,,
https://www.gov.uk/guidance/eu-iuu-regulation-2026-changes,EU IUU Regulation Changes 2026: Catch Certificate & other documentation updates,detailed_guide,1c021aa5-33d3-4c18-b5f7-bbd2ddbecba2,en,whitehall,2025-06-29T23:00:00.000Z,2025-10-30T16:05:10.000Z,,,26,"Sea fishing,GOV.UK homepage,Environment,Marine",Marine Management Organisation,Marine Management Organisation,2024 Starmer Labour government,,,
https://www.gov.uk/guidance/specified-generators-dispersion-modelling-assessment,Specified generators: dispersion modelling assessment,detailed_guide,42b73713-9d76-47db-8f36-89380c588346,en,whitehall,2019-07-14T23:15:00.000Z,2023-03-27T08:00:06.000Z,,,25,"Business and the environment,Environment,Business and industry,Pollution and environmental quality,Environmental permits,GOV.UK homepage",Environment Agency,"Environment Agency,Natural Resources Wales",2016 to 2019 May Conservative government,,,
https://www.gov.uk/battery-waste-supplier-reponsibilities,Battery waste: retailer and distributor responsibilities,answer,6fed9d0c-4f97-4270-a5d9-0d55f6e21e45,en,publisher,2014-03-19T14:53:09.000Z,2015-02-11T16:09:36.000Z,,,25,"Radioactive and nuclear substances and waste,GOV.UK homepage,Environment,Waste and recycling",Government Digital Service,Office for Product Safety and Standards,,,,
https://www.gov.uk/guidance/record-allocation-of-off-site-biodiversity-gains-to-a-development,Record allocation of off-site biodiversity gains to a development,detailed_guide,06947673-0faf-4d72-b49a-8598ce460f18,en,whitehall,2024-02-12T00:00:00.000Z,2025-06-26T15:30:04.000Z,,,25,"Environment,Wildlife, animals, biodiversity and ecosystems,GOV.UK homepage","Department for Environment, Food & Rural Affairs","Department for Environment, Food & Rural Affairs",2022 to 2024 Sunak Conservative government,,,
https://www.gov.uk/guidance/transiting-animals-and-animal-products-through-great-britain,Transiting animals and animal products through Great Britain,detailed_guide,1df14c39-c493-4a9a-919a-a561a3cfaa56,en,whitehall,2020-12-18T00:00:00.000Z,2026-01-09T11:57:49.000Z,,,25,"Animal and plant health,Business and industry,Importing,Import controls,Animal welfare,GOV.UK homepage,Trade and investment,Environment,Wildlife, animals, biodiversity and ecosystems","Department for Environment, Food & Rural Affairs","Department for Environment, Food & Rural Affairs",2019 to 2022 Johnson Conservative government,,,
https://www.gov.uk/guidance/moving-pigs-what-keepers-need-to-know,Moving pigs: what keepers need to know,detailed_guide,b7fbdde7-ff6e-41aa-a3ff-50253e45a5e5,en,whitehall,2023-10-09T23:00:00.000Z,2023-12-04T10:01:39.000Z,,,25,"Pig identification, registration and movements,GOV.UK homepage,Food and farming,Environment,Keeping farmed animals","Department for Environment, Food & Rural Affairs","Department for Environment, Food & Rural Affairs",2022 to 2024 Sunak Conservative government,,,
https://www.gov.uk/guidance/keeping-zoo-animals,Keeping zoo animals,detailed_guide,d7848631-c291-46cf-81be-570107935cc1,en,whitehall,2015-05-28T15:30:00.000Z,2015-09-09T09:33:38.000Z,,,25,"Environment,GOV.UK homepage,Animal welfare,Wildlife, animals, biodiversity and ecosystems","Department for Environment, Food & Rural Affairs","Department for Environment, Food & Rural Affairs,Animal and Plant Health Agency,Natural England",2015 to 2016 Cameron Conservative government,,,
https://www.gov.uk/guidance/red-meat-slaughterhouses-restraining-stunning-killing-animals,"Red meat slaughterhouses: restraining, stunning and killing animals",detailed_guide,5f49299c-7631-11e4-a3cb-005056011aef,en,whitehall,2015-10-15T10:16:00.000Z,2023-06-05T09:37:24.000Z,,,25,"GOV.UK homepage,Food and farming,Environment","Department for Environment, Food & Rural Affairs","Department for Environment, Food & Rural Affairs",2015 to 2016 Cameron Conservative government,,,
https://www.gov.uk/guidance/create-a-uk-storage-document,Create a UK storage document,detailed_guide,6402d111-a955-47a6-8036-6fd7dfac51ed,en,whitehall,2019-02-28T00:00:00.000Z,2025-04-15T09:25:09.000Z,,,25,"Fishing, fisheries and fishing vessels,Marine fisheries,Environment,GOV.UK homepage",Marine Management Organisation,Marine Management Organisation,2016 to 2019 May Conservative government,,,
https://www.gov.uk/guidance/how-to-do-the-sfi-actions-for-nutrient-management,How to do the SFI actions for nutrient management,detailed_guide,cc323cbf-0964-4a9c-8613-a031a14b1b1a,en,whitehall,2023-08-09T23:00:00.000Z,2025-03-27T10:04:08.000Z,,,25,"Rural development,Food and farming,Environment,Farming,Rural and countryside,Farming and food grants and payments,GOV.UK homepage,Food and farming industry,Rural development and land management,Rural grants and payments",Rural Payments Agency,Rural Payments Agency,2022 to 2024 Sunak Conservative government,,,
https://www.gov.uk/guidance/find-local-tree-felling-projects,Find local tree felling projects,detailed_guide,e0ae001d-77c3-4e9f-828c-03c88a686943,en,whitehall,2018-07-09T10:00:07.000Z,2018-07-09T10:00:07.000Z,,,25,"Rural and countryside,GOV.UK homepage,Environment,Forests and woodland",Forestry Commission,Forestry Commission,2016 to 2019 May Conservative government,,,
https://www.gov.uk/guidance/environmental-stewardship,Agreement holders’ information: Environmental Stewardship,detailed_guide,5c71dbfa-7631-11e4-a3cb-005056011aef,en,whitehall,2012-09-10T23:00:00.000Z,2024-10-29T17:00:03.000Z,,,25,"Rural and countryside,Farming and food grants and payments,Farming,Rural grants and payments,GOV.UK homepage,Environment,Rural development and land management,Food and farming",Rural Payments Agency,"Rural Payments Agency,Department for Environment, Food & Rural Affairs,Natural England",2010 to 2015 Conservative and Liberal Democrat coalition government,,,
https://www.gov.uk/guidance/slaughtering-poultry-rabbits-and-hares-on-farms-for-small-scale-suppliers,"Slaughtering poultry, rabbits and hares on farms for small-scale suppliers",detailed_guide,5f1d63e1-7631-11e4-a3cb-005056011aef,en,whitehall,2015-10-16T14:15:00.000Z,2023-06-05T09:56:18.000Z,,,25,"GOV.UK homepage,Environment,Food and farming","Department for Environment, Food & Rural Affairs","Department for Environment, Food & Rural Affairs",2015 to 2016 Cameron Conservative government,,,
https://www.gov.uk/guidance/develop-a-management-system-flood-risk-activity-for-environmental-permits,Develop a management system: environmental permits for flood risk activity,detailed_guide,2f1150e9-023d-43b5-aaa4-1b4d18988907,en,whitehall,2016-04-05T23:00:00.000Z,2016-10-13T08:30:03.000Z,,,25,"Environmental permits,Environment,River maintenance, flooding and coastal erosion,GOV.UK homepage",Environment Agency,"Environment Agency,Department for Environment, Food & Rural Affairs",2015 to 2016 Cameron Conservative government,,,
https://www.gov.uk/guidance/preventing-agricultural-pollution-in-exceptional-weather,Preventing agricultural pollution in exceptional circumstances,detailed_guide,72381feb-58cd-4cf4-a9d6-62083cbb4a5d,en,whitehall,2018-08-10T08:13:00.000Z,2022-08-04T15:10:29.000Z,,,25,"Waste exemptions,Food and farming,Rural and countryside,GOV.UK homepage,Farming,Environment,Environmental permits,Pollution,River maintenance, flooding and coastal erosion,Rural development and land management,Food and farming industry",Environment Agency,"Environment Agency,Department for Environment, Food & Rural Affairs",2016 to 2019 May Conservative government,,,
https://www.gov.uk/guidance/exporting-or-moving-fish-from-the-uk,Exporting or moving fish from the UK,detailed_guide,d5053f9e-d835-4063-b4ab-eb429de517b0,en,whitehall,2020-12-31T00:00:00.000Z,2026-01-12T15:08:05.000Z,,,25,"Marine,GOV.UK homepage,Environment","Department for Environment, Food & Rural Affairs","Department for Environment, Food & Rural Affairs,Marine Management Organisation",2019 to 2022 Johnson Conservative government,,,
https://www.gov.uk/guidance/food-information-to-consumers,Food information: net quantity labelling,detailed_guide,5f59154c-7631-11e4-a3cb-005056011aef,en,whitehall,2014-05-16T13:22:00.000Z,2021-07-08T07:56:45.000Z,,,25,"Consumer rights and issues,Food and farming,Manufacturing,GOV.UK homepage,Business and industry,Business regulation,Environment",Office for Product Safety and Standards,Office for Product Safety and Standards,2010 to 2015 Conservative and Liberal Democrat coalition government,,,
https://www.gov.uk/guidance/fishing-certification-and-training,Fishing certification and training,detailed_guide,5c760f28-7631-11e4-a3cb-005056011aef,en,whitehall,2012-09-19T15:14:00.000Z,2021-04-20T09:48:01.000Z,,,25,"Fisheries funding,Fishing, fisheries and fishing vessels,Business and industry,Environment,Maritime and shipping,Ship crew training and certification,Seafarer management, training and certification,GOV.UK homepage,Transport,Fishing",Maritime and Coastguard Agency,Maritime and Coastguard Agency,2010 to 2015 Conservative and Liberal Democrat coalition government,,,
https://www.gov.uk/guidance/clean-heat-market-mechanism-who-it-applies-to-annual-tasks,"Clean Heat Market Mechanism: who it applies to, annual tasks",detailed_guide,06060993-5a64-4e7f-b3cb-eaa40ba7455e,en,whitehall,2025-03-06T00:00:00.000Z,2025-12-22T09:00:02.000Z,,,24,"Energy infrastructure,Climate change and energy,Business regulation,Business and industry,Energy efficiency,GOV.UK homepage,Low carbon technologies,Environment",Environment Agency,"Environment Agency,Department for Energy Security and Net Zero",2024 Starmer Labour government,,,
https://www.gov.uk/guidance/open-loop-heat-pump-systems-permits-consents-and-licences,Open loop heat pump systems: apply to install one,detailed_guide,d9e32bd5-a92a-4870-acae-4d6aa8ca5034,en,whitehall,2016-02-01T12:07:00.000Z,2023-10-02T07:00:00.000Z,,,24,"Housing, local and community,Environment,Low carbon technologies,GOV.UK homepage,Groundwater,Energy infrastructure,Planning and building,Environmental permits,Water management",Environment Agency,"Environment Agency,Department for Environment, Food & Rural Affairs",2015 to 2016 Cameron Conservative government,,,
https://www.gov.uk/guidance/advertise-veterinary-medicines-legally,Advertise veterinary medicines legally,detailed_guide,cef5ae64-360b-46bb-95b2-aafe84f34e1b,en,whitehall,2015-05-31T23:00:00.000Z,2026-01-14T11:12:08.000Z,,,24,"Wildlife, animals, biodiversity and ecosystems,Environment,GOV.UK homepage",Veterinary Medicines Directorate,Veterinary Medicines Directorate,2015 to 2016 Cameron Conservative government,,,
https://www.gov.uk/guidance/check-if-you-need-a-licence-to-impound-water,Check if you need a licence to impound water,detailed_guide,3a4d60f2-38fa-4284-b392-5cce5a2c309f,en,whitehall,2022-03-30T23:00:00.000Z,2025-06-25T10:09:59.000Z,,,24,"GOV.UK homepage,Environment,Impound (store) water,Drought and water availability,Water management",Environment Agency,Environment Agency,2019 to 2022 Johnson Conservative government,,,
https://www.gov.uk/guidance/record-f-gas-in-equipment-you-own-or-service,Record F gas in equipment you own or service,detailed_guide,7ece90ae-d466-4f8a-accc-5f3a445245b9,en,whitehall,2019-08-21T10:57:58.000Z,2019-08-21T10:57:58.000Z,,,24,"Environment,Climate change and energy,Chemicals,F-gases and HCFCs,GOV.UK homepage,Greenhouse gas emissions",Environment Agency,"Environment Agency,Department for Environment, Food & Rural Affairs",2019 to 2022 Johnson Conservative government,,,
https://www.gov.uk/guidance/emergency-backup-diesel-engines-on-installations-best-available-techniques-bat,Emergency backup diesel engines on installations: best available techniques (BAT),detailed_guide,70db4671-0450-46b6-be13-13949f4c5d1d,en,whitehall,2023-08-21T12:32:32.000Z,2023-08-21T12:32:32.000Z,,,24,"GOV.UK homepage,Environment,Pollution and environmental quality",Environment Agency,Environment Agency,2022 to 2024 Sunak Conservative government,,,
https://www.gov.uk/guidance/carbon-budgets,Carbon Budgets,detailed_guide,7b0cc678-5183-4095-aefe-416e938b3abd,en,whitehall,2016-06-30T09:18:00.000Z,2021-07-13T08:37:16.000Z,,,24,"Environment,GOV.UK homepage,Climate change and energy",Department for Energy Security and Net Zero,"Department for Energy Security and Net Zero,Department for Business, Energy & Industrial Strategy",2015 to 2016 Cameron Conservative government,,,
https://www.gov.uk/guidance/how-to-use-store-or-move-manure-guano-and-digestive-tract-content,"How to use, store or move manure, guano and digestive tract content",detailed_guide,5ff11820-7631-11e4-a3cb-005056011aef,en,whitehall,2014-04-30T23:00:00.000Z,2017-01-26T14:41:20.000Z,,,24,"Food and farming,Environment,GOV.UK homepage",Animal and Plant Health Agency,"Animal and Plant Health Agency,Department for Environment, Food & Rural Affairs",2010 to 2015 Conservative and Liberal Democrat coalition government,,,
https://www.gov.uk/guidance/animal-research-technical-advice,Animal research: technical advice,detailed_guide,9849a898-f97d-4e3f-bee3-1bab3512a830,en,whitehall,2017-12-01T00:00:00.000Z,2025-09-26T10:59:20.000Z,,,24,"Business and industry,Environment,Wildlife, animals, biodiversity and ecosystems,GOV.UK homepage,Science and innovation",Home Office,Home Office,2016 to 2019 May Conservative government,,,
https://www.gov.uk/guidance/bovine-tuberculosis-tb-in-domestic-pets,Bovine tuberculosis (TB) in domestic pets,detailed_guide,7013261e-bf5c-4ddd-a484-b15a30508c71,en,whitehall,2022-10-18T14:51:00.000Z,2022-10-20T14:24:42.000Z,,,24,"Wildlife, animals, biodiversity and ecosystems,Food and farming,Keeping farmed animals,GOV.UK homepage,Environment,Bovine tuberculosis (bovine TB),Animal and plant health",Animal and Plant Health Agency,"Animal and Plant Health Agency,Public Health England",2022 Truss Conservative government,,,
https://www.gov.uk/guidance/plan-when-to-have-an-endemic-disease-follow-up,Plan an endemic disease follow-up,detailed_guide,a64d87b1-c153-4f04-926f-61b681ab975e,en,whitehall,2025-06-25T23:00:00.000Z,2025-06-25T23:00:00.000Z,,,24,"Farming and food grants and payments,GOV.UK homepage,Environment,Food and farming","Department for Environment, Food & Rural Affairs","Department for Environment, Food & Rural Affairs",2024 Starmer Labour government,,,
https://www.gov.uk/guidance/bluefin-tuna-bft-fisheries-in-2025,Bluefin tuna (BFT) fisheries in 2025,detailed_guide,c44d261f-ef8f-40da-b3d5-33da66be8ebb,en,whitehall,2025-01-27T00:00:00.000Z,2025-05-08T09:06:32.000Z,,,24,"Environment,GOV.UK homepage,Marine,Sea fishing",Marine Management Organisation,Marine Management Organisation,2024 Starmer Labour government,,,
https://www.gov.uk/guidance/wild-birds-advice-for-making-planning-decisions,Wild birds: advice for making planning decisions,detailed_guide,309f36fc-52ff-40d9-b771-ff5296705d4e,en,whitehall,2022-01-14T00:00:00.000Z,2025-04-07T09:00:00.000Z,,,24,"Wildlife and habitat conservation,Wildlife, animals, biodiversity and ecosystems,Environment,Protected sites and species,GOV.UK homepage,Land species,Birds",Natural England,Natural England,2019 to 2022 Johnson Conservative government,,,
https://www.gov.uk/guidance/how-to-pack-and-label-samples-for-submission-to-apha,How to pack and label samples for submission to APHA,detailed_guide,12ce65bb-a674-4730-9d73-35e2419d5fac,en,whitehall,2024-10-28T10:00:06.000Z,2024-10-28T10:00:06.000Z,,,24,"Food and farming,Environment,Keeping farmed animals,Animal and plant health,Wildlife, animals, biodiversity and ecosystems,Reporting disease and disease outbreaks,GOV.UK homepage","Department for Environment, Food & Rural Affairs","Department for Environment, Food & Rural Affairs,Animal and Plant Health Agency",2024 Starmer Labour government,,,
https://www.gov.uk/guidance/exemption-from-authorisation-for-medicines-for-small-pet-animals,Exemption from authorisation for medicines for small pet animals,detailed_guide,01756b53-8cad-4765-9a82-f0ee8ed999a7,en,whitehall,2015-05-31T23:00:00.000Z,2025-12-18T09:32:24.000Z,,,24,"Environment,GOV.UK homepage,Animal and plant health,Pets,Wildlife, animals, biodiversity and ecosystems",Veterinary Medicines Directorate,Veterinary Medicines Directorate,2015 to 2016 Cameron Conservative government,,,
https://www.gov.uk/guidance/combined-heat-and-power-incentives,Combined Heat and Power Incentives,detailed_guide,5fe8c6fb-7631-11e4-a3cb-005056011aef,en,whitehall,2008-07-31T23:00:00.000Z,2019-04-01T14:17:50.000Z,,,24,"Energy infrastructure,GOV.UK homepage,Environment,Low carbon technologies",Department for Energy Security and Net Zero,"Department for Energy Security and Net Zero,Department for Business, Energy & Industrial Strategy",2007 to 2010 Brown Labour government,,,
https://www.gov.uk/check-animal-medicine-seller-accredited,Check if an online animal medicine retailer is accredited,answer,db87158e-84bb-4a0d-8f9a-bc917c2afe66,en,publisher,2014-09-24T17:08:03.000Z,2015-10-02T14:26:57.000Z,,,24,"GOV.UK homepage,Business licensing ,Business and industry,Running a business,Pets,Environment,Wildlife, animals, biodiversity and ecosystems",Government Digital Service,Veterinary Medicines Directorate,,,,
https://www.gov.uk/guidance/noise-impact-assessments-involving-calculations-or-modelling,Noise impact assessments involving calculations or modelling,detailed_guide,76364959-8230-45dd-8889-ead6edb7ab42,en,whitehall,2018-10-23T11:11:00.000Z,2022-08-18T09:07:50.000Z,,,24,"GOV.UK homepage,Business regulation,Environment,Business and the environment,Environmental permits,Business and industry,Pollution and environmental quality",Environment Agency,Environment Agency,2016 to 2019 May Conservative government,,,
https://www.gov.uk/guidance/how-to-do-the-sfi-actions-for-low-input-grassland,How to do the SFI actions for low input grassland,detailed_guide,781034a1-a1b2-4475-95cf-8e2f6327f7a3,en,whitehall,2023-08-10T12:06:04.000Z,2023-08-10T12:06:04.000Z,,,24,"Food and farming,Rural development,Environment,Rural and countryside,GOV.UK homepage,Farming,Farming and food grants and payments,Rural development and land management,Rural grants and payments",Rural Payments Agency,Rural Payments Agency,2022 to 2024 Sunak Conservative government,,,
https://www.gov.uk/guidance/veterinary-medicines-registers-manufacturing-and-distribution,Veterinary Medicines Registers: manufacturing and distribution,detailed_guide,e2051a91-c3cb-4fd7-bd28-b5260a26d3e4,en,whitehall,2022-07-27T23:00:00.000Z,2024-06-20T13:00:01.000Z,,,24,"Wildlife and animal welfare,Wildlife, animals, biodiversity and ecosystems,Pets,Environment,Animal welfare,Animal and plant health,GOV.UK homepage",Veterinary Medicines Directorate,Veterinary Medicines Directorate,2019 to 2022 Johnson Conservative government,,,
https://www.gov.uk/guidance/waste-exemption-u4-burning-of-waste-as-a-fuel-in-a-small-appliance,U4: burning waste as fuel in a small appliance,detailed_guide,5f4d6816-7631-11e4-a3cb-005056011aef,en,whitehall,2014-04-27T23:00:00.000Z,2025-07-01T08:30:02.000Z,,,24,"Environmental permits,Environment,Waste exemptions,Waste and recycling,GOV.UK homepage",Environment Agency,Environment Agency,2010 to 2015 Conservative and Liberal Democrat coalition government,,,
https://www.gov.uk/guidance/cattle-health,Beef cattle and dairy cows: health regulations,detailed_guide,5c720aaf-7631-11e4-a3cb-005056011aef,en,whitehall,2012-08-28T23:00:00.000Z,2012-08-28T23:00:00.000Z,,,24,"Food and farming,GOV.UK homepage,Environment","Department for Environment, Food & Rural Affairs","Department for Environment, Food & Rural Affairs",2010 to 2015 Conservative and Liberal Democrat coalition government,,,
https://www.gov.uk/guidance/nature-for-climate-peatland-grant-scheme,Nature for Climate Peatland Grant Scheme,detailed_guide,b7457cc5-68bd-4015-ba73-af6a6788fc5e,en,whitehall,2021-04-30T11:00:00.000Z,2023-03-21T17:31:10.000Z,,,23,"Environment,GOV.UK homepage,Rural development and land management,Rural and countryside,Climate change and energy",Natural England,"Natural England,Department for Environment, Food & Rural Affairs",2019 to 2022 Johnson Conservative government,,,
https://www.gov.uk/guidance/hazel-dormice-advice-for-making-planning-decisions,Hazel dormice: advice for making planning decisions,detailed_guide,6fbe39b8-806b-4ccc-9047-d872bb3a97a6,en,whitehall,2022-01-14T00:00:00.000Z,2025-04-23T14:33:10.000Z,,,23,"Protected sites and species,Environment,Wildlife, animals, biodiversity and ecosystems,Land species,Mammals,Wildlife and habitat conservation,GOV.UK homepage",Natural England,Natural England,2019 to 2022 Johnson Conservative government,,,
https://www.gov.uk/guidance/inspire-portal-and-medin-bathymetry-data-archive-centre,ADMIRALTY Marine Data Portal,detailed_guide,5fe919f7-7631-11e4-a3cb-005056011aef,en,whitehall,2014-08-28T23:00:00.000Z,2021-04-01T12:09:29.000Z,,,23,"Defence and armed forces,GOV.UK homepage,Hydrography,Environment,Marine,Business and industry,Science and innovation",UK Hydrographic Office,UK Hydrographic Office,2010 to 2015 Conservative and Liberal Democrat coalition government,,,
https://www.gov.uk/guidance/moving-plants-from-great-britain-to-northern-ireland,Northern Ireland plant health label (NIPHL) scheme,detailed_guide,c83c9c86-d6de-4d01-b70f-5d31852a3e3c,en,whitehall,2023-09-07T23:00:00.000Z,2025-02-20T09:00:00.000Z,,,23,"Crops and horticulture ,Environment,GOV.UK homepage,Food and farming,Food and farming industry,Producing and distributing food","Department for Environment, Food & Rural Affairs","Department for Environment, Food & Rural Affairs",2022 to 2024 Sunak Conservative government,,,
https://www.gov.uk/guidance/report-a-product-defect-with-an-animal-medicine,Report a product defect: veterinary medicine,detailed_guide,60318fdd-7631-11e4-a3cb-005056011aef,en,whitehall,2014-11-17T00:00:00.000Z,2025-10-16T10:51:00.000Z,,,23,"GOV.UK homepage,Environment,Wildlife, animals, biodiversity and ecosystems",Veterinary Medicines Directorate,Veterinary Medicines Directorate,2010 to 2015 Conservative and Liberal Democrat coalition government,,,
https://www.gov.uk/guidance/common-land-and-town-or-village-greens-how-a-claim-of-ownership-can-affect-the-land,Common land and town or village greens: how a claim of ownership can affect the land,detailed_guide,96b98b22-4b81-47eb-8f53-ee29cbbf5e64,en,whitehall,2015-10-14T10:16:00.000Z,2015-10-14T10:16:00.000Z,,,23,"Rural development and land management,Commons and greens,GOV.UK homepage,Environment,Rural and countryside","Department for Environment, Food & Rural Affairs","Department for Environment, Food & Rural Affairs,Natural England",2015 to 2016 Cameron Conservative government,,,
https://www.gov.uk/guidance/contact-the-marine-licensing-team,Contact the marine licensing team,detailed_guide,79f77046-7715-49b7-ab37-b9704b860544,en,whitehall,2018-12-19T00:00:00.000Z,2024-11-28T16:01:12.000Z,,,23,"Marine planning,GOV.UK homepage,Marine licences,Marine,Environment",Marine Management Organisation,Marine Management Organisation,2016 to 2019 May Conservative government,,,
https://www.gov.uk/guidance/collecting-used-and-waste-electrical-and-electronic-equipment,WEEE: collecting used and waste electrical and electronic equipment,detailed_guide,5f51bcdb-7631-11e4-a3cb-005056011aef,en,whitehall,2014-05-05T23:00:00.000Z,2025-08-12T10:48:30.000Z,,,23,"GOV.UK homepage,Waste and recycling,Environment","Department for Environment, Food & Rural Affairs","Department for Environment, Food & Rural Affairs,Environment Agency",2010 to 2015 Conservative and Liberal Democrat coalition government,,,
https://www.gov.uk/guidance/chemical-weapons-convention-guidance,Chemical Weapons Convention guidance,detailed_guide,5e31d677-7631-11e4-a3cb-005056011aef,en,whitehall,2013-05-29T23:00:00.000Z,2025-09-03T16:19:05.000Z,,,23,"GOV.UK homepage,Running a business,Trade and investment,Climate change and energy,Business licensing ,Environment,Business and industry",Department for Energy Security and Net Zero,Department for Energy Security and Net Zero,2010 to 2015 Conservative and Liberal Democrat coalition government,,,
https://www.gov.uk/guidance/registration-and-inspection-of-veterinary-practice-premises,Registration and inspection of veterinary practice premises,detailed_guide,60319123-7631-11e4-a3cb-005056011aef,en,whitehall,2014-11-26T00:00:00.000Z,2024-05-17T09:41:14.000Z,,,23,"Wildlife, animals, biodiversity and ecosystems,Environment,GOV.UK homepage,Food and farming",Veterinary Medicines Directorate,Veterinary Medicines Directorate,2010 to 2015 Conservative and Liberal Democrat coalition government,,,
https://www.gov.uk/guidance/cross-compliance,Cross compliance,detailed_guide,e07a712e-d205-4e1d-8cf0-8d433b760ee2,en,whitehall,2023-12-06T00:00:00.000Z,2024-01-05T09:30:36.000Z,,,23,"GOV.UK homepage,Countryside stewardship,Rural grants and payments,Environment,Cross-compliance,Food and farming,Farming and food grants and payments",Rural Payments Agency,Rural Payments Agency,2022 to 2024 Sunak Conservative government,,,
https://www.gov.uk/guidance/waste-exemption-u13-spreading-plant-matter-to-provide-benefits,"U13: spreading plant matter where it was grown, to benefit soil",detailed_guide,5f4d6ccc-7631-11e4-a3cb-005056011aef,en,whitehall,2014-04-27T23:00:00.000Z,2025-07-01T08:30:02.000Z,,,23,"Waste and recycling,Environment,Environmental permits,GOV.UK homepage,Waste exemptions",Environment Agency,Environment Agency,2010 to 2015 Conservative and Liberal Democrat coalition government,,,
https://www.gov.uk/guidance/check-if-your-item-from-an-endangered-species-is-a-worked-specimen,Check if your item from an endangered species is a worked specimen,detailed_guide,d36a35e6-75d4-4892-882b-5944d2512253,en,whitehall,2025-05-22T16:02:18.000Z,2025-05-22T16:02:18.000Z,,,23,"Wildlife, animals, biodiversity and ecosystems,Protected sites and species,GOV.UK homepage,Environment,Wildlife and habitat conservation","Department for Environment, Food & Rural Affairs","Department for Environment, Food & Rural Affairs",2024 Starmer Labour government,,,
https://www.gov.uk/guidance/waste-operations-and-a1-installations-carrying-out-research-or-trials,Waste operations and A1 installations: carrying out research or trials,detailed_guide,34b88f9d-eff9-48c8-b1c1-a28a7ca6bb6f,en,whitehall,2022-11-04T00:00:00.000Z,2025-03-31T07:00:02.000Z,,,23,"Environmental permits,Greenhouse gas emissions,Energy efficiency,Business and the environment,Climate change adaptation,Waste and environmental impact,GOV.UK homepage,Waste exemptions,Climate change and energy,Business and industry,Waste and recycling,Environment,Waste management",Environment Agency,Environment Agency,2022 to 2024 Sunak Conservative government,,,
https://www.gov.uk/guidance/farmers-and-vets-what-happens-on-an-endemic-disease-follow-up,What happens during an endemic disease follow-up,detailed_guide,f636b132-9be0-440e-b78b-bb4a5b740dfc,en,whitehall,2024-06-18T23:00:00.000Z,2025-06-26T09:00:05.000Z,,,23,"GOV.UK homepage,Environment,Food and farming,Farming and food grants and payments","Department for Environment, Food & Rural Affairs","Department for Environment, Food & Rural Affairs,Rural Payments Agency",2022 to 2024 Sunak Conservative government,,,
https://www.gov.uk/guidance/importing-certain-agricultural-goods-and-food-from-outside-the-uk,Importing certain agricultural goods and food from outside the UK,detailed_guide,7c2bf801-4634-4085-b809-a98d981f99ca,en,whitehall,2022-03-03T00:00:00.000Z,2024-11-13T16:04:27.000Z,,,23,"Business and industry,GOV.UK homepage,Trade and investment,Money,Customs declarations, duties and tariffs (import and export),Environment,Rural and countryside",HM Revenue & Customs,"HM Revenue & Customs,Rural Payments Agency",2019 to 2022 Johnson Conservative government,,,
https://www.gov.uk/guidance/manage-water-on-land-guidance-for-land-managers,Manage water on land: guidance for land managers,detailed_guide,19c188e9-43cf-45c8-8a53-613c1ce5a2a1,en,whitehall,2015-02-19T00:00:00.000Z,2026-02-12T15:00:02.000Z,,,23,"Rural development and land management,Food and farming,Farming,Water management,Rural and countryside,Food and farming industry,GOV.UK homepage,Environment",Environment Agency,Environment Agency,2010 to 2015 Conservative and Liberal Democrat coalition government,,,
https://www.gov.uk/guidance/wreck-and-salvage-law,Wreck and salvage law,detailed_guide,5c761ca4-7631-11e4-a3cb-005056011aef,en,whitehall,2012-09-14T14:46:00.000Z,2018-01-30T17:36:45.000Z,,,23,"Wildlife, animals, biodiversity and ecosystems,Marine,GOV.UK homepage,Maritime and shipping,Wrecks,Marine sites and species,Transport,Protected sites and species,Environment",Maritime and Coastguard Agency,Maritime and Coastguard Agency,2010 to 2015 Conservative and Liberal Democrat coalition government,,,
https://www.gov.uk/guidance/comply-with-the-compulsory-beef-labelling-scheme,Comply with the Compulsory Beef Labelling Scheme,detailed_guide,5f20dfc0-7631-11e4-a3cb-005056011aef,en,whitehall,2014-04-01T09:27:00.000Z,2021-01-22T13:52:13.000Z,,,23,"GOV.UK homepage,Food labelling and safety,Producing and distributing food,Food and farming,Meat production,Food and farming industry,Environment",Rural Payments Agency,Rural Payments Agency,2010 to 2015 Conservative and Liberal Democrat coalition government,,,
https://www.gov.uk/guidance/bluetongue-movement-licences-and-designated-slaughterhouses,Bluetongue: moving animals within the restricted zone,detailed_guide,31c8eb0f-0357-4dbd-8742-2490acf57ce6,en,whitehall,2024-04-25T23:00:00.000Z,2025-08-04T14:41:35.000Z,,,23,"Keeping farmed animals,Shows, fairs and markets,GOV.UK homepage,Cattle identification, registration and movements,Food and farming,Reporting disease and disease outbreaks,Environment","Department for Environment, Food & Rural Affairs","Department for Environment, Food & Rural Affairs,Animal and Plant Health Agency",2022 to 2024 Sunak Conservative government,,,
https://www.gov.uk/guidance/species-rich-grassland-indicator-species,Species-rich grassland: indicator species,detailed_guide,8bf4c165-c7b9-4d3e-bc5a-61cb57625428,en,whitehall,2024-08-14T23:00:00.000Z,2025-06-02T15:48:58.000Z,,,23,"Rural grants and payments,Food and farming,GOV.UK homepage,Farming and food grants and payments,Environment","Department for Environment, Food & Rural Affairs","Department for Environment, Food & Rural Affairs,Rural Payments Agency",2024 Starmer Labour government,,,
https://www.gov.uk/guidance/rabbits-how-to-control-numbers,Rabbits: how to control numbers,detailed_guide,26d86b07-7029-43ef-acef-6171a7b9b65a,en,whitehall,2015-03-27T15:52:00.000Z,2023-04-06T12:07:00.000Z,,,23,"Food and farming,GOV.UK homepage,Mammals,Environment,Wildlife, animals, biodiversity and ecosystems,Wildlife and habitat conservation",Natural England,Natural England,2010 to 2015 Conservative and Liberal Democrat coalition government,,,
https://www.gov.uk/guidance/pig-keepers-identify-animals-before-moving-them,"Tag, tattoo or slap mark pigs",detailed_guide,fbe8a7af-faa6-487d-a3fc-957ff75ef4b4,en,whitehall,2014-12-31T00:00:00.000Z,2023-10-10T15:08:34.000Z,,,22,"Pig identification, registration and movements,Food and farming,Environment,GOV.UK homepage,Keeping farmed animals","Department for Environment, Food & Rural Affairs","Department for Environment, Food & Rural Affairs",2010 to 2015 Conservative and Liberal Democrat coalition government,,,
https://www.gov.uk/guidance/hazardous-waste-segregation-and-mixing,Hazardous waste: segregation and mixing,detailed_guide,5f4b009f-7631-11e4-a3cb-005056011aef,en,whitehall,2014-04-04T09:33:00.000Z,2020-09-30T23:15:05.000Z,,,22,"Waste and recycling,GOV.UK homepage,Chemicals,Waste and environmental impact,Radioactive and nuclear substances and waste,Waste management,Environment",Environment Agency,Environment Agency,2010 to 2015 Conservative and Liberal Democrat coalition government,,,
https://www.gov.uk/guidance/landspreading-benefits-and-risks-of-the-waste-types-you-can-use/02-waste-codes,02 Waste codes,manual_section,7f58223b-7232-4c3f-8260-000295e17f27,en,manuals-publisher,2022-05-26T09:07:59.557Z,2022-05-26T09:07:59.557Z,,,22,"GOV.UK homepage,Environment,Waste exemptions,Environmental permits",Environment Agency,Environment Agency,,,,
https://www.gov.uk/guidance/bringing-seal-products-into-great-britain,Bringing seal products into Great Britain,detailed_guide,e63368f9-b864-4f92-a703-2bcdf9b55722,en,whitehall,2022-06-14T23:00:00.000Z,2024-05-21T08:00:01.000Z,,,22,"GOV.UK homepage,Protected sites and species,Environment,Wildlife and habitat conservation,Marine sites and species,Wildlife, animals, biodiversity and ecosystems","Department for Environment, Food & Rural Affairs","Department for Environment, Food & Rural Affairs",2019 to 2022 Johnson Conservative government,,,
https://www.gov.uk/guidance/controls-on-mercury,Controls on mercury added products,detailed_guide,c1f7d0de-34a6-477c-bce3-9cdef3b55213,en,whitehall,2019-06-30T23:00:00.000Z,2026-01-05T08:00:05.000Z,,,22,"Chemicals,GOV.UK homepage,Exporting,Business and industry,Mercury,Waste and recycling,Importing,Import controls,Waste management,Environment,Export controls and licensing,Trade and investment",Environment Agency,Environment Agency,2016 to 2019 May Conservative government,,,
https://www.gov.uk/guidance/enforcement-laws-advice-on-protecting-the-natural-environment-in-england,Enforcement laws: advice on protecting the natural environment in England,detailed_guide,602777c6-7631-11e4-a3cb-005056011aef,en,whitehall,2013-10-19T23:00:00.000Z,2024-01-19T17:41:28.000Z,,,22,"GOV.UK homepage,Environment",Natural England,Natural England,2010 to 2015 Conservative and Liberal Democrat coalition government,,,
https://www.gov.uk/guidance/stop-ragwort-and-other-harmful-weeds-from-spreading,Stop ragwort and other injurious weeds from spreading,detailed_guide,26d37e20-2a37-47c1-8a90-2b50d9525a86,en,whitehall,2019-05-19T23:00:00.000Z,2025-12-16T12:12:01.000Z,,,22,"Environment,Rural development and land management,Wildlife and habitat conservation,Plants,Rural and countryside,Animal and plant health,Wildlife, animals, biodiversity and ecosystems,Weeds and invasive, non-native plants,GOV.UK homepage","Department for Environment, Food & Rural Affairs","Department for Environment, Food & Rural Affairs,Natural England",2016 to 2019 May Conservative government,,,
https://www.gov.uk/guidance/transporting-animals-to-from-or-through-great-britain,"Transporting animals to, from or through Great Britain",detailed_guide,467b61da-9568-4a26-b949-d63cfbd2899d,en,whitehall,2024-05-22T23:00:00.000Z,2025-01-01T09:30:02.000Z,,,22,"Animal welfare,Wildlife, animals, biodiversity and ecosystems,Environment,GOV.UK homepage","Department for Environment, Food & Rural Affairs","Department for Environment, Food & Rural Affairs,Animal and Plant Health Agency",2022 to 2024 Sunak Conservative government,,,
https://www.gov.uk/guidance/waste-batteries-and-accumulators-technical-guidance,Waste batteries and accumulators: technical guidance,detailed_guide,5f664e3f-7631-11e4-a3cb-005056011aef,en,whitehall,2014-06-26T07:19:00.000Z,2021-08-31T13:01:34.000Z,,,22,"Waste and environmental impact,Environment,Business and the environment,Waste and recycling,Business and industry,GOV.UK homepage",Environment Agency,Environment Agency,2010 to 2015 Conservative and Liberal Democrat coalition government,,,
https://www.gov.uk/guidance/chpqa-guidance-notes,Combined heat and power quality assurance (CHPQA) guidance notes,detailed_guide,5fdd5f20-7631-11e4-a3cb-005056011aef,en,whitehall,2014-06-30T23:00:00.000Z,2022-02-08T10:27:39.000Z,,,22,"Low carbon technologies,Energy infrastructure,GOV.UK homepage,Environment",Department for Energy Security and Net Zero,"Department for Energy Security and Net Zero,Department for Business, Energy & Industrial Strategy",2010 to 2015 Conservative and Liberal Democrat coalition government,,,
https://www.gov.uk/packaging-waste-designer-responsibilities,Packaging waste: environmental responsibilities,answer,1755cea2-494f-4196-866c-3b0fe2e81ae7,en,publisher,2013-01-18T13:51:40.000Z,2025-01-27T10:07:37.416Z,,,22,"Waste and environmental impact,Waste management,Environment,Waste and recycling,GOV.UK homepage",Government Digital Service,Environment Agency,,,,
https://www.gov.uk/guidance/selling-f-gas-or-equipment,Selling F gas in cylinders or equipment,detailed_guide,a9aeb7a8-9bef-4952-9f90-d29c8a0cbb4d,en,whitehall,2019-08-20T23:00:00.000Z,2024-01-17T10:28:11.000Z,,,22,"Chemicals,Greenhouse gas emissions,Environment,Climate change and energy,GOV.UK homepage,F-gases and HCFCs",Environment Agency,"Environment Agency,Department for Environment, Food & Rural Affairs",2019 to 2022 Johnson Conservative government,,,
https://www.gov.uk/guidance/national-regulation-enforcement-services,National regulation: enforcement services,detailed_guide,e814b470-18db-4c61-918a-53bd318eff3f,en,whitehall,2016-09-19T23:00:00.000Z,2023-01-06T13:36:54.000Z,,,22,"Business regulation,GOV.UK homepage,Environment,Business and industry,Climate change and energy,Trade and investment",Office for Product Safety and Standards,"Office for Product Safety and Standards,Department for Business and Trade,Department for Environment, Food & Rural Affairs,Department for Transport",2016 to 2019 May Conservative government,,,
https://www.gov.uk/guidance/laboratory-testing-requirements-for-animal-by-products-abps,Laboratory testing requirements for animal by-products (ABPs),detailed_guide,5f9d0a93-7631-11e4-a3cb-005056011aef,en,whitehall,2014-09-04T23:00:00.000Z,2025-10-16T10:57:57.000Z,,,22,"Environment,GOV.UK homepage,Food and farming","Department for Environment, Food & Rural Affairs","Department for Environment, Food & Rural Affairs,Animal and Plant Health Agency",2010 to 2015 Conservative and Liberal Democrat coalition government,,,
https://www.gov.uk/guidance/recovering-reclaiming-and-recycling-f-gas,"Recovering, reclaiming and recycling F gas",detailed_guide,e116f1f1-04e1-435c-acaa-cba8672e85f7,en,whitehall,2019-08-21T10:58:00.000Z,2023-04-18T09:08:36.000Z,,,22,"Chemicals,Climate change and energy,GOV.UK homepage,Greenhouse gas emissions,F-gases and HCFCs,Environment",Environment Agency,"Environment Agency,Department for Environment, Food & Rural Affairs",2019 to 2022 Johnson Conservative government,,,
https://www.gov.uk/guidance/get-your-disinfectant-approved-by-defra,Get your disinfectant approved by Defra,detailed_guide,5f5ce7c7-7631-11e4-a3cb-005056011aef,en,whitehall,2014-07-02T23:00:00.000Z,2024-12-13T12:21:23.000Z,,,22,"Food and farming,Wildlife, animals, biodiversity and ecosystems,Environment,GOV.UK homepage,Animal and plant health","Department for Environment, Food & Rural Affairs","Department for Environment, Food & Rural Affairs,Animal and Plant Health Agency",2010 to 2015 Conservative and Liberal Democrat coalition government,,,
https://www.gov.uk/guidance/waste-exemption-t12-manually-treating-waste,T12: manually treating waste,detailed_guide,5f4d29b4-7631-11e4-a3cb-005056011aef,en,whitehall,2014-04-27T23:00:00.000Z,2025-07-01T08:30:01.000Z,,,22,"GOV.UK homepage,Environment,Waste and recycling,Waste exemptions,Waste management,Environmental permits",Environment Agency,Environment Agency,2010 to 2015 Conservative and Liberal Democrat coalition government,,,
https://www.gov.uk/guidance/rights-of-way-order-information-decisions-and-maps-published-in-2023,"Rights of way order information: Decisions and maps published in 2023, 2024 and 2025",detailed_guide,e9fa7681-aff9-403c-8217-ae4cb4d2432d,en,whitehall,2023-01-25T00:00:00.000Z,2026-01-19T09:58:11.000Z,,,22,"Rural and countryside,Access to the countryside,Environment,Countryside,GOV.UK homepage",Planning Inspectorate,Planning Inspectorate,2022 to 2024 Sunak Conservative government,,,
https://www.gov.uk/guidance/marine-licensing-jurisdiction,Marine licensing jurisdiction,detailed_guide,80a99a8f-c7ce-47c9-8f37-65e0fdf8e4a7,en,whitehall,2025-11-18T10:16:03.000Z,2025-11-18T10:16:03.000Z,,,22,"Marine,GOV.UK homepage,Environment,Marine licences",Marine Management Organisation,Marine Management Organisation,2024 Starmer Labour government,,,
https://www.gov.uk/guidance/anglian-river-basin-district-river-basin-management-plan-updated-2022,Anglian river basin district river basin management plan: updated 2022,detailed_guide,d6b925b0-4625-490d-9190-7e974bfc8354,en,whitehall,2022-10-21T11:00:00.000Z,2022-12-22T09:30:10.000Z,,,22,"GOV.UK homepage,Environment",Environment Agency,Environment Agency,2022 Truss Conservative government,,,
https://www.gov.uk/guidance/protected-sites-and-areas-how-to-review-planning-applications,Protected sites and areas: how to review planning applications,detailed_guide,d3b6d3f3-a496-41e3-a667-8a4f2e11e480,en,whitehall,2016-08-04T23:00:00.000Z,2023-12-06T16:18:32.000Z,,,21,"Protected sites and species,Wildlife, animals, biodiversity and ecosystems,Environment,Land sites,GOV.UK homepage,Planning and building,Housing, local and community","Department for Environment, Food & Rural Affairs","Department for Environment, Food & Rural Affairs,Natural England",2016 to 2019 May Conservative government,,,
https://www.gov.uk/guidance/buying-statutory-biodiversity-credits,Buying statutory biodiversity credits,detailed_guide,21603eed-3eec-4ae7-8fa1-7f4778e9bf1d,en,whitehall,2024-05-20T23:00:00.000Z,2025-09-02T09:18:13.000Z,,,21,"Biodiversity and ecosystems,Planning and building,Wildlife and habitat conservation,Environment,GOV.UK homepage,Housing, local and community,Wildlife, animals, biodiversity and ecosystems","Department for Environment, Food & Rural Affairs","Department for Environment, Food & Rural Affairs",2022 to 2024 Sunak Conservative government,,,
https://www.gov.uk/guidance/landspreading-to-improve-soil-health,Landspreading to improve soil health,detailed_guide,cc063373-63c5-4b01-82d9-bff30b9161f8,en,whitehall,2022-05-25T23:00:00.000Z,2023-05-04T09:00:00.000Z,,,21,"Environmental permits,Pollution and environmental quality,Business and industry,Business and the environment,GOV.UK homepage,Waste exemptions,Environment",Environment Agency,Environment Agency,2019 to 2022 Johnson Conservative government,,,
https://www.gov.uk/guidance/offshore-energy-strategic-environmental-assessment-sea-an-overview-of-the-sea-process,Offshore Energy Strategic Environmental Assessment (SEA): An overview of the SEA process,detailed_guide,5e2db490-7631-11e4-a3cb-005056011aef,en,whitehall,2013-05-15T23:00:00.000Z,2026-01-29T09:47:48.000Z,,,21,"Carbon capture and storage,Energy infrastructure,Energy and climate change: evidence and analysis,Oil and gas licensing,Climate change and energy,Low carbon technologies,Oil, gas and coal,Environment,GOV.UK homepage",Department for Energy Security and Net Zero,"Department for Energy Security and Net Zero,Offshore Petroleum Regulator for Environment and Decommissioning,Department for Business, Energy & Industrial Strategy",2010 to 2015 Conservative and Liberal Democrat coalition government,,,
https://www.gov.uk/guidance/sign-up-for-updates-from-the-forestry-commission,Sign up for updates from the Forestry Commission,detailed_guide,c6c61cdb-42d0-48a0-bf5c-b561f9096faf,en,whitehall,2025-04-25T11:04:04.000Z,2025-04-25T11:04:04.000Z,,,21,"Rural and countryside,Forests and woodland,Environment,GOV.UK homepage",Forestry Commission,Forestry Commission,2024 Starmer Labour government,,,
https://www.gov.uk/guidance/poultry-meat-marketing-standards,Poultry meat marketing standards,detailed_guide,e9819c89-880e-4eb0-bef8-ee29d3517dfa,en,whitehall,2020-12-31T00:00:00.000Z,2024-09-16T16:05:07.000Z,,,21,"Meat production,Food and farming,GOV.UK homepage,Environment,Food labelling and safety,Import, export and distribution of food,Producing and distributing food","Department for Environment, Food & Rural Affairs","Department for Environment, Food & Rural Affairs",2019 to 2022 Johnson Conservative government,,,
https://www.gov.uk/guidance/business-to-consumer-b2c-and-business-to-business-b2b-eee-and-weee-how-to-correctly-identify,Business to consumer (B2C) and business to business (B2B) EEE and WEEE: how to correctly identify,detailed_guide,72c7536d-dd5e-4f88-a1ed-88783af7b205,en,whitehall,2015-02-23T00:00:00.000Z,2025-08-12T10:49:21.000Z,,,21,"GOV.UK homepage,Waste and recycling,Environment",Department for Business and Trade,"Department for Business and Trade,Environment Agency,Department for Business, Energy & Industrial Strategy",2010 to 2015 Conservative and Liberal Democrat coalition government,,,
https://www.gov.uk/guidance/apply-for-a-temporary-certificate-of-competence-to-slaughter-or-kill-animals,Apply for a temporary Certificate of Competence to slaughter or kill animals,detailed_guide,b01f03a6-0973-4c9e-8dd5-8624355ed11f,en,whitehall,2025-03-04T10:00:02.000Z,2025-03-04T10:00:02.000Z,,,21,"Meat production,Environment,GOV.UK homepage,Food and farming,Producing and distributing food","Department for Environment, Food & Rural Affairs","Department for Environment, Food & Rural Affairs,Food Standards Agency",2024 Starmer Labour government,,,
https://www.gov.uk/guidance/object-to-a-public-right-of-way-order,Object to a public right of way order,detailed_guide,9028b714-040f-491a-a6f5-921d35b3767d,en,whitehall,2012-01-01T00:00:00.000Z,2025-12-01T08:00:03.000Z,,,21,"Rural and countryside,GOV.UK homepage,Access to the countryside,Environment,Countryside",Planning Inspectorate,Planning Inspectorate,2010 to 2015 Conservative and Liberal Democrat coalition government,,,
https://www.gov.uk/guidance/medium-combustion-plant-screening-tool,Medium combustion plant: screening tool,detailed_guide,30529963-9877-4028-a218-1f3be552309c,en,whitehall,2023-06-25T23:00:00.000Z,2026-01-09T15:12:05.000Z,,,21,"Business and industry,Environmental permits,Business and the environment,Pollution and environmental quality,Environment,GOV.UK homepage",Environment Agency,Environment Agency,2022 to 2024 Sunak Conservative government,,,
https://www.gov.uk/guidance/flood-and-coastal-resilience-innovation-programme,Flood and coastal innovation programmes,detailed_guide,e126788c-e67b-474c-ba91-c431242de621,en,whitehall,2020-11-09T11:00:00.000Z,2023-05-16T12:57:23.000Z,,,21,"River maintenance, flooding and coastal erosion,GOV.UK homepage,Environment,Climate change adaptation,Climate change and energy",Environment Agency,"Environment Agency,Department for Environment, Food & Rural Affairs",2019 to 2022 Johnson Conservative government,,,
https://www.gov.uk/guidance/managing-ash-dieback-in-england,Managing ash dieback in England,detailed_guide,09efd9d2-81ac-4f79-8990-299efe211595,en,whitehall,2021-06-09T23:00:00.000Z,2025-01-17T15:38:47.000Z,,,21,"Environment,GOV.UK homepage,Rural and countryside,Forests and woodland",Forestry Commission,Forestry Commission,2019 to 2022 Johnson Conservative government,,,
https://www.gov.uk/guidance/register-a-biodiversity-site-and-allocate-to-a-development,Register a biodiversity site and allocate to a development,detailed_guide,35d514f8-60fd-45a1-ad64-e508e260f3ff,en,whitehall,2024-02-12T00:00:00.000Z,2025-06-26T15:30:04.000Z,,,21,"GOV.UK homepage,Biodiversity and ecosystems,Environment,Wildlife, animals, biodiversity and ecosystems","Department for Environment, Food & Rural Affairs","Department for Environment, Food & Rural Affairs,Natural England",2022 to 2024 Sunak Conservative government,,,
https://www.gov.uk/guidance/inshore-vessel-monitoring-i-vms-for-under-12m-fishing-vessels-registered-in-england,Inshore Vessel Monitoring System (I-VMS) devices for under-12 metre fishing vessels registered in England,detailed_guide,225ee3f8-9e07-42ad-b472-595054bb9a72,en,whitehall,2022-01-05T00:00:00.000Z,2026-01-22T17:04:09.000Z,,,21,"Sea fishing,Environment,Marine,GOV.UK homepage",Marine Management Organisation,Marine Management Organisation,2019 to 2022 Johnson Conservative government,,,
https://www.gov.uk/guidance/maximum-residues-limits-mrl,Maximum Residue Limits (MRLs),detailed_guide,01a40c87-7629-4334-85d1-1abe388e1cc9,en,whitehall,2021-02-09T00:00:00.000Z,2025-11-12T13:20:56.000Z,,,21,"GOV.UK homepage,Food and farming industry,Food and farming,Environment,Animal and plant health,Wildlife, animals, biodiversity and ecosystems",Veterinary Medicines Directorate,Veterinary Medicines Directorate,2019 to 2022 Johnson Conservative government,,,
https://www.gov.uk/guidance/export-wood-wood-products-and-bark-from-great-britain,"Export wood, wood products and bark from Great Britain",detailed_guide,59807b01-053c-4108-94d0-4c0c62b74b10,en,whitehall,2021-07-26T23:00:00.000Z,2026-01-15T14:36:37.000Z,,,21,"Environment,Animal and plant health,Forests and woodland,GOV.UK homepage,Wildlife, animals, biodiversity and ecosystems,Rural and countryside",Forestry Commission,Forestry Commission,2019 to 2022 Johnson Conservative government,,,
https://www.gov.uk/guidance/consents-and-planning-applications-for-national-energy-infrastructure-projects,Consents and planning applications for national energy infrastructure projects,detailed_guide,5d2783c3-7631-11e4-a3cb-005056011aef,en,whitehall,2013-01-22T11:57:00.000Z,2021-12-17T17:05:58.000Z,,,21,"Environment,GOV.UK homepage,Energy infrastructure",Department for Energy Security and Net Zero,"Department for Energy Security and Net Zero,Department for Business, Energy & Industrial Strategy",2010 to 2015 Conservative and Liberal Democrat coalition government,,,
https://www.gov.uk/guidance/water-cycle-studies,Water cycle studies,detailed_guide,ad0b989b-f39a-4cb8-bb7a-b66c8ec8ac00,en,whitehall,2021-01-06T13:33:04.000Z,2021-01-06T13:33:04.000Z,,,21,"GOV.UK homepage,Housing, local and community,Environment,Planning and building,Environmental planning",Environment Agency,Environment Agency,2019 to 2022 Johnson Conservative government,,,
https://www.gov.uk/guidance/keeping-or-training-animals-for-exhibition-licence-england,Keeping or training animals for exhibition licence (England),detailed_guide,7e190705-fceb-4d91-b9c8-517a81bada0d,en,whitehall,2020-11-04T11:23:06.000Z,2020-11-04T11:23:06.000Z,,,21,"Environment,GOV.UK homepage,Animal welfare,Wildlife, animals, biodiversity and ecosystems","Department for Environment, Food & Rural Affairs","Department for Environment, Food & Rural Affairs",2019 to 2022 Johnson Conservative government,,,
https://www.gov.uk/guidance/replace-lost-or-damaged-tags-in-sheep-and-goats,Replace lost or damaged tags in sheep and goats,detailed_guide,8321d69f-be30-4050-862c-6f9fb0c1dce6,en,whitehall,2014-05-31T23:00:00.000Z,2014-05-31T23:00:00.000Z,,,21,"Environment,Food and farming,Keeping farmed animals,GOV.UK homepage,Sheep and goats identification, registration and movements","Department for Environment, Food & Rural Affairs","Department for Environment, Food & Rural Affairs,Rural Payments Agency",2010 to 2015 Conservative and Liberal Democrat coalition government,,,
https://www.gov.uk/guidance/report-the-amount-of-eee-you-place-on-the-market,Report the amount of EEE you place on the market,detailed_guide,158cc6c3-6e2e-421c-818a-ff912daf1595,en,whitehall,2023-07-05T23:00:00.000Z,2025-09-16T10:23:36.000Z,,,20,"Waste and recycling,GOV.UK homepage,Waste and environmental impact,Business and industry,Manufacturing,Business and the environment,Environment",Environment Agency,Environment Agency,2022 to 2024 Sunak Conservative government,,,
https://www.gov.uk/guidance/packaging-data-tell-us-how-you-collected-it-for-extended-producer-responsibility,Record and submit your methodology for collecting packaging data,detailed_guide,58f79d6b-5317-40d7-babc-8ea26a931dc9,en,whitehall,2023-05-23T23:00:00.000Z,2025-09-18T14:56:44.000Z,,,20,"Business and the environment,GOV.UK homepage,Environment,Business and industry,Waste and recycling","Department for Environment, Food & Rural Affairs","Department for Environment, Food & Rural Affairs,Environment Agency",2022 to 2024 Sunak Conservative government,,,
https://www.gov.uk/guidance/how-youll-be-regulated-environmental-permits,How you'll be regulated: environmental permits,detailed_guide,cf0760d9-ce95-4fe9-afde-1761f276c414,en,whitehall,2016-02-01T00:00:00.000Z,2025-03-13T11:58:22.000Z,,,20,"Environment,Business and the environment,Environmental permits,River maintenance, flooding and coastal erosion,Business and industry,GOV.UK homepage",Environment Agency,"Environment Agency,Department for Environment, Food & Rural Affairs",2015 to 2016 Cameron Conservative government,,,
https://www.gov.uk/guidance/get-a-fishing-vessel-licence-vessels-10-metres-or-under,Get a domestic fishing vessel licence: 10 metres or under,detailed_guide,bdd2ac03-6492-4c83-8200-1d0a17096736,en,whitehall,2024-03-12T00:00:00.000Z,2025-12-10T11:44:16.000Z,,,20,"Sea fishing,Environment,GOV.UK homepage,Marine",Marine Management Organisation,Marine Management Organisation,2022 to 2024 Sunak Conservative government,,,
https://www.gov.uk/guidance/develop-an-fcerm-project-business-case,Develop an FCERM project business case,detailed_guide,a3994a70-495e-404d-8b27-111b349ab4e1,en,whitehall,2021-09-01T15:55:00.000Z,2023-08-18T08:38:49.000Z,,,20,"GOV.UK homepage,River maintenance, flooding and coastal erosion,Environment",Environment Agency,Environment Agency,2019 to 2022 Johnson Conservative government,,,
https://www.gov.uk/guidance/the-woodland-carbon-code-scheme-for-buyers-and-landowners,The Woodland Carbon Code scheme for buyers and landowners,detailed_guide,ebd3767d-52e9-401f-8d62-20e2a8a24610,en,whitehall,2018-07-08T23:00:00.000Z,2022-02-03T10:48:38.000Z,,,20,"GOV.UK homepage,Environment,Forests and woodland,Rural and countryside",Forestry Commission,Forestry Commission,2016 to 2019 May Conservative government,,,
https://www.gov.uk/guidance/selling-coal-for-domestic-use-in-england,Selling coal for domestic use in England,detailed_guide,60156d92-f505-4b30-8a28-b7b0c8200dc8,en,whitehall,2021-02-16T15:36:00.000Z,2023-04-30T23:15:02.000Z,,,20,"Greenhouse gas emissions,GOV.UK homepage,Pollution and environmental quality,Climate change and energy,Environment","Department for Environment, Food & Rural Affairs","Department for Environment, Food & Rural Affairs",2019 to 2022 Johnson Conservative government,,,
https://www.gov.uk/guidance/rights-of-way-order-information-decisions-and-maps,Rights of Way order information: Decisions and maps,detailed_guide,72169521-8934-4dd1-bd33-af8e3b44a2d6,en,whitehall,2016-05-16T13:09:00.000Z,2022-03-25T15:12:01.000Z,,,20,"Countryside,GOV.UK homepage,Rural and countryside,Access to the countryside,Environment",Planning Inspectorate,Planning Inspectorate,2015 to 2016 Cameron Conservative government,,,
https://www.gov.uk/guidance/weee-producer-compliance-scheme-apply-for-approval,WEEE: apply for approval as a producer compliance scheme,detailed_guide,5f51b5f5-7631-11e4-a3cb-005056011aef,en,whitehall,2014-04-30T23:00:00.000Z,2025-09-16T10:27:24.000Z,,,20,"Business and industry,Business and the environment,GOV.UK homepage,Environment,Waste and recycling","Department for Environment, Food & Rural Affairs","Department for Environment, Food & Rural Affairs,Environment Agency",2010 to 2015 Conservative and Liberal Democrat coalition government,,,
https://www.gov.uk/guidance/asthma-and-airborne-allergens,Asthma and airborne allergens,detailed_guide,68cf294f-0a57-4b37-9e18-d6fa50afb052,en,whitehall,2025-08-06T23:00:00.000Z,2025-08-06T23:00:00.000Z,,,20,"Pollution and environmental quality,Environment,GOV.UK homepage",UK Health Security Agency,"UK Health Security Agency,Centre for Climate and Health Security",2024 Starmer Labour government,,,
https://www.gov.uk/guidance/report-an-environmental-issue-by-your-employer,Report an environmental issue by your employer,detailed_guide,220dd442-7a25-4d68-a64b-6a3a2babf230,en,whitehall,2025-03-13T00:00:00.000Z,2025-03-13T00:00:00.000Z,,,20,"Environment,GOV.UK homepage",Environment Agency,Environment Agency,2024 Starmer Labour government,,,
https://www.gov.uk/guidance/ayrton-fund,Ayrton Fund,detailed_guide,896081f7-4ade-4a13-a5cd-8324df937ec7,en,whitehall,2022-11-11T00:00:00.000Z,2025-07-01T15:48:49.000Z,,,20,"Science and innovation,GOV.UK homepage,International aid and development,Climate change impact in developing countries,Business and industry,Economic growth in developing countries,International,Environment,Research and development,Climate change and energy",Department for Energy Security and Net Zero,"Department for Energy Security and Net Zero,Department for Science, Innovation and Technology,Foreign, Commonwealth & Development Office",2022 to 2024 Sunak Conservative government,,,
https://www.gov.uk/guidance/designated-land-sea-and-air-ports-for-trading-or-moving-cites-listed-endangered-species,"Designated land, sea and air ports for trading or moving CITES-listed endangered species",detailed_guide,3d003dbe-f20c-4a16-aaa0-5f1418ac77b7,en,whitehall,2024-10-07T23:00:00.000Z,2025-11-10T00:01:04.000Z,,,20,"Business and industry,Importing,Trade and investment,Rules for specific goods and services,Customs declarations, duties and tariffs (import and export),GOV.UK homepage,Wildlife, animals, biodiversity and ecosystems,Exporting,Environment","Department for Environment, Food & Rural Affairs","Department for Environment, Food & Rural Affairs,Animal and Plant Health Agency",2024 Starmer Labour government,,,
https://www.gov.uk/guidance/separate-collection-of-waste-paper-plastic-metal-and-glass,"Separate collection of waste paper, plastic, metal or glass",detailed_guide,0d38cfc4-0337-4d19-a92f-91a4ddbf67c8,en,whitehall,2014-12-19T00:00:00.000Z,2025-03-12T15:11:54.000Z,,,20,"Waste management,Waste and environmental impact,GOV.UK homepage,Waste and recycling,Environment",Environment Agency,Environment Agency,2010 to 2015 Conservative and Liberal Democrat coalition government,,,
https://www.gov.uk/guidance/apply-for-a-licence-to-market-an-animal-medicine,Apply for a Marketing Authorisation in the UK for a veterinary medicine or expiry,detailed_guide,602d5f0d-7631-11e4-a3cb-005056011aef,en,whitehall,2014-11-27T00:00:00.000Z,2026-02-02T09:26:09.000Z,,,20,"Environment,Animal and plant health,GOV.UK homepage,Wildlife, animals, biodiversity and ecosystems,Animal welfare",Veterinary Medicines Directorate,Veterinary Medicines Directorate,2010 to 2015 Conservative and Liberal Democrat coalition government,,,
https://www.gov.uk/guidance/waste-exemption-s3-storing-sludge,S3: storing sludge,detailed_guide,5f4d6064-7631-11e4-a3cb-005056011aef,en,whitehall,2014-04-27T23:00:00.000Z,2025-07-01T08:30:00.000Z,,,20,"Waste exemptions,Environment,Waste and recycling,GOV.UK homepage,Environmental permits,Business and the environment,Business and industry",Environment Agency,Environment Agency,2010 to 2015 Conservative and Liberal Democrat coalition government,,,
https://www.gov.uk/guidance/get-specification-tests-for-cattle-ear-tags,Get specification tests for cattle ear tags,detailed_guide,036a7920-a8bd-4db1-9bee-e026c7d1a528,en,whitehall,2021-08-02T23:00:00.000Z,2021-08-02T23:00:00.000Z,,,20,"GOV.UK homepage,Keeping farmed animals,Environment,Food and farming,Cattle identification, registration and movements",British Cattle Movement Service,British Cattle Movement Service,2019 to 2022 Johnson Conservative government,,,
https://www.gov.uk/guidance/fish-health-checks,Fish health checks: before moving fish into inland waters,detailed_guide,5efc4aa7-7631-11e4-a3cb-005056011aef,en,whitehall,2014-05-15T23:00:00.000Z,2025-03-12T15:10:37.000Z,,,20,"GOV.UK homepage,Food and farming,Wildlife, animals, biodiversity and ecosystems,Environment",Environment Agency,"Environment Agency,Department for Environment, Food & Rural Affairs",2010 to 2015 Conservative and Liberal Democrat coalition government,,,
https://www.gov.uk/guidance/post-combustion-carbon-dioxide-capture-best-available-techniques-bat,Post-combustion carbon dioxide capture: emerging techniques,detailed_guide,4cbd7d57-34b4-40db-b312-8c81ba8422bf,en,whitehall,2021-07-01T23:00:00.000Z,2024-03-27T09:30:05.000Z,,,20,"GOV.UK homepage,Energy infrastructure,Environment,Business and industry,Environmental permits,Business regulation,Greenhouse gas emissions,Climate change and energy,Energy efficiency,Energy industry and infrastructure licensing and regulation",Environment Agency,Environment Agency,2019 to 2022 Johnson Conservative government,,,
https://www.gov.uk/guidance/transferring-a-countryside-stewardship-cs-agreement,Transferring a Countryside Stewardship (CS) agreement,detailed_guide,4a144d3f-81bb-4f98-817f-3ed2f3e6b4fa,en,whitehall,2020-11-03T00:00:00.000Z,2025-03-20T11:04:28.000Z,,,19,"GOV.UK homepage,Environment,Farming and food grants and payments,Food and farming,Countryside stewardship,Rural grants and payments",Rural Payments Agency,Rural Payments Agency,2019 to 2022 Johnson Conservative government,,,
https://www.gov.uk/guidance/packaging-waste-become-a-packaging-producer-compliance-scheme-pcs,Extended producer responsibility for packaging: become a compliance scheme,detailed_guide,5f56d99a-7631-11e4-a3cb-005056011aef,en,whitehall,2014-05-08T23:00:00.000Z,2025-03-19T12:04:20.000Z,,,19,"Waste management,Environment,GOV.UK homepage,Waste and recycling",Environment Agency,"Environment Agency,Department for Environment, Food & Rural Affairs",2010 to 2015 Conservative and Liberal Democrat coalition government,,,
https://www.gov.uk/guidance/keeping-farm-animals-and-horses-in-extreme-weather,Keeping farm animals and horses in extreme weather,detailed_guide,5dc754dc-7631-11e4-a3cb-005056011aef,en,whitehall,2013-04-08T23:00:00.000Z,2025-06-19T13:16:50.000Z,,,19,"Environment,Wildlife, animals, biodiversity and ecosystems,GOV.UK homepage,Food and farming","Department for Environment, Food & Rural Affairs","Department for Environment, Food & Rural Affairs",2010 to 2015 Conservative and Liberal Democrat coalition government,,,
https://www.gov.uk/guidance/managing-and-maintaining-woodlands-overview,Managing and maintaining woodlands: overview,detailed_guide,b7ceb671-b17f-44ee-a881-204d8a9fbb70,en,whitehall,2021-12-02T00:00:00.000Z,2025-05-22T09:35:28.000Z,,,19,"Environment,GOV.UK homepage,Rural and countryside,Forests and woodland",Forestry Commission,Forestry Commission,2019 to 2022 Johnson Conservative government,,,
https://www.gov.uk/guidance/new-hydropower-scheme-apply-to-build-one,Apply to build a new hydropower scheme,detailed_guide,f4a954ac-a7d6-4e99-844d-f7c6320f2937,en,whitehall,2016-02-10T00:00:00.000Z,2023-12-13T14:38:49.000Z,,,19,"Business and the environment,Abstract (take) water,Business and industry,Impound (store) water,Environment,Water management,GOV.UK homepage,Climate change and energy",Environment Agency,"Environment Agency,Department for Environment, Food & Rural Affairs",2015 to 2016 Cameron Conservative government,,,
https://www.gov.uk/guidance/monitoring-stack-emissions-technical-guidance-for-selecting-a-monitoring-approach,Monitoring stack emissions: guidance for selecting a monitoring approach,detailed_guide,cef7bb66-d7fa-4dd6-a89c-5e03443e1b2d,en,whitehall,2019-12-18T00:00:00.000Z,2023-12-13T10:32:14.000Z,,,19,"Business regulation,Business and the environment,Environmental permits,Environment,GOV.UK homepage,Business and industry,Pollution and environmental quality",Environment Agency,Environment Agency,2019 to 2022 Johnson Conservative government,,,
https://www.gov.uk/guidance/how-to-operate-or-service-high-voltage-switchgear-containing-sf6,How to operate or service electrical switchgear containing SF6,detailed_guide,c9d6f9e3-64c8-4993-9565-b46041fbb164,en,whitehall,2014-12-31T00:00:00.000Z,2025-03-21T15:18:32.000Z,,,19,"Environment,Wildlife, animals, biodiversity and ecosystems,GOV.UK homepage","Department for Environment, Food & Rural Affairs","Department for Environment, Food & Rural Affairs,Environment Agency",2010 to 2015 Conservative and Liberal Democrat coalition government,,,
https://www.gov.uk/guidance/register-linear-network-waste-exemptions,Register linear network waste exemptions,detailed_guide,0d05bf4c-2b14-4036-945b-3722177077de,en,whitehall,2026-01-27T09:30:02.000Z,2026-01-27T09:30:02.000Z,,,19,"Environmental permits,GOV.UK homepage,Environment,Waste management,Waste and environmental impact,Waste exemptions,Waste and recycling",Environment Agency,Environment Agency,2024 Starmer Labour government,,,
https://www.gov.uk/guidance/coal-mining-title-deed-covenants-and-legal-requirements,Coal mining title deed covenants and legal requirements,detailed_guide,6021ca11-7631-11e4-a3cb-005056011aef,en,whitehall,2012-05-31T23:00:00.000Z,2012-05-31T23:00:00.000Z,,,19,"Environment,Oil, gas and coal,Housing, local and community,Coal,Crime, justice and law,Energy infrastructure,Planning and building,GOV.UK homepage",Coal Authority,Coal Authority,2010 to 2015 Conservative and Liberal Democrat coalition government,,,
https://www.gov.uk/guidance/report-serious-fish-or-shellfish-diseases,"Listed diseases of fish, molluscs and crustacea and their status",detailed_guide,5f1a5b86-7631-11e4-a3cb-005056011aef,en,whitehall,2014-05-15T23:00:00.000Z,2025-08-21T12:47:53.000Z,,,19,"Animal and plant health,Wildlife, animals, biodiversity and ecosystems,GOV.UK homepage,Environment,Food and farming,Food and farming industry","Department for Environment, Food & Rural Affairs","Department for Environment, Food & Rural Affairs,Centre for Environment, Fisheries and Aquaculture Science",2010 to 2015 Conservative and Liberal Democrat coalition government,,,
https://www.gov.uk/guidance/river-nene-bridge-heights-locks-and-facilities,"River Nene: bridge heights, locks and facilities",detailed_guide,5f49b619-7631-11e4-a3cb-005056011aef,en,whitehall,2014-03-31T23:00:00.000Z,2024-04-29T12:19:18.000Z,,,19,"Sports and leisure,Environment,Society and culture,GOV.UK homepage",Environment Agency,Environment Agency,2010 to 2015 Conservative and Liberal Democrat coalition government,,,
https://www.gov.uk/guidance/thames-river-basin-district-river-basin-management-plan-updated-2022,Thames river basin district river basin management plan: updated 2022,detailed_guide,2934ce0d-e41f-4f62-9202-89e6a6ef04da,en,whitehall,2022-10-21T11:00:00.000Z,2022-12-22T09:30:10.000Z,,,19,"GOV.UK homepage,Environment",Environment Agency,Environment Agency,2022 Truss Conservative government,,,
https://www.gov.uk/guidance/import-export-or-manufacture-equipment-pre-charged-with-f-gas,"Import, export or manufacture equipment pre-charged with F gas",detailed_guide,328b03d3-5b10-45c2-95e4-1eb71c3062f3,en,whitehall,2022-08-02T14:07:00.000Z,2022-09-02T10:03:11.000Z,,,19,"Chemicals,Environment,Greenhouse gas emissions,GOV.UK homepage,F-gases and HCFCs,Climate change and energy",Environment Agency,"Environment Agency,Department for Environment, Food & Rural Affairs",2019 to 2022 Johnson Conservative government,,,
https://www.gov.uk/guidance/sevington-border-control-post-bcp,Sevington border control post (BCP),detailed_guide,0972aa4d-f7a5-463a-a1b5-4857aa5569c4,en,whitehall,2024-05-08T23:00:00.000Z,2024-05-22T16:29:51.000Z,,,19,"Environment,GOV.UK homepage,Animal and plant health,Food and farming,Import and export of farmed animals,Producing and distributing food,Import, export and distribution of food,Business and industry,Trade and investment,Import controls,Importing,Wildlife, animals, biodiversity and ecosystems,Keeping farmed animals","Department for Environment, Food & Rural Affairs","Department for Environment, Food & Rural Affairs",2022 to 2024 Sunak Conservative government,,,
https://www.gov.uk/guidance/how-to-deal-with-non-bovine-tb-in-your-animals,How to deal with TB in non-bovine animals,detailed_guide,61983d5d-2238-4786-a6b5-1c69cdc40475,en,whitehall,2015-06-04T08:49:00.000Z,2023-02-13T09:51:44.000Z,,,18,"Bovine tuberculosis (bovine TB),GOV.UK homepage,Environment,Food and farming,Keeping farmed animals","Department for Environment, Food & Rural Affairs","Department for Environment, Food & Rural Affairs,Animal and Plant Health Agency",2015 to 2016 Cameron Conservative government,,,
https://www.gov.uk/guidance/ivory-apply-for-an-exemption-certificate-to-deal-in-pre-1918-outstandingly-high-artistic-cultural-or-historical-value-items,"Ivory: apply for an exemption certificate to deal in pre-1918 outstandingly high artistic, cultural or historical value items",detailed_guide,82ffc975-880b-4b94-95c3-c289329e7223,en,whitehall,2022-02-24T00:00:00.000Z,2025-05-14T23:01:03.000Z,,,18,"Wildlife, animals, biodiversity and ecosystems,Environment,GOV.UK homepage,Wildlife and habitat conservation","Department for Environment, Food & Rural Affairs","Department for Environment, Food & Rural Affairs,Animal and Plant Health Agency",2019 to 2022 Johnson Conservative government,,,
https://www.gov.uk/guidance/open-access-land-and-the-coastal-margin-how-to-restrict-public-access,Open access land and the coastal margin: how to restrict public access,detailed_guide,fc0adf0e-dec0-4517-bece-70a27be04d6b,en,whitehall,2015-03-27T00:00:00.000Z,2025-11-05T17:11:32.000Z,,,18,"Environment,Countryside,Rural and countryside,Access to the countryside,GOV.UK homepage",Natural England,"Natural England,Department for Environment, Food & Rural Affairs",2010 to 2015 Conservative and Liberal Democrat coalition government,,,
https://www.gov.uk/guidance/london-food-water-and-environmental-laboratory-services,"Food, Water and Environmental Microbiology Laboratory, London: services",detailed_guide,5fe876e9-7631-11e4-a3cb-005056011aef,en,whitehall,2014-07-30T23:00:00.000Z,2025-01-22T15:06:16.000Z,,,18,"Environment,Water management,Water and sewerage services,Health and social care,Health improvement,Public health,GOV.UK homepage",UK Health Security Agency,UK Health Security Agency,2010 to 2015 Conservative and Liberal Democrat coalition government,,,
https://www.gov.uk/guidance/biosecurity-measure-plans-information-and-templates,Biosecurity Measure Plans - Information and Templates,detailed_guide,19b5410d-ca59-42cc-bc28-e5a222340504,en,whitehall,2023-04-17T23:00:00.000Z,2023-08-17T09:31:05.000Z,,,18,"GOV.UK homepage,Food and farming industry,Food and farming,Environment","Centre for Environment, Fisheries and Aquaculture Science","Centre for Environment, Fisheries and Aquaculture Science",2022 to 2024 Sunak Conservative government,,,
https://www.gov.uk/guidance/do-i-need-a-fishing-vessel-licence,Fishing vessel licence requirements,detailed_guide,5fe3b8a9-7631-11e4-a3cb-005056011aef,en,whitehall,2014-08-04T23:00:00.000Z,2026-01-02T09:21:14.000Z,,,18,"Fishing, fisheries and fishing vessels,Marine fisheries,Food and farming,GOV.UK homepage,Environment,Wildlife, animals, biodiversity and ecosystems",Marine Management Organisation,Marine Management Organisation,2010 to 2015 Conservative and Liberal Democrat coalition government,,,
https://www.gov.uk/guidance/flood-and-coastal-risk-projects-schemes-and-strategies-climate-change-allowances,"Flood and coastal risk projects, schemes and strategies: climate change allowances",detailed_guide,e0b23915-66cd-4be4-b85e-5704dbf68d2d,en,whitehall,2020-07-22T10:59:00.000Z,2022-05-17T11:02:13.000Z,,,18,"River maintenance, flooding and coastal erosion,Environment,GOV.UK homepage",Environment Agency,Environment Agency,2019 to 2022 Johnson Conservative government,,,
https://www.gov.uk/guidance/bee-health,Honey bees: protecting them from pests and diseases,detailed_guide,5c7218f3-7631-11e4-a3cb-005056011aef,en,whitehall,2012-08-21T23:00:00.000Z,2024-08-21T15:09:29.000Z,,,18,"Wildlife, animals, biodiversity and ecosystems,Animal and plant health,GOV.UK homepage,Environment,Wildlife and habitat conservation,Invertebrates","Department for Environment, Food & Rural Affairs","Department for Environment, Food & Rural Affairs,Animal and Plant Health Agency",2010 to 2015 Conservative and Liberal Democrat coalition government,,,
https://www.gov.uk/guidance/fishing-vessel-licence-types,Fishing vessel licence types,detailed_guide,e59057fc-d9df-4475-952b-87efe07a7c46,en,whitehall,2024-03-28T00:00:00.000Z,2025-01-08T12:51:05.000Z,,,18,"Environment,Sea fishing,GOV.UK homepage,Marine",Marine Management Organisation,Marine Management Organisation,2022 to 2024 Sunak Conservative government,,,
https://www.gov.uk/managing-wildlife-on-your-land,Managing wildlife on your land,answer,d19ab476-ca24-49fc-9ab0-4f2758c66a13,en,publisher,2012-10-02T12:05:37.000Z,2019-09-26T10:53:20.754Z,,,18,"Wildlife and habitat conservation,Wildlife, animals, biodiversity and ecosystems,GOV.UK homepage,Environment",Government Digital Service,"Department for Environment, Food & Rural Affairs,Natural England",,,,
https://www.gov.uk/guidance/heather-and-grass-burning-apply-for-a-licence,Heather and grass burning: rules and when you need a licence,detailed_guide,5f5a0870-7631-11e4-a3cb-005056011aef,en,whitehall,2014-10-12T23:00:00.000Z,2025-09-29T23:01:02.000Z,,,18,"Wildlife, animals, biodiversity and ecosystems,GOV.UK homepage,Wildlife and habitat conservation,Rural and countryside,Rural development and land management,Environment","Department for Environment, Food & Rural Affairs","Department for Environment, Food & Rural Affairs,Natural England",2010 to 2015 Conservative and Liberal Democrat coalition government,,,
https://www.gov.uk/guidance/hydrogen-production-by-electrolysis-of-water-emerging-techniques,Hydrogen production by electrolysis of water: emerging techniques,detailed_guide,5f6b531b-ba78-4771-af49-bf90c42ec60e,en,whitehall,2024-03-28T09:30:02.000Z,2024-03-28T09:30:02.000Z,,,18,"Environmental permits,Low carbon technologies,Energy infrastructure,Environment,GOV.UK homepage",Environment Agency,Environment Agency,2022 to 2024 Sunak Conservative government,,,
https://www.gov.uk/guidance/apply-for-a-uk-cocfishing-vessel-officers,How to apply for a UK CoC: fishing vessel officers,detailed_guide,5f4300a9-7631-11e4-a3cb-005056011aef,en,whitehall,2014-04-30T23:00:00.000Z,2023-03-23T15:18:31.000Z,,,18,"Transport,Fishing, fisheries and fishing vessels,Environment,Fisheries funding,Maritime and shipping,Seafarer management, training and certification,GOV.UK homepage,Ship crew training and certification",Maritime and Coastguard Agency,Maritime and Coastguard Agency,2010 to 2015 Conservative and Liberal Democrat coalition government,,,
https://www.gov.uk/guidance/paramyxovirus-infection,Paramyxovirus infection: how to spot and report the disease,detailed_guide,5f66626b-7631-11e4-a3cb-005056011aef,en,whitehall,2014-08-26T14:39:00.000Z,2018-10-18T14:07:38.000Z,,,18,"Environment,Food and farming,GOV.UK homepage","Department for Environment, Food & Rural Affairs","Department for Environment, Food & Rural Affairs,Animal and Plant Health Agency",2010 to 2015 Conservative and Liberal Democrat coalition government,,,
https://www.gov.uk/guidance/manufacturing-and-supplying-veterinary-medicines-for-animal-feed,Manufacture and supply of medicated feedingstuffs,detailed_guide,d86138ea-eea9-435f-9ea6-655df08fb5d6,en,whitehall,2015-06-30T23:00:00.000Z,2025-10-31T09:10:51.000Z,,,18,"Wildlife, animals, biodiversity and ecosystems,Environment,GOV.UK homepage",Veterinary Medicines Directorate,Veterinary Medicines Directorate,2015 to 2016 Cameron Conservative government,,,
https://www.gov.uk/guidance/d6-waste-exemption-disposal-by-incineration,D6: incinerating waste produced on site,detailed_guide,9c88f620-033e-4af2-83aa-1ed746e286c6,en,whitehall,2019-09-11T23:00:00.000Z,2025-07-01T08:30:03.000Z,,,18,"Environmental permits,Environment,GOV.UK homepage,Waste and recycling,Waste exemptions",Environment Agency,Environment Agency,2019 to 2022 Johnson Conservative government,,,
https://www.gov.uk/guidance/rights-of-way-order-information-start-date-notices-inquiry-hearing-notices-and-rejection-letters-published-in-2026,"Rights of Way order information: start date notices, inquiry & hearing notices and rejection letters published in 2026",detailed_guide,1e886086-789e-48de-a207-98fd152b404c,en,whitehall,2026-01-21T15:35:00.000Z,2026-02-17T09:22:23.000Z,,,18,"Environment,Rural and countryside,Access to the countryside,GOV.UK homepage,Countryside",Planning Inspectorate,Planning Inspectorate,2024 Starmer Labour government,,,
https://www.gov.uk/guidance/d3-waste-exemption-depositing-waste-from-a-portable-sanitary-convenience,D3: depositing waste from a portable toilet,detailed_guide,876ec179-5414-4799-a937-a5a53a00faca,en,whitehall,2019-09-11T23:00:00.000Z,2025-07-01T08:30:02.000Z,,,18,"Environment,GOV.UK homepage,Waste exemptions,Waste and recycling,Environmental permits",Environment Agency,Environment Agency,2019 to 2022 Johnson Conservative government,,,
https://www.gov.uk/guidance/rights-of-way-order-information-decisions-and-maps-published-in-2026,Rights of way order information: Decisions and maps published in 2026,detailed_guide,df12bf87-7c32-4208-be97-05f9e7021f8c,en,whitehall,2026-01-19T09:47:00.000Z,2026-02-18T14:25:26.000Z,,,18,"GOV.UK homepage,Countryside,Environment,Rural and countryside,Access to the countryside",Planning Inspectorate,Planning Inspectorate,2024 Starmer Labour government,,,
https://www.gov.uk/guidance/importing-and-exporting-waste-plastic,Importing and exporting waste plastic,detailed_guide,e7401c83-f73b-40cd-afef-2fae98215d1e,en,whitehall,2020-12-30T00:00:00.000Z,2021-10-04T15:17:03.000Z,,,18,"Environment,Waste and recycling,Waste and environmental impact,Business and the environment,GOV.UK homepage,Business and industry",Environment Agency,Environment Agency,2019 to 2022 Johnson Conservative government,,,
https://www.gov.uk/guidance/apply-to-renew-a-water-abstraction-licence,Renew a water abstraction licence,detailed_guide,9a78458c-df53-41d7-8e5d-e6d5bbf694d8,en,whitehall,2018-07-11T23:00:00.000Z,2024-03-26T15:50:20.000Z,,,18,"Water management,Environment,GOV.UK homepage,Abstract (take) water",Environment Agency,Environment Agency,2016 to 2019 May Conservative government,,,
https://www.gov.uk/guidance/report-a-simpler-recycling-non-compliance,Report a Simpler Recycling non-compliance,detailed_guide,d9028536-b628-478b-adfe-36358690bc50,en,whitehall,2025-05-27T14:05:35.000Z,2025-05-27T14:05:35.000Z,,,17,"GOV.UK homepage,Waste and recycling,Environment,Waste management",Environment Agency,"Environment Agency,Department for Environment, Food & Rural Affairs",2024 Starmer Labour government,,,
https://www.gov.uk/guidance/planning-applications-affecting-trees-and-woodland,Planning applications affecting trees and woodland,detailed_guide,d4d85c11-706c-44a4-a9ff-948de460c21f,en,whitehall,2018-07-09T13:00:00.000Z,2020-04-20T13:16:00.000Z,,,17,"Environment,Rural and countryside,Forests and woodland,GOV.UK homepage",Forestry Commission,Forestry Commission,2016 to 2019 May Conservative government,,,
https://www.gov.uk/guidance/waste-exemption-u12-using-mulch,U12: using mulch,detailed_guide,5f4d6c81-7631-11e4-a3cb-005056011aef,en,whitehall,2014-04-27T23:00:00.000Z,2026-01-27T09:30:02.000Z,,,17,"Waste exemptions,GOV.UK homepage,Environment,Environmental permits,Waste and recycling",Environment Agency,Environment Agency,2010 to 2015 Conservative and Liberal Democrat coalition government,,,
https://www.gov.uk/guidance/energy-performance-of-buildings-certificates-notes-and-definitions,Energy Performance of Buildings Certificates: notes and definitions,detailed_guide,5f52aeea-7631-11e4-a3cb-005056011aef,en,whitehall,2014-04-30T08:32:00.000Z,2021-05-25T14:02:51.000Z,,,17,"GOV.UK homepage,Environment,Climate change and energy,Planning and building,Housing, local and community","Ministry of Housing, Communities and Local Government","Ministry of Housing, Communities and Local Government,Ministry of Housing, Communities & Local Government (2018 to 2021),Department for Levelling Up, Housing and Communities ",2010 to 2015 Conservative and Liberal Democrat coalition government,,,
https://www.gov.uk/guidance/animal-by-products-how-to-burn-them-at-an-incinerator-site,Animal by-products: how to burn them at an incinerator site,detailed_guide,5fdd6c0a-7631-11e4-a3cb-005056011aef,en,whitehall,2014-09-05T12:18:00.000Z,2019-07-24T12:33:06.000Z,,,17,"Environment,Wildlife, animals, biodiversity and ecosystems,GOV.UK homepage","Department for Environment, Food & Rural Affairs","Department for Environment, Food & Rural Affairs,Animal and Plant Health Agency",2010 to 2015 Conservative and Liberal Democrat coalition government,,,
https://www.gov.uk/guidance/fees-for-variety-listing-and-plant-breeders-rights,Fees for variety listing and plant breeders’ rights,detailed_guide,fe9c3bb1-773d-4577-96a0-21bba5268856,en,whitehall,2022-02-09T00:00:00.000Z,2025-12-16T11:46:32.000Z,,,17,"Producing and distributing food,Environment,GOV.UK homepage,Crops and horticulture ,Food and farming",Animal and Plant Health Agency,Animal and Plant Health Agency,2019 to 2022 Johnson Conservative government,,,
https://www.gov.uk/guidance/bse,BSE: how to spot and report the disease,detailed_guide,61a8ab8e-75ae-49fa-9e64-d985bef32147,en,whitehall,2015-06-01T23:00:00.000Z,2025-11-25T13:53:53.000Z,,,17,"Environment,GOV.UK homepage,Food and farming","Department for Environment, Food & Rural Affairs","Department for Environment, Food & Rural Affairs,Animal and Plant Health Agency",2015 to 2016 Cameron Conservative government,,,
https://www.gov.uk/guidance/gamebirds-licences-to-release-them,Gamebirds: licences to release them,detailed_guide,f7abf664-9701-4fae-87ff-e7da5397600e,en,whitehall,2024-03-22T00:00:00.000Z,2025-05-09T11:00:00.000Z,,,17,"GOV.UK homepage,Wildlife, animals, biodiversity and ecosystems,Environment,Biodiversity and ecosystems","Department for Environment, Food & Rural Affairs","Department for Environment, Food & Rural Affairs,Natural England",2022 to 2024 Sunak Conservative government,,,
https://www.gov.uk/guidance/hydrogen-combustion-comply-with-emission-limit-values,Hydrogen combustion: comply with emission limit values,detailed_guide,b583ec2f-1e21-44b8-8872-66f8100b17b5,en,whitehall,2024-10-13T23:00:00.000Z,2024-10-21T13:37:06.000Z,,,17,"Business and industry,GOV.UK homepage,Energy infrastructure,Business regulation,Energy industry and infrastructure licensing and regulation,Low carbon technologies,Environment,Environmental permits",Environment Agency,"Environment Agency,Natural Resources Wales,Department of the Environment (Northern Ireland),The Scottish Government",2024 Starmer Labour government,,,
https://www.gov.uk/guidance/report-and-record-cattle-deaths-on-the-holding,Report and record cattle that die on a holding,detailed_guide,5f20e449-7631-11e4-a3cb-005056011aef,en,whitehall,2014-05-05T23:00:00.000Z,2022-11-08T09:15:59.000Z,,,17,"Cattle deaths,Environment,Food and farming,GOV.UK homepage,Keeping farmed animals",British Cattle Movement Service,"British Cattle Movement Service,Rural Payments Agency",2010 to 2015 Conservative and Liberal Democrat coalition government,,,
https://www.gov.uk/guidance/the-beef-carcase-classification-scheme-classify-carcases,The Beef Carcase Classification scheme: classify carcases,detailed_guide,5f20d7c4-7631-11e4-a3cb-005056011aef,en,whitehall,2014-03-31T16:26:00.000Z,2021-01-01T00:15:03.000Z,,,17,"Producing and distributing food,GOV.UK homepage,Food and farming,Meat production,Environment",Rural Payments Agency,Rural Payments Agency,2010 to 2015 Conservative and Liberal Democrat coalition government,,,
https://www.gov.uk/guidance/vehicle-and-oily-wastes-how-to-classify,Vehicle and oily wastes: how to classify,detailed_guide,069f4199-3bdd-4896-a0d7-392d5575ba90,en,whitehall,2014-03-21T00:00:00.000Z,2025-08-14T10:04:42.000Z,,,17,"Waste management,Driving and road transport,Business and industry,Waste and environmental impact,Transport,Buying, selling, registering and scrapping a vehicle,Vehicle ownership, approval and standards,Business and the environment,GOV.UK homepage,Waste and recycling,Environment",Environment Agency,"Environment Agency,Department for Environment, Food & Rural Affairs",2010 to 2015 Conservative and Liberal Democrat coalition government,,,
https://www.gov.uk/guidance/waste-batteries-treat-recycle-and-export,"Waste batteries: treat, recycle and export",detailed_guide,5f662077-7631-11e4-a3cb-005056011aef,en,whitehall,2014-06-25T23:00:00.000Z,2024-08-15T12:00:30.000Z,,,17,"Business and the environment,Waste and recycling,Radioactive and nuclear substances and waste,Environment,Business and industry,GOV.UK homepage",Environment Agency,Environment Agency,2010 to 2015 Conservative and Liberal Democrat coalition government,,,
https://www.gov.uk/claim-for-subsidence-damage-caused-by-coal-mining,Claim for subsidence damage caused by coal mining,answer,6f9d1063-371c-47b1-a6e6-e10262c8c919,en,publisher,2014-09-10T17:19:15.000Z,2024-11-29T18:03:51.817Z,,,17,"Coal,Oil, gas and coal,Environment,Energy infrastructure,Property and development,GOV.UK homepage,Housing, local and community,Owning and renting a property,Housing and communities",Government Digital Service,Mining Remediation Authority,,,,
https://www.gov.uk/guidance/gdf-geological-disposal-facility,GDF (Geological Disposal Facility),detailed_guide,1fc18531-52c2-44d8-b75c-6f912fb626e9,en,whitehall,2022-01-31T00:00:00.000Z,2022-01-31T00:00:00.000Z,,,17,"Environment,Scientific research and development,Science and innovation,Waste management,GOV.UK homepage,Waste and recycling,Business and industry,Corporate information,Radioactive and nuclear substances and waste",Nuclear Waste Services,Nuclear Waste Services,2019 to 2022 Johnson Conservative government,,,
https://www.gov.uk/guidance/local-planning-authorities-get-environmental-advice,Planning and transport authorities: get environmental advice on planning,detailed_guide,daec1c8f-351c-4391-8215-3370f630d4de,en,whitehall,2015-03-29T00:00:00.000Z,2023-12-06T16:17:20.000Z,,,17,"Environmental planning,Protected sites and species,Land sites,Planning and building,Housing, local and community,Environment,Wildlife, animals, biodiversity and ecosystems,GOV.UK homepage",Environment Agency,"Environment Agency,Natural England,Department for Environment, Food & Rural Affairs",2010 to 2015 Conservative and Liberal Democrat coalition government,,,
https://www.gov.uk/guidance/manage-your-land-on-the-england-coast-path,King Charles III England Coast Path: manage your land in the coastal margin,detailed_guide,5fed128f-7631-11e4-a3cb-005056011aef,en,whitehall,2014-10-01T23:00:00.000Z,2025-11-06T10:51:13.000Z,,,17,"Environment,GOV.UK homepage,Rural and countryside,Food and farming,Access to the countryside,Countryside",Natural England,"Natural England,Department for Environment, Food & Rural Affairs",2010 to 2015 Conservative and Liberal Democrat coalition government,,,
https://www.gov.uk/guidance/farm-animals-looking-after-their-welfare,Farm animals: looking after their welfare,detailed_guide,6438d897-8800-4f5d-8914-d34ae0b2cfb8,en,whitehall,2015-10-14T23:00:00.000Z,2023-08-15T14:53:01.000Z,,,17,"Animal and plant health,Wildlife, animals, biodiversity and ecosystems,Food and farming,Environment,Animal welfare,GOV.UK homepage","Department for Environment, Food & Rural Affairs","Department for Environment, Food & Rural Affairs",2015 to 2016 Cameron Conservative government,,,
https://www.gov.uk/guidance/export-live-fish-and-shellfish-for-aquaculture-and-ornamental,Exporting or moving live fish and shellfish,detailed_guide,6f728758-da05-464e-a24d-f1e2846575c4,en,whitehall,2019-03-28T15:46:00.000Z,2026-02-09T11:13:24.000Z,,,17,"Animal and plant health,Wildlife, animals, biodiversity and ecosystems,Environment,GOV.UK homepage","Centre for Environment, Fisheries and Aquaculture Science","Centre for Environment, Fisheries and Aquaculture Science,Department for Environment, Food & Rural Affairs,Animal and Plant Health Agency",2016 to 2019 May Conservative government,,,
https://www.gov.uk/guidance/atp-rules-on-carrying-perishable-foodstuffs-in-road-vehicles,Get a vehicle approved to transport perishable food in or out of the UK by road,detailed_guide,5d5e0cc5-7631-11e4-a3cb-005056011aef,en,whitehall,2013-02-07T14:49:00.000Z,2026-01-29T15:18:21.000Z,,,17,"Driving and road transport,Producing and distributing food,Transport,Trade and investment,Food and farming,GOV.UK homepage,Vehicle ownership, approval and standards,Import, export and distribution of food,Importing,Professional driving of lorries, buses and coaches,Exporting,Environment,EU and international driving rules,HGV standards and checks,Vehicle manufacturing and modification,Business and industry,Freight, haulage and cargo,Road haulage",Driver and Vehicle Standards Agency,Driver and Vehicle Standards Agency,2010 to 2015 Conservative and Liberal Democrat coalition government,,,
https://www.gov.uk/guidance/clean-an-oil-spill-at-sea-and-get-oil-spill-treatments-approved,Oil Spills at Sea,detailed_guide,5f536528-7631-11e4-a3cb-005056011aef,en,whitehall,2014-06-10T23:00:00.000Z,2025-02-26T16:47:53.000Z,,,17,"Environment,Marine environment,Oil, gas and coal,Energy infrastructure,Oil spills,GOV.UK homepage,Marine,Government,Emergency preparation, response and recovery,Pollution and environmental quality",Marine Management Organisation,Marine Management Organisation,2010 to 2015 Conservative and Liberal Democrat coalition government,,,
https://www.gov.uk/guidance/apply-to-change-marketing-authorisation-holder-distributor-or-local-representative-details,"Marketing Authorisation Holders, Named Distributors and Local Representatives of veterinary medicines",detailed_guide,a59bb623-239f-4b01-9e6f-088edaca0049,en,whitehall,2016-12-19T00:00:00.000Z,2026-02-02T09:26:12.000Z,,,16,"Environment,Wildlife, animals, biodiversity and ecosystems,GOV.UK homepage",Veterinary Medicines Directorate,Veterinary Medicines Directorate,2016 to 2019 May Conservative government,,,
https://www.gov.uk/guidance/request-a-map-from-the-forestry-commission,Request a map from the Forestry Commission,detailed_guide,d2b2dc55-f159-446e-8ce0-221f71ca0ea5,en,whitehall,2018-07-09T14:00:00.000Z,2018-07-09T14:00:00.000Z,,,16,"Environment,GOV.UK homepage,Forests and woodland,Rural and countryside",Forestry Commission,Forestry Commission,2016 to 2019 May Conservative government,,,
https://www.gov.uk/guidance/banned-f-gas-for-refilling-equipment,Banned F gas for refilling equipment,detailed_guide,4509c377-9c12-4829-af15-5abb9ef485a7,en,whitehall,2019-08-21T07:09:00.000Z,2023-07-17T10:58:52.000Z,,,16,"Chemicals,F-gases and HCFCs,Greenhouse gas emissions,Environment,Climate change and energy,GOV.UK homepage",Environment Agency,"Environment Agency,Department for Environment, Food & Rural Affairs",2019 to 2022 Johnson Conservative government,,,
https://www.gov.uk/guidance/keeping-horses-commercially,Keeping horses commercially,detailed_guide,cd4d2e2f-e268-43fa-8c64-acc31abedd81,en,whitehall,2023-02-07T16:32:55.000Z,2023-02-07T16:32:55.000Z,,,16,"Keeping farmed animals,Environment,Food and farming,GOV.UK homepage","Department for Environment, Food & Rural Affairs","Department for Environment, Food & Rural Affairs",2022 to 2024 Sunak Conservative government,,,
https://www.gov.uk/guidance/farmed-animal-welfare-at-shows-and-markets,Livestock at farm shows and markets: welfare regulations,detailed_guide,5c721118-7631-11e4-a3cb-005056011aef,en,whitehall,2012-08-28T23:00:00.000Z,2023-12-31T23:59:00.000Z,,,16,"Keeping farmed animals,Food and farming,Wildlife, animals, biodiversity and ecosystems,GOV.UK homepage,Shows, fairs and markets,Environment","Department for Environment, Food & Rural Affairs","Department for Environment, Food & Rural Affairs",2010 to 2015 Conservative and Liberal Democrat coalition government,,,
https://www.gov.uk/guidance/fcerm-appraisal-guidance,FCERM appraisal guidance,detailed_guide,042785f5-a99e-40b0-acc8-55c53c7d7048,en,whitehall,2021-09-02T12:38:00.000Z,2022-05-17T10:59:47.000Z,,,16,"River maintenance, flooding and coastal erosion,GOV.UK homepage,Environment",Environment Agency,Environment Agency,2019 to 2022 Johnson Conservative government,,,
https://www.gov.uk/guidance/extreme-weather-guidance-for-farmers-and-land-managers,Extreme weather guidance for farmers and land managers,detailed_guide,a70d42e5-f9ec-43b0-a2d0-1290ee31b066,en,whitehall,2023-10-19T23:00:00.000Z,2025-10-09T13:59:58.000Z,,,16,"Farming and food grants and payments,GOV.UK homepage,Rural grants and payments,Food and farming,Environment",Rural Payments Agency,Rural Payments Agency,2022 to 2024 Sunak Conservative government,,,
https://www.gov.uk/guidance/uk-tariff-rate-quotas-2025,UK tariff rate quotas 2025,detailed_guide,3d7a3c75-9b93-4694-a8f8-b1d4ec2363d6,en,whitehall,2024-12-18T00:00:00.000Z,2026-01-21T09:12:01.000Z,,,16,"GOV.UK homepage,Environment,Producing and distributing food,Import, export and distribution of food,Food and farming",Rural Payments Agency,Rural Payments Agency,2024 Starmer Labour government,,,
https://www.gov.uk/guidance/nuclear-sites-rsr-environmental-permits,Nuclear sites RSR: environmental permits,detailed_guide,49ca27ed-a01b-4321-8863-c7052bced24f,en,whitehall,2021-12-02T00:00:00.000Z,2025-04-15T09:53:52.000Z,,,16,"Waste and recycling,Radioactive and nuclear substances and waste,Business regulation,Business and industry,Environmental permits,Business and the environment,Environment,GOV.UK homepage",Environment Agency,Environment Agency,2019 to 2022 Johnson Conservative government,,,
https://www.gov.uk/guidance/monitoring-ambient-air-monitoring-strategy,Monitoring ambient air: monitoring strategy,detailed_guide,c838f3fc-42d5-4249-80be-5dd568a96fb0,en,whitehall,2024-09-09T23:00:00.000Z,2024-09-09T23:00:00.000Z,,,16,"GOV.UK homepage,Pollution and environmental quality,Environment",Environment Agency,Environment Agency,2024 Starmer Labour government,,,
https://www.gov.uk/guidance/schedule-14-decisions-in-2023,"Schedule 14 decisions in 2023, 2024, 2025 and 2026",detailed_guide,1a14b81e-27c7-4d0b-b92c-758d3991f2dc,en,whitehall,2023-01-05T00:00:00.000Z,2026-01-29T10:11:22.000Z,,,16,"Environment,Housing, local and community,Access to the countryside,Countryside,GOV.UK homepage,Rural and countryside",Planning Inspectorate,Planning Inspectorate,2022 to 2024 Sunak Conservative government,,,
https://www.gov.uk/guidance/knackers-yards-and-farms-restraining-stunning-killing-animals,"Knacker's yards and farms: restraining, stunning and killing animals",detailed_guide,7989c691-7c0d-4f8a-9138-d7aaf4d2538c,en,whitehall,2015-10-16T14:23:00.000Z,2023-06-05T09:38:54.000Z,,,16,"Food and farming,Environment,GOV.UK homepage","Department for Environment, Food & Rural Affairs","Department for Environment, Food & Rural Affairs",2015 to 2016 Cameron Conservative government,,,
https://www.gov.uk/guidance/wild-birds-surveys-and-monitoring-for-onshore-wind-farms,Wild birds: surveys and monitoring for onshore wind farms,detailed_guide,b07c8702-f7d7-4e04-ae37-8303326812d4,en,whitehall,2015-06-09T08:50:00.000Z,2015-06-09T08:50:00.000Z,,,16,"Birds,Planning and building,Wildlife and habitat conservation,Housing, local and community,Wildlife, animals, biodiversity and ecosystems,Environment,GOV.UK homepage,Environmental planning",Natural England,"Natural England,Department for Environment, Food & Rural Affairs",2015 to 2016 Cameron Conservative government,,,
https://www.gov.uk/guidance/common-land-notices-and-decisions-published-in-2023-2024-and-2025,"Common land notices and decisions published in 2023, 2024, 2025 and 2026",detailed_guide,1a773002-2b26-4e40-bc01-438bb85ce74a,en,whitehall,2023-01-19T00:00:00.000Z,2026-02-18T08:33:15.000Z,,,16,"Countryside,GOV.UK homepage,Environment,Rural and countryside,Access to the countryside",Planning Inspectorate,Planning Inspectorate,2022 to 2024 Sunak Conservative government,,,
https://www.gov.uk/preventing-air-pollution/boilers-and-furnaces,Preventing air pollution: Boilers and furnaces,guide,d9ab91f4-f3f2-434d-80da-4f9bed15fd33,en,publisher,2012-09-13T12:24:45.000Z,2016-05-04T16:28:33.405Z,,,15,"Waste and environmental impact,Waste and recycling,GOV.UK homepage,Environment",Government Digital Service,Environment Agency,,,,
https://www.gov.uk/guidance/placing-non-medicinal-veterinary-products-on-the-market-use-of-specific-words-and-phrases,Placing non-medicinal veterinary products on the market - use of specific words and phrases,detailed_guide,15231617-6c95-4530-8acd-6ac0bc22b58c,en,whitehall,2026-01-14T00:00:00.000Z,2026-01-14T00:00:00.000Z,,,15,"Wildlife, animals, biodiversity and ecosystems,GOV.UK homepage,Animal and plant health,Environment",Veterinary Medicines Directorate,Veterinary Medicines Directorate,2024 Starmer Labour government,,,
https://www.gov.uk/guidance/animal-test-certificates,Animal Test Certificates,detailed_guide,902dfcc5-8847-4240-a493-25d15debaf42,en,whitehall,2015-12-24T00:00:00.000Z,2024-12-20T13:13:13.000Z,,,15,"Wildlife, animals, biodiversity and ecosystems,Food and farming,GOV.UK homepage,Animal and plant health,Environment",Veterinary Medicines Directorate,Veterinary Medicines Directorate,2015 to 2016 Cameron Conservative government,,,
https://www.gov.uk/guidance/managing-your-climate-change-agreement-cca,Managing a climate change agreement (CCA),detailed_guide,5f1b4d20-7631-11e4-a3cb-005056011aef,en,whitehall,2014-04-08T23:00:00.000Z,2025-02-20T11:23:36.000Z,,,15,"Climate change and energy,GOV.UK homepage,Environment",Environment Agency,Environment Agency,2010 to 2015 Conservative and Liberal Democrat coalition government,,,
https://www.gov.uk/guidance/buy-or-hire-an-ivory-item,Buy or hire ivory items,detailed_guide,2f7d9fc4-f3cd-47cc-9f89-9b630066cd1e,en,whitehall,2022-02-24T00:00:00.000Z,2025-01-28T00:05:01.000Z,,,15,"GOV.UK homepage,Wildlife and habitat conservation,Environment,Wildlife, animals, biodiversity and ecosystems","Department for Environment, Food & Rural Affairs","Department for Environment, Food & Rural Affairs,Animal and Plant Health Agency",2019 to 2022 Johnson Conservative government,,,
https://www.gov.uk/guidance/move-plants-and-seeds-from-great-britain-to-northern-ireland-using-ni-plant-health-labels,Move plants and seeds from Great Britain to Northern Ireland using NI plant health labels,detailed_guide,1eb558b6-9af7-4200-851a-3380f221c81f,en,whitehall,2025-02-20T09:00:00.000Z,2025-02-20T09:00:00.000Z,,,15,"Producing and distributing food,Environment,Wildlife, animals, biodiversity and ecosystems,Crops and horticulture ,Animal and plant health,Food and farming,GOV.UK homepage","Department for Environment, Food & Rural Affairs","Department for Environment, Food & Rural Affairs",2024 Starmer Labour government,,,
https://www.gov.uk/guidance/exporting-or-moving-high-risk-food-and-feed-of-non-animal-origin-to-the-eu-or-northern-ireland,Exporting or moving high risk food and feed of non-animal origin to the EU or Northern Ireland,detailed_guide,c3e8657d-1e28-48b3-a114-6312a577f30b,en,whitehall,2020-12-17T13:43:00.000Z,2021-09-07T16:01:01.000Z,,,15,"Environment,GOV.UK homepage,Government,Brexit,Food and farming,Import, export and distribution of food,Producing and distributing food","Department for Environment, Food & Rural Affairs","Department for Environment, Food & Rural Affairs",2019 to 2022 Johnson Conservative government,,,
https://www.gov.uk/guidance/opt-out-of-the-uk-ets-if-your-installation-is-a-hospital-or-small-emitter,UK ETS: Hospital and Small Emitter status,detailed_guide,b3408c8d-778c-4aec-9617-f37b6e71b067,en,whitehall,2021-06-30T23:00:00.000Z,2025-10-15T16:00:01.000Z,,,15,"GOV.UK homepage,Climate change and energy,Emissions and emissions trading,Environment",Department for Energy Security and Net Zero,Department for Energy Security and Net Zero,2019 to 2022 Johnson Conservative government,,,
https://www.gov.uk/guidance/rural-payments-use-add-land-service-to-link-registered-land-to-your-business,Rural payments: use 'add land' service to link registered land to your business,detailed_guide,02d4b96e-01de-4409-9a42-bf026a0152c5,en,whitehall,2024-07-17T14:05:28.000Z,2024-07-17T14:05:28.000Z,,,15,"Farming and food grants and payments,GOV.UK homepage,Rural grants and payments,Environment,Food and farming",Rural Payments Agency,Rural Payments Agency,2024 Starmer Labour government,,,
https://www.gov.uk/guidance/tree-planting-and-woodland-creation-resources,Tree planting and woodland creation resources,detailed_guide,3cdb2a6f-4d9a-4f7c-8041-1ed7f2d4c235,en,whitehall,2025-05-21T14:30:13.000Z,2025-05-21T14:30:13.000Z,,,15,"Rural and countryside,Forests and woodland,Environment,GOV.UK homepage",Forestry Commission,Forestry Commission,2024 Starmer Labour government,,,
https://www.gov.uk/guidance/non-hazardous-waste-treatment-and-disposal,Non-hazardous waste: treatment and disposal,detailed_guide,5c71db61-7631-11e4-a3cb-005056011aef,en,whitehall,2012-08-21T23:00:00.000Z,2023-12-31T23:59:00.000Z,,,15,"Food and farming,Waste exemptions,GOV.UK homepage,Environmental permits,Environment","Department for Environment, Food & Rural Affairs","Department for Environment, Food & Rural Affairs",2010 to 2015 Conservative and Liberal Democrat coalition government,,,
https://www.gov.uk/report-wreck-material,Report wreck material,guide,c309646b-521e-4225-b9e6-d92eac23132f,en,publisher,2012-01-18T10:04:51.000Z,2018-02-15T13:10:15.328Z,,,15,"Treasure and wrecks,GOV.UK homepage,Environment,Marine",Government Digital Service,"Department for Transport,Maritime and Coastguard Agency",,,,
https://www.gov.uk/guidance/waste-incinerator-plant-apply-for-ri-status,Waste incinerator plant: apply for R1 status,detailed_guide,d32a0cf7-87a9-4a6d-a0f3-9e91827a151a,en,whitehall,2016-10-03T23:00:00.000Z,2026-02-11T10:06:41.000Z,,,15,"GOV.UK homepage,Waste and recycling,Environment",Environment Agency,Environment Agency,2016 to 2019 May Conservative government,,,
https://www.gov.uk/guidance/apha-plant-health-surveillance-programme,APHA plant health surveillance programme,detailed_guide,01fe88e8-9f00-44c0-8577-5b6fa4cf2e83,en,whitehall,2025-03-21T15:39:59.000Z,2025-03-21T15:39:59.000Z,,,15,"GOV.UK homepage,Wildlife, animals, biodiversity and ecosystems,Environment,Animal and plant health",Animal and Plant Health Agency,Animal and Plant Health Agency,2024 Starmer Labour government,,,
https://www.gov.uk/guidance/report-illegal-animal-medicines,Report illegal animal medicines,detailed_guide,60324f59-7631-11e4-a3cb-005056011aef,en,whitehall,2014-11-25T00:00:00.000Z,2025-06-20T11:22:17.000Z,,,15,"GOV.UK homepage,Wildlife, animals, biodiversity and ecosystems,Environment",Veterinary Medicines Directorate,Veterinary Medicines Directorate,2010 to 2015 Conservative and Liberal Democrat coalition government,,,
https://www.gov.uk/guidance/small-modular-reactors-competitive-technology-selection-process,Small Modular Reactors: technology selection process,detailed_guide,67717583-e06e-4a02-81e0-a5271b49dcaf,en,whitehall,2023-07-17T23:00:00.000Z,2025-06-10T08:28:57.000Z,,,15,"Environment,Energy infrastructure,GOV.UK homepage",Great British Energy – Nuclear,"Great British Energy – Nuclear,Great British Nuclear",2022 to 2024 Sunak Conservative government,,,
https://www.gov.uk/guidance/new-nuclear-power-stations-assessing-reactor-designs,New nuclear power stations: assessing reactor designs,detailed_guide,6e3d3768-aaf0-465b-825c-179b152a4c76,en,whitehall,2019-11-01T00:00:00.000Z,2025-12-11T09:45:02.000Z,,,15,"Low carbon technologies,Energy infrastructure,Environment,Business and industry,Waste and recycling,Radioactive and nuclear substances and waste,Energy industry and infrastructure licensing and regulation,Business and the environment,GOV.UK homepage,Business regulation",Environment Agency,Environment Agency,2019 to 2022 Johnson Conservative government,,,
https://www.gov.uk/guidance/bottled-drinking-water-how-to-produce-and-label,Bottled drinking water: how to produce and label,detailed_guide,75d61445-835b-4171-9e84-51dbc78ed7a6,en,whitehall,2020-05-27T23:00:00.000Z,2020-05-27T23:00:00.000Z,,,15,"Environment,Food and farming,Food labelling and safety,GOV.UK homepage,Producing and distributing food","Department for Environment, Food & Rural Affairs","Department for Environment, Food & Rural Affairs",2019 to 2022 Johnson Conservative government,,,
https://www.gov.uk/guidance/landscape-and-seascape-character-assessments,Landscape and seascape character assessments,detailed_guide,5feae7b3-7631-11e4-a3cb-005056011aef,en,whitehall,2014-10-02T15:44:00.000Z,2014-10-02T15:44:00.000Z,,,15,"Marine,Rural and countryside,GOV.UK homepage,Planning and building,Landscape,Rural development and land management,Marine environment,Housing, local and community,Environment",Natural England,"Natural England,Department for Environment, Food & Rural Affairs",2010 to 2015 Conservative and Liberal Democrat coalition government,,,
https://www.gov.uk/guidance/prevent-groundwater-pollution-from-solvents,Prevent groundwater pollution from solvents,detailed_guide,6e16ecd1-6a12-4a76-a37e-f63cc443f264,en,whitehall,2016-02-11T16:50:26.000Z,2016-02-11T16:50:26.000Z,,,15,"GOV.UK homepage,Water management,Groundwater,Environment","Department for Environment, Food & Rural Affairs","Department for Environment, Food & Rural Affairs,Environment Agency",2015 to 2016 Cameron Conservative government,,,
https://www.gov.uk/guidance/bluetongue-serotype-3-btv-3-vaccine-information-for-keepers,Bluetongue serotype 3 (BTV-3) vaccine: information for keepers,detailed_guide,fce2f017-6b0c-4bb3-8262-ab4fba574892,en,whitehall,2024-09-30T23:00:00.000Z,2025-07-31T15:11:03.000Z,,,15,"GOV.UK homepage,Reporting disease and disease outbreaks,Food and farming,Environment,Veterinary medicines,Keeping farmed animals,Cattle deaths","Department for Environment, Food & Rural Affairs","Department for Environment, Food & Rural Affairs",2024 Starmer Labour government,,,
https://www.gov.uk/guidance/import-eggs-to-great-britain,Import eggs to Great Britain,detailed_guide,2c57c4cb-7658-4f17-a8bb-888470527d35,en,whitehall,2023-02-16T00:00:00.000Z,2024-04-29T23:01:03.000Z,,,15,"Business and industry,Import, export and distribution of food,Food labelling and safety,Trade and investment,Environment,Food and farming,Importing,GOV.UK homepage,Import controls,Animal and plant health,Producing and distributing food,Wildlife, animals, biodiversity and ecosystems","Department for Environment, Food & Rural Affairs","Department for Environment, Food & Rural Affairs",2022 to 2024 Sunak Conservative government,,,
https://www.gov.uk/guidance/register-as-a-professional-operator-to-issue-plant-passports,"Register as a professional operator to trade in wood, issue plant passports and apply ISPM15 marking",detailed_guide,22454250-7a3f-4520-9b4e-a8256dcc82f2,en,whitehall,2019-12-18T00:00:00.000Z,2023-06-22T14:06:27.000Z,,,14,"Import controls,Importing,GOV.UK homepage,Rural and countryside,Trade and investment,Environment,Wood packaging,Business and industry,Forests and woodland",Forestry Commission,Forestry Commission,2019 to 2022 Johnson Conservative government,,,
https://www.gov.uk/guidance/oil-and-gas-eems-database,Oil and gas: EEMS database,detailed_guide,5c8416a8-7631-11e4-a3cb-005056011aef,en,whitehall,2013-01-22T00:00:00.000Z,2024-02-16T09:53:34.000Z,,,14,"Environment,Climate change and energy,GOV.UK homepage,Energy infrastructure,Oil, gas and coal",Department for Energy Security and Net Zero,"Department for Energy Security and Net Zero,Offshore Petroleum Regulator for Environment and Decommissioning,Department for Business, Energy & Industrial Strategy",2010 to 2015 Conservative and Liberal Democrat coalition government,,,
https://www.gov.uk/guidance/dredging,Dredging,detailed_guide,ab93c10a-e8d4-41dd-adf6-f330ad3dea19,en,whitehall,2019-05-29T23:00:00.000Z,2019-05-29T23:00:00.000Z,,,14,"Marine,GOV.UK homepage,Marine licences,Environment",Marine Management Organisation,Marine Management Organisation,2016 to 2019 May Conservative government,,,
https://www.gov.uk/guidance/product-literature-standard-pls-for-veterinary-medicinal-products,Product Literature Standard (PLS) for veterinary medicines,detailed_guide,32e6dc19-ffcc-48e8-a675-87639bc91ff9,en,whitehall,2021-03-15T00:00:00.000Z,2026-02-02T09:26:28.000Z,,,14,"Animal and plant health,Wildlife and animal welfare,Environment,Animal welfare,Wildlife, animals, biodiversity and ecosystems,Pets,GOV.UK homepage",Veterinary Medicines Directorate,Veterinary Medicines Directorate,2019 to 2022 Johnson Conservative government,,,
https://www.gov.uk/guidance/plans-for-the-2025-bluefin-tuna-bft-catch-and-release-recreational-fisheries-crrf-within-uk-waters,Plans for the 2025 Bluefin tuna (BFT) catch and release recreational fisheries (CRRF) within UK waters,detailed_guide,fb79762a-6fb1-4a5e-9b16-8acab4835adc,en,whitehall,2025-05-05T23:00:00.000Z,2025-07-21T08:29:52.000Z,,,14,"GOV.UK homepage,Environment,Sea fishing,Marine",Marine Management Organisation,Marine Management Organisation,2024 Starmer Labour government,,,
https://www.gov.uk/guidance/critical-uses-of-halons,Critical uses of halons,detailed_guide,d0efd693-f4eb-4a28-a2a3-624bbe377a83,en,whitehall,2019-02-07T00:00:00.000Z,2024-01-16T16:28:38.000Z,,,14,"Climate change and energy,Chemicals,F-gases and HCFCs,Greenhouse gas emissions,Environment,GOV.UK homepage",Environment Agency,"Environment Agency,Department for Environment, Food & Rural Affairs",2016 to 2019 May Conservative government,,,
https://www.gov.uk/guidance/echinococcus-multilocularis-how-to-spot-and-report-the-disease,Echinococcus multilocularis: how to spot and report the disease,detailed_guide,30c30e7e-999d-40ab-b8d1-72e29b7529ad,en,whitehall,2019-03-14T17:39:00.000Z,2021-01-27T09:11:08.000Z,,,14,"GOV.UK homepage,Animal and plant health,Pets,Wildlife, animals, biodiversity and ecosystems,Environment","Department for Environment, Food & Rural Affairs","Department for Environment, Food & Rural Affairs,Animal and Plant Health Agency",2016 to 2019 May Conservative government,,,
https://www.gov.uk/guidance/home-extensions-and-improvements-in-former-coal-mining-areas,Home extensions and improvements in former coal mining areas,detailed_guide,33138553-32b8-450b-ac4a-9aef4f7bf72a,en,whitehall,2025-11-10T10:10:00.000Z,2025-11-10T10:10:00.000Z,,,14,"Energy infrastructure,Environment,Property and development,GOV.UK homepage,Oil, gas and coal,Coal",Mining Remediation Authority,Mining Remediation Authority,2024 Starmer Labour government,,,
https://www.gov.uk/guidance/enforcement-policy-for-animal-medicines,Enforcement policy for animal medicines,detailed_guide,71e50745-8a6f-4380-a048-5c19fa96fdca,en,whitehall,2022-08-16T23:00:00.000Z,2024-05-17T10:00:23.000Z,,,14,"Animal welfare,GOV.UK homepage,Wildlife, animals, biodiversity and ecosystems,Wildlife and animal welfare,Environment,Pets,Animal and plant health",Veterinary Medicines Directorate,Veterinary Medicines Directorate,2019 to 2022 Johnson Conservative government,,,
https://www.gov.uk/guidance/reservoirs-how-to-manage-your-large-raised-reservoir,Reservoirs: How to manage your large raised reservoir,detailed_guide,5ffb9c3a-0ab8-4f7b-9fb6-cada3e4c13b5,en,whitehall,2024-07-24T23:00:00.000Z,2025-09-08T15:44:21.000Z,,,14,"Environment,GOV.UK homepage,River maintenance, flooding and coastal erosion",Environment Agency,Environment Agency,2024 Starmer Labour government,,,
https://www.gov.uk/guidance/managing-people-and-public-access-in-your-woodland,Managing people and public access in your woodland,detailed_guide,342b3286-57e9-44a2-ad0b-118184615945,en,whitehall,2025-01-16T00:00:00.000Z,2025-06-26T08:33:16.000Z,,,14,"Environment,GOV.UK homepage,Rural and countryside,Forests and woodland",Forestry Commission,Forestry Commission,2024 Starmer Labour government,,,
https://www.gov.uk/guidance/invertebrates-advice-for-making-planning-decisions,Invertebrates: advice for making planning decisions,detailed_guide,6b5e7eb4-fbfd-4a05-a829-3acde052b0c6,en,whitehall,2022-01-14T00:00:00.000Z,2025-04-07T09:00:01.000Z,,,14,"GOV.UK homepage,Invertebrates,Land species,Environment,Wildlife and habitat conservation,Wildlife, animals, biodiversity and ecosystems,Protected sites and species",Natural England,Natural England,2019 to 2022 Johnson Conservative government,,,
https://www.gov.uk/guidance/forestry-project-checks-all-projects,Forestry project checks: all projects,detailed_guide,c33a2235-b54a-4beb-895c-cc2b73af6c87,en,whitehall,2021-09-27T23:00:00.000Z,2021-09-27T23:00:00.000Z,,,14,"Forests and woodland,Environment,Rural and countryside,GOV.UK homepage",Forestry Commission,Forestry Commission,2019 to 2022 Johnson Conservative government,,,
https://www.gov.uk/guidance/import-firewood-into-great-britain,"Import firewood into England, Scotland or Wales",detailed_guide,a88b4c83-12c7-4232-97b9-990fd192bd7c,en,whitehall,2018-09-25T23:00:00.000Z,2025-05-22T13:36:50.000Z,,,14,"Forests and woodland,Importing,Environment,Trade and investment,GOV.UK homepage,Rural and countryside,Business and industry",Forestry Commission,Forestry Commission,2016 to 2019 May Conservative government,,,
https://www.gov.uk/guidance/waste-exemption-u11-spreading-waste-to-benefit-non-agricultural-land,U11: spreading waste on non-agricultural land,detailed_guide,5f4d6beb-7631-11e4-a3cb-005056011aef,en,whitehall,2014-04-27T23:00:00.000Z,2026-01-26T14:39:22.000Z,,,14,"Waste and recycling,Waste management,GOV.UK homepage,Waste exemptions,Environment,Environmental permits,Waste and environmental impact",Environment Agency,Environment Agency,2010 to 2015 Conservative and Liberal Democrat coalition government,,,
https://www.gov.uk/guidance/manage-your-england-woodland-creation-offer-agreement,Manage your England Woodland Creation Offer agreement,detailed_guide,4aec4b91-c892-40f6-99a2-beb3db961342,en,whitehall,2021-06-07T23:00:00.000Z,2021-06-07T23:00:00.000Z,,,14,"GOV.UK homepage,Environment,Rural and countryside,Forests and woodland",Forestry Commission,Forestry Commission,2019 to 2022 Johnson Conservative government,,,
https://www.gov.uk/guidance/ministry-of-justice-climate-change-and-sustainability,Climate change and environmental sustainability: MOJ,detailed_guide,116d1242-12a3-488b-849c-f2497edc393e,en,whitehall,2023-09-24T23:00:00.000Z,2023-09-24T23:00:00.000Z,,,14,"Sustainable development,Climate change adaptation,Government efficiency, transparency and accountability,Government,GOV.UK homepage,Environment,Climate change and energy",Ministry of Justice,Ministry of Justice,2022 to 2024 Sunak Conservative government,,,
https://www.gov.uk/guidance/illegal-wildlife-trade-challenge-fund-iwtcf,Illegal Wildlife Trade Challenge Fund (IWTCF),detailed_guide,29860497-3e64-4881-ab6d-31b4944c5975,en,whitehall,2020-10-15T23:00:00.000Z,2022-11-03T13:14:23.000Z,,,14,"Environment,Wildlife, animals, biodiversity and ecosystems,Biodiversity and ecosystems,GOV.UK homepage","Department for Environment, Food & Rural Affairs","Department for Environment, Food & Rural Affairs",2019 to 2022 Johnson Conservative government,,,
https://www.gov.uk/guidance/horse-medicines-and-recording-keeping-requirements,Horse medicines and record keeping requirements,detailed_guide,8d8356df-e608-48c3-b72e-440656726690,en,whitehall,2015-05-31T23:00:00.000Z,2024-05-17T10:30:03.000Z,,,14,"Environment,GOV.UK homepage,Wildlife, animals, biodiversity and ecosystems",Veterinary Medicines Directorate,Veterinary Medicines Directorate,2015 to 2016 Cameron Conservative government,,,
https://www.gov.uk/guidance/animal-disease-scanning-surveillance-at-apha,Animal disease scanning surveillance at APHA,detailed_guide,b3593647-3864-4e6a-a619-6e2c40e53777,en,whitehall,2024-10-28T00:00:00.000Z,2025-07-04T08:00:46.000Z,,,14,"Environment,Reporting disease and disease outbreaks,Animal and plant health,Food and farming,GOV.UK homepage,Keeping farmed animals,Wildlife, animals, biodiversity and ecosystems","Department for Environment, Food & Rural Affairs","Department for Environment, Food & Rural Affairs,Animal and Plant Health Agency",2024 Starmer Labour government,,,
https://www.gov.uk/guidance/waste-exemption-t21-recover-waste-at-a-waste-water-treatment-works,T21: recovering waste at waste water treatment works,detailed_guide,5f4d3073-7631-11e4-a3cb-005056011aef,en,whitehall,2014-04-27T23:00:00.000Z,2025-07-01T08:30:01.000Z,,,14,"Discharge water,GOV.UK homepage,Business and the environment,Water management,Waste exemptions,Business and industry,Environmental permits,Waste and recycling,Environment",Environment Agency,Environment Agency,2010 to 2015 Conservative and Liberal Democrat coalition government,,,
https://www.gov.uk/guidance/woodland-creation-timeline-from-planning-to-planting,Woodland creation timeline: from planning to planting,detailed_guide,9988f8a2-ac9e-4f9b-9df3-fcd990c248df,en,whitehall,2025-06-05T23:00:00.000Z,2025-06-05T23:00:00.000Z,,,14,"Environment,Rural and countryside,GOV.UK homepage,Forests and woodland",Forestry Commission,Forestry Commission,2024 Starmer Labour government,,,
https://www.gov.uk/guidance/waste-exemption-t2-recovering-textiles,T2: cleaning textiles to reuse or recycle,detailed_guide,5f4d2594-7631-11e4-a3cb-005056011aef,en,whitehall,2014-04-27T23:00:00.000Z,2025-07-01T08:30:00.000Z,,,14,"Environmental permits,Waste and recycling,Waste exemptions,Environment,GOV.UK homepage",Environment Agency,Environment Agency,2010 to 2015 Conservative and Liberal Democrat coalition government,,,
https://www.gov.uk/guidance/how-to-do-the-sfi-actions-for-farmland-wildlife-on-arable-and-horticultural-land,How to do the SFI actions for farmland wildlife on arable and horticultural land,detailed_guide,99fd8f79-aab2-4766-a47e-b42876d6c3dd,en,whitehall,2023-08-09T23:00:00.000Z,2025-03-27T10:00:53.000Z,,,14,"Environment,Rural grants and payments,Farming and food grants and payments,Food and farming,Rural development,GOV.UK homepage",Rural Payments Agency,Rural Payments Agency,2022 to 2024 Sunak Conservative government,,,
https://www.gov.uk/guidance/uses-of-f-gas-hfcs-exempt-from-the-phase-down,Uses of F gas (HFCs) exempt from the phase down,detailed_guide,d25ecce6-aaff-419a-b72c-736a859c6747,en,whitehall,2019-02-07T00:00:00.000Z,2024-01-17T10:37:36.000Z,,,14,"Chemicals,Greenhouse gas emissions,F-gases and HCFCs,Climate change and energy,GOV.UK homepage,Environment",Environment Agency,"Environment Agency,Department for Environment, Food & Rural Affairs",2016 to 2019 May Conservative government,,,
https://www.gov.uk/guidance/oil-gas-and-mining-ring-fence-corporation-tax,Oil and gas: Ring Fence Corporation Tax,detailed_guide,60559d8f-7631-11e4-a3cb-005056011aef,en,whitehall,2011-11-18T00:00:00.000Z,2015-07-31T10:48:56.000Z,,,14,"Energy infrastructure,Oil, gas and coal,Environment,Oil and gas finance and taxation,Tax and profits,GOV.UK homepage",HM Revenue & Customs,HM Revenue & Customs,2010 to 2015 Conservative and Liberal Democrat coalition government,,,
https://www.gov.uk/guidance/sheep-scab,Sheep scab: how to spot and report the disease,detailed_guide,5f60c7ac-7631-11e4-a3cb-005056011aef,en,whitehall,2014-08-26T13:58:00.000Z,2014-10-01T11:38:39.000Z,,,14,"Environment,GOV.UK homepage,Food and farming","Department for Environment, Food & Rural Affairs","Department for Environment, Food & Rural Affairs,Animal and Plant Health Agency",2010 to 2015 Conservative and Liberal Democrat coalition government,,,
https://www.gov.uk/guidance/environmental-stewardship-educational-access-visits-on-your-land,Educational access visits on your land: Environmental Stewardship,detailed_guide,5fdcab22-7631-11e4-a3cb-005056011aef,en,whitehall,2014-09-11T14:01:00.000Z,2023-08-22T11:31:21.000Z,,,13,"Rural development and land management,Rural and countryside,Running and managing a school,Farming and food grants and payments,Environment,Rural grants and payments,GOV.UK homepage,Farming,Food and farming,Education, training and skills,School trips and extracurricular activity",Rural Payments Agency,"Rural Payments Agency,Department for Environment, Food & Rural Affairs,Natural England",2010 to 2015 Conservative and Liberal Democrat coalition government,,,
https://www.gov.uk/guidance/vcu-protocols-and-procedures-for-testing-agricultural-crops,VCU protocols and procedures for testing agricultural crops,detailed_guide,c755f47e-a92e-4fbd-889f-76c13951a675,en,whitehall,2015-06-14T23:00:00.000Z,2025-12-19T12:26:47.000Z,,,13,"Food and farming,Producing and distributing food,GOV.UK homepage,Crops and horticulture ,Environment",Animal and Plant Health Agency,Animal and Plant Health Agency,2015 to 2016 Cameron Conservative government,,,
https://www.gov.uk/guidance/manage-and-protect-woodland-wildlife,Manage and protect woodland wildlife,detailed_guide,6eaa4040-6af4-486a-9ade-5a022e86b70f,en,whitehall,2018-07-09T09:00:00.000Z,2020-06-03T15:09:11.000Z,,,13,"Wildlife, animals, biodiversity and ecosystems,Forests and woodland,Environment,Rural and countryside,Wildlife and habitat conservation,GOV.UK homepage",Forestry Commission,"Forestry Commission,Natural England",2016 to 2019 May Conservative government,,,
https://www.gov.uk/guidance/nitrate-vulnerable-zone-designations-and-appeals-2021-to-2024,Nitrate vulnerable zone designations and appeals 2021 to 2024,detailed_guide,77359ef8-aa48-40ed-81ad-d68823101502,en,whitehall,2021-09-17T16:17:01.000Z,2021-09-17T16:17:01.000Z,,,13,"Farming,Environment,GOV.UK homepage,Rural and countryside,Rural development and land management,Food and farming","Department for Environment, Food & Rural Affairs","Department for Environment, Food & Rural Affairs,Environment Agency",2019 to 2022 Johnson Conservative government,,,
https://www.gov.uk/guidance/cattle-without-passports,Cattle without passports,detailed_guide,5f20e543-7631-11e4-a3cb-005056011aef,en,whitehall,2014-05-06T12:24:00.000Z,2021-10-04T08:21:16.000Z,,,13,"Environment,Keeping farmed animals,Food and farming,Cattle identification, registration and movements,GOV.UK homepage",British Cattle Movement Service,British Cattle Movement Service,2010 to 2015 Conservative and Liberal Democrat coalition government,,,
https://www.gov.uk/guidance/perform-a-marine-seismic-or-geophysical-survey,Perform a marine seismic or geophysical survey,detailed_guide,5f59227d-7631-11e4-a3cb-005056011aef,en,whitehall,2014-06-11T09:53:00.000Z,2022-01-05T16:28:47.000Z,,,13,"Wildlife, animals, biodiversity and ecosystems,Animal and plant health,Marine,Marine licences,Marine sites and species,Protected sites and species,Animal welfare,GOV.UK homepage,Marine protection and wildlife,Environment,Marine environment",Marine Management Organisation,Marine Management Organisation,2010 to 2015 Conservative and Liberal Democrat coalition government,,,
https://www.gov.uk/guidance/get-a-fishing-vessel-licence-vessels-over-10-metres,Get a domestic fishing vessel licence: over 10 metres,detailed_guide,5f5da5cf-7631-11e4-a3cb-005056011aef,en,whitehall,2014-06-09T23:00:00.000Z,2025-05-13T07:07:49.000Z,,,13,"Vessel licensing,Fishing vessels,Fishing, fisheries and fishing vessels,Marine fisheries,Environment,Wildlife, animals, biodiversity and ecosystems,GOV.UK homepage",Marine Management Organisation,Marine Management Organisation,2010 to 2015 Conservative and Liberal Democrat coalition government,,,
https://www.gov.uk/guidance/rye-harbour-passage-pilot-and-mooring-information-for-boaters,"Rye Harbour: passage, pilot and mooring information for boaters",detailed_guide,5f47b2ea-7631-11e4-a3cb-005056011aef,en,whitehall,2014-03-31T23:00:00.000Z,2025-11-20T15:56:22.000Z,,,13,"Harbours,Environment,GOV.UK homepage,Society and culture,Marine,Sports and leisure,Rural and countryside",Environment Agency,Environment Agency,2010 to 2015 Conservative and Liberal Democrat coalition government,,,
https://www.gov.uk/guidance/hazel-dormice-protection-surveys-and-licences,Hazel dormice: protection and licences,detailed_guide,5fe78933-7631-11e4-a3cb-005056011aef,en,whitehall,2014-10-06T15:15:00.000Z,2015-03-29T20:58:12.000Z,,,13,"Wildlife and habitat conservation,Mammals,GOV.UK homepage,Wildlife, animals, biodiversity and ecosystems,Environment",Natural England,"Natural England,Department for Environment, Food & Rural Affairs",2010 to 2015 Conservative and Liberal Democrat coalition government,,,
https://www.gov.uk/guidance/dairy-producer-organisations--2,Dairy Producer Organisations,detailed_guide,0139e9e7-fc6a-4cc4-8d6e-39ec8d126952,en,whitehall,2024-06-03T23:00:00.000Z,2025-02-20T13:39:44.000Z,,,13,"Food and farming,GOV.UK homepage,Dairy and milk production,Producing and distributing food,Environment",Rural Payments Agency,Rural Payments Agency,2022 to 2024 Sunak Conservative government,,,
https://www.gov.uk/guidance/river-basin-management-plans-updated-2022-measures,"River basin management plans, updated 2022: summary programmes of measures",detailed_guide,992f3c97-a9c5-4b63-be07-eaaaa60739d5,en,whitehall,2022-10-21T11:00:00.000Z,2022-12-22T09:30:09.000Z,,,13,"GOV.UK homepage,Environment",Environment Agency,Environment Agency,2022 Truss Conservative government,,,
https://www.gov.uk/guidance/the-marine-licence-application-timeline,The marine licence application timeline,detailed_guide,f05f7a1d-4948-47e5-beab-3884f6cf7a89,en,whitehall,2018-12-19T00:00:00.000Z,2024-11-28T15:58:45.000Z,,,13,"Environment,Marine,Marine planning,GOV.UK homepage,Marine licences",Marine Management Organisation,Marine Management Organisation,2016 to 2019 May Conservative government,,,
https://www.gov.uk/guidance/white-meat-slaughterhouses-unloading-handling-and-holding-restraining-stunning-killing,"White meat slaughterhouses: unloading, handling, holding, restraining, stunning and killing",detailed_guide,5f43c575-7631-11e4-a3cb-005056011aef,en,whitehall,2015-10-15T09:56:00.000Z,2023-06-05T09:51:34.000Z,,,13,"Food and farming,Environment,GOV.UK homepage","Department for Environment, Food & Rural Affairs","Department for Environment, Food & Rural Affairs",2015 to 2016 Cameron Conservative government,,,
https://www.gov.uk/guidance/when-a-motor-vehicle-is-waste,When a motor vehicle is waste,detailed_guide,21caac1d-b5bd-4403-b488-c9ea42dbb24c,en,whitehall,2013-07-31T23:00:00.000Z,2019-09-06T14:09:41.000Z,,,13,"Waste and recycling,Buying, selling, registering and scrapping a vehicle,GOV.UK homepage,Vehicle ownership, approval and standards,Transport,Environment,Driving and road transport",Environment Agency,Environment Agency,2010 to 2015 Conservative and Liberal Democrat coalition government,,,
https://www.gov.uk/guidance/spring-water-how-to-produce-and-label,Spring water: how to produce and label,detailed_guide,37a91c9a-c61f-43b6-b6b7-3ad859e8cf6e,en,whitehall,2020-05-27T23:00:00.000Z,2022-08-16T11:37:42.000Z,,,13,"Food labelling and safety,Food and farming,Environment,Producing and distributing food,GOV.UK homepage","Department for Environment, Food & Rural Affairs","Department for Environment, Food & Rural Affairs",2019 to 2022 Johnson Conservative government,,,
https://www.gov.uk/guidance/inland-waterways-types-of-vessels,Inland waterways: types of vessels,detailed_guide,5f1c2c7a-7631-11e4-a3cb-005056011aef,en,whitehall,2014-05-01T14:19:00.000Z,2014-08-13T11:13:10.000Z,,,13,"Boats and waterways,Inland waterways,Rural and countryside,Local transport,GOV.UK homepage,Environment,Transport",Maritime and Coastguard Agency,Maritime and Coastguard Agency,2010 to 2015 Conservative and Liberal Democrat coalition government,,,
https://www.gov.uk/guidance/submission-of-an-application-for-an-animal-medicine-licence,Submission of an application for a veterinary marketing authorisation,detailed_guide,6030357e-7631-11e4-a3cb-005056011aef,en,whitehall,2014-11-26T00:00:00.000Z,2025-07-17T15:10:33.000Z,,,13,"Wildlife and animal welfare,GOV.UK homepage,Pets,Wildlife, animals, biodiversity and ecosystems,Environment,Animal and plant health,Animal welfare",Veterinary Medicines Directorate,Veterinary Medicines Directorate,2010 to 2015 Conservative and Liberal Democrat coalition government,,,
https://www.gov.uk/guidance/heat-networks-delivery-unit,Heat Networks Delivery Unit,detailed_guide,092dce66-d575-4a29-9bd4-5687d12babad,en,whitehall,2017-09-14T23:00:00.000Z,2026-01-19T10:04:40.000Z,,,13,"Business and the environment,GOV.UK homepage,Energy demand reduction,Environment,Business and industry,Climate change and energy",Department for Energy Security and Net Zero,Department for Energy Security and Net Zero,2016 to 2019 May Conservative government,,,
https://www.gov.uk/guidance/local-authorities-seizing-vehicles-for-suspected-waste-crime,Local authorities: seizing vehicles for suspected waste crime,detailed_guide,8b095264-217d-4570-9cec-181d52466a0e,en,whitehall,2015-03-29T20:21:00.000Z,2015-03-29T20:21:00.000Z,,,13,"Environment,Waste and recycling,GOV.UK homepage","Department for Environment, Food & Rural Affairs","Department for Environment, Food & Rural Affairs",2010 to 2015 Conservative and Liberal Democrat coalition government,,,
https://www.gov.uk/guidance/approved-gas-and-electricity-meters,Approved gas and electricity meters,detailed_guide,bcb8efd6-c5f4-40c8-9824-678806d2c25f,en,whitehall,2025-11-06T11:03:07.000Z,2025-11-06T11:03:07.000Z,,,13,"Climate change and energy,GOV.UK homepage,Environment",Office for Product Safety and Standards,Office for Product Safety and Standards,2024 Starmer Labour government,,,
https://www.gov.uk/guidance/woodland-carbon-guarantee,Woodland Carbon Guarantee (currently closed),detailed_guide,89f8c543-debe-4d66-9834-2d3aaa4360fc,en,whitehall,2019-11-04T00:00:00.000Z,2025-02-18T12:02:48.000Z,,,13,"Environment,GOV.UK homepage,Rural and countryside,Forests and woodland",Forestry Commission,Forestry Commission,2019 to 2022 Johnson Conservative government,,,
https://www.gov.uk/guidance/cattle-identification-inspections-what-to-expect,Cattle identification visits: what to expect,detailed_guide,5f20e6b4-7631-11e4-a3cb-005056011aef,en,whitehall,2014-05-05T23:00:00.000Z,2025-08-14T11:40:55.000Z,,,13,"Food and farming,Cattle identification, registration and movements,Keeping farmed animals,Environment,GOV.UK homepage",British Cattle Movement Service,British Cattle Movement Service,2010 to 2015 Conservative and Liberal Democrat coalition government,,,
https://www.gov.uk/guidance/relevant-convictions-for-environmental-permits,Relevant convictions for environmental permits,detailed_guide,6df42c97-1393-4030-90ca-56804277676f,en,whitehall,2011-02-03T00:00:00.000Z,2025-05-02T11:56:55.000Z,,,13,"GOV.UK homepage,Environment,Environmental permits",Environment Agency,Environment Agency,2010 to 2015 Conservative and Liberal Democrat coalition government,,,
https://www.gov.uk/guidance/how-to-operate-an-animal-by-product-abp-processing-facility,How to operate an animal by-product (ABP) processing facility,detailed_guide,5fa5bd5b-7631-11e4-a3cb-005056011aef,en,whitehall,2014-09-04T16:13:00.000Z,2014-10-09T16:28:26.000Z,,,13,"Food and farming,Environment,GOV.UK homepage","Department for Environment, Food & Rural Affairs","Department for Environment, Food & Rural Affairs,Animal and Plant Health Agency",2010 to 2015 Conservative and Liberal Democrat coalition government,,,
https://www.gov.uk/guidance/spring-water-rules-for-local-authorities,Spring water: rules for local authorities,detailed_guide,4e1b8737-c4fc-49cf-b9f2-59035c003c82,en,whitehall,2020-09-15T23:00:00.000Z,2022-08-16T11:39:03.000Z,,,13,"GOV.UK homepage,Food and farming,Environment,Producing and distributing food,Food labelling and safety","Department for Environment, Food & Rural Affairs","Department for Environment, Food & Rural Affairs",2019 to 2022 Johnson Conservative government,,,
https://www.gov.uk/guidance/domestic-solid-fuels-rules-for-local-authorities-in-england,Domestic solid fuels: rules for local authorities in England,detailed_guide,b3f6733a-d131-4a6f-be80-564229572534,en,whitehall,2021-02-16T15:37:00.000Z,2023-04-30T23:15:02.000Z,,,13,"Climate change and energy,GOV.UK homepage,Environment,Greenhouse gas emissions,Pollution and environmental quality","Department for Environment, Food & Rural Affairs","Department for Environment, Food & Rural Affairs",2019 to 2022 Johnson Conservative government,,,
https://www.gov.uk/guidance/manufacturing-and-marketing-fertilisers,Manufacturing and marketing fertilisers,detailed_guide,200ef9b9-b8df-411b-b9ec-ffa2b0dde0ce,en,whitehall,2020-12-31T23:52:00.000Z,2022-12-31T09:30:11.000Z,,,13,"Environment,Food and farming,GOV.UK homepage","Department for Environment, Food & Rural Affairs","Department for Environment, Food & Rural Affairs",2019 to 2022 Johnson Conservative government,,,
https://www.gov.uk/guidance/organic-farming-how-to-get-certification-and-apply-for-funding,Organic farming: how to get certification and funding in Great Britain,detailed_guide,acffe86d-08af-4bad-a5d8-a4dc609aa054,en,whitehall,2016-04-29T11:27:00.000Z,2023-07-13T15:21:42.000Z,,,13,"Producing and distributing food,Food and farming,Food and farming industry,GOV.UK homepage,Environment","Department for Environment, Food & Rural Affairs","Department for Environment, Food & Rural Affairs",2015 to 2016 Cameron Conservative government,,,
https://www.gov.uk/guidance/get-a-certificate-of-competence-activity-code,Get a Certificate of Competence activity code,detailed_guide,09743140-d11e-47e7-8ec5-599142c6a6f0,en,whitehall,2025-03-04T10:00:02.000Z,2025-03-04T10:00:02.000Z,,,12,"Environment,Producing and distributing food,Food and farming,Meat production,GOV.UK homepage","Department for Environment, Food & Rural Affairs","Department for Environment, Food & Rural Affairs,Food Standards Agency",2024 Starmer Labour government,,,
https://www.gov.uk/guidance/report-climate-change-levy-subsidies-to-hmrc,Report Climate Change Levy subsidies to HMRC,detailed_guide,234033bc-fb5e-43b9-b7d3-1f99e3a8328f,en,whitehall,2025-06-09T09:00:01.000Z,2025-06-09T09:00:01.000Z,,,12,"Climate change and energy,Climate Change Levy,Money,Business tax,Environment,GOV.UK homepage",HM Revenue & Customs,HM Revenue & Customs,2024 Starmer Labour government,,,
https://www.gov.uk/guidance/voluntary-bat-roost-visitor-how-to-volunteer,Become a volunteer bat roost visitor,detailed_guide,56ef454c-237e-4f78-92a3-89a0e1b4229c,en,whitehall,2008-12-15T00:00:00.000Z,2023-10-27T13:09:17.000Z,,,12,"Environment,Wildlife and habitat conservation,Land species,Charities, volunteering and honours,Mammals,Wildlife, animals, biodiversity and ecosystems,Protected sites and species,GOV.UK homepage,Society and culture",Natural England,Natural England,2007 to 2010 Brown Labour government,,,
https://www.gov.uk/guidance/specified-generator-comply-with-permit-conditions,Specified generator: comply with permit conditions,detailed_guide,33cd9751-d734-4e61-915a-926219f85615,en,whitehall,2019-07-14T23:15:00.000Z,2022-12-28T10:11:41.000Z,,,12,"Environment,Pollution and environmental quality,Environmental permits,Business and the environment,Business and industry,GOV.UK homepage",Environment Agency,"Environment Agency,Natural Resources Wales,Department for Environment, Food & Rural Affairs,Welsh Government",2016 to 2019 May Conservative government,,,
https://www.gov.uk/guidance/prevent-wild-birds-damaging-your-land-farm-or-business,"Wild birds: prevent damage to your land, farm, fishery or business",detailed_guide,5fed6a78-7631-11e4-a3cb-005056011aef,en,whitehall,2014-10-07T13:35:00.000Z,2019-06-13T23:28:33.000Z,,,12,"Food and farming,Wildlife, animals, biodiversity and ecosystems,Birds,Environment,GOV.UK homepage,Wildlife and habitat conservation,Health and social care,Public health",Natural England,"Natural England,Department for Environment, Food & Rural Affairs",2010 to 2015 Conservative and Liberal Democrat coalition government,,,
https://www.gov.uk/guidance/gamebirds-individual-licences-to-release-common-pheasants-or-red-legged-partridges-a10-and-a48,Gamebirds: individual licences to release common pheasants or red-legged partridges (A10 and A48),detailed_guide,80f6665f-2424-41ef-90ec-85c54e415735,en,whitehall,2025-05-08T23:00:00.000Z,2025-10-22T13:11:47.000Z,,,12,"Wildlife and habitat conservation,Birds,Wildlife, animals, biodiversity and ecosystems,Environment,Protected sites and species,GOV.UK homepage",Natural England,Natural England,2024 Starmer Labour government,,,
https://www.gov.uk/guidance/storing-agricultural-fuel-oil-and-constructing-storage,Storing agricultural fuel oil and constructing storage,detailed_guide,ee301c83-9e7e-440d-bcda-5bc9ea371949,en,whitehall,2026-01-13T00:00:00.000Z,2026-01-13T00:00:00.000Z,,,12,"Water management,Food and farming industry,Food and farming,Rural development and land management,GOV.UK homepage,Water quality,Farming,Environment,Rural and countryside","Department for Environment, Food & Rural Affairs","Department for Environment, Food & Rural Affairs,Environment Agency",2024 Starmer Labour government,,,
https://www.gov.uk/sign-up-for-food-safety-alerts,Sign up for food safety alerts,transaction,fa4e237c-bfa9-4ffc-b2e1-fc15ff7f6e87,en,publisher,2012-07-03T15:34:33.000Z,2012-10-15T14:16:31.000Z,,,12,"Environment,Food labelling and safety,Food and farming,Producing and distributing food,GOV.UK homepage",Government Digital Service,Food Standards Agency,,,,
https://www.gov.uk/guidance/pig-keepers-how-to-keep-a-holding-register,Pig keepers: how to keep a holding register,detailed_guide,e44f8608-c6c0-4964-8380-c0a8e87f5ca0,en,whitehall,2023-10-09T23:00:00.000Z,2023-10-09T23:00:00.000Z,,,12,"Keeping farmed animals,GOV.UK homepage,Pig identification, registration and movements,Environment,Food and farming","Department for Environment, Food & Rural Affairs","Department for Environment, Food & Rural Affairs",2022 to 2024 Sunak Conservative government,,,
https://www.gov.uk/guidance/intensive-pig-and-poultry-farm-inspection,Intensive pig and poultry farm inspections,detailed_guide,b8cc451c-d924-4390-8e21-5bac18e28983,en,whitehall,2016-01-12T00:00:00.000Z,2023-05-24T14:51:05.000Z,,,12,"Pollution and environmental quality,GOV.UK homepage,Food and farming industry,Environment,Food and farming",Environment Agency,Environment Agency,2015 to 2016 Cameron Conservative government,,,
https://www.gov.uk/guidance/what-needs-to-be-done-across-the-estuary-outcomes-thames-estuary-2100,What needs to be done across the estuary (outcomes): Thames Estuary 2100,detailed_guide,26d2deb1-9a9b-4382-8e9f-93e85485a578,en,whitehall,2023-04-18T23:00:00.000Z,2024-05-02T13:51:23.000Z,,,12,"River maintenance, flooding and coastal erosion,Environment,GOV.UK homepage","Department for Environment, Food & Rural Affairs","Department for Environment, Food & Rural Affairs,Environment Agency",2022 to 2024 Sunak Conservative government,,,
https://www.gov.uk/guidance/introduce-or-keep-non-native-fish-and-shellfish,Introduce or keep non-native fish and shellfish,detailed_guide,5f15bf03-7631-11e4-a3cb-005056011aef,en,whitehall,2014-05-16T11:17:00.000Z,2023-08-17T09:31:37.000Z,,,12,"Wildlife, animals, biodiversity and ecosystems,Environment,Animal welfare,GOV.UK homepage,Wildlife and animal welfare","Department for Environment, Food & Rural Affairs","Department for Environment, Food & Rural Affairs,Centre for Environment, Fisheries and Aquaculture Science,Environment Agency",2010 to 2015 Conservative and Liberal Democrat coalition government,,,
https://www.gov.uk/guidance/north-west-river-basin-district-river-basin-management-plan-updated-2022,North West river basin district river basin management plan: updated 2022,detailed_guide,d70b3383-de6d-4553-96fa-d94affefd3f8,en,whitehall,2022-10-21T11:00:00.000Z,2022-12-22T09:30:10.000Z,,,12,"Environment,GOV.UK homepage",Environment Agency,Environment Agency,2022 Truss Conservative government,,,
https://www.gov.uk/guidance/apply-for-autogenous-vaccine-non-food-animal-blood-bank-equine-stem-cell-centre-authorisation,Apply for Specific Manufacturing Authorisation,detailed_guide,ebd95612-5a72-40af-b53e-b62cfc33e64e,en,whitehall,2015-05-31T23:00:00.000Z,2024-09-09T10:31:33.000Z,,,12,"Environment,Wildlife, animals, biodiversity and ecosystems,GOV.UK homepage",Veterinary Medicines Directorate,Veterinary Medicines Directorate,2015 to 2016 Cameron Conservative government,,,
https://www.gov.uk/guidance/pre-submission-screening-service-advice-on-planning-proposals-affecting-protected-species,Pre-submission screening service: advice on planning proposals affecting protected species,detailed_guide,6027530a-7631-11e4-a3cb-005056011aef,en,whitehall,2014-11-03T09:43:00.000Z,2019-05-03T16:35:51.000Z,,,12,"Environment,Planning and building,Wildlife, animals, biodiversity and ecosystems,Protected sites and species,Land species,GOV.UK homepage,Housing, local and community",Natural England,Natural England,2010 to 2015 Conservative and Liberal Democrat coalition government,,,
https://www.gov.uk/guidance/assessing-environmental-impact-guidance,Assessing environmental impact,detailed_guide,5dc75570-7631-11e4-a3cb-005056011aef,en,whitehall,2013-04-08T23:00:00.000Z,2023-11-01T13:40:26.000Z,,,12,"GOV.UK homepage,Environment","Department for Environment, Food & Rural Affairs","Department for Environment, Food & Rural Affairs",2010 to 2015 Conservative and Liberal Democrat coalition government,,,
https://www.gov.uk/guidance/south-east-river-basin-district-river-basin-management-plan-updated-2022,South East river basin district river basin management plan: updated 2022,detailed_guide,c97d4e11-cbf2-4564-87c9-be4b8940f01d,en,whitehall,2022-10-21T11:00:00.000Z,2022-12-22T09:30:10.000Z,,,12,"GOV.UK homepage,Environment",Environment Agency,Environment Agency,2022 Truss Conservative government,,,
https://www.gov.uk/guidance/compensation-for-animals-culled-to-control-animal-diseases,Compensation for animals culled to control animal diseases,detailed_guide,5fdc0e4a-7631-11e4-a3cb-005056011aef,en,whitehall,2014-09-09T23:00:00.000Z,2023-04-05T08:48:38.000Z,,,12,"Reporting disease and disease outbreaks,Environment,GOV.UK homepage,Keeping farmed animals,Food and farming","Department for Environment, Food & Rural Affairs","Department for Environment, Food & Rural Affairs,Animal and Plant Health Agency",2010 to 2015 Conservative and Liberal Democrat coalition government,,,
https://www.gov.uk/guidance/submit-samples-from-farm-animals-for-diagnostic-testing,Submit samples from farm animals for diagnostic testing,detailed_guide,627df4ff-3923-4bee-ac7c-4fb749994469,en,whitehall,2024-10-28T00:00:00.000Z,2024-10-28T00:00:00.000Z,,,12,"Wildlife, animals, biodiversity and ecosystems,Food and farming industry,Reporting disease and disease outbreaks,Environment,Animal and plant health,GOV.UK homepage,Keeping farmed animals,Food and farming","Department for Environment, Food & Rural Affairs","Department for Environment, Food & Rural Affairs,Animal and Plant Health Agency",2024 Starmer Labour government,,,
https://www.gov.uk/guidance/apply-for-a-veterinary-medicine-wholesale-dealers-authorisation-wda,Apply for veterinary medicine wholesale dealer's authorisation (WDA),detailed_guide,0393fdf6-5c14-4a08-8b25-e7e06af31321,en,whitehall,2015-05-31T23:00:00.000Z,2025-10-31T09:10:07.000Z,,,12,"Wildlife, animals, biodiversity and ecosystems,GOV.UK homepage,Environment",Veterinary Medicines Directorate,Veterinary Medicines Directorate,2015 to 2016 Cameron Conservative government,,,
https://www.gov.uk/guidance/intensive-farming-risk-assessment-for-your-environmental-permit,Intensive farming risk assessment for your environmental permit,detailed_guide,a5d24454-5960-4623-8175-b5530e0e8b50,en,whitehall,2016-02-01T00:00:00.000Z,2025-08-22T08:00:01.000Z,,,12,"Rural and countryside,Food and farming,Rural development and land management,Keeping farmed animals,Food and farming industry,Environment,Farming,GOV.UK homepage,Pollution,Environmental permits",Environment Agency,"Environment Agency,Department for Environment, Food & Rural Affairs",2015 to 2016 Cameron Conservative government,,,
https://www.gov.uk/guidance/tidal-prediction-service,ADMIRALTY Tidal Prediction Service,detailed_guide,5fe953ca-7631-11e4-a3cb-005056011aef,en,whitehall,2014-08-29T11:12:00.000Z,2014-08-29T11:12:00.000Z,,,12,"Hydrography,Defence and armed forces,Government,Environment,Climate change and energy,Government efficiency, transparency and accountability,Marine,GOV.UK homepage",UK Hydrographic Office,UK Hydrographic Office,2010 to 2015 Conservative and Liberal Democrat coalition government,,,
https://www.gov.uk/guidance/become-an-approved-tuberculin-tester-att,Become an Approved Tuberculin Tester (ATT),detailed_guide,857adc73-9b08-4bd3-b75a-72082d9b63f7,en,whitehall,2024-08-04T23:00:00.000Z,2024-08-04T23:00:00.000Z,,,12,"Animal and plant health,Food and farming,Keeping farmed animals,Wildlife, animals, biodiversity and ecosystems,Bovine tuberculosis (bovine TB),Environment,GOV.UK homepage","Department for Environment, Food & Rural Affairs","Department for Environment, Food & Rural Affairs,Animal and Plant Health Agency",2024 Starmer Labour government,,,
https://www.gov.uk/guidance/apply-to-move-animals-within-into-and-out-of-bluetongue-zones,Apply to move animals out of bluetongue zones,detailed_guide,1a5289e8-7590-400d-af60-c9ed7b29c70e,en,whitehall,2024-09-30T23:00:00.000Z,2025-08-15T07:02:36.000Z,,,12,"Reporting disease and disease outbreaks,Food and farming,Keeping farmed animals,Environment,Cattle identification, registration and movements,GOV.UK homepage","Department for Environment, Food & Rural Affairs","Department for Environment, Food & Rural Affairs,Animal and Plant Health Agency",2024 Starmer Labour government,,,
https://www.gov.uk/guidance/find-a-specific-tree-pest-or-disease,Find a specific tree pest or disease,detailed_guide,4d0dc34b-d8e9-46dc-97eb-71e489eb49dc,en,whitehall,2018-09-25T23:00:00.000Z,2021-10-20T13:04:14.000Z,,,12,"Forests and woodland,Biodiversity and ecosystems,Animal and plant health,Rural and countryside,Wildlife, animals, biodiversity and ecosystems,Environment,GOV.UK homepage",Forestry Commission,Forestry Commission,2016 to 2019 May Conservative government,,,
https://www.gov.uk/guidance/red-meat-slaughterhouses-unloading-handling-and-holding-animals,"Red meat slaughterhouses: unloading, handling and holding animals",detailed_guide,5f49291d-7631-11e4-a3cb-005056011aef,en,whitehall,2015-10-15T10:01:00.000Z,2023-06-05T09:53:32.000Z,,,12,"Environment,GOV.UK homepage,Food and farming","Department for Environment, Food & Rural Affairs","Department for Environment, Food & Rural Affairs",2015 to 2016 Cameron Conservative government,,,
https://www.gov.uk/guidance/application-of-waste-package-specifications-for-low-heat-generating-waste-standardised-waste-container-designs,Application of Waste Package Specifications for Low Heat Generating Waste: Standardised Waste Container Designs,detailed_guide,976a67e9-e41c-4bd0-bb30-8d9a12bef5ed,en,whitehall,2025-11-13T17:06:29.000Z,2025-11-13T17:06:29.000Z,,,12,"GOV.UK homepage,Waste and recycling,Radioactive and nuclear substances and waste,Environment",Nuclear Waste Services,Nuclear Waste Services,2024 Starmer Labour government,,,
https://www.gov.uk/guidance/fruit-and-vegetables-aid-scheme-guide,Fruit and Vegetables Scheme Guide,detailed_guide,a64dce69-b0cb-4c15-9188-d75a259a8748,en,whitehall,2022-02-22T00:00:00.000Z,2025-11-03T11:36:44.000Z,,,12,"Producing and distributing food,GOV.UK homepage,Crops and horticulture ,Environment,Food and farming",Rural Payments Agency,Rural Payments Agency,2019 to 2022 Johnson Conservative government,,,
https://www.gov.uk/guidance/amend-a-registration-or-allocation-or-remove-a-registration,"Amend a registration or allocation, or remove a registration",detailed_guide,00dbb6f3-fccc-4295-8844-e8a77936e618,en,whitehall,2024-09-04T23:00:00.000Z,2024-09-12T08:26:42.000Z,,,12,"GOV.UK homepage,Wildlife, animals, biodiversity and ecosystems,Land sites,Protected sites and species,Environment",Natural England,Natural England,2024 Starmer Labour government,,,
https://www.gov.uk/guidance/animal-by-products-that-can-be-spread-on-land-without-processing,Animal by-products that can be spread on land without processing,detailed_guide,5fed72a4-7631-11e4-a3cb-005056011aef,en,whitehall,2014-09-05T11:40:00.000Z,2014-10-01T10:49:48.000Z,,,12,"Environment,GOV.UK homepage,Food and farming","Department for Environment, Food & Rural Affairs","Department for Environment, Food & Rural Affairs,Animal and Plant Health Agency",2010 to 2015 Conservative and Liberal Democrat coalition government,,,
https://www.gov.uk/guidance/marketing-forest-reproductive-material-for-forestry-purposes,Marketing forest reproductive material for forestry purposes,detailed_guide,b31db584-9be7-49b5-8e60-b70362783501,en,whitehall,2021-01-26T00:00:00.000Z,2024-12-20T16:47:12.000Z,,,12,"GOV.UK homepage,Rural and countryside,Environment,Forests and woodland",Forestry Commission,Forestry Commission,2019 to 2022 Johnson Conservative government,,,
https://www.gov.uk/guidance/dus-protocols-for-testing-plant-varieties,DUS protocols for testing plant varieties,detailed_guide,5402dc0c-3fad-44ce-a8d9-8ed469e11b99,en,whitehall,2014-06-15T23:00:00.000Z,2025-12-08T16:55:40.000Z,,,12,"Producing and distributing food,Government,Environment,Crops and horticulture ,Food and farming,GOV.UK homepage,Brexit",Animal and Plant Health Agency,Animal and Plant Health Agency,2010 to 2015 Conservative and Liberal Democrat coalition government,,,
https://www.gov.uk/guidance/monitoring-ambient-air-particulate-matter,Monitoring ambient air: particulate matter,detailed_guide,a173e8bb-da8b-40c3-a109-764516174096,en,whitehall,2024-09-09T23:00:00.000Z,2024-09-09T23:00:00.000Z,,,12,"GOV.UK homepage,Environment,Pollution and environmental quality",Environment Agency,Environment Agency,2024 Starmer Labour government,,,
https://www.gov.uk/guidance/nuclear-sites-environmental-regulation,Nuclear sites: environmental regulation,detailed_guide,13696259-91d4-4c84-b53b-f628e59ff8c5,en,whitehall,2021-05-24T10:19:00.000Z,2021-05-24T10:19:00.000Z,,,11,"Business and the environment,Radioactive and nuclear substances and waste,Business regulation,Environmental permits,Waste and recycling,Business and industry,GOV.UK homepage,Low carbon technologies,Environment,Energy infrastructure,Energy industry and infrastructure licensing and regulation",Environment Agency,Environment Agency,2019 to 2022 Johnson Conservative government,,,
https://www.gov.uk/guidance/corsia-how-to-comply,CORSIA: how to comply,detailed_guide,a65a6a00-0c40-43dd-af58-25306c2a6a00,en,whitehall,2021-06-06T23:00:00.000Z,2024-04-12T09:57:25.000Z,,,11,"Business and industry,Emissions and emissions trading,Business regulation,Environment,Business and the environment,Greenhouse gas emissions,GOV.UK homepage,Climate change and energy",Environment Agency,Environment Agency,2019 to 2022 Johnson Conservative government,,,
https://www.gov.uk/guidance/low-environmental-risk-cemeteries-exemption-conditions,Low environmental risk cemeteries: exemption conditions,detailed_guide,85bd215e-6556-48f1-909c-b007095ed75b,en,whitehall,2023-10-02T07:00:00.000Z,2023-10-02T07:00:00.000Z,,,11,"Environmental permits,Energy infrastructure,GOV.UK homepage,Water management,Environment,Water quality,Low carbon technologies,Groundwater",Environment Agency,Environment Agency,2022 to 2024 Sunak Conservative government,,,
https://www.gov.uk/guidance/land-contamination-groundwater-compliance-points-quantitative-risk-assessments,Land contamination groundwater compliance points: quantitative risk assessments,detailed_guide,36c4d971-48c9-49e1-874d-d636bd9fef23,en,whitehall,2017-03-14T11:23:00.000Z,2017-03-14T11:23:00.000Z,,,11,"Groundwater,GOV.UK homepage,Environment,Water management",Environment Agency,Environment Agency,2016 to 2019 May Conservative government,,,
https://www.gov.uk/guidance/how-we-respond-to-marine-pollution-incidents,How we respond to marine pollution incidents,detailed_guide,5fe3b943-7631-11e4-a3cb-005056011aef,en,whitehall,2014-08-05T12:50:00.000Z,2018-07-31T14:31:56.000Z,,,11,"Environment,Pollution and environmental quality,Oil, gas and coal,Energy infrastructure,GOV.UK homepage,Marine,Marine environment,Oil spills",Marine Management Organisation,Marine Management Organisation,2010 to 2015 Conservative and Liberal Democrat coalition government,,,
https://www.gov.uk/guidance/making-fertiliser-from-processed-animal-by-products-abps,Making fertiliser from processed animal by-products (ABPs),detailed_guide,5fea1613-7631-11e4-a3cb-005056011aef,en,whitehall,2014-09-05T11:39:00.000Z,2014-10-09T16:29:18.000Z,,,11,"Environment,GOV.UK homepage,Food and farming","Department for Environment, Food & Rural Affairs","Department for Environment, Food & Rural Affairs,Animal and Plant Health Agency",2010 to 2015 Conservative and Liberal Democrat coalition government,,,
https://www.gov.uk/guidance/join-the-list-of-authorised-distance-plant-sellers,Join the list of authorised distance plant sellers,detailed_guide,879f5df6-b088-457d-991a-c27b56a6fef6,en,whitehall,2024-12-04T00:00:00.000Z,2026-02-18T11:44:02.000Z,,,11,"Importing,Animal and plant health,Wildlife, animals, biodiversity and ecosystems,Wildlife and habitat conservation,Import controls,Plants,Environment,GOV.UK homepage,Business and industry,Trade and investment","Department for Environment, Food & Rural Affairs","Department for Environment, Food & Rural Affairs,Animal and Plant Health Agency",2024 Starmer Labour government,,,
https://www.gov.uk/guidance/monitoring-stack-emissions-standards-for-continuous-monitoring-and-sampling,Monitoring stack emissions: standards for continuous monitoring and sampling,detailed_guide,4f6d2f80-9570-4f52-a5be-f1587471eadb,en,whitehall,2024-03-07T00:00:00.000Z,2026-01-13T10:54:38.000Z,,,11,"Business and industry,Business and the environment,Environmental permits,Environment,Business regulation,GOV.UK homepage,Pollution and environmental quality",Environment Agency,Environment Agency,2022 to 2024 Sunak Conservative government,,,
https://www.gov.uk/guidance/report-a-tree-pest-or-disease-overview,Report a tree pest or disease,detailed_guide,beaff98a-06cc-4a47-8e0c-9cf8cdc953ac,en,whitehall,2018-09-25T23:00:00.000Z,2024-12-04T12:13:50.000Z,,,11,"Rural development and land management,Pollution and environmental quality,Forests and woodland,Economic growth in rural areas,Biodiversity and ecosystems,GOV.UK homepage,Rural economy and community,Countryside,Wildlife, animals, biodiversity and ecosystems,Animal and plant health,Environment,Rural and countryside",Forestry Commission,"Forestry Commission,Animal and Plant Health Agency",2016 to 2019 May Conservative government,,,
https://www.gov.uk/guidance/known-supply-problems-with-animal-medicines,Known supply problems with animal medicines,detailed_guide,60325174-7631-11e4-a3cb-005056011aef,en,whitehall,2014-09-29T23:00:00.000Z,2025-02-11T11:13:07.000Z,,,11,"Wildlife, animals, biodiversity and ecosystems,GOV.UK homepage,Environment,Animal and plant health,Food and farming",Veterinary Medicines Directorate,Veterinary Medicines Directorate,2010 to 2015 Conservative and Liberal Democrat coalition government,,,
https://www.gov.uk/guidance/landscape-and-woodland-design-for-woodland-creation,Landscape and woodland design for woodland creation,detailed_guide,1985456d-c402-4ca0-8682-654c22e7da84,en,whitehall,2023-06-12T23:00:00.000Z,2023-06-12T23:00:00.000Z,,,11,"Forests and woodland,Environment,GOV.UK homepage,Rural and countryside",Forestry Commission,Forestry Commission,2022 to 2024 Sunak Conservative government,,,
https://www.gov.uk/guidance/how-to-do-the-sfi-actions-for-farmland-wildlife-on-improved-grassland,How to do the SFI actions for farmland wildlife on improved grassland,detailed_guide,9060b13a-3a62-4e6c-b5c7-fffae89ae405,en,whitehall,2023-08-10T12:05:57.000Z,2023-08-10T12:05:57.000Z,,,11,"Food and farming,Farming,Rural and countryside,Rural development and land management,Environment,GOV.UK homepage",Rural Payments Agency,Rural Payments Agency,2022 to 2024 Sunak Conservative government,,,
https://www.gov.uk/guidance/white-clawed-crayfish-advice-for-making-planning-decisions,White-clawed crayfish: advice for making planning decisions,detailed_guide,cdb9cd03-45ab-4bdc-87a5-07457ee90152,en,whitehall,2022-01-14T00:00:00.000Z,2025-04-07T09:00:00.000Z,,,11,"Protected sites and species,Wildlife, animals, biodiversity and ecosystems,Wildlife and habitat conservation,GOV.UK homepage,Environment,Invertebrates,Land species",Natural England,Natural England,2019 to 2022 Johnson Conservative government,,,
https://www.gov.uk/guidance/rapid-flood-guidance-service-trial-user-guide,Rapid Flood Guidance service 2025: user guide,detailed_guide,f17dafc7-0f9e-4bc2-945a-e8e51aac2119,en,whitehall,2024-04-15T23:00:00.000Z,2025-04-10T14:36:39.000Z,,,11,"Environment,GOV.UK homepage,River maintenance, flooding and coastal erosion",Flood Forecasting Centre,Flood Forecasting Centre,2022 to 2024 Sunak Conservative government,,,
https://www.gov.uk/guidance/opt-out-of-the-uk-ets-if-your-installation-is-an-ultra-small-emitter,UK ETS: Guidance for ultra small emitters,detailed_guide,8ad3cc25-e19f-47bf-a207-66f169219de7,en,whitehall,2021-08-09T23:00:00.000Z,2025-10-15T16:00:01.000Z,,,11,"Environment,Climate change and energy,GOV.UK homepage,Emissions and emissions trading",Department for Energy Security and Net Zero,Department for Energy Security and Net Zero,2019 to 2022 Johnson Conservative government,,,
https://www.gov.uk/guidance/supplying-veterinary-medicines-to-northern-ireland,Supplying veterinary medicines to Northern Ireland,detailed_guide,7178f859-fd28-4246-8ecc-1caaf7ad0cf3,en,whitehall,2025-06-18T23:00:00.000Z,2025-10-31T09:09:49.000Z,,,11,"Animal and plant health,Environment,Wildlife, animals, biodiversity and ecosystems,GOV.UK homepage",Veterinary Medicines Directorate,Veterinary Medicines Directorate,2024 Starmer Labour government,,,
https://www.gov.uk/guidance/in-service-testing-for-gas-and-electricity-meters,In-service testing for gas and electricity meters,detailed_guide,5f163f0b-7631-11e4-a3cb-005056011aef,en,whitehall,2014-03-13T00:00:00.000Z,2025-11-06T11:02:44.000Z,,,11,"Business regulation,GOV.UK homepage,Climate change and energy,Business and industry,Environment,Manufacturing,Energy industry and infrastructure licensing and regulation",Office for Product Safety and Standards,Office for Product Safety and Standards,2010 to 2015 Conservative and Liberal Democrat coalition government,,,
https://www.gov.uk/guidance/all-specifications,Waste Package Specifications,detailed_guide,5ccd411c-fbd5-4392-8138-360e83bc7629,en,whitehall,2020-11-20T00:00:00.000Z,2024-10-01T14:03:32.000Z,,,11,"Environment,GOV.UK homepage,Waste and recycling,Radioactive and nuclear substances and waste",Nuclear Waste Services,Nuclear Waste Services,2019 to 2022 Johnson Conservative government,,,
https://www.gov.uk/guidance/deposits,Deposit of any substance or object,detailed_guide,b05230bf-6133-4369-a68c-c92cfc630743,en,whitehall,2019-05-29T23:00:00.000Z,2019-05-29T23:00:00.000Z,,,11,"Marine licences,GOV.UK homepage,Environment,Marine",Marine Management Organisation,Marine Management Organisation,2016 to 2019 May Conservative government,,,
https://www.gov.uk/guidance/salmonella-get-your-breeding-chickens-tested,Salmonella: test your breeding chickens,detailed_guide,5fe4f8e3-7631-11e4-a3cb-005056011aef,en,whitehall,2016-02-08T00:00:00.000Z,2025-11-11T16:01:23.000Z,,,11,"Food and farming,Poultry registration,Keeping farmed animals,Wildlife, animals, biodiversity and ecosystems,GOV.UK homepage,Animal and plant health,Environment","Department for Environment, Food & Rural Affairs","Department for Environment, Food & Rural Affairs,Animal and Plant Health Agency,Welsh Government,The Scottish Government,Department of Agriculture, Environment and Rural Affairs (Northern Ireland)",2015 to 2016 Cameron Conservative government,,,
https://www.gov.uk/guidance/report-the-prescription-of-a-btv-3-vaccination,Report the prescription of a BTV-3 vaccination,detailed_guide,d0a5d246-63fe-4684-acfe-4dcb2821f30d,en,whitehall,2025-03-04T00:00:00.000Z,2025-06-13T14:39:02.000Z,,,11,"Food and farming,Cattle deaths,Keeping farmed animals,Veterinary medicines,Reporting disease and disease outbreaks,Environment,GOV.UK homepage","Department for Environment, Food & Rural Affairs","Department for Environment, Food & Rural Affairs",2024 Starmer Labour government,,,
https://www.gov.uk/guidance/understand-marine-wildlife-licences-and-report-an-incident,Understand and apply for marine wildlife licences and report an incident,detailed_guide,5f5924e9-7631-11e4-a3cb-005056011aef,en,whitehall,2014-06-10T23:00:00.000Z,2021-03-02T13:24:20.000Z,,,11,"Marine sites and species,Wildlife, animals, biodiversity and ecosystems,Marine licences,GOV.UK homepage,Marine environment,Wildlife and habitat conservation,Animal and plant health,Protected sites and species,Environment,Marine,Marine protection and wildlife,Animal welfare",Marine Management Organisation,Marine Management Organisation,2010 to 2015 Conservative and Liberal Democrat coalition government,,,
https://www.gov.uk/guidance/aircraft-waste-separating-recycling-and-international-catering-waste,Aircraft waste: separating recycling and international catering waste,detailed_guide,28561edb-6a6f-45d1-a85f-bb497aa1ecec,en,whitehall,2025-09-17T23:00:00.000Z,2025-09-17T23:00:00.000Z,,,11,"Environment,Waste and recycling,GOV.UK homepage","Department for Environment, Food & Rural Affairs","Department for Environment, Food & Rural Affairs",2024 Starmer Labour government,,,
https://www.gov.uk/guidance/food-labelling-loose-foods,Food labelling: loose foods,detailed_guide,60568961-7631-11e4-a3cb-005056011aef,en,whitehall,2017-01-03T14:25:00.000Z,2017-01-03T14:25:00.000Z,,,11,"Business and industry,Business regulation,Food and farming,Consumer rights and issues,Producing and distributing food,Food labelling and safety,GOV.UK homepage,Environment","Department for Environment, Food & Rural Affairs","Department for Environment, Food & Rural Affairs,Food Standards Agency",2016 to 2019 May Conservative government,,,
https://www.gov.uk/guidance/setting-up-a-climate-change-agreement-cca,Setting up a climate change agreement,detailed_guide,5f1ae999-7631-11e4-a3cb-005056011aef,en,whitehall,2014-04-09T09:20:00.000Z,2022-03-02T17:03:16.000Z,,,11,"GOV.UK homepage,Environment,Climate change and energy",Environment Agency,Environment Agency,2010 to 2015 Conservative and Liberal Democrat coalition government,,,
https://www.gov.uk/guidance/chronic-wasting-disease,Chronic wasting disease: how to spot and report the disease,detailed_guide,765857b0-6ae4-4c50-af83-1c26559ffb29,en,whitehall,2015-06-01T23:00:00.000Z,2018-10-18T14:31:56.000Z,,,11,"GOV.UK homepage,Food and farming,Environment",Animal and Plant Health Agency,"Animal and Plant Health Agency,Department for Environment, Food & Rural Affairs",2015 to 2016 Cameron Conservative government,,,
https://www.gov.uk/guidance/calculation-of-adverse-event-incidence-for-veterinary-medicines,Calculation of adverse event incidence for veterinary medicines,detailed_guide,7041c556-50ba-4c2d-a0d8-7e78243deee6,en,whitehall,2025-12-01T13:37:36.000Z,2025-12-01T13:37:36.000Z,,,11,"GOV.UK homepage,Environment,Wildlife, animals, biodiversity and ecosystems,Animal and plant health",Veterinary Medicines Directorate,Veterinary Medicines Directorate,2024 Starmer Labour government,,,
https://www.gov.uk/guidance/llwrs-socio-economic-fund,LLWR's Socio-economic Fund,detailed_guide,d2443f2c-12ac-4e31-9ee4-f4bffb000a56,en,whitehall,2020-06-30T23:00:00.000Z,2025-04-03T15:52:31.000Z,,,11,"Waste and recycling,GOV.UK homepage,Radioactive and nuclear substances and waste,Waste management,Environment",Nuclear Waste Services,Nuclear Waste Services,2019 to 2022 Johnson Conservative government,,,
https://www.gov.uk/guidance/eel-and-elver-apply-for-permission-to-catch-by-net-or-trap,Eel and elver: apply for permission to catch by net or trap,detailed_guide,3effebdd-1627-4f12-baf2-4ea623c9ea2b,en,whitehall,2025-12-22T00:00:00.000Z,2025-12-22T00:00:00.000Z,,,11,"Freshwater fisheries,GOV.UK homepage,Fishing, fisheries and fishing vessels,Fishing regulations, monitoring and enforcement,Fish and shellfish,Wildlife and habitat conservation,Wildlife, animals, biodiversity and ecosystems,Environment",Environment Agency,Environment Agency,2024 Starmer Labour government,,,
https://www.gov.uk/guidance/monitoring-ambient-air-choosing-a-monitoring-technique-and-method,Monitoring ambient air: choosing a monitoring technique and method,detailed_guide,cabd62f1-ec33-427f-9538-829a9a74cfee,en,whitehall,2024-09-09T23:00:00.000Z,2024-09-09T23:00:00.000Z,,,11,"Environment,GOV.UK homepage,Pollution and environmental quality",Environment Agency,Environment Agency,2024 Starmer Labour government,,,
https://www.gov.uk/guidance/use-nature-based-solutions-to-reduce-flooding-in-your-area,Use nature-based solutions to reduce flooding in your area,detailed_guide,4987180a-7baf-42f4-918f-b385757cb5e1,en,whitehall,2021-06-25T12:49:00.000Z,2021-06-25T12:49:00.000Z,,,11,"GOV.UK homepage,River maintenance, flooding and coastal erosion,Environment",Environment Agency,Environment Agency,2019 to 2022 Johnson Conservative government,,,
https://www.gov.uk/guidance/using-leftover-milk-and-milk-products-as-farm-animal-feed,Using leftover milk and milk products as farm animal feed,detailed_guide,5fe79275-7631-11e4-a3cb-005056011aef,en,whitehall,2014-09-05T11:46:00.000Z,2014-10-09T16:31:29.000Z,,,11,"Environment,Food and farming,GOV.UK homepage","Department for Environment, Food & Rural Affairs","Department for Environment, Food & Rural Affairs,Animal and Plant Health Agency",2010 to 2015 Conservative and Liberal Democrat coalition government,,,
https://www.gov.uk/guidance/what-to-do-after-an-animal-health-and-welfare-review,What to do after an animal health and welfare review,detailed_guide,8dffa35a-8f86-4b2d-83b6-5be63e3aec1f,en,whitehall,2025-06-26T09:00:04.000Z,2025-06-26T09:00:04.000Z,,,11,"Food and farming,GOV.UK homepage,Environment,Farming and food grants and payments","Department for Environment, Food & Rural Affairs","Department for Environment, Food & Rural Affairs",2024 Starmer Labour government,,,
https://www.gov.uk/guidance/waste-exemption-t25-anaerobic-digestion-at-premises-not-used-for-agriculture-and-burning-resulting-biogas,T25: anaerobic digestion not done on a farm,detailed_guide,5f4d31b1-7631-11e4-a3cb-005056011aef,en,whitehall,2014-04-27T23:00:00.000Z,2025-07-01T08:30:02.000Z,,,11,"Environment,GOV.UK homepage,Environmental permits,Waste exemptions,Waste and recycling",Environment Agency,Environment Agency,2010 to 2015 Conservative and Liberal Democrat coalition government,,,
https://www.gov.uk/guidance/private-interferon-gamma-ifn-y-testing-for-bovine-tuberculosis-tb-in-england,Private interferon-gamma (IFN-y) testing for bovine tuberculosis (TB) in England,detailed_guide,5667f45e-c3d0-434a-b1ea-5588b8ddcd94,en,whitehall,2025-02-03T00:00:00.000Z,2025-09-01T08:02:47.000Z,,,11,"Animal and plant health,Wildlife, animals, biodiversity and ecosystems,Environment,Food and farming,Keeping farmed animals,GOV.UK homepage,Reporting disease and disease outbreaks","Department for Environment, Food & Rural Affairs","Department for Environment, Food & Rural Affairs,Animal and Plant Health Agency",2024 Starmer Labour government,,,
https://www.gov.uk/guidance/veterinary-medicines-summary-of-product-characteristics-and-product-literature,Summary of Product Characteristics and product literature for veterinary medicines,detailed_guide,c4b30e72-0311-466f-87a5-35900fb69dda,en,whitehall,2016-03-24T00:00:00.000Z,2026-02-02T09:27:08.000Z,,,11,"Wildlife, animals, biodiversity and ecosystems,Environment,Veterinary medicines,Food and farming,Keeping farmed animals,Pets,GOV.UK homepage,Animal and plant health",Veterinary Medicines Directorate,Veterinary Medicines Directorate,2015 to 2016 Cameron Conservative government,,,
https://www.gov.uk/guidance/harnessing-hydroelectric-power,Harnessing hydroelectric power,detailed_guide,5c84d086-7631-11e4-a3cb-005056011aef,en,whitehall,2013-01-22T11:59:00.000Z,2013-01-22T11:59:00.000Z,,,11,"GOV.UK homepage,Energy infrastructure,Environment,Low carbon technologies",Department for Energy Security and Net Zero,"Department for Energy Security and Net Zero,Environment Agency,Department for Business, Energy & Industrial Strategy",2010 to 2015 Conservative and Liberal Democrat coalition government,,,
https://www.gov.uk/guidance/river-medway-bridges-locks-and-facilities-for-boaters,"River Medway: bridges, locks and facilities for boaters",detailed_guide,5f47b1fc-7631-11e4-a3cb-005056011aef,en,whitehall,2014-04-01T10:02:00.000Z,2019-04-18T09:19:10.000Z,,,11,"Countryside,GOV.UK homepage,Sports and leisure,Access to the countryside,Society and culture,Environment,Rural and countryside",Environment Agency,Environment Agency,2010 to 2015 Conservative and Liberal Democrat coalition government,,,
https://www.gov.uk/guidance/duty-to-protect-conserve-and-restore-european-sites,"Duty to protect, conserve and restore European sites",detailed_guide,c2c54de5-023b-49e4-b435-a80051935234,en,whitehall,2021-02-24T08:00:05.000Z,2021-02-24T08:00:05.000Z,,,11,"Protected sites,Rural and countryside,Rural development and land management,Wildlife, animals, biodiversity and ecosystems,Environment,GOV.UK homepage,Protected sites and species,Wildlife and habitat conservation","Department for Environment, Food & Rural Affairs","Department for Environment, Food & Rural Affairs,Welsh Government,Natural England,Natural Resources Wales",2019 to 2022 Johnson Conservative government,,,
https://www.gov.uk/guidance/using-animal-material-in-home-work-or-community-compost-heaps,"Using animal material in home, work or community compost heaps",detailed_guide,5fa7fe10-7631-11e4-a3cb-005056011aef,en,whitehall,2014-09-05T11:42:00.000Z,2014-10-09T16:29:17.000Z,,,10,"Wildlife, animals, biodiversity and ecosystems,GOV.UK homepage,Environment,Rural and countryside,Food and farming","Department for Environment, Food & Rural Affairs","Department for Environment, Food & Rural Affairs,Animal and Plant Health Agency",2010 to 2015 Conservative and Liberal Democrat coalition government,,,
https://www.gov.uk/guidance/callitrichids-licence-conditions-for-keepers-annex-a,Callitrichids: licence conditions for keepers (Annex A),detailed_guide,526d9f08-f213-4429-9f9a-1d81b02582f8,en,whitehall,2025-07-10T14:17:09.000Z,2025-07-10T14:17:09.000Z,,,10,"Wildlife, animals, biodiversity and ecosystems,Animal welfare,GOV.UK homepage,Environment","Department for Environment, Food & Rural Affairs","Department for Environment, Food & Rural Affairs",2024 Starmer Labour government,,,
https://www.gov.uk/guidance/partnership-funding-for-fcerm-projects,Partnership funding for FCERM projects,detailed_guide,e511f0d0-9edc-4fcc-878d-60897093c6b9,en,whitehall,2021-09-02T14:10:00.000Z,2023-09-28T15:11:36.000Z,,,10,"Environment,GOV.UK homepage,River maintenance, flooding and coastal erosion",Environment Agency,Environment Agency,2019 to 2022 Johnson Conservative government,,,
https://www.gov.uk/guidance/list-of-policy-units-by-local-council-thames-estuary-2100,List of policy units by local council: Thames Estuary 2100,detailed_guide,4cdbddaf-c53a-4b5d-aa4b-5ea98e31acb8,en,whitehall,2023-04-19T13:33:00.000Z,2023-04-19T13:33:00.000Z,,,10,"River maintenance, flooding and coastal erosion,Environment,GOV.UK homepage","Department for Environment, Food & Rural Affairs","Department for Environment, Food & Rural Affairs,Environment Agency",2022 to 2024 Sunak Conservative government,,,
https://www.gov.uk/guidance/manage-waste-institutional-mattresses-containing-pops,Manage waste institutional mattresses containing POPs,detailed_guide,69b85a58-4342-4ce9-b18d-ccd49a749176,en,whitehall,2025-05-08T14:30:51.000Z,2025-05-08T14:30:51.000Z,,,10,"Waste and recycling,Waste management,GOV.UK homepage,Environment,Pollution and environmental quality",Environment Agency,Environment Agency,2024 Starmer Labour government,,,
https://www.gov.uk/guidance/anglian-waterways-river-conditions-closures-and-restrictions,"Anglian waterways: river conditions, closures and restrictions",detailed_guide,5f47afc8-7631-11e4-a3cb-005056011aef,en,whitehall,2014-04-01T11:43:00.000Z,2017-11-13T14:52:46.000Z,,,10,"Society and culture,Sports and leisure,GOV.UK homepage,Environment",Environment Agency,Environment Agency,2010 to 2015 Conservative and Liberal Democrat coalition government,,,
https://www.gov.uk/guidance/guidelines-and-guidance-on-the-responsible-use-of-antibiotics,Guidelines and guidance on the responsible use of veterinary medicines,detailed_guide,bc738c00-7e05-4116-9728-e7f104d398e8,en,whitehall,2016-07-21T23:00:00.000Z,2024-10-08T15:41:09.000Z,,,10,"Wildlife, animals, biodiversity and ecosystems,Environment,GOV.UK homepage",Veterinary Medicines Directorate,Veterinary Medicines Directorate,2016 to 2019 May Conservative government,,,
https://www.gov.uk/guidance/manufacturing-authorisations-for-veterinary-medicines,Apply to manufacture authorised veterinary medicines or exempt products for small pet animals,detailed_guide,c06f85d4-fc09-46ec-932f-93b2acb9328f,en,whitehall,2015-05-31T23:00:00.000Z,2024-07-03T07:36:24.000Z,,,10,"Wildlife, animals, biodiversity and ecosystems,GOV.UK homepage,Animal and plant health,Environment",Veterinary Medicines Directorate,Veterinary Medicines Directorate,2015 to 2016 Cameron Conservative government,,,
https://www.gov.uk/guidance/moorings-consents-and-advice,"Moorings, consents and advice",detailed_guide,e970bc23-9080-418e-a15d-cc58bfc51267,en,whitehall,2025-02-26T00:00:00.000Z,2025-02-26T00:00:00.000Z,,,10,"Marine,Environment,Species protection and marine conservation,Marine environment,GOV.UK homepage,Marine licences,Marine protection and wildlife",Marine Management Organisation,Marine Management Organisation,2024 Starmer Labour government,,,
https://www.gov.uk/guidance/indoor-airborne-allergens,Indoor airborne allergens,detailed_guide,69ce4f15-f230-435e-8272-3e5895982343,en,whitehall,2025-08-07T08:30:04.000Z,2025-08-07T08:30:04.000Z,,,10,"GOV.UK homepage,Environment,Pollution and environmental quality",UK Health Security Agency,"UK Health Security Agency,Centre for Climate and Health Security",2024 Starmer Labour government,,,
https://www.gov.uk/guidance/west-nile-fever,West Nile fever: how to spot and report the disease,detailed_guide,5f60dd4a-7631-11e4-a3cb-005056011aef,en,whitehall,2014-08-25T23:00:00.000Z,2025-08-15T09:27:21.000Z,,,10,"Food and farming,Welfare,Environment,GOV.UK homepage","Department for Environment, Food & Rural Affairs","Department for Environment, Food & Rural Affairs,Animal and Plant Health Agency",2010 to 2015 Conservative and Liberal Democrat coalition government,,,
https://www.gov.uk/guidance/labelling-f-gas-equipment-you-produce-import-or-install,"Labelling F gas equipment you produce, import or install",detailed_guide,40e72d64-57c0-4e95-a34a-5eb8544256ab,en,whitehall,2019-08-21T07:16:00.000Z,2019-08-21T07:16:00.000Z,,,10,"Environment,Chemicals,Greenhouse gas emissions,F-gases and HCFCs,GOV.UK homepage,Climate change and energy",Environment Agency,"Environment Agency,Department for Environment, Food & Rural Affairs",2019 to 2022 Johnson Conservative government,,,
https://www.gov.uk/guidance/compare-types-of-bottled-water,Compare types of bottled water,detailed_guide,88490f52-ea5d-4d88-be6a-e2e164b04c05,en,whitehall,2020-05-28T11:45:00.000Z,2020-05-28T11:45:00.000Z,,,10,"GOV.UK homepage,Food and farming,Producing and distributing food,Environment,Food labelling and safety","Department for Environment, Food & Rural Affairs","Department for Environment, Food & Rural Affairs",2019 to 2022 Johnson Conservative government,,,
https://www.gov.uk/guidance/bottled-drinking-water-rules-for-local-authorities,Bottled drinking water: rules for local authorities,detailed_guide,33e44f9b-ab4b-4389-b0bc-1f0f6de77c47,en,whitehall,2020-09-15T23:00:00.000Z,2020-09-15T23:00:00.000Z,,,10,"Food and farming,Food labelling and safety,GOV.UK homepage,Producing and distributing food,Environment","Department for Environment, Food & Rural Affairs","Department for Environment, Food & Rural Affairs",2019 to 2022 Johnson Conservative government,,,
https://www.gov.uk/guidance/batrachochytrium-salamandrivorans,Batrachochytrium salamandrivorans: how to spot and report the disease,detailed_guide,d964c0d0-a359-4b89-a925-cfe0a8728ea1,en,whitehall,2021-06-03T15:58:00.000Z,2021-06-03T15:58:00.000Z,,,10,"Environment,Food and farming,GOV.UK homepage,Keeping farmed animals,Reporting disease and disease outbreaks","Department for Environment, Food & Rural Affairs","Department for Environment, Food & Rural Affairs,Animal and Plant Health Agency",2019 to 2022 Johnson Conservative government,,,
https://www.gov.uk/guidance/what-happens-when-official-controls-are-triggered-at-the-eu-border,What happens when intensified official controls are triggered at the EU border,detailed_guide,1ec9935e-6218-433b-ab71-4e72f4509b15,en,whitehall,2025-05-02T11:09:00.000Z,2025-05-02T11:09:00.000Z,,,10,"Trade and investment,Producing and distributing food,Environment,Export controls and licensing,Import, export and distribution of food,Food and farming,GOV.UK homepage,Business and industry,Exporting","Department for Environment, Food & Rural Affairs","Department for Environment, Food & Rural Affairs",2024 Starmer Labour government,,,
https://www.gov.uk/guidance/creating-standardised-waste-packages,Creating Disposable Waste Packages,detailed_guide,5e336917-4b02-4706-8580-ae6dfe02a31c,en,whitehall,2020-11-20T00:00:00.000Z,2025-11-13T13:09:34.000Z,,,10,"Radioactive and nuclear substances and waste,Environment,GOV.UK homepage,Waste and recycling",Nuclear Waste Services,Nuclear Waste Services,2019 to 2022 Johnson Conservative government,,,
https://www.gov.uk/guidance/beavers-licence-to-modify-or-remove-dams-burrows-and-lodges-cl51,"Beavers: licence to modify or remove dams, burrows and lodges (CL51)",detailed_guide,0a6aca8a-d998-4d70-b281-d687a430320a,en,whitehall,2022-09-01T23:00:00.000Z,2025-01-01T00:01:09.000Z,,,10,"Wildlife and animal welfare,Mammals,Wildlife, animals, biodiversity and ecosystems,Animal welfare,Protected sites and species,Wildlife and habitat conservation,GOV.UK homepage,Environment",Natural England,"Natural England,Department for Environment, Food & Rural Affairs",2019 to 2022 Johnson Conservative government,,,
https://www.gov.uk/guidance/submit-fcerm-project-grant-claims-and-financial-reports,Submit FCERM project grant claims and financial reports,detailed_guide,7de65a16-4a31-4b27-9779-f86facaca4c5,en,whitehall,2021-08-31T23:00:00.000Z,2025-07-08T15:15:20.000Z,,,10,"River maintenance, flooding and coastal erosion,Environment,GOV.UK homepage",Environment Agency,Environment Agency,2019 to 2022 Johnson Conservative government,,,
https://www.gov.uk/guidance/people-and-nature-surveys-finding-and-using-the-data,The People and Nature Surveys for England: finding and using the data,detailed_guide,46f85179-1c77-49d3-af63-519a1a5ac0d2,en,whitehall,2023-09-24T23:00:00.000Z,2023-11-29T09:30:12.000Z,,,10,"Society and culture,Environment,GOV.UK homepage","Department for Environment, Food & Rural Affairs","Department for Environment, Food & Rural Affairs,Natural England",2022 to 2024 Sunak Conservative government,,,
https://www.gov.uk/guidance/waste-exemption-u9-using-waste-to-manufacture-finished-goods,U9: using waste to manufacture finished goods,detailed_guide,5f4d6b0a-7631-11e4-a3cb-005056011aef,en,whitehall,2014-04-27T23:00:00.000Z,2025-07-01T08:30:02.000Z,,,10,"GOV.UK homepage,Environmental permits,Waste exemptions,Waste and recycling,Environment",Environment Agency,Environment Agency,2010 to 2015 Conservative and Liberal Democrat coalition government,,,
https://www.gov.uk/guidance/wastes-from-mechanical-treatment-of-waste-how-to-classify,Wastes from mechanical treatment of waste: how to classify,detailed_guide,eb8cbbb3-d903-47fc-add5-b066d240b1d6,en,whitehall,2025-05-01T15:30:04.000Z,2025-05-01T15:30:04.000Z,,,10,"Environment,Waste and recycling,Waste management,Waste and environmental impact,GOV.UK homepage",Environment Agency,"Environment Agency,Department for Environment, Food & Rural Affairs",2024 Starmer Labour government,,,
https://www.gov.uk/guidance/selling-wild-birds-and-animals,Selling wild birds and animals,detailed_guide,64a6ea56-a337-4fb2-81bd-0a2db68332b5,en,whitehall,2015-05-27T11:52:00.000Z,2015-05-27T11:52:00.000Z,,,10,"Wildlife, animals, biodiversity and ecosystems,Environment,Wildlife and habitat conservation,GOV.UK homepage","Department for Environment, Food & Rural Affairs","Department for Environment, Food & Rural Affairs,Natural England",2015 to 2016 Cameron Conservative government,,,
https://www.gov.uk/guidance/poultry-health-scheme-how-to-register,Poultry Health Scheme: membership and fees,detailed_guide,5f53e3bc-7631-11e4-a3cb-005056011aef,en,whitehall,2014-07-02T23:00:00.000Z,2025-12-15T17:06:40.000Z,,,10,"Keeping farmed animals,Food and farming,Poultry registration,Environment,Producing and distributing food,GOV.UK homepage",Animal and Plant Health Agency,"Animal and Plant Health Agency,Department for Environment, Food & Rural Affairs",2010 to 2015 Conservative and Liberal Democrat coalition government,,,
https://www.gov.uk/guidance/register-as-a-trader-to-import-or-export-uk-agricultural-policy-ukap-products,Register as a trader to import or export UK Agricultural Policy (UKAP) products,detailed_guide,753b98f8-8add-4eef-98ad-cb8ae9e1858d,en,whitehall,2021-01-01T00:15:01.000Z,2021-01-01T00:15:01.000Z,,,10,"Import, export and distribution of food,GOV.UK homepage,Producing and distributing food,Food and farming,Environment",Rural Payments Agency,Rural Payments Agency,2019 to 2022 Johnson Conservative government,,,
https://www.gov.uk/guidance/applying-for-quota-to-produce-or-import-f-gas,Applying for quota to produce or import F gas,detailed_guide,a431a357-7520-45f7-aa46-6ede51cf7c88,en,whitehall,2019-10-06T23:00:00.000Z,2025-03-14T12:11:57.000Z,,,10,"Climate change and energy,GOV.UK homepage,F-gases and HCFCs,Chemicals,Greenhouse gas emissions,Environment",Environment Agency,"Environment Agency,Department for Environment, Food & Rural Affairs",2019 to 2022 Johnson Conservative government,,,
https://www.gov.uk/guidance/data-collection-framework,Data Collection Framework,detailed_guide,5fe400c3-7631-11e4-a3cb-005056011aef,en,whitehall,2014-03-05T00:00:00.000Z,2025-10-02T15:03:22.000Z,,,10,"Marine environment,GOV.UK homepage,Marine,Environment",Marine Management Organisation,Marine Management Organisation,2010 to 2015 Conservative and Liberal Democrat coalition government,,,
https://www.gov.uk/guidance/humber-river-basin-district-river-management-plan-updated-2022,Humber river basin district river management plan: updated 2022,detailed_guide,9ac00f08-f142-413c-b59d-71fbfcd3c569,en,whitehall,2022-10-20T23:00:00.000Z,2024-09-12T11:00:09.000Z,,,10,"Environment,Water management,GOV.UK homepage,Water quality,River maintenance, flooding and coastal erosion",Environment Agency,Environment Agency,2022 Truss Conservative government,,,
https://www.gov.uk/guidance/river-thames-lock-keeper-service,River Thames: lock keeper service,detailed_guide,73b963db-b223-4075-8e91-aa1be0af1388,en,whitehall,2024-06-20T23:00:00.000Z,2026-02-13T13:04:12.000Z,,,10,"GOV.UK homepage,Rural and countryside,Boats and waterways,Environment",Environment Agency,Environment Agency,2022 to 2024 Sunak Conservative government,,,
https://www.gov.uk/guidance/submit-an-fcerm-project-proposal,Submit an FCERM project proposal,detailed_guide,8e833bac-6e26-4eb9-8c67-f700e223472a,en,whitehall,2021-09-01T14:27:00.000Z,2021-09-01T14:27:00.000Z,,,10,"GOV.UK homepage,River maintenance, flooding and coastal erosion,Environment",Environment Agency,Environment Agency,2019 to 2022 Johnson Conservative government,,,
https://www.gov.uk/guidance/regional-fisheries-groups-south-west-7efg,Regional Fisheries Groups – South West 7efg,detailed_guide,959d51ab-a4c9-4cc7-a2fc-695ef054600b,en,whitehall,2022-07-25T23:00:00.000Z,2026-02-12T12:30:24.000Z,,,10,"Environment,Marine,Sea fishing,GOV.UK homepage",Marine Management Organisation,Marine Management Organisation,2019 to 2022 Johnson Conservative government,,,
https://www.gov.uk/guidance/gas-pipelines-applying-for-consent,Gas pipelines: applying for consent,detailed_guide,11b5ed24-a746-4a96-bef4-1e0a58439001,en,whitehall,2000-01-01T00:00:00.000Z,2022-12-09T09:06:27.000Z,,,10,"Energy infrastructure,Environment,GOV.UK homepage",Department for Energy Security and Net Zero,"Department for Energy Security and Net Zero,Department for Business, Energy & Industrial Strategy",1997 to 2007 Blair Labour government,,,
https://www.gov.uk/guidance/manage-your-town-and-village-greens,Manage your town and village greens,detailed_guide,5feaf25e-7631-11e4-a3cb-005056011aef,en,whitehall,2014-10-07T13:12:00.000Z,2014-10-07T13:12:00.000Z,,,10,"Rural development and land management,Rural and countryside,Commons and greens,Society and culture,Environment,Sports and leisure,Access to the countryside,GOV.UK homepage,Countryside,Recreation","Department for Environment, Food & Rural Affairs","Department for Environment, Food & Rural Affairs,Natural England",2010 to 2015 Conservative and Liberal Democrat coalition government,,,
https://www.gov.uk/guidance/waste-electrical-and-electronic-equipment-weee-exporting,Waste electrical and electronic equipment (WEEE): how to be an approved exporter,detailed_guide,5f51ab06-7631-11e4-a3cb-005056011aef,en,whitehall,2014-05-05T23:00:00.000Z,2025-09-15T08:41:26.000Z,,,10,"Environment,GOV.UK homepage,Trade and investment,Waste and recycling,Exporting,Waste management,Business and industry",Environment Agency,Environment Agency,2010 to 2015 Conservative and Liberal Democrat coalition government,,,
https://www.gov.uk/guidance/hammersmith-policy-unit-thames-estuary-2100,Hammersmith Policy Unit: Thames Estuary 2100,detailed_guide,a9fa2a05-f6d6-45a4-b657-7e8a1f748f54,en,whitehall,2023-04-19T11:19:00.000Z,2023-04-19T11:19:00.000Z,,,10,"Environment,GOV.UK homepage,River maintenance, flooding and coastal erosion","Department for Environment, Food & Rural Affairs","Department for Environment, Food & Rural Affairs,Environment Agency",2022 to 2024 Sunak Conservative government,,,
https://www.gov.uk/guidance/fast-track-and-accelerated-licensing,Accelerated licensing for dredging,detailed_guide,5ff12718-7631-11e4-a3cb-005056011aef,en,whitehall,2014-09-17T23:00:00.000Z,2024-11-28T16:05:56.000Z,,,10,"GOV.UK homepage,Marine licences,Environment,Marine",Marine Management Organisation,Marine Management Organisation,2010 to 2015 Conservative and Liberal Democrat coalition government,,,
https://www.gov.uk/guidance/grassland-derogations-for-livestock-manure-in-nitrate-vulnerable-zones,Grassland derogations for livestock manure in nitrate vulnerable zones,detailed_guide,5fa75896-7631-11e4-a3cb-005056011aef,en,whitehall,2015-08-09T23:00:00.000Z,2025-11-10T12:00:01.000Z,,,10,"GOV.UK homepage,Pollution,Environment,Rural and countryside,Rural development and land management,Food and farming","Department for Environment, Food & Rural Affairs","Department for Environment, Food & Rural Affairs,Environment Agency",2015 to 2016 Cameron Conservative government,,,
https://www.gov.uk/guidance/prevent-pollution-and-reduce-harmful-emissions-at-sea,Prevent pollution and reduce harmful emissions at sea,detailed_guide,5c761c12-7631-11e4-a3cb-005056011aef,en,whitehall,2012-09-13T16:17:00.000Z,2017-11-22T12:23:13.000Z,,,10,"Maritime and the environment,Maritime and shipping,Transport,Pollution and environmental quality,GOV.UK homepage,Business and industry,Environment",Maritime and Coastguard Agency,Maritime and Coastguard Agency,2010 to 2015 Conservative and Liberal Democrat coalition government,,,
https://www.gov.uk/guidance/apha-where-to-send-samples-for-testing-and-common-test-codes,APHA: where to send samples for testing and common test codes,detailed_guide,6c214472-32aa-43f0-a7f5-dd26f8c0f864,en,whitehall,2024-10-28T10:00:06.000Z,2024-10-28T10:00:06.000Z,,,10,"Wildlife, animals, biodiversity and ecosystems,Food and farming,Animal and plant health,Keeping farmed animals,Environment,GOV.UK homepage","Department for Environment, Food & Rural Affairs","Department for Environment, Food & Rural Affairs,Animal and Plant Health Agency",2024 Starmer Labour government,,,
https://www.gov.uk/guidance/dartford-and-erith-policy-unit-thames-estuary-2100,Dartford and Erith Policy Unit: Thames Estuary 2100,detailed_guide,0ce11880-94db-421d-902e-c0a69266503a,en,whitehall,2023-04-19T11:32:00.000Z,2023-04-19T11:32:00.000Z,,,10,"GOV.UK homepage,River maintenance, flooding and coastal erosion,Environment","Department for Environment, Food & Rural Affairs","Department for Environment, Food & Rural Affairs,Environment Agency",2022 to 2024 Sunak Conservative government,,,
https://www.gov.uk/guidance/special-nature-conservation-orders-consent-and-stop-notices,Special Nature Conservation Orders and stop notices,detailed_guide,d5b06093-457d-4aae-9073-2bfb3898137b,en,whitehall,2015-11-17T10:45:00.000Z,2021-02-24T07:59:08.000Z,,,10,"Environment,Wildlife and habitat conservation,Rural development and land management,Rural and countryside,Protected sites and species,Wildlife, animals, biodiversity and ecosystems,GOV.UK homepage,Protected sites","Department for Environment, Food & Rural Affairs","Department for Environment, Food & Rural Affairs,Welsh Government,Natural England,Natural Resources Wales",2015 to 2016 Cameron Conservative government,,,
https://www.gov.uk/guidance/biomethane-from-waste-resource-framework,Biomethane from waste: resource framework,detailed_guide,f153dcf7-6184-4a8b-bac9-73ac90d504ad,en,whitehall,2025-10-20T08:00:05.000Z,2025-10-20T08:00:05.000Z,,,10,"Waste management,Environment,Waste and recycling,GOV.UK homepage,Waste and environmental impact",Environment Agency,Environment Agency,2024 Starmer Labour government,,,
https://www.gov.uk/guidance/send-environmental-permit-application-information-in-stages,Send environmental permit application information in stages,detailed_guide,da419941-1cea-4a56-9803-b770d05acd7a,en,whitehall,2024-02-21T12:50:46.000Z,2024-02-21T12:50:46.000Z,,,10,"Environmental permits,Environment,GOV.UK homepage",Environment Agency,Environment Agency,2022 to 2024 Sunak Conservative government,,,
https://www.gov.uk/guidance/mining-and-groundwater-constraints-for-development,Mining and groundwater constraints for development,detailed_guide,076ca685-8468-4133-aaf2-7be068c59672,en,whitehall,2018-11-14T00:00:00.000Z,2018-11-14T00:00:00.000Z,,,10,"Housing, local and community,Environment,Pollution and environmental quality,Planning and building,Environmental permits,GOV.UK homepage,Water management,Planning system,Groundwater,Land and development opportunities,Environmental planning",Coal Authority,Coal Authority,2016 to 2019 May Conservative government,,,
https://www.gov.uk/guidance/natural-flood-management-programme-prospectus,Natural flood management programme prospectus,detailed_guide,5e4cd9ea-9a57-44b6-82d6-5eff3956dbe8,en,whitehall,2023-09-21T23:00:00.000Z,2024-02-23T08:53:52.000Z,,,10,"Environment,River maintenance, flooding and coastal erosion,GOV.UK homepage",Environment Agency,"Environment Agency,Department for Environment, Food & Rural Affairs",2022 to 2024 Sunak Conservative government,,,
https://www.gov.uk/guidance/apply-for-an-export-certificate-to-export-a-consignment-of-fertilisers,Apply for an export certificate to export a consignment of fertilisers,detailed_guide,ee832163-6a3c-43d0-820a-c7a684812ed4,en,whitehall,2026-02-16T09:30:07.000Z,2026-02-16T09:30:07.000Z,,,10,"Environment,GOV.UK homepage","Department for Environment, Food & Rural Affairs","Department for Environment, Food & Rural Affairs",2024 Starmer Labour government,,,
https://www.gov.uk/guidance/hay-fever-and-airborne-allergens,Hay fever and airborne allergens,detailed_guide,59a5080e-5654-404d-9658-4573965b0ef1,en,whitehall,2025-08-07T08:30:04.000Z,2025-08-07T08:30:04.000Z,,,10,"Environment,Pollution and environmental quality,GOV.UK homepage",UK Health Security Agency,"UK Health Security Agency,Centre for Climate and Health Security",2024 Starmer Labour government,,,
https://www.gov.uk/guidance/energy-innovation,Energy Innovation,detailed_guide,5592bfdf-af86-41e1-a584-bde9a93c1a7c,en,whitehall,2016-10-30T10:00:00.000Z,2021-03-03T13:54:15.000Z,,,9,"GOV.UK homepage,Business and industry,Research and development,Low carbon technologies,Environment,Science and innovation,Energy infrastructure",Department for Energy Security and Net Zero,"Department for Energy Security and Net Zero,Department for Business, Energy & Industrial Strategy",2016 to 2019 May Conservative government,,,
https://www.gov.uk/agricultural-survey,June survey of agriculture and horticulture,transaction,313a7a61-8622-44cb-95f6-8b31ea29c1ed,en,publisher,2012-09-28T12:00:57.000Z,2014-12-16T17:37:38.000Z,,,9,"Food and farming industry,Environment,GOV.UK homepage,Food and farming",Government Digital Service,"Department for Environment, Food & Rural Affairs",,,,
https://www.gov.uk/guidance/request-environmental-permit-and-coordination-support-for-nature-projects,Request environmental permit and coordination support for nature projects,detailed_guide,63733672-c539-4286-85b8-9bafcc0d9b41,en,whitehall,2026-01-09T00:00:00.000Z,2026-01-09T00:00:00.000Z,,,9,"Water management,GOV.UK homepage,Environment,Abstract (take) water,Rural development and land management,Environmental planning,Rural and countryside,Housing, local and community,Impound (store) water,Environmental permits,Planning and building",Environment Agency,Environment Agency,2024 Starmer Labour government,,,
https://www.gov.uk/guidance/beavers-advice-for-making-planning-decisions,Beavers: advice for making planning decisions,detailed_guide,2977fff9-8de0-484b-b20c-e7278f74fcb6,en,whitehall,2025-04-07T09:00:00.000Z,2025-04-07T09:00:00.000Z,,,9,"GOV.UK homepage,Land species,Environment,Protected sites and species,Wildlife, animals, biodiversity and ecosystems","Department for Environment, Food & Rural Affairs","Department for Environment, Food & Rural Affairs,Natural England",2024 Starmer Labour government,,,
https://www.gov.uk/guidance/veterinary-medicines-internal-market-scheme,Veterinary Medicines Internal Market Scheme,detailed_guide,e7310e30-5163-4087-ba5d-42ea961533fc,en,whitehall,2025-06-18T23:00:00.000Z,2025-10-31T13:22:19.000Z,,,9,"Environment,Animal and plant health,GOV.UK homepage,Wildlife, animals, biodiversity and ecosystems",Veterinary Medicines Directorate,Veterinary Medicines Directorate,2024 Starmer Labour government,,,
https://www.gov.uk/guidance/certify-wine-for-export,Certify wine for export,detailed_guide,11fed943-b574-4aab-aa66-b1e0f2de438e,en,whitehall,2022-02-18T13:50:23.000Z,2022-02-18T13:50:23.000Z,,,9,"Trade and investment,Business and industry,Food and farming,Import, export and distribution of food,Customs declarations, duties and tariffs (import and export),GOV.UK homepage,Exporting,Producing and distributing food,Environment","Department for Environment, Food & Rural Affairs","Department for Environment, Food & Rural Affairs",2019 to 2022 Johnson Conservative government,,,
https://www.gov.uk/report-coal-mine-hazard,Report a coal mine hazard,answer,9022a5f8-d554-446d-92ee-d42508811280,en,publisher,2013-05-30T16:53:04.000Z,2024-11-29T18:04:52.076Z,,,9,"GOV.UK homepage,Housing, local and community,Safety and the environment in your community,Environment,Housing and communities",Government Digital Service,"Department for Energy Security and Net Zero,Mining Remediation Authority",,,,
https://www.gov.uk/guidance/antimicrobial-resistance-clarification-of-new-elements-applied-from-the-vmr,Antimicrobial Resistance clarification of new elements applied from the VMR,detailed_guide,b2b6e6de-1d4e-486f-a3f2-8b2ed04357a3,en,whitehall,2024-05-17T08:06:16.000Z,2024-05-17T08:06:16.000Z,,,9,"Animal and plant health,Wildlife, animals, biodiversity and ecosystems,Environment,GOV.UK homepage",Veterinary Medicines Directorate,Veterinary Medicines Directorate,2022 to 2024 Sunak Conservative government,,,
https://www.gov.uk/guidance/apply-for-approval-to-export-animals-and-animal-products-to-great-britain,Apply for approval to export animals and animal products to Great Britain,detailed_guide,b93a4fa8-71c3-422c-926c-cd81923df184,en,whitehall,2025-02-07T15:22:07.000Z,2025-02-07T15:22:07.000Z,,,9,"Import, export and distribution of food,Food and farming,Wildlife, animals, biodiversity and ecosystems,Importing,GOV.UK homepage,Trade and investment,Producing and distributing food,Import controls,Business and industry,Environment,Animal and plant health","Department for Environment, Food & Rural Affairs","Department for Environment, Food & Rural Affairs",2024 Starmer Labour government,,,
https://www.gov.uk/guidance/closed-loop-ground-source-heating-and-cooling-systems-exemption-conditions,Closed loop ground source heating and cooling systems: exemption conditions,detailed_guide,7f11f8d2-880f-4be6-a9e6-2f2ba8021c28,en,whitehall,2023-10-01T23:00:00.000Z,2024-09-30T13:52:11.000Z,,,9,"Low carbon technologies,Planning and building,Energy infrastructure,Water management,Groundwater,GOV.UK homepage,Environment,Housing, local and community,Environmental permits",Environment Agency,Environment Agency,2022 to 2024 Sunak Conservative government,,,
https://www.gov.uk/guidance/air-carriers-transport-pets-and-assistance-dogs,Air carriers: transport pets and assistance dogs,detailed_guide,dd0eb78a-1b1b-4201-aa66-7e1146d096d3,en,whitehall,2016-06-30T23:00:00.000Z,2025-08-12T07:22:55.000Z,,,9,"Pets,GOV.UK homepage,Wildlife, animals, biodiversity and ecosystems,Environment",Animal and Plant Health Agency,"Animal and Plant Health Agency,Department for Environment, Food & Rural Affairs",2015 to 2016 Cameron Conservative government,,,
https://www.gov.uk/guidance/waste-exemption-u16-using-depolluted-end-of-life-vehicles-for-parts,U16: using depolluted end-of-life vehicles for parts,detailed_guide,5f4d6e42-7631-11e4-a3cb-005056011aef,en,whitehall,2014-04-27T23:00:00.000Z,2025-07-01T08:30:02.000Z,,,9,"Environment,GOV.UK homepage,Environmental permits,Waste exemptions,Waste and recycling",Environment Agency,Environment Agency,2010 to 2015 Conservative and Liberal Democrat coalition government,,,
https://www.gov.uk/guidance/restriction-of-hazardous-substances-rohs-exemptions-how-to-apply,Restriction of hazardous substances (RoHS) exemptions for electrical and electronic equipment: how to apply,detailed_guide,d53087fa-77de-4588-90d8-b2b4adf5b235,en,whitehall,2021-02-16T13:48:00.000Z,2023-02-23T14:43:32.000Z,,,9,"Business and industry,Chemicals,Manufacturing,Environment,GOV.UK homepage",Office for Product Safety and Standards,"Office for Product Safety and Standards,Department for Business and Trade,Department for Environment, Food & Rural Affairs,Department for Business, Energy & Industrial Strategy",2019 to 2022 Johnson Conservative government,,,
https://www.gov.uk/guidance/technical-conservation-and-landing-obligation-rules-and-regulations-2025,Technical Conservation and Landing Obligation rules and regulations 2025,detailed_guide,15e5c92c-aa9b-4bf6-9732-c4c8727b2d5a,en,whitehall,2025-01-30T00:00:00.000Z,2026-01-12T14:23:15.000Z,,,9,"Marine,GOV.UK homepage,Environment,Sea fishing",Marine Management Organisation,Marine Management Organisation,2024 Starmer Labour government,,,
https://www.gov.uk/guidance/sending-parcels-from-great-britain-to-northern-ireland,Sending parcels from Great Britain to Northern Ireland,detailed_guide,5ecd9161-9e28-4316-8817-dbc35abb1866,en,whitehall,2025-05-01T11:00:04.000Z,2025-05-01T11:00:04.000Z,,,9,"Food and farming,Exporting,Producing and distributing food,Trade and investment,Export controls and licensing,Business and industry,Import, export and distribution of food,GOV.UK homepage,Environment","Department for Environment, Food & Rural Affairs","Department for Environment, Food & Rural Affairs",2024 Starmer Labour government,,,
https://www.gov.uk/guidance/reservoir-supervising-engineers-written-statements-and-site-visit-reports,Reservoir supervising engineers: written statements and site visit reports,detailed_guide,a9bc13c0-d0ab-45de-879d-d5d2ffe3d8c8,en,whitehall,2022-06-26T23:00:00.000Z,2024-02-23T09:03:35.000Z,,,9,"Environment,River maintenance, flooding and coastal erosion,GOV.UK homepage",Environment Agency,Environment Agency,2019 to 2022 Johnson Conservative government,,,
https://www.gov.uk/find-nature-reserves-national-parks-and-greenspaces,"Visit national parks, nature reserves and green spaces",answer,a302e3f9-1169-48c6-9cab-94c9f326eca4,en,publisher,2014-09-19T10:03:20.000Z,2024-10-31T15:22:15.625Z,,,9,"Rural and countryside,GOV.UK homepage,Wildlife and habitat conservation,Wildlife, animals, biodiversity and ecosystems,Environment,Countryside",Government Digital Service,"Department for Environment, Food & Rural Affairs,Ministry of Housing, Communities and Local Government,Natural England",,,,
https://www.gov.uk/guidance/necessary-wayleaves-and-tree-felling-or-lopping-applying-for-consent,Necessary wayleaves and tree felling or lopping: applying for consent,detailed_guide,baedeecf-9808-4071-b6dc-ad1d7f1c9add,en,whitehall,2000-01-01T00:00:00.000Z,2000-01-01T00:00:00.000Z,,,9,"GOV.UK homepage,Energy infrastructure,Environment",Department for Energy Security and Net Zero,Department for Energy Security and Net Zero,1997 to 2007 Blair Labour government,,,
https://www.gov.uk/guidance/disputes-regarding-connection-to-the-public-sewer,Public sewer connection dispute under section 101A,detailed_guide,5f4abe76-7631-11e4-a3cb-005056011aef,en,whitehall,2014-04-02T09:56:00.000Z,2014-04-02T09:56:00.000Z,,,9,"Discharge water,GOV.UK homepage,Water management,Water and sewerage services,Environment",Environment Agency,Environment Agency,2010 to 2015 Conservative and Liberal Democrat coalition government,,,
https://www.gov.uk/guidance/dog-breeding-licence-wales,Dog breeding licence (Wales),detailed_guide,f1c0ad1d-b46c-4e9e-9288-939c2b0ef279,en,whitehall,2020-04-19T23:00:00.000Z,2020-04-19T23:00:00.000Z,,,9,"Wildlife, animals, biodiversity and ecosystems,GOV.UK homepage,Animal welfare,Environment","Department for Environment, Food & Rural Affairs","Department for Environment, Food & Rural Affairs",2019 to 2022 Johnson Conservative government,,,
https://www.gov.uk/guidance/residues-surveillance,Residues Surveillance,detailed_guide,06233edb-3a46-4d47-8825-29b7ea872cf5,en,whitehall,2014-12-17T00:00:00.000Z,2025-06-05T12:30:41.000Z,,,9,"Animal and plant health,Environment,Food and farming,Wildlife, animals, biodiversity and ecosystems,GOV.UK homepage",Veterinary Medicines Directorate,Veterinary Medicines Directorate,2010 to 2015 Conservative and Liberal Democrat coalition government,,,
https://www.gov.uk/guidance/green-finance,Green finance,detailed_guide,db7b60f4-51b9-46f8-a68a-50b7a4a72089,en,whitehall,2017-09-18T11:37:00.000Z,2019-07-02T10:46:30.000Z,,,9,"Financial services,Business and industry,Environment,Energy infrastructure,GOV.UK homepage,Access to financial services,Low carbon technologies",Department for Energy Security and Net Zero,"Department for Energy Security and Net Zero,Department for Business, Energy & Industrial Strategy",2016 to 2019 May Conservative government,,,
https://www.gov.uk/guidance/dangers-to-marine-species-and-measures-to-protect-them,Dangers to marine species and measures to protect them,detailed_guide,5c761c5c-7631-11e4-a3cb-005056011aef,en,whitehall,2012-09-11T23:00:00.000Z,2013-09-13T11:58:14.000Z,,,9,"Environment,Marine environment,Marine,GOV.UK homepage","Department for Environment, Food & Rural Affairs","Department for Environment, Food & Rural Affairs",2010 to 2015 Conservative and Liberal Democrat coalition government,,,
https://www.gov.uk/guidance/smart-meters-information-for-industry-and-other-stakeholders,Smart meters: information for industry and other stakeholders,detailed_guide,5d278aef-7631-11e4-a3cb-005056011aef,en,whitehall,2013-01-22T12:06:00.000Z,2013-03-05T12:39:13.000Z,,,9,"Planning and building,GOV.UK homepage,Environment,Housing, local and community,Energy efficiency in buildings,Climate change and energy,Energy efficiency",Department for Energy Security and Net Zero,"Department for Energy Security and Net Zero,Ofgem,Department for Business, Energy & Industrial Strategy",2010 to 2015 Conservative and Liberal Democrat coalition government,,,
https://www.gov.uk/guidance/prevent-fish-or-shellfish-diseases,Controls of fish and shellfish diseases in England and Wales,detailed_guide,5f121f97-7631-11e4-a3cb-005056011aef,en,whitehall,2014-05-15T23:00:00.000Z,2025-11-06T11:08:34.000Z,,,9,"GOV.UK homepage,Food and farming,Environment,Animal and plant health,Wildlife, animals, biodiversity and ecosystems","Department for Environment, Food & Rural Affairs","Department for Environment, Food & Rural Affairs,Centre for Environment, Fisheries and Aquaculture Science,Environment Agency",2010 to 2015 Conservative and Liberal Democrat coalition government,,,
https://www.gov.uk/guidance/commons-registration-authorities-maintain-registers-of-commons-and-greens,Commons registration authorities: maintain registers of commons and greens,detailed_guide,fca78454-bd68-41b4-9e8f-024f06c12247,en,whitehall,2015-11-17T10:45:00.000Z,2015-11-18T15:33:03.000Z,,,9,"Environment,Rural development and land management,GOV.UK homepage,Rural and countryside","Department for Environment, Food & Rural Affairs","Department for Environment, Food & Rural Affairs",2015 to 2016 Cameron Conservative government,,,
https://www.gov.uk/guidance/salmonella-get-your-egg-laying-hens-tested,Laying hens and flocks: poultry testing for salmonella,detailed_guide,5fe402aa-7631-11e4-a3cb-005056011aef,en,whitehall,2016-02-08T15:04:00.000Z,2023-07-06T15:26:59.000Z,,,9,"GOV.UK homepage,Animal and plant health,Poultry registration,Food and farming,Wildlife, animals, biodiversity and ecosystems,Environment,Keeping farmed animals","Department for Environment, Food & Rural Affairs","Department for Environment, Food & Rural Affairs,Animal and Plant Health Agency,Welsh Government,The Scottish Government,Department of Agriculture, Environment and Rural Affairs (Northern Ireland)",2015 to 2016 Cameron Conservative government,,,
https://www.gov.uk/guidance/how-to-do-the-sfi-actions-for-integrated-pest-management,How to do the SFI actions for integrated pest management,detailed_guide,a21c47ab-26b3-455e-8093-16075e7fd368,en,whitehall,2023-08-09T23:00:00.000Z,2025-03-27T10:02:55.000Z,,,9,"Farming,GOV.UK homepage,Rural and countryside,Farming and food grants and payments,Rural development and land management,Environment,Rural grants and payments,Rural development,Food and farming",Rural Payments Agency,Rural Payments Agency,2022 to 2024 Sunak Conservative government,,,
https://www.gov.uk/guidance/collecting-and-treating-animal-by-products-at-collection-centres,Collecting and treating animal by-products at collection centres,detailed_guide,5fe0e1ad-7631-11e4-a3cb-005056011aef,en,whitehall,2014-09-05T12:24:00.000Z,2014-10-09T16:28:23.000Z,,,9,"Environment,GOV.UK homepage","Department for Environment, Food & Rural Affairs","Department for Environment, Food & Rural Affairs,Animal and Plant Health Agency",2010 to 2015 Conservative and Liberal Democrat coalition government,,,
https://www.gov.uk/guidance/flood-and-sea-defences-when-maintenance-stops,Flood and sea defences: when maintenance stops,detailed_guide,043a5b92-7e2e-4a16-b72a-0c49944bca6f,en,whitehall,2015-05-14T09:31:00.000Z,2016-04-06T07:30:11.000Z,,,9,"GOV.UK homepage,River maintenance, flooding and coastal erosion,Environment",Environment Agency,"Environment Agency,Department for Environment, Food & Rural Affairs",2015 to 2016 Cameron Conservative government,,,
https://www.gov.uk/guidance/local-environmental-quality,Local environmental quality,detailed_guide,5dc75a05-7631-11e4-a3cb-005056011aef,en,whitehall,2013-04-09T11:46:00.000Z,2015-06-09T09:58:46.000Z,,,9,"Environment,Rural and countryside,Rural development and land management,GOV.UK homepage","Department for Environment, Food & Rural Affairs","Department for Environment, Food & Rural Affairs,Environment Agency",2010 to 2015 Conservative and Liberal Democrat coalition government,,,
https://www.gov.uk/guidance/protect-a-geographical-food-or-drink-name-in-the-uk,Protect a geographical food or drink name,detailed_guide,dd548996-b6b8-4dc4-812c-0f4615996ace,en,whitehall,2020-12-31T23:01:00.000Z,2021-01-06T16:27:03.000Z,,,9,"Producing and distributing food,Food and farming,GOV.UK homepage,Environment","Department for Environment, Food & Rural Affairs","Department for Environment, Food & Rural Affairs",2019 to 2022 Johnson Conservative government,,,
https://www.gov.uk/guidance/pollen-forecast,Pollen forecast,detailed_guide,e51e1385-9039-46b1-871c-96ce51318f9e,en,whitehall,2025-08-07T08:30:04.000Z,2025-08-07T08:30:04.000Z,,,9,"GOV.UK homepage,Environment,Pollution and environmental quality",UK Health Security Agency,"UK Health Security Agency,Centre for Climate and Health Security",2024 Starmer Labour government,,,
https://www.gov.uk/guidance/waste-services,Waste Services,detailed_guide,2b1d591f-86e9-4576-a933-11d1f7d3163d,en,whitehall,2022-01-31T00:00:00.000Z,2025-09-24T09:04:36.000Z,,,9,"Waste and recycling,GOV.UK homepage,Environment,Radioactive and nuclear substances and waste,Waste management",Nuclear Waste Services,Nuclear Waste Services,2019 to 2022 Johnson Conservative government,,,
https://www.gov.uk/guidance/airborne-allergens-a-quick-guide,Airborne allergens - a quick guide,detailed_guide,fbc874c6-6cf0-4c8a-abb8-8f9ce72fe444,en,whitehall,2025-08-06T23:00:00.000Z,2025-08-06T23:00:00.000Z,,,9,"Pollution and environmental quality,Environment,GOV.UK homepage",UK Health Security Agency,"UK Health Security Agency,Centre for Climate and Health Security",2024 Starmer Labour government,,,
https://www.gov.uk/guidance/farm-business-survey-technical-notes-and-guidance,Farm business survey - technical notes and guidance,detailed_guide,5e0fadd8-7631-11e4-a3cb-005056011aef,en,whitehall,2010-01-02T00:00:00.000Z,2025-11-17T09:30:05.000Z,,,9,"Food and farming,Environment,Food and farming industry,GOV.UK homepage","Department for Environment, Food & Rural Affairs","Department for Environment, Food & Rural Affairs",2007 to 2010 Brown Labour government,,,
https://www.gov.uk/guidance/rpa-remittance-advice-guidance,RPA Remittance advice guidance,detailed_guide,f35a2b85-2ac8-4e3e-bff7-739b001f3c81,en,whitehall,2019-10-31T07:51:00.000Z,2022-09-30T10:31:02.000Z,,,9,"Environment,Rural grants and payments,GOV.UK homepage,Food and farming,Farming and food grants and payments",Rural Payments Agency,Rural Payments Agency,2019 to 2022 Johnson Conservative government,,,
https://www.gov.uk/guidance/get-free-bluetongue-testing-if-youre-in-a-bluetongue-zone,Get bluetongue testing,detailed_guide,b2b8e7f5-3056-49f3-bdb9-3849b976d68b,en,whitehall,2025-02-12T00:00:00.000Z,2025-07-29T10:48:07.000Z,,,8,"Reporting disease and disease outbreaks,Cattle deaths,Food and farming,Keeping farmed animals,GOV.UK homepage,Environment","Department for Environment, Food & Rural Affairs","Department for Environment, Food & Rural Affairs",2024 Starmer Labour government,,,
https://www.gov.uk/guidance/register-with-cts-online-to-represent-cattle-keepers-as-an-agent,Register with CTS Online to represent cattle keepers as an agent,detailed_guide,5f20ec60-7631-11e4-a3cb-005056011aef,en,whitehall,2014-05-06T11:11:00.000Z,2021-10-04T08:25:44.000Z,,,8,"Environment,Cattle identification, registration and movements,Food and farming,GOV.UK homepage,Keeping farmed animals",British Cattle Movement Service,British Cattle Movement Service,2010 to 2015 Conservative and Liberal Democrat coalition government,,,
https://www.gov.uk/guidance/african-horse-sickness,African horse sickness: how to spot and report the disease,detailed_guide,5f5f9c59-7631-11e4-a3cb-005056011aef,en,whitehall,2014-08-26T13:46:00.000Z,2018-10-18T14:23:22.000Z,,,8,"GOV.UK homepage,Food and farming,Environment","Department for Environment, Food & Rural Affairs","Department for Environment, Food & Rural Affairs,Animal and Plant Health Agency",2010 to 2015 Conservative and Liberal Democrat coalition government,,,
https://www.gov.uk/rural-development-programme-for-england,Rural Development Programme for England,answer,a8f08e2c-cb5f-450f-b672-0be24f6caccf,en,publisher,2012-10-02T12:06:04.000Z,2015-03-27T10:43:34.000Z,,,8,"Countryside,Rural development and land management,Farming,GOV.UK homepage,Environment,Rural and countryside",Government Digital Service,"Department for Environment, Food & Rural Affairs",,,,
https://www.gov.uk/guidance/bluefin-tuna-in-the-uk,Bluefin tuna in the UK,detailed_guide,06461fc2-a3cd-48af-b49e-c2c49b7e3135,en,whitehall,2021-08-03T23:00:00.000Z,2024-03-28T10:00:00.000Z,,,8,"Marine,Environment,Sea fishing,GOV.UK homepage",Marine Management Organisation,Marine Management Organisation,2019 to 2022 Johnson Conservative government,,,
https://www.gov.uk/guidance/tree-production-innovation-fund,Tree Production Innovation Fund (currently closed),detailed_guide,57c71eaa-bd78-4d36-87fa-9b4d904ce616,en,whitehall,2021-06-23T23:00:00.000Z,2025-10-02T14:35:51.000Z,,,8,"Forests and woodland,Rural and countryside,Environment,GOV.UK homepage",Forestry Commission,Forestry Commission,2019 to 2022 Johnson Conservative government,,,
https://www.gov.uk/guidance/protect-cattle-against-tb-infection-in-high-and-low-incidence-areas,Protect cattle against TB infection in high and low incidence areas,detailed_guide,7a4401a4-949e-4c51-a62c-dfc3483534bf,en,whitehall,2023-07-03T10:33:00.000Z,2023-07-19T15:44:55.000Z,,,8,"Bovine tuberculosis (bovine TB),GOV.UK homepage,Food and farming,Keeping farmed animals,Environment",Animal and Plant Health Agency,Animal and Plant Health Agency,2022 to 2024 Sunak Conservative government,,,
https://www.gov.uk/guidance/seasonal-work-on-farms-guidance-for-workers,Seasonal work on farms: guidance for workers,detailed_guide,ad882c4a-2a0f-4ea3-ba0c-c7cfdf5c2663,en,whitehall,2020-04-29T09:20:00.000Z,2022-05-10T08:37:00.000Z,,,8,"Producing and distributing food,Food and farming,GOV.UK homepage,Work,Environment","Department for Environment, Food & Rural Affairs","Department for Environment, Food & Rural Affairs",2019 to 2022 Johnson Conservative government,,,
https://www.gov.uk/guidance/countryside-stewardship-cs-mid-tier-extensions-for-2021-agreements,Countryside Stewardship (CS) Mid Tier: extensions for 2021 agreements,detailed_guide,011583fd-6efc-4f90-a64c-78e0793acb88,en,whitehall,2025-10-14T23:00:00.000Z,2025-10-30T17:00:00.000Z,,,8,"Rural and countryside,Rural grants and payments,Farming,GOV.UK homepage,Food and farming,Farming and food grants and payments,Countryside stewardship,Rural development and land management,Environment","Department for Environment, Food & Rural Affairs","Department for Environment, Food & Rural Affairs,Rural Payments Agency,Natural England",2024 Starmer Labour government,,,
https://www.gov.uk/guidance/selling-manufactured-solid-fuels-for-domestic-use-in-england,Selling manufactured solid fuels for domestic use in England,detailed_guide,e46cfc86-4469-41c0-ab7d-dd9910061053,en,whitehall,2021-02-16T15:36:00.000Z,2022-07-07T15:17:22.000Z,,,8,"Climate change and energy,Environment,GOV.UK homepage,Energy efficiency,Pollution and environmental quality","Department for Environment, Food & Rural Affairs","Department for Environment, Food & Rural Affairs",2019 to 2022 Johnson Conservative government,,,
https://www.gov.uk/guidance/mmo-fisheries-management-plan-updates,MMO Fisheries Management Plan Updates,detailed_guide,603778ad-156a-4a96-9338-542e64638fa6,en,whitehall,2025-12-08T00:00:00.000Z,2025-12-19T15:32:21.000Z,,,8,"Marine,GOV.UK homepage,Sea fishing,Environment",Marine Management Organisation,Marine Management Organisation,2024 Starmer Labour government,,,
https://www.gov.uk/guidance/environmental-permits-privacy-notice,Environmental permits privacy notice,detailed_guide,dbd6c696-4ef5-4e26-b81a-aa2422dfc882,en,whitehall,2021-08-09T23:00:00.000Z,2026-02-12T10:00:06.000Z,,,8,"Environment,Environmental permits,GOV.UK homepage",Environment Agency,Environment Agency,2019 to 2022 Johnson Conservative government,,,
https://www.gov.uk/guidance/seed-sourcing-grant,Seed Sourcing Grant (currently closed),detailed_guide,d2a1bb87-025e-4977-aaf2-19f557b296fb,en,whitehall,2022-09-21T23:00:00.000Z,2025-10-14T12:25:11.000Z,,,8,"Environment,Forests and woodland,Rural and countryside,GOV.UK homepage",Forestry Commission,Forestry Commission,2022 Truss Conservative government,,,
https://www.gov.uk/guidance/celtic-sea-and-western-channel-demersal-fisheries-management-plan-fmp,Celtic Sea and Western Channel demersal Fisheries Management Plan (FMP) development,detailed_guide,43123af5-e412-430c-ad1e-eb317aa2da9b,en,whitehall,2024-04-15T23:00:00.000Z,2026-02-02T10:27:16.000Z,,,8,"Environment,GOV.UK homepage,Marine,Sea fishing",Marine Management Organisation,Marine Management Organisation,2022 to 2024 Sunak Conservative government,,,
https://www.gov.uk/guidance/air-pollution-and-airborne-allergens,Air pollution and airborne allergens,detailed_guide,abe0e36f-3838-432d-84ba-478f09e69595,en,whitehall,2025-08-07T08:30:04.000Z,2025-08-07T08:30:04.000Z,,,8,"Environment,Pollution and environmental quality,GOV.UK homepage",UK Health Security Agency,"UK Health Security Agency,Centre for Climate and Health Security",2024 Starmer Labour government,,,
https://www.gov.uk/guidance/marine-plans-three-year-reports,Marine Plans: three-year reports,detailed_guide,0005397c-ea96-4cd5-abe6-e2ca68b6f1f3,en,whitehall,2025-06-30T23:00:00.000Z,2025-06-30T23:00:00.000Z,,,8,"Marine,Environment,GOV.UK homepage,Marine planning",Marine Management Organisation,Marine Management Organisation,2024 Starmer Labour government,,,
https://www.gov.uk/guidance/understand-fisheries-catch-limits-and-closed-fishing-areas,Understand fisheries catch limits and closed fishing areas,detailed_guide,5f5a1247-7631-11e4-a3cb-005056011aef,en,whitehall,2014-06-11T09:45:00.000Z,2015-07-23T09:00:29.000Z,,,8,"Fishing, fisheries and fishing vessels,GOV.UK homepage,Wildlife, animals, biodiversity and ecosystems,Environment,Marine fisheries,Food and farming",Marine Management Organisation,Marine Management Organisation,2010 to 2015 Conservative and Liberal Democrat coalition government,,,
https://www.gov.uk/guidance/commons-registration-authorities-correct-mistakes,Commons registration authorities: correct mistakes,detailed_guide,213a26b4-d397-4f1a-b29c-9125e1d033f1,en,whitehall,2015-11-17T10:49:00.000Z,2015-11-18T16:01:39.000Z,,,8,"Rural development and land management,Rural and countryside,Environment,GOV.UK homepage","Department for Environment, Food & Rural Affairs","Department for Environment, Food & Rural Affairs",2015 to 2016 Cameron Conservative government,,,
https://www.gov.uk/guidance/drainage-charges-for-occupiers-of-land-in-the-anglian-area,Drainage charges for occupiers of land in the Anglian area,detailed_guide,5eb4d0b3-f909-4ca6-abd5-92c64c4ce527,en,whitehall,2013-09-30T23:00:00.000Z,2025-04-10T16:55:08.000Z,,,8,"Environment,Climate change and energy,GOV.UK homepage",Environment Agency,Environment Agency,2010 to 2015 Conservative and Liberal Democrat coalition government,,,
https://www.gov.uk/guidance/tree-production-capital-grant,Tree Production Capital Grant (currently closed),detailed_guide,76914932-c888-4d6a-8c0a-e034ffc9fdf7,en,whitehall,2022-05-18T23:00:00.000Z,2025-10-02T14:24:30.000Z,,,8,"Rural and countryside,Environment,Forests and woodland,GOV.UK homepage",Forestry Commission,Forestry Commission,2019 to 2022 Johnson Conservative government,,,
https://www.gov.uk/guidance/medium-combustion-plant-and-specified-generator-permits-how-to-comply,Medium combustion plant and specified generator permits: how to comply,detailed_guide,02680c5d-8dc9-4a10-b985-621318dbe0cc,en,whitehall,2019-07-14T23:00:00.000Z,2024-07-22T15:53:51.000Z,,,8,"Pollution and environmental quality,GOV.UK homepage,Business and the environment,Environmental permits,Environment,Business and industry",Environment Agency,"Environment Agency,Natural Resources Wales,Department for Environment, Food & Rural Affairs,Welsh Government",2016 to 2019 May Conservative government,,,
https://www.gov.uk/guidance/bringing-non-specified-animal-pathogens-or-carriers-into-the-uk,Import animal pathogens or carriers to Great Britain,detailed_guide,60265a57-7631-11e4-a3cb-005056011aef,en,whitehall,2015-02-02T11:09:00.000Z,2021-03-26T16:25:48.000Z,,,8,"Research and development,Importing,Import controls,Environment,Science and innovation,GOV.UK homepage,Trade and investment,Animal and plant health,Business and industry,Wildlife, animals, biodiversity and ecosystems","Department for Environment, Food & Rural Affairs","Department for Environment, Food & Rural Affairs,Animal and Plant Health Agency",2010 to 2015 Conservative and Liberal Democrat coalition government,,,
https://www.gov.uk/guidance/burning-crop-residues-restrictions-and-rules-for-farmers-and-land-managers,Burning crop residues: restrictions and rules for farmers and land managers,detailed_guide,a81c5e31-9f23-4d1e-b564-a6a9ac128d41,en,whitehall,2021-12-07T11:23:00.000Z,2021-12-07T11:23:00.000Z,,,8,"Pollution and environmental quality,Environment,Food and farming industry,GOV.UK homepage,Food and farming","Department for Environment, Food & Rural Affairs","Department for Environment, Food & Rural Affairs",2019 to 2022 Johnson Conservative government,,,
https://www.gov.uk/guidance/electric-vehicle-smart-charging-smart-meter-demonstration-project,Electric vehicle smart charging: smart meter demonstration project,detailed_guide,4968bec0-8d98-4249-b676-8c2d4f50041b,en,whitehall,2019-09-04T14:19:00.000Z,2019-09-04T14:19:00.000Z,,,8,"Environment,Low carbon technologies,Government spending,Energy infrastructure,GOV.UK homepage,Government,Government funding programmes,Government efficiency, transparency and accountability","Department for Science, Innovation and Technology","Department for Science, Innovation and Technology,Department for Business, Energy & Industrial Strategy",2019 to 2022 Johnson Conservative government,,,
https://www.gov.uk/guidance/farm-software-for-cts-web-services,Farm software for CTS Web Services,detailed_guide,9412d411-7021-4187-b446-f7d0d8726cc3,en,whitehall,2017-10-19T23:00:00.000Z,2025-04-08T08:55:04.000Z,,,8,"Environment,Food and farming,GOV.UK homepage,Cattle identification, registration and movements,Keeping farmed animals",British Cattle Movement Service,"British Cattle Movement Service,Rural Payments Agency",2016 to 2019 May Conservative government,,,
https://www.gov.uk/guidance/sheep-dip-groundwater-protection-code,Sheep dip: groundwater protection code,detailed_guide,2020e0df-65da-45b9-8a43-9743461245d7,en,whitehall,2016-02-11T16:51:00.000Z,2023-02-08T09:42:07.000Z,,,8,"Environment,Food and farming,Water management,Groundwater,Business and industry,GOV.UK homepage","Department for Environment, Food & Rural Affairs","Department for Environment, Food & Rural Affairs,Environment Agency,Natural Resources Wales",2015 to 2016 Cameron Conservative government,,,
https://www.gov.uk/guidance/protected-species-when-to-apply-for-a-licence-to-survey-film-or-photograph-them,"Protected species: when to apply for a licence to survey, film or photograph them",detailed_guide,b9800916-bb6f-4d58-a33a-3ff1dfd14604,en,whitehall,2015-11-17T15:40:00.000Z,2015-11-17T15:40:00.000Z,,,8,"Environment,Wildlife, animals, biodiversity and ecosystems,GOV.UK homepage,Wildlife and habitat conservation",Natural England,Natural England,2015 to 2016 Cameron Conservative government,,,
https://www.gov.uk/guidance/flood-and-sea-defences-designated-assets-on-your-land,Flood and sea defences: designated assets on your land,detailed_guide,ac2cfa77-c7da-4eee-9804-c4e5c576e493,en,whitehall,2015-05-14T09:27:00.000Z,2015-05-14T09:27:00.000Z,,,8,"River maintenance, flooding and coastal erosion,GOV.UK homepage,Environment","Department for Environment, Food & Rural Affairs","Department for Environment, Food & Rural Affairs,Environment Agency",2015 to 2016 Cameron Conservative government,,,
https://www.gov.uk/guidance/nutrient-neutrality-update,Nutrient neutrality: update,detailed_guide,8f07883b-7d97-45d6-abd3-4bb236862218,en,whitehall,2023-09-19T23:00:00.000Z,2024-03-06T13:41:16.000Z,,,8,"GOV.UK homepage,Housing, local and community,Planning and building,Pollution and environmental quality,Environment,House building","Department for Levelling Up, Housing and Communities ","Department for Levelling Up, Housing and Communities ",2022 to 2024 Sunak Conservative government,,,
https://www.gov.uk/guidance/edge-design-for-woodland-integration-resilience-and-biodiversity,"Edge design for woodland integration, resilience and biodiversity",detailed_guide,2b57fc6a-e713-44f1-bedc-13019b61e872,en,whitehall,2025-04-15T23:00:00.000Z,2025-04-15T23:00:00.000Z,,,8,"Environment,GOV.UK homepage,Rural and countryside,Forests and woodland,Hedgerows,Rural development and land management",Forestry Commission,Forestry Commission,2024 Starmer Labour government,,,
https://www.gov.uk/guidance/monitoring-stack-emissions-maximum-uncertainty-values-for-periodic-monitoring,Monitoring stack emissions: maximum uncertainty values for periodic monitoring,detailed_guide,ba1c9779-ec42-4f09-af61-ddb3d8b85f82,en,whitehall,2019-12-18T11:32:00.000Z,2021-09-24T17:45:33.000Z,,,8,"Business regulation,Environment,Pollution and environmental quality,Business and industry,Business and the environment,GOV.UK homepage,Environmental permits",Environment Agency,Environment Agency,2019 to 2022 Johnson Conservative government,,,
https://www.gov.uk/guidance/flood-and-coastal-erosion-risk-management-projects-and-funding,Flood and coastal erosion risk management projects and funding,detailed_guide,9b52c5e5-ae7d-401e-882f-eafa2891ad54,en,whitehall,2021-09-01T13:12:00.000Z,2023-04-27T09:11:53.000Z,,,8,"River maintenance, flooding and coastal erosion,Environment,GOV.UK homepage",Environment Agency,Environment Agency,2019 to 2022 Johnson Conservative government,,,
https://www.gov.uk/guidance/waste-exemption-t16-treating-waste-toner-and-ink-cartridges,T16: treating toner and ink cartridges for reuse,detailed_guide,5f4d2e1f-7631-11e4-a3cb-005056011aef,en,whitehall,2014-04-27T23:00:00.000Z,2025-07-01T08:30:01.000Z,,,8,"Environment,Waste and recycling,GOV.UK homepage,Waste exemptions,Environmental permits",Environment Agency,Environment Agency,2010 to 2015 Conservative and Liberal Democrat coalition government,,,
https://www.gov.uk/guidance/beavers-licence-to-capture-transport-and-re-release-beavers-or-modify-or-remove-beaver-dams-burrows-and-lodges-cl50,"Beavers: licence to capture, transport and re-release beavers or modify or remove beaver dams, burrows and lodges (CL50)",detailed_guide,99700acf-e8da-442a-8838-01a974b69ac6,en,whitehall,2022-09-01T23:00:00.000Z,2025-01-01T00:01:09.000Z,,,8,"Animal welfare,GOV.UK homepage,Wildlife and habitat conservation,Environment,Mammals,Protected sites and species,Wildlife, animals, biodiversity and ecosystems,Wildlife and animal welfare",Natural England,"Natural England,Department for Environment, Food & Rural Affairs",2019 to 2022 Johnson Conservative government,,,
https://www.gov.uk/guidance/exporting-organic-food-from-the-uk,Exporting organic food from the UK,detailed_guide,ddacab15-157b-4941-a076-52381e86af18,en,whitehall,2023-04-19T23:00:00.000Z,2023-04-19T23:00:00.000Z,,,8,"Customs declarations, duties and tariffs (import and export),GOV.UK homepage,Trade and investment,Business and industry,Business and the environment,Rules for specific goods and services,Food labelling and safety,Food and farming industry,Environment,Food and farming,Producing and distributing food,Import, export and distribution of food","Department for Environment, Food & Rural Affairs","Department for Environment, Food & Rural Affairs",2022 to 2024 Sunak Conservative government,,,
https://www.gov.uk/guidance/camping-and-caravan-sites-minimise-your-flood-risk,Managing flood risk for campsite and caravan park owners,detailed_guide,5efc414d-7631-11e4-a3cb-005056011aef,en,whitehall,2013-08-19T23:00:00.000Z,2023-09-18T10:38:04.000Z,,,8,"Environment,GOV.UK homepage,River maintenance, flooding and coastal erosion",Environment Agency,Environment Agency,2010 to 2015 Conservative and Liberal Democrat coalition government,,,
https://www.gov.uk/guidance/access-forestry-commission-datasets,Access Forestry Commission datasets,detailed_guide,328be139-0d39-41ce-8e0b-93db88141d50,en,whitehall,2018-09-24T23:00:00.000Z,2018-09-24T23:00:00.000Z,,,8,"Rural and countryside,GOV.UK homepage,Forests and woodland,Environment",Forestry Commission,Forestry Commission,2016 to 2019 May Conservative government,,,
https://www.gov.uk/guidance/accessing-information-in-the-river-basin-management-plans-updated-2022,"Accessing information in the river basin management plans, updated 2022",detailed_guide,32125858-c8e2-447f-a003-da58e7ba1730,en,whitehall,2022-12-22T09:30:11.000Z,2022-12-22T09:30:11.000Z,,,8,"Environment,GOV.UK homepage",Environment Agency,Environment Agency,2022 to 2024 Sunak Conservative government,,,
https://www.gov.uk/guidance/protect-a-geographical-spirit-drink-name-in-the-uk,Protect a geographical spirit drink name,detailed_guide,682736a4-ff25-4b50-ad31-1a0aa48b84a0,en,whitehall,2020-12-31T00:00:00.000Z,2020-12-31T00:00:00.000Z,,,8,"Producing and distributing food,GOV.UK homepage,Environment,Food and farming","Department for Environment, Food & Rural Affairs","Department for Environment, Food & Rural Affairs",2019 to 2022 Johnson Conservative government,,,
https://www.gov.uk/guidance/waste-exemption-t15-treating-waste-aerosol-cans,T15: treating waste aerosol cans,detailed_guide,5f4d2dc8-7631-11e4-a3cb-005056011aef,en,whitehall,2014-04-27T23:00:00.000Z,2025-07-01T08:30:01.000Z,,,8,"Environment,Waste and recycling,Environmental permits,Waste exemptions,GOV.UK homepage",Environment Agency,Environment Agency,2010 to 2015 Conservative and Liberal Democrat coalition government,,,
https://www.gov.uk/guidance/sites-of-special-scientific-interest-appeal-a-refusal-or-change-of-consent,Sites of special scientific interest: appeal a refusal or change of consent,detailed_guide,7118ff4d-4dcb-4221-9a8a-fd5dda7de512,en,whitehall,2015-06-01T23:00:00.000Z,2024-10-24T13:06:37.000Z,,,8,"Wildlife, animals, biodiversity and ecosystems,Environment,Land sites,Protected sites and species,Protected sites,Rural and countryside,Rural development and land management,GOV.UK homepage","Department for Environment, Food & Rural Affairs","Department for Environment, Food & Rural Affairs,Natural England",2015 to 2016 Cameron Conservative government,,,
https://www.gov.uk/guidance/local-authorities-regulation-of-zoos-and-circuses,Local authorities: regulating zoos and circuses,detailed_guide,e00cadab-91d3-4b81-88fc-b032e08153c3,en,whitehall,2015-05-28T15:42:00.000Z,2015-09-01T10:29:32.000Z,,,8,"Environment,GOV.UK homepage,Wildlife, animals, biodiversity and ecosystems","Department for Environment, Food & Rural Affairs","Department for Environment, Food & Rural Affairs,Animal and Plant Health Agency",2015 to 2016 Cameron Conservative government,,,
https://www.gov.uk/guidance/fee-changes-in-the-veterinary-medicines-regulations,Fee changes in the Veterinary Medicines Regulations,detailed_guide,3e0e57f3-c1c8-42dd-a36d-ecca8a9364bf,en,whitehall,2024-05-14T15:31:33.000Z,2024-05-14T15:31:33.000Z,,,7,"Animal and plant health,Environment,Wildlife, animals, biodiversity and ecosystems,GOV.UK homepage",Veterinary Medicines Directorate,Veterinary Medicines Directorate,2022 to 2024 Sunak Conservative government,,,
https://www.gov.uk/guidance/request-a-resource-framework-to-show-when-a-material-has-ceased-to-be-waste,Request a resource framework to show when a material has ceased to be waste,detailed_guide,9eef5b07-f380-43dd-a4dc-e17df7aed1ab,en,whitehall,2022-01-06T17:05:00.000Z,2022-01-06T17:05:00.000Z,,,7,"Waste management,Business and the environment,GOV.UK homepage,Waste and recycling,Business and industry,Environment,Waste and environmental impact",Environment Agency,Environment Agency,2019 to 2022 Johnson Conservative government,,,
https://www.gov.uk/guidance/vets-contact-apha-to-get-expert-advice-on-unusual-animal-disease,Vets: contact APHA to get expert advice on unusual animal disease,detailed_guide,3466c5b7-24ec-4070-b750-936506f2a6ee,en,whitehall,2024-10-28T00:00:00.000Z,2025-07-03T15:57:30.000Z,,,7,"GOV.UK homepage,Food and farming,Animal and plant health,Environment,Keeping farmed animals,Reporting disease and disease outbreaks,Wildlife, animals, biodiversity and ecosystems","Department for Environment, Food & Rural Affairs","Department for Environment, Food & Rural Affairs,Animal and Plant Health Agency",2024 Starmer Labour government,,,
https://www.gov.uk/guidance/submit-returns-for-climate-change-levy,Submit returns for Climate Change Levy,detailed_guide,b881e853-2c76-4b60-9d42-8c8df78a56b1,en,whitehall,2014-12-18T10:00:00.000Z,2023-07-20T14:41:18.000Z,,,7,"GOV.UK homepage,Business tax,Business regulation,Climate Change Levy,Energy industry and infrastructure licensing and regulation,Business and the environment,Environment,Climate change and energy,Energy demand reduction,Money,Business and industry",HM Revenue & Customs,HM Revenue & Customs,2010 to 2015 Conservative and Liberal Democrat coalition government,,,
https://www.gov.uk/guidance/environmental-stewardship-how-to-get-paid-under-your-agreement,How to get paid under an Environmental Stewardship agreement,detailed_guide,5fddf150-7631-11e4-a3cb-005056011aef,en,whitehall,2014-09-10T23:00:00.000Z,2025-09-01T23:15:01.000Z,,,7,"Rural grants and payments,Food and farming,Rural development and land management,Environment,Farming,Farming and food grants and payments,GOV.UK homepage,Rural and countryside",Rural Payments Agency,"Rural Payments Agency,Department for Environment, Food & Rural Affairs,Natural England",2010 to 2015 Conservative and Liberal Democrat coalition government,,,
https://www.gov.uk/guidance/llwr-site-environmental-safety-case-and-permit-approval,LLWR site: Environmental Safety Case and Permit Approval,detailed_guide,012e7e62-19f2-4005-8199-8ca757e6a959,en,whitehall,2015-04-30T23:00:00.000Z,2015-04-30T23:00:00.000Z,,,7,"Environmental permits,GOV.UK homepage,Environment",Low Level Waste Repository Ltd ,Low Level Waste Repository Ltd ,2010 to 2015 Conservative and Liberal Democrat coalition government,,,
https://www.gov.uk/guidance/sizewell-nuclear-regulation,Sizewell: nuclear regulation,detailed_guide,04446d13-1664-4b56-b9b4-e8f5efce4535,en,whitehall,2020-01-24T12:01:00.000Z,2023-03-28T08:30:54.000Z,,,7,"Business regulation,Waste and recycling,Low carbon technologies,Business and the environment,GOV.UK homepage,Business and industry,Radioactive and nuclear substances and waste,Environment,Energy industry and infrastructure licensing and regulation,Energy infrastructure",Environment Agency,Environment Agency,2019 to 2022 Johnson Conservative government,,,
https://www.gov.uk/guidance/request-environmental-protection-equipment,Request environmental protection equipment,detailed_guide,e8c8a839-bd1f-467c-bf1d-ac6d3c1e8422,en,whitehall,2024-09-30T23:00:00.000Z,2024-12-06T13:26:48.000Z,,,7,"Pollution and environmental quality,Environment,GOV.UK homepage",Environment Agency,Environment Agency,2024 Starmer Labour government,,,
https://www.gov.uk/guidance/cutting-vegetation-in-inland-freshwater-environmental-permit-exemption,Cutting vegetation in inland freshwater: environmental permit exemption,detailed_guide,123e8dd5-a7bc-437f-88fa-c2e306b41059,en,whitehall,2016-02-01T12:08:00.000Z,2016-02-01T12:08:00.000Z,,,7,"Environmental permits,Environment,Water management,Waste exemptions,GOV.UK homepage,Business and industry,Business and the environment",Environment Agency,"Environment Agency,Department for Environment, Food & Rural Affairs",2015 to 2016 Cameron Conservative government,,,
https://www.gov.uk/guidance/marine-mammal-reporting-requirements,Marine Mammal Reporting Requirements,detailed_guide,75e861d0-2d18-4605-91f2-22304fd84abb,en,whitehall,2025-01-30T00:00:00.000Z,2025-01-30T00:00:00.000Z,,,7,"GOV.UK homepage,Environment,Fishing regulations, monitoring and enforcement,Fishing, fisheries and fishing vessels",Marine Management Organisation,Marine Management Organisation,2024 Starmer Labour government,,,
https://www.gov.uk/guidance/legacy-woodland-grants-and-obligations,Legacy woodland grants and obligations,detailed_guide,a4ee3f87-11c7-40d4-ae82-475c6e20351c,en,whitehall,1988-01-01T00:00:00.000Z,2026-01-22T16:44:34.000Z,,,7,"Environment,Rural and countryside,GOV.UK homepage,Forests and woodland",Forestry Commission,Forestry Commission,1979 to 1990 Thatcher Conservative government,,,
https://www.gov.uk/guidance/equine-viral-encephalomyelitis-how-to-spot-and-report-the-disease,Equine viral encephalomyelitis: how to spot and report the disease,detailed_guide,d2a007f7-b054-4871-ac06-ca6f8deea39f,en,whitehall,2018-09-27T14:36:00.000Z,2018-10-18T14:00:15.000Z,,,7,"Animal and plant health,Environment,GOV.UK homepage,Wildlife, animals, biodiversity and ecosystems","Department for Environment, Food & Rural Affairs","Department for Environment, Food & Rural Affairs,Animal and Plant Health Agency",2016 to 2019 May Conservative government,,,
https://www.gov.uk/guidance/removing-abandoned-shopping-trolleys-council-powers,Removing abandoned shopping trolleys: council powers,detailed_guide,602b320e-7631-11e4-a3cb-005056011aef,en,whitehall,2015-03-26T14:03:05.000Z,2015-03-26T14:03:05.000Z,,,7,"Local government,Environment,GOV.UK homepage,Regional and local government","Department for Environment, Food & Rural Affairs","Department for Environment, Food & Rural Affairs",2010 to 2015 Conservative and Liberal Democrat coalition government,,,
https://www.gov.uk/guidance/regional-fisheries-groups,Regional Fisheries Groups,detailed_guide,b3c26c63-eb45-4dba-b9f7-89487489590f,en,whitehall,2021-08-24T23:00:00.000Z,2024-12-31T16:14:54.000Z,,,7,"Sea fishing,Marine,Environment,GOV.UK homepage",Marine Management Organisation,Marine Management Organisation,2019 to 2022 Johnson Conservative government,,,
https://www.gov.uk/guidance/volunteering-with-natural-england-support-directory,Volunteering with Natural England: support directory,detailed_guide,5f57f45b-7631-11e4-a3cb-005056011aef,en,whitehall,2008-12-15T00:00:00.000Z,2025-07-16T13:17:55.000Z,,,7,"Charities, volunteering and honours,Environment,Society and culture,GOV.UK homepage",Natural England,Natural England,2007 to 2010 Brown Labour government,,,
https://www.gov.uk/guidance/electricity-network-delivery-and-access,Electricity network delivery and access,detailed_guide,5d278ff9-7631-11e4-a3cb-005056011aef,en,whitehall,2013-01-11T15:57:00.000Z,2016-07-12T14:01:16.000Z,,,7,"GOV.UK homepage,Environment,Energy infrastructure",Department for Energy Security and Net Zero,"Department for Energy Security and Net Zero,Ofgem,Department for Business, Energy & Industrial Strategy",2010 to 2015 Conservative and Liberal Democrat coalition government,,,
https://www.gov.uk/guidance/authorised-processors-for-ips-typographus-and-phytophthora-pluvialis,Authorised processors for Ips typographus and Phytophthora pluvialis,detailed_guide,67ff04d7-7b80-43ec-9225-de6dd7a63306,en,whitehall,2022-03-10T00:00:00.000Z,2025-07-16T09:37:56.000Z,,,7,"GOV.UK homepage,Rural and countryside,Forests and woodland,Environment",Forestry Commission,Forestry Commission,2019 to 2022 Johnson Conservative government,,,
https://www.gov.uk/guidance/hops-and-hops-products-marketing-standards,Hops and hop products marketing standards,detailed_guide,7d1e0b64-ac80-4cb2-ba1b-f0ae319669e2,en,whitehall,2020-12-31T00:00:00.000Z,2024-09-13T15:00:01.000Z,,,7,"Food labelling and safety,GOV.UK homepage,Food and farming,Producing and distributing food,Import, export and distribution of food,Environment","Department for Environment, Food & Rural Affairs","Department for Environment, Food & Rural Affairs",2019 to 2022 Johnson Conservative government,,,
https://www.gov.uk/guidance/moving-mercury-and-products-containing-mercury,Moving mercury and products containing mercury,detailed_guide,a620844c-b97d-417a-b5bb-7a1016995e69,en,whitehall,2020-12-31T23:00:48.000Z,2020-12-31T23:00:48.000Z,,,7,"Mercury,Chemicals,GOV.UK homepage,Environment","Department for Environment, Food & Rural Affairs","Department for Environment, Food & Rural Affairs,Environment Agency",2019 to 2022 Johnson Conservative government,,,
https://www.gov.uk/guidance/geological-disposal,Geological Disposal - a programme like no other,detailed_guide,7fde3fe5-9f9a-407c-bc2f-e3eddc4c5bef,en,whitehall,2020-11-03T00:00:00.000Z,2024-04-09T13:23:54.000Z,,,7,"Environment,Scientific research and development,Radioactive and nuclear substances and waste,Waste and recycling,Science and innovation,GOV.UK homepage,Business and industry",Nuclear Waste Services,Nuclear Waste Services,2019 to 2022 Johnson Conservative government,,,
https://www.gov.uk/guidance/export-groups-of-products-of-animal-origin-to-the-eu-or-northern-ireland,Export groups of products using the Groupage Export Facilitation Scheme (GEFS),detailed_guide,7a592753-3ea6-4c7b-b2e0-33d8f8a6705f,en,whitehall,2020-12-31T00:00:00.000Z,2025-06-19T16:13:44.000Z,,,7,"GOV.UK homepage,Environment,Producing and distributing food,Food and farming,Import, export and distribution of food","Department for Environment, Food & Rural Affairs","Department for Environment, Food & Rural Affairs",2019 to 2022 Johnson Conservative government,,,
https://www.gov.uk/guidance/abattoirs-report-and-record-sheep-and-goat-arrivals,"Slaughterhouses: how to check, report and record sheep and goats",detailed_guide,601f87a4-7631-11e4-a3cb-005056011aef,en,whitehall,2014-05-31T23:00:00.000Z,2023-06-15T08:24:01.000Z,,,7,"Environment,Food and farming,GOV.UK homepage","Department for Environment, Food & Rural Affairs","Department for Environment, Food & Rural Affairs,Animal and Plant Health Agency",2010 to 2015 Conservative and Liberal Democrat coalition government,,,
https://www.gov.uk/guidance/get-a-licence-for-coal-mining,Get a coal mining licence or other consent,detailed_guide,601b8ac0-7631-11e4-a3cb-005056011aef,en,whitehall,2014-10-08T23:00:00.000Z,2021-07-06T09:12:18.000Z,,,7,"Environment,Energy infrastructure,Oil, gas and coal,GOV.UK homepage",Coal Authority,"Coal Authority,Mining Remediation Authority",2010 to 2015 Conservative and Liberal Democrat coalition government,,,
https://www.gov.uk/guidance/move-used-agricultural-and-forestry-machinery-to-northern-ireland-using-ni-plant-health-labels,Move used agricultural and forestry machinery to Northern Ireland using NI plant health labels,detailed_guide,fb330774-7438-44d6-8e92-2ae907621699,en,whitehall,2025-06-10T23:00:00.000Z,2025-09-29T15:53:56.000Z,,,7,"Animal and plant health,GOV.UK homepage,Wildlife, animals, biodiversity and ecosystems,Environment","Department for Environment, Food & Rural Affairs","Department for Environment, Food & Rural Affairs,Animal and Plant Health Agency",2024 Starmer Labour government,,,
https://www.gov.uk/guidance/apply-for-a-scientific-research-dispensation,Apply for a scientific research dispensation,detailed_guide,5f5cf420-7631-11e4-a3cb-005056011aef,en,whitehall,2014-06-10T23:00:00.000Z,2022-08-09T09:22:33.000Z,,,7,"Fishing quota and catch limits ,Environment,Marine fisheries,Fishing regulations, monitoring and enforcement,GOV.UK homepage,Fishing, fisheries and fishing vessels,Wildlife, animals, biodiversity and ecosystems",Marine Management Organisation,Marine Management Organisation,2010 to 2015 Conservative and Liberal Democrat coalition government,,,
https://www.gov.uk/guidance/fishing-activity-and-landings-data-collection-and-processing,"Fishing data collection, coverage, processing and revisions",detailed_guide,5fa9bb05-7631-11e4-a3cb-005056011aef,en,whitehall,2014-07-16T09:50:00.000Z,2021-01-29T09:30:08.000Z,,,7,"Marine,GOV.UK homepage,Environment,Marine environment",Marine Management Organisation,Marine Management Organisation,2010 to 2015 Conservative and Liberal Democrat coalition government,,,
https://www.gov.uk/guidance/red-and-white-meat-slaughterhouses-standard-operating-procedures,Red and white meat slaughterhouses: standard operating procedures,detailed_guide,5f18adeb-7631-11e4-a3cb-005056011aef,en,whitehall,2015-10-14T23:00:00.000Z,2023-06-05T09:57:01.000Z,,,7,"Environment,GOV.UK homepage,Food and farming","Department for Environment, Food & Rural Affairs","Department for Environment, Food & Rural Affairs",2015 to 2016 Cameron Conservative government,,,
https://www.gov.uk/guidance/aujeszkys-disease,Aujeszky’s disease: how to spot and report it,detailed_guide,5f611a5a-7631-11e4-a3cb-005056011aef,en,whitehall,2014-08-26T14:25:00.000Z,2018-10-18T14:27:03.000Z,,,7,"Food and farming,GOV.UK homepage,Environment","Department for Environment, Food & Rural Affairs","Department for Environment, Food & Rural Affairs,Animal and Plant Health Agency",2010 to 2015 Conservative and Liberal Democrat coalition government,,,
https://www.gov.uk/guidance/how-to-dispose-of-milk-from-your-farm-or-dairy,How to dispose of milk from your farm or dairy,detailed_guide,5fe9936b-7631-11e4-a3cb-005056011aef,en,whitehall,2014-09-05T11:45:00.000Z,2014-10-09T16:31:32.000Z,,,7,"Food and farming,GOV.UK homepage,Environment","Department for Environment, Food & Rural Affairs","Department for Environment, Food & Rural Affairs,Animal and Plant Health Agency",2010 to 2015 Conservative and Liberal Democrat coalition government,,,
https://www.gov.uk/guidance/the-civil-hydrography-programme,The Civil Hydrography Programme,detailed_guide,5fe92f2c-7631-11e4-a3cb-005056011aef,en,whitehall,2014-08-28T23:00:00.000Z,2026-02-04T11:12:07.000Z,,,7,"Hydrography,Defence and armed forces,GOV.UK homepage,Environment,Rural and countryside,Wildlife, animals, biodiversity and ecosystems,Marine",UK Hydrographic Office,UK Hydrographic Office,2010 to 2015 Conservative and Liberal Democrat coalition government,,,
https://www.gov.uk/guidance/how-to-do-the-sfi-actions-for-buffer-strips,How to do the SFI actions for buffer strips,detailed_guide,35d06f57-c768-4d34-92b3-951b8465fb79,en,whitehall,2023-08-09T23:00:00.000Z,2025-03-27T10:04:23.000Z,,,7,"Farming,Rural grants and payments,Rural and countryside,Rural development and land management,Rural development,Environment,Food and farming,Farming and food grants and payments,GOV.UK homepage",Rural Payments Agency,Rural Payments Agency,2022 to 2024 Sunak Conservative government,,,
https://www.gov.uk/guidance/heritage-properties-prepare-a-heritage-management-plan,Heritage properties: prepare a heritage management plan,detailed_guide,5f524ae7-7631-11e4-a3cb-005056011aef,en,whitehall,2014-10-01T23:00:00.000Z,2025-04-02T11:25:25.000Z,,,7,"Reliefs,Society and culture,Capital Gains Tax,Rural and countryside,Environment,Property,Personal tax,Money,Arts and culture,Conservation of historic buildings and monuments,Inheritance Tax,GOV.UK homepage",Natural England,Natural England,2010 to 2015 Conservative and Liberal Democrat coalition government,,,
https://www.gov.uk/guidance/water-abstraction-how-to-make-sure-your-meter-is-accurate,Water abstraction: how to make sure your meter is accurate,detailed_guide,39ea9cbb-e4fd-44c3-84c0-bdcd9597ab9d,en,whitehall,2015-06-02T09:36:00.000Z,2015-06-02T09:36:00.000Z,,,7,"Abstract (take) water,Environment,GOV.UK homepage,Water management",Environment Agency,Environment Agency,2015 to 2016 Cameron Conservative government,,,
https://www.gov.uk/guidance/d5-waste-exemption-depositing-waste-samples-for-testing-or-analysis,D5: depositing waste samples for testing or analysis,detailed_guide,c8773908-d994-46dc-a5a3-79d3fe658cd2,en,whitehall,2019-09-11T23:00:00.000Z,2025-07-01T08:30:03.000Z,,,7,"Waste and recycling,GOV.UK homepage,Environmental permits,Waste exemptions,Environment",Environment Agency,Environment Agency,2019 to 2022 Johnson Conservative government,,,
https://www.gov.uk/guidance/non-impounding-reservoir-panel-engineers-contact-details,Non-impounding reservoir panel engineers: contact details,detailed_guide,e0f8160c-0238-412b-8f82-a01de0bff1d0,en,whitehall,2023-12-21T13:10:04.000Z,2023-12-21T13:10:04.000Z,,,7,"GOV.UK homepage,Environment,River maintenance, flooding and coastal erosion",Environment Agency,Environment Agency,2022 to 2024 Sunak Conservative government,,,
https://www.gov.uk/guidance/tree-health-legislation,Plant health legislation for forestry,detailed_guide,c9b269bb-570b-4f32-8c05-b611a255767e,en,whitehall,2018-09-25T23:00:00.000Z,2024-08-14T09:18:37.000Z,,,7,"Forests and woodland,Rural and countryside,Animal and plant health,GOV.UK homepage,Environment,Wildlife, animals, biodiversity and ecosystems",Forestry Commission,Forestry Commission,2016 to 2019 May Conservative government,,,
https://www.gov.uk/guidance/geese-control-populations-of-problem-birds-under-licence,Geese: control populations of problem birds under licence,detailed_guide,371d52a6-bd26-4379-a522-e35bebefffbc,en,whitehall,2015-06-02T11:47:00.000Z,2015-06-02T11:47:00.000Z,,,7,"Environment,GOV.UK homepage,Birds,Wildlife and habitat conservation,Wildlife, animals, biodiversity and ecosystems",Natural England,Natural England,2015 to 2016 Cameron Conservative government,,,
https://www.gov.uk/guidance/sheep-and-goat-movements-rules-for-markets-showgrounds-collection-and-assembly-centres,"Sheep and goat movements: rules for markets, showgrounds, collection and assembly centres",detailed_guide,c7e11d19-9944-45d9-8b33-351e81e66b2b,en,whitehall,2014-05-31T23:00:00.000Z,2023-09-04T14:59:08.000Z,,,7,"Keeping farmed animals,Sheep and goats identification, registration and movements,Environment,Food and farming,GOV.UK homepage","Department for Environment, Food & Rural Affairs","Department for Environment, Food & Rural Affairs,Animal and Plant Health Agency",2010 to 2015 Conservative and Liberal Democrat coalition government,,,
https://www.gov.uk/guidance/newcastle-disease,Newcastle disease: how to spot and report it,detailed_guide,5f664a7b-7631-11e4-a3cb-005056011aef,en,whitehall,2014-08-26T13:12:00.000Z,2018-11-13T14:11:03.000Z,,,7,"Reporting disease and disease outbreaks,Keeping farmed animals,Food and farming,Environment,GOV.UK homepage",Animal and Plant Health Agency,"Animal and Plant Health Agency,Department for Environment, Food & Rural Affairs",2010 to 2015 Conservative and Liberal Democrat coalition government,,,
https://www.gov.uk/guidance/sign-up-for-apha-disease-alerts-for-vets,Sign up for APHA disease alerts for vets,detailed_guide,1490607b-b795-42ab-9a84-7d54898111ef,en,whitehall,2024-10-28T00:00:00.000Z,2025-07-04T08:10:42.000Z,,,7,"Wildlife, animals, biodiversity and ecosystems,Pets,Environment,Animal and plant health,Keeping farmed animals,Food and farming,GOV.UK homepage,Producing and distributing food,Reporting disease and disease outbreaks","Department for Environment, Food & Rural Affairs","Department for Environment, Food & Rural Affairs,Animal and Plant Health Agency",2024 Starmer Labour government,,,
https://www.gov.uk/guidance/importing-and-exporting-waste-electrical-and-electronic-equipment-weee,Importing and exporting waste electrical and electronic equipment (WEEE),detailed_guide,858ae992-3076-4526-ac91-068e0df386d8,en,whitehall,2024-09-24T23:00:00.000Z,2024-09-30T14:11:08.000Z,,,7,"Import controls,Exporting,Environment,Waste and environmental impact,Export controls and licensing,Trade and investment,GOV.UK homepage,Waste management,Business and industry,Waste and recycling,Importing",Environment Agency,Environment Agency,2024 Starmer Labour government,,,
https://www.gov.uk/guidance/bat-roosts-use-of-chemical-pest-control-products-and-timber-treatments-in-or-near-them,Bat roosts: use of chemical pest control products and timber treatments in or near them,detailed_guide,920f63dc-3f23-4991-a0aa-5387e12a8653,en,whitehall,2013-02-25T00:00:00.000Z,2013-02-25T00:00:00.000Z,,,7,"Mammals,Wildlife and habitat conservation,Environment,Wildlife, animals, biodiversity and ecosystems,Protected sites and species,GOV.UK homepage,Land species",Natural England,Natural England,2010 to 2015 Conservative and Liberal Democrat coalition government,,,
https://www.gov.uk/guidance/waste-exemption-t20-treating-waste-at-a-water-treatment-works,T20: treating waste at a water treatment works,detailed_guide,5f4d2f4d-7631-11e4-a3cb-005056011aef,en,whitehall,2014-04-27T23:00:00.000Z,2025-07-01T08:30:01.000Z,,,7,"Environment,Waste exemptions,Environmental permits,Discharge water,Waste and recycling,GOV.UK homepage,Water management",Environment Agency,Environment Agency,2010 to 2015 Conservative and Liberal Democrat coalition government,,,
https://www.gov.uk/guidance/oil-and-gas-environmental-statements-reviewed,Oil and Gas Environmental statements reviewed,detailed_guide,176a6b6a-6395-466b-b0a4-de68b6551a48,en,whitehall,2017-03-16T07:49:00.000Z,2020-11-26T16:22:04.000Z,,,7,"Climate change and energy,GOV.UK homepage,Energy infrastructure,Environment,Oil, gas and coal",Department for Energy Security and Net Zero,"Department for Energy Security and Net Zero,Offshore Petroleum Regulator for Environment and Decommissioning,Department for Business, Energy & Industrial Strategy",2016 to 2019 May Conservative government,,,
https://www.gov.uk/guidance/greenwich-policy-unit-thames-estuary-2100,Greenwich Policy Unit: Thames Estuary 2100,detailed_guide,1b6fada8-c19c-458c-abad-6a6b6776f992,en,whitehall,2023-04-19T12:00:00.000Z,2023-04-19T12:00:00.000Z,,,7,"River maintenance, flooding and coastal erosion,Environment,GOV.UK homepage","Department for Environment, Food & Rural Affairs","Department for Environment, Food & Rural Affairs,Environment Agency",2022 to 2024 Sunak Conservative government,,,
https://www.gov.uk/guidance/submit-an-incident-action-plan-to-the-environment-agency,Submit an incident action plan to the Environment Agency,detailed_guide,f4d4053d-f28b-443f-98ea-37cb078631d7,en,whitehall,2026-01-14T09:00:05.000Z,2026-01-14T09:00:05.000Z,,,7,"Water and sewerage services,GOV.UK homepage,Environment,Water management",Environment Agency,Environment Agency,2024 Starmer Labour government,,,
https://www.gov.uk/guidance/green-agreements-guidance-how-competition-law-applies-to-environmental-sustainability-agreements,Green agreements guidance: how competition law applies to environmental sustainability agreements,detailed_guide,9e554333-750d-44db-a0a5-df2600c0946a,en,whitehall,2023-10-11T23:00:00.000Z,2023-10-11T23:00:00.000Z,,,7,"Environment,Competition law,Competition,Business and industry,Business regulation,GOV.UK homepage,Climate change and energy",Competition and Markets Authority,Competition and Markets Authority,2022 to 2024 Sunak Conservative government,,,
https://www.gov.uk/guidance/applying-to-set-up-a-border-control-post-at-your-port-or-airport,Applying to set up a border control post at your port or airport,detailed_guide,76217ba6-4c98-48e3-a95b-2ee0b90ba7ea,en,whitehall,2020-11-09T15:59:00.000Z,2022-02-11T15:03:19.000Z,,,7,"Trade and investment,Government,Environment,Business and industry,Import, export and distribution of food,Importing,GOV.UK homepage,Food and farming,Import controls,Brexit,Producing and distributing food","Department for Environment, Food & Rural Affairs","Department for Environment, Food & Rural Affairs,Animal and Plant Health Agency",2019 to 2022 Johnson Conservative government,,,
https://www.gov.uk/guidance/maritime-and-fisheries-fund-mff-apply-for-funding,Maritime and Fisheries Fund (MFF): apply for funding,detailed_guide,1355841e-460b-4747-8de9-782a32649805,en,whitehall,2019-10-23T23:00:00.000Z,2021-02-22T11:35:40.000Z,,,7,"Environment,Marine,Fisheries funding,GOV.UK homepage,Fishing, fisheries and fishing vessels",Marine Management Organisation,Marine Management Organisation,2019 to 2022 Johnson Conservative government,,,
https://www.gov.uk/guidance/register-imported-cattle,Register cattle imported or moved into England or Wales,detailed_guide,5f20e226-7631-11e4-a3cb-005056011aef,en,whitehall,2014-05-06T11:46:00.000Z,2023-06-28T16:09:29.000Z,,,7,"GOV.UK homepage,Environment,Cattle identification, registration and movements,Import and export of farmed animals,Keeping farmed animals,Food and farming",British Cattle Movement Service,"British Cattle Movement Service,Rural Payments Agency",2010 to 2015 Conservative and Liberal Democrat coalition government,,,
https://www.gov.uk/guidance/wild-birds-remove-them-from-food-premises-using-nets-or-traps,Wild birds: remove them from food premises using nets or traps,detailed_guide,466d9597-4d91-497d-adfe-8fdf414565ae,en,whitehall,2015-06-02T11:46:00.000Z,2015-06-02T11:46:00.000Z,,,7,"Birds,Wildlife, animals, biodiversity and ecosystems,Environment,Biodiversity and ecosystems,Wildlife and habitat conservation,GOV.UK homepage",Natural England,Natural England,2015 to 2016 Cameron Conservative government,,,
https://www.gov.uk/guidance/marine-conservation-byelaws,Understand MMO marine conservation byelaws,detailed_guide,5f547f16-7631-11e4-a3cb-005056011aef,en,whitehall,2014-06-10T23:00:00.000Z,2023-01-17T08:22:50.000Z,,,7,"Wildlife, animals, biodiversity and ecosystems,Protected sites and species,Environment,Marine sites and species,Marine environment,Marine fisheries,GOV.UK homepage,Species protection and marine conservation,Fishing, fisheries and fishing vessels,Marine",Marine Management Organisation,Marine Management Organisation,2010 to 2015 Conservative and Liberal Democrat coalition government,,,
https://www.gov.uk/guidance/calculating-renewable-obligation-certificates-rocs,Calculating Renewable Obligation Certificates (ROCs),detailed_guide,5c832203-7631-11e4-a3cb-005056011aef,en,whitehall,2013-01-22T12:04:00.000Z,2013-03-31T23:15:00.000Z,,,7,"Environment,Low carbon technologies,Energy infrastructure,GOV.UK homepage",Department for Energy Security and Net Zero,"Department for Energy Security and Net Zero,Ofgem,Department for Business, Energy & Industrial Strategy",2010 to 2015 Conservative and Liberal Democrat coalition government,,,
https://www.gov.uk/guidance/if-you-apply-an-exempt-process-to-aggregate,If you apply an exempt process to aggregate,detailed_guide,63511e79-6b2c-40c7-b01b-f85c06910c8d,en,whitehall,2020-10-09T14:32:00.000Z,2020-10-09T14:32:00.000Z,,,7,"GOV.UK homepage,Money,Aggregates Levy,Environment,Business tax",HM Revenue & Customs,HM Revenue & Customs,2019 to 2022 Johnson Conservative government,,,
https://www.gov.uk/guidance/badgers-beavers-otters-and-pine-martens-how-to-trap-humanely,"Badgers, beavers, otters, pine martens and stoats: how to trap humanely",detailed_guide,555061e6-4a07-4a42-bc23-93a8742b12f7,en,whitehall,2019-04-05T14:19:00.000Z,2023-05-31T23:01:04.000Z,,,7,"Wildlife and habitat conservation,Land species,Wildlife, animals, biodiversity and ecosystems,Environment,Wildlife and animal welfare,Protected sites and species,Mammals,GOV.UK homepage",Natural England,"Natural England,Department for Environment, Food & Rural Affairs",2016 to 2019 May Conservative government,,,
https://www.gov.uk/guidance/generating-energy-from-waste-including-anaerobic-digestion,"Generating energy from waste, including anaerobic digestion",detailed_guide,5d060b00-7631-11e4-a3cb-005056011aef,en,whitehall,2013-01-22T00:00:00.000Z,2013-01-22T00:00:00.000Z,,,7,"GOV.UK homepage,Low carbon technologies,Environment,Energy infrastructure","Department for Environment, Food & Rural Affairs","Department for Environment, Food & Rural Affairs,Department of Energy & Climate Change",2010 to 2015 Conservative and Liberal Democrat coalition government,true,,
https://www.gov.uk/guidance/lumpy-skin-disease,Lumpy skin disease: how to spot and report it,detailed_guide,5f60cd97-7631-11e4-a3cb-005056011aef,en,whitehall,2014-08-26T13:48:00.000Z,2023-09-28T08:26:05.000Z,,,6,"Food and farming,Environment,GOV.UK homepage","Department for Environment, Food & Rural Affairs","Department for Environment, Food & Rural Affairs,Animal and Plant Health Agency",2010 to 2015 Conservative and Liberal Democrat coalition government,,,
https://www.gov.uk/guidance/waste-exemption-t24-anaerobic-digestion-at-premises-used-for-agriculture-and-burning-resulting-biogas,T24: anaerobic digestion on farms,detailed_guide,5f4d3163-7631-11e4-a3cb-005056011aef,en,whitehall,2014-04-27T23:00:00.000Z,2025-07-01T08:30:02.000Z,,,6,"Waste exemptions,Environment,Environmental permits,Food and farming,GOV.UK homepage,Waste and recycling",Environment Agency,Environment Agency,2010 to 2015 Conservative and Liberal Democrat coalition government,,,
https://www.gov.uk/guidance/commons-registers-apply-to-rectify-them,Commons registers: apply to rectify them,detailed_guide,2bb3eb0c-90f9-497e-874c-e356b20f0781,en,whitehall,2014-12-12T14:13:00.000Z,2014-12-12T14:13:00.000Z,,,6,"Commons and greens,Environment,Rural development and land management,Rural and countryside,GOV.UK homepage","Department for Environment, Food & Rural Affairs","Department for Environment, Food & Rural Affairs,Natural England",2010 to 2015 Conservative and Liberal Democrat coalition government,,,
https://www.gov.uk/guidance/commons-registers-how-to-apply-to-make-changes,Commons registers: how to apply to make changes,detailed_guide,b4558098-78ef-4971-a44a-33be0e562c34,en,whitehall,2014-12-12T00:00:00.000Z,2026-01-15T14:28:07.000Z,,,6,"Commons and greens,GOV.UK homepage,Environment,Rural and countryside,Rural development and land management","Department for Environment, Food & Rural Affairs","Department for Environment, Food & Rural Affairs,Natural England",2010 to 2015 Conservative and Liberal Democrat coalition government,,,
https://www.gov.uk/guidance/agreement-extensions-for-higher-level-stewardship,Agreement extensions for Higher Level Stewardship,detailed_guide,5bbf5e02-a896-491f-b2db-f8a92781aa94,en,whitehall,2024-12-11T00:00:00.000Z,2025-04-11T13:36:12.000Z,,,6,"Farming and food grants and payments,GOV.UK homepage,Rural grants and payments,Food and farming,Environment",Rural Payments Agency,"Rural Payments Agency,Natural England",2024 Starmer Labour government,,,
https://www.gov.uk/guidance/commons-registration-authorities-process-new-event-applications,Commons registration authorities: process new event applications,detailed_guide,3e820e23-ed4d-444a-b654-3840bc5f843d,en,whitehall,2015-11-17T10:47:00.000Z,2015-11-18T15:54:57.000Z,,,6,"GOV.UK homepage,Rural and countryside,Rural development and land management,Environment","Department for Environment, Food & Rural Affairs","Department for Environment, Food & Rural Affairs",2015 to 2016 Cameron Conservative government,,,
https://www.gov.uk/guidance/great-crested-newts-apply-for-a-mitigation-class-licence-for-low-impact-work-cl33,Great crested newts: apply for a mitigation class licence for ‘low impact’ work (CL33),detailed_guide,40094dd7-db00-42d0-b95b-0676ea5c961d,en,whitehall,2023-11-06T00:00:00.000Z,2023-11-06T00:00:00.000Z,,,6,"Wildlife, animals, biodiversity and ecosystems,Wildlife and habitat conservation,Environment,Land species,GOV.UK homepage,Reptiles and amphibians,Protected sites and species","Department for Environment, Food & Rural Affairs","Department for Environment, Food & Rural Affairs",2022 to 2024 Sunak Conservative government,,,
https://www.gov.uk/guidance/bovine-tb-badger-vaccination-training,Bovine TB: badger vaccination training,detailed_guide,8c76f587-7e15-4817-9775-2b0f574e0f53,en,whitehall,2015-03-24T00:00:00.000Z,2025-08-05T14:43:06.000Z,,,6,"Keeping farmed animals,Bovine tuberculosis (bovine TB),Environment,Wildlife, animals, biodiversity and ecosystems,GOV.UK homepage,Food and farming,Protected sites and species","Department for Environment, Food & Rural Affairs","Department for Environment, Food & Rural Affairs,Animal and Plant Health Agency,Natural England",2010 to 2015 Conservative and Liberal Democrat coalition government,,,
https://www.gov.uk/guidance/wholesaler-and-retailer-supply-of-veterinary-medicines-to-northern-ireland-from-2026,Wholesaler and retailer supply of veterinary medicines to Northern Ireland,detailed_guide,47e7dc12-28a8-4ba6-a5d6-c39b7094b324,en,whitehall,2025-06-18T23:00:00.000Z,2025-06-18T23:00:00.000Z,,,6,"Animal and plant health,GOV.UK homepage,Wildlife, animals, biodiversity and ecosystems,Environment",Veterinary Medicines Directorate,Veterinary Medicines Directorate,2024 Starmer Labour government,,,
https://www.gov.uk/guidance/application-fees-for-animal-medicines,Payment of application fees for veterinary medicines,detailed_guide,603081d6-7631-11e4-a3cb-005056011aef,en,whitehall,2014-11-26T00:00:00.000Z,2024-06-13T07:48:32.000Z,,,6,"Wildlife, animals, biodiversity and ecosystems,Animal and plant health,Environment,GOV.UK homepage,Food and farming",Veterinary Medicines Directorate,Veterinary Medicines Directorate,2010 to 2015 Conservative and Liberal Democrat coalition government,,,
https://www.gov.uk/guidance/apply-to-renew-a-northern-ireland-plant-health-label-niphl-scheme-authorisation,Apply to renew a Northern Ireland plant health label (NIPHL) scheme authorisation,detailed_guide,9f7c6030-02f1-433f-b6ac-d54ac9bb1df3,en,whitehall,2025-03-18T16:46:32.000Z,2025-03-18T16:46:32.000Z,,,6,"Producing and distributing food,Crops and horticulture ,Environment,Food and farming,GOV.UK homepage","Department for Environment, Food & Rural Affairs","Department for Environment, Food & Rural Affairs",2024 Starmer Labour government,,,
https://www.gov.uk/guidance/when-to-notify-historic-environment-organisations-about-forestry-proposals,When to notify historic environment organisations about forestry proposals,detailed_guide,2ef1edb6-afab-40a8-af8e-c61cc17f7e9d,en,whitehall,2023-07-11T10:40:02.000Z,2023-07-11T10:40:02.000Z,,,6,"GOV.UK homepage,Rural and countryside,Environment,Forests and woodland",Forestry Commission,Forestry Commission,2022 to 2024 Sunak Conservative government,,,
https://www.gov.uk/guidance/get-an-oil-spill-treatment-product-approved,Get an oil spill treatment product approved,detailed_guide,7908e7e0-bc9b-43cd-8e7b-ce9afe87b45f,en,whitehall,2025-02-26T00:00:00.000Z,2025-02-26T00:00:00.000Z,,,6,"Environment,GOV.UK homepage,Marine,Pollution and environmental quality",Marine Management Organisation,Marine Management Organisation,2024 Starmer Labour government,,,
https://www.gov.uk/guidance/restrictions-on-germinal-product-from-bluetongue-susceptible-animals,"Bluetongue: moving, freezing and storing germinal product",detailed_guide,e43029ee-1d14-4fc4-b5c3-d094dd162489,en,whitehall,2024-07-04T23:00:00.000Z,2025-07-11T15:11:28.000Z,,,6,"Food and farming,Environment,Keeping farmed animals,Reporting disease and disease outbreaks,GOV.UK homepage","Department for Environment, Food & Rural Affairs","Department for Environment, Food & Rural Affairs,Animal and Plant Health Agency",2024 Starmer Labour government,,,
https://www.gov.uk/guidance/waste-exemption-t13-treating-waste-food,T13: treating waste food,detailed_guide,5f4d2a46-7631-11e4-a3cb-005056011aef,en,whitehall,2014-04-27T23:00:00.000Z,2025-07-01T08:30:01.000Z,,,6,"Environmental permits,Environment,GOV.UK homepage,Waste and recycling,Waste exemptions",Environment Agency,Environment Agency,2010 to 2015 Conservative and Liberal Democrat coalition government,,,
https://www.gov.uk/guidance/hinkley-point-nuclear-regulation,Hinkley Point: nuclear regulation,detailed_guide,4ffb95ac-93d9-4d2e-8946-6ebcffdb682e,en,whitehall,2021-05-23T23:00:00.000Z,2024-05-07T10:00:03.000Z,,,6,"Business and the environment,Environmental permits,Environment,Radioactive and nuclear substances and waste,Business and industry,Waste and recycling,Energy industry and infrastructure licensing and regulation,Business regulation,GOV.UK homepage,Energy infrastructure,Low carbon technologies",Environment Agency,Environment Agency,2019 to 2022 Johnson Conservative government,,,
https://www.gov.uk/guidance/implementation-explainer-pharmacovigilance,Implementation explainer: Pharmacovigilance,detailed_guide,2a06a0e3-6bb8-4253-9594-f5a8c536b2ca,en,whitehall,2024-05-28T23:00:00.000Z,2025-12-05T12:36:51.000Z,,,6,"GOV.UK homepage,Environment,Wildlife, animals, biodiversity and ecosystems,Animal and plant health",Veterinary Medicines Directorate,Veterinary Medicines Directorate,2022 to 2024 Sunak Conservative government,,,
https://www.gov.uk/guidance/applying-for-a-licence-to-import-or-export-ozone-depleting-substances,Applying for a licence to import or export ozone-depleting substances,detailed_guide,175f7b4b-4130-4827-b12b-cca053fd5821,en,whitehall,2019-10-15T23:00:00.000Z,2021-07-29T10:22:24.000Z,,,6,"Greenhouse gas emissions,Climate change and energy,Chemicals,Environment,F-gases and HCFCs,GOV.UK homepage",Environment Agency,"Environment Agency,Department for Environment, Food & Rural Affairs",2019 to 2022 Johnson Conservative government,,,
https://www.gov.uk/guidance/sell-veterinary-medicines-on-the-internet,Sell veterinary medicines on the internet,detailed_guide,60220cc0-7631-11e4-a3cb-005056011aef,en,whitehall,2014-11-03T00:00:00.000Z,2024-05-17T09:56:31.000Z,,,6,"Wildlife, animals, biodiversity and ecosystems,Environment,GOV.UK homepage",Veterinary Medicines Directorate,Veterinary Medicines Directorate,2010 to 2015 Conservative and Liberal Democrat coalition government,,,
https://www.gov.uk/guidance/safe-passage-for-eels,Safe passage for eels,detailed_guide,9ee64f71-e04a-48c8-aa72-1a63ec65cda4,en,whitehall,2017-06-21T23:00:00.000Z,2024-01-30T10:37:27.000Z,,,6,"Environment,GOV.UK homepage,Business and industry,Business and the environment",Environment Agency,Environment Agency,2016 to 2019 May Conservative government,,,
https://www.gov.uk/guidance/the-pig-carcase-grading-scheme-dress-and-grade-carcases,The Pig Carcase Grading Scheme: dress and grade carcases,detailed_guide,5f20d98c-7631-11e4-a3cb-005056011aef,en,whitehall,2014-03-30T23:00:00.000Z,2025-10-15T09:50:27.000Z,,,6,"Producing and distributing food,Meat production,Environment,GOV.UK homepage,Food and farming",Rural Payments Agency,Rural Payments Agency,2010 to 2015 Conservative and Liberal Democrat coalition government,,,
https://www.gov.uk/guidance/local-authority-rights-of-way-improvement-plans,Local authority rights of way improvement plans,detailed_guide,444a473f-dad3-487e-a2b7-dfe6242d6742,en,whitehall,2015-05-13T13:29:00.000Z,2021-10-21T08:20:54.000Z,,,6,"Environment,Sports and leisure,Rural and countryside,GOV.UK homepage,Society and culture","Department for Environment, Food & Rural Affairs","Department for Environment, Food & Rural Affairs",2015 to 2016 Cameron Conservative government,,,
https://www.gov.uk/guidance/prevention-and-coping-with-allergen-symptoms,Prevention and coping with allergen symptoms,detailed_guide,a991d27d-8e57-43a7-b31d-e981e0b50671,en,whitehall,2025-08-07T08:30:04.000Z,2025-08-07T08:30:04.000Z,,,6,"Environment,GOV.UK homepage,Pollution and environmental quality",UK Health Security Agency,"UK Health Security Agency,Centre for Climate and Health Security",2024 Starmer Labour government,,,
https://www.gov.uk/guidance/plant-health-and-seeds-control-inspection,Plant health and seeds control inspection,detailed_guide,0e92a621-b339-484f-9633-dceb9550919d,en,whitehall,2016-01-12T00:00:00.000Z,2020-04-17T08:12:16.000Z,,,6,"Wildlife, animals, biodiversity and ecosystems,Environment,Animal and plant health,GOV.UK homepage",Animal and Plant Health Agency,Animal and Plant Health Agency,2015 to 2016 Cameron Conservative government,,,
https://www.gov.uk/guidance/north-kent-marshes-policy-unit-thames-estuary-2100,North Kent Marshes Policy Unit: Thames Estuary 2100,detailed_guide,4885b1f8-cd2e-43e2-a535-8a5bb9b6385a,en,whitehall,2023-04-19T11:05:00.000Z,2023-04-19T11:05:00.000Z,,,6,"Environment,GOV.UK homepage,River maintenance, flooding and coastal erosion","Department for Environment, Food & Rural Affairs","Department for Environment, Food & Rural Affairs,Environment Agency",2022 to 2024 Sunak Conservative government,,,
https://www.gov.uk/guidance/equine-infectious-anaemia-swamp-fever,Equine infectious anaemia (swamp fever): how to spot and report it,detailed_guide,5f60a763-7631-11e4-a3cb-005056011aef,en,whitehall,2014-08-26T13:31:00.000Z,2019-10-28T09:30:06.000Z,,,6,"Animal and plant health,Wildlife, animals, biodiversity and ecosystems,GOV.UK homepage,Environment","Department for Environment, Food & Rural Affairs","Department for Environment, Food & Rural Affairs,Animal and Plant Health Agency",2010 to 2015 Conservative and Liberal Democrat coalition government,,,
https://www.gov.uk/guidance/swine-influenza,Swine influenza: how to spot the disease,detailed_guide,5f65cf2a-7631-11e4-a3cb-005056011aef,en,whitehall,2014-08-25T23:00:00.000Z,2023-11-27T11:27:50.000Z,,,6,"Public health,Environment,Infectious diseases,Food and farming,GOV.UK homepage,Health protection,Health and social care","Department for Environment, Food & Rural Affairs","Department for Environment, Food & Rural Affairs,Animal and Plant Health Agency,UK Health Security Agency",2010 to 2015 Conservative and Liberal Democrat coalition government,,,
https://www.gov.uk/guidance/london-city-policy-unit-thames-estuary-2100,London City Policy Unit: Thames Estuary 2100,detailed_guide,4162374a-c29c-41f4-a8a2-deaa5882c30f,en,whitehall,2023-04-19T11:36:00.000Z,2023-04-19T11:36:00.000Z,,,6,"Environment,River maintenance, flooding and coastal erosion,GOV.UK homepage","Department for Environment, Food & Rural Affairs","Department for Environment, Food & Rural Affairs,Environment Agency",2022 to 2024 Sunak Conservative government,,,
https://www.gov.uk/guidance/private-non-validated-or-unapproved-tb-tests-for-cattle-in-england,Private non-validated or unapproved TB tests for cattle in England,detailed_guide,8653e8b3-abd3-401e-a4da-6b5820a1a053,en,whitehall,2025-02-03T09:30:04.000Z,2025-02-03T09:30:04.000Z,,,6,"Food and farming,Reporting disease and disease outbreaks,Environment,Animal and plant health,Keeping farmed animals,Wildlife, animals, biodiversity and ecosystems,GOV.UK homepage","Department for Environment, Food & Rural Affairs","Department for Environment, Food & Rural Affairs,Animal and Plant Health Agency",2024 Starmer Labour government,,,
https://www.gov.uk/guidance/energy-efficiency-standards-for-industrial-plants-to-get-environmental-permits,Energy efficiency standards for industrial plants to get environmental permits,detailed_guide,edbb1d29-53ba-4318-a643-e385af248177,en,whitehall,2016-02-01T00:00:00.000Z,2019-07-14T23:15:01.000Z,,,6,"Climate change and energy,Environment,Business and industry,Energy efficiency,Environmental permits,Business and the environment,GOV.UK homepage",Environment Agency,"Environment Agency,Department for Environment, Food & Rural Affairs",2015 to 2016 Cameron Conservative government,,,
https://www.gov.uk/guidance/monitoring-ambient-air-techniques-and-standards,Monitoring ambient air: techniques and standards,detailed_guide,03010cbd-1c3e-4c81-bfee-d6989438ca38,en,whitehall,2024-09-09T23:00:00.000Z,2024-09-09T23:00:00.000Z,,,6,"Pollution and environmental quality,Environment,GOV.UK homepage",Environment Agency,Environment Agency,2024 Starmer Labour government,,,
https://www.gov.uk/guidance/wave-and-tidal-energy-part-of-the-uks-energy-mix,Wave and tidal energy: part of the UK's energy mix,detailed_guide,5d2b5e7e-7631-11e4-a3cb-005056011aef,en,whitehall,2013-01-22T12:00:00.000Z,2013-01-22T12:00:00.000Z,,,6,"Environment,Low carbon technologies,GOV.UK homepage,Energy infrastructure",Department for Energy Security and Net Zero,"Department for Energy Security and Net Zero,Department for Business, Energy & Industrial Strategy",2010 to 2015 Conservative and Liberal Democrat coalition government,,,
https://www.gov.uk/guidance/northumbria-river-basin-district-river-management-plan-updated-2022,Northumbria river basin district river management plan: updated 2022,detailed_guide,8da5cb7e-222b-410a-a379-ec900953c597,en,whitehall,2022-10-21T11:00:00.000Z,2022-12-22T09:30:10.000Z,,,6,"Environment,GOV.UK homepage",Environment Agency,Environment Agency,2022 Truss Conservative government,,,
https://www.gov.uk/guidance/structure-of-the-agricultural-industry-survey-notes-and-guidance,Structure of the agricultural industry: survey notes and guidance,detailed_guide,5e0ea2a3-7631-11e4-a3cb-005056011aef,en,whitehall,2013-04-07T23:00:00.000Z,2025-05-27T08:02:38.000Z,,,6,"Environment,Food and farming,Food and farming industry,GOV.UK homepage","Department for Environment, Food & Rural Affairs","Department for Environment, Food & Rural Affairs",2010 to 2015 Conservative and Liberal Democrat coalition government,,,
https://www.gov.uk/guidance/salmonella-get-your-broiler-flock-chickens-tested,Salmonella: test your broiler flock chickens,detailed_guide,5fe66f34-7631-11e4-a3cb-005056011aef,en,whitehall,2016-02-08T00:00:00.000Z,2025-11-10T16:55:05.000Z,,,6,"Poultry registration,Wildlife, animals, biodiversity and ecosystems,Environment,Animal and plant health,GOV.UK homepage,Keeping farmed animals,Food and farming","Department for Environment, Food & Rural Affairs","Department for Environment, Food & Rural Affairs,Animal and Plant Health Agency,Welsh Government,The Scottish Government,Department of Agriculture, Environment and Rural Affairs (Northern Ireland)",2015 to 2016 Cameron Conservative government,,,
https://www.gov.uk/guidance/climate-change-agreements-information-to-report-to-hmrc,Check when to report Climate Change Levy subsidies,detailed_guide,3257edfa-fe94-498b-9e05-9682d97c4155,en,whitehall,2016-10-18T23:00:00.000Z,2024-12-31T08:43:49.000Z,,,6,"Climate Change Levy,Business tax,Environment,Climate change and energy,Money,GOV.UK homepage",HM Revenue & Customs,HM Revenue & Customs,2016 to 2019 May Conservative government,,,
https://www.gov.uk/guidance/hydrogen-production-with-carbon-capture-emerging-techniques,Hydrogen production with carbon capture: emerging techniques,detailed_guide,32d5247f-3a3e-4509-9235-8f05065fc9c0,en,whitehall,2023-02-03T00:00:00.000Z,2023-02-03T00:00:00.000Z,,,6,"Business and the environment,Environment,Pollution and environmental quality,Business and industry,GOV.UK homepage,Climate change and energy",Environment Agency,Environment Agency,2022 to 2024 Sunak Conservative government,,,
https://www.gov.uk/guidance/animal-testing-and-research-annual-returns,Animal testing and research: annual returns,detailed_guide,e6f32962-57b5-4f04-8d14-2399f6633cdf,en,whitehall,2017-12-01T10:45:00.000Z,2022-12-21T11:16:05.000Z,,,6,"Environment,Wildlife, animals, biodiversity and ecosystems,GOV.UK homepage,Science and innovation,Business and industry",Home Office,Home Office,2016 to 2019 May Conservative government,,,
https://www.gov.uk/guidance/getting-eu-funding,Getting EU funding,detailed_guide,0c6b214b-7f81-43ce-b533-eb2afe66a4ae,en,whitehall,2020-08-05T11:33:00.000Z,2020-12-31T23:01:12.000Z,,,6,"Environment,GOV.UK homepage,Fisheries funding,Government funding programmes,Brexit,European funds,Government efficiency, transparency and accountability,Europe,Government spending,Fishing, fisheries and fishing vessels,Government",HM Treasury,HM Treasury,2019 to 2022 Johnson Conservative government,,,
https://www.gov.uk/guidance/how-to-access-waste-management-data-for-england,How to access waste management data for England,detailed_guide,95394a3b-4dfc-4eb5-989d-23dfd27635af,en,whitehall,2019-09-09T23:00:00.000Z,2025-09-17T16:46:00.000Z,,,6,"Environment,Waste management,GOV.UK homepage,Waste and recycling",Environment Agency,Environment Agency,2019 to 2022 Johnson Conservative government,,,
https://www.gov.uk/guidance/flash-flooding,Flash flooding,detailed_guide,75cc5883-fede-418d-bedd-6032a6f97ef1,en,whitehall,2013-11-11T00:00:00.000Z,2023-09-20T09:47:52.000Z,,,6,"GOV.UK homepage,Government,Environment,Emergency preparation, response and recovery,River maintenance, flooding and coastal erosion",Environment Agency,Environment Agency,2010 to 2015 Conservative and Liberal Democrat coalition government,,,
https://www.gov.uk/guidance/aims-and-objectives-thames-estuary-2100,Aims and objectives: Thames Estuary 2100,detailed_guide,00d191a1-f72a-4bf5-af9f-6fc9bfeb531b,en,whitehall,2023-04-19T13:38:00.000Z,2023-04-19T13:38:00.000Z,,,6,"Environment,GOV.UK homepage,River maintenance, flooding and coastal erosion","Department for Environment, Food & Rural Affairs","Department for Environment, Food & Rural Affairs,Environment Agency",2022 to 2024 Sunak Conservative government,,,
https://www.gov.uk/guidance/organic-produce-tests-and-inspections,Organic food tests and inspections,detailed_guide,0c569ff4-2d6a-4ec8-8806-2b392f1be185,en,whitehall,2016-04-27T11:52:00.000Z,2023-07-13T15:22:42.000Z,,,6,"Food and farming industry,Food and farming,GOV.UK homepage,Environment","Department for Environment, Food & Rural Affairs","Department for Environment, Food & Rural Affairs",2015 to 2016 Cameron Conservative government,,,
https://www.gov.uk/guidance/waste-exemption-t31-recover-monopropylene-glycol-from-aircraft-antifreeze-fluids,T31: recovering monopropylene glycol from aircraft antifreeze,detailed_guide,5f4d339d-7631-11e4-a3cb-005056011aef,en,whitehall,2014-04-27T23:00:00.000Z,2025-07-01T08:30:02.000Z,,,,"Environmental permits,Environment,Waste exemptions,Waste and recycling,GOV.UK homepage",Environment Agency,Environment Agency,2010 to 2015 Conservative and Liberal Democrat coalition government,,,
https://www.gov.uk/guidance/richmond-policy-unit-thames-estuary-2100,Richmond Policy Unit: Thames Estuary 2100,detailed_guide,49140f17-c01d-41bb-a9f5-26d322f47917,en,whitehall,2023-04-18T23:00:00.000Z,2023-04-18T23:00:00.000Z,,,,"Environment,GOV.UK homepage,River maintenance, flooding and coastal erosion","Department for Environment, Food & Rural Affairs","Department for Environment, Food & Rural Affairs,Environment Agency",2022 to 2024 Sunak Conservative government,,,
https://www.gov.uk/guidance/rainham-marshes-policy-unit-thames-estuary-2100,Rainham Marshes Policy Unit: Thames Estuary 2100,detailed_guide,6e523249-0be5-4639-b4f9-4a1aae8232e5,en,whitehall,2023-04-19T11:52:00.000Z,2023-04-19T11:52:00.000Z,,,,"River maintenance, flooding and coastal erosion,GOV.UK homepage,Environment","Department for Environment, Food & Rural Affairs","Department for Environment, Food & Rural Affairs,Environment Agency",2022 to 2024 Sunak Conservative government,,,
https://www.gov.uk/guidance/climate-change-adaptation-information-for-local-authorities,Climate change adaptation: information for local authorities,detailed_guide,5dc75927-7631-11e4-a3cb-005056011aef,en,whitehall,2013-04-09T10:57:00.000Z,2013-04-09T10:57:00.000Z,,,,"Climate change and energy,Environment,GOV.UK homepage","Department for Environment, Food & Rural Affairs","Department for Environment, Food & Rural Affairs",2010 to 2015 Conservative and Liberal Democrat coalition government,,,
https://www.gov.uk/guidance/wales-subregion-6,Wales - Subregion 6,detailed_guide,48149c4c-e760-4163-bdc8-ce0db9a977b6,en,whitehall,2018-12-19T14:15:00.000Z,2019-01-16T14:15:07.000Z,,,,"Radioactive and nuclear substances and waste,Environment,Scientific research and development,Business and industry,Waste and recycling,GOV.UK homepage,Science and innovation",Nuclear Waste Services,Nuclear Waste Services,2016 to 2019 May Conservative government,,,
https://www.gov.uk/guidance/timber-in-construction-innovation-fund,Timber in construction innovation fund (currently closed),detailed_guide,a6282ae0-03a5-4cd5-88e2-ec5e10c75e55,en,whitehall,2022-02-09T00:00:00.000Z,2023-12-08T15:46:51.000Z,,,,"Environment,Rural and countryside,Forests and woodland,GOV.UK homepage",Forestry Commission,Forestry Commission,2019 to 2022 Johnson Conservative government,,,
https://www.gov.uk/guidance/harbour-reorganisation-schemes-hrs,Harbour Reorganisation Schemes (HRS),detailed_guide,ad67e83c-59b5-48d3-a057-d5848c4d72bf,en,whitehall,2020-02-21T09:00:00.000Z,2021-12-16T12:53:01.000Z,,,,"Harbours,Environment,GOV.UK homepage,Harbour orders,Marine",Marine Management Organisation,Marine Management Organisation,2019 to 2022 Johnson Conservative government,,,
https://www.gov.uk/guidance/salmon-and-sea-trout-apply-for-a-net-fishing-licence,Salmon and sea trout: apply for a net fishing licence,detailed_guide,13bd19b1-659c-4133-a992-48e0fdb94a73,en,whitehall,2025-12-22T00:00:00.000Z,2025-12-22T00:00:00.000Z,,,,"Wildlife and habitat conservation,Fish and shellfish,Freshwater fisheries,GOV.UK homepage,Wildlife, animals, biodiversity and ecosystems,Fishing, fisheries and fishing vessels,Environment,Fishing regulations, monitoring and enforcement",Environment Agency,Environment Agency,2024 Starmer Labour government,,,
https://www.gov.uk/guidance/waste-exemption-t29-treatment-of-non-hazardous-pesticide-washings-by-carbon-filtration-for-disposal,T29: carbon filtering non-hazardous pesticide washings,detailed_guide,5f4d32fa-7631-11e4-a3cb-005056011aef,en,whitehall,2014-04-27T23:00:00.000Z,2025-08-19T12:41:49.000Z,,,,"Environmental permits,Environment,Waste exemptions,Waste and recycling,GOV.UK homepage",Environment Agency,Environment Agency,2010 to 2015 Conservative and Liberal Democrat coalition government,,,
https://www.gov.uk/guidance/common-land-declarations-of-exempt-works,Common land declarations of exempt works,detailed_guide,530c61e4-ad8c-40bd-8b9c-89c11f20b15e,en,whitehall,2015-07-22T08:00:00.000Z,2021-08-16T07:28:49.000Z,,,,"Rural development and land management,Environment,Commons and greens,Rural and countryside,GOV.UK homepage",Planning Inspectorate,Planning Inspectorate,2015 to 2016 Cameron Conservative government,,,
https://www.gov.uk/guidance/apply-to-release-a-batch-of-pharmaceutical-veterinary-medicine-onto-the-uk-market,Apply for specific batch control of a pharmaceutical veterinary medicine,detailed_guide,0fe30647-6d25-4207-b087-ea5536429f6d,en,whitehall,2015-06-01T15:29:00.000Z,2019-04-01T09:26:56.000Z,,,,"GOV.UK homepage,Wildlife, animals, biodiversity and ecosystems,Environment",Veterinary Medicines Directorate,Veterinary Medicines Directorate,2015 to 2016 Cameron Conservative government,,,
https://www.gov.uk/guidance/woodland-research-and-development-grant,Woodland Research and Development Grant,detailed_guide,2fb9f31c-544b-4565-8a99-beac9e7a44a7,en,whitehall,2018-07-09T12:00:00.000Z,2018-07-09T12:00:00.000Z,,,,"Environment,Forests and woodland,Rural and countryside,GOV.UK homepage",Forestry Commission,Forestry Commission,2016 to 2019 May Conservative government,,,
https://www.gov.uk/guidance/marine-plans-independant-investigations,Marine Plans: independent investigations,detailed_guide,6e929f15-03d1-42c6-bcc9-39b37b24487d,en,whitehall,2014-01-01T00:00:00.000Z,2014-01-01T00:00:00.000Z,,,,"Marine planning,Environment,GOV.UK homepage,Marine environment,Marine",Planning Inspectorate,Planning Inspectorate,2010 to 2015 Conservative and Liberal Democrat coalition government,,,
https://www.gov.uk/guidance/oil-gas-and-mining-offshore-contractors,Oil and gas: offshore contractors,detailed_guide,6055a5a0-7631-11e4-a3cb-005056011aef,en,whitehall,2011-11-10T00:00:00.000Z,2021-01-14T15:20:45.000Z,,,,"GOV.UK homepage,Oil, gas and coal,Environment,Energy infrastructure,Money,Tax and profits,Oil and gas finance and taxation",HM Revenue & Customs,HM Revenue & Customs,2010 to 2015 Conservative and Liberal Democrat coalition government,,,
https://www.gov.uk/guidance/rift-valley-fever,Rift Valley fever: how to spot and report the disease,detailed_guide,5f658d06-7631-11e4-a3cb-005056011aef,en,whitehall,2014-08-26T14:43:00.000Z,2018-10-18T12:56:04.000Z,,,,"Food and farming,Environment,GOV.UK homepage","Department for Environment, Food & Rural Affairs","Department for Environment, Food & Rural Affairs,Animal and Plant Health Agency",2010 to 2015 Conservative and Liberal Democrat coalition government,,,
https://www.gov.uk/guidance/regulating-the-geological-disposal-of-radioactive-waste-environmental-protection,Regulating the geological disposal of radioactive waste: environmental protection,detailed_guide,1ce30afa-085b-4e61-9deb-55312ffac24a,en,whitehall,2018-09-17T23:00:00.000Z,2024-02-07T10:36:36.000Z,,,,"Energy infrastructure,GOV.UK homepage,Environmental permits,Energy industry and infrastructure licensing and regulation,Waste and environmental impact,Business regulation,Radioactive and nuclear substances and waste,Climate change and energy,Low carbon technologies,Business and industry,Waste and recycling,Environment",Environment Agency,Environment Agency,2016 to 2019 May Conservative government,,,
https://www.gov.uk/guidance/reservoir-owner-and-operator-guidance-inspection-information-pack,Reservoir owner and operator guidance: inspection information pack,detailed_guide,b1f9e01b-59fd-42ee-abf0-c4d445a577e4,en,whitehall,2021-07-06T08:00:04.000Z,2021-07-06T08:00:04.000Z,,,,"Environment,River maintenance, flooding and coastal erosion,GOV.UK homepage",Environment Agency,Environment Agency,2019 to 2022 Johnson Conservative government,,,
https://www.gov.uk/guidance/bristol-and-gloucester-subregion-2,Bristol and Gloucester - Subregion 2,detailed_guide,17e7d7d3-3742-4a44-8cf8-f31928291fd9,en,whitehall,2018-12-19T14:15:00.000Z,2018-12-19T15:21:08.000Z,,,,"Science and innovation,Scientific research and development,Environment,GOV.UK homepage,Radioactive and nuclear substances and waste,Business and industry,Waste and recycling",Nuclear Waste Services,Nuclear Waste Services,2016 to 2019 May Conservative government,,,
https://www.gov.uk/guidance/guidance-to-help-you-successfully-complete-a-marine-licence-application,Guidance to help you successfully complete a marine licence application,detailed_guide,c7388c4a-89fc-406a-b0dc-c17942fa5bd7,en,whitehall,2024-10-24T23:00:00.000Z,2024-11-28T16:01:55.000Z,,,,"Environment,Marine,Marine licences,GOV.UK homepage",Marine Management Organisation,Marine Management Organisation,2024 Starmer Labour government,,,
https://www.gov.uk/guidance/coal-liabilities,Coal liabilities,detailed_guide,5c82ecae-7631-11e4-a3cb-005056011aef,en,whitehall,2013-01-20T18:39:00.000Z,2013-01-20T18:39:00.000Z,,,,"Pensions and ageing society,Climate change and energy,GOV.UK homepage,Work,Business and industry,Environment,Public service pensions,Business regulation,Energy industry and infrastructure licensing and regulation",Department for Energy Security and Net Zero,"Department for Energy Security and Net Zero,Department for Business, Energy & Industrial Strategy",2010 to 2015 Conservative and Liberal Democrat coalition government,,,
https://www.gov.uk/guidance/2019-rights-of-way-order-information-start-date-notices-inquiry-hearing-notices-and-rejection-letters,"2019 Rights of Way order information: start date notices, inquiry & hearing notices and rejection letters",detailed_guide,1791b266-2ae7-4b10-b9d1-b9304448d21a,en,whitehall,2019-01-03T11:19:00.000Z,2020-06-16T08:49:05.000Z,,,,"Environment,Access to the countryside,Rural and countryside,GOV.UK homepage,Countryside",Planning Inspectorate,Planning Inspectorate,2016 to 2019 May Conservative government,,,
https://www.gov.uk/guidance/wales-subregion-1,Wales - Subregion 1,detailed_guide,4a46e574-1162-47bd-b29b-727c86008ad1,en,whitehall,2018-12-19T14:15:00.000Z,2019-01-16T14:15:07.000Z,,,,"Science and innovation,Environment,Waste and recycling,Radioactive and nuclear substances and waste,Business and industry,Scientific research and development,GOV.UK homepage",Nuclear Waste Services,Nuclear Waste Services,2016 to 2019 May Conservative government,,,
https://www.gov.uk/guidance/national-geological-screening-for-a-gdf-london-thames-valley,"National Geological Screening for a GDF - London, Thames Valley",detailed_guide,d0e82988-77d8-4f58-8742-ce7bbd4a34dd,en,whitehall,2018-12-19T14:15:00.000Z,2018-12-19T14:15:00.000Z,,,,"Science and innovation,GOV.UK homepage,Scientific research and development,Environment,Business and industry,Waste and recycling,Radioactive and nuclear substances and waste",Nuclear Waste Services,Nuclear Waste Services,2016 to 2019 May Conservative government,,,
https://www.gov.uk/guidance/maritime-and-fisheries-fund-mff-before-you-apply,Maritime and Fisheries Fund (MFF): before you apply,detailed_guide,95736a0e-7b21-46cb-b3f7-4634900f4b8b,en,whitehall,2019-10-23T23:00:00.000Z,2021-02-22T13:38:19.000Z,,,,"Environment,Marine,GOV.UK homepage,Fishing, fisheries and fishing vessels,Fisheries funding",Marine Management Organisation,Marine Management Organisation,2019 to 2022 Johnson Conservative government,,,
https://www.gov.uk/guidance/outdoor-airborne-allergens,Outdoor airborne allergens,detailed_guide,99f7cc5b-0a6a-4f2a-b160-13368c54914c,en,whitehall,2025-08-06T23:00:00.000Z,2025-08-06T23:00:00.000Z,,,,"Environment,Pollution and environmental quality,GOV.UK homepage",UK Health Security Agency,"UK Health Security Agency,Centre for Climate and Health Security",2024 Starmer Labour government,,,
https://www.gov.uk/guidance/airborne-allergens-and-syndromic-surveillance,Airborne allergens and syndromic surveillance,detailed_guide,f6bc467b-c0e1-4498-a75e-3c9c75efd0e4,en,whitehall,2025-08-07T08:30:04.000Z,2025-08-07T08:30:04.000Z,,,,"Environment,Climate change and energy,Climate change adaptation,GOV.UK homepage",UK Health Security Agency,"UK Health Security Agency,Centre for Climate and Health Security",2024 Starmer Labour government,,,
https://www.gov.uk/guidance/consulting-on-neighbourhood-plans-and-development-orders,"Get environmental advice on neighbourhood plans, development orders and community right to build orders",detailed_guide,ba9bc955-ab3c-4c27-bb67-79f2c80b8dfd,en,whitehall,2015-03-29T00:00:00.000Z,2016-11-14T16:20:22.000Z,,,,"GOV.UK homepage,Environmental planning,Planning and building,Environment,Rural and countryside,Housing, local and community",Environment Agency,"Environment Agency,Natural England,Department for Environment, Food & Rural Affairs",2010 to 2015 Conservative and Liberal Democrat coalition government,,,
https://www.gov.uk/guidance/moving-non-qualifying-northern-ireland-goods-from-northern-ireland-to-great-britain,Moving non-qualifying Northern Ireland goods from Northern Ireland to Great Britain,detailed_guide,63794958-ea2e-4296-af90-11228ddd2e6a,en,whitehall,2025-02-03T00:00:00.000Z,2025-02-14T17:28:15.000Z,,,,"Wildlife, animals, biodiversity and ecosystems,Environment,Importing,Trade and investment,Business and industry,Animal and plant health,GOV.UK homepage,Import controls","Department for Environment, Food & Rural Affairs","Department for Environment, Food & Rural Affairs",2024 Starmer Labour government,,,
https://www.gov.uk/guidance/register-a-pernambuco-stockpile,Register a Pernambuco stockpile,detailed_guide,02f09bfb-49c9-4d08-bbd4-371cb247afc4,en,whitehall,2025-08-11T09:00:00.000Z,2025-08-11T09:00:00.000Z,,,,"Biodiversity and ecosystems,Wildlife, animals, biodiversity and ecosystems,Environment,GOV.UK homepage","Department for Environment, Food & Rural Affairs","Department for Environment, Food & Rural Affairs",2024 Starmer Labour government,,,
https://www.gov.uk/guidance/generating-energy-offshore,Generating energy offshore,detailed_guide,601a4e38-7631-11e4-a3cb-005056011aef,en,whitehall,2014-09-18T11:29:00.000Z,2014-09-18T11:29:00.000Z,,,,"Planning and building,Marine licences,Marine,GOV.UK homepage,Marine environment,Environment,Housing, local and community",Marine Management Organisation,Marine Management Organisation,2010 to 2015 Conservative and Liberal Democrat coalition government,,,
https://www.gov.uk/guidance/nature-based-solutions-for-climate-apply-for-a-habitat-creation-grant,Nature-based Solutions for Climate: apply for a habitat creation grant,detailed_guide,0122ceb0-28b7-4554-9458-0dfee25515a5,en,whitehall,2022-07-08T14:47:00.000Z,2022-07-08T14:47:00.000Z,,,,"Environment,GOV.UK homepage,Climate change and energy,Rural and countryside,Rural development and land management",Natural England,"Natural England,Environment Agency,Forestry Commission,Board of Trustees of the Royal Botanic Gardens Kew,Department for Environment, Food & Rural Affairs,Department for Business, Energy & Industrial Strategy,Department for Energy Security and Net Zero",2019 to 2022 Johnson Conservative government,,,
https://www.gov.uk/guidance/protect-a-traditional-term-for-a-wine-product-in-the-uk,Protect a traditional term for a wine product,detailed_guide,c4fddd77-5259-48a9-a182-102584548f73,en,whitehall,2020-12-31T00:00:00.000Z,2024-04-30T09:02:01.000Z,,,,"Producing and distributing food,Environment,GOV.UK homepage,Food and farming","Department for Environment, Food & Rural Affairs","Department for Environment, Food & Rural Affairs,Natural England",2019 to 2022 Johnson Conservative government,,,
https://www.gov.uk/guidance/export-ungulates-and-captive-bred-birds-from-great-britain-to-the-eu,Export ungulates and captive-bred birds to the EU and Northern Ireland,detailed_guide,523b093c-d677-4280-a3e0-de6fbade888c,en,whitehall,2021-12-17T00:00:00.000Z,2025-02-26T14:49:58.000Z,,,,"Business and industry,Environment,Trade and investment,Wildlife, animals, biodiversity and ecosystems,Animal and plant health,GOV.UK homepage,Export controls and licensing,Exporting,Animal welfare","Department for Environment, Food & Rural Affairs","Department for Environment, Food & Rural Affairs",2019 to 2022 Johnson Conservative government,,,
https://www.gov.uk/guidance/managing-higher-activity-radioactive-waste-engagement,Managing Higher Activity Radioactive Waste: Engagement,detailed_guide,4e1cf523-cdc5-4d80-adcb-5b0f5a09cb58,en,whitehall,2025-11-13T00:00:00.000Z,2025-11-13T00:00:00.000Z,,,,"Environment,Waste and recycling,Radioactive and nuclear substances and waste,GOV.UK homepage",Nuclear Waste Services,Nuclear Waste Services,2024 Starmer Labour government,,,
https://www.gov.uk/guidance/export-eggs-from-great-britain,Export eggs from Great Britain,detailed_guide,6cd8b446-8fcd-4ad1-aa14-657d223892ba,en,whitehall,2023-02-16T00:00:00.000Z,2023-11-07T09:46:44.000Z,,,,"Producing and distributing food,Import, export and distribution of food,Food and farming,GOV.UK homepage,Environment","Department for Environment, Food & Rural Affairs","Department for Environment, Food & Rural Affairs",2022 to 2024 Sunak Conservative government,,,
https://www.gov.uk/guidance/organic-control-bodies-outside-the-uk-apply-for-recognition-to-certify-exports-to-great-britain,Organic control bodies outside the UK: apply for recognition to certify exports to Great Britain,detailed_guide,d9ef75b2-17db-41c4-8ad3-c8f3598ed146,en,whitehall,2023-04-21T10:10:07.000Z,2023-04-21T10:10:07.000Z,,,,"Business and industry,Food labelling and safety,Producing and distributing food,Food and farming industry,Environment,Trade and investment,GOV.UK homepage,Food and farming,Business and the environment","Department for Environment, Food & Rural Affairs","Department for Environment, Food & Rural Affairs",2022 to 2024 Sunak Conservative government,,,
https://www.gov.uk/guidance/veterinary-medicine-health-situation-scheme,Veterinary Medicine Health Situation Scheme,detailed_guide,8d3d59fc-b506-412d-9e36-9b2010eae3f8,en,whitehall,2025-06-18T23:00:00.000Z,2025-10-31T09:04:49.000Z,,,,"Wildlife, animals, biodiversity and ecosystems,Animal and plant health,Environment,GOV.UK homepage",Veterinary Medicines Directorate,Veterinary Medicines Directorate,2024 Starmer Labour government,,,
https://www.gov.uk/guidance/top-ten-imported-veterinary-medicines-quarterly-report-1-july-to-30-september-2024,Top Ten Imported Veterinary Medicines Quarterly Report 1 July to 30 September 2024,detailed_guide,4d4c59d0-66b5-49ab-8a78-ab94f622986b,en,whitehall,2024-10-16T11:54:09.000Z,2024-10-16T11:54:09.000Z,,,,"Environment,Animal and plant health,Wildlife, animals, biodiversity and ecosystems,GOV.UK homepage",Veterinary Medicines Directorate,Veterinary Medicines Directorate,2024 Starmer Labour government,,,
https://www.gov.uk/guidance/get-accreditation-for-your-country-park,Get accreditation for a country park you manage in England,detailed_guide,5fe79472-7631-11e4-a3cb-005056011aef,en,whitehall,2014-10-02T14:38:00.000Z,2022-09-07T11:39:30.000Z,,,,"Rural and countryside,GOV.UK homepage,Environment,Parks, trails and nature reserves,Countryside",Natural England,"Natural England,Department for Environment, Food & Rural Affairs",2010 to 2015 Conservative and Liberal Democrat coalition government,,,
https://www.gov.uk/guidance/uk-seafood-innovation-fund,UK Seafood Fund: Seafood Innovation Fund,detailed_guide,1d04f715-29b1-4153-8f41-8428e5af9f55,en,whitehall,2019-07-19T05:00:00.000Z,2023-05-04T11:57:16.000Z,,,,"Environment,Marine,Fishing, fisheries and fishing vessels,GOV.UK homepage,Fisheries funding","Department for Environment, Food & Rural Affairs","Department for Environment, Food & Rural Affairs,Centre for Environment, Fisheries and Aquaculture Science,Department for Business, Energy & Industrial Strategy",2016 to 2019 May Conservative government,,,
https://www.gov.uk/guidance/national-geological-screening-for-a-gdf-east-anglia,National Geological Screening for a GDF - East Anglia,detailed_guide,7ac639b8-d70a-4026-a38c-4092ce62fb57,en,whitehall,2018-12-19T14:15:00.000Z,2018-12-19T14:15:00.000Z,,,,"Radioactive and nuclear substances and waste,Science and innovation,Waste and recycling,GOV.UK homepage,Scientific research and development,Environment,Business and industry",Nuclear Waste Services,Nuclear Waste Services,2016 to 2019 May Conservative government,,,
https://www.gov.uk/guidance/shipping-radioactive-sources-between-the-uk-and-eu,Shipping radioactive sources between the UK and EU,detailed_guide,43530d60-dbf5-4877-9d1c-248b3cd8c8ef,en,whitehall,2020-12-31T23:01:00.000Z,2020-12-31T23:01:00.000Z,,,,"Environment,Waste and recycling,Brexit,GOV.UK homepage,Government,Radioactive and nuclear substances and waste",Department for Energy Security and Net Zero,"Department for Energy Security and Net Zero,Department for Business, Energy & Industrial Strategy",2019 to 2022 Johnson Conservative government,,,
https://www.gov.uk/guidance/coronavirus-covid-19-vmd-news-and-guidance,Coronavirus (COVID-19) VMD News and Guidance,detailed_guide,65e4227c-277e-4f50-bec9-75aacc9b2297,en,whitehall,2020-04-30T10:40:00.000Z,2021-12-23T13:49:59.000Z,,,,"Food and farming,GOV.UK homepage,Environment,Wildlife, animals, biodiversity and ecosystems,Veterinary medicines,Animal and plant health,Pets,Keeping farmed animals",Veterinary Medicines Directorate,Veterinary Medicines Directorate,2019 to 2022 Johnson Conservative government,,,
https://www.gov.uk/guidance/regional-fisheries-groups-north-west-7a,Regional Fisheries Groups – North West 7a,detailed_guide,b7fe9092-d904-43d6-855c-57cc736eafe3,en,whitehall,2025-04-28T23:00:00.000Z,2025-12-15T09:56:21.000Z,,,,"Marine,GOV.UK homepage,Environment,Sea fishing",Marine Management Organisation,Marine Management Organisation,2024 Starmer Labour government,,,
https://www.gov.uk/guidance/maritime-and-fisheries-fund-mff-successful-applicants,Maritime and Fisheries Fund (MFF): successful applicants,detailed_guide,6ca13372-0399-4de6-b88a-3c3ce24f151c,en,whitehall,2019-10-23T23:00:00.000Z,2023-12-11T11:57:10.000Z,,,,"Fisheries funding,GOV.UK homepage,Environment,Marine,Fishing, fisheries and fishing vessels",Marine Management Organisation,Marine Management Organisation,2019 to 2022 Johnson Conservative government,,,
https://www.gov.uk/guidance/list-of-i-vms-type-approved-devices-for-under-12-metre-english-vessels,List of I-VMS type-approved devices for under-12 metre English vessels,detailed_guide,b08a3c74-68d7-432b-af4c-2e04babe0e34,en,whitehall,2021-11-26T00:00:00.000Z,2026-01-22T17:10:32.000Z,,,,"Marine,GOV.UK homepage,Environment,Sea fishing",Marine Management Organisation,Marine Management Organisation,2019 to 2022 Johnson Conservative government,,,
https://www.gov.uk/guidance/get-approval-for-method-7-processing-of-animal-by-products,Get approval for method 7 processing of animal by-products,detailed_guide,5fa8d0c4-7631-11e4-a3cb-005056011aef,en,whitehall,2014-09-05T11:43:00.000Z,2014-10-09T16:29:13.000Z,,,,"GOV.UK homepage,Environment,Food and farming","Department for Environment, Food & Rural Affairs","Department for Environment, Food & Rural Affairs,Animal and Plant Health Agency",2010 to 2015 Conservative and Liberal Democrat coalition government,,,
https://www.gov.uk/guidance/uk-switzerland-regulatory-cooperation-guidance-on-veterinary-medicines-simultaneous-reviews,UK-Switzerland Regulatory Cooperation: Guidance on Veterinary Medicines Simultaneous Reviews,detailed_guide,3a645361-1beb-4078-b971-4297993db041,en,whitehall,2023-05-22T10:01:00.000Z,2023-07-10T13:42:30.000Z,,,,"Wildlife, animals, biodiversity and ecosystems,Animal welfare,Environment,Animal and plant health,GOV.UK homepage,Pets,Wildlife and animal welfare",Veterinary Medicines Directorate,Veterinary Medicines Directorate,2022 to 2024 Sunak Conservative government,,,
https://www.gov.uk/guidance/2023-rights-of-way-order-information-start-date-notices-inquiry-hearing-notices-and-rejection-letters,"Rights of way order information: start date notices, inquiry & hearing notices and rejection letters published in 2023",detailed_guide,c7b0d4ee-7f0b-4cd4-a800-1599291688bb,en,whitehall,2023-01-03T00:00:00.000Z,2023-12-21T10:04:18.000Z,,,,"Countryside,Housing, local and community,Rural and countryside,Access to the countryside,Planning and building,GOV.UK homepage,Environment",Planning Inspectorate,Planning Inspectorate,2022 to 2024 Sunak Conservative government,,,
https://www.gov.uk/guidance/managing-higher-activity-radioactive-waste,Managing Higher Activity Radioactive Waste,detailed_guide,88522dd1-1e8e-4f6c-8cb7-387e898c3207,en,whitehall,2025-11-13T00:00:00.000Z,2025-11-13T00:00:00.000Z,,,,"Environment,GOV.UK homepage,Radioactive and nuclear substances and waste,Waste and recycling",Nuclear Waste Services,Nuclear Waste Services,2024 Starmer Labour government,,,
https://www.gov.uk/guidance/animal-by-product-processors-how-to-carry-out-a-processing-test,Animal by-product processors: how to carry out a processing test,detailed_guide,5feb3459-7631-11e4-a3cb-005056011aef,en,whitehall,2014-09-05T11:43:00.000Z,2014-10-09T16:29:10.000Z,,,,"Food and farming,Environment,GOV.UK homepage","Department for Environment, Food & Rural Affairs","Department for Environment, Food & Rural Affairs,Animal and Plant Health Agency",2010 to 2015 Conservative and Liberal Democrat coalition government,,,
https://www.gov.uk/guidance/deer-keepers-tagging-deer-and-reporting-their-movements,"Keeping deer in England: tagging, movement and record keeping rules",detailed_guide,cf8b43fb-6cc1-4f6f-8c40-91da0f3ff83a,en,whitehall,2015-06-07T23:00:00.000Z,2024-07-11T08:28:32.000Z,,,,"GOV.UK homepage,Keeping farmed animals,Food and farming,Deer farming,Environment","Department for Environment, Food & Rural Affairs","Department for Environment, Food & Rural Affairs,Rural Payments Agency,Animal and Plant Health Agency",2015 to 2016 Cameron Conservative government,,,
https://www.gov.uk/appeal-right-of-way-decision/comment-on-an-appeal,Appeal against a right of way decision: Comment on an appeal,guide,ffbc6161-14f8-44c3-81e4-0ec903ac4bbe,en,publisher,2015-09-08T13:56:32.000Z,2015-09-21T11:19:37.000Z,,,,"Housing and communities,Countryside,Housing, local and community,Rural and countryside,Environment,Regional and local government,Local councils and services,GOV.UK homepage",Government Digital Service,Planning Inspectorate,,,,
https://www.gov.uk/guidance/oil-gas-and-mining-supplementary-charge,Oil and gas: supplementary charge,detailed_guide,60556b68-7631-11e4-a3cb-005056011aef,en,whitehall,2011-11-18T00:00:00.000Z,2015-07-20T13:58:50.000Z,,,,"Oil and gas finance and taxation,Energy infrastructure,Money,Oil, gas and coal,GOV.UK homepage,Tax and profits,Environment",HM Revenue & Customs,HM Revenue & Customs,2010 to 2015 Conservative and Liberal Democrat coalition government,,,
https://www.gov.uk/guidance/webinars-for-importers-of-food-and-drink-products-from-the-eu-to-great-britain,Webinars for importers of food and drink products from the EU to Great Britain,detailed_guide,9b6bd2d1-54cb-4227-ad75-0b9dd66b2665,en,whitehall,2021-02-12T14:24:00.000Z,2021-09-14T14:33:43.000Z,,,,"Business and industry,Government,Import, export and distribution of food,Food and farming,Brexit,GOV.UK homepage,Trade and investment,Environment,Producing and distributing food,Importing","Department for Environment, Food & Rural Affairs","Department for Environment, Food & Rural Affairs",2019 to 2022 Johnson Conservative government,,,
https://www.gov.uk/guidance/top-ten-imported-veterinary-medicines-quarterly-report-1-july-30-sept-2023,Top Ten Imported Veterinary Medicines Quarterly Report 1 July - 30 Sept 2023,detailed_guide,56fb409d-c81d-4099-b824-fddae0d9905e,en,whitehall,2023-10-24T23:00:00.000Z,2023-10-24T23:00:00.000Z,,,,"Animal and plant health,Environment,Wildlife, animals, biodiversity and ecosystems,GOV.UK homepage",Veterinary Medicines Directorate,Veterinary Medicines Directorate,2022 to 2024 Sunak Conservative government,,,
https://www.gov.uk/guidance/flood-risk-management-plans-frmps-how-to-prepare-them,Flood risk management plans (FRMPs): how to prepare them,detailed_guide,5f11dff1-7631-11e4-a3cb-005056011aef,en,whitehall,2014-05-01T11:00:00.000Z,2022-05-18T14:56:17.000Z,,,,"GOV.UK homepage,River maintenance, flooding and coastal erosion,Environment",Environment Agency,Environment Agency,2010 to 2015 Conservative and Liberal Democrat coalition government,,,
