url,title,documentType,contentId,locale,publishing_app,first_published_at,public_updated_at,withdrawn_at,withdrawn_explanation,page_views,taxons,primary_organisation,all_organisations,government,is_political,people,occurrences
https://www.gov.uk/apply-renew-passport,Apply online for a UK passport,transaction,a350d322-669c-4acc-8b54-08c342afd569,en,publisher,2012-01-31T12:27:16.000Z,2017-12-01T13:13:43.816Z,,,149259,"GOV.UK homepage,Going and being abroad,Passports",Government Digital Service,HM Passport Office,,,,
https://www.gov.uk/renew-adult-passport/renew,Renew or replace your adult passport: Renew,guide,82248bb1-c4d6-41e0-9494-d98123475626,en,publisher,2012-10-10T19:37:20.000Z,2015-01-12T00:01:07.000Z,,,137162,"Passports,Going and being abroad,GOV.UK homepage",Government Digital Service,HM Passport Office,,,,
https://www.gov.uk/photos-for-passports,Get a passport photo,guide,eea679a8-dc15-4eb3-ad10-089b69e94512,en,publisher,2012-10-11T14:42:06.000Z,2015-03-25T15:49:30.000Z,,,39141,"GOV.UK homepage,Going and being abroad,Passports",Government Digital Service,HM Passport Office,,,,
https://www.gov.uk/get-a-passport-urgently,Get a passport urgently,answer,89426190-c98e-4997-8149-7e0f03aecc8d,en,publisher,2012-01-19T10:21:45.000Z,2024-11-04T12:30:07.391Z,,,30232,"Passports,Going and being abroad,GOV.UK homepage",Government Digital Service,HM Passport Office,,,,
https://www.gov.uk/get-a-child-passport/renew-a-child-passport,Get a passport for your child: Renew a child passport,guide,dabfc6b3-d88c-458f-a9fb-f286b987509b,en,publisher,2012-10-11T14:44:50.000Z,2014-12-23T16:15:15.000Z,,,27493,"Citizenship,GOV.UK homepage,Entering and staying in the UK,Permanent stay in the UK,Passports,Going and being abroad",Government Digital Service,HM Passport Office,,,,
https://www.gov.uk/track-passport-application,Track your passport application,answer,e618b137-0d81-49b5-aa38-9fe2f397401d,en,publisher,2013-03-14T14:33:22.000Z,2015-09-22T16:20:34.000Z,,,27346,"Passports,GOV.UK homepage,Going and being abroad",Government Digital Service,HM Passport Office,,,,
https://www.gov.uk/passport-advice-line,Passport advice and complaints,answer,99d076d9-a9f7-4b25-9031-85e311c01da5,en,publisher,2012-10-11T15:38:50.000Z,2024-12-12T09:10:59.930Z,,,16423,"GOV.UK homepage,Passports,Going and being abroad",Government Digital Service,HM Passport Office,,,,
https://www.gov.uk/overseas-passports,Overseas British passport applications,transaction,4c5096d7-b074-4f8c-8412-0ec8718b5d00,en,publisher,2017-04-28T11:41:08.485Z,2020-02-24T14:30:10.392Z,,,12862,"Passports,Going and being abroad,Passports and emergency travel documents,Countries (Living In),GOV.UK homepage,Help and services around the world,Living abroad",Government Digital Service,HM Passport Office,,,,
https://www.gov.uk/guidance/eu-entryexit-system,EU Entry/Exit System,detailed_guide,3f8c8643-cb28-4f17-aca1-ce3c260d4b9d,en,whitehall,2024-09-04T23:00:00.000Z,2026-02-13T15:24:53.000Z,,,12381,"Going and being abroad,British nationals overseas,Passports,GOV.UK homepage,Travel abroad","Foreign, Commonwealth & Development Office","Foreign, Commonwealth & Development Office,Cabinet Office",2024 Starmer Labour government,,,
https://www.gov.uk/passport-fees,Passport fees,answer,8b59b474-9775-4366-97ee-97a66740411c,en,publisher,2011-07-27T17:34:05.000Z,2015-01-12T00:01:06.000Z,,,10953,"GOV.UK homepage,Passports,Going and being abroad",Government Digital Service,HM Passport Office,,,,
https://www.gov.uk/get-document-legalised,Get your document legalised,guide,73058592-dedf-4379-9a1d-d8222a796c0a,en,publisher,2013-03-27T16:03:27.000Z,2015-02-25T09:56:08.000Z,,,9293,"Countries (Living In),GOV.UK homepage,Life circumstances,Travel abroad,Help and services around the world,Certificates, register offices, changes of name or gender,Living abroad,Going and being abroad",Government Digital Service,"Foreign, Commonwealth & Development Office",,,,
https://www.gov.uk/changing-passport-information,Change your name or personal details on your passport,guide,edc047e5-d91f-4561-bbed-ae7667e75214,en,publisher,2012-10-11T14:42:58.000Z,2015-03-18T15:00:04.000Z,,,9022,"Passports,GOV.UK homepage,Going and being abroad",Government Digital Service,HM Passport Office,,,,
https://www.gov.uk/apply-first-adult-passport,Getting your first adult passport,guide,a6657a49-a0b8-4f86-a3a4-131c681e07bd,en,publisher,2012-10-11T16:28:20.000Z,2015-01-12T00:01:06.000Z,,,8867,"Passports,GOV.UK homepage,Going and being abroad",Government Digital Service,HM Passport Office,,,,
https://www.gov.uk/driving-abroad/get-an-idp,Driving abroad: Get an international driving permit (IDP),guide,e4d06cb9-9e2e-4e82-b802-0aad013ae16c,en,publisher,2011-12-01T12:07:14.000Z,2025-01-29T11:31:47.451Z,,,6947,"Driving licences,Going and being abroad,GOV.UK homepage,Brexit,Driving and road transport,Transport,Government,Driving abroad,Living abroad",Government Digital Service,"Department for Transport,Driver and Vehicle Licensing Agency",,,,
https://www.gov.uk/countersigning-passport-applications/accepted-occupations-for-countersignatories,Countersigning passport applications and photos: Accepted occupations for countersignatories,guide,919c7165-ed03-45d4-9e88-fa32d2a7e329,en,publisher,2012-10-11T15:12:00.000Z,2014-11-17T18:21:35.000Z,,,6632,"Passports,GOV.UK homepage,Going and being abroad",Government Digital Service,HM Passport Office,,,,
https://www.gov.uk/eu-eea,Countries in the EU and EEA,answer,e675301d-b593-4736-b216-bb9369edf04d,en,publisher,2014-01-23T16:31:20.000Z,2015-07-24T11:35:41.000Z,,,4789,"Entering and staying in the UK,Rights of EU and EEA citizens,Rights of foreign nationals in the UK,GOV.UK homepage,Countries (Living In),Living abroad,Going and being abroad",Government Digital Service,"HM Passport Office,UK Visas and Immigration",,,,
https://www.gov.uk/hand-luggage-restrictions/liquids,Hand luggage restrictions at UK airports: Liquids,guide,95f9c380-30bc-44c7-86b4-e9c9ef0fc272,en,publisher,2012-10-17T15:07:05.000Z,2015-09-07T16:23:07.000Z,,,4773,"Aviation safety and security,GOV.UK homepage,Going and being abroad,Travel abroad,Transport,Aviation",Government Digital Service,"Civil Aviation Authority,Department for Transport",,,,
https://www.gov.uk/guidance/advice-for-women-travelling-abroad,Advice for women travelling abroad,detailed_guide,c7b56078-f494-4635-92bc-8c87a2db27b4,en,whitehall,2012-11-01T00:00:00.000Z,2023-12-22T14:38:53.000Z,,,4120,"Countries (Living In),British nationals overseas,GOV.UK homepage,Going and being abroad",Foreign & Commonwealth Office,"Foreign & Commonwealth Office,Foreign, Commonwealth & Development Office",2010 to 2015 Conservative and Liberal Democrat coalition government,,,
https://www.gov.uk/how-the-post-office-check-and-send-service-works,Passport Check and Send service,answer,3e64f1bc-feca-4f7f-9693-784b776f6735,en,publisher,2011-07-28T13:11:54.000Z,2015-01-12T00:01:06.000Z,,,4053,"Going and being abroad,Passports,GOV.UK homepage",Government Digital Service,HM Passport Office,,,,
https://www.gov.uk/bringing-goods-into-uk-personal-use/arriving-in-Great-Britain,Bringing goods into the UK for personal use: Arriving in Great Britain,guide,e2f32e46-981c-4e9b-8247-1eccd748f5cb,en,publisher,2012-01-26T13:25:53.000Z,2024-11-08T12:40:30.799Z,,,3181,"Customs declarations, duties and tariffs (import and export),Trade and investment,Going and being abroad,Importing,GOV.UK homepage,Business and industry,Travel abroad",Government Digital Service,"Border Force,HM Revenue & Customs",,,,
https://www.gov.uk/travel-urgently-from-abroad-without-uk-passport,Travel urgently from abroad without your UK passport,guide,52d01c9e-fa5c-4e26-b309-bae92dc1c4bc,en,publisher,2013-02-26T14:25:08.000Z,2024-10-23T14:36:54.496Z,,,3042,"Help and services around the world,Passports and emergency travel documents,Passports,Going and being abroad,GOV.UK homepage",Government Digital Service,"Foreign, Commonwealth & Development Office",,,,
https://www.gov.uk/permission-take-child-abroad,Get permission to take a child abroad,answer,46a617c4-9128-4e39-bf56-c95765f8c7ce,en,publisher,2013-08-08T14:57:06.000Z,2025-01-09T16:50:57.961Z,,,2809,"GOV.UK homepage,Travel abroad,Going and being abroad",Government Digital Service,"Foreign, Commonwealth & Development Office,HM Courts & Tribunals Service",,,,
https://www.gov.uk/state-pension-if-you-retire-abroad,State Pension if you retire abroad,guide,67e60d9c-6479-49f1-be15-d895c2796a94,en,publisher,2011-10-03T11:03:58.000Z,2024-11-06T15:01:55.942Z,,,2717,"State Pension,Tax, benefits, pensions and working abroad,Living abroad,Countries (Living In),Working, jobs and pensions,Help and services around the world,Going and being abroad,GOV.UK homepage,Work",Government Digital Service,Department for Work and Pensions,,,,
https://www.gov.uk/passport-services-disabled,Passport services if you're disabled,answer,f11cddc6-6316-425b-8c71-44d013dc3e80,en,publisher,2012-10-11T16:55:18.000Z,2015-11-23T17:57:44.000Z,,,2648,"Disability equipment and transport,Health and social care,Going and being abroad,GOV.UK homepage,Passports,Disabled people",Government Digital Service,HM Passport Office,,,,
https://www.gov.uk/guidance/living-in-spain,Living in Spain,detailed_guide,5d8c3247-7631-11e4-a3cb-005056011aef,en,whitehall,2013-03-22T00:00:00.000Z,2026-02-18T10:38:49.000Z,,,2619,"Living abroad,British nationals overseas,Help and services around the world,Going and being abroad,UK help and services in Spain,GOV.UK homepage,Living in Spain","Foreign, Commonwealth & Development Office","Foreign, Commonwealth & Development Office",2010 to 2015 Conservative and Liberal Democrat coalition government,,,
https://www.gov.uk/bring-pet-to-great-britain,"Bringing your pet dog, cat or ferret to Great Britain",guide,bc210087-fe91-4e48-8214-0d5273a099d5,en,publisher,2011-07-28T14:59:32.000Z,2024-10-24T15:00:05.153Z,,,2375,"GOV.UK homepage,Entering and staying in the UK,Going and being abroad,Pets,Travel abroad,Wildlife, animals, biodiversity and ecosystems,Environment",Government Digital Service,"Department for Environment, Food & Rural Affairs,Foreign, Commonwealth & Development Office",,,,
https://www.gov.uk/marriages-civil-partnerships-abroad,Getting married or registering a civil partnership abroad,answer,af82b733-2a44-4902-963c-ba20afdca031,en,publisher,2024-04-15T12:26:18.429Z,2024-06-14T12:59:21.278Z,,,2163,"Travel abroad,Help and services around the world,Birth, death and marriage abroad ,Life circumstances,Living abroad,Going and being abroad,Travelling abroad,Marriage, civil partnership and divorce,GOV.UK homepage,Getting married ,Countries (Living In)",Government Digital Service,"Foreign, Commonwealth & Development Office",,,,
https://www.gov.uk/guidance/about-foreign-commonwealth-development-office-travel-advice,"About Foreign, Commonwealth & Development Office travel advice",detailed_guide,dd34d3a4-56bd-4cf5-b821-d76f9d997153,en,whitehall,2013-10-21T23:00:00.000Z,2025-09-24T10:41:27.000Z,,,1790,"Living abroad,British nationals overseas,Going and being abroad,GOV.UK homepage,Travel abroad","Foreign, Commonwealth & Development Office","Foreign, Commonwealth & Development Office",2010 to 2015 Conservative and Liberal Democrat coalition government,,,
https://www.gov.uk/british-passport-eligibility,British passport eligibility,answer,dac49c88-3e53-4816-a61b-c0283944026e,en,publisher,2012-10-11T14:43:14.000Z,2014-12-22T20:33:26.000Z,,,1685,"Citizenship,Passports,Society and culture,Entering and staying in the UK,British citizenship ,Permanent stay in the UK,Going and being abroad,GOV.UK homepage",Government Digital Service,"HM Passport Office,Home Office",,,,
https://www.gov.uk/guidance/foreign-travel-insurance,Foreign travel insurance,detailed_guide,5d8bb0f3-7631-11e4-a3cb-005056011aef,en,whitehall,2013-03-22T00:00:00.000Z,2024-08-02T14:08:00.000Z,,,1457,"COVID-19,Government,Travel abroad,GOV.UK homepage,International travel, immigration and repatriation during COVID-19,Health and social care,Brexit,Going and being abroad,British nationals overseas","Foreign, Commonwealth & Development Office","Foreign, Commonwealth & Development Office",2010 to 2015 Conservative and Liberal Democrat coalition government,,,
https://www.gov.uk/tax-foreign-income/residence,Tax on foreign income: UK residence and tax,guide,56fa5c5b-593b-42ec-8daf-4156dc1f8ca9,en,publisher,2014-12-08T15:30:05.000Z,2014-12-08T16:14:39.000Z,,,1416,"Help and services around the world,Living and working abroad,Income Tax,Tax compliance,Disclosing offshore income,Living abroad,Dealing with HMRC,Tax, benefits, pensions and working abroad,Countries (Living In),Going and being abroad,Coming to the UK,Money,GOV.UK homepage,Living or working abroad or offshore,Personal tax,Leaving the UK",Government Digital Service,HM Revenue & Customs,,,,
https://www.gov.uk/guidance/lesbian-gay-bisexual-and-transgender-foreign-travel-advice,"Lesbian, gay, bisexual and transgender: foreign travel advice",detailed_guide,5d8b55ce-7631-11e4-a3cb-005056011aef,en,whitehall,2013-03-22T14:47:00.000Z,2023-06-19T13:30:16.000Z,,,1402,"Advice for all countries,British nationals overseas,Travel abroad,Going and being abroad,GOV.UK homepage,Countries (Living In)",Foreign & Commonwealth Office,"Foreign & Commonwealth Office,Foreign, Commonwealth & Development Office",2010 to 2015 Conservative and Liberal Democrat coalition government,,,
https://www.gov.uk/guidance/tell-hmrc-about-employees-going-to-work-in-the-european-economic-area-ca3822,Apply for a certificate confirming you will pay UK National Insurance when working temporarily abroad (CA3822),detailed_guide,f0ab1ed0-b3ca-445f-9e4b-030c7bbdb17d,en,whitehall,2020-11-02T00:00:00.000Z,2024-05-09T11:15:19.000Z,,,1335,"Personal tax,Money,British nationals overseas,Going and being abroad,National Insurance,GOV.UK homepage",HM Revenue & Customs,HM Revenue & Customs,2019 to 2022 Johnson Conservative government,,,
https://www.gov.uk/take-medicine-in-or-out-uk,Take medicine in or out of the UK,answer,6997a229-66bb-444c-be42-e249d2b55236,en,publisher,2013-03-28T12:22:32.000Z,2016-05-06T11:52:30.606Z,,,1315,"Going and being abroad,GOV.UK homepage,Travel abroad",Government Digital Service,Home Office,,,,
https://www.gov.uk/tax-right-retire-abroad-return-to-uk,Tax if you leave the UK to live abroad,answer,090fa2f4-d596-47d4-8bf7-7dceec4ac4f1,en,publisher,2012-01-26T13:29:08.000Z,2014-12-08T15:30:02.000Z,,,1247,"Going and being abroad,Personal tax,Living abroad,Countries (Living In),Money,GOV.UK homepage,Income Tax,Leaving the UK",Government Digital Service,HM Revenue & Customs,,,,
https://www.gov.uk/guidance/moving-living-or-retiring-abroad,"Moving, living or retiring abroad",detailed_guide,cc3e92e1-eb89-43fb-ba0c-2e8202b29c02,en,whitehall,2025-08-19T23:00:00.000Z,2026-01-12T14:25:44.000Z,,,1109,"Going and being abroad,British nationals overseas,Travelling abroad,GOV.UK homepage,Travel abroad,Help and services around the world,Living abroad","Foreign, Commonwealth & Development Office","Foreign, Commonwealth & Development Office",2024 Starmer Labour government,true,,
https://www.gov.uk/taking-vehicles-out-of-uk,Taking a vehicle out of the UK,guide,406a1b8d-acaa-46fe-9296-f5a05508a303,en,publisher,2012-10-16T20:59:24.000Z,2024-10-11T15:17:40.258Z,,,1099,"Transport,Business and industry,Customs declarations, duties and tariffs (import and export),Going and being abroad,Living abroad,Driving abroad,Driving licences,Vehicle ownership, approval and standards,Driving and road transport,GOV.UK homepage,Vehicle import and export,Trade and investment,Countries (Living In)",Government Digital Service,"Driver and Vehicle Licensing Agency,HM Revenue & Customs",,,,
https://www.gov.uk/bringing-cash-into-uk,Take cash in and out of the UK,answer,aab159ca-a3ff-4846-bfca-745c699e9373,en,publisher,2011-09-14T15:32:59.000Z,2024-10-31T10:12:45.543Z,,,1038,"Personal tax,Money,Coming to the UK,Leaving the UK,Going and being abroad,Travel abroad,GOV.UK homepage",Government Digital Service,"Border Force,HM Revenue & Customs",,,,
https://www.gov.uk/passport-application-while-visiting-uk,Apply for or renew a British passport if you're visiting the UK,answer,2366bd6c-fd53-49ae-84bd-94b25238115b,en,publisher,2012-12-27T12:25:38.000Z,2015-08-27T16:28:18.000Z,,,1019,"Passports,Passports and emergency travel documents,GOV.UK homepage,Help and services around the world,Going and being abroad",Government Digital Service,HM Passport Office,,,,
https://www.gov.uk/register-birth-abroad,Register a birth abroad,answer,54889464-3225-4d61-9df7-402fcdce66e8,en,publisher,2023-09-21T11:00:05.532Z,2023-09-21T11:00:05.379Z,,,1008,"Register the birth of a child,Going and being abroad,Birth, death and marriage abroad ,Countries (Living In),Having a child, parenting and adoption,Living abroad,Life circumstances,Certificates, register offices, changes of name or gender,Pregnancy and birth,Travel abroad,GOV.UK homepage,Parenting, childcare and children's services ,Help and services around the world",Government Digital Service,"Foreign, Commonwealth & Development Office",,,,
https://www.gov.uk/guidance/solo-and-independent-travel,Solo and independent travel,detailed_guide,0215ba41-b3a2-4433-8ad6-45e26d19e22b,en,whitehall,2023-12-22T00:00:00.000Z,2025-06-12T15:26:42.000Z,,,997,"Travel abroad,GOV.UK homepage,Going and being abroad","Foreign, Commonwealth & Development Office","Foreign, Commonwealth & Development Office",2022 to 2024 Sunak Conservative government,,,
https://www.gov.uk/guidance/documents-for-british-people-abroad,Documents for British people abroad,detailed_guide,01d949ec-c086-42a1-aa89-fcb5f34a5ec7,en,whitehall,2024-07-24T23:00:00.000Z,2025-07-31T09:29:20.000Z,,,966,"Visa applications,Visas and entry clearance,Getting married ,Going and being abroad,Entering and staying in the UK,GOV.UK homepage,Life circumstances,Marriage, civil partnership and divorce,British nationals overseas,Having a child, parenting and adoption,The Commonwealth,International,Death and bereavement,Passports,Living abroad,Travel abroad","Foreign, Commonwealth & Development Office","Foreign, Commonwealth & Development Office",2024 Starmer Labour government,,,
https://www.gov.uk/guidance/foreign-travel-checklist,Foreign travel checklist,detailed_guide,5d8baf93-7631-11e4-a3cb-005056011aef,en,whitehall,2013-03-22T00:00:00.000Z,2025-12-12T12:18:19.000Z,,,879,"Countries (Living In),GOV.UK homepage,Living abroad,Going and being abroad,Travel abroad,Passports,Advice for all countries,British nationals overseas","Foreign, Commonwealth & Development Office","Foreign, Commonwealth & Development Office",2010 to 2015 Conservative and Liberal Democrat coalition government,,,
https://www.gov.uk/claim-benefits-abroad,"Claiming benefits if you live, move or travel abroad",guide,22f341ca-82c8-4637-9dc9-e83619a5255a,en,publisher,2012-10-10T19:34:23.000Z,2025-02-12T16:29:27.844Z,,,819,"Tax, benefits, pensions and working abroad,GOV.UK homepage,Going and being abroad,Benefits entitlement,Welfare,Living abroad,Travel abroad,Help and services around the world,Countries (Living In)",Government Digital Service,Department for Work and Pensions,,,,
https://www.gov.uk/moving-or-retiring-abroad,Moving or retiring abroad,answer,47a700b1-fa6b-4950-b491-d25798c7711f,en,publisher,2012-01-30T13:21:36.000Z,2015-01-08T09:55:38.000Z,,,695,"Tax, benefits, pensions and working abroad,Help and services around the world,Going and being abroad,Countries (Living In),Living abroad,GOV.UK homepage",Government Digital Service,"Department for Work and Pensions,HM Revenue & Customs,Student Loans Company",,,,
https://www.gov.uk/guidance/check-which-countrys-social-security-legislation-applies-to-you-ca8421i,Apply for a certificate to confirm you pay UK National Insurance when working in 2 or more countries (CA8421),detailed_guide,a82e9d34-1ee4-4fdc-9d20-94abcc8cc8eb,en,whitehall,2020-11-02T00:00:00.000Z,2023-12-01T00:00:07.000Z,,,676,"Personal tax,Money,National Insurance,British nationals overseas,GOV.UK homepage,Going and being abroad",HM Revenue & Customs,HM Revenue & Customs,2019 to 2022 Johnson Conservative government,,,
https://www.gov.uk/guidance/indonesia-visa-overstay-and-deportation,Indonesia: visa overstay and deportation,detailed_guide,7e310c80-372f-47af-99c6-10a4edd50a41,en,whitehall,2025-01-02T00:00:00.000Z,2025-01-02T00:00:00.000Z,,,670,"Living abroad,British nationals overseas,Going and being abroad,Travel abroad,GOV.UK homepage","Foreign, Commonwealth & Development Office","Foreign, Commonwealth & Development Office",2024 Starmer Labour government,,,
https://www.gov.uk/guidance/living-in-australia,Living in Australia,detailed_guide,5ef56c7b-7631-11e4-a3cb-005056011aef,en,whitehall,2014-01-03T00:00:00.000Z,2025-12-11T13:42:51.000Z,,,643,"UK help and services in Australia,Going and being abroad,British nationals overseas,Help and services around the world,Living abroad,Living in Australia,GOV.UK homepage","Foreign, Commonwealth & Development Office","Foreign, Commonwealth & Development Office",2010 to 2015 Conservative and Liberal Democrat coalition government,,,
https://www.gov.uk/global-entry-usa,Global Entry: apply for faster entry to the USA ,answer,d79a4c06-d0f3-484e-9200-12ea7685c9b2,en,publisher,2016-11-03T15:26:43.478Z,2017-11-03T13:55:32.205Z,,,631,"Going and being abroad,GOV.UK homepage,Travel abroad",Government Digital Service,UK Visas and Immigration,,,,
https://www.gov.uk/guidance/apply-for-a-certificate-or-document-if-self-employed-in-the-eu-eea-or-switzerland-ca3837,Apply for a certificate to confirm you will pay UK National Insurance while self-employed abroad temporarily (CA3837),detailed_guide,49683462-ca62-4b4b-a3c1-6355f02eb715,en,whitehall,2020-12-26T00:00:00.000Z,2024-11-11T09:09:43.000Z,,,616,"Going and being abroad,National Insurance,British nationals overseas,Money,Personal tax,GOV.UK homepage",HM Revenue & Customs,HM Revenue & Customs,2019 to 2022 Johnson Conservative government,,,
https://www.gov.uk/national-insurance-if-you-go-abroad,National Insurance if you work abroad,answer,833a9ae0-7045-4209-b817-def774f3dfbf,en,publisher,2012-10-15T17:27:16.000Z,2015-01-27T14:55:17.000Z,,,581,"Living abroad,Countries (Living In),Money,Help and services around the world,GOV.UK homepage,Going and being abroad,Tax, benefits, pensions and working abroad,Personal tax,National Insurance",Government Digital Service,"Department for Work and Pensions,HM Revenue & Customs",,,,
https://www.gov.uk/tax-uk-income-live-abroad,Tax on your UK income if you live abroad,guide,1e165fdc-0139-434a-ab47-7a6c13a38036,en,publisher,2014-12-08T15:30:08.000Z,2016-06-08T11:21:25.959Z,,,502,"Money,Help and services around the world,Living abroad,Countries (Living In),Going and being abroad,Personal tax,Living or working abroad or offshore,Living and working abroad,GOV.UK homepage,Income Tax,Tax, benefits, pensions and working abroad",Government Digital Service,HM Revenue & Customs,,,,
https://www.gov.uk/guidance/living-in-the-usa,Living in the USA,detailed_guide,5ec464f8-7631-11e4-a3cb-005056011aef,en,whitehall,2013-11-18T00:00:00.000Z,2025-12-11T13:36:08.000Z,,,455,"Countries (Living In),Help and services around the world,UK help and services in the USA,USA,Going and being abroad,British nationals overseas,Living abroad,North and Central America and the Caribbean,GOV.UK homepage,Living in the USA","Foreign, Commonwealth & Development Office","Foreign, Commonwealth & Development Office",2010 to 2015 Conservative and Liberal Democrat coalition government,,,
https://www.gov.uk/guidance/uk-reciprocal-healthcare-agreements-with-non-eu-countries,UK reciprocal healthcare agreements with non-EU countries,detailed_guide,9ea4a968-0b1d-4f58-98e3-c80abaf7a348,en,whitehall,2021-06-30T23:00:00.000Z,2025-01-15T11:52:11.000Z,,,444,"Travel abroad,Going and being abroad,Health and social care,GOV.UK homepage",Department of Health and Social Care,Department of Health and Social Care,2019 to 2022 Johnson Conservative government,,,
https://www.gov.uk/guidance/living-in-france,Living in France,detailed_guide,5e336c35-7631-11e4-a3cb-005056011aef,en,whitehall,2013-06-09T23:00:00.000Z,2025-12-11T13:36:29.000Z,,,426,"UK help and services in France,Help and services around the world,Living in France,Going and being abroad,GOV.UK homepage,British nationals overseas,Living abroad","Foreign, Commonwealth & Development Office","Foreign, Commonwealth & Development Office",2010 to 2015 Conservative and Liberal Democrat coalition government,,,
https://www.gov.uk/guidance/planning-for-later-life-as-a-british-person-in-spain,Planning for later life as a British person in Spain,detailed_guide,42e3b2c1-42ff-48cb-ab61-fd0e5942f53c,en,whitehall,2026-01-20T16:29:31.000Z,2026-01-20T16:29:31.000Z,,,391,"Help and services around the world,GOV.UK homepage,Going and being abroad,UK help and services in Spain,Living abroad,British nationals overseas,Living in Spain","Foreign, Commonwealth & Development Office","Foreign, Commonwealth & Development Office",2024 Starmer Labour government,,,
https://www.gov.uk/guidance/travel-to-spain-for-work,Travel to Spain for work,detailed_guide,d2b8d6cb-83d9-473c-b3e5-cc8e5933b02c,en,whitehall,2021-04-29T23:00:00.000Z,2024-04-15T09:27:10.000Z,,,379,"Government,Europe,GOV.UK homepage,Going and being abroad,Travel abroad",Department for Business and Trade,Department for Business and Trade,2019 to 2022 Johnson Conservative government,,,
https://www.gov.uk/guidance/living-in-ireland,Living in Ireland,detailed_guide,5e2ddbb5-7631-11e4-a3cb-005056011aef,en,whitehall,2013-05-13T23:00:00.000Z,2025-12-11T13:40:54.000Z,,,346,"Living in Ireland,Living abroad,Government,UK help and services in Ireland,GOV.UK homepage,Europe,Help and services around the world,British nationals overseas,Going and being abroad","Foreign, Commonwealth & Development Office","Foreign, Commonwealth & Development Office",2010 to 2015 Conservative and Liberal Democrat coalition government,,,
https://www.gov.uk/guidance/benefits-and-pensions-for-uk-nationals-in-the-eea-or-switzerland,"Benefits and pensions for UK nationals in the EU, EEA or Switzerland",detailed_guide,8e15ec04-080d-4892-937a-ab19e07d8b39,en,whitehall,2020-01-24T00:00:00.000Z,2024-01-25T07:47:38.000Z,,,338,"Living abroad,Brexit,Pensions and ageing society,British nationals overseas,Welfare,Going and being abroad,Benefits entitlement,Government,GOV.UK homepage,Work",Department for Work and Pensions,Department for Work and Pensions,2019 to 2022 Johnson Conservative government,,,
https://www.gov.uk/guidance/consular-services-fees,Consular services fees,detailed_guide,de76a889-aff8-42a4-96cb-b986b7683490,en,whitehall,2024-05-30T23:00:00.000Z,2025-04-09T09:00:03.000Z,,,325,"Living abroad,GOV.UK homepage,Travel abroad,Going and being abroad,British nationals overseas","Foreign, Commonwealth & Development Office","Foreign, Commonwealth & Development Office",2022 to 2024 Sunak Conservative government,,,
https://www.gov.uk/guidance/healthcare-in-spain-including-the-balearic-and-canary-islands,Healthcare for UK nationals living in Spain,detailed_guide,7c0d8a75-cfb8-42d9-b386-86e1f73e7934,en,whitehall,2019-09-22T23:00:00.000Z,2022-07-27T10:43:55.000Z,,,325,"Brexit,GOV.UK homepage,Living in Spain,Going and being abroad,UK help and services in Spain,British nationals overseas,Living abroad,Help and services around the world,Health and social care,Government",Department of Health and Social Care,"Department of Health and Social Care,Foreign, Commonwealth & Development Office",2019 to 2022 Johnson Conservative government,,,
https://www.gov.uk/guidance/what-to-do-after-a-british-national-dies-abroad,What to do when someone dies abroad,detailed_guide,2439e5b5-c24d-4440-bf84-8b9efc973da6,en,whitehall,2022-08-30T23:00:00.000Z,2025-01-22T16:36:59.000Z,,,316,"Death registration disclosure,British nationals overseas,Travel abroad,Living abroad,Going and being abroad,GOV.UK homepage,Life circumstances,Death and bereavement","Foreign, Commonwealth & Development Office","Foreign, Commonwealth & Development Office",2019 to 2022 Johnson Conservative government,,,
https://www.gov.uk/guidance/driving-in-the-eu-uk-licence-holders-living-in-the-eu,"Driving in Europe: UK licence holders living in the EU, Iceland, Liechtenstein, Norway or Switzerland",detailed_guide,d6ef60cb-1cdf-41eb-8f2f-a9b64a0dce6d,en,whitehall,2020-12-31T00:00:00.000Z,2024-02-23T09:14:41.000Z,,,308,"Brexit,Transport,GOV.UK homepage,Driving licences,Going and being abroad,Living abroad,Government,Driving and road transport,Driving abroad",Department for Transport,"Department for Transport,Driver and Vehicle Licensing Agency",2019 to 2022 Johnson Conservative government,,,
https://www.gov.uk/guidance/living-in-canada,Living in Canada,detailed_guide,5ec6b012-7631-11e4-a3cb-005056011aef,en,whitehall,2013-11-20T00:00:00.000Z,2025-12-11T13:42:20.000Z,,,307,"Going and being abroad,Help and services around the world,North and Central America and the Caribbean,Canada,Travel abroad,Countries (Living In),British nationals overseas,Living in Canada,GOV.UK homepage,Living abroad,UK help and services in Canada","Foreign, Commonwealth & Development Office","Foreign, Commonwealth & Development Office",2010 to 2015 Conservative and Liberal Democrat coalition government,,,
https://www.gov.uk/working-abroad,Work in an EU country,guide,12806ea7-f02c-4a2f-acd4-98df5e38ed64,en,publisher,2012-01-26T13:58:47.000Z,2015-02-24T13:52:42.000Z,,,287,"UK help and services in France,UK help and services in Germany,UK help and services in Czechia,UK help and services in Belgium,Tax, benefits, pensions and working abroad in Finland,Tax, benefits, pensions and working abroad in Slovenia,UK help and services in Bulgaria,Tax, benefits, pensions and working abroad in Cyprus,Tax, benefits, pensions and working abroad in Spain,UK help and services in Italy,UK help and services in Norway,Tax, benefits, pensions and working abroad in Italy,UK help and services in Liechtenstein,UK help and services in Slovakia,Tax, benefits, pensions and working abroad in Latvia,GOV.UK homepage,Tax, benefits, pensions and working abroad in Liechtenstein,UK help and services in Finland,UK help and services in Croatia,UK help and services in Netherlands,Tax, benefits, pensions and working abroad in Estonia,UK help and services in Luxembourg,UK help and services in Cyprus,Tax, benefits, pensions and working abroad in Germany,UK help and services in Malta,Tax, benefits, pensions and working abroad in Romania,Tax, benefits, pensions and working abroad in Austria,UK help and services in Hungary,Work,Countries (Living In),Tax, benefits, pensions and working abroad in Slovakia,Tax, benefits, pensions and working abroad in Croatia,Tax, benefits, pensions and working abroad in Lithuania,UK help and services in Slovenia,Tax, benefits, pensions and working abroad in Switzerland,Your pay, tax and the National Minimum Wage,UK help and services in Sweden,Living abroad,Your rights at work and trade unions,UK help and services in Estonia,UK help and services in Portugal,UK help and services in Austria,Tax, benefits, pensions and working abroad,UK help and services in Lithuania,Tax, benefits, pensions and working abroad in Belgium,Tax, benefits, pensions and working abroad in Netherlands,Help and services around the world,UK help and services in Latvia,UK help and services in Greece,Tax, benefits, pensions and working abroad in Sweden,Tax, benefits, pensions and working abroad in Hungary,UK help and services in Switzerland,Working, jobs and pensions,UK help and services in Denmark,Going and being abroad,Money,UK help and services in Spain,Tax, benefits, pensions and working abroad in Denmark,Tax, benefits, pensions and working abroad in Ireland,Tax, benefits, pensions and working abroad in Luxembourg,Tax, benefits, pensions and working abroad in Norway,Brexit,UK help and services in Ireland,Tax, benefits, pensions and working abroad in Poland,Tax, benefits, pensions and working abroad in France,Tax, benefits, pensions and working abroad in Bulgaria,Tax, benefits, pensions and working abroad in Portugal,Government,Tax, benefits, pensions and working abroad in Malta,Tax, benefits, pensions and working abroad in Czechia,Tax, benefits, pensions and working abroad in Greece,UK help and services in Romania,UK help and services in Iceland,UK help and services in Poland,Personal tax,Tax, benefits, pensions and working abroad in Iceland",Government Digital Service,"Foreign, Commonwealth & Development Office,HM Revenue & Customs",,,,
https://www.gov.uk/guidance/the-withdrawal-agreement-what-uk-nationals-need-to-know-about-citizens-rights,The Withdrawal Agreement: what UK nationals need to know about citizens’ rights,detailed_guide,5292c3b9-160b-4e43-9a10-27a3b4fb5da5,en,whitehall,2020-11-06T13:37:00.000Z,2020-11-06T13:37:00.000Z,,,278,"Government,Going and being abroad,Living abroad,GOV.UK homepage,Europe","Foreign, Commonwealth & Development Office","Foreign, Commonwealth & Development Office",2019 to 2022 Johnson Conservative government,,,
https://www.gov.uk/guidance/apply-for-health-care-cover-in-the-european-economic-area-ca8454,"Apply for healthcare cover in the EU, Iceland, Liechtenstein, Norway or Switzerland (CA8454)",detailed_guide,cdadf502-cf83-4df5-b5e0-b11a907df46b,en,whitehall,2020-11-02T00:00:00.000Z,2025-04-25T13:39:28.000Z,,,272,"GOV.UK homepage,Going and being abroad,Personal tax,Money,National Insurance",HM Revenue & Customs,HM Revenue & Customs,2019 to 2022 Johnson Conservative government,,,
https://www.gov.uk/guidance/taking-and-giving-evidence-by-video-link-from-abroad,Taking and giving evidence by video link from abroad in UK court cases and tribunals,detailed_guide,7887ba2d-8e81-4c93-84f4-a5272bdf7b0d,en,whitehall,2023-07-31T23:00:00.000Z,2026-02-04T16:23:16.000Z,,,269,"Going and being abroad,Courts, sentencing and tribunals,GOV.UK homepage,British nationals overseas,Crime, justice and law","Foreign, Commonwealth & Development Office","Foreign, Commonwealth & Development Office",2022 to 2024 Sunak Conservative government,,,
https://www.gov.uk/guidance/healthcare-for-uk-nationals-visiting-spain,Healthcare for UK nationals visiting Spain,detailed_guide,4911e1dd-360d-456a-b0ff-7b49c74bfff5,en,whitehall,2020-01-31T00:00:00.000Z,2021-09-02T12:52:13.000Z,,,267,"Government,UK help and services in Spain,Travel abroad,Health and social care,Going and being abroad,British nationals overseas,Help and services around the world,Travelling to Spain,GOV.UK homepage,Travelling abroad,Brexit",Department of Health and Social Care,"Department of Health and Social Care,Foreign, Commonwealth & Development Office",2019 to 2022 Johnson Conservative government,,,
https://www.gov.uk/guidance/living-in-portugal,Living in Portugal,detailed_guide,5d8f131a-7631-11e4-a3cb-005056011aef,en,whitehall,2013-03-22T00:00:00.000Z,2026-01-09T15:57:44.000Z,,,261,"British nationals overseas,Help and services around the world,Living abroad,GOV.UK homepage,UK help and services in Portugal,Living in Portugal,Going and being abroad","Foreign, Commonwealth & Development Office","Foreign, Commonwealth & Development Office",2010 to 2015 Conservative and Liberal Democrat coalition government,,,
https://www.gov.uk/guidance/spain-registering-as-a-resident-and-getting-a-tie,Spain: registering as a resident and getting a TIE,detailed_guide,3e1cdc16-4ee2-4c4c-9b9d-ec5adf28bd19,en,whitehall,2025-12-22T00:00:00.000Z,2025-12-22T00:00:00.000Z,,,260,"British nationals overseas,Going and being abroad,UK help and services in Spain,Help and services around the world,Living in Spain,Living abroad,GOV.UK homepage","Foreign, Commonwealth & Development Office","Foreign, Commonwealth & Development Office",2024 Starmer Labour government,,,
https://www.gov.uk/guidance/trailer-registration,Check if you need to register a trailer before towing it abroad,detailed_guide,f8ce6166-5069-4a43-a92d-5628027106ec,en,whitehall,2018-10-24T23:00:00.000Z,2025-08-25T23:01:01.000Z,,,259,"Road safety, driving rules and penalties,Vehicle operator licences,Transport,Transport businesses and vehicle operator licences,HGV and goods carriage vehicle licensing,Freight, haulage and cargo,Road haulage,GOV.UK homepage,Going and being abroad,Driving and road transport,Government,Brexit,Professional driving of lorries, buses and coaches,EU and international driving rules,Towing,Travel abroad",Department for Transport,"Department for Transport,Driver and Vehicle Licensing Agency,Driver and Vehicle Standards Agency,Traffic Commissioners for Great Britain",2016 to 2019 May Conservative government,,,
https://www.gov.uk/guidance/living-in-italy,Living in Italy,detailed_guide,5d8f119e-7631-11e4-a3cb-005056011aef,en,whitehall,2013-03-22T00:00:00.000Z,2025-12-11T13:41:29.000Z,,,258,"GOV.UK homepage,Living abroad,Help and services around the world,UK help and services in Italy,Corporate information,Going and being abroad,British nationals overseas,Living in Italy,Travel abroad","Foreign, Commonwealth & Development Office","Foreign, Commonwealth & Development Office",2010 to 2015 Conservative and Liberal Democrat coalition government,,,
https://www.gov.uk/airport-rights,Your rights at the airport,answer,734b48cb-6bbb-4ded-89e2-a439a7cf5978,en,publisher,2012-10-10T19:36:25.000Z,2019-03-27T11:54:14.252Z,,,257,"GOV.UK homepage,Going and being abroad,Travel abroad",Government Digital Service,"Border Force,UK Visas and Immigration",,,,
https://www.gov.uk/guidance/how-to-deal-with-a-crisis-overseas,If you’re affected by a crisis abroad,detailed_guide,5dc09a0e-7631-11e4-a3cb-005056011aef,en,whitehall,2013-03-22T00:00:00.000Z,2024-08-02T10:08:37.000Z,,,256,"GOV.UK homepage,Going and being abroad,Travel abroad,Help and services around the world,British nationals overseas,Emergency help for British nationals,Living abroad",Foreign & Commonwealth Office,"Foreign & Commonwealth Office,Foreign, Commonwealth & Development Office",2010 to 2015 Conservative and Liberal Democrat coalition government,,,
https://www.gov.uk/guidance/reduce-your-risk-from-terrorism-while-abroad,Reduce your risk from terrorism while abroad,detailed_guide,5d8bf792-7631-11e4-a3cb-005056011aef,en,whitehall,2013-03-22T00:00:00.000Z,2023-11-22T14:00:02.000Z,,,250,"British nationals overseas,Travelling abroad,Help and services around the world,Advice for all countries,Countries (Living In),GOV.UK homepage,Going and being abroad","Foreign, Commonwealth & Development Office","Foreign, Commonwealth & Development Office",2010 to 2015 Conservative and Liberal Democrat coalition government,,,
https://www.gov.uk/guidance/getting-married-in-spain,Getting married in Spain,detailed_guide,50aac0da-ba38-4302-a117-3309cc1e5e4d,en,whitehall,2024-08-18T23:00:00.000Z,2025-02-03T12:22:47.000Z,,,235,"British nationals overseas,Going and being abroad,Travel abroad,GOV.UK homepage,Living abroad","Foreign, Commonwealth & Development Office","Foreign, Commonwealth & Development Office",2024 Starmer Labour government,,,
https://www.gov.uk/guidance/living-in-cyprus,Living in Cyprus,detailed_guide,5d8c3ddf-7631-11e4-a3cb-005056011aef,en,whitehall,2013-03-22T00:00:00.000Z,2026-02-05T10:42:13.000Z,,,229,"Living in Cyprus,Going and being abroad,British nationals overseas,Personal tax,GOV.UK homepage,Driving and road transport,Help and services around the world,Driving licences,Passports,Money,Transport,Travel abroad,Living abroad,UK help and services in Cyprus,Health and social care,National Health Service,Leaving the UK,Driving abroad","Foreign, Commonwealth & Development Office","Foreign, Commonwealth & Development Office",2010 to 2015 Conservative and Liberal Democrat coalition government,,,
https://www.gov.uk/guidance/living-in-greece,Living in Greece,detailed_guide,5e2fe06c-7631-11e4-a3cb-005056011aef,en,whitehall,2013-05-26T23:00:00.000Z,2026-01-09T18:15:03.000Z,,,224,"GOV.UK homepage,UK help and services in Greece,Living in Greece,Going and being abroad,British nationals overseas,Help and services around the world,Living abroad","Foreign, Commonwealth & Development Office","Foreign, Commonwealth & Development Office",2010 to 2015 Conservative and Liberal Democrat coalition government,,,
https://www.gov.uk/guidance/apply-for-an-ata-carnet,Apply for an ATA Carnet,detailed_guide,ff6de25d-08d5-4146-97b4-901c28809ac2,en,whitehall,2019-10-10T23:00:00.000Z,2022-03-14T13:57:35.000Z,,,211,"Importing,Customs declarations, duties and tariffs (import and export),GOV.UK homepage,Trade and investment,Business and industry,Exporting,Travel abroad,Going and being abroad",HM Revenue & Customs,HM Revenue & Customs,2019 to 2022 Johnson Conservative government,,,
https://www.gov.uk/guidance/living-in-thailand,Living in Thailand,detailed_guide,5ee64daa-7631-11e4-a3cb-005056011aef,en,whitehall,2014-01-14T00:00:00.000Z,2025-12-11T13:35:14.000Z,,,192,"GOV.UK homepage,UK help and services in Thailand,Living abroad,British nationals overseas,Living in Thailand,Help and services around the world,Asia,Thailand,Countries (Living In),Going and being abroad","Foreign, Commonwealth & Development Office","Foreign, Commonwealth & Development Office",2010 to 2015 Conservative and Liberal Democrat coalition government,,,
https://www.gov.uk/guidance/what-to-do-after-a-british-person-dies-in-spain,When someone dies in Spain,detailed_guide,dfd20348-f3b4-46be-a08d-72b04e71ffda,en,whitehall,2021-01-27T00:00:00.000Z,2025-08-21T10:22:42.000Z,,,183,"UK help and services in Spain,Going and being abroad,Birth, death and marriage abroad ,Living abroad,Life circumstances,British nationals overseas,GOV.UK homepage,Emergency help for British nationals in Spain,Death and bereavement,Emergency help for British nationals,Travel abroad,Help and services around the world,Birth, death and marriage abroad in Spain","Foreign, Commonwealth & Development Office","Foreign, Commonwealth & Development Office",2019 to 2022 Johnson Conservative government,,,
https://www.gov.uk/guidance/professional-services-if-you-are-abroad,Professional services if you are abroad,detailed_guide,1c5c656b-79c3-4ef8-a05a-164674241517,en,whitehall,2022-06-13T23:00:00.000Z,2024-07-24T13:44:58.000Z,,,171,"UK help and services in Germany,Living in Kazakhstan,Living in Ethiopia,Living in Eswatini,UK help and services in Cambodia,UK help and services in Russia,Living in Portugal,UK help and services in Italy,UK help and services in Cyprus,Living in Sweden,Living in Turkey,Emergency help for British nationals in Argentina,UK help and services in Czechia,UK help and services in Nigeria,UK help and services in North Korea,UK help and services in South Africa,Living in Italy,Living in Thailand,Living in Argentina,Living in Cyprus,Living in South Sudan,Living in Bulgaria,Living in the United Arab Emirates,UK help and services in Ethiopia,British nationals overseas,UK help and services in France,Living in France,UK help and services in Slovakia,Living in Luxembourg,Going and being abroad,Travel abroad,UK help and services in Lesotho,Living in the Congo,Birth, death and marriage abroad in Luxembourg,UK help and services in Brazil,Help and services around the world,UK help and services in Ukraine,UK help and services in Thailand,Living in Cambodia,UK help and services in Botswana,UK help and services in Argentina,Living abroad,Living in Croatia,UK help and services in Congo,Living in Lesotho,Living in Uganda,Living in Botswana,Birth, death and marriage abroad in Nigeria,UK help and services in Zimbabwe,Living in Ukraine,UK help and services in Uganda,Birth, death and marriage abroad in Ukraine,Living in Czechia,UK help and services in Sweden,Living in Brazil,UK help and services in South Sudan,UK help and services in Portugal,UK help and services in Mozambique,UK help and services in India,UK help and services in Croatia,UK help and services in Eswatini,Living in Russia,UK help and services in Bulgaria,Birth, death and marriage abroad in Croatia,GOV.UK homepage,Birth, death and marriage abroad ,Birth, death and marriage abroad in Russia,Living in Germany,Birth, death and marriage abroad in Lesotho,UK help and services in Kazakhstan,Living in Mozambique,Emergency help for British nationals,UK help and services in Turkey,Birth, death and marriage abroad in India,UK help and services in Belgium,Living in Belgium,Living in Slovakia,Living in Zimbabwe,Birth, death and marriage abroad in Czechia,Birth, death and marriage abroad in Uganda,Living in South Africa,UK help and services in Luxembourg,UK help and services in the United Arab Emirates,Emergency help for British nationals in North Korea","Foreign, Commonwealth & Development Office","Foreign, Commonwealth & Development Office",2019 to 2022 Johnson Conservative government,,,
https://www.gov.uk/guidance/living-in-malta,Living in Malta,detailed_guide,78150ef7-0f40-4bf0-8645-6c405e04dd19,en,whitehall,2016-04-27T23:00:00.000Z,2025-12-12T13:59:20.000Z,,,170,"GOV.UK homepage,Going and being abroad,Help and services around the world,Living in Malta,British nationals overseas,UK help and services in Malta,Living abroad","Foreign, Commonwealth & Development Office","Foreign, Commonwealth & Development Office",2015 to 2016 Cameron Conservative government,,,
https://www.gov.uk/guidance/safer-adventure-travel-and-volunteering-overseas,Volunteering and adventure travel,detailed_guide,149ac1fb-ba94-45bb-9520-8ef8ccaf694f,en,whitehall,2015-06-07T23:00:00.000Z,2025-06-12T15:26:51.000Z,,,167,"Going and being abroad,Travel abroad,British nationals overseas,GOV.UK homepage,Countries (Living In)","Foreign, Commonwealth & Development Office","Foreign, Commonwealth & Development Office",2015 to 2016 Cameron Conservative government,,,
https://www.gov.uk/guidance/travel-to-france-for-work,Travel to France for work,detailed_guide,18043189-a12c-46e1-9ebc-31cd679053a6,en,whitehall,2021-04-29T23:00:00.000Z,2024-04-15T09:23:15.000Z,,,164,"GOV.UK homepage,Work,Business and industry,Travel abroad,Living abroad,Going and being abroad",Department for Business and Trade,Department for Business and Trade,2019 to 2022 Johnson Conservative government,,,
https://www.gov.uk/guidance/in-hospital-abroad,"Medical emergencies, treatment and hospitalisation abroad",detailed_guide,ac46e589-79e0-41b2-9d8b-32d207a3d6dd,en,whitehall,2022-08-30T23:00:00.000Z,2024-06-07T14:43:01.000Z,,,155,"Health and social care,GOV.UK homepage,Going and being abroad,British nationals overseas,Travel abroad","Foreign, Commonwealth & Development Office","Foreign, Commonwealth & Development Office",2019 to 2022 Johnson Conservative government,,,
https://www.gov.uk/guidance/national-insurance-for-workers-from-the-uk-working-in-the-eea-or-switzerland,"Paying National Insurance if you're going to work in the EU, Gibraltar, Iceland, Liechtenstein, Norway, or Switzerland",detailed_guide,3dd4d8b0-3956-4bae-b4f5-f7e11f22067a,en,whitehall,2020-12-26T00:00:00.000Z,2024-01-17T15:55:32.000Z,,,153,"Brexit,Money,Government,GOV.UK homepage,British nationals overseas,Personal tax,Going and being abroad,National Insurance",HM Revenue & Customs,HM Revenue & Customs,2019 to 2022 Johnson Conservative government,,,
https://www.gov.uk/guidance/confirm-youre-free-to-get-married-in-thailand,Confirm you’re free to get married in Thailand,detailed_guide,1e861a30-154d-4188-8508-da1e1829603d,en,whitehall,2024-05-01T23:00:00.000Z,2025-11-06T07:11:16.000Z,,,142,"Getting married ,Going and being abroad,Living abroad,Life circumstances,GOV.UK homepage,British nationals overseas,Marriage, civil partnership and divorce,Travel abroad","Foreign, Commonwealth & Development Office","Foreign, Commonwealth & Development Office",2022 to 2024 Sunak Conservative government,,,
https://www.gov.uk/guidance/living-in-the-united-arab-emirates,Living in the United Arab Emirates,detailed_guide,5d8c351d-7631-11e4-a3cb-005056011aef,en,whitehall,2013-03-22T00:00:00.000Z,2025-12-11T13:42:04.000Z,,,140,"Going and being abroad,Countries (Living In),GOV.UK homepage,British nationals overseas,Middle East,United Arab Emirates,Living in the United Arab Emirates,UK help and services in the United Arab Emirates,Help and services around the world,Living abroad","Foreign, Commonwealth & Development Office","Foreign, Commonwealth & Development Office",2010 to 2015 Conservative and Liberal Democrat coalition government,,,
https://www.gov.uk/guidance/healthcare-in-france-including-martinique-and-guadaloupe,Healthcare for UK nationals living in France,detailed_guide,83dce57b-929e-41c3-9d69-f3ca00074f4a,en,whitehall,2019-09-22T23:00:00.000Z,2022-07-25T15:56:45.000Z,,,139,"GOV.UK homepage,Living in France,Going and being abroad,British nationals overseas,Health and social care,Brexit,UK help and services in France,Government,Living abroad,Help and services around the world",Department of Health and Social Care,"Department of Health and Social Care,Foreign, Commonwealth & Development Office",2019 to 2022 Johnson Conservative government,,,
https://www.gov.uk/guidance/notarial-and-documentary-services-guide-for-spain,Spain: notarial and document services,detailed_guide,5df607e5-7631-11e4-a3cb-005056011aef,en,whitehall,2013-04-01T23:00:00.000Z,2025-02-03T12:27:22.000Z,,,139,"British embassy or high commission in Spain,Travel abroad,British nationals overseas,UK help and services in Spain,Going and being abroad,Living abroad,GOV.UK homepage,Help and services around the world,British embassy or high commission ","Foreign, Commonwealth & Development Office","Foreign, Commonwealth & Development Office",2010 to 2015 Conservative and Liberal Democrat coalition government,,,
https://www.gov.uk/collective-group-passports,Collective (group) passports,guide,5a60ddee-ca02-4d98-9046-e74021bef860,en,publisher,2012-10-11T14:44:25.000Z,2015-11-16T13:59:27.000Z,,,139,"Going and being abroad,GOV.UK homepage,Passports",Government Digital Service,HM Passport Office,,,,
https://www.gov.uk/guidance/mental-health-and-wellbeing-abroad,Mental health abroad,detailed_guide,7897d1ae-bc0e-48b9-86fa-9526cbec494f,en,whitehall,2022-08-30T23:00:00.000Z,2023-07-11T10:08:01.000Z,,,136,"Travel abroad,GOV.UK homepage,Going and being abroad,British nationals overseas,Living abroad,Health and social care","Foreign, Commonwealth & Development Office","Foreign, Commonwealth & Development Office",2019 to 2022 Johnson Conservative government,,,
https://www.gov.uk/guidance/living-in-new-zealand,Living in New Zealand,detailed_guide,5ef3ea2a-7631-11e4-a3cb-005056011aef,en,whitehall,2013-12-18T00:00:00.000Z,2025-12-11T13:40:38.000Z,,,134,"Going and being abroad,Living abroad,Help and services around the world,UK help and services in New Zealand,Living in New Zealand,British nationals overseas,GOV.UK homepage","Foreign, Commonwealth & Development Office","Foreign, Commonwealth & Development Office",2010 to 2015 Conservative and Liberal Democrat coalition government,,,
https://www.gov.uk/guidance/find-a-notary-abroad,Find a notary abroad,detailed_guide,3b00e65d-cf02-4fb0-86e2-e7ef2d2461b1,en,whitehall,2024-07-23T23:00:00.000Z,2024-12-30T19:35:24.000Z,,,134,"Travel abroad,Going and being abroad,Living abroad,British nationals overseas,GOV.UK homepage","Foreign, Commonwealth & Development Office","Foreign, Commonwealth & Development Office",2024 Starmer Labour government,,,
https://www.gov.uk/guidance/living-in-germany,Living in Germany,detailed_guide,5e2e76df-7631-11e4-a3cb-005056011aef,en,whitehall,2013-05-16T23:00:00.000Z,2025-12-11T13:43:58.000Z,,,131,"UK help and services in Germany,Living abroad,Going and being abroad,British nationals overseas,GOV.UK homepage,Help and services around the world,Living in Germany","Foreign, Commonwealth & Development Office","Foreign, Commonwealth & Development Office",2010 to 2015 Conservative and Liberal Democrat coalition government,,,
https://www.gov.uk/guidance/how-to-use-your-ata-carnet,How to use your ATA Carnet,detailed_guide,9bfa20b2-31f8-40a8-a4cb-f5123ac21178,en,whitehall,2019-10-10T23:00:00.000Z,2024-04-17T14:16:15.000Z,,,130,"Customs declarations, duties and tariffs (import and export),GOV.UK homepage,Going and being abroad,Travel abroad,Importing,Brexit,Government,Exporting,Trade and investment,Business and industry",HM Revenue & Customs,HM Revenue & Customs,2019 to 2022 Johnson Conservative government,,,
https://www.gov.uk/guidance/living-in-the-netherlands,Living in the Netherlands,detailed_guide,5e2eb643-7631-11e4-a3cb-005056011aef,en,whitehall,2013-05-16T23:00:00.000Z,2025-12-23T18:39:48.000Z,,,128,"UK help and services in Netherlands,Going and being abroad,British nationals overseas,Help and services around the world,Living in Netherlands,Living abroad,GOV.UK homepage","Foreign, Commonwealth & Development Office","Foreign, Commonwealth & Development Office",2010 to 2015 Conservative and Liberal Democrat coalition government,,,
https://www.gov.uk/guidance/living-in-switzerland,Living in Switzerland,detailed_guide,5e36ecf6-7631-11e4-a3cb-005056011aef,en,whitehall,2013-06-25T23:00:00.000Z,2025-12-24T11:36:54.000Z,,,127,"British nationals overseas,Living abroad,Help and services around the world,Going and being abroad,Living in Switzerland,UK help and services in Switzerland,GOV.UK homepage","Foreign, Commonwealth & Development Office","Foreign, Commonwealth & Development Office,Foreign & Commonwealth Office",2010 to 2015 Conservative and Liberal Democrat coalition government,,,
https://www.gov.uk/guidance/living-in-europe,Living in Europe: citizens' rights if you moved before 1 January 2021,detailed_guide,2d7a3fa3-f2ea-4ea6-a6d9-5af77d740114,en,whitehall,2020-01-30T12:23:00.000Z,2022-06-30T18:09:03.000Z,,,117,"UK help and services in France,Living in Croatia,Living in Denmark,Living in Norway,Living in Luxembourg,Brexit,UK help and services in Romania,UK help and services in Greece,Living in Romania,Living in Portugal,Living abroad,Living in Austria,Government,Living in Italy,UK help and services in Netherlands,UK help and services in Ireland,UK help and services in Hungary,Living in Slovakia,UK help and services in Bulgaria,Going and being abroad,UK help and services in Croatia,Living in Switzerland,Living in France,Living in Iceland,UK help and services in Sweden,Living in Estonia,UK help and services in Finland,UK help and services in Cyprus,UK help and services in Malta,Help and services around the world,Living in Ireland,Living in Sweden,Living in Belgium,UK help and services in Slovenia,Living in Greece,Living in Cyprus,UK help and services in Spain,UK help and services in Switzerland,UK help and services in Norway,Living in Spain,UK help and services in Denmark,UK help and services in Luxembourg,UK help and services in Czechia,UK help and services in Germany,UK help and services in Italy,Living in Germany,Living in Slovenia,UK help and services in Portugal,UK help and services in Latvia,UK help and services in Slovakia,Living in Latvia,Living in Czechia,Living in Finland,Living in Hungary,UK help and services in Iceland,Living in Malta,Living in Liechtenstein,British nationals overseas,Living in Poland,UK help and services in Austria,Living in Netherlands,Living in Lithuania,UK help and services in Lithuania,GOV.UK homepage,UK help and services in Poland,UK help and services in Belgium,UK help and services in Liechtenstein,UK help and services in Estonia,Living in Bulgaria",Foreign & Commonwealth Office,"Foreign & Commonwealth Office,Foreign, Commonwealth & Development Office",2019 to 2022 Johnson Conservative government,,,
https://www.gov.uk/guidance/living-in-poland,Living in Poland,detailed_guide,5ebfe187-7631-11e4-a3cb-005056011aef,en,whitehall,2013-11-12T00:00:00.000Z,2025-12-11T13:31:54.000Z,,,114,"British nationals overseas,Going and being abroad,GOV.UK homepage,Living abroad,Help and services around the world,Living in Poland,UK help and services in Poland","Foreign, Commonwealth & Development Office","Foreign, Commonwealth & Development Office",2010 to 2015 Conservative and Liberal Democrat coalition government,,,
https://www.gov.uk/guidance/travel-to-germany-for-work,Travel to Germany for work,detailed_guide,732e3f2d-61e4-48ce-a5b7-83623909a301,en,whitehall,2021-04-29T23:00:00.000Z,2024-04-15T09:25:39.000Z,,,114,"Travel abroad,Work,GOV.UK homepage,Business and industry,Living abroad,Going and being abroad",Department for Business and Trade,Department for Business and Trade,2019 to 2022 Johnson Conservative government,,,
https://www.gov.uk/stop-forced-marriage,Forced marriage,answer,3f388b1c-7ce6-4577-838b-b46ec3890041,en,publisher,2011-12-01T11:40:36.000Z,2016-07-13T10:00:41.959Z,,,112,"Travel abroad,Life circumstances,Getting married ,Crime, justice and law,GOV.UK homepage,Going and being abroad,Marriage, civil partnership and divorce,Reporting crimes and getting compensation",Government Digital Service,"Foreign, Commonwealth & Development Office,Home Office",,,,
https://www.gov.uk/stop-child-passport,Stop someone getting a passport,answer,2ac8a45e-592c-42d3-bf15-0ae94b831b90,en,publisher,2015-07-24T11:04:00.000Z,2022-09-29T15:29:08.919Z,,,111,"Divorce, separation and legal issues,Parenting, childcare and children's services ,Child custody,Child abduction and cross-border child protection,Safeguarding and social care for children,Passports,Safeguarding and child protection,Going and being abroad,GOV.UK homepage",Government Digital Service,HM Passport Office,,,,
https://www.gov.uk/guidance/living-in-egypt--3,Living in Egypt,detailed_guide,5ef7fa90-7631-11e4-a3cb-005056011aef,en,whitehall,2014-01-15T00:00:00.000Z,2026-02-03T11:09:43.000Z,,,107,"Egypt,Countries (Living In),GOV.UK homepage,British nationals overseas,Going and being abroad,Living abroad,UK help and services in Egypt,Help and services around the world,Living in Egypt,Africa","Foreign, Commonwealth & Development Office","Foreign, Commonwealth & Development Office",2010 to 2015 Conservative and Liberal Democrat coalition government,,,
https://www.gov.uk/guidance/confirm-a-notarial-or-document-service-is-not-available,Confirm a notarial or document service is not available,detailed_guide,57b34375-2d23-4984-87d1-3e5100c3fad2,en,whitehall,2024-05-21T23:00:00.000Z,2026-02-17T11:35:10.000Z,,,104,"Going and being abroad,GOV.UK homepage,British nationals overseas,Living abroad","Foreign, Commonwealth & Development Office","Foreign, Commonwealth & Development Office",2022 to 2024 Sunak Conservative government,,,
https://www.gov.uk/guidance/healthcare-for-uk-nationals-visiting-ireland,Healthcare for UK nationals visiting Ireland,detailed_guide,43d68a88-98e0-4dbc-bfd3-512da7d09187,en,whitehall,2020-01-31T17:33:00.000Z,2021-09-02T12:49:44.000Z,,,103,"Brexit,British nationals overseas,Health and social care,Travel abroad,Government,Going and being abroad,GOV.UK homepage",Department of Health and Social Care,"Department of Health and Social Care,Foreign & Commonwealth Office,Foreign, Commonwealth & Development Office",2019 to 2022 Johnson Conservative government,,,
https://www.gov.uk/guidance/how-to-buy-property-in-spain,Spain: buying and renting property,detailed_guide,5dbaa9ff-7631-11e4-a3cb-005056011aef,en,whitehall,2013-03-22T00:00:00.000Z,2021-05-13T11:35:30.000Z,,,103,"Help and services around the world,Going and being abroad,Housing, local and community,British nationals overseas,GOV.UK homepage,Living abroad,Living in Spain,Travel abroad,UK help and services in Spain",Foreign & Commonwealth Office,"Foreign & Commonwealth Office,Foreign, Commonwealth & Development Office",2010 to 2015 Conservative and Liberal Democrat coalition government,,,
https://www.gov.uk/guidance/travel-to-italy-for-work,Travel to Italy for work,detailed_guide,089c1a4a-f58e-4ec0-a94a-61214e50b488,en,whitehall,2021-04-29T23:00:00.000Z,2024-04-15T09:24:42.000Z,,,102,"GOV.UK homepage,Business and industry,Work,Going and being abroad,Living abroad,Travel abroad",Department for Business and Trade,Department for Business and Trade,2019 to 2022 Johnson Conservative government,,,
https://www.gov.uk/guidance/living-in-norway,Living in Norway,detailed_guide,5e342062-7631-11e4-a3cb-005056011aef,en,whitehall,2013-06-25T23:00:00.000Z,2025-12-18T13:21:07.000Z,,,99,"Going and being abroad,GOV.UK homepage,Living in Norway,UK help and services in Norway,Living abroad,British nationals overseas,Help and services around the world","Foreign, Commonwealth & Development Office","Foreign, Commonwealth & Development Office",2010 to 2015 Conservative and Liberal Democrat coalition government,,,
https://www.gov.uk/guidance/international-parental-child-abduction,International parental child abduction,detailed_guide,893c76c1-37d2-4b51-a5f1-620bfe4e2bc0,en,whitehall,2022-08-30T23:00:00.000Z,2022-08-30T23:00:00.000Z,,,99,"Family justice system,Going and being abroad,GOV.UK homepage,British nationals overseas,Crime, justice and law","Foreign, Commonwealth & Development Office","Foreign, Commonwealth & Development Office",2019 to 2022 Johnson Conservative government,,,
https://www.gov.uk/guidance/identity-cards-and-new-identity-and-passport-service-suppliers,Identity cards and new Identity and Passport Service suppliers,detailed_guide,5dbcc237-7631-11e4-a3cb-005056011aef,en,whitehall,2013-03-26T00:00:00.000Z,2024-10-31T17:00:04.000Z,,,97,"Countries (Living In),Entering and staying in the UK,Travel and identity documents for foreign nationals,Going and being abroad,Advice for all countries,GOV.UK homepage",Home Office,Home Office,2010 to 2015 Conservative and Liberal Democrat coalition government,,,
https://www.gov.uk/guidance/passport-and-visa-letters,Passport and visa letters,detailed_guide,9f8ad809-1624-4566-8230-b840551d17c9,en,whitehall,2024-07-24T23:00:00.000Z,2025-07-09T09:56:03.000Z,,,93,"Living abroad,British nationals overseas,Help and services around the world,UK help and services in Qatar,Living in Qatar,Going and being abroad,Passports,Travel abroad,GOV.UK homepage","Foreign, Commonwealth & Development Office","Foreign, Commonwealth & Development Office",2024 Starmer Labour government,,,
https://www.gov.uk/guidance/victim-of-crime-abroad,Reporting a crime abroad and getting help,detailed_guide,2cd5700a-6124-4592-aafe-c98690690c06,en,whitehall,2022-08-30T23:00:00.000Z,2023-11-16T16:12:44.000Z,,,91,"Living abroad,British nationals overseas,GOV.UK homepage,Going and being abroad,Crime, justice and law,Travel abroad","Foreign, Commonwealth & Development Office","Foreign, Commonwealth & Development Office",2019 to 2022 Johnson Conservative government,,,
https://www.gov.uk/guidance/living-in-the-philippines,Living in the Philippines,detailed_guide,5e334983-7631-11e4-a3cb-005056011aef,en,whitehall,2013-06-09T23:00:00.000Z,2026-01-27T10:30:30.000Z,,,88,"Asia,Going and being abroad,Life circumstances,Living abroad,British nationals overseas,Travel abroad,Phillippines,GOV.UK homepage,Countries (Living In)","Foreign, Commonwealth & Development Office","Foreign, Commonwealth & Development Office",2010 to 2015 Conservative and Liberal Democrat coalition government,,,
https://www.gov.uk/guidance/living-in-bulgaria,Living in Bulgaria,detailed_guide,5d8f0f7f-7631-11e4-a3cb-005056011aef,en,whitehall,2013-03-22T00:00:00.000Z,2025-12-11T13:39:15.000Z,,,88,"Living in Bulgaria,Living abroad,GOV.UK homepage,Help and services around the world,British nationals overseas,UK help and services in Bulgaria,Going and being abroad","Foreign, Commonwealth & Development Office","Foreign, Commonwealth & Development Office",2010 to 2015 Conservative and Liberal Democrat coalition government,,,
https://www.gov.uk/guidance/living-in-japan,Living in Japan,detailed_guide,5e165eab-7631-11e4-a3cb-005056011aef,en,whitehall,2013-05-27T23:00:00.000Z,2024-05-07T04:32:38.000Z,,,88,"Asia,GOV.UK homepage,Going and being abroad,Help and services around the world,Countries (Living In),UK help and services in Japan,Living in Japan,Living abroad,Japan","Foreign, Commonwealth & Development Office","Foreign, Commonwealth & Development Office",2010 to 2015 Conservative and Liberal Democrat coalition government,,,
https://www.gov.uk/guidance/confirm-youre-free-to-get-married-in-morocco,Confirm you’re free to get married in Morocco,detailed_guide,c3d1c247-6ed7-4bd9-98de-cff85901400d,en,whitehall,2024-06-09T23:00:00.000Z,2024-06-09T23:00:00.000Z,,,87,"GOV.UK homepage,Living abroad,Getting separated or divorced,Marriage, civil partnership and divorce,Going and being abroad,Certificates, register offices, changes of name or gender,Getting married ,British nationals overseas,Life circumstances,Travel abroad","Foreign, Commonwealth & Development Office","Foreign, Commonwealth & Development Office",2022 to 2024 Sunak Conservative government,,,
https://www.gov.uk/guidance/living-in-saudi-arabia,Living in Saudi Arabia,detailed_guide,5d8f0c07-7631-11e4-a3cb-005056011aef,en,whitehall,2013-03-25T00:00:00.000Z,2024-11-18T15:12:01.000Z,,,87,"Countries (Living In),GOV.UK homepage,Living abroad,Middle East,Going and being abroad,Living in Saudi Arabia,UK help and services in Saudi Arabia,Help and services around the world","Foreign, Commonwealth & Development Office","Foreign, Commonwealth & Development Office",2010 to 2015 Conservative and Liberal Democrat coalition government,,,
https://www.gov.uk/guidance/living-in-sweden,Living in Sweden,detailed_guide,5ef5f23e-7631-11e4-a3cb-005056011aef,en,whitehall,2014-01-02T00:00:00.000Z,2025-12-12T10:48:32.000Z,,,87,"Living abroad,Help and services around the world,Going and being abroad,British nationals overseas,UK help and services in Sweden,Living in Sweden,GOV.UK homepage","Foreign, Commonwealth & Development Office","Foreign, Commonwealth & Development Office",2010 to 2015 Conservative and Liberal Democrat coalition government,,,
https://www.gov.uk/guidance/recognition-of-foreign-marriage-and-civil-partnership-letters,Recognition of foreign marriage and civil partnership letters,detailed_guide,44988760-491e-4cb1-8691-9317e5289bf1,en,whitehall,2024-07-24T23:00:00.000Z,2024-11-11T18:30:18.000Z,,,84,"Travel abroad,GOV.UK homepage,British nationals overseas,Going and being abroad,Living abroad","Foreign, Commonwealth & Development Office","Foreign, Commonwealth & Development Office",2024 Starmer Labour government,,,
https://www.gov.uk/guidance/living-in-south-africa,Living in South Africa,detailed_guide,6057052f-7631-11e4-a3cb-005056011aef,en,whitehall,2014-11-26T00:00:00.000Z,2025-12-11T13:41:44.000Z,,,81,"Living in South Africa,Going and being abroad,Countries (Living In),Travel abroad,Help and services around the world,British nationals overseas,Africa,UK help and services in South Africa,South Africa,Living abroad,GOV.UK homepage","Foreign, Commonwealth & Development Office","Foreign, Commonwealth & Development Office",2010 to 2015 Conservative and Liberal Democrat coalition government,,,
https://www.gov.uk/guidance/extreme-weather-and-natural-hazards,Extreme weather and natural hazards,detailed_guide,5d8bb208-7631-11e4-a3cb-005056011aef,en,whitehall,2013-03-22T00:00:00.000Z,2024-05-13T15:31:54.000Z,,,80,"Advice for all countries,Living abroad,Going and being abroad,Travel abroad,Countries (Living In),GOV.UK homepage","Foreign, Commonwealth & Development Office","Foreign, Commonwealth & Development Office",2010 to 2015 Conservative and Liberal Democrat coalition government,,,
https://www.gov.uk/guidance/what-to-do-after-a-british-person-dies-in-thailand,When someone dies in Thailand,detailed_guide,790174ba-0633-4307-853e-b561c8e1308a,en,whitehall,2021-01-28T00:00:00.000Z,2024-11-20T07:01:40.000Z,,,78,"Birth, death and marriage abroad in Thailand,Death and bereavement,Going and being abroad,Birth, death and marriage abroad ,Emergency help for British nationals in Thailand,Help and services around the world,Living abroad,Emergency help for British nationals,UK help and services in Thailand,British nationals overseas,GOV.UK homepage,Life circumstances","Foreign, Commonwealth & Development Office","Foreign, Commonwealth & Development Office",2019 to 2022 Johnson Conservative government,,,
https://www.gov.uk/guidance/travel-to-the-netherlands-for-work,Travel to the Netherlands for work,detailed_guide,ac948998-84c7-4197-9619-ecac8d7a36d9,en,whitehall,2021-04-29T23:00:00.000Z,2024-04-15T09:27:07.000Z,,,77,"Travel abroad,Business and industry,GOV.UK homepage,Living abroad,Going and being abroad,Work",Department for Business and Trade,Department for Business and Trade,2019 to 2022 Johnson Conservative government,,,
https://www.gov.uk/guidance/travel-to-portugal-for-work,Travel to Portugal for work,detailed_guide,fc522c26-2bad-4933-9204-e7e56632fabb,en,whitehall,2021-05-27T23:00:00.000Z,2024-04-15T09:27:12.000Z,,,76,"GOV.UK homepage,Going and being abroad,Business and industry,Work,Living abroad,Travel abroad",Department for Business and Trade,Department for Business and Trade,2019 to 2022 Johnson Conservative government,,,
https://www.gov.uk/guidance/getting-married-at-a-british-embassy-high-commission-or-consulate,"Getting married at a British embassy, high commission or consulate",detailed_guide,b3fe6d83-bc9f-4c22-ad47-be1328dd54fd,en,whitehall,2024-04-02T23:00:00.000Z,2024-09-10T10:48:26.000Z,,,76,"Going and being abroad,Getting married ,Life circumstances,GOV.UK homepage,British nationals overseas,Marriage, civil partnership and divorce","Foreign, Commonwealth & Development Office","Foreign, Commonwealth & Development Office",2022 to 2024 Sunak Conservative government,,,
https://www.gov.uk/guidance/medical-repatriation-companies-in-the-uk,Medical repatriation companies in the UK,detailed_guide,c737f37a-2edf-469b-866e-dbd25c1f8fcd,en,whitehall,2018-04-09T23:00:00.000Z,2026-02-04T15:30:46.000Z,,,75,"GOV.UK homepage,Travel abroad,Going and being abroad","Foreign, Commonwealth & Development Office","Foreign, Commonwealth & Development Office",2016 to 2019 May Conservative government,,,
https://www.gov.uk/guidance/consular-assistance-how-the-foreign-commonwealth-development-office-provides-support,"Consular assistance: how the Foreign, Commonwealth & Development Office provides support",detailed_guide,185dd89d-045d-435d-a09b-0e33d0e59ad1,en,whitehall,2022-08-30T23:00:00.000Z,2022-08-30T23:00:00.000Z,,,73,"Living abroad,Going and being abroad,British nationals overseas,GOV.UK homepage,Travel abroad","Foreign, Commonwealth & Development Office","Foreign, Commonwealth & Development Office",2019 to 2022 Johnson Conservative government,,,
https://www.gov.uk/guidance/export-horses-and-ponies-special-rules,Export horses and ponies: special rules,detailed_guide,0bc84f8c-3b23-46ff-a2cc-bd25cb8e131e,en,whitehall,2016-11-07T00:00:00.000Z,2026-02-18T13:45:51.000Z,,,70,"Animal and plant health,Business and industry,Living abroad,British nationals overseas,Exporting,Export controls and licensing,Going and being abroad,Animal welfare,Trade and investment,Brexit,Wildlife, animals, biodiversity and ecosystems,Travel abroad,GOV.UK homepage,Environment,Government",Animal and Plant Health Agency,Animal and Plant Health Agency,2016 to 2019 May Conservative government,,,
https://www.gov.uk/guidance/living-in-denmark,Living in Denmark,detailed_guide,5ee41dea-7631-11e4-a3cb-005056011aef,en,whitehall,2013-11-21T00:00:00.000Z,2025-12-11T13:40:13.000Z,,,69,"Living in Denmark,Going and being abroad,British nationals overseas,UK help and services in Denmark,Living abroad,GOV.UK homepage,Help and services around the world","Foreign, Commonwealth & Development Office","Foreign, Commonwealth & Development Office",2010 to 2015 Conservative and Liberal Democrat coalition government,,,
https://www.gov.uk/guidance/travel-to-norway-for-work,Travel to Norway for work,detailed_guide,19ad6d27-d8d0-4fcd-8045-c08b1dd0ef8b,en,whitehall,2021-05-20T23:00:00.000Z,2024-04-15T09:24:51.000Z,,,66,"Travel abroad,Living abroad,Work,Business and industry,Going and being abroad,GOV.UK homepage",Department for Business and Trade,Department for Business and Trade,2019 to 2022 Johnson Conservative government,,,
https://www.gov.uk/guidance/travel-to-greece-for-work,Travel to Greece for work,detailed_guide,f887ed9b-1db2-41c1-8719-a8073cc3d5f6,en,whitehall,2021-07-19T23:00:00.000Z,2024-04-15T09:24:56.000Z,,,63,"Business and industry,Work,Living abroad,Travel abroad,GOV.UK homepage,Going and being abroad",Department for Business and Trade,Department for Business and Trade,2019 to 2022 Johnson Conservative government,,,
https://www.gov.uk/guidance/register-your-s1-form-in-spain-online,Register your S1 form in Spain online,detailed_guide,3c7bac09-b0d8-4484-a539-f71313450f01,en,whitehall,2021-02-12T17:21:00.000Z,2021-09-01T13:01:11.000Z,,,63,"British nationals overseas,Going and being abroad,Tax, benefits, pensions and working abroad,Health and social care,GOV.UK homepage,Help and services around the world,UK help and services in Spain,Living abroad,Tax, benefits, pensions and working abroad in Spain,Living in Spain",Department of Health and Social Care,"Department of Health and Social Care,Foreign, Commonwealth & Development Office",2019 to 2022 Johnson Conservative government,,,
https://www.gov.uk/guidance/healthcare-in-ireland,Healthcare for UK nationals living in Ireland,detailed_guide,ef4b5c3a-4609-4a17-8c2c-d21a7ad8e27f,en,whitehall,2019-08-27T23:00:00.000Z,2021-10-21T15:30:04.000Z,,,63,"Going and being abroad,British nationals overseas,Health and social care,Living in Ireland,GOV.UK homepage,Living abroad,Help and services around the world,Government,Brexit,UK help and services in Ireland",Department of Health and Social Care,"Department of Health and Social Care,Foreign & Commonwealth Office,Foreign, Commonwealth & Development Office",2019 to 2022 Johnson Conservative government,,,
https://www.gov.uk/guidance/living-in-turkey,Living in Turkey,detailed_guide,5d8f4d15-7631-11e4-a3cb-005056011aef,en,whitehall,2013-03-25T00:00:00.000Z,2025-12-31T13:37:23.000Z,,,63,"UK help and services in Turkey,Living in Turkey,Living abroad,Turkey,GOV.UK homepage,Europe,Going and being abroad,Countries (Living In),Help and services around the world,British nationals overseas","Foreign, Commonwealth & Development Office","Foreign, Commonwealth & Development Office",2010 to 2015 Conservative and Liberal Democrat coalition government,,,
https://www.gov.uk/guidance/travel-to-switzerland-for-work,Travel to Switzerland for work,detailed_guide,66c9e4f0-0451-4342-87b8-e43f1c40f744,en,whitehall,2021-04-29T23:00:00.000Z,2023-09-27T08:57:48.000Z,,,62,"Going and being abroad,Work,Living abroad,Travel abroad,Business and industry,GOV.UK homepage",Department for Business and Trade,Department for Business and Trade,2019 to 2022 Johnson Conservative government,,,
https://www.gov.uk/guidance/living-in-qatar,Living in Qatar,detailed_guide,5ee47fbb-7631-11e4-a3cb-005056011aef,en,whitehall,2013-11-25T00:00:00.000Z,2026-02-10T15:21:42.000Z,,,62,"GOV.UK homepage,Qatar,Countries (Living In),Help and services around the world,Living in Qatar,Living abroad,Middle East,UK help and services in Qatar,British nationals overseas,Going and being abroad","Foreign, Commonwealth & Development Office","Foreign, Commonwealth & Development Office",2010 to 2015 Conservative and Liberal Democrat coalition government,,,
https://www.gov.uk/guidance/victim-of-rape-and-sexual-assault-abroad,Victim of rape and sexual assault abroad,detailed_guide,8b526508-fe85-4ce4-9663-05c90f276670,en,whitehall,2022-03-18T00:00:00.000Z,2025-04-28T10:46:24.000Z,,,60,"Crime, justice and law,British nationals overseas,Going and being abroad,Living abroad,Victims of crime,GOV.UK homepage,Travel abroad,Domestic abuse,Your rights and the law","Foreign, Commonwealth & Development Office","Foreign, Commonwealth & Development Office",2019 to 2022 Johnson Conservative government,,,
https://www.gov.uk/guidance/countries-that-accept-ata-carnets,Countries that accept ATA Carnets,detailed_guide,86e7f29c-73e5-4495-bfe6-0abd06f34e42,en,whitehall,2019-01-17T00:00:00.000Z,2021-02-25T08:28:55.000Z,,,60,"Importing,GOV.UK homepage,Going and being abroad,Trade and investment,Travel abroad,Business and industry,Exporting",HM Revenue & Customs,HM Revenue & Customs,2016 to 2019 May Conservative government,,,
https://www.gov.uk/guidance/living-in-belgium,Living in Belgium,detailed_guide,5e2da7aa-7631-11e4-a3cb-005056011aef,en,whitehall,2013-05-14T23:00:00.000Z,2025-12-11T13:33:55.000Z,,,59,"British nationals overseas,GOV.UK homepage,Living in Belgium,Help and services around the world,Living abroad,UK help and services in Belgium,Going and being abroad","Foreign, Commonwealth & Development Office","Foreign, Commonwealth & Development Office",2010 to 2015 Conservative and Liberal Democrat coalition government,,,
https://www.gov.uk/guidance/arrested-or-detained-abroad,Arrested or in prison abroad,detailed_guide,08cafd98-55a9-4011-b13e-624776bf51c5,en,whitehall,2022-08-30T23:00:00.000Z,2023-12-01T19:37:11.000Z,,,59,"Legal aid,GOV.UK homepage,Travel abroad,Crime, justice and law,Going and being abroad,Living abroad,Crime,British nationals overseas","Foreign, Commonwealth & Development Office","Foreign, Commonwealth & Development Office",2019 to 2022 Johnson Conservative government,,,
https://www.gov.uk/guidance/living-in-malaysia,Living in Malaysia,detailed_guide,5d8c4589-7631-11e4-a3cb-005056011aef,en,whitehall,2013-03-25T00:00:00.000Z,2026-01-27T15:39:32.000Z,,,57,"Asia,Living abroad,Help and services around the world,GOV.UK homepage,Going and being abroad,Countries (Living In),Living in Malaysia,Malaysia,UK help and services in Malaysia","Foreign, Commonwealth & Development Office","Foreign, Commonwealth & Development Office",2010 to 2015 Conservative and Liberal Democrat coalition government,,,
https://www.gov.uk/guidance/guidance-for-buying-property-abroad,Guidance for buying property abroad,detailed_guide,5ef67fca-7631-11e4-a3cb-005056011aef,en,whitehall,2014-01-08T11:09:00.000Z,2014-01-08T11:09:00.000Z,,,57,"GOV.UK homepage,Countries (Living In),Advice for all countries,Going and being abroad,British nationals overseas,Living abroad",Foreign & Commonwealth Office,"Foreign & Commonwealth Office,Foreign, Commonwealth & Development Office",2010 to 2015 Conservative and Liberal Democrat coalition government,,,
https://www.gov.uk/guidance/travel-to-poland-for-work,Travel to Poland for work,detailed_guide,0a809cd7-2dcf-4f93-981a-9ecaa9b089d2,en,whitehall,2021-05-27T23:00:00.000Z,2024-04-15T09:25:01.000Z,,,56,"GOV.UK homepage,Work,Going and being abroad,Living abroad,Business and industry,Travel abroad",Department for Business and Trade,Department for Business and Trade,2019 to 2022 Johnson Conservative government,,,
https://www.gov.uk/guidance/living-in-china,Living in China,detailed_guide,5d8f0676-7631-11e4-a3cb-005056011aef,en,whitehall,2013-03-22T00:00:00.000Z,2025-02-06T03:10:58.000Z,,,56,"GOV.UK homepage,UK help and services in China,Living in China,British nationals overseas,Help and services around the world,Going and being abroad,Living abroad","Foreign, Commonwealth & Development Office","Foreign, Commonwealth & Development Office",2010 to 2015 Conservative and Liberal Democrat coalition government,,,
https://www.gov.uk/guidance/living-in-singapore,Living in Singapore,detailed_guide,5ef21b4e-7631-11e4-a3cb-005056011aef,en,whitehall,2013-12-16T00:00:00.000Z,2026-02-18T15:49:12.000Z,,,55,"Asia,Living abroad,Living in Singapore,Help and services around the world,Singapore,Countries (Living In),Going and being abroad,UK help and services in Singapore,GOV.UK homepage,British nationals overseas","Foreign, Commonwealth & Development Office","Foreign, Commonwealth & Development Office",2010 to 2015 Conservative and Liberal Democrat coalition government,,,
https://www.gov.uk/guidance/living-in-vietnam,Living in Vietnam,detailed_guide,5ee4e9ca-7631-11e4-a3cb-005056011aef,en,whitehall,2013-11-26T00:00:00.000Z,2025-09-23T05:33:31.000Z,,,53,"Living abroad,Going and being abroad,GOV.UK homepage,Living in Vietnam,Help and services around the world,British nationals overseas,UK help and services in Vietnam","Foreign, Commonwealth & Development Office","Foreign, Commonwealth & Development Office",2010 to 2015 Conservative and Liberal Democrat coalition government,,,
https://www.gov.uk/guidance/naming-children-and-change-of-name-letters,"Change of name, name discrepancy and naming children letters",detailed_guide,e744d03c-f356-4cf7-ba3e-35a933bcb221,en,whitehall,2024-07-24T23:00:00.000Z,2025-10-16T11:21:35.000Z,,,51,"British nationals overseas,Living abroad,Going and being abroad,GOV.UK homepage,Travel abroad","Foreign, Commonwealth & Development Office","Foreign, Commonwealth & Development Office",2024 Starmer Labour government,,,
https://www.gov.uk/guidance/confirm-youre-free-to-get-married-in-japan,Confirm you're free to get married in Japan,detailed_guide,e9cef06f-65d6-4a14-b201-50f4d4fce532,en,whitehall,2024-05-08T23:00:00.000Z,2024-05-08T23:00:00.000Z,,,50,"Getting married ,Living abroad,Life circumstances,GOV.UK homepage,British nationals overseas,Travel abroad,Marriage, civil partnership and divorce,Going and being abroad","Foreign, Commonwealth & Development Office","Foreign, Commonwealth & Development Office",2022 to 2024 Sunak Conservative government,,,
https://www.gov.uk/guidance/living-in-romania,Living in Romania,detailed_guide,5e2dfb6d-7631-11e4-a3cb-005056011aef,en,whitehall,2013-05-13T23:00:00.000Z,2025-12-11T13:35:45.000Z,,,50,"Help and services around the world,Living in Romania,Living abroad,GOV.UK homepage,British nationals overseas,UK help and services in Romania,Going and being abroad","Foreign, Commonwealth & Development Office","Foreign, Commonwealth & Development Office",2010 to 2015 Conservative and Liberal Democrat coalition government,,,
https://www.gov.uk/guidance/healthcare-in-cyprus,Healthcare for UK nationals living in Cyprus,detailed_guide,30acae36-10da-44e1-91e5-fe4ad8e0e1c3,en,whitehall,2019-09-22T23:00:00.000Z,2021-10-14T18:02:55.000Z,,,50,"British nationals overseas,Help and services around the world,Government,Going and being abroad,Living in Cyprus,Health and social care,Living abroad,Brexit,GOV.UK homepage,UK help and services in Cyprus",Department of Health and Social Care,"Department of Health and Social Care,Foreign, Commonwealth & Development Office",2019 to 2022 Johnson Conservative government,,,
https://www.gov.uk/guidance/service-of-documents-and-taking-of-evidence,Service of documents and taking of evidence,detailed_guide,5dc69f9a-7631-11e4-a3cb-005056011aef,en,whitehall,2013-03-22T00:00:00.000Z,2025-09-16T15:31:17.000Z,,,50,"British nationals overseas,Crime, justice and law,GOV.UK homepage,Going and being abroad,Countries (Living In)","Foreign, Commonwealth & Development Office","Foreign, Commonwealth & Development Office",2010 to 2015 Conservative and Liberal Democrat coalition government,,,
https://www.gov.uk/compensation-victim-crime-abroad,Compensation if you're a victim of crime abroad,answer,e4cf6f26-68a4-4118-a756-d5830d87012b,en,publisher,2012-09-12T14:48:26.000Z,2024-11-25T10:31:00.755Z,,,49,"Crime, justice and law,Travel abroad,Going and being abroad,Living abroad,Countries (Living In),GOV.UK homepage,Reporting crimes and getting compensation",Government Digital Service,"Foreign, Commonwealth & Development Office",,,,
https://www.gov.uk/guidance/living-in-morocco,Living in Morocco,detailed_guide,5e392e22-7631-11e4-a3cb-005056011aef,en,whitehall,2013-07-09T23:00:00.000Z,2022-01-07T12:02:48.000Z,,,49,"Countries (Living In),UK help and services in Morocco,Help and services around the world,Africa,Morocco,Going and being abroad,Living abroad,Living in Morocco,GOV.UK homepage","Foreign, Commonwealth & Development Office","Foreign, Commonwealth & Development Office",2010 to 2015 Conservative and Liberal Democrat coalition government,,,
https://www.gov.uk/guidance/family-circumstance-and-civil-status-letters,"Family circumstance, civil status and residency letters",detailed_guide,77beeab5-ac81-4ca7-8e66-5571bd7fd77b,en,whitehall,2024-08-19T23:00:00.000Z,2025-10-24T13:23:27.000Z,,,48,"GOV.UK homepage,Going and being abroad,Living abroad,Travel abroad,British nationals overseas","Foreign, Commonwealth & Development Office","Foreign, Commonwealth & Development Office",2024 Starmer Labour government,,,
https://www.gov.uk/guidance/living-in-finland,Living in Finland,detailed_guide,5ec3f742-7631-11e4-a3cb-005056011aef,en,whitehall,2013-11-15T00:00:00.000Z,2025-12-11T13:38:33.000Z,,,47,"Help and services around the world,Living abroad,British nationals overseas,Going and being abroad,UK help and services in Finland,GOV.UK homepage,Living in Finland","Foreign, Commonwealth & Development Office","Foreign, Commonwealth & Development Office",2010 to 2015 Conservative and Liberal Democrat coalition government,,,
https://www.gov.uk/guidance/living-in-india,Living in India,detailed_guide,5ef59184-7631-11e4-a3cb-005056011aef,en,whitehall,2013-12-24T00:00:00.000Z,2025-03-03T11:53:45.000Z,,,47,"Living abroad,Living in India,British nationals overseas,Going and being abroad,UK help and services in India,GOV.UK homepage,Help and services around the world","Foreign, Commonwealth & Development Office","Foreign, Commonwealth & Development Office",2010 to 2015 Conservative and Liberal Democrat coalition government,,,
https://www.gov.uk/guidance/living-in-barbados,Living in Barbados,detailed_guide,5ec3af35-7631-11e4-a3cb-005056011aef,en,whitehall,2013-11-18T00:00:00.000Z,2025-12-11T13:44:18.000Z,,,47,"Barbados,North and Central America and the Caribbean,Countries (Living In),UK help and services in Barbados,Living abroad,British nationals overseas,GOV.UK homepage,Help and services around the world,Living in Barbados,Going and being abroad,Travel abroad","Foreign, Commonwealth & Development Office","Foreign, Commonwealth & Development Office",2010 to 2015 Conservative and Liberal Democrat coalition government,,,
https://www.gov.uk/guidance/what-to-do-after-a-british-person-dies-in-france,When someone dies in France,detailed_guide,5053674e-35dc-41dd-9807-ada17ed5c842,en,whitehall,2021-01-28T00:00:00.000Z,2021-01-28T00:00:00.000Z,,,46,"Emergency help for British nationals,British nationals overseas,Travel abroad,Life circumstances,Death and bereavement,GOV.UK homepage,UK help and services in France,Birth, death and marriage abroad ,Emergency help for British nationals in France,Help and services around the world,Going and being abroad,Birth, death and marriage abroad in France,Living abroad","Foreign, Commonwealth & Development Office","Foreign, Commonwealth & Development Office",2019 to 2022 Johnson Conservative government,,,
https://www.gov.uk/guidance/living-in-pakistan,Living in Pakistan,detailed_guide,5eef622c-7631-11e4-a3cb-005056011aef,en,whitehall,2013-12-05T00:00:00.000Z,2025-12-11T13:39:57.000Z,,,45,"Going and being abroad,British nationals overseas,Asia,Living abroad,Countries (Living In),UK help and services in Pakistan,Pakistan,Help and services around the world,GOV.UK homepage,Living in Pakistan","Foreign, Commonwealth & Development Office","Foreign, Commonwealth & Development Office",2010 to 2015 Conservative and Liberal Democrat coalition government,,,
https://www.gov.uk/guidance/your-finances-when-travelling-abroad,Your finances when travelling abroad,detailed_guide,5a631887-fa9d-4e0d-9252-d56b2386c308,en,whitehall,2022-08-30T23:00:00.000Z,2024-07-29T14:22:46.000Z,,,45,"Travel abroad,British nationals overseas,GOV.UK homepage,Money,Going and being abroad","Foreign, Commonwealth & Development Office","Foreign, Commonwealth & Development Office",2019 to 2022 Johnson Conservative government,,,
https://www.gov.uk/customs-seizures,Options when customs seizes your things,guide,c169204a-abdd-4340-b496-beb2678de0e1,en,publisher,2014-11-25T13:49:05.000Z,2020-01-28T12:28:57.157Z,,,45,"GOV.UK homepage,Going and being abroad,Travel abroad",Government Digital Service,"Border Force,HM Revenue & Customs",,,,
https://www.gov.uk/guidance/child-abduction-accredited-solicitors-referral-list,Child abduction: accredited solicitors referral list,detailed_guide,601ffbf6-7631-11e4-a3cb-005056011aef,en,whitehall,2014-08-03T23:00:00.000Z,2026-01-13T13:36:12.000Z,,,45,"Going and being abroad,Divorce, separation and legal issues,Countries (Living In),Child custody,Crime, justice and law,Parenting, childcare and children's services ,GOV.UK homepage",Official Solicitor and Public Trustee,Official Solicitor and Public Trustee,2010 to 2015 Conservative and Liberal Democrat coalition government,,,
https://www.gov.uk/guidance/living-in-kenya,Living in Kenya,detailed_guide,5eef8ffc-7631-11e4-a3cb-005056011aef,en,whitehall,2022-12-04T00:00:00.000Z,2026-01-28T11:11:09.000Z,,,42,"UK help and services in Kenya,Kenya,Going and being abroad,British nationals overseas,Living abroad,Africa,Help and services around the world,GOV.UK homepage,Living in Kenya,Countries (Living In)","Foreign, Commonwealth & Development Office","Foreign, Commonwealth & Development Office",2022 to 2024 Sunak Conservative government,,,
https://www.gov.uk/guidance/travel-to-denmark-for-work,Travel to Denmark for work,detailed_guide,82f0dab2-1a4d-4652-9206-88797e999972,en,whitehall,2021-05-25T23:00:00.000Z,2024-04-15T09:23:29.000Z,,,41,"Business and industry,GOV.UK homepage,Living abroad,Travel abroad,Work,Going and being abroad",Department for Business and Trade,Department for Business and Trade,2019 to 2022 Johnson Conservative government,,,
https://www.gov.uk/guidance/how-to-buy-property-in-france,France: buying property,detailed_guide,9a00ebb9-274e-4a3f-8036-b7c42c98ae5e,en,whitehall,2015-02-10T16:26:00.000Z,2015-02-10T16:26:00.000Z,,,40,"GOV.UK homepage,Living in France,Living abroad,Going and being abroad,Help and services around the world,British nationals overseas,UK help and services in France",Foreign & Commonwealth Office,"Foreign & Commonwealth Office,Foreign, Commonwealth & Development Office",2010 to 2015 Conservative and Liberal Democrat coalition government,,,
https://www.gov.uk/guidance/travel-to-finland-for-work,Travel to Finland for work,detailed_guide,b5800769-ca7d-4006-8340-d025b49757d5,en,whitehall,2021-06-21T23:00:00.000Z,2024-04-15T09:25:42.000Z,,,39,"Work,GOV.UK homepage,Going and being abroad,Travel abroad,Living abroad,Business and industry",Department for Business and Trade,Department for Business and Trade,2019 to 2022 Johnson Conservative government,,,
https://www.gov.uk/guidance/confirm-youre-free-to-get-married-in-china,Confirm you’re free to get married in China,detailed_guide,1b1e0ddb-1830-4f92-a3df-6dfc85da4533,en,whitehall,2024-05-14T23:00:00.000Z,2024-05-14T23:00:00.000Z,,,39,"Getting married ,GOV.UK homepage,Going and being abroad,Living abroad,Travel abroad,Marriage, civil partnership and divorce,British nationals overseas,Life circumstances","Foreign, Commonwealth & Development Office","Foreign, Commonwealth & Development Office",2022 to 2024 Sunak Conservative government,,,
https://www.gov.uk/guidance/living-in-albania,Living in Albania,detailed_guide,5ec386d2-7631-11e4-a3cb-005056011aef,en,whitehall,2013-11-14T00:00:00.000Z,2026-01-30T12:05:16.000Z,,,38,"Help and services around the world,GOV.UK homepage,Health and wellbeing during COVID-19,Living in Albania,UK help and services in Albania,Going and being abroad,Health and social care,COVID-19,Living abroad,British nationals overseas,Travel abroad","Foreign, Commonwealth & Development Office","Foreign, Commonwealth & Development Office",2010 to 2015 Conservative and Liberal Democrat coalition government,,,
https://www.gov.uk/guidance/living-in-south-korea,Living in South Korea,detailed_guide,5e323c17-7631-11e4-a3cb-005056011aef,en,whitehall,2024-04-22T23:00:00.000Z,2025-12-30T14:08:14.000Z,,,38,"GOV.UK homepage,British nationals overseas,Going and being abroad,Living in South Korea,Help and services around the world,UK help and services in South Korea,Living abroad","Foreign, Commonwealth & Development Office","Foreign, Commonwealth & Development Office",2022 to 2024 Sunak Conservative government,,,
https://www.gov.uk/guidance/travel-to-belgium-for-work,Travel to Belgium for work,detailed_guide,75066f7f-4ec9-43de-a8f7-4cb39a2ed7ad,en,whitehall,2021-04-29T23:00:00.000Z,2024-04-15T09:25:59.000Z,,,37,"GOV.UK homepage,Living abroad,Business and industry,Going and being abroad,Work,Travel abroad",Department for Business and Trade,Department for Business and Trade,2019 to 2022 Johnson Conservative government,,,
https://www.gov.uk/guidance/travel-to-cyprus-for-work,Travel to Cyprus for work,detailed_guide,d5b1443f-8e7a-4dd3-a0f2-720fcbbbbf30,en,whitehall,2021-06-29T23:00:00.000Z,2024-04-15T09:25:56.000Z,,,37,"GOV.UK homepage,Going and being abroad,Travel abroad,Business and industry,Work,Living abroad",Department for Business and Trade,Department for Business and Trade,2019 to 2022 Johnson Conservative government,,,
https://www.gov.uk/guidance/travel-to-sweden-for-work,Travel to Sweden for work,detailed_guide,72c18cac-e174-42cf-8fab-64fd0e7ca818,en,whitehall,2021-04-29T23:00:00.000Z,2024-04-15T09:24:48.000Z,,,37,"Travel abroad,GOV.UK homepage,Work,Living abroad,Going and being abroad,Business and industry",Department for Business and Trade,Department for Business and Trade,2019 to 2022 Johnson Conservative government,,,
https://www.gov.uk/guidance/living-in-russia,Living in Russia,detailed_guide,5f1bb0c4-7631-11e4-a3cb-005056011aef,en,whitehall,2014-03-07T00:00:00.000Z,2026-01-27T16:07:20.000Z,,,37,"Countries (Living In),Living in Russia,Russia,Europe,UK help and services in Russia,Help and services around the world,Going and being abroad,British nationals overseas,GOV.UK homepage,Living abroad","Foreign, Commonwealth & Development Office","Foreign, Commonwealth & Development Office",2010 to 2015 Conservative and Liberal Democrat coalition government,,,
https://www.gov.uk/guidance/education-overseas-for-service-children,Education overseas for service children,detailed_guide,df89b8e8-5ea6-4092-864e-e2a69fbed570,en,whitehall,2018-10-02T23:00:00.000Z,2023-04-04T13:14:12.000Z,,,37,"Education of disadvantaged children,British nationals overseas,Going and being abroad,GOV.UK homepage,Defence and armed forces,Education, training and skills,Support services for military and defence personnel and their families",Ministry of Defence,Ministry of Defence,2016 to 2019 May Conservative government,,,
https://www.gov.uk/guidance/healthcare-in-italy,Healthcare for UK nationals living in Italy,detailed_guide,04aff78a-a7fe-4d64-809c-e4297bf653b4,en,whitehall,2019-09-22T23:00:00.000Z,2022-10-25T10:37:05.000Z,,,37,"Living in Italy,GOV.UK homepage,Health and social care,British nationals overseas,Living abroad,Going and being abroad,Government,Brexit,UK help and services in Italy,Help and services around the world",Department of Health and Social Care,"Department of Health and Social Care,Foreign, Commonwealth & Development Office",2019 to 2022 Johnson Conservative government,,,
https://www.gov.uk/guidance/healthcare-in-germany,Healthcare for UK nationals living in Germany,detailed_guide,e6dc0e47-05fe-4969-9ff5-454fdabfe9bf,en,whitehall,2019-09-22T23:00:00.000Z,2024-09-19T13:18:03.000Z,,,36,"GOV.UK homepage,Health and social care,Government,Living in Germany,British nationals overseas,Help and services around the world,Brexit,Living abroad,UK help and services in Germany,Going and being abroad",Department of Health and Social Care,"Department of Health and Social Care,Foreign, Commonwealth & Development Office",2019 to 2022 Johnson Conservative government,,,
https://www.gov.uk/guidance/if-someone-goes-missing-abroad,Getting help if someone goes missing abroad,detailed_guide,d2803f44-b227-4fe9-b76f-720066f9163e,en,whitehall,2022-08-30T23:00:00.000Z,2022-08-30T23:00:00.000Z,,,36,"Travel abroad,GOV.UK homepage,Going and being abroad,British nationals overseas,Living abroad","Foreign, Commonwealth & Development Office","Foreign, Commonwealth & Development Office",2019 to 2022 Johnson Conservative government,,,
https://www.gov.uk/guidance/living-in-iceland,Living in Iceland,detailed_guide,6577e95a-9791-4e64-922a-2f3e3596b6ff,en,whitehall,2016-04-28T23:00:00.000Z,2025-12-11T13:32:38.000Z,,,35,"Going and being abroad,GOV.UK homepage,British nationals overseas,Living in Iceland,UK help and services in Iceland,Help and services around the world,Living abroad","Foreign, Commonwealth & Development Office","Foreign, Commonwealth & Development Office",2015 to 2016 Cameron Conservative government,,,
https://www.gov.uk/guidance/british-nationality-letters,British nationality letters,detailed_guide,187de9f3-47b7-402e-b64b-85b898d252a4,en,whitehall,2024-07-24T23:00:00.000Z,2025-10-16T11:21:46.000Z,,,34,"Living abroad,GOV.UK homepage,British nationals overseas,Travel abroad,Going and being abroad","Foreign, Commonwealth & Development Office","Foreign, Commonwealth & Development Office",2024 Starmer Labour government,,,
https://www.gov.uk/guidance/living-in-brazil,Living in Brazil,detailed_guide,5ef67ee3-7631-11e4-a3cb-005056011aef,en,whitehall,2014-01-08T00:00:00.000Z,2026-01-22T16:28:28.000Z,,,34,"Living abroad,British nationals overseas,Going and being abroad,UK help and services in Brazil,Help and services around the world,Living in Brazil,GOV.UK homepage","Foreign, Commonwealth & Development Office","Foreign, Commonwealth & Development Office",2010 to 2015 Conservative and Liberal Democrat coalition government,,,
https://www.gov.uk/guidance/travel-to-malta-for-work,Travel to Malta for work,detailed_guide,577722a9-3db8-4360-980b-bac9f59c316e,en,whitehall,2021-06-28T23:00:00.000Z,2024-04-15T09:25:45.000Z,,,34,"GOV.UK homepage,Living abroad,Travel abroad,Business and industry,Going and being abroad,Work",Department for Business and Trade,Department for Business and Trade,2019 to 2022 Johnson Conservative government,,,
https://www.gov.uk/guidance/living-in-the-czech-republic,Living in Czechia,detailed_guide,5ebfa216-7631-11e4-a3cb-005056011aef,en,whitehall,2013-11-15T00:00:00.000Z,2025-12-11T13:39:39.000Z,,,33,"Living abroad,Living in Czechia,UK help and services in Czechia,Going and being abroad,Help and services around the world,British nationals overseas,GOV.UK homepage","Foreign, Commonwealth & Development Office","Foreign, Commonwealth & Development Office",2010 to 2015 Conservative and Liberal Democrat coalition government,,,
https://www.gov.uk/guidance/find-out-which-goods-an-ata-carnet-will-cover,Find out which goods an ATA Carnet will cover,detailed_guide,d2b20d48-10d6-4415-bf90-9a18eadc10f3,en,whitehall,2019-01-16T00:00:00.000Z,2021-02-25T15:54:22.000Z,,,32,"Going and being abroad,Exporting,Importing,Trade and investment,Travel abroad,GOV.UK homepage,Business and industry",HM Revenue & Customs,HM Revenue & Customs,2016 to 2019 May Conservative government,,,
https://www.gov.uk/guidance/healthcare-in-malta,Healthcare for UK nationals living in Malta,detailed_guide,c47dace1-f237-41e0-aa06-5c77088e2419,en,whitehall,2019-09-22T23:00:00.000Z,2021-10-14T18:14:04.000Z,,,32,"UK help and services in Malta,Going and being abroad,Brexit,Government,Help and services around the world,British nationals overseas,Living abroad,Living in Malta,Health and social care,GOV.UK homepage",Department of Health and Social Care,"Department of Health and Social Care,Foreign, Commonwealth & Development Office",2019 to 2022 Johnson Conservative government,,,
https://www.gov.uk/guidance/living-in-austria,Living in Austria,detailed_guide,5e2d5af2-7631-11e4-a3cb-005056011aef,en,whitehall,2013-05-09T23:00:00.000Z,2025-12-11T13:37:13.000Z,,,32,"GOV.UK homepage,Living abroad,Living in Austria,Going and being abroad,British nationals overseas,Help and services around the world,UK help and services in Austria","Foreign, Commonwealth & Development Office","Foreign, Commonwealth & Development Office",2010 to 2015 Conservative and Liberal Democrat coalition government,,,
https://www.gov.uk/guidance/maritime-passenger-rights-your-journey,Maritime passenger rights: your journey,detailed_guide,09707ed1-494e-44da-91b3-1b04484ac94f,en,whitehall,2022-02-22T09:42:57.000Z,2022-02-22T09:42:57.000Z,,,32,"Society and culture,Tourism,Transport accessibility and disability,Ports, harbours and offshore installations,Disability rights,Help on public transport,Disability equipment and transport,Disabled people,Going and being abroad,UK sea passengers,GOV.UK homepage,Travel abroad,Waterways (maritime),Maritime passenger rights,Maritime and shipping,Health and social care,Transport",Department for Transport,Department for Transport,2019 to 2022 Johnson Conservative government,,,
https://www.gov.uk/guidance/healthcare-in-greece,Healthcare for UK nationals living in Greece,detailed_guide,9eb639af-ca4c-4675-9092-0b546f067cf3,en,whitehall,2019-09-22T23:00:00.000Z,2021-10-21T15:28:58.000Z,,,31,"Living abroad,Brexit,Living in Greece,Going and being abroad,British nationals overseas,GOV.UK homepage,Government,Help and services around the world,UK help and services in Greece,Health and social care",Department of Health and Social Care,"Department of Health and Social Care,Foreign, Commonwealth & Development Office",2019 to 2022 Johnson Conservative government,,,
https://www.gov.uk/guidance/living-in-jamaica,Living in Jamaica,detailed_guide,c5c66816-bfee-4495-aa8d-c40b74809e09,en,whitehall,2016-05-15T23:00:00.000Z,2026-01-13T15:35:12.000Z,,,30,"Living in Jamaica,UK help and services in Jamaica,GOV.UK homepage,Countries (Living In),Living abroad,Going and being abroad,Help and services around the world,British nationals overseas,North and Central America and the Caribbean","Foreign, Commonwealth & Development Office","Foreign, Commonwealth & Development Office",2015 to 2016 Cameron Conservative government,,,
https://www.gov.uk/guidance/when-someone-dies-in-switzerland,When someone dies in Switzerland,detailed_guide,ebc3f153-7dff-40bd-8217-bcf8cf693b31,en,whitehall,2025-03-28T13:01:45.000Z,2025-03-28T13:01:45.000Z,,,30,"Birth, death and marriage abroad ,Help and services around the world,Emergency help for British nationals,GOV.UK homepage,Emergency help for British nationals in Switzerland,British nationals overseas,Death and bereavement,UK help and services in Switzerland,Birth, death and marriage abroad in Switzerland,Going and being abroad,Life circumstances,Living abroad","Foreign, Commonwealth & Development Office","Foreign, Commonwealth & Development Office",2024 Starmer Labour government,,,
https://www.gov.uk/guidance/living-in-indonesia,Living in Indonesia,detailed_guide,5e5c73bf-7631-11e4-a3cb-005056011aef,en,whitehall,2013-07-25T23:00:00.000Z,2026-02-04T11:41:13.000Z,,,30,"British nationals overseas,Going and being abroad,UK help and services in Indonesia,GOV.UK homepage,Help and services around the world,Indonesia,Living in Indonesia,Asia,Countries (Living In),Living abroad","Foreign, Commonwealth & Development Office","Foreign, Commonwealth & Development Office",2010 to 2015 Conservative and Liberal Democrat coalition government,,,
https://www.gov.uk/guidance/healthcare-and-medical-services-in-thailand,Healthcare and medical services in Thailand,detailed_guide,43f6a24b-936d-4640-813d-2da5973ef708,en,whitehall,2023-10-25T23:00:00.000Z,2024-11-12T05:45:12.000Z,,,29,"Going and being abroad,British nationals overseas,Living abroad,Travel abroad,GOV.UK homepage","Foreign, Commonwealth & Development Office","Foreign, Commonwealth & Development Office",2022 to 2024 Sunak Conservative government,,,
https://www.gov.uk/guidance/living-in-georgia,Living in Georgia,detailed_guide,5ee39ff4-7631-11e4-a3cb-005056011aef,en,whitehall,2013-11-20T00:00:00.000Z,2025-12-22T17:04:22.000Z,,,28,"British nationals overseas,Countries (Living In),Living abroad,Going and being abroad,Living in Georgia,Travel abroad,GOV.UK homepage,Help and services around the world,Europe,UK help and services in Georgia,Georgia","Foreign, Commonwealth & Development Office","Foreign, Commonwealth & Development Office",2010 to 2015 Conservative and Liberal Democrat coalition government,,,
https://www.gov.uk/guidance/travel-to-austria-for-work,Travel to Austria for work,detailed_guide,62588ceb-e6c8-492e-b7d8-7710f7120dea,en,whitehall,2021-05-20T23:00:00.000Z,2024-04-15T09:26:02.000Z,,,28,"Travel abroad,Living abroad,Business and industry,GOV.UK homepage,Going and being abroad,Work",Department for Business and Trade,Department for Business and Trade,2019 to 2022 Johnson Conservative government,,,
https://www.gov.uk/guidance/arrested-or-in-prison-in-germany,Arrested or in prison in Germany,detailed_guide,30ba6a7f-a9cd-49a3-99bf-e95e29c02f9f,en,whitehall,2023-06-29T23:00:00.000Z,2025-09-30T07:37:03.000Z,,,27,"Emergency help for British nationals,Living abroad,Going and being abroad,Travel abroad,GOV.UK homepage,Help and services around the world,Emergency help for British nationals in Germany,UK help and services in Germany,British nationals overseas","Foreign, Commonwealth & Development Office","Foreign, Commonwealth & Development Office",2022 to 2024 Sunak Conservative government,,,
https://www.gov.uk/guidance/run-international-bus-or-coach-services-and-tours,Run international bus or coach services and tours,detailed_guide,6a4b52e4-8ce0-494b-9a35-8f87448f477e,en,whitehall,2021-01-20T00:00:00.000Z,2025-04-09T15:57:35.000Z,,,27,"Professional driving of lorries, buses and coaches,Transport businesses and vehicle operator licences,Driving and road transport,GOV.UK homepage,Public service vehicles licensing,Vehicle operator licences,Brexit,Going and being abroad,Transport,Government,EU and international driving rules,Travel abroad",Driver and Vehicle Standards Agency,"Driver and Vehicle Standards Agency,Traffic Commissioners for Great Britain,Department for Transport",2019 to 2022 Johnson Conservative government,,,
https://www.gov.uk/guidance/buying-property-in-egypt,Buying Property in Egypt,detailed_guide,47a5c2a8-7f4e-424a-b877-3bb883d213bd,en,whitehall,2020-01-09T09:00:00.000Z,2020-01-09T09:00:00.000Z,,,25,"Living abroad,Going and being abroad,Help and services around the world,UK help and services in Egypt,British nationals overseas,GOV.UK homepage,Living in Egypt",Foreign & Commonwealth Office,"Foreign & Commonwealth Office,Foreign, Commonwealth & Development Office",2019 to 2022 Johnson Conservative government,,,
https://www.gov.uk/guidance/healthcare-in-portugal-including-madeira,Healthcare for UK nationals living in Portugal,detailed_guide,eda12840-382d-4801-9de7-4c8cc9933b4a,en,whitehall,2019-09-22T23:00:00.000Z,2021-10-14T16:18:13.000Z,,,25,"Brexit,British nationals overseas,Health and social care,Living abroad,UK help and services in Portugal,Government,GOV.UK homepage,Help and services around the world,Living in Portugal,Going and being abroad",Department of Health and Social Care,"Department of Health and Social Care,Foreign, Commonwealth & Development Office",2019 to 2022 Johnson Conservative government,,,
https://www.gov.uk/guidance/winter-sports-stay-safe-on-the-slopes,Preparing for winter sports abroad,detailed_guide,05a484d6-0ecb-493b-b7dd-fbac89ab00e3,en,whitehall,2015-12-03T00:00:00.000Z,2025-12-01T12:20:51.000Z,,,25,"Countries (Living In),British nationals overseas,Advice for all countries,Going and being abroad,GOV.UK homepage,Europe,Travel abroad","Foreign, Commonwealth & Development Office","Foreign, Commonwealth & Development Office",2015 to 2016 Cameron Conservative government,,,
https://www.gov.uk/guidance/living-in-costa-rica,Living in Costa Rica,detailed_guide,5eefae31-7631-11e4-a3cb-005056011aef,en,whitehall,2013-12-06T02:05:00.000Z,2023-06-22T21:48:08.000Z,,,24,"Travel abroad,British nationals overseas,Costa Rica and Nicaragua,North and Central America and the Caribbean,GOV.UK homepage,Countries (Living In),Living abroad,Living in Costa Rica,UK help and services in Costa Rica,Going and being abroad,Help and services around the world","Foreign, Commonwealth & Development Office","Foreign, Commonwealth & Development Office",2010 to 2015 Conservative and Liberal Democrat coalition government,,,
https://www.gov.uk/guidance/living-in-mexico,Living in Mexico,detailed_guide,37b9efb8-efef-4328-8896-ac592e2c3b7a,en,whitehall,2024-12-20T09:21:57.000Z,2024-12-20T09:21:57.000Z,,,24,"Passports,Going and being abroad,GOV.UK homepage,Living abroad,British nationals overseas","Foreign, Commonwealth & Development Office","Foreign, Commonwealth & Development Office",2024 Starmer Labour government,,,
https://www.gov.uk/guidance/good-conduct-and-police-clearance-request-letters,Good conduct and police clearance request letters,detailed_guide,bbb2f11e-245c-4a1d-99cb-d5a299d1c601,en,whitehall,2024-08-19T23:00:00.000Z,2024-09-06T15:20:10.000Z,,,23,"GOV.UK homepage,British nationals overseas,Living abroad,Travel abroad,Going and being abroad","Foreign, Commonwealth & Development Office","Foreign, Commonwealth & Development Office",2024 Starmer Labour government,,,
https://www.gov.uk/guidance/providing-services-to-any-country-in-the-eu-iceland-liechtenstein-norway-or-switzerland-after-eu-exit,"Selling services to the EU, Switzerland, Norway, Iceland and Liechtenstein",detailed_guide,e9dca8c7-04f5-4065-b2ac-70d140512bfa,en,whitehall,2019-06-16T23:00:00.000Z,2024-01-23T12:17:47.000Z,,,23,"Running a business,Government,Business regulation,Trade and investment,Business and industry,GOV.UK homepage,Going and being abroad,Brexit,Work",Department for Business and Trade,"Department for Business and Trade,Department for International Trade",2016 to 2019 May Conservative government,,,
https://www.gov.uk/guidance/living-in-oman--2,Living in Oman,detailed_guide,5ef15f9e-7631-11e4-a3cb-005056011aef,en,whitehall,2020-06-29T23:00:00.000Z,2026-01-12T09:20:55.000Z,,,23,"Living abroad,UK help and services in Oman,Countries (Living In),Oman,Help and services around the world,British nationals overseas,GOV.UK homepage,Middle East,Going and being abroad,Living in Oman","Foreign, Commonwealth & Development Office","Foreign, Commonwealth & Development Office",2019 to 2022 Johnson Conservative government,,,
https://www.gov.uk/guidance/living-in-hungary,Living in Hungary,detailed_guide,5ee532e4-7631-11e4-a3cb-005056011aef,en,whitehall,2013-11-27T00:00:00.000Z,2025-12-11T13:43:29.000Z,,,23,"UK help and services in Hungary,British nationals overseas,Help and services around the world,GOV.UK homepage,Living in Hungary,Living abroad,Going and being abroad","Foreign, Commonwealth & Development Office","Foreign, Commonwealth & Development Office",2010 to 2015 Conservative and Liberal Democrat coalition government,,,
https://www.gov.uk/guidance/how-to-buy-property-in-the-uae,"How to buy, rent or let property in the UAE",detailed_guide,5d8f500f-7631-11e4-a3cb-005056011aef,en,whitehall,2013-03-22T15:27:00.000Z,2020-01-26T08:42:28.000Z,,,21,"British nationals overseas,Countries (Living In),GOV.UK homepage,Middle East,Going and being abroad,United Arab Emirates,Living abroad",Foreign & Commonwealth Office,"Foreign & Commonwealth Office,Foreign, Commonwealth & Development Office",2010 to 2015 Conservative and Liberal Democrat coalition government,,,
https://www.gov.uk/guidance/living-in-st-lucia,Living in St Lucia,detailed_guide,5f11d5f6-7631-11e4-a3cb-005056011aef,en,whitehall,2014-02-07T00:00:00.000Z,2026-02-12T12:59:10.000Z,,,21,"Travel abroad,Countries (Living In),Help and services around the world,Living abroad,British nationals overseas,UK help and services in St Lucia,Living in St Lucia,Going and being abroad,St Lucia,North and Central America and the Caribbean,GOV.UK homepage","Foreign, Commonwealth & Development Office","Foreign, Commonwealth & Development Office",2010 to 2015 Conservative and Liberal Democrat coalition government,,,
https://www.gov.uk/guidance/kidnappings-or-hostages-abroad,Kidnappings or hostages abroad,detailed_guide,6da84388-2c68-4188-bee1-7dd2bb2a1645,en,whitehall,2022-08-30T23:00:00.000Z,2024-05-20T15:40:43.000Z,,,21,"International,British nationals overseas,Travel abroad,Going and being abroad,GOV.UK homepage,Living abroad,Foreign affairs","Foreign, Commonwealth & Development Office","Foreign, Commonwealth & Development Office",2019 to 2022 Johnson Conservative government,,,
https://www.gov.uk/guidance/travel-to-romania-for-work,Travel to Romania for work,detailed_guide,cb23569e-8c3c-4665-bcb8-16b8514a0b4b,en,whitehall,2021-08-26T23:00:00.000Z,2024-04-15T09:25:53.000Z,,,20,"Business and industry,Travel abroad,GOV.UK homepage,Living abroad,Work,Going and being abroad",Department for Business and Trade,Department for Business and Trade,2019 to 2022 Johnson Conservative government,,,
https://www.gov.uk/guidance/registering-a-civil-partnership-at-a-british-embassy-high-commission-or-consulate,"Registering a civil partnership at a British embassy, high commission or consulate",detailed_guide,eb522cce-a2ce-40ec-8028-de7b0d75687f,en,whitehall,2024-04-02T23:00:00.000Z,2024-09-06T15:20:17.000Z,,,20,"Marriage, civil partnership and divorce,Life circumstances,GOV.UK homepage,Going and being abroad,Getting married ,British nationals overseas","Foreign, Commonwealth & Development Office","Foreign, Commonwealth & Development Office",2022 to 2024 Sunak Conservative government,,,
https://www.gov.uk/guidance/what-to-do-after-a-british-person-dies-in-germany,When someone dies in Germany,detailed_guide,d6e5c543-34c1-4b4c-acd7-437078b8708b,en,whitehall,2022-07-14T23:00:00.000Z,2025-09-30T07:42:50.000Z,,,20,"Travel abroad,Death and bereavement,UK help and services in Germany,British nationals overseas,Birth, death and marriage abroad ,Life circumstances,Living abroad,Going and being abroad,Emergency help for British nationals,Birth, death and marriage abroad in Germany,Help and services around the world,GOV.UK homepage,Emergency help for British nationals in Germany","Foreign, Commonwealth & Development Office","Foreign, Commonwealth & Development Office",2019 to 2022 Johnson Conservative government,,,
https://www.gov.uk/guidance/living-in-mauritius,Living in Mauritius,detailed_guide,5ee42dc8-7631-11e4-a3cb-005056011aef,en,whitehall,2013-11-21T00:00:00.000Z,2024-12-23T12:37:17.000Z,,,20,"GOV.UK homepage,Help and services around the world,British nationals overseas,Mauritius,Travel abroad,Africa,Living abroad,UK help and services in Mauritius,Going and being abroad,Living in Mauritius,Countries (Living In)","Foreign, Commonwealth & Development Office","Foreign, Commonwealth & Development Office",2010 to 2015 Conservative and Liberal Democrat coalition government,,,
https://www.gov.uk/guidance/travel-to-croatia-for-work,Travel to Croatia for work,detailed_guide,ac1764b8-a0a8-4c47-8b00-0e5d569e9e4f,en,whitehall,2021-08-31T23:00:00.000Z,2024-04-15T09:27:04.000Z,,,19,"Living abroad,Going and being abroad,Business and industry,GOV.UK homepage,Travel abroad,Work",Department for Business and Trade,Department for Business and Trade,2019 to 2022 Johnson Conservative government,,,
https://www.gov.uk/guidance/how-to-buy-property-in-india,How to buy property in India,detailed_guide,5ef86d47-7631-11e4-a3cb-005056011aef,en,whitehall,2014-01-17T07:45:00.000Z,2014-01-17T07:45:00.000Z,,,19,"India,Housing and communities,Asia,Going and being abroad,Housing, local and community,Living in India,Living abroad,GOV.UK homepage,Help and services around the world,Countries (Living In),Owning and renting a property,UK help and services in India",Foreign & Commonwealth Office,"Foreign & Commonwealth Office,Foreign, Commonwealth & Development Office",2010 to 2015 Conservative and Liberal Democrat coalition government,,,
https://www.gov.uk/guidance/if-a-british-national-dies-abroad-through-murder-or-manslaughter,Support after murder or manslaughter abroad,detailed_guide,01d61d53-7388-42fd-8d9e-366734a6abb8,en,whitehall,2022-08-30T23:00:00.000Z,2023-10-11T13:39:56.000Z,,,19,"Death and bereavement,Going and being abroad,Living abroad,Life circumstances,British nationals overseas,Travel abroad,GOV.UK homepage","Foreign, Commonwealth & Development Office","Foreign, Commonwealth & Development Office",2019 to 2022 Johnson Conservative government,,,
https://www.gov.uk/guidance/living-in-croatia,Living in Croatia,detailed_guide,5e2ed042-7631-11e4-a3cb-005056011aef,en,whitehall,2020-01-23T00:00:00.000Z,2025-12-11T13:33:19.000Z,,,18,"Living in Croatia,British nationals overseas,UK help and services in Croatia,Going and being abroad,Living abroad,GOV.UK homepage,Help and services around the world","Foreign, Commonwealth & Development Office","Foreign, Commonwealth & Development Office",2019 to 2022 Johnson Conservative government,,,
https://www.gov.uk/guidance/living-in-luxembourg,Living in Luxembourg,detailed_guide,3e4b319d-8c20-4e1b-805b-c798d3c3535e,en,whitehall,2018-04-16T23:00:00.000Z,2026-01-28T15:30:26.000Z,,,18,"Going and being abroad,UK help and services in Luxembourg,Living in Luxembourg,Help and services around the world,GOV.UK homepage,Living abroad,British nationals overseas","Foreign, Commonwealth & Development Office","Foreign, Commonwealth & Development Office",2016 to 2019 May Conservative government,,,
https://www.gov.uk/guidance/healthcare-in-bulgaria,Healthcare for UK nationals living in Bulgaria,detailed_guide,9e80bd3e-e014-4a98-900c-81c23be94ab7,en,whitehall,2019-09-22T23:00:00.000Z,2021-10-19T13:31:48.000Z,,,18,"Health and social care,Living abroad,Brexit,GOV.UK homepage,Going and being abroad,Help and services around the world,Government,British nationals overseas,UK help and services in Bulgaria,Living in Bulgaria",Department of Health and Social Care,"Department of Health and Social Care,Foreign, Commonwealth & Development Office",2019 to 2022 Johnson Conservative government,,,
https://www.gov.uk/guidance/what-to-do-after-a-british-person-dies-in-greece,When someone dies in Greece,detailed_guide,746fa9a9-6fa1-4a46-b713-833ce6bb035a,en,whitehall,2022-04-13T23:00:00.000Z,2026-01-30T07:27:50.000Z,,,18,"Living abroad,Travel abroad,GOV.UK homepage,British nationals overseas,Birth, death and marriage abroad ,Help and services around the world,Life circumstances,Going and being abroad,Death and bereavement,UK help and services in Greece,Birth, death and marriage abroad in Greece","Foreign, Commonwealth & Development Office","Foreign, Commonwealth & Development Office",2019 to 2022 Johnson Conservative government,,,
https://www.gov.uk/guidance/healthcare-in-the-netherlands,Healthcare for UK nationals living in the Netherlands,detailed_guide,acf7aef9-08fd-476b-b40c-1be71edbb728,en,whitehall,2019-09-22T23:00:00.000Z,2021-10-21T15:29:47.000Z,,,18,"Government,GOV.UK homepage,Going and being abroad,British nationals overseas,Living abroad,Brexit,Help and services around the world,UK help and services in Netherlands,Health and social care,Living in Netherlands",Department of Health and Social Care,"Department of Health and Social Care,Foreign, Commonwealth & Development Office",2019 to 2022 Johnson Conservative government,,,
https://www.gov.uk/guidance/healthcare-in-poland,Healthcare for UK nationals living in Poland,detailed_guide,68c0a86a-ac72-48d6-a088-77982978b8ac,en,whitehall,2019-09-22T23:00:00.000Z,2021-10-21T15:29:55.000Z,,,18,"Help and services around the world,Health and social care,Living in Poland,UK help and services in Poland,Going and being abroad,British nationals overseas,GOV.UK homepage,Living abroad,Brexit,Government",Department of Health and Social Care,"Department of Health and Social Care,Foreign, Commonwealth & Development Office",2019 to 2022 Johnson Conservative government,,,
https://www.gov.uk/guidance/arctic-travel-safety-advice,Arctic travel safety advice,detailed_guide,e3bfc096-9daf-4316-bc65-58d95279c803,en,whitehall,2023-12-15T00:00:00.000Z,2023-12-15T00:00:00.000Z,,,18,"Going and being abroad,GOV.UK homepage,Travel abroad","Foreign, Commonwealth & Development Office","Foreign, Commonwealth & Development Office",2022 to 2024 Sunak Conservative government,,,
https://www.gov.uk/guidance/driving-licence-letters,Driving licence letters,detailed_guide,147dd7ef-084b-4fff-8a90-919a2611f09c,en,whitehall,2024-07-24T23:00:00.000Z,2025-09-17T17:30:01.000Z,,,18,"British nationals overseas,Living abroad,Travel abroad,GOV.UK homepage,Going and being abroad","Foreign, Commonwealth & Development Office","Foreign, Commonwealth & Development Office",2024 Starmer Labour government,,,
https://www.gov.uk/compensation-victim-terrorist-attack,Compensation for victims of terrorist attacks abroad,answer,c5a1f4a8-294f-4fd4-9a57-6af14f02ff1d,en,publisher,2012-09-12T14:51:43.000Z,2025-01-09T12:40:32.998Z,,,18,"Living abroad,Reporting crimes and getting compensation,Going and being abroad,Travel abroad,Crime, justice and law,Countries (Living In),GOV.UK homepage",Government Digital Service,Criminal Injuries Compensation Authority,,,,
https://www.gov.uk/guidance/healthcare-in-austria,Healthcare for UK nationals living in Austria,detailed_guide,69b5a3da-ae41-49c6-8160-b5d1c6f040f9,en,whitehall,2019-09-22T23:00:00.000Z,2024-01-19T08:16:31.000Z,,,17,"Health and social care,Help and services around the world,Going and being abroad,Government,Living in Austria,GOV.UK homepage,UK help and services in Austria,British nationals overseas,Living abroad,Brexit",Department of Health and Social Care,"Department of Health and Social Care,Foreign, Commonwealth & Development Office",2019 to 2022 Johnson Conservative government,,,
https://www.gov.uk/guidance/living-in-lithuania,Living in Lithuania,detailed_guide,c7485b94-9ef5-4588-a1eb-40eaab40c333,en,whitehall,2018-04-22T23:00:00.000Z,2025-12-17T10:38:16.000Z,,,17,"Help and services around the world,UK help and services in Lithuania,GOV.UK homepage,Living abroad,Going and being abroad,Living in Lithuania,British nationals overseas","Foreign, Commonwealth & Development Office","Foreign, Commonwealth & Development Office",2016 to 2019 May Conservative government,,,
https://www.gov.uk/guidance/healthcare-in-norway,Healthcare for UK nationals living in Norway,detailed_guide,ef92e2c5-b43b-462a-ba8b-4c3a4fa238db,en,whitehall,2019-09-22T23:00:00.000Z,2024-01-15T12:07:23.000Z,,,17,"Living abroad,GOV.UK homepage,Health and social care,Going and being abroad,UK help and services in Norway,Government,Living in Norway,British nationals overseas,Help and services around the world,Brexit",Department of Health and Social Care,"Department of Health and Social Care,Foreign, Commonwealth & Development Office",2019 to 2022 Johnson Conservative government,,,
https://www.gov.uk/guidance/living-in-cuba,Living in Cuba,detailed_guide,0279d425-8160-4a93-8add-8803d65d57b5,en,whitehall,2015-05-31T23:00:00.000Z,2025-03-04T08:31:54.000Z,,,16,"GOV.UK homepage,British nationals overseas,UK help and services in Cuba,Help and services around the world,Going and being abroad,Living in Cuba,Living abroad,Travel abroad","Foreign, Commonwealth & Development Office","Foreign, Commonwealth & Development Office",2015 to 2016 Cameron Conservative government,,,
https://www.gov.uk/guidance/living-in-chile-guidance,Living in Chile,detailed_guide,ad48225d-b10b-49b6-8164-b05c701a9f4e,en,whitehall,2015-08-16T23:00:00.000Z,2026-02-12T12:31:32.000Z,,,16,"International,British nationals overseas,Help and services around the world,Foreign affairs,GOV.UK homepage,Living abroad,Living in Chile,Going and being abroad,Corporate information,UK help and services in Chile,Travel abroad","Foreign, Commonwealth & Development Office","Foreign, Commonwealth & Development Office",2015 to 2016 Cameron Conservative government,,,
https://www.gov.uk/guidance/when-someone-dies-in-portugal,When someone dies in Portugal,detailed_guide,fc35a174-b689-444f-9844-d8743ca6722a,en,whitehall,2025-03-21T00:00:00.000Z,2025-03-21T00:00:00.000Z,,,16,"Death and bereavement,Help and services around the world,Life circumstances,Emergency help for British nationals in Portugal,British nationals overseas,Living abroad,Birth, death and marriage abroad in Portugal,Travel abroad,Birth, death and marriage abroad ,Emergency help for British nationals,GOV.UK homepage,UK help and services in Portugal,Going and being abroad","Foreign, Commonwealth & Development Office","Foreign, Commonwealth & Development Office",2024 Starmer Labour government,,,
https://www.gov.uk/guidance/living-in-slovakia,Living in Slovakia,detailed_guide,5e2f98cc-7631-11e4-a3cb-005056011aef,en,whitehall,2013-05-21T23:00:00.000Z,2025-12-23T13:09:28.000Z,,,16,"GOV.UK homepage,British nationals overseas,Help and services around the world,Living abroad,Going and being abroad,UK help and services in Slovakia,Living in Slovakia","Foreign, Commonwealth & Development Office","Foreign, Commonwealth & Development Office",2010 to 2015 Conservative and Liberal Democrat coalition government,,,
https://www.gov.uk/guidance/who-the-fcdo-can-support-abroad,Who the FCDO can support abroad,detailed_guide,75de70ef-8c89-4034-8729-445d294aa639,en,whitehall,2022-08-30T23:00:00.000Z,2022-08-30T23:00:00.000Z,,,16,"Going and being abroad,British nationals overseas,Travel abroad,GOV.UK homepage,Living abroad","Foreign, Commonwealth & Development Office","Foreign, Commonwealth & Development Office",2019 to 2022 Johnson Conservative government,,,
https://www.gov.uk/guidance/living-in-latvia,Living in Latvia,detailed_guide,5ec3d363-7631-11e4-a3cb-005056011aef,en,whitehall,2013-11-15T00:00:00.000Z,2025-12-11T13:43:09.000Z,,,16,"Going and being abroad,GOV.UK homepage,UK help and services in Latvia,Living abroad,Help and services around the world,Living in Latvia,British nationals overseas","Foreign, Commonwealth & Development Office","Foreign, Commonwealth & Development Office",2010 to 2015 Conservative and Liberal Democrat coalition government,,,
https://www.gov.uk/guidance/information-for-british-nationals-residing-in-israel-and-palestine,Living in Israel and Palestine,detailed_guide,5efbb5a3-7631-11e4-a3cb-005056011aef,en,whitehall,2014-01-28T00:00:00.000Z,2024-11-14T16:00:13.000Z,,,15,"Living in Israel,UK help and services in Israel,COVID-19,Health and social care,British nationals overseas,Living abroad,UK help and services in Palestine,Vaccinations for COVID-19,Help and services around the world,Going and being abroad,GOV.UK homepage,Living in Palestine","Foreign, Commonwealth & Development Office","Foreign, Commonwealth & Development Office",2010 to 2015 Conservative and Liberal Democrat coalition government,,,
https://www.gov.uk/guidance/advice-for-british-people-living-in-ghana,Living in Ghana,detailed_guide,5f585cbf-7631-11e4-a3cb-005056011aef,en,whitehall,2014-05-13T23:00:00.000Z,2024-03-27T10:36:32.000Z,,,15,"Ghana,Living abroad,Living in Ghana,British nationals overseas,UK help and services in Ghana,Going and being abroad,Countries (Living In),Travel abroad,Africa,Help and services around the world,GOV.UK homepage","Foreign, Commonwealth & Development Office","Foreign, Commonwealth & Development Office",2010 to 2015 Conservative and Liberal Democrat coalition government,,,
https://www.gov.uk/guidance/living-in-colombia,Living in Colombia,detailed_guide,5f18fc72-7631-11e4-a3cb-005056011aef,en,whitehall,2014-02-25T00:00:00.000Z,2025-03-04T15:25:26.000Z,,,15,"UK help and services in Colombia,Colombia,Going and being abroad,Countries (Living In),Living abroad,Living in Colombia,Travel abroad,British nationals overseas,South America,GOV.UK homepage,Help and services around the world","Foreign, Commonwealth & Development Office","Foreign, Commonwealth & Development Office",2010 to 2015 Conservative and Liberal Democrat coalition government,,,
https://www.gov.uk/guidance/death-abroad-uk-organisations-that-can-help,Death abroad: UK organisations that can help,detailed_guide,a92cad1b-2dac-42cb-9a68-9594f6486738,en,whitehall,2022-08-31T14:23:00.000Z,2022-08-31T14:23:00.000Z,,,15,"GOV.UK homepage,Death and bereavement,Life circumstances,Going and being abroad,British nationals overseas","Foreign, Commonwealth & Development Office","Foreign, Commonwealth & Development Office",2019 to 2022 Johnson Conservative government,,,
https://www.gov.uk/guidance/buying-property-in-morocco,Buying property in Morocco,detailed_guide,5f10a7ed-7631-11e4-a3cb-005056011aef,en,whitehall,2014-02-11T12:08:00.000Z,2014-02-11T12:08:00.000Z,,,14,"Help and services around the world,Living in Morocco,Africa,Morocco,UK help and services in Morocco,Going and being abroad,Countries (Living In),Living abroad",Foreign & Commonwealth Office,"Foreign & Commonwealth Office,Foreign, Commonwealth & Development Office",2010 to 2015 Conservative and Liberal Democrat coalition government,,,
https://www.gov.uk/guidance/living-in-zimbabwe,Living in Zimbabwe,detailed_guide,5f1b555d-7631-11e4-a3cb-005056011aef,en,whitehall,2023-02-23T00:00:00.000Z,2024-06-13T13:31:43.000Z,,,14,"Going and being abroad,Travel abroad,Passports,GOV.UK homepage,Living abroad,Help and services around the world,Living in Zimbabwe,British nationals overseas,UK help and services in Zimbabwe","Foreign, Commonwealth & Development Office","Foreign, Commonwealth & Development Office",2022 to 2024 Sunak Conservative government,,,
https://www.gov.uk/guidance/living-in-nigeria,Living in Nigeria,detailed_guide,044cc9c4-fd61-48a5-ac19-e85d7e2fcc1c,en,whitehall,2024-04-09T23:00:00.000Z,2025-12-11T13:41:13.000Z,,,14,"UK help and services in Nigeria,Living in Nigeria,GOV.UK homepage,Help and services around the world,British nationals overseas,Going and being abroad,Living abroad","Foreign, Commonwealth & Development Office","Foreign, Commonwealth & Development Office",2022 to 2024 Sunak Conservative government,,,
https://www.gov.uk/guidance/list-of-uk-airports-and-seaports-with-red-channels-or-red-point-phones,List of UK airports and seaports with red channels or red point phones,detailed_guide,9b27a6f3-2de7-4632-b052-82fdf4de14c7,en,whitehall,2021-12-22T15:07:09.000Z,2021-12-22T15:07:09.000Z,,,13,"Trade and investment,Customs declarations, duties and tariffs (import and export),Travel abroad,GOV.UK homepage,Business and industry,Going and being abroad",HM Revenue & Customs,HM Revenue & Customs,2019 to 2022 Johnson Conservative government,,,
https://www.gov.uk/guidance/living-in-cambodia,Living in Cambodia,detailed_guide,5eb9a228-7631-11e4-a3cb-005056011aef,en,whitehall,2013-10-21T23:00:00.000Z,2022-03-09T10:37:43.000Z,,,13,"Cambodia,Living in Cambodia,British nationals overseas,Asia,Going and being abroad,Living abroad,Countries (Living In),GOV.UK homepage,Help and services around the world,UK help and services in Cambodia","Foreign, Commonwealth & Development Office","Foreign, Commonwealth & Development Office",2010 to 2015 Conservative and Liberal Democrat coalition government,,,
https://www.gov.uk/guidance/how-to-property-in-cyprus,Cyprus: buying property,detailed_guide,5dc095af-7631-11e4-a3cb-005056011aef,en,whitehall,2013-03-25T11:02:00.000Z,2019-11-27T10:18:09.000Z,,,13,"GOV.UK homepage,Going and being abroad,Housing, local and community,Help and services around the world,UK help and services in Cyprus,British nationals overseas,Living in Cyprus,Living abroad",Foreign & Commonwealth Office,"Foreign & Commonwealth Office,Foreign, Commonwealth & Development Office",2010 to 2015 Conservative and Liberal Democrat coalition government,,,
https://www.gov.uk/guidance/healthcare-in-romania,Healthcare for UK nationals living in Romania,detailed_guide,38cb773d-2344-4467-9579-32a5123e2648,en,whitehall,2019-09-22T23:00:00.000Z,2022-10-05T15:39:03.000Z,,,12,"British nationals overseas,Health and social care,Living in Romania,Help and services around the world,Government,Brexit,GOV.UK homepage,Living abroad,Going and being abroad,UK help and services in Romania",Department of Health and Social Care,"Department of Health and Social Care,Foreign, Commonwealth & Development Office",2019 to 2022 Johnson Conservative government,,,
https://www.gov.uk/guidance/how-to-buy-property-in-turkey,Buying property in Turkey,detailed_guide,5d8f4dfc-7631-11e4-a3cb-005056011aef,en,whitehall,2013-03-22T00:00:00.000Z,2024-02-15T11:04:56.000Z,,,12,"Living abroad,Countries (Living In),Going and being abroad,Turkey,GOV.UK homepage,Europe,British nationals overseas",Foreign & Commonwealth Office,"Foreign & Commonwealth Office,Foreign, Commonwealth & Development Office",2010 to 2015 Conservative and Liberal Democrat coalition government,,,
https://www.gov.uk/guidance/living-in-bahrain,Living in Bahrain,detailed_guide,5e9c79be-7631-11e4-a3cb-005056011aef,en,whitehall,2013-10-08T23:00:00.000Z,2026-01-02T12:02:56.000Z,,,12,"Countries (Living In),Middle East,Going and being abroad,Living abroad,Living in Bahrain,Help and services around the world,GOV.UK homepage,UK help and services in Bahrain,British nationals overseas","Foreign, Commonwealth & Development Office","Foreign, Commonwealth & Development Office",2010 to 2015 Conservative and Liberal Democrat coalition government,,,
https://www.gov.uk/guidance/what-to-do-after-a-british-person-dies-in-turkey,When someone dies in Turkey,detailed_guide,5a4ced22-3195-46e4-900b-189c10302a2b,en,whitehall,2022-11-02T17:41:00.000Z,2023-10-05T14:16:26.000Z,,,12,"Going and being abroad,British nationals overseas,Birth, death and marriage abroad in Turkey,Emergency help for British nationals in Turkey,Help and services around the world,GOV.UK homepage,Emergency help for British nationals,Living abroad,UK help and services in Turkey,Life circumstances,Travel abroad,Death and bereavement,Birth, death and marriage abroad ","Foreign, Commonwealth & Development Office","Foreign, Commonwealth & Development Office",2022 to 2024 Sunak Conservative government,,,
https://www.gov.uk/guidance/festival-travel-checklist,Festivals in Europe: travel checklist,detailed_guide,5e322732-7631-11e4-a3cb-005056011aef,en,whitehall,2017-06-24T23:00:00.000Z,2025-06-04T14:53:12.000Z,,,12,"Advice for all countries,Going and being abroad,Countries (Living In),British nationals overseas,GOV.UK homepage","Foreign, Commonwealth & Development Office","Foreign, Commonwealth & Development Office",2016 to 2019 May Conservative government,,,
https://www.gov.uk/guidance/france-medical-facilities,France: medical facilities,detailed_guide,662bbe3a-7bdb-4291-aa73-0b0aa674f42b,en,whitehall,2020-12-16T10:54:38.000Z,2020-12-16T10:54:38.000Z,,,12,"British nationals overseas,Going and being abroad,Living abroad,UK help and services in France,Living in France,Help and services around the world,Health and social care,GOV.UK homepage","Foreign, Commonwealth & Development Office","Foreign, Commonwealth & Development Office",2019 to 2022 Johnson Conservative government,,,
https://www.gov.uk/guidance/living-in-bosnia-and-herzegovina,Living in Bosnia and Herzegovina,detailed_guide,5ec3b695-7631-11e4-a3cb-005056011aef,en,whitehall,2021-03-10T00:00:00.000Z,2025-12-30T08:50:39.000Z,,,12,"UK help and services in Bosnia and Herzegovina,Help and services around the world,Living in Bosnia and Herzegovina,GOV.UK homepage,Bosnia and Herzegovina,British nationals overseas,Europe,Living abroad,Going and being abroad,Countries (Living In)","Foreign, Commonwealth & Development Office","Foreign, Commonwealth & Development Office",2019 to 2022 Johnson Conservative government,,,
https://www.gov.uk/guidance/travel-to-luxembourg-for-work,Travel to Luxembourg for work,detailed_guide,3b1dba9f-e2bc-4544-a513-4411ce399a82,en,whitehall,2021-05-27T23:00:00.000Z,2024-04-15T09:23:17.000Z,,,11,"Business and industry,GOV.UK homepage,Living abroad,Going and being abroad,Travel abroad,Work",Department for Business and Trade,Department for Business and Trade,2019 to 2022 Johnson Conservative government,,,
https://www.gov.uk/guidance/air-travel-safety-and-security,Air travel: safety and security,detailed_guide,45cde8bb-1ef2-48fe-866f-e81096aca4aa,en,whitehall,2025-06-09T11:10:32.000Z,2025-06-09T11:10:32.000Z,,,11,"Travel abroad,Going and being abroad,British nationals overseas,GOV.UK homepage","Foreign, Commonwealth & Development Office","Foreign, Commonwealth & Development Office",2024 Starmer Labour government,,,
https://www.gov.uk/guidance/living-in-grenada,Living in Grenada,detailed_guide,5ee4d9fc-7631-11e4-a3cb-005056011aef,en,whitehall,2013-11-25T00:00:00.000Z,2024-09-19T14:39:15.000Z,,,11,"Help and services around the world,British nationals overseas,Travel abroad,UK help and services in Grenada,Going and being abroad,Grenada,Countries (Living In),North and Central America and the Caribbean,Living in Grenada,Living abroad,GOV.UK homepage","Foreign, Commonwealth & Development Office","Foreign, Commonwealth & Development Office",2010 to 2015 Conservative and Liberal Democrat coalition government,,,
https://www.gov.uk/guidance/sea-river-and-piracy-safety,Travel abroad by sea: regional risks,detailed_guide,5d8b56b7-7631-11e4-a3cb-005056011aef,en,whitehall,2013-03-22T00:00:00.000Z,2024-06-07T13:25:17.000Z,,,11,"Countries (Living In),International,Transport,Maritime and shipping,Travel abroad,Going and being abroad,British nationals overseas,GOV.UK homepage,Advice for all countries",Foreign & Commonwealth Office,"Foreign & Commonwealth Office,Foreign, Commonwealth & Development Office",2010 to 2015 Conservative and Liberal Democrat coalition government,,,
https://www.gov.uk/guidance/living-in-sri-lanka,Living in Sri Lanka,detailed_guide,5ef2234f-7631-11e4-a3cb-005056011aef,en,whitehall,2018-01-09T00:00:00.000Z,2026-02-03T12:38:36.000Z,,,11,"Going and being abroad,Living in Sri Lanka,UK help and services in Sri Lanka,Living abroad,Help and services around the world,Countries (Living In),British nationals overseas,GOV.UK homepage,Asia,Sri Lanka","Foreign, Commonwealth & Development Office","Foreign, Commonwealth & Development Office",2016 to 2019 May Conservative government,,,
https://www.gov.uk/guidance/living-in-montenegro,Living in Montenegro,detailed_guide,5eba51cf-7631-11e4-a3cb-005056011aef,en,whitehall,2013-10-23T23:00:00.000Z,2025-12-29T14:28:35.000Z,,,11,"Countries (Living In),Help and services around the world,Europe,British nationals overseas,Going and being abroad,Montenegro,UK help and services in Montenegro,GOV.UK homepage,Living in Montenegro,Living abroad","Foreign, Commonwealth & Development Office","Foreign, Commonwealth & Development Office",2010 to 2015 Conservative and Liberal Democrat coalition government,,,
https://www.gov.uk/guidance/living-in-st-kitts-and-nevis,Living in St Kitts and Nevis,detailed_guide,5f11d894-7631-11e4-a3cb-005056011aef,en,whitehall,2014-02-07T00:00:00.000Z,2024-09-19T14:40:54.000Z,,,11,"Living in St Kitts and Nevis,British nationals overseas,GOV.UK homepage,Countries (Living In),Help and services around the world,North and Central America and the Caribbean,Travel abroad,St Kitts and Nevis,Living abroad,Going and being abroad,UK help and services in St Kitts and Nevis","Foreign, Commonwealth & Development Office","Foreign, Commonwealth & Development Office",2010 to 2015 Conservative and Liberal Democrat coalition government,,,
https://www.gov.uk/guidance/travel-to-bulgaria-for-work,Travel to Bulgaria for work,detailed_guide,e24ee459-0756-4c5e-95b1-717ddc4f4ce2,en,whitehall,2021-06-13T23:00:00.000Z,2024-04-15T09:23:36.000Z,,,11,"Travel abroad,Living abroad,Business and industry,Work,Going and being abroad,GOV.UK homepage",Department for Business and Trade,Department for Business and Trade,2019 to 2022 Johnson Conservative government,,,
https://www.gov.uk/guidance/living-in-argentina,Living in Argentina,detailed_guide,5ebe266f-7631-11e4-a3cb-005056011aef,en,whitehall,2013-11-05T00:00:00.000Z,2025-12-23T16:40:38.000Z,,,10,"Passports,Living abroad,Living in Argentina,Countries (Living In),Help and services around the world,South America,Argentina,British nationals overseas,Travel abroad,GOV.UK homepage,Going and being abroad,UK help and services in Argentina","Foreign, Commonwealth & Development Office","Foreign, Commonwealth & Development Office",2010 to 2015 Conservative and Liberal Democrat coalition government,,,
https://www.gov.uk/guidance/international-bus-or-coach-services-and-tours-vehicle-documents,International bus or coach services and tours: vehicle documents,detailed_guide,b78b1f78-8d65-4be2-9821-c73fe93029b1,en,whitehall,2020-12-31T00:00:00.000Z,2022-03-31T23:00:01.000Z,,,10,"Government,Professional driving of lorries, buses and coaches,EU and international driving rules,Driving and road transport,GOV.UK homepage,Brexit,Travel abroad,Transport,Going and being abroad",Department for Transport,"Department for Transport,Driver and Vehicle Licensing Agency,Driver and Vehicle Standards Agency,Traffic Commissioners for Great Britain",2019 to 2022 Johnson Conservative government,,,
https://www.gov.uk/guidance/travel-to-hungary-for-work,Travel to Hungary for work,detailed_guide,4499b7e9-a269-4bf0-8c06-0788baf40ed9,en,whitehall,2021-05-20T23:00:00.000Z,2024-04-15T09:27:15.000Z,,,10,"Travel abroad,Business and industry,Going and being abroad,Work,Living abroad,GOV.UK homepage",Department for Business and Trade,Department for Business and Trade,2019 to 2022 Johnson Conservative government,,,
https://www.gov.uk/guidance/travel-to-czechia-for-work,Travel to Czechia for work,detailed_guide,33e83b65-6bd3-423f-8974-42b40438a29a,en,whitehall,2021-06-27T23:00:00.000Z,2024-04-15T09:27:01.000Z,,,10,"GOV.UK homepage,Going and being abroad,Business and industry,Living abroad,Work,Travel abroad",Department for Business and Trade,Department for Business and Trade,2019 to 2022 Johnson Conservative government,,,
https://www.gov.uk/guidance/travel-to-iceland-for-work,Travel to Iceland for work,detailed_guide,9eaabcac-d5f0-4a20-825f-cefd40c3d579,en,whitehall,2021-06-16T23:00:00.000Z,2024-04-15T09:26:55.000Z,,,10,"Living abroad,Business and industry,Work,GOV.UK homepage,Going and being abroad,Travel abroad",Department for Business and Trade,Department for Business and Trade,2019 to 2022 Johnson Conservative government,,,
https://www.gov.uk/guidance/when-someone-dies-in-jamaica,When someone dies in Jamaica,detailed_guide,bccf6a6c-b83f-42f7-a046-6488126628ee,en,whitehall,2023-06-02T13:13:12.000Z,2023-06-02T13:13:12.000Z,,,10,"Going and being abroad,Travel abroad,UK help and services in Jamaica,Help and services around the world,Life circumstances,Living abroad,GOV.UK homepage,Death and bereavement,Birth, death and marriage abroad ,British nationals overseas,Birth, death and marriage abroad in Jamaica,Emergency help for British nationals in Jamaica,Emergency help for British nationals","Foreign, Commonwealth & Development Office","Foreign, Commonwealth & Development Office",2022 to 2024 Sunak Conservative government,,,
https://www.gov.uk/guidance/living-in-belize,Living in Belize,detailed_guide,2e1111fd-dbb5-45e9-870a-5b8b06146317,en,whitehall,2020-09-09T23:00:00.000Z,2026-02-10T14:19:56.000Z,,,10,"Travel abroad,Passports,GOV.UK homepage,Living abroad,Going and being abroad,British nationals overseas","Foreign, Commonwealth & Development Office","Foreign, Commonwealth & Development Office",2019 to 2022 Johnson Conservative government,,,
https://www.gov.uk/guidance/living-in-slovenia,Living in Slovenia,detailed_guide,5ebd9532-7631-11e4-a3cb-005056011aef,en,whitehall,2013-11-04T00:00:00.000Z,2025-12-11T13:36:48.000Z,,,10,"Living abroad,British nationals overseas,Living in Slovenia,UK help and services in Slovenia,Going and being abroad,GOV.UK homepage,Help and services around the world","Foreign, Commonwealth & Development Office","Foreign, Commonwealth & Development Office",2010 to 2015 Conservative and Liberal Democrat coalition government,,,
https://www.gov.uk/female-genital-mutilation-protection-order,Get a female genital mutilation protection order,answer,a0fef72f-4e36-4f9f-a71b-3310f6867ddc,en,publisher,2015-10-20T17:50:49.000Z,2025-01-09T14:50:39.846Z,,,10,"Travel abroad,Crime, justice and law,Reporting crimes and getting compensation,GOV.UK homepage,Going and being abroad",Government Digital Service,HM Courts & Tribunals Service,,,,
https://www.gov.uk/guidance/when-someone-dies-in-tunisia,When someone dies in Tunisia,detailed_guide,0c5346a5-8265-49ac-9574-568a9454f559,en,whitehall,2025-05-09T11:08:33.000Z,2025-05-09T11:08:33.000Z,,,10,"Emergency help for British nationals,Birth, death and marriage abroad ,UK help and services in Tunisia,GOV.UK homepage,Travel abroad,Death and bereavement,Help and services around the world,Life circumstances,Birth, death and marriage abroad in Tunisia,British nationals overseas,Living abroad,Going and being abroad,Emergency help for British nationals in Tunisia","Foreign, Commonwealth & Development Office","Foreign, Commonwealth & Development Office",2024 Starmer Labour government,,,
https://www.gov.uk/guidance/frontier-workers-in-eu-and-efta-countries,Frontier workers in EU and EFTA countries,detailed_guide,a0ffce64-794e-45a7-8ec4-165f1d878c5d,en,whitehall,2021-06-23T20:10:00.000Z,2021-06-23T20:10:00.000Z,,,9,"Government,Brexit,British nationals overseas,Going and being abroad,GOV.UK homepage,Living abroad","Foreign, Commonwealth & Development Office","Foreign, Commonwealth & Development Office",2019 to 2022 Johnson Conservative government,,,
https://www.gov.uk/guidance/living-in-bangladesh,Living in Bangladesh,detailed_guide,5ec418ca-7631-11e4-a3cb-005056011aef,en,whitehall,2013-11-18T00:00:00.000Z,2025-12-29T11:18:41.000Z,,,9,"Living abroad,UK help and services in Bangladesh,Living in Bangladesh,Going and being abroad,Asia,GOV.UK homepage,British nationals overseas,Help and services around the world,Countries (Living In),Bangladesh","Foreign, Commonwealth & Development Office","Foreign, Commonwealth & Development Office",2010 to 2015 Conservative and Liberal Democrat coalition government,,,
https://www.gov.uk/guidance/living-in-north-macedonia,Living in North Macedonia,detailed_guide,643bfa64-e8a9-46dc-b369-882dbde49902,en,whitehall,2019-02-18T00:00:00.000Z,2024-11-08T13:07:48.000Z,,,9,"Help and services around the world,British nationals overseas,Living abroad,Living in North Macedonia,Going and being abroad,UK help and services in North Macedonia,GOV.UK homepage","Foreign, Commonwealth & Development Office","Foreign, Commonwealth & Development Office",2016 to 2019 May Conservative government,,,
https://www.gov.uk/guidance/victims-of-overseas-terrorism-compensation-scheme-a-guide,Victims of Overseas Terrorism Compensation Scheme: a guide,detailed_guide,5f617a23-7631-11e4-a3cb-005056011aef,en,whitehall,2014-06-08T23:00:00.000Z,2024-06-14T16:15:00.000Z,,,9,"Going and being abroad,Victims of crime,Crime, justice and law,GOV.UK homepage",Criminal Injuries Compensation Authority,"Criminal Injuries Compensation Authority,Foreign & Commonwealth Office,Foreign, Commonwealth & Development Office",2010 to 2015 Conservative and Liberal Democrat coalition government,,,
https://www.gov.uk/guidance/living-in-hong-kong,Living in Hong Kong,detailed_guide,5d8c4ab0-7631-11e4-a3cb-005056011aef,en,whitehall,2013-03-22T14:58:00.000Z,2023-03-30T07:31:02.000Z,,,9,"Asia,UK help and services in Hong Kong,Countries (Living In),British nationals overseas,Help and services around the world,Going and being abroad,Living abroad,GOV.UK homepage,Hong Kong,Living in Hong Kong","Foreign, Commonwealth & Development Office","Foreign, Commonwealth & Development Office",2010 to 2015 Conservative and Liberal Democrat coalition government,,,
https://www.gov.uk/guidance/adoption-in-china,Adoption in China,detailed_guide,5e2cc869-7631-11e4-a3cb-005056011aef,en,whitehall,2013-05-08T10:51:00.000Z,2017-03-07T02:55:43.000Z,,,9,"Help and services around the world,UK help and services in China,Countries (Living In),Birth, death and marriage abroad ,GOV.UK homepage,China,Birth, death and marriage abroad in China,Going and being abroad,British nationals overseas,Asia",Foreign & Commonwealth Office,"Foreign & Commonwealth Office,Foreign, Commonwealth & Development Office",2010 to 2015 Conservative and Liberal Democrat coalition government,,,
https://www.gov.uk/guidance/living-in-uruguay,Living in Uruguay,detailed_guide,cf6dd752-49ab-48cb-9b7c-9368f1820d8f,en,whitehall,2016-06-29T23:00:00.000Z,2023-10-10T06:39:50.000Z,,,9,"Going and being abroad,Help and services around the world,Countries (Living In),Living in Uruguay,North and Central America and the Caribbean,British nationals overseas,UK help and services in Uruguay,GOV.UK homepage,Living abroad","Foreign, Commonwealth & Development Office","Foreign, Commonwealth & Development Office",2015 to 2016 Cameron Conservative government,,,
https://www.gov.uk/guidance/lost-stolen-or-destroyed-ata-carnets,"Lost, stolen or destroyed ATA Carnets",detailed_guide,58eeef19-6e4e-4732-8968-37f948aa2069,en,whitehall,2019-10-19T23:00:00.000Z,2019-10-19T23:00:00.000Z,,,9,"Money,International,Going and being abroad,GOV.UK homepage,Business and industry,Trade and investment,Business tax,Importing,Exporting,Travel abroad",HM Revenue & Customs,HM Revenue & Customs,2019 to 2022 Johnson Conservative government,,,
https://www.gov.uk/guidance/living-in-seychelles,Living in Seychelles,detailed_guide,5f1c9cfe-7631-11e4-a3cb-005056011aef,en,whitehall,2014-03-11T00:00:00.000Z,2025-01-08T23:18:45.000Z,,,9,"Africa,Living in Seychelles,Going and being abroad,Travel abroad,Living abroad,Seychelles,UK help and services in Seychelles,British nationals overseas,GOV.UK homepage,Countries (Living In),Help and services around the world","Foreign, Commonwealth & Development Office","Foreign, Commonwealth & Development Office",2010 to 2015 Conservative and Liberal Democrat coalition government,,,
https://www.gov.uk/guidance/germany-mental-health-support-abroad,Germany: mental health support abroad,detailed_guide,e42a14cc-9da4-4af6-ae7b-d4595d879050,en,whitehall,2023-07-10T23:00:00.000Z,2025-09-30T07:26:43.000Z,,,8,"Going and being abroad,British embassy or high commission in Germany,GOV.UK homepage,Help and services around the world,Travel abroad,Travelling to Germany,Living in Germany,Living abroad,UK help and services in Germany,British embassy or high commission ,British nationals overseas,Travelling abroad","Foreign, Commonwealth & Development Office","Foreign, Commonwealth & Development Office",2022 to 2024 Sunak Conservative government,,,
https://www.gov.uk/guidance/when-someone-dies-in-south-africa,When someone dies in South Africa,detailed_guide,ba8a448d-6c92-453f-b2a2-a9b99f6e0e4a,en,whitehall,2023-03-14T15:00:00.000Z,2023-03-14T15:00:00.000Z,,,8,"Going and being abroad,British nationals overseas,Emergency help for British nationals in South Africa,Birth, death and marriage abroad in South Africa,Life circumstances,UK help and services in South Africa,Birth, death and marriage abroad ,Travel abroad,Help and services around the world,Death and bereavement,Emergency help for British nationals,GOV.UK homepage,Living abroad","Foreign, Commonwealth & Development Office","Foreign, Commonwealth & Development Office",2022 to 2024 Sunak Conservative government,,,
https://www.gov.uk/guidance/when-someone-dies-in-poland,When someone dies in Poland,detailed_guide,026444ed-f82a-432d-a54f-de46af0c5755,en,whitehall,2026-01-29T12:43:35.000Z,2026-01-29T12:43:35.000Z,,,8,"Living abroad,Death and bereavement,Help and services around the world,British nationals overseas,Life circumstances,GOV.UK homepage,Birth, death and marriage abroad in Poland,Going and being abroad,Travel abroad,UK help and services in Poland,Birth, death and marriage abroad ","Foreign, Commonwealth & Development Office","Foreign, Commonwealth & Development Office",2024 Starmer Labour government,,,
https://www.gov.uk/guidance/living-in-antigua-barbuda,Living in Antigua & Barbuda,detailed_guide,5ee4da97-7631-11e4-a3cb-005056011aef,en,whitehall,2013-11-25T00:00:00.000Z,2024-09-19T14:38:00.000Z,,,8,"Travel abroad,Antigua & Barbuda,UK help and services in Antigua and Barbuda,North and Central America and the Caribbean,Living in Antigua and Barbuda,British nationals overseas,GOV.UK homepage,Going and being abroad,Help and services around the world,Living abroad,Countries (Living In)","Foreign, Commonwealth & Development Office","Foreign, Commonwealth & Development Office",2010 to 2015 Conservative and Liberal Democrat coalition government,,,
https://www.gov.uk/guidance/when-someone-dies-in-vietnam,When someone dies in Vietnam,detailed_guide,492ebe9e-ddf9-4918-ac9c-f5281b322e1a,en,whitehall,2016-11-08T00:00:00.000Z,2026-01-23T09:11:53.000Z,,,8,"Birth, death and marriage abroad ,Going and being abroad,British nationals overseas,UK help and services in Vietnam,Help and services around the world,GOV.UK homepage,Birth, death and marriage abroad in Vietnam","Foreign, Commonwealth & Development Office","Foreign, Commonwealth & Development Office",2016 to 2019 May Conservative government,,,
https://www.gov.uk/guidance/healthcare-in-denmark,Healthcare for UK nationals living in Denmark,detailed_guide,bb908e44-a8cd-43f9-a20e-f5721896e5d0,en,whitehall,2019-09-22T23:00:00.000Z,2021-10-19T13:32:56.000Z,,,8,"Going and being abroad,Living abroad,Government,Brexit,Living in Denmark,Health and social care,Help and services around the world,British nationals overseas,UK help and services in Denmark,GOV.UK homepage",Department of Health and Social Care,"Department of Health and Social Care,Foreign, Commonwealth & Development Office",2019 to 2022 Johnson Conservative government,,,
https://www.gov.uk/guidance/living-in-kuwait,Living in Kuwait,detailed_guide,5d8f0d53-7631-11e4-a3cb-005056011aef,en,whitehall,2013-03-22T00:00:00.000Z,2026-01-05T16:32:27.000Z,,,8,"Kuwait,UK help and services in Kuwait,GOV.UK homepage,Living in Kuwait,Middle East,Living abroad,British nationals overseas,Help and services around the world,Countries (Living In),Going and being abroad","Foreign, Commonwealth & Development Office","Foreign, Commonwealth & Development Office",2010 to 2015 Conservative and Liberal Democrat coalition government,,,
https://www.gov.uk/guidance/living-in-kazakhstan,Living in Kazakhstan,detailed_guide,5ebf70a7-7631-11e4-a3cb-005056011aef,en,whitehall,2013-11-11T00:00:00.000Z,2025-01-22T15:02:29.000Z,,,8,"GOV.UK homepage,Travel abroad,Help and services around the world,Living in Kazakhstan,British nationals overseas,Going and being abroad,UK help and services in Kazakhstan,Living abroad","Foreign, Commonwealth & Development Office","Foreign, Commonwealth & Development Office",2010 to 2015 Conservative and Liberal Democrat coalition government,,,
https://www.gov.uk/guidance/when-someone-dies-in-indonesia,When someone dies in Indonesia,detailed_guide,8f720eb1-4ad6-42e7-8083-281cac1be2a4,en,whitehall,2023-10-30T00:00:00.000Z,2023-10-30T00:00:00.000Z,,,8,"Death and bereavement,Life circumstances,Going and being abroad,Birth, death and marriage abroad ,UK help and services in Indonesia,GOV.UK homepage,Birth, death and marriage abroad in Indonesia,Help and services around the world,British nationals overseas","Foreign, Commonwealth & Development Office","Foreign, Commonwealth & Development Office",2022 to 2024 Sunak Conservative government,,,
https://www.gov.uk/guidance/living-in-peru,Living in Peru,detailed_guide,5ef6b3ce-7631-11e4-a3cb-005056011aef,en,whitehall,2014-01-08T00:00:00.000Z,2025-12-11T13:34:32.000Z,,,7,"Living abroad,Going and being abroad,Help and services around the world,GOV.UK homepage,UK help and services in Peru,Living in Peru,British nationals overseas","Foreign, Commonwealth & Development Office","Foreign, Commonwealth & Development Office",2010 to 2015 Conservative and Liberal Democrat coalition government,,,
https://www.gov.uk/guidance/healthcare-in-belgium,Healthcare for UK nationals living in Belgium,detailed_guide,2c75f924-2c21-424c-880e-869fa9ed2c29,en,whitehall,2019-09-22T23:00:00.000Z,2021-10-19T13:31:29.000Z,,,7,"Going and being abroad,Living abroad,UK help and services in Belgium,Help and services around the world,Government,Brexit,British nationals overseas,Health and social care,GOV.UK homepage,Living in Belgium",Department of Health and Social Care,"Department of Health and Social Care,Foreign, Commonwealth & Development Office",2019 to 2022 Johnson Conservative government,,,
https://www.gov.uk/guidance/living-in-uganda,Living in Uganda,detailed_guide,7a1ffa96-d6cc-459b-aae9-e9b994fe9010,en,whitehall,2015-03-11T00:00:00.000Z,2025-01-08T10:19:16.000Z,,,7,"Help and services around the world,UK help and services in Uganda,GOV.UK homepage,Going and being abroad,Living abroad,Living in Uganda,British nationals overseas","Foreign, Commonwealth & Development Office","Foreign, Commonwealth & Development Office",2010 to 2015 Conservative and Liberal Democrat coalition government,,,
https://www.gov.uk/guidance/what-to-do-after-a-british-person-dies-in-bulgaria,When someone dies in Bulgaria,detailed_guide,3a6688ff-0e47-4745-bd02-debb57f1d88c,en,whitehall,2022-11-02T00:00:00.000Z,2024-11-08T13:11:20.000Z,,,7,"Life circumstances,UK help and services in Bulgaria,GOV.UK homepage,Emergency help for British nationals in Bulgaria,Travel abroad,Death and bereavement,Going and being abroad,Living abroad,Birth, death and marriage abroad ,Help and services around the world,Emergency help for British nationals,Birth, death and marriage abroad in Bulgaria,British nationals overseas","Foreign, Commonwealth & Development Office","Foreign, Commonwealth & Development Office",2022 to 2024 Sunak Conservative government,,,
https://www.gov.uk/guidance/when-someone-dies-in-pakistan,When someone dies in Pakistan,detailed_guide,a6f91f1b-358d-47dd-8bde-1d98742e2f31,en,whitehall,2023-06-01T23:00:00.000Z,2024-04-05T09:27:34.000Z,,,7,"Life circumstances,Birth, death and marriage abroad ,Death and bereavement,British nationals overseas,Emergency help for British nationals in Pakistan,Birth, death and marriage abroad in Pakistan,UK help and services in Pakistan,Emergency help for British nationals,GOV.UK homepage,Going and being abroad,Help and services around the world","Foreign, Commonwealth & Development Office","Foreign, Commonwealth & Development Office",2022 to 2024 Sunak Conservative government,,,
https://www.gov.uk/guidance/living-in-nepal,Living in Nepal,detailed_guide,5efa1bce-7631-11e4-a3cb-005056011aef,en,whitehall,2025-05-30T23:00:00.000Z,2025-06-10T04:07:51.000Z,,,7,"Asia,Living in Nepal,UK help and services in Nepal,Countries (Living In),Going and being abroad,Living abroad,GOV.UK homepage,Help and services around the world,British nationals overseas,Nepal","Foreign, Commonwealth & Development Office","Foreign, Commonwealth & Development Office",2024 Starmer Labour government,,,
https://www.gov.uk/guidance/how-to-buy-property-in-tunisia,How to buy property in Tunisia,detailed_guide,5f4e0667-7631-11e4-a3cb-005056011aef,en,whitehall,2020-01-15T15:20:00.000Z,2020-01-15T15:20:00.000Z,,,7,"Help and services around the world,Living in Tunisia,British nationals overseas,Africa,Countries (Living In),Going and being abroad,Living abroad,UK help and services in Tunisia,Tunisia,GOV.UK homepage",Foreign & Commonwealth Office,"Foreign & Commonwealth Office,Foreign, Commonwealth & Development Office",2019 to 2022 Johnson Conservative government,,,
https://www.gov.uk/guidance/healthcare-in-sweden,Healthcare for UK nationals living in Sweden,detailed_guide,81128308-3c35-4900-b4ff-63115a0b0b52,en,whitehall,2019-09-22T23:00:00.000Z,2021-10-22T17:09:18.000Z,,,7,"Brexit,Going and being abroad,Living abroad,Health and social care,Help and services around the world,UK help and services in Sweden,GOV.UK homepage,British nationals overseas,Living in Sweden,Government",Department of Health and Social Care,"Department of Health and Social Care,Foreign, Commonwealth & Development Office",2019 to 2022 Johnson Conservative government,,,
https://www.gov.uk/guidance/notarial-and-documentary-services-guide-for-indonesia,Indonesia: notarial and document services guide,detailed_guide,5e16e58e-7631-11e4-a3cb-005056011aef,en,whitehall,2013-04-21T23:00:00.000Z,2025-04-11T11:09:49.000Z,,,7,"British embassy or high commission in Indonesia,British nationals overseas,Going and being abroad,British embassy or high commission ,UK help and services in Indonesia,GOV.UK homepage,Help and services around the world","Foreign, Commonwealth & Development Office","Foreign, Commonwealth & Development Office",2010 to 2015 Conservative and Liberal Democrat coalition government,,,
https://www.gov.uk/guidance/passenger-consumer-rights-when-travelling-to-the-eu,Passenger consumer rights when travelling to the EU,detailed_guide,3330769f-8ed3-4933-b3a2-c68b98b79955,en,whitehall,2020-12-31T23:01:07.000Z,2020-12-31T23:01:07.000Z,,,7,"Consumer rights and issues,Going and being abroad,Consumer protection,GOV.UK homepage,Business regulation,Travel abroad,Business and industry",Department for Transport,Department for Transport,2019 to 2022 Johnson Conservative government,,,
https://www.gov.uk/guidance/foreign-commonwealth-development-office-fcdo-consular-information-disclaimer,"Foreign, Commonwealth and Development Office (FCDO) consular information: disclaimer",detailed_guide,f415dc97-4bdd-4389-980d-0814106630e1,en,whitehall,2022-07-26T23:00:00.000Z,2023-01-12T15:37:07.000Z,,,7,"Travel abroad,Living abroad,British nationals overseas,Going and being abroad,GOV.UK homepage","Foreign, Commonwealth & Development Office","Foreign, Commonwealth & Development Office",2019 to 2022 Johnson Conservative government,,,
https://www.gov.uk/guidance/living-in-algeria,Living in Algeria,detailed_guide,525541c1-af8d-430f-9d90-a35b8b029cb7,en,whitehall,2024-02-14T00:00:00.000Z,2025-07-24T11:24:02.000Z,,,7,"Going and being abroad,Living abroad,British nationals overseas,GOV.UK homepage","Foreign, Commonwealth & Development Office","Foreign, Commonwealth & Development Office",2022 to 2024 Sunak Conservative government,,,
https://www.gov.uk/guidance/living-in-the-dominican-republic,Living in the Dominican Republic,detailed_guide,5ee3b810-7631-11e4-a3cb-005056011aef,en,whitehall,2013-11-20T00:00:00.000Z,2024-02-13T19:31:29.000Z,,,7,"Living in Dominican Republic,Help and services around the world,Going and being abroad,UK help and services in Dominican Republic,Dominican Republic,Living abroad,Countries (Living In),North and Central America and the Caribbean,British nationals overseas,GOV.UK homepage","Foreign, Commonwealth & Development Office","Foreign, Commonwealth & Development Office",2010 to 2015 Conservative and Liberal Democrat coalition government,,,
https://www.gov.uk/guidance/living-in-estonia,Living in Estonia,detailed_guide,5ebf76a9-7631-11e4-a3cb-005056011aef,en,whitehall,2013-11-11T00:00:00.000Z,2025-12-11T13:38:51.000Z,,,7,"UK help and services in Estonia,Going and being abroad,Help and services around the world,Living in Estonia,GOV.UK homepage,British nationals overseas,Living abroad","Foreign, Commonwealth & Development Office","Foreign, Commonwealth & Development Office",2010 to 2015 Conservative and Liberal Democrat coalition government,,,
https://www.gov.uk/guidance/adoption-in-the-philippines,Adoption in the Philippines,detailed_guide,5e120f41-7631-11e4-a3cb-005056011aef,en,whitehall,2013-04-11T15:18:00.000Z,2016-08-12T03:28:26.000Z,,,7,"Going and being abroad,Asia,Countries (Living In),Phillippines","Foreign, Commonwealth & Development Office","Foreign, Commonwealth & Development Office",2010 to 2015 Conservative and Liberal Democrat coalition government,,,
https://www.gov.uk/guidance/living-in-lebanon,Living in Lebanon,detailed_guide,5ef82915-7631-11e4-a3cb-005056011aef,en,whitehall,2025-07-14T23:00:00.000Z,2024-08-05T10:05:33.000Z,,,7,"Living abroad,GOV.UK homepage,Lebanon,Going and being abroad,Health and social care,COVID-19,Countries (Living In),Middle East,Living in Lebanon,UK help and services in Lebanon,Help and services around the world","Foreign, Commonwealth & Development Office","Foreign, Commonwealth & Development Office",2024 Starmer Labour government,,,
https://www.gov.uk/guidance/healthcare-in-lithuania,Healthcare for UK nationals living in Lithuania,detailed_guide,5703283a-5a31-445c-aea8-6d1e5a29947d,en,whitehall,2019-09-22T23:00:00.000Z,2021-10-21T15:29:28.000Z,,,6,"Help and services around the world,British nationals overseas,UK help and services in Lithuania,Living abroad,Living in Lithuania,GOV.UK homepage,Brexit,Health and social care,Government,Going and being abroad",Department of Health and Social Care,"Department of Health and Social Care,Foreign, Commonwealth & Development Office",2019 to 2022 Johnson Conservative government,,,
https://www.gov.uk/guidance/when-someone-dies-in-new-zealand,When someone dies in New Zealand,detailed_guide,2771827e-2f0f-421b-8c33-33dd2f2e7412,en,whitehall,2026-02-10T10:18:24.000Z,2026-02-10T10:18:24.000Z,,,6,"Death and bereavement,British nationals overseas,Going and being abroad,Living abroad,Life circumstances,Travel abroad,GOV.UK homepage","Foreign, Commonwealth & Development Office","Foreign, Commonwealth & Development Office",2024 Starmer Labour government,,,
https://www.gov.uk/guidance/living-in-the-bahamas,Living in The Bahamas,detailed_guide,ec39a120-2b30-4d53-b017-729ef9b707a3,en,whitehall,2016-06-02T23:00:00.000Z,2016-06-02T23:00:00.000Z,,,6,"Going and being abroad,Travel abroad,British nationals overseas,GOV.UK homepage,Living abroad,Living in Bahamas,UK help and services in Bahamas,Help and services around the world,Countries (Living In),North and Central America and the Caribbean","Foreign, Commonwealth & Development Office","Foreign, Commonwealth & Development Office",2015 to 2016 Cameron Conservative government,,,
https://www.gov.uk/guidance/healthcare-in-switzerland,Healthcare for UK nationals living in Switzerland,detailed_guide,6a8efbe9-596c-4a9c-846b-097484034e07,en,whitehall,2019-09-22T23:00:00.000Z,2021-11-01T00:00:00.000Z,,,6,"GOV.UK homepage,Government,Going and being abroad,British nationals overseas,Brexit,Living in Switzerland,Health and social care,Living abroad,Help and services around the world,UK help and services in Switzerland",Department of Health and Social Care,"Department of Health and Social Care,Foreign, Commonwealth & Development Office",2019 to 2022 Johnson Conservative government,,,
https://www.gov.uk/guidance/living-in-fiji--2,Living in Fiji,detailed_guide,5efa0f40-7631-11e4-a3cb-005056011aef,en,whitehall,2014-01-22T00:00:00.000Z,2023-03-28T08:40:12.000Z,,,6,"Antarctica, Australia and Oceania,UK help and services in Fiji,Living in Fiji,British nationals overseas,Living abroad,Countries (Living In),Fiji,Going and being abroad,GOV.UK homepage,Help and services around the world","Foreign, Commonwealth & Development Office","Foreign, Commonwealth & Development Office",2010 to 2015 Conservative and Liberal Democrat coalition government,,,
https://www.gov.uk/guidance/living-in-taiwan,Living in Taiwan,detailed_guide,5ebae8ea-7631-11e4-a3cb-005056011aef,en,whitehall,2013-10-30T00:00:00.000Z,2024-08-20T15:42:03.000Z,,,6,"Living in Taiwan,Living abroad,Countries (Living In),UK help and services in Taiwan,GOV.UK homepage,Going and being abroad,British nationals overseas,Help and services around the world,Taiwan,Asia","Foreign, Commonwealth & Development Office","Foreign, Commonwealth & Development Office,Foreign & Commonwealth Office",2010 to 2015 Conservative and Liberal Democrat coalition government,,,
https://www.gov.uk/guidance/when-someone-dies-in-china,When someone dies in China,detailed_guide,b7779e89-5034-45fb-92e0-4a8c59c3b784,en,whitehall,2025-12-31T03:27:00.000Z,2025-12-31T03:27:00.000Z,,,6,"GOV.UK homepage,Going and being abroad,British nationals overseas,Death and bereavement,Life circumstances","Foreign, Commonwealth & Development Office","Foreign, Commonwealth & Development Office",2024 Starmer Labour government,,,
https://www.gov.uk/guidance/arrested-or-in-prison-in-qatar,Arrested or in prison in Qatar ,detailed_guide,2ef8bc50-1013-4a64-8b23-c87ae8c3ac2c,en,whitehall,2025-03-13T00:00:00.000Z,2025-09-02T05:52:32.000Z,,,6,"UK help and services in Qatar,Travel abroad,Going and being abroad,Help and services around the world,Emergency help for British nationals,British nationals overseas,Emergency help for British nationals in Qatar,GOV.UK homepage,Living abroad","Foreign, Commonwealth & Development Office","Foreign, Commonwealth & Development Office",2024 Starmer Labour government,,,
https://www.gov.uk/guidance/living-in-ecuador,Living in Ecuador,detailed_guide,5e2b0bcb-7631-11e4-a3cb-005056011aef,en,whitehall,2013-05-02T23:00:00.000Z,2026-02-03T15:56:20.000Z,,,6,"Going and being abroad,Travel abroad,UK help and services in Ecuador,Living in Ecuador,GOV.UK homepage,Help and services around the world,Living abroad,British nationals overseas","Foreign, Commonwealth & Development Office","Foreign, Commonwealth & Development Office",2010 to 2015 Conservative and Liberal Democrat coalition government,,,
https://www.gov.uk/guidance/travel-to-lithuania-for-work,Travel to Lithuania for work,detailed_guide,dc3ad6d6-7fac-4dc3-aa1c-aad837650bb3,en,whitehall,2021-06-10T23:00:00.000Z,2024-04-15T09:24:02.000Z,,,6,"GOV.UK homepage,Work,Going and being abroad,Business and industry,Travel abroad,Living abroad",Department for Business and Trade,Department for Business and Trade,2019 to 2022 Johnson Conservative government,,,
https://www.gov.uk/guidance/healthcare-in-iceland,Healthcare for UK nationals living in Iceland,detailed_guide,1aa14f75-d2ea-48b7-b293-0d4ad9bb32bd,en,whitehall,2019-09-22T23:00:00.000Z,2024-01-15T12:07:27.000Z,,,6,"Brexit,Health and social care,Government,GOV.UK homepage,Help and services around the world,Going and being abroad,British nationals overseas,Living abroad,UK help and services in Iceland,Living in Iceland",Department of Health and Social Care,"Department of Health and Social Care,Foreign, Commonwealth & Development Office",2019 to 2022 Johnson Conservative government,,,
https://www.gov.uk/guidance/arrested-or-in-prison-in-austria,Arrested or in prison in Austria,detailed_guide,50f779c6-d03c-4d1b-8883-7c7ccbf6ecbe,en,whitehall,2025-11-25T13:11:51.000Z,2025-11-25T13:11:51.000Z,,,6,"Going and being abroad,Emergency help for British nationals,Emergency help for British nationals in Austria,Living abroad,British nationals overseas,UK help and services in Austria,GOV.UK homepage,Help and services around the world,Travel abroad","Foreign, Commonwealth & Development Office","Foreign, Commonwealth & Development Office",2024 Starmer Labour government,,,
https://www.gov.uk/guidance/tonga-information-for-victims-of-rape-and-sexual-assault,Tonga: information for victims of rape and sexual assault,detailed_guide,3302e2fe-ca48-4b03-9f7a-3bb94fec5c6a,en,whitehall,2023-10-08T23:00:00.000Z,2023-10-08T23:00:00.000Z,,,,"Crime, justice and law,GOV.UK homepage,British nationals overseas,Going and being abroad,Travel abroad,Victims of crime,Living abroad","Foreign, Commonwealth & Development Office","Foreign, Commonwealth & Development Office",2022 to 2024 Sunak Conservative government,,,
https://www.gov.uk/guidance/exceptional-assistance-measures-for-british-victims-of-terrorist-incidents-abroad,Exceptional Assistance Measures for British nationals affected by terrorist incidents abroad,detailed_guide,efb8326e-6ce2-407c-acc3-84b1a0cb46d6,en,whitehall,2016-12-09T15:16:00.000Z,2016-12-30T14:10:17.000Z,,,,"Going and being abroad,British nationals overseas,GOV.UK homepage,Countries (Living In)",Foreign & Commonwealth Office,"Foreign & Commonwealth Office,Foreign, Commonwealth & Development Office",2016 to 2019 May Conservative government,,,
https://www.gov.uk/guidance/russia-information-for-victims-of-rape-and-sexual-assault,Russia: information for victims of rape and sexual assault,detailed_guide,74bc9caa-49ca-437f-87d7-c1304335741c,en,whitehall,2020-06-03T23:00:00.000Z,2025-12-04T12:35:36.000Z,,,,"Emergency help for British nationals,GOV.UK homepage,Living abroad,Going and being abroad,UK help and services in Russia,Help and services around the world,Emergency help for British nationals in Russia,Travel abroad,British nationals overseas","Foreign, Commonwealth & Development Office","Foreign, Commonwealth & Development Office",2019 to 2022 Johnson Conservative government,,,
https://www.gov.uk/guidance/pyeongchang-2018-winter-olympics-and-paralympics,Pyeongchang 2018 Winter Olympics and Paralympics,detailed_guide,ae603c45-c25a-45d8-aacc-542766eb5fa7,en,whitehall,2017-10-30T03:41:00.000Z,2017-10-30T03:41:00.000Z,,,,"British nationals overseas,Going and being abroad,GOV.UK homepage,Countries (Living In)",Foreign & Commonwealth Office,Foreign & Commonwealth Office,2016 to 2019 May Conservative government,,,
https://www.gov.uk/guidance/when-someone-dies-in-st-vincent-and-the-grenadines,When someone dies in St Vincent and the Grenadines,detailed_guide,292c627e-07e2-4c11-b372-401a08b54516,en,whitehall,2023-06-01T23:00:00.000Z,2026-01-05T10:47:06.000Z,,,,"Death and bereavement,UK help and services in St Vincent and The Grenadines,Life circumstances,Birth, death and marriage abroad ,Going and being abroad,Help and services around the world,Birth, death and marriage abroad in St Vincent and The Grenadines,Living abroad,British nationals overseas,GOV.UK homepage,Travel abroad,Emergency help for British nationals,Emergency help for British nationals in St Vincent and The Grenadines","Foreign, Commonwealth & Development Office","Foreign, Commonwealth & Development Office",2022 to 2024 Sunak Conservative government,,,
https://www.gov.uk/guidance/information-on-deaths-involving-british-nationals-in-nepal,Information on deaths involving British Nationals in Nepal,detailed_guide,5e39e832-7631-11e4-a3cb-005056011aef,en,whitehall,2021-09-05T23:00:00.000Z,2021-09-05T23:00:00.000Z,,,,"Society and culture,GOV.UK homepage,Going and being abroad,Community and society,British nationals overseas,Living abroad",Foreign & Commonwealth Office,"Foreign & Commonwealth Office,Foreign, Commonwealth & Development Office",2019 to 2022 Johnson Conservative government,,,
https://www.gov.uk/guidance/solomon-islands-information-for-victims-of-rape-and-sexual-assault,Solomon Islands: information for victims of rape and sexual assault,detailed_guide,32098b5e-eb2f-4cbc-b517-44fc3ad6ce5c,en,whitehall,2023-09-20T23:00:00.000Z,2023-09-20T23:00:00.000Z,,,,"Emergency help for British nationals,Travel abroad,GOV.UK homepage,British nationals overseas,UK help and services in Solomon Islands,Going and being abroad,Emergency help for British nationals in Solomon Islands,Living abroad,Help and services around the world","Foreign, Commonwealth & Development Office","Foreign, Commonwealth & Development Office",2022 to 2024 Sunak Conservative government,,,
https://www.gov.uk/guidance/travel-to-latvia-for-work,Travel to Latvia for work,detailed_guide,a54ed343-0dea-4611-9c1e-d00d84092b5e,en,whitehall,2021-06-16T23:00:00.000Z,2024-04-15T09:25:47.000Z,,,,"Living abroad,GOV.UK homepage,Business and industry,Going and being abroad,Work,Travel abroad",Department for Business and Trade,Department for Business and Trade,2019 to 2022 Johnson Conservative government,,,
https://www.gov.uk/guidance/healthcare-in-hungary,Healthcare for UK nationals living in Hungary,detailed_guide,5689d46a-2de2-43a6-82c0-46a578adc6e1,en,whitehall,2019-09-22T23:00:00.000Z,2022-01-05T15:42:13.000Z,,,,"Health and social care,UK help and services in Hungary,GOV.UK homepage,Living abroad,Brexit,Government,Help and services around the world,British nationals overseas,Living in Hungary,Going and being abroad",Department of Health and Social Care,"Department of Health and Social Care,Foreign, Commonwealth & Development Office",2019 to 2022 Johnson Conservative government,,,
https://www.gov.uk/guidance/when-someone-dies-in-ecuador,When someone dies in Ecuador,detailed_guide,84668205-6bd9-4ced-ae38-47ac067dae1d,en,whitehall,2025-04-13T23:00:00.000Z,2025-04-13T23:00:00.000Z,,,,"Emergency help for British nationals in Ecuador,GOV.UK homepage,Death and bereavement,Living abroad,Life circumstances,Going and being abroad,Help and services around the world,Birth, death and marriage abroad in Ecuador,British nationals overseas,Emergency help for British nationals,Birth, death and marriage abroad ,UK help and services in Ecuador,Travel abroad","Foreign, Commonwealth & Development Office","Foreign, Commonwealth & Development Office",2024 Starmer Labour government,,,
https://www.gov.uk/guidance/when-someone-dies-in-andorra,When someone dies in Andorra,detailed_guide,3a1f907e-aba2-4fb2-a77f-46e748d7eab7,en,whitehall,2025-12-10T09:53:00.000Z,2026-02-06T09:12:40.000Z,,,,"Emergency help for British nationals,Birth, death and marriage abroad ,British nationals overseas,Emergency help for British nationals in Andorra,Living abroad,Living in Andorra,UK help and services in Andorra,Death and bereavement,Going and being abroad,GOV.UK homepage,Help and services around the world,Life circumstances,Birth, death and marriage abroad in Andorra,Travel abroad","Foreign, Commonwealth & Development Office","Foreign, Commonwealth & Development Office",2024 Starmer Labour government,,,
https://www.gov.uk/guidance/tokelau-information-for-victims-of-rape-and-sexual-assault,Tokelau: information for victims of rape and sexual assault,detailed_guide,0bee3c56-7b59-4122-b083-49bede21d2c9,en,whitehall,2023-10-09T23:00:00.000Z,2023-10-09T23:00:00.000Z,,,,"Victims of crime,GOV.UK homepage,British nationals overseas,Living abroad,Travel abroad,Going and being abroad,Crime, justice and law","Foreign, Commonwealth & Development Office","Foreign, Commonwealth & Development Office",2022 to 2024 Sunak Conservative government,,,
https://www.gov.uk/guidance/tuvalu-information-for-victims-of-rape-and-sexual-assault,Tuvalu: information for victims of rape and sexual assault,detailed_guide,83a6a294-e602-44f0-961e-7cb9846f4b88,en,whitehall,2023-10-16T23:00:00.000Z,2023-10-16T23:00:00.000Z,,,,"Going and being abroad,Crime, justice and law,GOV.UK homepage,Victims of crime,British nationals overseas,Travel abroad,Living abroad","Foreign, Commonwealth & Development Office","Foreign, Commonwealth & Development Office",2022 to 2024 Sunak Conservative government,,,
https://www.gov.uk/guidance/when-someone-dies-in-bangladesh,When someone dies in Bangladesh,detailed_guide,b66d78ed-6d8f-4719-b982-19512c32bd9e,en,whitehall,2025-09-04T07:43:28.000Z,2025-09-04T07:43:28.000Z,,,,"Birth, death and marriage abroad in Bangladesh,Birth, death and marriage abroad ,Travel abroad,Help and services around the world,GOV.UK homepage,Living abroad,British nationals overseas,UK help and services in Bangladesh,Going and being abroad","Foreign, Commonwealth & Development Office","Foreign, Commonwealth & Development Office",2024 Starmer Labour government,,,
https://www.gov.uk/guidance/healthcare-in-the-czech-republic,Healthcare for UK nationals living in Czechia,detailed_guide,01fdef78-09a9-456f-a46d-a3ffe0f72989,en,whitehall,2019-09-22T23:00:00.000Z,2021-10-19T13:32:26.000Z,,,,"Government,British nationals overseas,Health and social care,Help and services around the world,GOV.UK homepage,Living abroad,UK help and services in Czechia,Going and being abroad,Living in Czechia,Brexit",Department of Health and Social Care,"Department of Health and Social Care,Foreign, Commonwealth & Development Office",2019 to 2022 Johnson Conservative government,,,
https://www.gov.uk/guidance/healthcare-in-finland,Healthcare for UK nationals living in Finland,detailed_guide,805c16ce-8d3e-4bef-80a5-c5b4365114ab,en,whitehall,2019-09-22T23:00:00.000Z,2021-10-19T13:33:51.000Z,,,,"British nationals overseas,Health and social care,Living in Finland,Living abroad,Brexit,GOV.UK homepage,Going and being abroad,UK help and services in Finland,Help and services around the world,Government",Department of Health and Social Care,"Department of Health and Social Care,Foreign, Commonwealth & Development Office",2019 to 2022 Johnson Conservative government,,,
https://www.gov.uk/guidance/what-to-do-after-a-british-person-dies-in-barbados,When someone dies in Barbados,detailed_guide,d509cd8b-ce50-455c-a8a5-333b3a804b3a,en,whitehall,2022-11-16T00:00:00.000Z,2026-01-05T10:47:58.000Z,,,,"Help and services around the world,Birth, death and marriage abroad in Barbados,Travel abroad,Emergency help for British nationals in Barbados,Birth, death and marriage abroad ,Death registration disclosure,Life circumstances,Death and bereavement,Going and being abroad,UK help and services in Barbados,GOV.UK homepage,British nationals overseas,Emergency help for British nationals,Living abroad","Foreign, Commonwealth & Development Office","Foreign, Commonwealth & Development Office",2022 to 2024 Sunak Conservative government,,,
https://www.gov.uk/guidance/when-someone-dies-in-cote-divoire,When someone dies in Côte d’Ivoire,detailed_guide,c7564517-b6b3-4b99-8455-4abc41580862,en,whitehall,2025-11-17T06:10:15.000Z,2025-11-17T06:10:15.000Z,,,,"Help and services around the world,Living abroad,Life circumstances,Death and bereavement,Birth, death and marriage abroad ,UK help and services in Cote d’Ivoire,Going and being abroad,GOV.UK homepage,British nationals overseas,Living in Cote d’Ivoire,Travel abroad,Birth, death and marriage abroad in Cote d’Ivoire","Foreign, Commonwealth & Development Office","Foreign, Commonwealth & Development Office",2024 Starmer Labour government,,,
https://www.gov.uk/guidance/what-to-do-after-a-british-person-dies-in-malawi,When someone dies in Malawi,detailed_guide,76c372ad-acf6-4c77-b638-a8b7eacef120,en,whitehall,2022-10-12T23:00:00.000Z,2022-10-12T23:00:00.000Z,,,,"Emergency help for British nationals in Malawi,GOV.UK homepage,Life circumstances,Emergency help for British nationals,Help and services around the world,UK help and services in Malawi,Birth, death and marriage abroad ,Living abroad,British nationals overseas,Death and bereavement,Going and being abroad,Birth, death and marriage abroad in Malawi,Travel abroad","Foreign, Commonwealth & Development Office","Foreign, Commonwealth & Development Office",2022 Truss Conservative government,,,
https://www.gov.uk/guidance/chad-bereavement-information,Chad: Bereavement information,detailed_guide,e92bcfca-9b38-4ab3-a91d-4af029c8a914,en,whitehall,2023-12-13T10:40:23.000Z,2023-12-13T10:40:23.000Z,,,,"Travel abroad,British nationals overseas,Living abroad,GOV.UK homepage,Passports,Going and being abroad","Foreign, Commonwealth & Development Office","Foreign, Commonwealth & Development Office",2022 to 2024 Sunak Conservative government,,,
https://www.gov.uk/guidance/when-someone-dies-in-suriname,When someone dies in Suriname,detailed_guide,b12515ed-ff53-4bd6-a895-2487fb940985,en,whitehall,2023-06-01T23:00:00.000Z,2025-01-20T08:26:18.000Z,,,,"Going and being abroad,UK help and services in Suriname,GOV.UK homepage,Birth, death and marriage abroad ,Emergency help for British nationals in Suriname,Help and services around the world,Birth, death and marriage abroad in Suriname,Death and bereavement,Life circumstances,Emergency help for British nationals","Foreign, Commonwealth & Development Office","Foreign, Commonwealth & Development Office",2022 to 2024 Sunak Conservative government,,,
https://www.gov.uk/guidance/healthcare-in-croatia,Healthcare for UK nationals living in Croatia,detailed_guide,cc33bb0e-e6aa-4d04-9e5d-18114546ebae,en,whitehall,2019-09-22T23:00:00.000Z,2024-04-29T12:04:46.000Z,,,,"Help and services around the world,British nationals overseas,Brexit,UK help and services in Croatia,Going and being abroad,GOV.UK homepage,Government,Living abroad,Living in Croatia,Health and social care",Department of Health and Social Care,"Department of Health and Social Care,Foreign, Commonwealth & Development Office",2019 to 2022 Johnson Conservative government,,,
https://www.gov.uk/guidance/what-to-do-after-a-british-person-dies-in-the-dominican-republic,When someone dies in the Dominican Republic,detailed_guide,10262585-edf7-4a57-b4b3-b869431df2d2,en,whitehall,2022-10-03T23:00:00.000Z,2025-10-07T12:27:50.000Z,,,,"Going and being abroad,UK help and services in Dominican Republic,Emergency help for British nationals,Birth, death and marriage abroad in Dominican Republic,Living abroad,Birth, death and marriage abroad ,Emergency help for British nationals in Dominican Republic,British nationals overseas,GOV.UK homepage,Help and services around the world","Foreign, Commonwealth & Development Office","Foreign, Commonwealth & Development Office",2022 Truss Conservative government,,,
https://www.gov.uk/guidance/information-for-uk-nationals-affected-by-domestic-abuse-in-georgia,Information for UK nationals affected by domestic abuse in Georgia,detailed_guide,82692dcd-0608-4bf4-b458-47ce580c3d31,en,whitehall,2025-10-13T12:33:38.000Z,2025-10-13T12:33:38.000Z,,,,"Living in Georgia,British nationals overseas,Living abroad,Travel abroad,Travelling to Georgia,Travelling abroad,GOV.UK homepage,Going and being abroad,Help and services around the world,UK help and services in Georgia","Foreign, Commonwealth & Development Office","Foreign, Commonwealth & Development Office",2024 Starmer Labour government,,,
https://www.gov.uk/guidance/when-someone-dies-in-benin,When someone dies in Benin,detailed_guide,d23b6799-0d5b-4951-990e-cfab989087f2,en,whitehall,2025-02-28T14:19:44.000Z,2025-02-28T14:19:44.000Z,,,,"Life circumstances,Travel abroad,Birth, death and marriage abroad ,Going and being abroad,Birth, death and marriage abroad in Benin,Emergency help for British nationals in Benin,Emergency help for British nationals,Help and services around the world,UK help and services in Benin,British nationals overseas,Death and bereavement,Living abroad,GOV.UK homepage","Foreign, Commonwealth & Development Office","Foreign, Commonwealth & Development Office",2024 Starmer Labour government,,,
https://www.gov.uk/guidance/change-of-name-guidance-for-uk-nationals-in-italy,Change of name: guidance for UK nationals in Italy,detailed_guide,7c029e7d-c57d-4021-b0dd-7dd6e204930a,en,whitehall,2022-02-11T00:00:00.000Z,2022-02-11T00:00:00.000Z,,,,"Government,European Union laws and regulation,Certificates, register offices, changes of name or gender,Europe,Going and being abroad,Life circumstances,Living abroad,GOV.UK homepage,Passports,British nationals overseas","Foreign, Commonwealth & Development Office","Foreign, Commonwealth & Development Office",2019 to 2022 Johnson Conservative government,,,
https://www.gov.uk/guidance/when-someone-dies-in-grenada,When someone dies in Grenada,detailed_guide,7f8d5156-175d-459a-a529-74e3358658a3,en,whitehall,2023-05-25T23:00:00.000Z,2026-01-05T10:45:02.000Z,,,,"Help and services around the world,Going and being abroad,Death and bereavement,UK help and services in Grenada,Birth, death and marriage abroad in Grenada,Birth, death and marriage abroad ,British nationals overseas,Emergency help for British nationals,Living abroad,Life circumstances,Travel abroad,Emergency help for British nationals in Grenada,GOV.UK homepage","Foreign, Commonwealth & Development Office","Foreign, Commonwealth & Development Office",2022 to 2024 Sunak Conservative government,,,
https://www.gov.uk/guidance/healthcare-in-latvia,Healthcare for UK nationals living in Latvia,detailed_guide,88b13ec0-5efa-4ac7-9144-5288369758fd,en,whitehall,2019-09-22T23:00:00.000Z,2021-10-21T15:29:21.000Z,,,,"Going and being abroad,UK help and services in Latvia,Government,Living in Latvia,Health and social care,Living abroad,Brexit,GOV.UK homepage,British nationals overseas,Help and services around the world",Department of Health and Social Care,"Department of Health and Social Care,Foreign, Commonwealth & Development Office",2019 to 2022 Johnson Conservative government,,,
https://www.gov.uk/guidance/arrested-or-in-prison-in-venezuela,Arrested or in prison in Venezuela,detailed_guide,81af355a-97cb-4544-9fe7-ec524ba4b16a,en,whitehall,2025-09-22T14:59:03.000Z,2025-09-22T14:59:03.000Z,,,,"Help and services around the world,Emergency help for British nationals in Venezuela,GOV.UK homepage,Going and being abroad,British nationals overseas,Emergency help for British nationals,UK help and services in Venezuela","Foreign, Commonwealth & Development Office","Foreign, Commonwealth & Development Office",2024 Starmer Labour government,,,
https://www.gov.uk/guidance/when-someone-dies-in-albania,When someone dies in Albania,detailed_guide,64758367-ea71-416e-ad1b-9f6bbff26661,en,whitehall,2025-05-12T13:28:33.000Z,2025-05-12T13:28:33.000Z,,,,"British nationals overseas,Welfare,GOV.UK homepage,Going and being abroad,Health and social care","Foreign, Commonwealth & Development Office","Foreign, Commonwealth & Development Office",2024 Starmer Labour government,,,
https://www.gov.uk/guidance/when-someone-dies-in-tajikistan,When someone dies in Tajikistan,detailed_guide,6d045349-eb28-4fd4-a776-48c7732af85b,en,whitehall,2025-09-17T14:55:49.000Z,2025-09-17T14:55:49.000Z,,,,"British nationals overseas,Emergency help for British nationals,UK help and services in Tajikistan,Living in Tajikistan,Living abroad,Going and being abroad,Death and bereavement,Emergency help for British nationals in Tajikistan,GOV.UK homepage,Travel abroad,Birth, death and marriage abroad ,Help and services around the world,Life circumstances,Birth, death and marriage abroad in Tajikistan","Foreign, Commonwealth & Development Office","Foreign, Commonwealth & Development Office",2024 Starmer Labour government,,,
https://www.gov.uk/guidance/healthcare-in-estonia,Healthcare for UK nationals living in Estonia,detailed_guide,eac74d9e-4b56-48b8-84d9-82cdb855d303,en,whitehall,2019-09-22T23:00:00.000Z,2021-10-19T13:33:23.000Z,,,,"Health and social care,Help and services around the world,Living abroad,UK help and services in Estonia,Going and being abroad,Government,British nationals overseas,Brexit,GOV.UK homepage,Living in Estonia",Department of Health and Social Care,"Department of Health and Social Care,Foreign, Commonwealth & Development Office",2019 to 2022 Johnson Conservative government,,,
https://www.gov.uk/guidance/healthcare-in-liechtenstein,Healthcare for UK nationals living in Liechtenstein,detailed_guide,b023fe79-1172-4d39-9aa4-490e66423102,en,whitehall,2019-09-22T23:00:00.000Z,2024-01-15T12:07:30.000Z,,,,"Living in Liechtenstein,Health and social care,Government,Help and services around the world,GOV.UK homepage,British nationals overseas,Living abroad,Going and being abroad,UK help and services in Liechtenstein,Brexit",Department of Health and Social Care,"Department of Health and Social Care,Foreign, Commonwealth & Development Office",2019 to 2022 Johnson Conservative government,,,
https://www.gov.uk/guidance/when-someone-dies-in-haiti,When someone dies in Haiti,detailed_guide,ed94d9db-a590-451d-9d49-f53f429cc525,en,whitehall,2023-06-01T23:00:00.000Z,2025-10-07T12:26:45.000Z,,,,"Passports,Emergency help for British nationals in Haiti,GOV.UK homepage,Death and bereavement,Life circumstances,British nationals overseas,Birth, death and marriage abroad in Haiti,UK help and services in Haiti,Help and services around the world,Birth, death and marriage abroad ,Emergency help for British nationals,Going and being abroad,Travel abroad","Foreign, Commonwealth & Development Office","Foreign, Commonwealth & Development Office",2022 to 2024 Sunak Conservative government,,,
https://www.gov.uk/guidance/bereavement-information-egypt-murder-manslaughter-and-suspicious-deaths,"Egypt bereavement information: murder, manslaughter, and suspicious deaths",detailed_guide,35691708-9e42-46a0-8541-dc94f0b70579,en,whitehall,2017-05-08T06:38:00.000Z,2017-05-08T06:38:00.000Z,,,,"Travel abroad,Life circumstances,Living abroad,Death and bereavement,Going and being abroad,GOV.UK homepage,British nationals overseas",Foreign & Commonwealth Office,"Foreign & Commonwealth Office,Foreign, Commonwealth & Development Office",2016 to 2019 May Conservative government,,,
https://www.gov.uk/guidance/when-someone-dies-in-the-bahamas,When someone dies in The Bahamas,detailed_guide,40697ba1-5a37-4094-a073-4120ad802a76,en,whitehall,2023-05-26T13:04:56.000Z,2023-05-26T13:04:56.000Z,,,,"Life circumstances,Emergency help for British nationals in Bahamas,Travel abroad,Going and being abroad,UK help and services in Bahamas,Death and bereavement,Birth, death and marriage abroad in Bahamas,Emergency help for British nationals,British nationals overseas,Living abroad,Help and services around the world,Birth, death and marriage abroad ,GOV.UK homepage","Foreign, Commonwealth & Development Office","Foreign, Commonwealth & Development Office",2022 to 2024 Sunak Conservative government,,,
https://www.gov.uk/guidance/what-to-do-after-a-british-person-dies-in-malaysia,When someone dies in Malaysia,detailed_guide,9f55bfba-37d0-485e-a9bb-1102f114e30b,en,whitehall,2022-11-02T00:00:00.000Z,2022-11-02T00:00:00.000Z,,,,"Help and services around the world,Emergency help for British nationals in Malaysia,Death and bereavement,British nationals overseas,Travel abroad,Birth, death and marriage abroad ,Living abroad,GOV.UK homepage,Life circumstances,UK help and services in Malaysia,Birth, death and marriage abroad in Malaysia,Going and being abroad,Emergency help for British nationals","Foreign, Commonwealth & Development Office","Foreign, Commonwealth & Development Office",2022 to 2024 Sunak Conservative government,,,
https://www.gov.uk/guidance/when-someone-dies-in-montenegro,When someone dies in Montenegro,detailed_guide,74f8c3b3-8b36-4beb-8051-41b9d872b224,en,whitehall,2025-06-01T23:00:00.000Z,2025-06-01T23:00:00.000Z,,,,"Birth, death and marriage abroad in Montenegro,GOV.UK homepage,Life circumstances,Emergency help for British nationals,Living abroad,Help and services around the world,Travel abroad,Emergency help for British nationals in Montenegro,Birth, death and marriage abroad ,Going and being abroad,British nationals overseas,UK help and services in Montenegro,Death and bereavement","Foreign, Commonwealth & Development Office","Foreign, Commonwealth & Development Office",2024 Starmer Labour government,,,
https://www.gov.uk/guidance/adoption-in-singapore,Adoption in Singapore,detailed_guide,3e050b28-e242-4557-863e-01352fa19ec3,en,whitehall,2021-05-24T23:00:00.000Z,2025-06-05T08:57:36.000Z,,,,"Birth, death and marriage abroad ,Birth, death and marriage abroad in Singapore,British nationals overseas,Going and being abroad,Help and services around the world,GOV.UK homepage,UK help and services in Singapore","Foreign, Commonwealth & Development Office","Foreign, Commonwealth & Development Office",2019 to 2022 Johnson Conservative government,,,
https://www.gov.uk/guidance/when-someone-dies-in-papua-new-guinea,When someone dies in Papua New Guinea,detailed_guide,ac32b547-6ae0-4af8-b767-b73d78a4a67b,en,whitehall,2025-07-11T10:37:17.000Z,2025-07-11T10:37:17.000Z,,,,"British nationals overseas,Life circumstances,GOV.UK homepage,Going and being abroad,Death and bereavement","Foreign, Commonwealth & Development Office","Foreign, Commonwealth & Development Office",2024 Starmer Labour government,,,
https://www.gov.uk/guidance/when-someone-dies-in-sierra-leone,When someone dies in Sierra Leone,detailed_guide,aae36487-ef61-4255-84c5-c63dca7a7671,en,whitehall,2025-07-02T10:31:45.000Z,2025-07-02T10:31:45.000Z,,,,"Birth, death and marriage abroad in Sierra Leone,Going and being abroad,GOV.UK homepage,Travel abroad,British nationals overseas,Death and bereavement,Life circumstances,Birth, death and marriage abroad ,Living in Sierra Leone,Help and services around the world,UK help and services in Sierra Leone,Living abroad","Foreign, Commonwealth & Development Office","Foreign, Commonwealth & Development Office",2024 Starmer Labour government,,,
https://www.gov.uk/guidance/what-to-do-after-a-british-person-dies-in-uganda,When someone dies in Uganda,detailed_guide,0e51ed87-9340-483c-bb6a-2abc94d07be2,en,whitehall,2024-04-09T23:00:00.000Z,2024-10-18T15:05:59.000Z,,,,"Birth, death and marriage abroad ,GOV.UK homepage,Life circumstances,Going and being abroad,Living abroad,Death and bereavement,Help and services around the world,Birth, death and marriage abroad in Uganda,Living in Uganda,UK help and services in Uganda","Foreign, Commonwealth & Development Office","Foreign, Commonwealth & Development Office",2022 to 2024 Sunak Conservative government,,,
https://www.gov.uk/guidance/republic-of-marshall-islands-information-for-victims-of-rape-and-sexual-assault,Republic of Marshall Islands: information for victims of rape and sexual assault,detailed_guide,f6074181-c735-4913-bdd8-0883310b1f0c,en,whitehall,2023-10-08T23:00:00.000Z,2023-10-08T23:00:00.000Z,,,,"British nationals overseas,Living abroad,GOV.UK homepage,Crime, justice and law,Going and being abroad,Victims of crime,Travel abroad","Foreign, Commonwealth & Development Office","Foreign, Commonwealth & Development Office",2022 to 2024 Sunak Conservative government,,,
https://www.gov.uk/guidance/mental-health-support-for-british-nationals-in-oman,Mental health support for British nationals in Oman,detailed_guide,29d82d5c-108c-4323-9a6d-932658f1b153,en,whitehall,2025-08-25T09:39:58.000Z,2025-08-25T09:39:58.000Z,,,,"Travel abroad,Public health,Mental health,Health and social care,Living abroad,Going and being abroad,British nationals overseas,International,GOV.UK homepage","Foreign, Commonwealth & Development Office","Foreign, Commonwealth & Development Office",2024 Starmer Labour government,,,
https://www.gov.uk/guidance/when-someone-dies-in-st-lucia,When someone dies in St Lucia,detailed_guide,f68c36da-4ef6-4e31-a06a-7d4eb4010343,en,whitehall,2023-05-25T23:00:00.000Z,2026-01-05T10:46:12.000Z,,,,"Birth, death and marriage abroad in St Lucia,UK help and services in St Lucia,Death and bereavement,Birth, death and marriage abroad ,Life circumstances,Living abroad,Emergency help for British nationals,Going and being abroad,GOV.UK homepage,Help and services around the world,British nationals overseas,Emergency help for British nationals in St Lucia,Travel abroad","Foreign, Commonwealth & Development Office","Foreign, Commonwealth & Development Office",2022 to 2024 Sunak Conservative government,,,
https://www.gov.uk/guidance/when-someone-dies-in-kenya,When someone dies in Kenya,detailed_guide,e9cfadee-cc11-4b5e-8bae-9aa6f3ca839c,en,whitehall,2024-05-20T23:00:00.000Z,2024-05-20T23:00:00.000Z,,,,"Living in Kenya,Living abroad,Travel abroad,GOV.UK homepage,British embassy or high commission in Kenya,British embassy or high commission ,Birth, death and marriage abroad in Kenya,UK help and services in Kenya,British nationals overseas,Birth, death and marriage abroad ,Help and services around the world,Going and being abroad","Foreign, Commonwealth & Development Office","Foreign, Commonwealth & Development Office",2022 to 2024 Sunak Conservative government,,,
https://www.gov.uk/guidance/when-someone-dies-in-togo,When someone dies in Togo,detailed_guide,902bcf8d-1f39-4226-9971-d4a26711cde8,en,whitehall,2025-02-28T14:02:29.000Z,2025-02-28T14:02:29.000Z,,,,"Going and being abroad,Living abroad,British nationals overseas,Birth, death and marriage abroad in Togo,Travel abroad,Death and bereavement,Birth, death and marriage abroad ,Emergency help for British nationals in Togo,Life circumstances,UK help and services in Togo,Help and services around the world,Emergency help for British nationals,GOV.UK homepage","Foreign, Commonwealth & Development Office","Foreign, Commonwealth & Development Office",2024 Starmer Labour government,,,
https://www.gov.uk/guidance/living-in-tanzania,Living in Tanzania,detailed_guide,5ee5ea80-7631-11e4-a3cb-005056011aef,en,whitehall,2023-02-16T00:00:00.000Z,2024-05-01T13:47:49.000Z,,,,"Tanzania,Welfare,GOV.UK homepage,Living in Tanzania,UK help and services in Tanzania,British nationals overseas,Africa,Travel abroad,Help and services around the world,Living abroad,Going and being abroad,Countries (Living In)","Foreign, Commonwealth & Development Office","Foreign, Commonwealth & Development Office",2022 to 2024 Sunak Conservative government,,,
https://www.gov.uk/guidance/what-to-do-after-a-british-person-dies-in-nigeria,When someone dies in Nigeria,detailed_guide,e630abff-1d62-4f12-a113-4a35503f4112,en,whitehall,2025-12-16T00:00:00.000Z,2025-12-17T08:06:34.000Z,,,,"Life circumstances,Death and bereavement,Birth, death and marriage abroad in Nigeria,Birth, death and marriage abroad ,UK help and services in Nigeria,Help and services around the world,Going and being abroad,GOV.UK homepage","Foreign, Commonwealth & Development Office","Foreign, Commonwealth & Development Office",2024 Starmer Labour government,,,
https://www.gov.uk/guidance/mental-health-support-for-british-nationals-in-tunisia,Mental health support for British nationals in Tunisia,detailed_guide,9c872113-fd50-47e5-a977-60f0f8693c32,en,whitehall,2025-10-09T14:34:24.000Z,2025-10-09T14:34:24.000Z,,,,"British nationals overseas,UK help and services in Tunisia,Living abroad,Mental health,Going and being abroad,Help and services around the world,Public health,Emergency help for British nationals in Tunisia,Health and social care,Emergency help for British nationals,Travel abroad,GOV.UK homepage","Foreign, Commonwealth & Development Office","Foreign, Commonwealth & Development Office",2024 Starmer Labour government,,,
https://www.gov.uk/guidance/what-to-do-after-a-british-person-dies-in-botswana,When someone dies in Botswana,detailed_guide,cd6e31ef-e2ab-411a-91a8-55c1f93896e0,en,whitehall,2022-10-12T23:00:00.000Z,2022-10-12T23:00:00.000Z,,,,"UK help and services in Botswana,Emergency help for British nationals,Emergency help for British nationals in Botswana,Travel abroad,GOV.UK homepage,Going and being abroad,Help and services around the world,Birth, death and marriage abroad in Botswana,Birth, death and marriage abroad ,Death and bereavement,Living abroad,British nationals overseas,Life circumstances","Foreign, Commonwealth & Development Office","Foreign, Commonwealth & Development Office",2022 Truss Conservative government,,,
https://www.gov.uk/guidance/cook-islands-information-for-victims-of-rape-and-sexual-assault,Cook Islands: information for victims of rape and sexual assault,detailed_guide,0ec946a7-012c-4466-b206-aeb63c957dbf,en,whitehall,2023-09-21T23:00:00.000Z,2023-09-21T23:00:00.000Z,,,,"Travel abroad,Living abroad,GOV.UK homepage,British nationals overseas,Going and being abroad","Foreign, Commonwealth & Development Office","Foreign, Commonwealth & Development Office",2022 to 2024 Sunak Conservative government,,,
https://www.gov.uk/guidance/the-netherlands-mental-health-support-abroad,The Netherlands: mental health support abroad,detailed_guide,cf940910-1aaa-4661-96f1-a56c0fef9ea7,en,whitehall,2025-04-10T13:06:50.000Z,2025-04-10T13:06:50.000Z,,,,"GOV.UK homepage,British embassy or high commission ,Travelling to Netherlands,Living in Netherlands,Help and services around the world,Travelling abroad,Travel abroad,Living abroad,British nationals overseas,Going and being abroad,British embassy or high commission in Netherlands,Emergency help for British nationals in Netherlands,UK help and services in Netherlands,Emergency help for British nationals","Foreign, Commonwealth & Development Office","Foreign, Commonwealth & Development Office",2024 Starmer Labour government,,,
https://www.gov.uk/guidance/when-someone-dies-in-burkina-faso,When someone dies in Burkina Faso,detailed_guide,0e264b24-cb67-4847-a2af-4310d41795f0,en,whitehall,2025-02-28T14:36:26.000Z,2025-02-28T14:36:26.000Z,,,,"Death and bereavement,Birth, death and marriage abroad in Burkina Faso,Going and being abroad,Living abroad,British nationals overseas,Help and services around the world,Travel abroad,Emergency help for British nationals,Birth, death and marriage abroad ,GOV.UK homepage,UK help and services in Burkina Faso,Emergency help for British nationals in Burkina Faso,Life circumstances","Foreign, Commonwealth & Development Office","Foreign, Commonwealth & Development Office",2024 Starmer Labour government,,,
https://www.gov.uk/guidance/brunei-information-for-survivors-of-rape-and-sexual-assault,Brunei: information for victims of rape and sexual assault,detailed_guide,63d1c642-64ff-4fdf-bdc4-89afa5ab3100,en,whitehall,2023-07-17T23:00:00.000Z,2023-07-17T23:00:00.000Z,,,,"Travel abroad,British nationals overseas,Living abroad,Going and being abroad,GOV.UK homepage","Foreign, Commonwealth & Development Office","Foreign, Commonwealth & Development Office",2022 to 2024 Sunak Conservative government,,,
https://www.gov.uk/guidance/getting-married-in-andorra,Getting married in Andorra,detailed_guide,2f8422b2-12c9-451a-b85c-1aac6f63e7b9,en,whitehall,2024-07-18T23:00:00.000Z,2024-11-07T12:00:02.000Z,,,,"Living abroad,British nationals overseas,GOV.UK homepage,Going and being abroad,Travel abroad","Foreign, Commonwealth & Development Office","Foreign, Commonwealth & Development Office",2024 Starmer Labour government,,,
https://www.gov.uk/guidance/nauru-information-for-victims-of-rape-and-sexual-assault,Nauru: information for victims of rape and sexual assault,detailed_guide,d08a16ef-2357-420a-bbf9-dee24df4dbdb,en,whitehall,2023-10-16T23:00:00.000Z,2023-10-16T23:00:00.000Z,,,,"Travel abroad,GOV.UK homepage,Going and being abroad,British nationals overseas,Living abroad,Victims of crime,Crime, justice and law","Foreign, Commonwealth & Development Office","Foreign, Commonwealth & Development Office",2022 to 2024 Sunak Conservative government,,,
https://www.gov.uk/guidance/kiribati-information-for-victims-of-rape-and-sexual-assault,Kiribati: information for victims of rape and sexual assault,detailed_guide,e4736312-46dc-4756-92e9-9edff03dc24a,en,whitehall,2023-09-20T23:00:00.000Z,2023-09-20T23:00:00.000Z,,,,"Going and being abroad,Travel abroad,GOV.UK homepage,British nationals overseas,Living abroad","Foreign, Commonwealth & Development Office","Foreign, Commonwealth & Development Office",2022 to 2024 Sunak Conservative government,,,
https://www.gov.uk/guidance/when-someone-dies-in-the-united-arab-emirates,When someone dies in the United Arab Emirates,detailed_guide,6fd5049c-3a49-4f9b-bea5-5ec5160a7d95,en,whitehall,2023-11-30T00:00:00.000Z,2024-10-17T15:35:11.000Z,,,,"Help and services around the world,Birth, death and marriage abroad in the United Arab Emirates,British nationals overseas,Birth, death and marriage abroad ,Going and being abroad,GOV.UK homepage,UK help and services in the United Arab Emirates","Foreign, Commonwealth & Development Office","Foreign, Commonwealth & Development Office",2022 to 2024 Sunak Conservative government,,,
https://www.gov.uk/guidance/nepal-information-for-victims-of-rape-and-sexual-assault,Nepal: information for victims of rape and sexual assault,detailed_guide,004f7dcd-ea6d-40d0-809c-a10c265eee35,en,whitehall,2025-05-30T23:00:00.000Z,2025-06-10T04:17:31.000Z,,,,"Going and being abroad,British nationals overseas,Travel abroad,Living abroad,GOV.UK homepage",Foreign Compensation Commission,"Foreign Compensation Commission,Foreign, Commonwealth & Development Office",2024 Starmer Labour government,,,
https://www.gov.uk/guidance/living-in-tunisia,Living in Tunisia,detailed_guide,5ef3d4fa-7631-11e4-a3cb-005056011aef,en,whitehall,2013-12-16T00:00:00.000Z,2021-03-05T06:22:05.000Z,,,,"British nationals overseas,Tunisia,GOV.UK homepage,Help and services around the world,Living abroad,Countries (Living In),Going and being abroad,Living in Tunisia,UK help and services in Tunisia,Africa","Foreign, Commonwealth & Development Office","Foreign, Commonwealth & Development Office",2010 to 2015 Conservative and Liberal Democrat coalition government,,,
https://www.gov.uk/guidance/what-to-do-after-a-british-person-dies-in-the-gambia,When someone dies in The Gambia,detailed_guide,8669aeb8-bd40-48c7-8aaa-40e0d346fc55,en,whitehall,2022-10-05T23:00:00.000Z,2024-08-19T09:22:04.000Z,,,,"Help and services around the world,Life circumstances,GOV.UK homepage,Death and bereavement,UK help and services in The Gambia,Going and being abroad,Birth, death and marriage abroad in Gambia,Emergency help for British nationals in Gambia,Emergency help for British nationals,Birth, death and marriage abroad ","Foreign, Commonwealth & Development Office","Foreign, Commonwealth & Development Office",2022 Truss Conservative government,,,
https://www.gov.uk/guidance/what-to-do-after-a-british-person-dies-in-mozambique,When someone dies in Mozambique,detailed_guide,8fcad594-ed4e-4c82-870b-906651ddca58,en,whitehall,2022-12-08T00:00:00.000Z,2022-12-08T00:00:00.000Z,,,,"British nationals overseas,GOV.UK homepage,Death and bereavement,Travel abroad,Life circumstances,Going and being abroad,Living abroad","Foreign, Commonwealth & Development Office","Foreign, Commonwealth & Development Office",2022 to 2024 Sunak Conservative government,,,
https://www.gov.uk/guidance/living-in-liechtenstein,Living in Liechtenstein,detailed_guide,c5386e0d-8df6-4900-94c2-c69017a126d9,en,whitehall,2018-04-12T23:00:00.000Z,2023-08-02T14:04:07.000Z,,,,"Going and being abroad,GOV.UK homepage,British nationals overseas,UK help and services in Liechtenstein,Living in Liechtenstein,Help and services around the world,Living abroad","Foreign, Commonwealth & Development Office","Foreign, Commonwealth & Development Office",2016 to 2019 May Conservative government,,,
https://www.gov.uk/guidance/bereavement-information-greece-murder-manslaughter-and-suspicious-deaths,"Greece bereavement information: murder, manslaughter and suspicious deaths",detailed_guide,3e580898-23c7-4483-ba14-485b7b5a8b31,en,whitehall,2017-03-27T14:56:00.000Z,2020-05-08T10:19:33.000Z,,,,"Going and being abroad,British nationals overseas,Countries (Living In),GOV.UK homepage",Foreign & Commonwealth Office,"Foreign & Commonwealth Office,Foreign, Commonwealth & Development Office",2016 to 2019 May Conservative government,,,
https://www.gov.uk/guidance/what-to-do-after-a-british-person-dies-in-trinidad-and-tobago,When someone dies in Trinidad and Tobago,detailed_guide,445e2939-cc17-45aa-8f6a-6287230d6af5,en,whitehall,2024-12-16T00:00:00.000Z,2026-01-02T15:01:59.000Z,,,,"Birth, death and marriage abroad ,Help and services around the world,Life circumstances,GOV.UK homepage,Birth, death and marriage abroad in Trinidad and Tobago,UK help and services in Trinidad and Tobago,British nationals overseas,Passports,Death and bereavement,Travel abroad,Going and being abroad,Emergency help for British nationals,Emergency help for British nationals in Trinidad and Tobago","Foreign, Commonwealth & Development Office","Foreign, Commonwealth & Development Office",2024 Starmer Labour government,,,
https://www.gov.uk/guidance/when-someone-dies-in-kyrgyzstan,When someone dies in Kyrgyzstan,detailed_guide,8afa227e-bce2-460d-8c54-c7a8c42fa38d,en,whitehall,2025-10-24T11:19:33.000Z,2025-10-24T11:19:33.000Z,,,,"Living abroad,Travel abroad,Help and services around the world,British nationals overseas,GOV.UK homepage,Birth, death and marriage abroad ,Birth, death and marriage abroad in Kyrgyzstan,UK help and services in Kyrgyzstan,Going and being abroad","Foreign, Commonwealth & Development Office","Foreign, Commonwealth & Development Office",2024 Starmer Labour government,,,
https://www.gov.uk/guidance/living-in-armenia,Living in Armenia,detailed_guide,5ec4049d-7631-11e4-a3cb-005056011aef,en,whitehall,2013-11-15T00:00:00.000Z,2024-04-22T07:22:14.000Z,,,,"Help and services around the world,Living in Armenia,UK help and services in Armenia,Living abroad,Europe,British nationals overseas,Asia,Going and being abroad,Countries (Living In),Armenia,Travel abroad,GOV.UK homepage","Foreign, Commonwealth & Development Office","Foreign, Commonwealth & Development Office",2010 to 2015 Conservative and Liberal Democrat coalition government,,,
https://www.gov.uk/guidance/living-in-rwanda,Living in Rwanda,detailed_guide,6d227d33-dffa-433c-ba37-604eb4e82d37,en,whitehall,2013-01-08T00:00:00.000Z,2024-01-04T07:53:11.000Z,,,,"Travel abroad,Going and being abroad,GOV.UK homepage,Living in Rwanda,Living abroad,UK help and services in Rwanda,Help and services around the world,British nationals overseas","Foreign, Commonwealth & Development Office","Foreign, Commonwealth & Development Office",2010 to 2015 Conservative and Liberal Democrat coalition government,,,
https://www.gov.uk/guidance/arrested-or-in-prison-in-andorra,Arrested or in prison in Andorra,detailed_guide,4139e1e2-099a-4d62-a6a0-a326bdc6a677,en,whitehall,2026-01-15T09:40:20.000Z,2026-01-15T09:40:20.000Z,,,,"Travel abroad,Courts, sentencing and tribunals,British nationals overseas,Going and being abroad,Crime, justice and law,Emergency help for British nationals,Emergency help for British nationals in Andorra,Help and services around the world,Living abroad,UK help and services in Andorra,GOV.UK homepage","Foreign, Commonwealth & Development Office","Foreign, Commonwealth & Development Office",2024 Starmer Labour government,,,
https://www.gov.uk/guidance/what-to-do-after-a-british-person-dies-in-eswatini,When someone dies in Eswatini,detailed_guide,bdf00050-2c38-4abd-8224-68bace798737,en,whitehall,2022-10-12T23:00:00.000Z,2022-10-12T23:00:00.000Z,,,,"Going and being abroad,UK help and services in Eswatini,Birth, death and marriage abroad in Eswatini,Travel abroad,Life circumstances,Passports,Help and services around the world,Birth, death and marriage abroad ,GOV.UK homepage,Emergency help for British nationals in Eswatini,British nationals overseas,Death and bereavement,Emergency help for British nationals","Foreign, Commonwealth & Development Office","Foreign, Commonwealth & Development Office",2022 Truss Conservative government,,,
https://www.gov.uk/guidance/when-someone-dies-in-st-kitts-and-nevis,When someone dies in St Kitts and Nevis,detailed_guide,d3075d34-5811-4286-8c1d-22bd2f87cc64,en,whitehall,2023-05-25T23:00:00.000Z,2026-01-05T10:43:52.000Z,,,,"Life circumstances,Living abroad,Death and bereavement,Emergency help for British nationals in St Kitts and Nevis,Going and being abroad,Help and services around the world,Travel abroad,Birth, death and marriage abroad in St Kitts and Nevis,GOV.UK homepage,Birth, death and marriage abroad ,UK help and services in St Kitts and Nevis,British nationals overseas,Emergency help for British nationals","Foreign, Commonwealth & Development Office","Foreign, Commonwealth & Development Office",2022 to 2024 Sunak Conservative government,,,
https://www.gov.uk/guidance/what-to-do-after-a-british-person-dies-in-south-korea,When someone dies in South Korea,detailed_guide,d040352a-a1d4-4f04-bbbf-819a58ac1420,en,whitehall,2024-08-26T23:00:00.000Z,2024-08-26T23:00:00.000Z,,,,"UK help and services in South Korea,Life circumstances,Help and services around the world,Travel abroad,Death and bereavement,British nationals overseas,Birth, death and marriage abroad ,GOV.UK homepage,Going and being abroad,Birth, death and marriage abroad in South Korea,Living abroad","Foreign, Commonwealth & Development Office","Foreign, Commonwealth & Development Office",2024 Starmer Labour government,,,
https://www.gov.uk/guidance/bereavement-information-india-murder-manslaughter-or-suspicious-deaths,"Bereavement information – India: murder, manslaughter or suspicious deaths",detailed_guide,d4d613e4-f098-443c-bc91-17f8546db13a,en,whitehall,2017-04-06T05:40:00.000Z,2017-04-06T05:40:00.000Z,,,,"GOV.UK homepage,Going and being abroad,British nationals overseas",Foreign & Commonwealth Office,"Foreign & Commonwealth Office,Foreign, Commonwealth & Development Office",2016 to 2019 May Conservative government,,,
https://www.gov.uk/guidance/healthcare-in-slovenia,Healthcare for UK nationals living in Slovenia,detailed_guide,55608404-5a8f-4f8a-b3aa-e1e1972bd8f3,en,whitehall,2019-09-22T23:00:00.000Z,2024-01-15T15:40:28.000Z,,,,"British nationals overseas,Government,Health and social care,GOV.UK homepage,Living abroad,Living in Slovenia,Going and being abroad,Brexit,UK help and services in Slovenia,Help and services around the world",Department of Health and Social Care,"Department of Health and Social Care,Foreign, Commonwealth & Development Office",2019 to 2022 Johnson Conservative government,,,
https://www.gov.uk/guidance/what-to-do-after-a-british-person-dies-in-japan,When someone dies in Japan,detailed_guide,0100332e-855f-4630-987f-767517150377,en,whitehall,2022-09-29T23:00:00.000Z,2025-11-03T07:49:19.000Z,,,,"Help and services around the world,Going and being abroad,Birth, death and marriage abroad ,Living abroad,Life circumstances,British nationals overseas,Travel abroad,GOV.UK homepage,Emergency help for British nationals,Death and bereavement,Birth, death and marriage abroad in Japan,UK help and services in Japan,Emergency help for British nationals in Japan","Foreign, Commonwealth & Development Office","Foreign, Commonwealth & Development Office",2022 Truss Conservative government,,,
https://www.gov.uk/guidance/when-someone-dies-in-iran,When someone dies in Iran,detailed_guide,4f2a4d46-52ec-48d9-a831-dc0fe7adce68,en,whitehall,2024-12-19T00:00:00.000Z,2024-12-19T00:00:00.000Z,,,,"Going and being abroad,Living abroad,GOV.UK homepage,Travelling to Iran,British nationals overseas,Help and services around the world,Birth, death and marriage abroad in Iran,UK help and services in Iran,Death and bereavement,Birth, death and marriage abroad ,Travelling abroad,Life circumstances,Living in Iran","Foreign, Commonwealth & Development Office","Foreign, Commonwealth & Development Office",2024 Starmer Labour government,,,
https://www.gov.uk/guidance/when-someone-dies-in-venezuela,When someone dies in Venezuela,detailed_guide,a1ef55cc-0f85-4483-81e6-ee672b376f31,en,whitehall,2025-09-16T12:27:24.000Z,2025-09-16T12:27:24.000Z,,,,"Going and being abroad,Travel abroad,British nationals overseas,Living abroad,Birth, death and marriage abroad ,GOV.UK homepage,UK help and services in Venezuela,Birth, death and marriage abroad in Venezuela,Help and services around the world","Foreign, Commonwealth & Development Office","Foreign, Commonwealth & Development Office",2024 Starmer Labour government,,,
https://www.gov.uk/guidance/mental-health-support-for-british-nationals-in-uzbekistan,Mental health support for British nationals in Uzbekistan,detailed_guide,0f3e73a6-3802-47a2-8c2a-ce8d84ba5300,en,whitehall,2025-12-04T13:18:34.000Z,2025-12-04T13:18:34.000Z,,,,"Travel abroad,Mental health,British nationals overseas,Public health,Going and being abroad,Health and social care,Living abroad,GOV.UK homepage","Foreign, Commonwealth & Development Office","Foreign, Commonwealth & Development Office",2024 Starmer Labour government,,,
https://www.gov.uk/guidance/mexico-mental-health-support-abroad,Mexico: mental health support abroad,detailed_guide,b9b94470-ec2d-4033-8237-71572482b79c,en,whitehall,2025-01-16T00:00:00.000Z,2026-01-15T15:43:09.000Z,,,,"Emergency help for British nationals in Mexico,Help and services around the world,UK help and services in Mexico,GOV.UK homepage,Emergency help for British nationals,British nationals overseas,Going and being abroad","Foreign, Commonwealth & Development Office","Foreign, Commonwealth & Development Office",2024 Starmer Labour government,,,
https://www.gov.uk/guidance/what-to-do-after-a-british-person-dies-in-romania,When someone dies in Romania,detailed_guide,8cf87017-f5da-4303-9761-66b78574b62a,en,whitehall,2023-03-24T14:16:00.000Z,2023-03-24T14:16:00.000Z,,,,"Living abroad,Emergency help for British nationals in Romania,Birth, death and marriage abroad in Romania,Death and bereavement,GOV.UK homepage,Birth, death and marriage abroad ,British nationals overseas,Travel abroad,Life circumstances,Emergency help for British nationals,UK help and services in Romania,Help and services around the world,Going and being abroad","Foreign, Commonwealth & Development Office","Foreign, Commonwealth & Development Office",2022 to 2024 Sunak Conservative government,,,
https://www.gov.uk/guidance/when-someone-dies-in-cape-verde,When someone dies in Cape Verde,detailed_guide,e5cb4807-f42a-431f-b456-5d14e2380357,en,whitehall,2025-05-11T23:00:00.000Z,2025-06-16T14:28:49.000Z,,,,"Emergency help for British nationals in Cape Verde,UK help and services in Cape Verde,Birth, death and marriage abroad in Cape Verde,Death and bereavement,Emergency help for British nationals,Living abroad,British nationals overseas,Help and services around the world,Travel abroad,Birth, death and marriage abroad ,Going and being abroad,Life circumstances,GOV.UK homepage","Foreign, Commonwealth & Development Office","Foreign, Commonwealth & Development Office",2024 Starmer Labour government,,,
https://www.gov.uk/guidance/what-to-do-after-a-british-person-dies-in-antigua-and-barbuda,When someone dies in Antigua and Barbuda,detailed_guide,1e20735a-4ab8-47c8-9770-3755b4acbe09,en,whitehall,2022-11-16T00:00:00.000Z,2024-04-25T07:30:09.000Z,,,,"Going and being abroad,UK help and services in Antigua and Barbuda,Emergency help for British nationals in Antigua and Barbuda,British nationals overseas,Travel abroad,Death and bereavement,Death registration disclosure,Birth, death and marriage abroad in Antigua and Barbuda,Help and services around the world,Emergency help for British nationals,Living abroad,Life circumstances,Birth, death and marriage abroad ,GOV.UK homepage","Foreign, Commonwealth & Development Office","Foreign, Commonwealth & Development Office",2022 to 2024 Sunak Conservative government,,,
https://www.gov.uk/guidance/when-someone-dies-in-north-macedonia,When someone dies in North Macedonia,detailed_guide,38851d84-b4e7-4291-89b7-c8368163791f,en,whitehall,2023-06-01T23:00:00.000Z,2024-11-08T13:08:16.000Z,,,,"Going and being abroad,Travel abroad,Emergency help for British nationals,Birth, death and marriage abroad ,Living abroad,UK help and services in North Macedonia,Emergency help for British nationals in North Macedonia,British nationals overseas,Help and services around the world,Birth, death and marriage abroad in North Macedonia,GOV.UK homepage,Death and bereavement,Life circumstances","Foreign, Commonwealth & Development Office","Foreign, Commonwealth & Development Office",2022 to 2024 Sunak Conservative government,,,
https://www.gov.uk/guidance/papua-new-guinea-information-for-victims-of-rape-and-sexual-assault,Papua New Guinea: information for victims of rape and sexual assault,detailed_guide,59c4a512-c46e-43d1-8ac1-0a37dda8ee5c,en,whitehall,2023-10-08T23:00:00.000Z,2023-10-08T23:00:00.000Z,,,,"Crime, justice and law,Going and being abroad,Travel abroad,Living abroad,GOV.UK homepage,Victims of crime,British nationals overseas","Foreign, Commonwealth & Development Office","Foreign, Commonwealth & Development Office",2022 to 2024 Sunak Conservative government,,,
https://www.gov.uk/guidance/information-for-uk-nationals-affected-by-domestic-abuse-in-france,Information for UK nationals affected by domestic abuse in France,detailed_guide,d56f829d-eedb-4891-a79b-07c974fc2116,en,whitehall,2024-05-15T23:00:00.000Z,2024-05-15T23:00:00.000Z,,,,"Living abroad,Travelling to France,GOV.UK homepage,British nationals overseas,Going and being abroad,Travel abroad,Travelling abroad,UK help and services in France,Living in France,Help and services around the world","Foreign, Commonwealth & Development Office","Foreign, Commonwealth & Development Office",2022 to 2024 Sunak Conservative government,,,
https://www.gov.uk/guidance/travel-to-liechtenstein-for-work,Travel to Liechtenstein for work,detailed_guide,cdf2999e-2222-480d-a4e7-553745c0310c,en,whitehall,2021-06-10T23:00:00.000Z,2024-04-15T09:23:32.000Z,,,,"Going and being abroad,Travel abroad,Business and industry,GOV.UK homepage,Living abroad,Work",Department for Business and Trade,Department for Business and Trade,2019 to 2022 Johnson Conservative government,,,
https://www.gov.uk/guidance/information-for-bereaved-families-barbados-murder-manslaughter-or-suspicious-deaths,"Information for bereaved families Barbados: Murder, manslaughter or suspicious deaths",detailed_guide,ff6d12a9-f5f8-40f3-a93a-459b36c7cd0f,en,whitehall,2017-04-06T19:14:29.000Z,2017-04-06T19:14:29.000Z,,,,"Going and being abroad,British nationals overseas,GOV.UK homepage,Countries (Living In)",Foreign & Commonwealth Office,"Foreign & Commonwealth Office,Foreign, Commonwealth & Development Office",2016 to 2019 May Conservative government,,,
https://www.gov.uk/guidance/when-someone-dies-in-algeria,When someone dies in Algeria,detailed_guide,b0deccf0-fed6-407d-af9e-7b65c414f357,en,whitehall,2025-06-17T23:00:00.000Z,2025-12-16T09:40:10.000Z,,,,"Life circumstances,Going and being abroad,International,British nationals overseas,Death and bereavement,GOV.UK homepage","Foreign, Commonwealth & Development Office","Foreign, Commonwealth & Development Office",2024 Starmer Labour government,,,
https://www.gov.uk/guidance/when-someone-dies-in-solomon-islands,When someone dies in Solomon Islands,detailed_guide,83bec830-de6d-47bb-a184-97d8732958d1,en,whitehall,2025-07-11T10:28:04.000Z,2025-07-11T10:28:04.000Z,,,,"GOV.UK homepage,Death and bereavement,Life circumstances,British nationals overseas,Going and being abroad","Foreign, Commonwealth & Development Office","Foreign, Commonwealth & Development Office",2024 Starmer Labour government,,,
https://www.gov.uk/guidance/when-someone-dies-in-kosovo,When someone dies in Kosovo,detailed_guide,106a5fe9-1d72-4068-8bcd-ea632fa701c3,en,whitehall,2025-05-16T08:10:01.000Z,2025-05-16T08:10:01.000Z,,,,"Life circumstances,Birth, death and marriage abroad ,Crime, justice and law,Death and bereavement,Living abroad,Birth, death and marriage abroad in Kosovo,British nationals overseas,UK help and services in Kosovo,Travelling to Kosovo,Travelling abroad,Living in Kosovo,Going and being abroad,Help and services around the world,GOV.UK homepage","Foreign, Commonwealth & Development Office","Foreign, Commonwealth & Development Office",2024 Starmer Labour government,,,
https://www.gov.uk/guidance/when-someone-dies-in-austria,When someone dies in Austria,detailed_guide,06f3ad1f-3d16-4692-b323-5540f21d51e8,en,whitehall,2025-05-07T12:25:23.000Z,2025-05-07T12:25:23.000Z,,,,"UK help and services in Austria,Living abroad,Birth, death and marriage abroad in Austria,Going and being abroad,Living in Austria,British nationals overseas,GOV.UK homepage,Help and services around the world,Travelling abroad,Death and bereavement,Life circumstances,Travelling to Austria,Travel abroad,Birth, death and marriage abroad ","Foreign, Commonwealth & Development Office","Foreign, Commonwealth & Development Office",2024 Starmer Labour government,,,
https://www.gov.uk/guidance/travel-to-slovenia-for-work,Travel to Slovenia for work,detailed_guide,60739d52-1920-46c0-b2d6-097dd0eb93a8,en,whitehall,2021-07-19T23:00:00.000Z,2024-04-15T09:24:58.000Z,,,,"Travel abroad,Living abroad,Work,Business and industry,GOV.UK homepage,Going and being abroad",Department for Business and Trade,Department for Business and Trade,2019 to 2022 Johnson Conservative government,,,
https://www.gov.uk/guidance/arrested-or-in-prison-in-armenia,Arrested or in prison in Armenia,detailed_guide,bce9e2b7-a7ab-4354-b8d0-fdb4b05ef07e,en,whitehall,2025-11-13T08:09:38.000Z,2025-11-13T08:09:38.000Z,,,,"Emergency help for British nationals in Armenia,Living abroad,UK help and services in Armenia,Going and being abroad,Help and services around the world,British nationals overseas,GOV.UK homepage,Emergency help for British nationals,Travel abroad","Foreign, Commonwealth & Development Office","Foreign, Commonwealth & Development Office",2024 Starmer Labour government,,,
https://www.gov.uk/guidance/when-someone-dies-in-vanuatu,When someone dies in Vanuatu,detailed_guide,b2bbc9af-00ef-4f03-94db-25a12f6c0193,en,whitehall,2025-08-01T07:49:02.000Z,2025-08-01T07:49:02.000Z,,,,"Going and being abroad,Death and bereavement,Living abroad,Travel abroad,Life circumstances,GOV.UK homepage,British nationals overseas","Foreign, Commonwealth & Development Office","Foreign, Commonwealth & Development Office",2024 Starmer Labour government,,,
https://www.gov.uk/guidance/when-someone-dies-in-oman,When someone dies in Oman,detailed_guide,b025f7e1-9daa-41c1-99ea-b700167d8967,en,whitehall,2024-12-24T06:22:00.000Z,2026-02-11T12:11:48.000Z,,,,"Help and services around the world,Living abroad,UK help and services in Oman,Travel abroad,GOV.UK homepage,Death and bereavement,British nationals overseas,Birth, death and marriage abroad ,Life circumstances,Birth, death and marriage abroad in Oman,Emergency help for British nationals in Oman,Emergency help for British nationals,Going and being abroad","Foreign, Commonwealth & Development Office","Foreign, Commonwealth & Development Office",2024 Starmer Labour government,,,
https://www.gov.uk/guidance/travel-to-estonia-for-work,Travel to Estonia for work,detailed_guide,a792edbb-5c0b-4cd1-90cb-0e8dcc7800e4,en,whitehall,2021-07-26T23:00:00.000Z,2024-04-15T09:26:58.000Z,,,,"Work,Living abroad,Business and industry,Travel abroad,GOV.UK homepage,Going and being abroad",Department for Business and Trade,Department for Business and Trade,2019 to 2022 Johnson Conservative government,,,
https://www.gov.uk/guidance/vanuatu-information-for-victims-of-rape-and-sexual-assault,Vanuatu: information for victims of rape and sexual assault,detailed_guide,272c8f17-1d7f-48b7-8abe-60e66ae4dac4,en,whitehall,2023-09-20T23:00:00.000Z,2023-09-20T23:00:00.000Z,,,,"Emergency help for British nationals in Vanuatu,UK help and services in Vanuatu,Going and being abroad,British nationals overseas,Help and services around the world,Living abroad,Emergency help for British nationals,GOV.UK homepage,Travel abroad","Foreign, Commonwealth & Development Office","Foreign, Commonwealth & Development Office",2022 to 2024 Sunak Conservative government,,,
https://www.gov.uk/guidance/what-to-do-after-a-british-person-dies-in-dominica,When someone dies in Dominica,detailed_guide,8958bd44-c922-4018-93df-dc5a0d69f586,en,whitehall,2022-11-16T00:00:00.000Z,2026-01-05T10:42:56.000Z,,,,"Life circumstances,Emergency help for British nationals in Dominica,UK help and services in Dominica,Birth, death and marriage abroad ,Going and being abroad,Travel abroad,Death and bereavement,Help and services around the world,Passports,Birth, death and marriage abroad in Dominica,British nationals overseas,Emergency help for British nationals,GOV.UK homepage","Foreign, Commonwealth & Development Office","Foreign, Commonwealth & Development Office",2022 to 2024 Sunak Conservative government,,,
https://www.gov.uk/guidance/living-in-drc,Living in Democratic Republic of Congo,detailed_guide,a030649f-86e7-487b-ac13-f17a16c2eeab,en,whitehall,2025-07-15T23:00:00.000Z,2025-07-16T14:08:50.000Z,,,,"Living abroad,Living in the Democratic Republic of Congo,Travel abroad,British nationals overseas,Help and services around the world,Passports,UK help and services in Democratic Republic of the Congo,GOV.UK homepage,Going and being abroad,Welfare","Foreign, Commonwealth & Development Office","Foreign, Commonwealth & Development Office",2024 Starmer Labour government,,,
https://www.gov.uk/guidance/when-someone-dies-in-russia,When someone dies in Russia,detailed_guide,a97e6382-a433-4d83-879d-c320f375a0f1,en,whitehall,2026-01-22T14:20:52.000Z,2026-01-22T14:20:52.000Z,,,,"Life circumstances,Travel abroad,Birth, death and marriage abroad in Russia,Birth, death and marriage abroad ,UK help and services in Russia,Living in Russia,GOV.UK homepage,Help and services around the world,Death and bereavement,Living abroad,Going and being abroad,British nationals overseas","Foreign, Commonwealth & Development Office","Foreign, Commonwealth & Development Office",2024 Starmer Labour government,,,
https://www.gov.uk/guidance/fiji-information-for-victims-of-rape-and-sexual-assault,Fiji: information for victims of rape and sexual assault,detailed_guide,38f648d7-72d9-48f1-a5ff-565260f5267d,en,whitehall,2023-10-16T23:00:00.000Z,2023-10-16T23:00:00.000Z,,,,"GOV.UK homepage,Living abroad,British nationals overseas,Going and being abroad,Travel abroad","Foreign, Commonwealth & Development Office","Foreign, Commonwealth & Development Office",2022 to 2024 Sunak Conservative government,,,
https://www.gov.uk/guidance/what-to-do-after-a-british-person-dies-in-cameroon,When someone dies in Cameroon,detailed_guide,2caee1d6-5a7c-402e-9678-214722433183,en,whitehall,2023-04-14T23:00:00.000Z,2023-04-19T07:34:15.000Z,,,,"Death and bereavement,Going and being abroad,British nationals overseas,Living abroad,Birth, death and marriage abroad ,GOV.UK homepage,Birth, death and marriage abroad in Cameroon,Emergency help for British nationals,UK help and services in Cameroon,Life circumstances,Emergency help for British nationals in Cameroon,Help and services around the world,Travel abroad","Foreign, Commonwealth & Development Office","Foreign, Commonwealth & Development Office",2022 to 2024 Sunak Conservative government,,,
https://www.gov.uk/guidance/romania-parental-child-abduction,Romania: parental child abduction,detailed_guide,c8eafc1c-9f51-4727-9e9f-6196ebd5cfea,en,whitehall,2025-07-11T08:14:24.000Z,2025-07-11T08:14:24.000Z,,,,"GOV.UK homepage,Crime, justice and law,Family justice system,British nationals overseas,Going and being abroad","Foreign, Commonwealth & Development Office","Foreign, Commonwealth & Development Office",2024 Starmer Labour government,,,
https://www.gov.uk/guidance/information-for-bereaved-families-jamaica-murder-manslaughter-or-suspicious-deaths,"Jamaica: murder, manslaughter or suspicious deaths information",detailed_guide,d13296ee-d37d-4725-98ad-efa9012453f4,en,whitehall,2017-04-18T17:56:00.000Z,2020-09-22T07:36:43.000Z,,,,"Travel abroad,Countries (Living In),Life circumstances,Living abroad,British nationals overseas,Going and being abroad,GOV.UK homepage,Death and bereavement",Foreign & Commonwealth Office,"Foreign & Commonwealth Office,Foreign, Commonwealth & Development Office",2016 to 2019 May Conservative government,,,
https://www.gov.uk/guidance/living-in-trinidad-tobago,Living in Trinidad and Tobago,detailed_guide,5ec3b05e-7631-11e4-a3cb-005056011aef,en,whitehall,2013-11-14T00:00:00.000Z,2025-08-01T10:07:54.000Z,,,,"British nationals overseas,Trinidad & Tobago,Countries (Living In),Going and being abroad,North and Central America and the Caribbean,GOV.UK homepage,Living abroad","Foreign, Commonwealth & Development Office","Foreign, Commonwealth & Development Office",2010 to 2015 Conservative and Liberal Democrat coalition government,,,
https://www.gov.uk/guidance/niue-information-for-victims-of-rape-and-sexual-assault,Niue: information for victims of rape and sexual assault,detailed_guide,aa72dd0e-e906-4541-9ec9-c91698dc55b1,en,whitehall,2023-09-20T23:00:00.000Z,2023-09-20T23:00:00.000Z,,,,"Living abroad,GOV.UK homepage,British nationals overseas,Going and being abroad,Travel abroad","Foreign, Commonwealth & Development Office","Foreign, Commonwealth & Development Office",2022 to 2024 Sunak Conservative government,,,
https://www.gov.uk/guidance/bereavement-information-thailand-murder-manslaughter-and-suspicious-deaths,"Thailand, bereavement information: murder, manslaughter and suspicious deaths",detailed_guide,1a793b5e-f9bd-42bb-85ff-1964ee874b6a,en,whitehall,2017-04-19T04:22:00.000Z,2023-01-12T12:10:54.000Z,,,,"Countries (Living In),Going and being abroad,GOV.UK homepage,British nationals overseas",Foreign & Commonwealth Office,"Foreign & Commonwealth Office,Foreign, Commonwealth & Development Office",2016 to 2019 May Conservative government,,,
https://www.gov.uk/guidance/when-someone-dies-in-lesotho,When someone dies in Lesotho,detailed_guide,cf81331f-df4e-4818-bdbe-604ebb91ffcf,en,whitehall,2023-06-02T13:14:36.000Z,2023-06-02T13:14:36.000Z,,,,"Death and bereavement,Emergency help for British nationals in Lesotho,British nationals overseas,Birth, death and marriage abroad ,Help and services around the world,Going and being abroad,Emergency help for British nationals,Birth, death and marriage abroad in Lesotho,UK help and services in Lesotho,Life circumstances,GOV.UK homepage,Living abroad,Travel abroad","Foreign, Commonwealth & Development Office","Foreign, Commonwealth & Development Office",2022 to 2024 Sunak Conservative government,,,
https://www.gov.uk/guidance/when-someone-dies-in-ukraine,When someone dies in Ukraine,detailed_guide,c083918e-bd8f-43a6-bfe8-0afac5d62b36,en,whitehall,2025-06-01T23:00:00.000Z,2025-06-01T23:00:00.000Z,,,,"Going and being abroad,Help and services around the world,British nationals overseas,GOV.UK homepage,Travel abroad,UK help and services in Ukraine,Birth, death and marriage abroad ,Living abroad,Birth, death and marriage abroad in Ukraine","Foreign, Commonwealth & Development Office","Foreign, Commonwealth & Development Office",2024 Starmer Labour government,,,
https://www.gov.uk/guidance/covid-19-vaccines-if-you-live-abroad,COVID-19 vaccines if you live abroad,detailed_guide,2d2be244-85d5-44c0-99c9-c83a8e8a35df,en,whitehall,2021-06-30T16:12:00.000Z,2021-06-30T16:12:00.000Z,,,,"Health and social care,Living abroad,GOV.UK homepage,Vaccinations for COVID-19,British nationals overseas,Going and being abroad,COVID-19","Foreign, Commonwealth & Development Office","Foreign, Commonwealth & Development Office",2019 to 2022 Johnson Conservative government,,,
https://www.gov.uk/guidance/when-someone-dies-in-guyana,When someone dies in Guyana,detailed_guide,ee21b461-178b-4f7a-8437-053f6859b5ed,en,whitehall,2023-03-15T00:00:00.000Z,2025-01-20T09:13:42.000Z,,,,"Death and bereavement,UK help and services in Guyana,Life circumstances,Emergency help for British nationals in Guyana,Birth, death and marriage abroad in Guyana,Going and being abroad,Travel abroad,Birth, death and marriage abroad ,British nationals overseas,Living abroad,Emergency help for British nationals,GOV.UK homepage,Help and services around the world","Foreign, Commonwealth & Development Office","Foreign, Commonwealth & Development Office",2022 to 2024 Sunak Conservative government,,,
https://www.gov.uk/guidance/samoa-information-for-victims-of-rape-and-sexual-assault,Samoa: information for victims of rape and sexual assault,detailed_guide,aee505f7-d2aa-4bef-a3bd-f6e8cc3560a0,en,whitehall,2023-10-09T23:00:00.000Z,2023-10-09T23:00:00.000Z,,,,"Help and services around the world,Going and being abroad,Crime, justice and law,Travelling to Samoa,British nationals overseas,Living in Samoa,Travel abroad,Travelling abroad,GOV.UK homepage,Victims of crime,UK help and services in Samoa,Living abroad","Foreign, Commonwealth & Development Office","Foreign, Commonwealth & Development Office",2022 to 2024 Sunak Conservative government,,,
https://www.gov.uk/guidance/when-someone-dies-in-senegal,When someone dies in Senegal,detailed_guide,b473280b-8af8-4040-b6b1-5c5cce53a70a,en,whitehall,2023-05-25T23:00:00.000Z,2025-11-10T10:38:25.000Z,,,,"Emergency help for British nationals in Senegal,British nationals overseas,Help and services around the world,Emergency help for British nationals,Life circumstances,Going and being abroad,Living abroad,Birth, death and marriage abroad ,Travel abroad,Death and bereavement,Birth, death and marriage abroad in Senegal,UK help and services in Senegal,GOV.UK homepage","Foreign, Commonwealth & Development Office","Foreign, Commonwealth & Development Office",2022 to 2024 Sunak Conservative government,,,
https://www.gov.uk/guidance/healthcare-in-luxembourg,Healthcare for UK nationals living in Luxembourg,detailed_guide,c7f81f4f-7f3d-4bdb-b8b3-93106279a7a7,en,whitehall,2019-09-22T23:00:00.000Z,2021-10-21T15:29:38.000Z,,,,"Brexit,British nationals overseas,UK help and services in Luxembourg,Living abroad,Help and services around the world,GOV.UK homepage,Living in Luxembourg,Going and being abroad,Government,Health and social care",Department of Health and Social Care,"Department of Health and Social Care,Foreign, Commonwealth & Development Office",2019 to 2022 Johnson Conservative government,,,
https://www.gov.uk/guidance/what-to-do-after-a-british-person-dies-in-zimbabwe,When someone dies in Zimbabwe,detailed_guide,ab32b084-4cba-47eb-88e9-f93245d2684d,en,whitehall,2022-11-30T00:00:00.000Z,2025-01-15T08:10:15.000Z,,,,"GOV.UK homepage,UK help and services in Zimbabwe,British nationals overseas,Emergency help for British nationals,Death and bereavement,Birth, death and marriage abroad ,Help and services around the world,Birth, death and marriage abroad in Zimbabwe,Going and being abroad,Life circumstances,Emergency help for British nationals in Zimbabwe,Travel abroad,Living abroad","Foreign, Commonwealth & Development Office","Foreign, Commonwealth & Development Office",2022 to 2024 Sunak Conservative government,,,
https://www.gov.uk/guidance/federated-states-of-micronesia-information-for-victims-of-rape-and-sexual-assault,Federated States of Micronesia: information for victims of rape and sexual assault,detailed_guide,88925f4b-6b3f-4ca3-b0e1-4d3d5fab2977,en,whitehall,2023-10-08T23:00:00.000Z,2023-10-08T23:00:00.000Z,,,,"Travel abroad,British nationals overseas,Living abroad,Crime, justice and law,Victims of crime,Going and being abroad,GOV.UK homepage","Foreign, Commonwealth & Development Office","Foreign, Commonwealth & Development Office",2022 to 2024 Sunak Conservative government,,,
https://www.gov.uk/guidance/when-someone-dies-in-liechtenstein,When someone dies in Liechtenstein,detailed_guide,061357b5-f4cc-48bd-ac59-eb4f2fa4a26e,en,whitehall,2025-03-28T13:03:27.000Z,2025-03-28T13:03:27.000Z,,,,"Going and being abroad,UK help and services in Liechtenstein,Birth, death and marriage abroad in Liechtenstein,Emergency help for British nationals in Liechtenstein,Life circumstances,GOV.UK homepage,British nationals overseas,Death and bereavement,Help and services around the world,Emergency help for British nationals,Birth, death and marriage abroad ,Living abroad","Foreign, Commonwealth & Development Office","Foreign, Commonwealth & Development Office",2024 Starmer Labour government,,,
https://www.gov.uk/guidance/when-someone-dies-in-cuba,When someone dies in Cuba,detailed_guide,4517d745-d5a6-4b75-bdf3-2f4baee4bd40,en,whitehall,2023-05-26T12:25:53.000Z,2023-05-26T12:25:53.000Z,,,,"Living abroad,Help and services around the world,Birth, death and marriage abroad in Cuba,Going and being abroad,Emergency help for British nationals,UK help and services in Cuba,Death and bereavement,GOV.UK homepage,British nationals overseas,Birth, death and marriage abroad ,Life circumstances,Emergency help for British nationals in Cuba,Travel abroad","Foreign, Commonwealth & Development Office","Foreign, Commonwealth & Development Office",2022 to 2024 Sunak Conservative government,,,
https://www.gov.uk/guidance/when-somebody-dies-in-serbia,When somebody dies in Serbia,detailed_guide,787c27b4-cb9a-469b-8325-def763fd61ac,en,whitehall,2025-03-19T10:08:30.000Z,2025-03-19T10:08:30.000Z,,,,"British nationals overseas,Government,Life circumstances,Going and being abroad,Travel abroad,GOV.UK homepage,Death and bereavement","Foreign, Commonwealth & Development Office","Foreign, Commonwealth & Development Office",2024 Starmer Labour government,,,
https://www.gov.uk/guidance/arrested-or-in-prison-in-oman,Arrested or in prison in Oman ,detailed_guide,83f6e112-f79a-4e09-91ef-c48a9c5d7b4e,en,whitehall,2025-06-25T06:35:37.000Z,2025-06-25T06:35:37.000Z,,,,"Emergency help for British nationals,Travel abroad,Going and being abroad,British nationals overseas,Emergency help for British nationals in Oman,GOV.UK homepage,UK help and services in Oman,Living abroad,Help and services around the world","Foreign, Commonwealth & Development Office","Foreign, Commonwealth & Development Office",2024 Starmer Labour government,,,
https://www.gov.uk/guidance/when-someone-dies-in-ghana,When someone dies in Ghana,detailed_guide,dee1ed89-0460-46fe-97f1-49eed15c7df4,en,whitehall,2025-02-28T00:00:00.000Z,2025-02-28T00:00:00.000Z,,,,"British nationals overseas,Living abroad,Birth, death and marriage abroad in Ghana,Travel abroad,Living in Ghana,Life circumstances,Help and services around the world,GOV.UK homepage,Death and bereavement,Going and being abroad,Birth, death and marriage abroad ,UK help and services in Ghana","Foreign, Commonwealth & Development Office","Foreign, Commonwealth & Development Office",2024 Starmer Labour government,,,
https://www.gov.uk/guidance/healthcare-in-slovakia,Healthcare for UK nationals living in Slovakia,detailed_guide,42ab7b4b-a922-4821-b06a-a00c2797a058,en,whitehall,2019-09-22T23:00:00.000Z,2021-10-22T17:09:34.000Z,,,,"Living abroad,Going and being abroad,GOV.UK homepage,Help and services around the world,Brexit,UK help and services in Slovakia,Government,Health and social care,Living in Slovakia,British nationals overseas",Department of Health and Social Care,"Department of Health and Social Care,Foreign, Commonwealth & Development Office",2019 to 2022 Johnson Conservative government,,,
https://www.gov.uk/guidance/bereavement-information-philippines-murder-manslaughter-and-suspicious-deaths,"Bereavement information – Philippines: murder, manslaughter and suspicious deaths",detailed_guide,1ed79ff2-11d5-4c98-beeb-73b8c4ca4ce2,en,whitehall,2017-04-10T03:00:00.000Z,2017-04-10T03:00:00.000Z,,,,"Countries (Living In),Welfare,GOV.UK homepage,Going and being abroad,British nationals overseas","Foreign, Commonwealth & Development Office","Foreign, Commonwealth & Development Office",2016 to 2019 May Conservative government,,,
https://www.gov.uk/guidance/travel-to-slovakia-for-work,Travel to Slovakia for work,detailed_guide,07a95b5d-7d6d-444c-9381-649692a2ed8b,en,whitehall,2021-06-28T23:00:00.000Z,2024-04-15T09:25:50.000Z,,,,"Work,GOV.UK homepage,Living abroad,Travel abroad,Business and industry,Going and being abroad",Department for Business and Trade,Department for Business and Trade,2019 to 2022 Johnson Conservative government,,,
https://www.gov.uk/guidance/domestic-abuse-information-for-victims-in-united-arab-emirates,United Arab Emirates: information for victims of domestic abuse,detailed_guide,19fc35e1-f368-4ca7-b6f9-54d7473e736f,en,whitehall,2024-01-22T00:00:00.000Z,2024-01-22T00:00:00.000Z,,,,"GOV.UK homepage,Travel abroad,Living abroad,British nationals overseas,Going and being abroad","Foreign, Commonwealth & Development Office","Foreign, Commonwealth & Development Office",2022 to 2024 Sunak Conservative government,,,
https://www.gov.uk/guidance/when-someone-dies-in-qatar,When someone dies in Qatar,detailed_guide,62e3a305-3bfe-4790-92ac-c80dea130cdc,en,whitehall,2025-01-29T11:26:26.000Z,2025-01-29T11:26:26.000Z,,,,"GOV.UK homepage,Emergency help for British nationals,UK help and services in Qatar,British nationals overseas,Travel abroad,Birth, death and marriage abroad ,Birth, death and marriage abroad in Qatar,Help and services around the world,Death and bereavement,Going and being abroad,Emergency help for British nationals in Qatar,Life circumstances,Living abroad","Foreign, Commonwealth & Development Office","Foreign, Commonwealth & Development Office",2024 Starmer Labour government,,,
