url,title,documentType,contentId,locale,publishing_app,first_published_at,public_updated_at,withdrawn_at,withdrawn_explanation,page_views,taxons,primary_organisation,all_organisations,government,is_political,people,occurrences
https://www.gov.uk/guidance/proving-your-identity-with-the-govuk-one-login-app,Proving your identity with the GOV.UK One Login app,detailed_guide,bd483a6b-d0ae-46ca-9a36-8bad3ba300f2,en,whitehall,2025-06-08T23:00:00.000Z,2025-10-28T10:59:33.000Z,,,74949,"Digital security,GOV.UK homepage,Government,Identity assurance,Government technology and digital services",Government Digital Service,Government Digital Service,2024 Starmer Labour government,,,
https://www.gov.uk/guidance/linking-the-govuk-id-check-app-to-govuk,Linking the GOV.UK ID Check app to GOV.UK,detailed_guide,f1e7fd53-d943-4eb5-ab9c-485d9689dd86,en,whitehall,2024-07-15T23:00:00.000Z,2025-11-28T14:04:27.000Z,,,31871,"Government technology and digital services,GOV.UK homepage,Digital security,Identity assurance,Government",Government Digital Service,Government Digital Service,2024 Starmer Labour government,,,
https://www.gov.uk/settled-status-eu-citizens-families/switch-from-presettled-status-to-settled-status,Apply to the EU Settlement Scheme (settled and pre-settled status): Convert pre-settled status to settled status,guide,91504a10-f697-42a3-a779-f238b4955ea9,en,publisher,2018-06-21T12:15:03.344Z,2024-10-31T17:00:11.987Z,,,18541,"Government,Rights of EU and EEA citizens,GOV.UK homepage,Help and services around the world,Brexit,Entering and staying in the UK,Rights of foreign nationals in the UK",Government Digital Service,"Home Office,UK Visas and Immigration",,,,
https://www.gov.uk/call-charges,Call charges and phone numbers,answer,0b0ff1cc-1532-4cd3-836b-0b7ab0359a4b,en,publisher,2012-10-17T10:02:46.000Z,2015-05-06T14:32:09.000Z,,,15329,"Democracy,GOV.UK homepage,Corporate information,Government",Government Digital Service,Ofcom,,,,
https://www.gov.uk/electoral-register/view-electoral-register,The electoral register and the 'open register': View the electoral register,guide,8c0c7a20-c4ae-4935-9309-ac4e7da42a62,en,publisher,2012-01-09T12:15:26.000Z,2024-11-27T12:25:45.287Z,,,14682,"Democracy,GOV.UK homepage,Voting,Government",Government Digital Service,"Ministry of Housing, Communities and Local Government",,,,
https://www.gov.uk/guidance/get-a-goods-movement-reference,Create a goods movement reference,detailed_guide,d135b50d-b519-4694-8f5d-393a6345fd9b,en,whitehall,2020-12-23T00:00:00.000Z,2025-08-31T23:15:02.000Z,,,12901,"Business and industry,Trade and investment,Brexit,Government,GOV.UK homepage,Customs declarations, duties and tariffs (import and export)",HM Revenue & Customs,HM Revenue & Customs,2019 to 2022 Johnson Conservative government,,,
https://www.gov.uk/guidance/download-the-govuk-app,Download the GOV.UK app,detailed_guide,c9e9a053-dd5d-475c-b931-d2c03293c6c0,en,whitehall,2025-06-30T23:00:00.000Z,2026-02-13T11:22:39.000Z,,,11520,"Government,Government technology and digital services,GOV.UK services,GOV.UK homepage",Government Digital Service,Government Digital Service,2024 Starmer Labour government,,,
https://www.gov.uk/guidance/using-the-govuk-id-check-app,Using the GOV.UK ID Check app,detailed_guide,a08de54b-b7ba-44a8-8c4b-7aa923d6296c,en,whitehall,2023-10-25T23:00:00.000Z,2025-11-28T14:00:54.000Z,,,11332,"Digital security,Identity assurance,Government,Government technology and digital services,GOV.UK homepage",Government Digital Service,Government Digital Service,2022 to 2024 Sunak Conservative government,,,
https://www.gov.uk/driving-abroad/get-an-idp,Driving abroad: Get an international driving permit (IDP),guide,e4d06cb9-9e2e-4e82-b802-0aad013ae16c,en,publisher,2011-12-01T12:07:14.000Z,2025-01-29T11:31:47.451Z,,,6947,"Driving licences,Going and being abroad,GOV.UK homepage,Brexit,Driving and road transport,Transport,Government,Driving abroad,Living abroad",Government Digital Service,"Department for Transport,Driver and Vehicle Licensing Agency",,,,
https://www.gov.uk/guidance/changing-the-sign-in-details-for-your-govuk-one-login,Changing the sign in details for your GOV.UK One Login,detailed_guide,2c8718ac-e053-4cb0-a224-6b233fd247d1,en,whitehall,2023-10-25T23:00:00.000Z,2026-02-06T15:42:27.000Z,,,6248,"Government technology and digital services,GOV.UK homepage,Identity assurance,Digital security,Government",Government Digital Service,Government Digital Service,2022 to 2024 Sunak Conservative government,,,
https://www.gov.uk/guidance/using-open-document-formats-odf-in-your-organisation,Using Open Document Formats (ODF) in your organisation,detailed_guide,2977d3b7-e44d-4200-beb3-b3ea4eae9267,en,whitehall,2018-12-18T14:18:00.000Z,2018-12-18T14:18:00.000Z,,,5532,"Government technology and digital services,Open source and open standards,Open standards,GOV.UK homepage,Government",Government Digital Service,"Government Digital Service,Central Digital and Data Office",2016 to 2019 May Conservative government,,,
https://www.gov.uk/guidance/visiting-the-uk-as-an-eu-eea-or-swiss-citizen,"Visiting the UK as an EU, EEA or Swiss citizen",detailed_guide,5e783b93-9893-4cdd-972a-306c44656a93,en,whitehall,2020-12-31T00:00:00.000Z,2026-02-09T16:08:54.000Z,,,4857,"Government,Visit and transit visas,Brexit,Entering and staying in the UK,Visas and entry clearance,GOV.UK homepage,Travel and identity documents for foreign nationals","Department for Culture, Media and Sport","Department for Culture, Media and Sport,Department for Environment, Food & Rural Affairs,Department for Transport,Home Office,Department for Digital, Culture, Media & Sport,UK Visas and Immigration",2019 to 2022 Johnson Conservative government,,,
https://www.gov.uk/guidance/eu-settlement-scheme-evidence-of-uk-residence,EU Settlement Scheme: evidence of UK residence,detailed_guide,1d1ec077-2f48-4289-a6e2-41a7a1647afd,en,whitehall,2018-10-22T15:15:00.000Z,2022-09-20T16:08:27.000Z,,,4298,"GOV.UK homepage,Government,Rights of EU and EEA citizens,Rights of foreign nationals in the UK,Entering and staying in the UK,Brexit",UK Visas and Immigration,UK Visas and Immigration,2016 to 2019 May Conservative government,,,
https://www.gov.uk/eori/apply-for-eori,Get an EORI number: Apply for an EORI number,guide,7dbefa2e-794d-4786-aee1-8f88d1af4922,en,publisher,2016-11-11T15:00:34.848Z,2025-08-07T07:21:44.114Z,,,4093,"Exporting,Importing,Customs declarations, duties and tariffs (import and export),Business and industry,Trade and investment,Government,Brexit,GOV.UK homepage,Get goods through customs",Government Digital Service,HM Revenue & Customs,,,,
https://www.gov.uk/family-permit,Apply for an EU Settlement Scheme family permit to join family in the UK,guide,686e6d1d-78c2-4c9d-b863-be5c5d8ed787,en,publisher,2014-01-29T15:43:49.000Z,2014-12-31T11:06:34.000Z,,,3823,"Family visas,Government,Brexit,Entering and staying in the UK,Visas and entry clearance,GOV.UK homepage",Government Digital Service,UK Visas and Immigration,,,,
https://www.gov.uk/get-birthday-anniversary-message-from-king,Get a birthday or anniversary message from the King,answer,3eaa7adb-d264-4548-bd6b-414aa2145fd1,en,publisher,2012-01-17T12:04:23.000Z,2015-11-23T18:03:07.000Z,,,3644,"Government,GOV.UK homepage,Democracy",Government Digital Service,Cabinet Office,,,,
https://www.gov.uk/guidance/proving-your-identity-with-govuk-one-login-by-answering-security-questions,Proving your identity with GOV.UK One Login by answering security questions,detailed_guide,1deb7b78-16f4-493a-bc39-a9f09b428392,en,whitehall,2023-10-25T23:00:00.000Z,2026-01-28T11:02:32.000Z,,,3392,"Identity assurance,Government,GOV.UK homepage,Digital security,Government technology and digital services",Government Digital Service,Government Digital Service,2022 to 2024 Sunak Conservative government,,,
https://www.gov.uk/guidance/contact-the-home-office,Contact the Home Office,detailed_guide,e344515a-fd06-4b28-b1b9-8693fc4821d4,en,whitehall,2025-12-08T15:46:51.000Z,2025-12-08T15:46:51.000Z,,,2983,"Government,GOV.UK homepage",Home Office,Home Office,2024 Starmer Labour government,,,
https://www.gov.uk/guidance/united-kingdom-security-vetting-contact-us,United Kingdom Security Vetting: Contact Us,detailed_guide,4b4e03b8-b18e-45c4-86ef-58c2903c8243,en,whitehall,2019-08-13T23:00:00.000Z,2026-01-15T09:55:42.000Z,,,2139,"Government,National security,GOV.UK homepage",United Kingdom Security Vetting,"United Kingdom Security Vetting,Cabinet Office",2019 to 2022 Johnson Conservative government,,,
https://www.gov.uk/taking-your-pet-abroad,"Taking your pet dog, cat or ferret abroad",guide,f88dd8f7-e177-4bd1-8646-023d276103b6,en,publisher,2020-08-10T15:30:02.755Z,2020-12-21T12:47:42.412Z,,,2122,"Government,Brexit,GOV.UK homepage",Government Digital Service,"Animal and Plant Health Agency,Department for Environment, Food & Rural Affairs,Department of Agriculture, Environment and Rural Affairs (Northern Ireland)",,,,
https://www.gov.uk/elections-in-the-uk,"Types of election, referendums, and who can vote",guide,d78d0758-8296-4866-be4c-94e8020a08d7,en,publisher,2016-03-03T12:07:29.424Z,2024-10-22T11:40:48.374Z,,,2074,"GOV.UK homepage,Government,Democracy,Voting",Government Digital Service,"Ministry of Housing, Communities and Local Government",,,,
https://www.gov.uk/how-to-vote/photo-id-youll-need,How to vote: Photo ID you'll need,guide,9315bc67-33e7-42e9-8dea-e022f56dabfa,en,publisher,2013-07-02T16:17:59.000Z,2024-11-12T12:55:26.814Z,,,1988,"Government,Voting,Democracy,GOV.UK homepage",Government Digital Service,"Ministry of Housing, Communities and Local Government",,,,
https://www.gov.uk/guidance/getting-a-security-code-for-govuk-one-login,Getting a security code for GOV.UK One Login,detailed_guide,e95d0121-d252-4c1a-9380-791e2a715312,en,whitehall,2023-10-25T23:00:00.000Z,2026-02-13T15:54:08.000Z,,,1958,"Government technology and digital services,GOV.UK homepage,Government,Identity assurance,Digital security",Government Digital Service,Government Digital Service,2022 to 2024 Sunak Conservative government,,,
https://www.gov.uk/guidance/united-kingdom-security-vetting-applicant,United Kingdom Security Vetting: Applicant,detailed_guide,a2ee7943-1401-4e82-9444-2aaf098191da,en,whitehall,2019-08-13T23:00:00.000Z,2024-07-26T14:03:14.000Z,,,1954,"National security,GOV.UK homepage,Government",United Kingdom Security Vetting,United Kingdom Security Vetting,2019 to 2022 Johnson Conservative government,,,
https://www.gov.uk/guidance/govuk-one-login-app-accessibility-statement,GOV.UK One Login app: accessibility statement,detailed_guide,332e8750-812d-4f0a-9201-584886c15bda,en,whitehall,2025-06-08T23:00:00.000Z,2026-01-27T10:48:48.000Z,,,1553,"Government,Digital accessibility,Government technology and digital services,GOV.UK homepage",Government Digital Service,Government Digital Service,2024 Starmer Labour government,,,
https://www.gov.uk/guidance/foreign-travel-insurance,Foreign travel insurance,detailed_guide,5d8bb0f3-7631-11e4-a3cb-005056011aef,en,whitehall,2013-03-22T00:00:00.000Z,2024-08-02T14:08:00.000Z,,,1457,"COVID-19,Government,Travel abroad,GOV.UK homepage,International travel, immigration and repatriation during COVID-19,Health and social care,Brexit,Going and being abroad,British nationals overseas","Foreign, Commonwealth & Development Office","Foreign, Commonwealth & Development Office",2010 to 2015 Conservative and Liberal Democrat coalition government,,,
https://www.gov.uk/guidance/register-for-the-goods-vehicle-movement-service,Register for the Goods Vehicle Movement Service,detailed_guide,b4bcffc1-295d-44d0-9e52-dbd192e49d17,en,whitehall,2020-12-08T00:00:00.000Z,2021-12-17T00:15:05.000Z,,,1312,"Customs declarations, duties and tariffs (import and export),Business and industry,Brexit,Government,Trade and investment,GOV.UK homepage",HM Revenue & Customs,HM Revenue & Customs,2019 to 2022 Johnson Conservative government,,,
https://www.gov.uk/guidance/access-the-public-register-for-environmental-information,Access the public register for environmental information,detailed_guide,5f4ce474-7631-11e4-a3cb-005056011aef,en,whitehall,2014-04-07T23:00:00.000Z,2025-10-01T10:58:03.000Z,,,1290,"Business regulation,Government,Environmental permits,Environment,Government efficiency, transparency and accountability,Business and industry,Business and the environment,Water management,Waste and recycling,Waste management,GOV.UK homepage",Environment Agency,Environment Agency,2010 to 2015 Conservative and Liberal Democrat coalition government,,,
https://www.gov.uk/guidance/flood-alerts-and-warnings-what-they-are-and-what-to-do,Flood alerts and warnings: what they are and what to do,detailed_guide,69bbca02-dc1f-4650-8440-08b2a07b5e96,en,whitehall,2010-11-01T00:00:00.000Z,2010-11-01T00:00:00.000Z,,,1182,"River maintenance, flooding and coastal erosion,Environment,GOV.UK homepage,Emergency preparation, response and recovery,Government",Environment Agency,Environment Agency,2010 to 2015 Conservative and Liberal Democrat coalition government,,,
https://www.gov.uk/report-suspicious-emails-websites-phishing,Avoid and report internet scams and phishing,guide,689a076c-3fcf-4cce-8298-1153c65b7640,en,publisher,2014-02-28T16:31:31.000Z,2024-10-11T11:25:30.876Z,,,1146,"Money,Visas and entry clearance,Government,Dealing with HMRC,Entering and staying in the UK,Online safety,Phishing and scams,GOV.UK homepage,Society and culture,Democracy",Government Digital Service,"Department of Health and Social Care,Driver and Vehicle Licensing Agency,HM Revenue & Customs,National Cyber Security Centre,UK Border Agency",,,,
https://www.gov.uk/guidance/deleting-your-govuk-one-login,Deleting your GOV.UK One Login,detailed_guide,835966b5-47b3-4bf5-8b88-d1bb54a50357,en,whitehall,2023-10-25T23:00:00.000Z,2025-10-06T13:47:26.000Z,,,1089,"Digital security,Government technology and digital services,Government,GOV.UK homepage,Identity assurance",Government Digital Service,Government Digital Service,2022 to 2024 Sunak Conservative government,,,
https://www.gov.uk/guidance/a-to-z-of-the-best-free-courses-for-civil-servants,A to Z of the best free courses for civil servants,detailed_guide,6e8fb522-5c4c-4196-acea-02fa59bd802e,en,whitehall,2026-01-27T09:30:03.000Z,2026-01-27T09:30:03.000Z,,,905,"Government,GOV.UK homepage",Government Skills,Government Skills,2024 Starmer Labour government,,,
https://www.gov.uk/guidance/regulating-medical-devices-in-the-uk,Regulating medical devices in the UK,detailed_guide,62d97390-6b7c-4a66-a1c2-cc931f7a619d,en,whitehall,2020-12-31T00:00:00.000Z,2025-02-17T14:21:06.000Z,,,802,"Medical devices regulation and safety,Government,Medicines, medical devices,GOV.UK homepage,Brexit,Health and social care",Medicines and Healthcare products Regulatory Agency,Medicines and Healthcare products Regulatory Agency,2019 to 2022 Johnson Conservative government,,,
https://www.gov.uk/guidance/digital-and-data-learning,"Digital, data and innovation learning",detailed_guide,0e3da3bf-90a8-4492-896c-a9eec4e2230b,en,whitehall,2024-08-22T23:00:00.000Z,2026-02-11T13:49:53.000Z,,,775,"Government,GOV.UK homepage",Government Skills,Government Skills,2024 Starmer Labour government,,,
https://www.gov.uk/guidance/united-kingdom-security-vetting-existing-clearance-holders,United Kingdom Security Vetting: Existing clearance holders,detailed_guide,4fb7df4d-65de-49e0-9744-b3bce804905d,en,whitehall,2020-02-12T00:00:00.000Z,2026-02-11T12:13:37.000Z,,,775,"National security,Government,GOV.UK homepage",United Kingdom Security Vetting,United Kingdom Security Vetting,2019 to 2022 Johnson Conservative government,,,
https://www.gov.uk/guidance/driving-in-the-eu,Driving in the EU,detailed_guide,4476e60d-49e9-4134-8e80-30d2fee80185,en,whitehall,2020-12-31T00:00:00.000Z,2024-03-31T23:01:02.000Z,,,736,"Driving abroad,Driving licences,Government,Transport,Brexit,GOV.UK homepage,Driving and road transport",Department for Transport,"Department for Transport,Driver and Vehicle Standards Agency,Driver and Vehicle Licensing Agency",2019 to 2022 Johnson Conservative government,,,
https://www.gov.uk/guidance/using-the-civil-service-jobs-website,Using the Civil Service Jobs website as a candidate,detailed_guide,a49e910b-b8a3-4927-9453-0f59ba0f4155,en,whitehall,2015-07-21T23:00:00.000Z,2026-01-27T16:59:07.000Z,,,735,"Government,GOV.UK homepage,Government efficiency, transparency and accountability",Government Recruitment Service,"Government Recruitment Service,Civil Service Resourcing",2015 to 2016 Cameron Conservative government,,,
https://www.gov.uk/guidance/a-brief-guide-to-competencies,A brief guide to competencies,detailed_guide,881a88b6-bdb9-4816-9629-d08b519d800c,en,whitehall,2016-04-12T12:22:54.000Z,2016-04-12T12:22:54.000Z,,,716,"Government,Government efficiency, transparency and accountability,GOV.UK homepage",Civil Service Resourcing,Civil Service Resourcing,2015 to 2016 Cameron Conservative government,,,
https://www.gov.uk/guidance/using-the-eu-exit-id-document-check-app,Using the ‘EU Exit: ID Document Check’ app,detailed_guide,b1059fb6-ecdc-468f-9281-5ab232559727,en,whitehall,2018-11-15T00:00:00.000Z,2025-04-08T23:01:04.000Z,,,704,"Rights of foreign nationals in the UK,GOV.UK homepage,Entering and staying in the UK,Rights of EU and EEA citizens,Brexit,Government",UK Visas and Immigration,"UK Visas and Immigration,Home Office",2016 to 2019 May Conservative government,,,
https://www.gov.uk/guidance/check-if-a-goods-movement-reference-is-valid,Check if a goods movement reference is valid,detailed_guide,410dd116-ec91-4023-9665-dea1cab824d0,en,whitehall,2020-12-23T00:00:00.000Z,2025-10-08T13:31:38.000Z,,,701,"Brexit,Customs declarations, duties and tariffs (import and export),Business and industry,Trade and investment,Government,GOV.UK homepage",HM Revenue & Customs,HM Revenue & Customs,2019 to 2022 Johnson Conservative government,,,
https://www.gov.uk/guidance/gsr-social-research-scheme,GSR Research Officer Scheme,detailed_guide,51d31720-b60a-4446-b14a-912bbede976a,en,whitehall,2021-06-09T23:00:00.000Z,2026-02-03T12:19:10.000Z,,,699,"Government efficiency, transparency and accountability,Government,GOV.UK homepage",Government Social Research Profession,Government Social Research Profession,2019 to 2022 Johnson Conservative government,,,
https://www.gov.uk/guidance/civil-service-essentials,Civil Service Essentials,detailed_guide,83a87d68-fbef-46d6-a1d9-514ef7563f90,en,whitehall,2024-08-22T23:00:00.000Z,2024-08-22T23:00:00.000Z,,,599,"Government,GOV.UK homepage",Government Skills,Government Skills,2024 Starmer Labour government,,,
https://www.gov.uk/guidance/contact-defra,Contact Defra,detailed_guide,882069ab-dd79-4a3d-b106-c4ce34c13240,en,whitehall,2017-05-29T23:00:00.000Z,2025-11-05T10:41:41.000Z,,,539,"Government,Government efficiency, transparency and accountability,GOV.UK homepage","Department for Environment, Food & Rural Affairs","Department for Environment, Food & Rural Affairs",2016 to 2019 May Conservative government,,,
https://www.gov.uk/guidance/help-someone-use-govuk-one-login,Help someone use GOV.UK One Login,detailed_guide,4b6a19bf-2a0d-40d7-9407-95f61f88f988,en,whitehall,2024-04-11T23:00:00.000Z,2025-10-06T13:42:32.000Z,,,536,"Digital security,GOV.UK homepage,Government technology and digital services,Identity assurance,Government",Government Digital Service,Government Digital Service,2022 to 2024 Sunak Conservative government,,,
https://www.gov.uk/guidance/provider-referrals-and-payments-prap-system-for-dwp,Provider Referrals and Payments (PRaP) system for DWP,detailed_guide,ac9c462f-6e33-4d0d-97f3-1d62398d9255,en,whitehall,2018-10-09T23:00:00.000Z,2024-09-20T10:14:07.000Z,,,531,"GOV.UK homepage,Government efficiency, transparency and accountability,Government",Department for Work and Pensions,Department for Work and Pensions,2016 to 2019 May Conservative government,,,
https://www.gov.uk/guidance/eu-settlement-scheme-applying-from-outside-the-uk,EU Settlement Scheme: applying from outside the UK,detailed_guide,5462e07a-889f-41fa-8e92-0e9af030765d,en,whitehall,2019-04-08T23:00:00.000Z,2024-08-01T13:37:10.000Z,,,493,"Government,Brexit,Rights of foreign nationals in the UK,Rights of EU and EEA citizens,GOV.UK homepage,Entering and staying in the UK",UK Visas and Immigration,"UK Visas and Immigration,Home Office",2016 to 2019 May Conservative government,,,
https://www.gov.uk/guidance/accessibility-requirements-for-public-sector-websites-and-apps,Understanding accessibility requirements for public sector bodies,detailed_guide,e0d9966f-408d-48e7-bded-dd03c3ae355d,en,whitehall,2018-05-08T23:00:00.000Z,2024-09-30T12:15:01.000Z,,,466,"Design and build of government services,Managing government websites,Digital accessibility,Government technology and digital services,Government,Government content and publishing,GOV.UK homepage",Government Digital Service,"Government Digital Service,Central Digital and Data Office",2016 to 2019 May Conservative government,,,
https://www.gov.uk/guidance/using-chatbots-and-webchat-tools,Using chatbots and webchat tools,detailed_guide,0091aebc-f996-45b1-adc5-b5d607484714,en,whitehall,2020-04-03T15:12:15.000Z,2020-04-03T15:12:15.000Z,,,457,"Digital accessibility,Smarter working,Digital security,Buying technology,Government,Digital transformation,GOV.UK homepage,Digital service security,Government technology and digital services,Design and build of government services",Government Digital Service,"Government Digital Service,Central Digital and Data Office",2019 to 2022 Johnson Conservative government,,,
https://www.gov.uk/guidance/preparing-for-the-casework-skills-test,Preparing for the Casework Skills Test,detailed_guide,e062cc7e-13d8-40de-973e-0cf290634bb0,en,whitehall,2021-01-18T10:15:00.000Z,2023-08-18T14:51:12.000Z,,,432,"GOV.UK homepage,Government",Government People Group,Government People Group,2019 to 2022 Johnson Conservative government,,,
https://www.gov.uk/guidance/get-help-with-benefits-and-pensions-if-you-have-accessibility-needs,Get help with benefits and pensions if you have accessibility needs,detailed_guide,7621b67d-30fa-4754-bc85-f7e0548b0235,en,whitehall,2020-04-22T23:00:00.000Z,2025-09-30T14:59:03.000Z,,,423,"Government,GOV.UK homepage,Government technology and digital services,Benefits entitlement,Digital accessibility,Welfare",Department for Work and Pensions,Department for Work and Pensions,2019 to 2022 Johnson Conservative government,,,
https://www.gov.uk/guidance/returning-to-the-uk,Returning to the UK,detailed_guide,2982f6f0-20b0-451f-a728-e5bcbf3e7e71,en,whitehall,2019-10-02T23:00:00.000Z,2021-03-29T13:10:51.000Z,,,406,"Government,Permanent stay in the UK,Entering and staying in the UK,GOV.UK homepage,Brexit","Department for Levelling Up, Housing and Communities ","Department for Levelling Up, Housing and Communities ,Ministry of Housing, Communities & Local Government (2018 to 2021)",2019 to 2022 Johnson Conservative government,,,
https://www.gov.uk/guidance/data-use-and-access-act-2025-data-protection-and-privacy-changes,Data (Use and Access) Act 2025: data protection and privacy changes,detailed_guide,e1199587-f173-4c76-b81b-74ecf7955983,en,whitehall,2025-06-26T23:00:00.000Z,2025-06-26T23:00:00.000Z,,,390,"Data,Government,GOV.UK homepage,Public services","Department for Science, Innovation and Technology","Department for Science, Innovation and Technology",2024 Starmer Labour government,,,
https://www.gov.uk/guidance/how-to-buy-printed-copies-of-official-documents,How to buy print copies of official documents,detailed_guide,5efc1f67-7631-11e4-a3cb-005056011aef,en,whitehall,2014-03-03T17:56:00.000Z,2022-03-21T12:25:37.000Z,,,384,"GOV.UK homepage,Legislative process,Government,Democracy,Government efficiency, transparency and accountability",The National Archives,The National Archives,2010 to 2015 Conservative and Liberal Democrat coalition government,,,
https://www.gov.uk/guidance/travel-to-spain-for-work,Travel to Spain for work,detailed_guide,d2b8d6cb-83d9-473c-b3e5-cc8e5933b02c,en,whitehall,2021-04-29T23:00:00.000Z,2024-04-15T09:27:10.000Z,,,379,"Government,Europe,GOV.UK homepage,Going and being abroad,Travel abroad",Department for Business and Trade,Department for Business and Trade,2019 to 2022 Johnson Conservative government,,,
https://www.gov.uk/guidance/nhs-entitlements-migrant-health-guide,NHS entitlements: migrant health guide,detailed_guide,602374e2-7631-11e4-a3cb-005056011aef,en,whitehall,2014-07-30T23:00:00.000Z,2023-10-02T09:59:49.000Z,,,372,"Entering and staying in the UK,Health and social care,Tuberculosis (TB) testing,GOV.UK homepage,Visas and entry clearance,Public health,Migrant health,Health protection,COVID-19,National Health Service,Government,Brexit",Office for Health Improvement and Disparities,Office for Health Improvement and Disparities,2010 to 2015 Conservative and Liberal Democrat coalition government,,,
https://www.gov.uk/guidance/business-rates-multipliers-qualifying-retail-hospitality-or-leisure,"Business Rates Multipliers: Qualifying Retail, Hospitality or Leisure",detailed_guide,0d5d9536-ea43-4d79-bcf8-f43d6ac2ab6b,en,whitehall,2025-10-15T23:00:00.000Z,2026-01-27T14:18:28.000Z,,,366,"Business rates,Regional and local government,GOV.UK homepage,Local government,Government",HM Treasury,HM Treasury,2024 Starmer Labour government,,,
https://www.gov.uk/guidance/living-in-ireland,Living in Ireland,detailed_guide,5e2ddbb5-7631-11e4-a3cb-005056011aef,en,whitehall,2013-05-13T23:00:00.000Z,2025-12-11T13:40:54.000Z,,,346,"Living in Ireland,Living abroad,Government,UK help and services in Ireland,GOV.UK homepage,Europe,Help and services around the world,British nationals overseas,Going and being abroad","Foreign, Commonwealth & Development Office","Foreign, Commonwealth & Development Office",2010 to 2015 Conservative and Liberal Democrat coalition government,,,
https://www.gov.uk/guidance/benefits-and-pensions-for-uk-nationals-in-the-eea-or-switzerland,"Benefits and pensions for UK nationals in the EU, EEA or Switzerland",detailed_guide,8e15ec04-080d-4892-937a-ab19e07d8b39,en,whitehall,2020-01-24T00:00:00.000Z,2024-01-25T07:47:38.000Z,,,338,"Living abroad,Brexit,Pensions and ageing society,British nationals overseas,Welfare,Going and being abroad,Benefits entitlement,Government,GOV.UK homepage,Work",Department for Work and Pensions,Department for Work and Pensions,2019 to 2022 Johnson Conservative government,,,
https://www.gov.uk/guidance/healthcare-in-spain-including-the-balearic-and-canary-islands,Healthcare for UK nationals living in Spain,detailed_guide,7c0d8a75-cfb8-42d9-b386-86e1f73e7934,en,whitehall,2019-09-22T23:00:00.000Z,2022-07-27T10:43:55.000Z,,,325,"Brexit,GOV.UK homepage,Living in Spain,Going and being abroad,UK help and services in Spain,British nationals overseas,Living abroad,Help and services around the world,Health and social care,Government",Department of Health and Social Care,"Department of Health and Social Care,Foreign, Commonwealth & Development Office",2019 to 2022 Johnson Conservative government,,,
https://www.gov.uk/guidance/trader-support-service,Sign up for the Trader Support Service,detailed_guide,b1891d40-9e50-4eac-8d62-b278c19666e1,en,whitehall,2020-06-11T09:55:00.000Z,2023-06-09T11:02:49.000Z,,,322,"Government,Importing,Brexit,Exporting,Trade and investment,Government efficiency, transparency and accountability,GOV.UK homepage,Customs declarations, duties and tariffs (import and export),Business and industry",HM Revenue & Customs,HM Revenue & Customs,2019 to 2022 Johnson Conservative government,,,
https://www.gov.uk/guidance/eu-settlement-scheme-uk-tax-and-benefits-records-automated-check,EU Settlement Scheme: UK tax and benefits records automated check,detailed_guide,bd8b09eb-1239-49ed-937c-61800dee1e65,en,whitehall,2019-03-29T00:00:00.000Z,2025-01-29T12:47:09.000Z,,,321,"Government,Entering and staying in the UK,Rights of foreign nationals in the UK,GOV.UK homepage,Brexit,Rights of EU and EEA citizens",Home Office,Home Office,2016 to 2019 May Conservative government,,,
https://www.gov.uk/guidance/driving-in-the-eu-uk-licence-holders-living-in-the-eu,"Driving in Europe: UK licence holders living in the EU, Iceland, Liechtenstein, Norway or Switzerland",detailed_guide,d6ef60cb-1cdf-41eb-8f2f-a9b64a0dce6d,en,whitehall,2020-12-31T00:00:00.000Z,2024-02-23T09:14:41.000Z,,,308,"Brexit,Transport,GOV.UK homepage,Driving licences,Going and being abroad,Living abroad,Government,Driving and road transport,Driving abroad",Department for Transport,"Department for Transport,Driver and Vehicle Licensing Agency",2019 to 2022 Johnson Conservative government,,,
https://www.gov.uk/guidance/trading-and-moving-goods-in-and-out-of-northern-ireland,Trading and moving goods in and out of Northern Ireland,detailed_guide,cc9d3d84-1310-4a49-8489-ed4aea24df1b,en,whitehall,2020-12-07T00:00:00.000Z,2025-12-10T11:04:52.000Z,,,293,"Customs declarations, duties and tariffs (import and export),Brexit,Trade and investment,GOV.UK homepage,Business and industry,Government",HM Revenue & Customs,HM Revenue & Customs,2019 to 2022 Johnson Conservative government,,,
https://www.gov.uk/guidance/3-national-bus-fare-cap,£3 national bus fare cap,detailed_guide,b58aa518-63b6-498a-8c62-7556f637dcbf,en,whitehall,2025-01-01T00:00:00.000Z,2026-01-01T00:01:09.000Z,,,291,"Government efficiency, transparency and accountability,Buses,Bus services, routes and timetables,Government,Economic growth,GOV.UK homepage,Transport,Local transport,Government missions,Bus passenger experience",Department for Transport,Department for Transport,2024 Starmer Labour government,,,
https://www.gov.uk/guidance/procurement-review-unit,Procurement Review Unit,detailed_guide,39ec82fe-910f-40d5-b2fe-f70fa2042f4f,en,whitehall,2025-02-24T00:00:00.000Z,2025-12-03T13:11:19.000Z,,,290,"Government,GOV.UK homepage",Cabinet Office,Cabinet Office,2024 Starmer Labour government,,,
https://www.gov.uk/guidance/health-professionals-pharmaceutical-products-and-vat-notice-70157,Health professionals and pharmaceutical products (VAT Notice 701/57),detailed_guide,b27cf095-7cbd-498b-954f-5d704e6d46e8,en,whitehall,2014-07-27T23:00:00.000Z,2025-04-23T14:48:46.000Z,,,290,"VAT,Money,Business tax,GOV.UK homepage,Government,Rules for particular trades,Accounting for VAT,Brexit",HM Revenue & Customs,HM Revenue & Customs,2010 to 2015 Conservative and Liberal Democrat coalition government,,,
https://www.gov.uk/working-abroad,Work in an EU country,guide,12806ea7-f02c-4a2f-acd4-98df5e38ed64,en,publisher,2012-01-26T13:58:47.000Z,2015-02-24T13:52:42.000Z,,,287,"UK help and services in France,UK help and services in Germany,UK help and services in Czechia,UK help and services in Belgium,Tax, benefits, pensions and working abroad in Finland,Tax, benefits, pensions and working abroad in Slovenia,UK help and services in Bulgaria,Tax, benefits, pensions and working abroad in Cyprus,Tax, benefits, pensions and working abroad in Spain,UK help and services in Italy,UK help and services in Norway,Tax, benefits, pensions and working abroad in Italy,UK help and services in Liechtenstein,UK help and services in Slovakia,Tax, benefits, pensions and working abroad in Latvia,GOV.UK homepage,Tax, benefits, pensions and working abroad in Liechtenstein,UK help and services in Finland,UK help and services in Croatia,UK help and services in Netherlands,Tax, benefits, pensions and working abroad in Estonia,UK help and services in Luxembourg,UK help and services in Cyprus,Tax, benefits, pensions and working abroad in Germany,UK help and services in Malta,Tax, benefits, pensions and working abroad in Romania,Tax, benefits, pensions and working abroad in Austria,UK help and services in Hungary,Work,Countries (Living In),Tax, benefits, pensions and working abroad in Slovakia,Tax, benefits, pensions and working abroad in Croatia,Tax, benefits, pensions and working abroad in Lithuania,UK help and services in Slovenia,Tax, benefits, pensions and working abroad in Switzerland,Your pay, tax and the National Minimum Wage,UK help and services in Sweden,Living abroad,Your rights at work and trade unions,UK help and services in Estonia,UK help and services in Portugal,UK help and services in Austria,Tax, benefits, pensions and working abroad,UK help and services in Lithuania,Tax, benefits, pensions and working abroad in Belgium,Tax, benefits, pensions and working abroad in Netherlands,Help and services around the world,UK help and services in Latvia,UK help and services in Greece,Tax, benefits, pensions and working abroad in Sweden,Tax, benefits, pensions and working abroad in Hungary,UK help and services in Switzerland,Working, jobs and pensions,UK help and services in Denmark,Going and being abroad,Money,UK help and services in Spain,Tax, benefits, pensions and working abroad in Denmark,Tax, benefits, pensions and working abroad in Ireland,Tax, benefits, pensions and working abroad in Luxembourg,Tax, benefits, pensions and working abroad in Norway,Brexit,UK help and services in Ireland,Tax, benefits, pensions and working abroad in Poland,Tax, benefits, pensions and working abroad in France,Tax, benefits, pensions and working abroad in Bulgaria,Tax, benefits, pensions and working abroad in Portugal,Government,Tax, benefits, pensions and working abroad in Malta,Tax, benefits, pensions and working abroad in Czechia,Tax, benefits, pensions and working abroad in Greece,UK help and services in Romania,UK help and services in Iceland,UK help and services in Poland,Personal tax,Tax, benefits, pensions and working abroad in Iceland",Government Digital Service,"Foreign, Commonwealth & Development Office,HM Revenue & Customs",,,,
https://www.gov.uk/guidance/national-underground-asset-register-nuar,National Underground Asset Register (NUAR),detailed_guide,12f0753c-1a27-4bf6-88d0-e60e240a1b59,en,whitehall,2022-03-22T00:00:00.000Z,2025-11-24T16:08:10.000Z,,,281,"Regional and local government,Transport,Design and build of government services,Northern Ireland,Wales,GOV.UK homepage,Government technology and digital services,Road infrastructure,Government,Road works and street works",Government Digital Service,"Government Digital Service,Geospatial Commission,Department for Science, Innovation and Technology",2019 to 2022 Johnson Conservative government,,,
https://www.gov.uk/guidance/government-design-principles,Government Design Principles,detailed_guide,84f02810-f04a-4454-b09e-b585af0489a3,en,whitehall,2012-04-02T23:00:00.000Z,2025-04-02T10:39:21.000Z,,,278,"Government,Government efficiency, transparency and accountability,GOV.UK homepage",Government Digital Service,"Government Digital Service,Central Digital and Data Office",2010 to 2015 Conservative and Liberal Democrat coalition government,,,
https://www.gov.uk/guidance/the-withdrawal-agreement-what-uk-nationals-need-to-know-about-citizens-rights,The Withdrawal Agreement: what UK nationals need to know about citizens’ rights,detailed_guide,5292c3b9-160b-4e43-9a10-27a3b4fb5da5,en,whitehall,2020-11-06T13:37:00.000Z,2020-11-06T13:37:00.000Z,,,278,"Government,Going and being abroad,Living abroad,GOV.UK homepage,Europe","Foreign, Commonwealth & Development Office","Foreign, Commonwealth & Development Office",2019 to 2022 Johnson Conservative government,,,
https://www.gov.uk/guidance/healthcare-for-uk-nationals-visiting-spain,Healthcare for UK nationals visiting Spain,detailed_guide,4911e1dd-360d-456a-b0ff-7b49c74bfff5,en,whitehall,2020-01-31T00:00:00.000Z,2021-09-02T12:52:13.000Z,,,267,"Government,UK help and services in Spain,Travel abroad,Health and social care,Going and being abroad,British nationals overseas,Help and services around the world,Travelling to Spain,GOV.UK homepage,Travelling abroad,Brexit",Department of Health and Social Care,"Department of Health and Social Care,Foreign, Commonwealth & Development Office",2019 to 2022 Johnson Conservative government,,,
https://www.gov.uk/guidance/appoint-someone-to-deal-with-customs-on-your-behalf,Get someone to deal with customs for you,detailed_guide,ad4c8908-3ad1-4e7d-a569-c615aa53401b,en,whitehall,2019-01-12T00:00:00.000Z,2025-02-06T10:45:50.000Z,,,261,"Importing,Exporting,GOV.UK homepage,Trade and investment,Business and industry,Government,Customs declarations, duties and tariffs (import and export),Brexit",HM Revenue & Customs,HM Revenue & Customs,2016 to 2019 May Conservative government,,,
https://www.gov.uk/guidance/healthcare-for-eu-and-efta-nationals-living-in-the-uk,Healthcare for EU citizens living in or moving to the UK,detailed_guide,e256dca9-577f-4bb6-9bf9-ec7a7e5aed91,en,whitehall,2019-03-19T00:00:00.000Z,2024-02-22T11:21:24.000Z,,,259,"Brexit,National Health Service,Entering and staying in the UK,Health and social care,Government,GOV.UK homepage",Department of Health and Social Care,Department of Health and Social Care,2016 to 2019 May Conservative government,,,
https://www.gov.uk/guidance/trailer-registration,Check if you need to register a trailer before towing it abroad,detailed_guide,f8ce6166-5069-4a43-a92d-5628027106ec,en,whitehall,2018-10-24T23:00:00.000Z,2025-08-25T23:01:01.000Z,,,259,"Road safety, driving rules and penalties,Vehicle operator licences,Transport,Transport businesses and vehicle operator licences,HGV and goods carriage vehicle licensing,Freight, haulage and cargo,Road haulage,GOV.UK homepage,Going and being abroad,Driving and road transport,Government,Brexit,Professional driving of lorries, buses and coaches,EU and international driving rules,Towing,Travel abroad",Department for Transport,"Department for Transport,Driver and Vehicle Licensing Agency,Driver and Vehicle Standards Agency,Traffic Commissioners for Great Britain",2016 to 2019 May Conservative government,,,
https://www.gov.uk/guidance/tariffs-on-goods-imported-into-the-uk,Tariffs on goods imported into the UK,detailed_guide,329b6ec2-d703-456c-b1dc-03bf497e1204,en,whitehall,2020-12-31T23:30:00.000Z,2023-04-04T07:36:57.000Z,,,258,"GOV.UK homepage,Business and industry,Customs declarations, duties and tariffs (import and export),Government,Trade and investment,Brexit,Importing",Department for Business and Trade,"Department for Business and Trade,Department for International Trade",2019 to 2022 Johnson Conservative government,,,
https://www.gov.uk/guidance/use-govuk-one-login,Use GOV.UK One Login,detailed_guide,a1468140-d7f2-46a5-bf70-3ce01a9dc1ef,en,whitehall,2024-02-23T00:00:00.000Z,2024-03-06T10:53:38.000Z,,,257,"GOV.UK homepage,Government,Design and build of government services,Government technology and digital services",Government Digital Service,"Government Digital Service,Central Digital and Data Office",2022 to 2024 Sunak Conservative government,,,
https://www.gov.uk/guidance/the-aqua-book,The AQuA Book,detailed_guide,c7728849-859f-4b64-a27e-05d582db2d21,en,whitehall,2025-07-29T23:00:00.000Z,2025-07-29T23:00:00.000Z,,,254,"Data,Government,GOV.UK homepage",Government Operational Research Service,"Government Operational Research Service,Government Analysis Function,Government Actuary's Department,Office for National Statistics",2024 Starmer Labour government,,,
https://www.gov.uk/guidance/register-for-an-induction-to-the-civil-service,Civil Service Induction,detailed_guide,d78e00c7-5dcb-45df-8d29-4e2bf0025397,en,whitehall,2021-10-06T23:00:00.000Z,2025-10-30T12:58:30.000Z,,,252,"GOV.UK homepage,Government",Government Skills,Government Skills,2019 to 2022 Johnson Conservative government,,,
https://www.gov.uk/guidance/accessibility-statement-for-the-govuk-app,Accessibility statement for the GOV.UK app,detailed_guide,13f317a3-5f7d-4e28-bf76-149836720b4b,en,whitehall,2025-03-18T00:00:00.000Z,2025-09-12T08:40:39.000Z,,,250,"Government technology and digital services,Government,GOV.UK services,GOV.UK homepage",Government Digital Service,Government Digital Service,2024 Starmer Labour government,,,
https://www.gov.uk/guidance/proving-originating-status-and-claiming-a-reduced-rate-of-customs-duty-for-trade-between-the-uk-and-eu,Proving originating status and claiming a reduced rate of Customs Duty for trade between the UK and EU,detailed_guide,1829e0aa-5728-4954-b650-55e8a6515856,en,whitehall,2021-10-06T13:48:00.000Z,2022-12-20T14:03:35.000Z,,,246,"Importing,Government,Trade and investment,Brexit,GOV.UK homepage,Exporting,Business and industry",HM Revenue & Customs,HM Revenue & Customs,2019 to 2022 Johnson Conservative government,,,
https://www.gov.uk/guidance/vat-and-overseas-goods-sold-directly-to-customers-in-the-uk,VAT and overseas goods sold directly to customers in the UK,detailed_guide,a91d1f7d-7d4d-4476-9ce2-3f789e4fa348,en,whitehall,2020-11-20T14:33:00.000Z,2022-05-13T08:09:05.000Z,,,241,"Brexit,VAT,Government,GOV.UK homepage,Importing goods and services,Money,Overseas businesses and UK VAT,Business tax",HM Revenue & Customs,HM Revenue & Customs,2019 to 2022 Johnson Conservative government,,,
https://www.gov.uk/guidance/data-use-and-access-act-2025-plans-for-commencement,Data Use and Access Act 2025: plans for commencement,detailed_guide,78f33c43-de0a-4c4a-8ce8-202f105c33e5,en,whitehall,2025-07-24T23:00:00.000Z,2026-02-05T10:43:38.000Z,,,241,"Public services,GOV.UK homepage,Government","Department for Science, Innovation and Technology","Department for Science, Innovation and Technology",2024 Starmer Labour government,,,
https://www.gov.uk/guidance/groundwater-flooding,Groundwater flooding,detailed_guide,1e038c86-52df-4dcb-a4eb-14e03e6a7d40,en,whitehall,2011-08-01T00:00:00.000Z,2023-09-20T09:48:22.000Z,,,239,"Government,River maintenance, flooding and coastal erosion,Emergency preparation, response and recovery,GOV.UK homepage,Water management,Groundwater,Environment",Environment Agency,Environment Agency,2010 to 2015 Conservative and Liberal Democrat coalition government,,,
https://www.gov.uk/guidance/current-crown-commercial-service-suppliers-what-you-need-to-know,Current Crown Commercial Service suppliers: what you need to know,detailed_guide,60564f73-7631-11e4-a3cb-005056011aef,en,whitehall,2014-12-08T00:00:00.000Z,2026-02-16T13:53:45.000Z,,,235,"Government spending,Government,Government efficiency, transparency and accountability,GOV.UK homepage",Crown Commercial Service,Crown Commercial Service,2010 to 2015 Conservative and Liberal Democrat coalition government,,,
https://www.gov.uk/guidance/companies-house-data-products,Companies House data products,detailed_guide,7c16c86b-fe20-48b1-8eba-a4cd0cd9c013,en,whitehall,2019-06-17T23:00:00.000Z,2022-10-25T13:52:30.000Z,,,234,"GOV.UK homepage,Government,APIs and app development,Business and industry,Government technology and digital services,Data",Companies House,Companies House,2016 to 2019 May Conservative government,,,
https://www.gov.uk/guidance/the-technology-code-of-practice,The Technology Code of Practice,detailed_guide,0996d757-6e1a-4313-b8fa-90516695ef58,en,whitehall,2021-07-13T23:00:00.000Z,2025-07-07T16:53:40.000Z,,,232,"Government,Data,Digital transformation,Open source and open standards,Digital accessibility,Government technology and digital services,Buying technology,GOV.UK homepage,APIs and app development,Digital security",Government Digital Service,"Government Digital Service,Central Digital and Data Office",2019 to 2022 Johnson Conservative government,,,
https://www.gov.uk/guidance/carry-out-international-road-haulage,Carry out international road haulage,detailed_guide,84bfbc25-0ad1-424d-bb44-59e81d4ee0b2,en,whitehall,2020-12-31T00:00:00.000Z,2026-02-12T15:46:16.000Z,,,231,"Driving and road transport,Freight, haulage and cargo,Exporting,Transport businesses and vehicle operator licences,Road haulage,Government,EU and international driving rules,Business and industry,Professional driving of lorries, buses and coaches,Importing,Transport,Trade and investment,HGV and goods carriage vehicle licensing,Vehicle operator licences,GOV.UK homepage,Brexit",Department for Transport,"Department for Transport,Driver and Vehicle Standards Agency,Traffic Commissioners for Great Britain",2019 to 2022 Johnson Conservative government,,,
https://www.gov.uk/guidance/what-to-do-about-unexpected-messages-from-govuk-one-login,What to do about unexpected messages from GOV.UK One Login,detailed_guide,11adb7f4-7fdf-47a2-8ad2-5346b7ba1a7d,en,whitehall,2024-05-23T23:00:00.000Z,2024-06-03T11:07:11.000Z,,,224,"Digital security,GOV.UK homepage,Government technology and digital services,Government,Identity assurance",Government Digital Service,Government Digital Service,2022 to 2024 Sunak Conservative government,,,
https://www.gov.uk/guidance/govuk-id-check-app-accessibility-statement,GOV.UK ID Check app: accessibility statement,detailed_guide,db3081c1-159a-4a9b-8d99-3d6d8733f069,en,whitehall,2022-07-17T23:00:00.000Z,2026-01-09T11:41:16.000Z,,,219,"Government technology and digital services,Digital accessibility,Government,GOV.UK homepage",Government Digital Service,Government Digital Service,2019 to 2022 Johnson Conservative government,,,
https://www.gov.uk/guidance/submit-a-cosmetic-product-notification,Submit a cosmetic product notification,detailed_guide,41a165cf-f526-4c01-b09b-3465a0227d22,en,whitehall,2020-12-18T09:23:00.000Z,2020-12-31T22:00:09.000Z,,,216,"Business and industry,Brexit,Product safety,Government,GOV.UK homepage,Business regulation",Office for Product Safety and Standards,Office for Product Safety and Standards,2019 to 2022 Johnson Conservative government,,,
https://www.gov.uk/guidance/legal-aid-agency-cyber-security-incident,Legal Aid Agency cyber security incident,detailed_guide,56190eb6-47eb-426d-a698-3e4c2c04c2b7,en,whitehall,2025-05-21T23:00:00.000Z,2026-01-27T15:04:13.000Z,,,214,"Cyber security,Data protection,Crime, justice and law,Government,GOV.UK homepage",Ministry of Justice,"Ministry of Justice,Legal Aid Agency",2024 Starmer Labour government,,,
https://www.gov.uk/guidance/list-of-ports-using-the-goods-vehicle-movement-service,List of ports using the Goods Vehicle Movement Service,detailed_guide,e6b603dc-70b4-4889-ace1-edeac4665231,en,whitehall,2020-12-11T00:00:00.000Z,2025-12-09T10:14:41.000Z,,,211,"Customs declarations, duties and tariffs (import and export),Government,Trade and investment,Brexit,GOV.UK homepage,Business and industry",HM Revenue & Customs,HM Revenue & Customs,2019 to 2022 Johnson Conservative government,,,
https://www.gov.uk/guidance/report-payments-and-view-your-allowance-for-non-customs-state-aid-and-customs-duty-waiver-claims,Report payments and view your allowance for non-customs state aid and Customs Duty waiver claims,detailed_guide,9a592b84-c9ee-4cb7-a9b6-095ad2ddd3fa,en,whitehall,2023-07-02T23:00:00.000Z,2026-01-05T09:00:00.000Z,,,207,"Government,Importing,Trade and investment,Exporting,Business and industry,Brexit: business guidance,Brexit,GOV.UK homepage",HM Revenue & Customs,HM Revenue & Customs,2022 to 2024 Sunak Conservative government,,,
https://www.gov.uk/guidance/eu-settlement-scheme-how-we-use-your-personal-information,EU Settlement Scheme: how we use your personal information,detailed_guide,85b8d255-d393-4932-86e8-55755e1db93a,en,whitehall,2019-03-11T16:17:00.000Z,2019-04-11T15:33:44.000Z,,,204,"Brexit,GOV.UK homepage,Government",UK Visas and Immigration,"UK Visas and Immigration,Home Office",2016 to 2019 May Conservative government,,,
https://www.gov.uk/guidance/reasonable-adjustments-for-online-tests-a-candidate-guide,Reasonable adjustments for online tests - a candidate guide,detailed_guide,bd9f5120-cb53-44ce-a953-989561b96cb1,en,whitehall,2019-11-07T00:00:00.000Z,2026-01-28T09:19:16.000Z,,,204,"GOV.UK homepage,Government",Government People Group,Government People Group,2019 to 2022 Johnson Conservative government,,,
https://www.gov.uk/guidance/list-of-customs-agents-and-fast-parcel-operators,Search the register of customs agents and express operators,detailed_guide,6e300731-1f56-4118-b7f9-27393d335070,en,whitehall,2019-10-13T23:00:00.000Z,2026-01-27T09:46:03.000Z,,,202,"Customs declarations, duties and tariffs (import and export),Government,Trade and investment,GOV.UK homepage,Business and industry,Importing,Brexit,Exporting",HM Revenue & Customs,HM Revenue & Customs,2019 to 2022 Johnson Conservative government,,,
https://www.gov.uk/guidance/problems-signing-in-HMRC-services,Problems signing in to HMRC services,detailed_guide,6c3c4f8a-5c38-4700-85e2-4313275fea56,en,whitehall,2019-02-15T00:00:00.000Z,2021-06-14T09:33:24.000Z,,,202,"Passwords,GOV.UK homepage,Digital service security,Government,Identity assurance,Government technology and digital services,Digital security",HM Revenue & Customs,HM Revenue & Customs,2016 to 2019 May Conservative government,,,
https://www.gov.uk/guidance/register-to-make-submissions-to-the-mhra,Register to make submissions to the MHRA,detailed_guide,42fa7961-4bd2-4de1-986d-9bbf471fd1df,en,whitehall,2020-12-31T00:00:00.000Z,2021-05-04T10:47:45.000Z,,,197,"Brexit,Government,Medicines, medical devices,Health and social care,GOV.UK homepage",Medicines and Healthcare products Regulatory Agency,Medicines and Healthcare products Regulatory Agency,2019 to 2022 Johnson Conservative government,,,
https://www.gov.uk/guidance/mod-guard-service,MOD Guard Service,detailed_guide,5c85abe3-7631-11e4-a3cb-005056011aef,en,whitehall,2012-12-12T20:16:00.000Z,2020-06-24T16:06:35.000Z,,,193,"GOV.UK homepage,Defence and armed forces,National security,Government",Ministry of Defence,"Ministry of Defence,Defence Infrastructure Organisation",2010 to 2015 Conservative and Liberal Democrat coalition government,,,
https://www.gov.uk/guidance/public-bodies-reform,Public bodies,detailed_guide,5d5f79bf-7631-11e4-a3cb-005056011aef,en,whitehall,2013-02-19T00:00:00.000Z,2025-01-07T14:14:06.000Z,,,191,"Government,Government efficiency, transparency and accountability,GOV.UK homepage",Cabinet Office,Cabinet Office,2010 to 2015 Conservative and Liberal Democrat coalition government,,,
https://www.gov.uk/guidance/making-cosmetic-products-available-to-consumers-in-great-britain,Making cosmetic products available to consumers in Great Britain,detailed_guide,c214a891-0f91-458e-985a-677e2a21f2f0,en,whitehall,2021-10-03T23:00:00.000Z,2021-10-03T23:00:00.000Z,,,189,"Business regulation,Product safety,Government,GOV.UK homepage,Brexit,Business and industry",Department for Business and Trade,"Department for Business and Trade,Office for Product Safety and Standards",2019 to 2022 Johnson Conservative government,,,
https://www.gov.uk/guidance/national-security-and-investment-act-guidance-on-acquisitions,Check if you need to tell the government about an acquisition that could harm the UK's national security,detailed_guide,16511cc7-03c0-4719-93d1-554964d216f5,en,whitehall,2021-07-19T23:00:00.000Z,2025-06-18T14:00:05.000Z,,,186,"Business and industry,GOV.UK homepage,Government,Trade and investment,National security",Cabinet Office,Cabinet Office,2019 to 2022 Johnson Conservative government,,,
https://www.gov.uk/guidance/g-cloud-buyers-guide,G-Cloud buyers' guide,detailed_guide,acfe4058-80a5-4429-b2f4-22f8e4d31082,en,whitehall,2013-09-23T23:00:00.000Z,2024-03-11T16:16:16.000Z,,,185,"Government technology and digital services,Government,GOV.UK homepage,Buying technology,Government spending,Digital Marketplace,Government efficiency, transparency and accountability",Crown Commercial Service,Crown Commercial Service,2010 to 2015 Conservative and Liberal Democrat coalition government,,,
https://www.gov.uk/guidance/construction-products-regulation-in-great-britain,Construction Products Regulation in Great Britain,detailed_guide,0cfd781f-1f00-40c3-8d4f-ca70e771e5d0,en,whitehall,2020-08-31T23:00:00.000Z,2025-05-21T16:30:00.000Z,,,185,"GOV.UK homepage,Brexit,Housing, local and community,Government,Planning and building,Building regulation","Ministry of Housing, Communities and Local Government","Ministry of Housing, Communities and Local Government,Ministry of Housing, Communities & Local Government (2018 to 2021),Department for Levelling Up, Housing and Communities ",2019 to 2022 Johnson Conservative government,,,
https://www.gov.uk/guidance/hmrc-email-alerts-videos-and-webinars-about-importing-and-exporting,"HMRC email updates, videos and webinars about importing and exporting",detailed_guide,f008c8f6-e0a9-4a04-9e9c-317bffb8f6d7,en,whitehall,2022-09-21T23:00:00.000Z,2026-02-13T10:55:26.000Z,,,181,"Government,Brexit: business guidance,Rules for specific goods and services,Trade and investment,Business and industry,Customs Freight Simplified Procedures,Brexit: guidance for individuals,UK Trade Tariff and classification of goods,Get goods through customs,Commodity codes and reporting,Exporting,GOV.UK homepage,Customs declarations, duties and tariffs (import and export),Export controls and licensing,Import controls,Importing,Brexit",HM Revenue & Customs,HM Revenue & Customs,2022 Truss Conservative government,,,
https://www.gov.uk/guidance/healthcare-for-eu-and-efta-citizens-visiting-the-uk,Healthcare for visitors to the UK from the EU,detailed_guide,d66bc465-2524-4991-8f53-afc20debbeb8,en,whitehall,2019-03-19T00:00:00.000Z,2025-07-24T12:05:54.000Z,,,181,"Brexit,GOV.UK homepage,Health and social care,Government",Department of Health and Social Care,Department of Health and Social Care,2016 to 2019 May Conservative government,,,
https://www.gov.uk/guidance/assistant-economist-recruitment,Assistant Economist Graduate Scheme,detailed_guide,326d0dc4-ac6d-4a2d-acdc-7d8385b840ff,en,whitehall,2018-01-11T00:00:00.000Z,2026-02-03T12:30:53.000Z,,,177,"Government efficiency, transparency and accountability,GOV.UK homepage,Government",Government Economic Service,Government Economic Service,2016 to 2019 May Conservative government,,,
https://www.gov.uk/guidance/999-and-112-the-uks-national-emergency-numbers,999 and 112: the UK's national emergency numbers,detailed_guide,f4f6eb00-4e5c-4098-ae46-27a8ba031d07,en,whitehall,2021-08-11T23:00:00.000Z,2025-04-01T10:32:44.000Z,,,169,"Fire prevention and rescue,Emergency preparation, response and recovery,GOV.UK homepage,Government,Health and social care","Department for Science, Innovation and Technology","Department for Science, Innovation and Technology,Department of Health and Social Care,Home Office",2019 to 2022 Johnson Conservative government,,,
https://www.gov.uk/guidance/prompt-payment-policy,Prompt payment policy,detailed_guide,cdc494cf-dc55-4f6c-84f2-3c8a4649919a,en,whitehall,2015-11-20T00:00:00.000Z,2025-04-24T11:00:10.000Z,,,168,"Government,Government efficiency, transparency and accountability,GOV.UK homepage",Cabinet Office,Cabinet Office,2015 to 2016 Cameron Conservative government,,,
https://www.gov.uk/guidance/find-registered-digital-identity-and-attribute-services,Find registered digital identity and attribute services,detailed_guide,212b3b13-1cf2-450a-b19a-d393fc215843,en,whitehall,2024-09-19T23:00:00.000Z,2025-12-01T14:00:02.000Z,,,167,"Government technology and digital services,GOV.UK homepage,Government,Identity assurance,Digital security",Office for Digital Identities and Attributes,"Office for Digital Identities and Attributes,Department for Science, Innovation and Technology",2024 Starmer Labour government,,,
https://www.gov.uk/guidance/preparation-and-planning-for-emergencies-responsibilities-of-responder-agencies-and-others,Preparation and planning for emergencies: responsibilities of responder agencies and others,detailed_guide,5d57b3de-7631-11e4-a3cb-005056011aef,en,whitehall,2013-02-20T16:54:00.000Z,2013-02-20T16:54:00.000Z,,,164,"Government,GOV.UK homepage,Emergency preparation, response and recovery,National security",Cabinet Office,Cabinet Office,2010 to 2015 Conservative and Liberal Democrat coalition government,,,
https://www.gov.uk/guidance/claim-a-waiver-for-duty-on-goods-that-you-bring-to-northern-ireland-from-great-britain,Claim a waiver for duty on goods that you bring to Northern Ireland from Great Britain or countries outside the UK and EU,detailed_guide,708f3e32-e458-430f-b358-b91326256c24,en,whitehall,2020-12-21T00:00:00.000Z,2024-01-01T00:15:08.000Z,,,161,"Government,GOV.UK homepage,Brexit,Business and industry,Trade and investment,Customs declarations, duties and tariffs (import and export)",HM Revenue & Customs,HM Revenue & Customs,2019 to 2022 Johnson Conservative government,,,
https://www.gov.uk/guidance/designated-standards,Designated standards,detailed_guide,0818a04b-d3d8-45de-ba19-7b0d9fb1a760,en,whitehall,2020-12-03T00:00:00.000Z,2023-09-27T13:13:59.000Z,,,158,"Business and industry,Government,Brexit,GOV.UK homepage",Department for Business and Trade,"Department for Business and Trade,Office for Product Safety and Standards",2019 to 2022 Johnson Conservative government,,,
https://www.gov.uk/guidance/uk-financial-sanctions-guidance,UK financial sanctions guidance,detailed_guide,56684806-932c-4a76-888e-16287ee1d97a,en,whitehall,2024-02-13T00:00:00.000Z,2025-08-18T14:08:04.000Z,,,156,"Financial services,Trade and investment,GOV.UK homepage,Business and industry,Embargoes and trade sanctions,UK financial sanctions,Government,Current UK sanctions regimes,International,Business regulation,National security,Exporting",Office of Financial Sanctions Implementation,Office of Financial Sanctions Implementation,2022 to 2024 Sunak Conservative government,,,
https://www.gov.uk/guidance/defence-and-security-accelerator-how-to-submit-a-proposal,Submit a proposal,detailed_guide,619ccecf-8c1b-4f78-b90b-69a24bc07e12,en,whitehall,2016-12-08T00:00:00.000Z,2026-02-17T09:17:56.000Z,,,155,"Government,Armed forces and Ministry of Defence reform,GOV.UK homepage,Science and innovation,Defence and armed forces,Scientific research and development,Government spending,Government efficiency, transparency and accountability,Government funding programmes,National security,Business and industry",UK Defence Innovation,"UK Defence Innovation,Defence and Security Accelerator,Defence Science and Technology Laboratory",2016 to 2019 May Conservative government,,,
https://www.gov.uk/guidance/publishing-accessible-documents,Publishing accessible documents,detailed_guide,4f9baf9d-e896-4cc0-8014-8fba882024ec,en,whitehall,2020-08-17T23:00:00.000Z,2025-10-09T10:15:01.000Z,,,153,"GOV.UK homepage,Digital accessibility,Government,Government technology and digital services",Government Digital Service,"Government Digital Service,Central Digital and Data Office",2019 to 2022 Johnson Conservative government,,,
https://www.gov.uk/guidance/national-insurance-for-workers-from-the-uk-working-in-the-eea-or-switzerland,"Paying National Insurance if you're going to work in the EU, Gibraltar, Iceland, Liechtenstein, Norway, or Switzerland",detailed_guide,3dd4d8b0-3956-4bae-b4f5-f7e11f22067a,en,whitehall,2020-12-26T00:00:00.000Z,2024-01-17T15:55:32.000Z,,,153,"Brexit,Money,Government,GOV.UK homepage,British nationals overseas,Personal tax,Going and being abroad,National Insurance",HM Revenue & Customs,HM Revenue & Customs,2019 to 2022 Johnson Conservative government,,,
https://www.gov.uk/guidance/check-if-you-can-claim-a-waiver-for-goods-brought-into-northern-ireland,Check if you can claim a waiver for goods brought into Northern Ireland,detailed_guide,fdcd5d02-a855-4f3e-ac35-4ad776671700,en,whitehall,2023-07-02T23:00:00.000Z,2026-01-05T09:00:00.000Z,,,151,"Trade and investment,Business and industry,Customs declarations, duties and tariffs (import and export),Government,GOV.UK homepage,Brexit",HM Revenue & Customs,HM Revenue & Customs,2022 to 2024 Sunak Conservative government,,,
https://www.gov.uk/guidance/better-futures-fund,Better Futures Fund,detailed_guide,9a01dc9d-3f0f-4d44-8d63-63d50c32eb1d,en,whitehall,2026-01-29T17:28:53.000Z,2026-01-29T17:28:53.000Z,,,147,"Charities and social enterprises,Public services,Community and society,Government,GOV.UK homepage,Social investment,Society and culture,Business and industry","Department for Culture, Media and Sport","Department for Culture, Media and Sport",2024 Starmer Labour government,,,
https://www.gov.uk/guidance/united-kingdom-security-vetting-sponsor,United Kingdom Security Vetting: Sponsor,detailed_guide,5a701173-dcfe-49ae-9ed6-c29b4fc12967,en,whitehall,2019-08-13T23:00:00.000Z,2024-11-11T15:45:57.000Z,,,147,"Government,GOV.UK homepage,Military recruitment, training and operations,National security,Support services for military and defence personnel and their families,Defence and armed forces",United Kingdom Security Vetting,United Kingdom Security Vetting,2019 to 2022 Johnson Conservative government,,,
https://www.gov.uk/guidance/check-how-to-move-goods-through-ports-that-use-the-goods-vehicle-movement-service,Check how to move goods through ports that use the Goods Vehicle Movement Service,detailed_guide,2b6dc653-916f-4c15-adaf-9a98e32514cf,en,whitehall,2020-12-08T00:00:00.000Z,2025-05-27T10:43:12.000Z,,,147,"Business and industry,Trade and investment,Brexit,GOV.UK homepage,Customs declarations, duties and tariffs (import and export),Government",HM Revenue & Customs,HM Revenue & Customs,2019 to 2022 Johnson Conservative government,,,
https://www.gov.uk/guidance/r-cloud,R-Cloud: marketplace for defence science and technology research,detailed_guide,572dbb85-31c0-4d35-aa6a-8a59e8931919,en,whitehall,2015-07-02T15:37:00.000Z,2022-12-16T09:30:04.000Z,,,145,"Business and industry,Government technology and digital services,Defence and armed forces,GOV.UK homepage,Buying technology,Science and innovation,Government",Defence Science and Technology Laboratory,Defence Science and Technology Laboratory,2015 to 2016 Cameron Conservative government,,,
https://www.gov.uk/guidance/local-resilience-forums-contact-details,Local resilience forums: contact details,detailed_guide,5d60817a-7631-11e4-a3cb-005056011aef,en,whitehall,2013-02-20T00:00:00.000Z,2026-02-11T09:10:11.000Z,,,145,"Emergency preparation, response and recovery,Government,GOV.UK homepage,National security",Cabinet Office,Cabinet Office,2010 to 2015 Conservative and Liberal Democrat coalition government,,,
https://www.gov.uk/guidance/find-funding-to-help-your-business-become-greener,Find funding to help your business become greener,detailed_guide,1290b357-41c3-42f9-af20-6764404159af,en,whitehall,2021-04-19T13:53:00.000Z,2022-10-26T14:56:00.000Z,,,145,"Government spending,Government funding programmes,Business and the environment,Government,Government efficiency, transparency and accountability,GOV.UK homepage,Energy demand reduction,Business and industry",Department for Energy Security and Net Zero,"Department for Energy Security and Net Zero,Department for Business, Energy & Industrial Strategy",2019 to 2022 Johnson Conservative government,,,
https://www.gov.uk/guidance/suspected-breach-of-financial-sanctions-what-to-do,Reporting information to OFSI – what to do,detailed_guide,c72363e1-5ff7-46a8-995e-6dba082843b2,en,whitehall,2017-08-03T23:00:00.000Z,2025-07-17T13:57:13.000Z,,,144,"Embargoes and trade sanctions,Current UK sanctions regimes,Government,National security,Business regulation,Exporting,Business and industry,GOV.UK homepage,International,Financial services,Trade and investment,UK financial sanctions",Office of Financial Sanctions Implementation,"Office of Financial Sanctions Implementation,HM Treasury",2016 to 2019 May Conservative government,,,
https://www.gov.uk/guidance/healthcare-in-france-including-martinique-and-guadaloupe,Healthcare for UK nationals living in France,detailed_guide,83dce57b-929e-41c3-9d69-f3ca00074f4a,en,whitehall,2019-09-22T23:00:00.000Z,2022-07-25T15:56:45.000Z,,,139,"GOV.UK homepage,Living in France,Going and being abroad,British nationals overseas,Health and social care,Brexit,UK help and services in France,Government,Living abroad,Help and services around the world",Department of Health and Social Care,"Department of Health and Social Care,Foreign, Commonwealth & Development Office",2019 to 2022 Johnson Conservative government,,,
https://www.gov.uk/guidance/changes-to-govuk,Changes to GOV.UK,detailed_guide,7a9412ed-51c4-430b-b020-cec9a8bd393f,en,whitehall,2025-06-24T23:00:00.000Z,2025-06-24T23:00:00.000Z,,,137,"GOV.UK services,Government,Design and build of government services,GOV.UK homepage,Government content and publishing,Government technology and digital services,Managing government websites",Government Digital Service,Government Digital Service,2024 Starmer Labour government,,,
https://www.gov.uk/guidance/studying-in-the-uk-guidance-for-eu-students,Studying in the UK: guidance for EU students,detailed_guide,13cc9a37-c1a4-4bc8-be82-bf347d1e8394,en,whitehall,2020-01-31T17:54:00.000Z,2022-03-22T10:52:33.000Z,,,136,"Government,Funding and finance for students,GOV.UK homepage,Education, training and skills,Further and higher education courses and qualifications,Further and higher education, skills and vocational training,Brexit",Department for Education,Department for Education,2019 to 2022 Johnson Conservative government,,,
https://www.gov.uk/guidance/defence-and-security-accelerator-terms-and-conditions-and-contract-guidance,UKDI Standard Terms and Conditions,detailed_guide,9db2534e-1a52-4b41-b6d4-3271c1345bbf,en,whitehall,2016-12-08T00:00:00.000Z,2026-02-17T09:17:49.000Z,,,131,"Armed forces and Ministry of Defence reform,GOV.UK homepage,Government,Business and industry,Defence and armed forces,Science and innovation,National security",UK Defence Innovation,"UK Defence Innovation,Defence and Security Accelerator",2016 to 2019 May Conservative government,,,
https://www.gov.uk/guidance/how-to-use-your-ata-carnet,How to use your ATA Carnet,detailed_guide,9bfa20b2-31f8-40a8-a4cb-f5123ac21178,en,whitehall,2019-10-10T23:00:00.000Z,2024-04-17T14:16:15.000Z,,,130,"Customs declarations, duties and tariffs (import and export),GOV.UK homepage,Going and being abroad,Travel abroad,Importing,Brexit,Government,Exporting,Trade and investment,Business and industry",HM Revenue & Customs,HM Revenue & Customs,2019 to 2022 Johnson Conservative government,,,
https://www.gov.uk/guidance/legislative-process-taking-a-bill-through-parliament,Legislative process: taking a bill through Parliament,detailed_guide,5d60bc02-7631-11e4-a3cb-005056011aef,en,whitehall,2013-02-20T13:24:00.000Z,2023-03-14T15:57:45.000Z,,,129,"GOV.UK homepage,Government,Government efficiency, transparency and accountability,Democracy,Legislative process",Cabinet Office,Cabinet Office,2010 to 2015 Conservative and Liberal Democrat coalition government,,,
https://www.gov.uk/guidance/check-if-you-can-declare-goods-you-bring-into-northern-ireland-not-at-risk-of-moving-to-the-eu,Moving goods you bring into Northern Ireland as ‘not at risk’ of moving to the EU,detailed_guide,4a298929-d143-4516-95c3-03911bc89515,en,whitehall,2020-12-14T00:00:00.000Z,2023-06-30T09:05:07.000Z,,,126,"Customs declarations, duties and tariffs (import and export),Business and industry,Trade and investment,GOV.UK homepage,Brexit,Government",HM Revenue & Customs,HM Revenue & Customs,2019 to 2022 Johnson Conservative government,,,
https://www.gov.uk/guidance/food-standards-labelling-durability-and-composition,Food standards: labelling and composition,detailed_guide,5dc75a98-7631-11e4-a3cb-005056011aef,en,whitehall,2013-04-09T11:18:00.000Z,2022-09-20T12:13:15.000Z,,,119,"Consumer rights and issues,Business and industry,Food labelling and safety,Business regulation,Government,Producing and distributing food,Public health,Environment,Health and social care,Food and farming,GOV.UK homepage,Brexit","Department for Environment, Food & Rural Affairs","Department for Environment, Food & Rural Affairs",2010 to 2015 Conservative and Liberal Democrat coalition government,,,
https://www.gov.uk/guidance/living-in-europe,Living in Europe: citizens' rights if you moved before 1 January 2021,detailed_guide,2d7a3fa3-f2ea-4ea6-a6d9-5af77d740114,en,whitehall,2020-01-30T12:23:00.000Z,2022-06-30T18:09:03.000Z,,,117,"UK help and services in France,Living in Croatia,Living in Denmark,Living in Norway,Living in Luxembourg,Brexit,UK help and services in Romania,UK help and services in Greece,Living in Romania,Living in Portugal,Living abroad,Living in Austria,Government,Living in Italy,UK help and services in Netherlands,UK help and services in Ireland,UK help and services in Hungary,Living in Slovakia,UK help and services in Bulgaria,Going and being abroad,UK help and services in Croatia,Living in Switzerland,Living in France,Living in Iceland,UK help and services in Sweden,Living in Estonia,UK help and services in Finland,UK help and services in Cyprus,UK help and services in Malta,Help and services around the world,Living in Ireland,Living in Sweden,Living in Belgium,UK help and services in Slovenia,Living in Greece,Living in Cyprus,UK help and services in Spain,UK help and services in Switzerland,UK help and services in Norway,Living in Spain,UK help and services in Denmark,UK help and services in Luxembourg,UK help and services in Czechia,UK help and services in Germany,UK help and services in Italy,Living in Germany,Living in Slovenia,UK help and services in Portugal,UK help and services in Latvia,UK help and services in Slovakia,Living in Latvia,Living in Czechia,Living in Finland,Living in Hungary,UK help and services in Iceland,Living in Malta,Living in Liechtenstein,British nationals overseas,Living in Poland,UK help and services in Austria,Living in Netherlands,Living in Lithuania,UK help and services in Lithuania,GOV.UK homepage,UK help and services in Poland,UK help and services in Belgium,UK help and services in Liechtenstein,UK help and services in Estonia,Living in Bulgaria",Foreign & Commonwealth Office,"Foreign & Commonwealth Office,Foreign, Commonwealth & Development Office",2019 to 2022 Johnson Conservative government,,,
https://www.gov.uk/guidance/vat-and-overseas-goods-sold-to-customers-in-the-uk-using-online-marketplaces,VAT and overseas goods sold to customers in the UK using online marketplaces,detailed_guide,bf08c2fd-91f9-47ff-a517-673691687641,en,whitehall,2020-11-20T00:00:00.000Z,2022-05-13T08:03:40.000Z,,,115,"Brexit,Money,Business tax,Overseas businesses and UK VAT,VAT,Importing goods and services,Government,GOV.UK homepage",HM Revenue & Customs,HM Revenue & Customs,2019 to 2022 Johnson Conservative government,,,
https://www.gov.uk/guidance/public-appointments,Public appointments,detailed_guide,8a29bee6-52c6-4976-8d3a-02b57bb02c3f,en,whitehall,2022-05-30T23:00:00.000Z,2025-11-14T16:25:18.000Z,,,112,"GOV.UK homepage,Public services,Government",Cabinet Office,Cabinet Office,2019 to 2022 Johnson Conservative government,,,
https://www.gov.uk/guidance/prescriptions-issued-in-the-eea-and-switzerland-guidance-for-pharmacists,Prescriptions issued in the EEA and Switzerland: guidance for pharmacists,detailed_guide,6bfd7fd3-cc22-47f4-a1d6-c2816b36ced9,en,whitehall,2019-03-28T15:19:00.000Z,2021-02-03T16:51:01.000Z,,,108,"Health and social care,Medicines, medical devices,Brexit,GOV.UK homepage,National Health Service,Government",Department of Health and Social Care,Department of Health and Social Care,2016 to 2019 May Conservative government,,,
https://www.gov.uk/guidance/united-kingdom-security-vettingreferees-hiring-managers-contractors-and-consultants,"UKSV: Referee, Supervisor, Hiring Managers and Contractors",detailed_guide,97caec43-b659-4469-85fd-0d784d27a5cd,en,whitehall,2019-08-13T23:00:00.000Z,2024-11-27T11:54:23.000Z,,,106,"Government,GOV.UK homepage,National security",United Kingdom Security Vetting,United Kingdom Security Vetting,2019 to 2022 Johnson Conservative government,,,
https://www.gov.uk/guidance/digital-identity,Enabling the use of digital identities in the UK,detailed_guide,85cefed6-7ab8-437c-af98-5022ecf4af30,en,whitehall,2023-02-13T00:00:00.000Z,2024-11-01T13:56:52.000Z,,,105,"Identity assurance,Digital security,Cyber security,Government,Digital identity,Government technology and digital services,GOV.UK homepage",Office for Digital Identities and Attributes,"Office for Digital Identities and Attributes,Department for Science, Innovation and Technology",2022 to 2024 Sunak Conservative government,,,
https://www.gov.uk/guidance/what-works-network,What Works Network,detailed_guide,5e377d96-7631-11e4-a3cb-005056011aef,en,whitehall,2013-06-27T23:00:00.000Z,2024-03-06T09:07:36.000Z,,,104,"Government,Government efficiency, transparency and accountability,GOV.UK homepage,Public services",Evaluation Task Force,Evaluation Task Force,2010 to 2015 Conservative and Liberal Democrat coalition government,,,
https://www.gov.uk/guidance/healthcare-for-uk-nationals-visiting-ireland,Healthcare for UK nationals visiting Ireland,detailed_guide,43d68a88-98e0-4dbc-bfd3-512da7d09187,en,whitehall,2020-01-31T17:33:00.000Z,2021-09-02T12:49:44.000Z,,,103,"Brexit,British nationals overseas,Health and social care,Travel abroad,Government,Going and being abroad,GOV.UK homepage",Department of Health and Social Care,"Department of Health and Social Care,Foreign & Commonwealth Office,Foreign, Commonwealth & Development Office",2019 to 2022 Johnson Conservative government,,,
https://www.gov.uk/guidance/emergency-contacts-public-health,Emergency contacts: public health,detailed_guide,5fed565a-7631-11e4-a3cb-005056011aef,en,whitehall,2013-08-08T23:00:00.000Z,2013-08-08T23:00:00.000Z,,,102,"Health emergency planning,Health and social care,Emergency preparation, response and recovery,GOV.UK homepage,Health protection,Government,Public health",UK Health Security Agency,UK Health Security Agency,2010 to 2015 Conservative and Liberal Democrat coalition government,,,
https://www.gov.uk/guidance/the-government-social-research-competency-framework,The Government Social Research Technical Framework,detailed_guide,3824d404-d923-4324-9c90-f18a3417dbe1,en,whitehall,2017-02-17T00:00:00.000Z,2024-02-08T10:50:51.000Z,,,100,"Government efficiency, transparency and accountability,GOV.UK homepage,Government",Government Social Research Profession,Government Social Research Profession,2016 to 2019 May Conservative government,,,
https://www.gov.uk/guidance/dwp-flexible-support-fund-dynamic-purchasing-system-2,DWP Flexible Support Fund Dynamic Purchasing System 2,detailed_guide,d48bc8d8-4167-4d1d-bab6-9d1a35b1af7d,en,whitehall,2021-11-25T00:00:00.000Z,2025-10-17T09:54:33.000Z,,,99,"Government efficiency, transparency and accountability,Government,GOV.UK homepage,Government spending",Department for Work and Pensions,Department for Work and Pensions,2019 to 2022 Johnson Conservative government,,,
https://www.gov.uk/guidance/apply-for-funding-academic-community-and-educational,"Apply for funding: space-related R&D, innovation and education",detailed_guide,5f4fca6c-7631-11e4-a3cb-005056011aef,en,whitehall,2014-04-29T23:00:00.000Z,2026-02-11T17:48:07.000Z,,,98,"Business and industry,Space,Government,GOV.UK homepage,Government funding programmes,Science and innovation,Government spending,Government efficiency, transparency and accountability",UK Space Agency,UK Space Agency,2010 to 2015 Conservative and Liberal Democrat coalition government,,,
https://www.gov.uk/guidance/official-sensitive-data-and-it,'OFFICIAL-SENSITIVE' data and IT,detailed_guide,4b0c6bfc-bffa-4037-8bbe-e4d24572dafe,en,whitehall,2017-02-03T12:11:00.000Z,2017-02-03T12:11:00.000Z,,,97,"GOV.UK homepage,Government efficiency, transparency and accountability,Government",Cabinet Office,"Cabinet Office,Government Digital Service",2016 to 2019 May Conservative government,,,
https://www.gov.uk/guidance/ai-exemplars-programme,AI Exemplars programme,detailed_guide,8aedab24-deae-4f1e-a45c-daff5a206d8d,en,whitehall,2025-08-16T23:00:00.000Z,2026-01-29T11:01:15.000Z,,,91,"Planning and building,Government efficiency, transparency and accountability,Entering and staying in the UK,Courts, sentencing and tribunals,Education, training and skills,Science and innovation,Economic growth,Government missions,National Health Service,Artificial intelligence,Government,Business and industry,Refugees, asylum and human rights,Housing, local and community,Crime, justice and law,GOV.UK homepage,NHS efficiency,Health and social care","Department for Science, Innovation and Technology","Department for Science, Innovation and Technology",2024 Starmer Labour government,,,
https://www.gov.uk/guidance/public-sector-procurement-policy,Public procurement policy,detailed_guide,cb3c9702-0bb4-406b-8c52-5965e15bd8ad,en,whitehall,2015-10-01T09:20:00.000Z,2023-04-03T09:16:14.000Z,,,88,"UK economy,GOV.UK homepage,Government spending,Business and industry,Buying technology,Government,Government technology and digital services,Government efficiency, transparency and accountability",Crown Commercial Service,Crown Commercial Service,2015 to 2016 Cameron Conservative government,,,
https://www.gov.uk/guidance/training-for-leaders-in-the-civil-service-and-public-sector,Leadership and management courses,detailed_guide,453481da-4e33-4a7c-8bd5-79063c880b4e,en,whitehall,2022-04-10T23:00:00.000Z,2024-01-29T15:24:20.000Z,,,87,"Government,Education, training and skills,GOV.UK homepage",Government Skills,Government Skills,2019 to 2022 Johnson Conservative government,,,
https://www.gov.uk/access-to-elected-office-fund,Access to Elected Office Fund,guide,e12e3c54-b544-4d94-ba1f-9846144374d2,en,publisher,2012-10-12T18:33:42.000Z,2016-04-20T15:00:15.838Z,,,87,"Democracy,Health and social care,Disabled people,GOV.UK homepage,Government,Benefits and financial help",Government Digital Service,"Ministry of Housing, Communities and Local Government,Department for Work and Pensions,Government Equalities Office",,,,
https://www.gov.uk/guidance/guidance-and-tools-for-digital-accessibility,Guidance and tools for digital accessibility,detailed_guide,377dfd08-553e-42ad-84e4-1a9ccafde8d0,en,whitehall,2021-02-01T00:00:00.000Z,2026-01-16T11:42:05.000Z,,,86,"Design and build of government services,Government technology and digital services,GOV.UK homepage,Digital accessibility,Government",Government Digital Service,"Government Digital Service,Central Digital and Data Office",2019 to 2022 Johnson Conservative government,,,
https://www.gov.uk/guidance/access-free-address-data-using-addressbase,Access free address data using AddressBase,detailed_guide,4d78f6ab-7f79-4176-bb3c-daa329f5bead,en,whitehall,2021-07-28T13:50:00.000Z,2021-07-28T13:50:00.000Z,,,86,"Government,GOV.UK homepage,Data",Government Digital Service,"Government Digital Service,Central Digital and Data Office",2019 to 2022 Johnson Conservative government,,,
https://www.gov.uk/guidance/honours-committees,Honours committees,detailed_guide,5dc07afb-7631-11e4-a3cb-005056011aef,en,whitehall,2013-03-19T00:00:00.000Z,2026-01-13T13:58:28.000Z,,,86,"Public services,Government,GOV.UK homepage",Cabinet Office,Cabinet Office,2010 to 2015 Conservative and Liberal Democrat coalition government,,,
https://www.gov.uk/guidance/project-and-programme-management,Project and programme management,detailed_guide,53c0974a-12ac-47ab-9086-383830e523e8,en,whitehall,2017-08-24T12:00:00.000Z,2020-09-30T13:00:09.000Z,,,85,"GOV.UK homepage,Government efficiency, transparency and accountability,Government,Major project management",Infrastructure and Projects Authority,"Infrastructure and Projects Authority,Cabinet Office",2016 to 2019 May Conservative government,,,
https://www.gov.uk/guidance/licences-that-allow-activity-prohibited-by-financial-sanctions,How to apply for a financial sanctions licence,detailed_guide,8cd4e860-361f-4913-bef9-7eadb1c1235e,en,whitehall,2017-08-03T23:00:00.000Z,2025-09-01T08:46:25.000Z,,,83,"International,Government,Exporting,Foreign affairs,Financial services,Business regulation,Embargoes and trade sanctions,UK financial sanctions,National security,Trade and investment,Current UK sanctions regimes,GOV.UK homepage,Business and industry",Office of Financial Sanctions Implementation,"Office of Financial Sanctions Implementation,HM Treasury",2016 to 2019 May Conservative government,,,
https://www.gov.uk/guidance/eu-settlement-scheme-apply-for-an-administrative-review,EU Settlement Scheme: administrative review,detailed_guide,07930d7d-f7e7-438b-9809-1787705d412e,en,whitehall,2018-11-15T00:00:00.000Z,2025-02-10T11:41:04.000Z,,,82,"Rights of EU and EEA citizens,Rights of foreign nationals in the UK,GOV.UK homepage,Entering and staying in the UK,Government,Brexit",UK Visas and Immigration,UK Visas and Immigration,2016 to 2019 May Conservative government,,,
https://www.gov.uk/guidance/gds-api-technical-and-data-standards,API technical and data standards,detailed_guide,e36594ee-350e-49ef-824f-5ba533c5c10a,en,whitehall,2018-02-07T00:00:00.000Z,2024-07-19T08:55:37.000Z,,,82,"APIs,APIs and app development,GOV.UK homepage,Government technology and digital services,Government,Government efficiency, transparency and accountability",Government Digital Service,"Government Digital Service,Central Digital and Data Office",2016 to 2019 May Conservative government,,,
https://www.gov.uk/guidance/make-your-website-or-app-accessible-and-publish-an-accessibility-statement,Make your website or app accessible and publish an accessibility statement,detailed_guide,53d25865-6696-406c-b251-c7560a1c9f23,en,whitehall,2019-05-16T23:00:00.000Z,2024-09-27T14:45:51.000Z,,,79,"GOV.UK homepage,Government,Government technology and digital services,Digital accessibility",Government Digital Service,"Government Digital Service,Central Digital and Data Office",2016 to 2019 May Conservative government,,,
https://www.gov.uk/guidance/assessment-process-and-criteria,Assessment process and criteria,detailed_guide,5e66f52e-c098-4a73-8021-758a69ef12fa,en,whitehall,2016-12-08T00:00:00.000Z,2026-02-17T09:17:16.000Z,,,79,"Business and industry,Science and innovation,National security,Armed forces and Ministry of Defence reform,Government,Defence and armed forces,GOV.UK homepage",UK Defence Innovation,"UK Defence Innovation,Defence and Security Accelerator,Defence Science and Technology Laboratory",2016 to 2019 May Conservative government,,,
https://www.gov.uk/guidance/the-official-transforming-public-procurement-knowledge-drops,The Official Transforming Public Procurement Knowledge Drops,detailed_guide,2a759dbd-160d-41ce-8b6a-1a082bd1c294,en,whitehall,2023-12-05T00:00:00.000Z,2023-12-18T15:52:34.000Z,,,76,"GOV.UK homepage,Government,Government spending,Government efficiency, transparency and accountability",Government Commercial Function,Government Commercial Function,2022 to 2024 Sunak Conservative government,,,
https://www.gov.uk/get-help-export-query,Get help with your export query,answer,355faef0-1527-4bf0-bed0-e99e5baf6952,en,publisher,2021-07-22T15:46:43.247Z,2024-12-18T14:53:15.127Z,,,75,"Business tax,Exporting goods and services,VAT,GOV.UK homepage,Government,Business and industry,Trade restrictions on exports,Trade and investment,Brexit,Money,Exporting,Customs declarations, duties and tariffs (import and export)",Government Digital Service,"Department for Business and Trade,Department for International Trade",,,,
https://www.gov.uk/guidance/lord-lieutenants-and-the-lieutenancy,Lord-Lieutenants and the Lieutenancy,detailed_guide,dcd0fa3b-71c0-4254-8eb9-72d4aa2cfd05,en,whitehall,2025-10-07T10:17:32.000Z,2025-10-07T10:17:32.000Z,,,73,"Government efficiency, transparency and accountability,Government,GOV.UK homepage",Cabinet Office,Cabinet Office,2024 Starmer Labour government,,,
https://www.gov.uk/guidance/waking-watch-replacement-fund-2023,Waking Watch Replacement Fund 2023,detailed_guide,4e793a6b-96fe-475b-8c93-727bf2d6ba77,en,whitehall,2023-05-24T23:00:00.000Z,2025-04-11T16:41:33.000Z,,,73,"Emergency preparation, response and recovery,Fire prevention and rescue,Government,Planning and building,GOV.UK homepage,Building regulation,Housing, local and community","Ministry of Housing, Communities and Local Government","Ministry of Housing, Communities and Local Government,Department for Levelling Up, Housing and Communities ",2022 to 2024 Sunak Conservative government,,,
https://www.gov.uk/guidance/emergency-response-and-recovery,Emergency response and recovery,detailed_guide,5d60f1ae-7631-11e4-a3cb-005056011aef,en,whitehall,2013-02-20T15:40:00.000Z,2013-02-20T15:40:00.000Z,,,72,"Government,GOV.UK homepage,Emergency preparation, response and recovery",Cabinet Office,Cabinet Office,2010 to 2015 Conservative and Liberal Democrat coalition government,,,
https://www.gov.uk/guidance/moving-qualifying-goods-from-northern-ireland-to-the-rest-of-the-uk,Moving qualifying goods from Northern Ireland to the rest of the UK,detailed_guide,1cf4266a-3fea-414e-bdcf-912b27c401ae,en,whitehall,2020-12-11T00:00:00.000Z,2025-01-31T00:05:03.000Z,,,72,"Government,GOV.UK homepage,Customs declarations, duties and tariffs (import and export),Business and industry,Trade and investment,Brexit",HM Revenue & Customs,HM Revenue & Customs,2019 to 2022 Johnson Conservative government,,,
https://www.gov.uk/guidance/find-and-use-bus-open-data,Find and use bus open data,detailed_guide,a206b293-dfa9-4d0c-af83-7ef7b0b606e7,en,whitehall,2020-01-28T00:00:00.000Z,2020-11-25T12:09:29.000Z,,,71,"Buses,Local transport,Bus services, routes and timetables,APIs,Open standards,Government,GOV.UK homepage,Transport,Open source and open standards,APIs and app development,Government technology and digital services",Department for Transport,Department for Transport,2019 to 2022 Johnson Conservative government,,,
https://www.gov.uk/guidance/economic-assessment-centre-eac-guide,Economic Assessment Centre (EAC) Guide,detailed_guide,58e14bb2-9456-4dfa-acb1-b1f291605673,en,whitehall,2016-09-22T23:00:00.000Z,2025-02-12T09:07:47.000Z,,,71,"GOV.UK homepage,Government",Government Economic Service,Government Economic Service,2016 to 2019 May Conservative government,,,
https://www.gov.uk/guidance/model-accessibility-statement,Model accessibility statement,detailed_guide,a4ff35f0-f31f-469a-b7aa-ef99dec711b4,en,whitehall,2022-02-09T00:00:00.000Z,2024-09-30T12:12:50.000Z,,,70,"Government,Society and culture,Digital accessibility,Government technology and digital services,Digital inclusion and accessibility in society,GOV.UK homepage",Government Digital Service,Government Digital Service,2019 to 2022 Johnson Conservative government,,,
https://www.gov.uk/guidance/export-horses-and-ponies-special-rules,Export horses and ponies: special rules,detailed_guide,0bc84f8c-3b23-46ff-a2cc-bd25cb8e131e,en,whitehall,2016-11-07T00:00:00.000Z,2026-02-18T13:45:51.000Z,,,70,"Animal and plant health,Business and industry,Living abroad,British nationals overseas,Exporting,Export controls and licensing,Going and being abroad,Animal welfare,Trade and investment,Brexit,Wildlife, animals, biodiversity and ecosystems,Travel abroad,GOV.UK homepage,Environment,Government",Animal and Plant Health Agency,Animal and Plant Health Agency,2016 to 2019 May Conservative government,,,
https://www.gov.uk/guidance/legal-aid-agency-cyber-security-incident-frequently-asked-questions,Legal Aid Agency cyber security incident: frequently asked questions,detailed_guide,2acea4b1-db84-48a6-b3ed-d336178aeb40,en,whitehall,2025-05-21T23:00:00.000Z,2026-01-27T15:04:09.000Z,,,70,"Data protection,Cyber security,Crime, justice and law,GOV.UK homepage,Government",Ministry of Justice,"Ministry of Justice,Legal Aid Agency",2024 Starmer Labour government,,,
https://www.gov.uk/guidance/public-sector-procurement,Public-sector procurement,detailed_guide,f8b7f3c9-c620-4a1e-b5f9-7b127ce73aeb,en,whitehall,2021-01-07T00:00:00.000Z,2024-06-04T08:11:22.000Z,,,70,"GOV.UK homepage,Government,Brexit",Cabinet Office,Cabinet Office,2019 to 2022 Johnson Conservative government,,,
https://www.gov.uk/guidance/acting-as-a-responsible-person-import,Acting as a Responsible Person (import),detailed_guide,b90c46c5-f380-4fd8-86ae-df7e33e59d05,en,whitehall,2020-12-31T23:01:00.000Z,2021-12-22T15:25:03.000Z,,,70,"Health and social care,Government,Medicines, medical devices,Manufacturing, wholesaling, importing and exporting medicines,Brexit,GOV.UK homepage",Medicines and Healthcare products Regulatory Agency,Medicines and Healthcare products Regulatory Agency,2019 to 2022 Johnson Conservative government,,,
https://www.gov.uk/guidance/government-technology-standards-and-guidance,Government technology standards and guidance,detailed_guide,dbe63338-d47e-4163-800c-b1d915bc57cb,en,whitehall,2016-08-01T23:00:00.000Z,2023-10-05T09:00:07.000Z,,,69,"Data,Buying technology,Public Service Network (PSN),Digital security,Open source and open standards,APIs and app development,Government technology and digital services,GOV.UK homepage,Networks and telecommunications,Government,User research",Government Digital Service,"Government Digital Service,Central Digital and Data Office",2016 to 2019 May Conservative government,,,
https://www.gov.uk/guidance/how-to-complain-to-the-adjudicators-office-about-hmrc-or-the-voa,How to complain to the Adjudicator's Office about HMRC or the VOA,detailed_guide,dde50ab4-28a8-4301-91c7-1a67fce52e62,en,whitehall,2019-07-25T23:00:00.000Z,2026-01-27T16:31:30.000Z,,,68,"GOV.UK homepage,Government efficiency, transparency and accountability,Government",The Adjudicator’s Office,The Adjudicator’s Office,2019 to 2022 Johnson Conservative government,,,
https://www.gov.uk/guidance/preparing-for-the-customer-service-skills-test,Preparing for the Customer Service Skills Test,detailed_guide,689ae41d-aa6e-4950-8cd9-e3d228dc01f1,en,whitehall,2021-01-18T00:00:00.000Z,2023-11-17T09:06:54.000Z,,,67,"GOV.UK homepage,Government",Government People Group,Government People Group,2019 to 2022 Johnson Conservative government,,,
https://www.gov.uk/guidance/obtaining-personal-information-held-by-uksv,Obtaining personal information held by UKSV,detailed_guide,cd1ba3e2-e61d-440e-b1fe-39bdad0421f7,en,whitehall,2020-04-06T12:37:00.000Z,2022-03-23T14:40:58.000Z,,,67,"Crime, justice and law,Government,GOV.UK homepage,National security,Data protection",Cabinet Office,"Cabinet Office,United Kingdom Security Vetting",2019 to 2022 Johnson Conservative government,,,
https://www.gov.uk/guidance/defence-cyber-protection-partnership,Defence Cyber Protection Partnership,detailed_guide,b7ec7738-98b7-4418-aa36-7537d47b970e,en,whitehall,2019-09-11T23:00:00.000Z,2025-01-02T10:44:01.000Z,,,66,"Government,Defence and armed forces,National security,Business and industry,GOV.UK homepage",Ministry of Defence,Ministry of Defence,2019 to 2022 Johnson Conservative government,,,
https://www.gov.uk/guidance/orphan-medicinal-products-in-great-britain,Orphan medicinal products,detailed_guide,73de5c55-30b8-43bc-a3d7-da6f6a3935ff,en,whitehall,2020-12-31T00:00:00.000Z,2026-02-06T15:45:36.000Z,,,65,"GOV.UK homepage,Marketing authorisations, variations and licensing guidance,Health and social care,Medicines, medical devices,Brexit,Government",Medicines and Healthcare products Regulatory Agency,Medicines and Healthcare products Regulatory Agency,2019 to 2022 Johnson Conservative government,,,
https://www.gov.uk/guidance/where-to-report-a-cyber-incident,Where to Report a Cyber Incident,detailed_guide,eacdbef6-2573-4a0c-830e-1b4cfbd568d1,en,whitehall,2022-05-13T11:54:06.000Z,2022-05-13T11:54:06.000Z,,,64,"Cyber security,GOV.UK homepage,Government",National Cyber Security Centre,National Cyber Security Centre,2019 to 2022 Johnson Conservative government,,,
https://www.gov.uk/guidance/social-outcomes-partnerships,Social Outcomes Partnerships and the Life Chances Fund,detailed_guide,5c830a8c-7631-11e4-a3cb-005056011aef,en,whitehall,2012-11-16T00:00:00.000Z,2025-09-02T10:48:02.000Z,,,64,"Public services,Social investment,Society and culture,GOV.UK homepage,Community and society,Government",Cabinet Office,"Cabinet Office,Department for Culture, Media and Sport,Department for Digital, Culture, Media & Sport",2010 to 2015 Conservative and Liberal Democrat coalition government,,,
https://www.gov.uk/guidance/moving-your-parish-council-to-a-govuk-domain,Moving your parish council to a .gov.uk domain,detailed_guide,7bd73b4b-9d4e-48a9-85c8-fb5d087fc7b6,en,whitehall,2025-01-22T00:00:00.000Z,2025-11-06T11:41:10.000Z,,,64,"Government technology and digital services,GOV.UK homepage,Government,Government efficiency, transparency and accountability",Government Digital Service,"Government Digital Service,Department for Science, Innovation and Technology",2024 Starmer Labour government,,,
https://www.gov.uk/guidance/civil-service-fast-track-apprenticeship-fast-track-schemes,Civil Service Fast Track Apprenticeship schemes,detailed_guide,63febc8f-f008-456f-b100-4488e0ee15c9,en,whitehall,2016-01-11T14:42:00.000Z,2017-02-20T15:26:25.000Z,,,64,"Civil service reform,Government technology and digital services,Work,Government efficiency, transparency and accountability,Further and higher education, skills and vocational training,Government,Education, training and skills,Job roles and talent acquisition ,Government reform ,GOV.UK homepage,Digital transformation",Civil Service Fast Track Apprenticeship,Civil Service Fast Track Apprenticeship,2015 to 2016 Cameron Conservative government,,,
https://www.gov.uk/guidance/list-of-developers-who-have-signed-building-safety-repairs-pledge,List of developers who have signed building safety repairs pledge,detailed_guide,f1a369f2-b04d-4eca-b8fd-06dddfab6354,en,whitehall,2022-04-12T23:00:00.000Z,2023-11-01T17:12:41.000Z,,,64,"Government,GOV.UK homepage,Fire prevention and rescue,Planning and building,Emergency preparation, response and recovery,Housing, local and community","Ministry of Housing, Communities and Local Government","Ministry of Housing, Communities and Local Government,Department for Levelling Up, Housing and Communities ",2019 to 2022 Johnson Conservative government,,,
https://www.gov.uk/guidance/govuk-app-privacy-notice-how-we-use-your-data,GOV.UK app privacy notice: how we use your data,detailed_guide,08b6cd05-0642-4f66-ac92-bd8d22cbd233,en,whitehall,2025-03-18T00:00:00.000Z,2025-10-31T11:24:18.000Z,,,64,"Government technology and digital services,Government,GOV.UK homepage,GOV.UK services",Government Digital Service,Government Digital Service,2024 Starmer Labour government,,,
https://www.gov.uk/guidance/healthcare-in-ireland,Healthcare for UK nationals living in Ireland,detailed_guide,ef4b5c3a-4609-4a17-8c2c-d21a7ad8e27f,en,whitehall,2019-08-27T23:00:00.000Z,2021-10-21T15:30:04.000Z,,,63,"Going and being abroad,British nationals overseas,Health and social care,Living in Ireland,GOV.UK homepage,Living abroad,Help and services around the world,Government,Brexit,UK help and services in Ireland",Department of Health and Social Care,"Department of Health and Social Care,Foreign & Commonwealth Office,Foreign, Commonwealth & Development Office",2019 to 2022 Johnson Conservative government,,,
https://www.gov.uk/guidance/get-your-eu-professional-qualification-recognised-in-the-uk,Get your EU professional qualification recognised in the UK,detailed_guide,c4afbd85-5496-483a-a3d9-e0cd58c5ab6a,en,whitehall,2020-12-31T00:00:00.000Z,2020-12-31T00:00:00.000Z,,,63,"Brexit,Rights of EU and EEA citizens,Rights of foreign nationals in the UK,Government,Entering and staying in the UK,GOV.UK homepage",Department for Business and Trade,"Department for Business and Trade,Department for Business, Energy & Industrial Strategy",2019 to 2022 Johnson Conservative government,,,
https://www.gov.uk/guidance/guidance-on-access-agreements,Guidance on access agreements,detailed_guide,6f3489fc-4ac9-40e3-af31-ca070df2c921,en,whitehall,2018-12-20T15:57:00.000Z,2023-03-03T15:59:09.000Z,,,62,"Public sector land use,Communications and telecomms,Government technology and digital services,Government,Broadband investment,Media and communications,Business and industry,Networks and telecommunications,Telecommunications,GOV.UK homepage","Department for Science, Innovation and Technology","Department for Science, Innovation and Technology,Department for Digital, Culture, Media & Sport",2016 to 2019 May Conservative government,,,
https://www.gov.uk/guidance/driver-documents-required-for-international-road-haulage,International road haulage: HGV driver documents,detailed_guide,5c71850f-7631-11e4-a3cb-005056011aef,en,whitehall,2012-09-02T23:00:00.000Z,2024-07-09T14:33:03.000Z,,,62,"Government,COVID-19,Business and industry,Professional driving of lorries, buses and coaches,Driving licences,Transport,Importing,GOV.UK homepage,Freight, haulage and cargo,Driving abroad,International travel, immigration and repatriation during COVID-19,Road haulage,Brexit,Driving and road transport,Health and social care,Trade and investment,Exporting,EU and international driving rules",Department for Transport,"Department for Transport,Driver and Vehicle Standards Agency,Driver and Vehicle Licensing Agency",2010 to 2015 Conservative and Liberal Democrat coalition government,,,
https://www.gov.uk/guidance/register-to-make-an-entry-summary-declaration-in-great-britain,Register to make an entry summary declaration in Great Britain,detailed_guide,8ec0f15f-15b3-4c52-b899-982f509577d0,en,whitehall,2020-12-15T00:00:00.000Z,2025-06-19T12:43:15.000Z,,,62,"Customs declarations, duties and tariffs (import and export),Government,Trade and investment,GOV.UK homepage,Business and industry,Brexit",HM Revenue & Customs,HM Revenue & Customs,2019 to 2022 Johnson Conservative government,,,
https://www.gov.uk/guidance/ecmt-international-road-haulage-permits,Get ECMT permits to transport goods internationally,detailed_guide,61367f20-3eec-46fb-8cca-da8a784dccfd,en,whitehall,2018-11-26T00:00:00.000Z,2026-01-02T10:54:17.000Z,,,62,"EU and international driving rules,GOV.UK homepage,Road haulage,Business and industry,Exporting,Freight, haulage and cargo,Transport,Importing,Brexit,Driving and road transport,Transport businesses and vehicle operator licences,Trade and investment,Professional driving of lorries, buses and coaches,Government,Vehicle operator licences,HGV and goods carriage vehicle licensing",Driver and Vehicle Standards Agency,"Driver and Vehicle Standards Agency,Traffic Commissioners for Great Britain",2016 to 2019 May Conservative government,,,
https://www.gov.uk/guidance/transport-goods-in-and-out-of-the-uk-using-vans-or-car-and-trailers,Transport goods in Europe in vans or car and trailers,detailed_guide,417a066a-e353-4843-9f8f-2c00d63c2f13,en,whitehall,2021-08-25T23:00:00.000Z,2025-05-20T23:00:01.000Z,,,59,"Freight, haulage and cargo,Transport,Professional driving of lorries, buses and coaches,Vans and minibuses,Driving and road transport,Brexit,EU and international driving rules,Importing,Business and industry,Road haulage,GOV.UK homepage,Trade and investment,Government,Exporting",Department for Transport,"Department for Transport,Driver and Vehicle Standards Agency,Traffic Commissioners for Great Britain",2019 to 2022 Johnson Conservative government,,,
https://www.gov.uk/guidance/variations-to-marketing-authorisations-mas,Variations to marketing authorisations (MAs),detailed_guide,ae1f32fe-d5af-46ba-bfb2-548b6e73bd10,en,whitehall,2020-12-31T00:00:00.000Z,2025-10-16T16:11:34.000Z,,,59,"Brexit,Government,Health and social care,Marketing authorisations, variations and licensing guidance,Medicines, medical devices,GOV.UK homepage",Medicines and Healthcare products Regulatory Agency,Medicines and Healthcare products Regulatory Agency,2019 to 2022 Johnson Conservative government,,,
https://www.gov.uk/guidance/join-the-register-of-digital-identity-and-attribute-services,Join the register of digital identity and attribute services,detailed_guide,36b62c19-eedc-4e7b-b9b0-25af62d048bc,en,whitehall,2024-09-12T23:00:00.000Z,2025-12-01T14:00:02.000Z,,,59,"Digital security,Government,Digital identity,GOV.UK homepage,Government technology and digital services,Identity assurance,Cyber security",Office for Digital Identities and Attributes,"Office for Digital Identities and Attributes,Department for Science, Innovation and Technology",2024 Starmer Labour government,,,
https://www.gov.uk/guidance/using-the-harmonised-system-and-product-specific-rules-for-trade-between-the-uk-and-eu,Checking the origin of your goods using product specific rules when trading between the UK and EU,detailed_guide,34e1988b-5c47-491c-ab57-6d0428e917b9,en,whitehall,2021-10-06T14:15:00.000Z,2022-12-20T14:04:02.000Z,,,59,"Exporting,Business and industry,Government,Importing,Trade and investment,GOV.UK homepage,Brexit",HM Revenue & Customs,HM Revenue & Customs,2019 to 2022 Johnson Conservative government,,,
https://www.gov.uk/guidance/public-sector-leadership-development,Public Sector Leadership Development,detailed_guide,b74e6718-821d-48ce-bf37-5e99b5393834,en,whitehall,2023-04-05T23:00:00.000Z,2026-02-04T16:53:28.000Z,,,59,"Government,Education, training and skills,GOV.UK homepage",Government Skills,"Government Skills,Leadership College for Government",2022 to 2024 Sunak Conservative government,,,
https://www.gov.uk/guidance/writing-skills,Writing skills,detailed_guide,14817c41-289a-4fb3-bfdc-1ed353095c3f,en,whitehall,2024-08-22T23:00:00.000Z,2024-08-22T23:00:00.000Z,,,58,"Government,GOV.UK homepage",Government Skills,Government Skills,2024 Starmer Labour government,,,
https://www.gov.uk/guidance/apply-for-your-govuk-domain-name,Apply for your .gov.uk domain name,detailed_guide,0f73cc0c-4ae9-4a06-a5fb-857463b5523a,en,whitehall,2019-10-06T23:00:00.000Z,2024-06-17T08:16:04.000Z,,,58,"GOV.UK homepage,Government technology and digital services,Digital transformation,Government,Government efficiency, transparency and accountability",Government Digital Service,"Government Digital Service,Department for Science, Innovation and Technology,Central Digital and Data Office",2019 to 2022 Johnson Conservative government,,,
https://www.gov.uk/guidance/local-overseas-allowance-loa,Local Overseas Allowance (LOA),detailed_guide,5f970608-011d-43e8-8709-8ea69532b72d,en,whitehall,2021-02-01T00:00:00.000Z,2021-06-17T10:29:22.000Z,,,57,"Defence and armed forces,GOV.UK homepage,Government,Armed forces",Ministry of Defence,Ministry of Defence,2019 to 2022 Johnson Conservative government,,,
https://www.gov.uk/guidance/appeal-a-regulatory-decision-from-the-environment-agency,Appeal a regulatory decision from the Environment Agency,detailed_guide,04091ce5-25bd-46fa-a699-8473225d261e,en,whitehall,2024-12-03T00:00:00.000Z,2026-01-20T12:32:08.000Z,,,56,"GOV.UK homepage,Government efficiency, transparency and accountability,Government,Environment",Environment Agency,Environment Agency,2024 Starmer Labour government,,,
https://www.gov.uk/guidance/meet-the-requirements-of-equality-and-accessibility-regulations,Meet the requirements of equality and accessibility regulations,detailed_guide,f0f52a67-82d7-48ca-b297-46d7184660bd,en,whitehall,2024-02-23T00:00:00.000Z,2024-02-23T00:00:00.000Z,,,56,"Design and build of government services,Digital accessibility,Government technology and digital services,Government,GOV.UK homepage",Government Digital Service,"Government Digital Service,Central Digital and Data Office",2022 to 2024 Sunak Conservative government,,,
https://www.gov.uk/guidance/how-to-sell-to-dstl-industry-academia-and-other-research-organisations,How to sell to or work with Dstl,detailed_guide,5f8efbe5-7631-11e4-a3cb-005056011aef,en,whitehall,2014-06-30T23:00:00.000Z,2026-01-26T17:42:43.000Z,,,55,"Defence and armed forces,Government,Sale of goods and services and data protection,Buying technology,Science and innovation,Military equipment, logistics and technology,Government technology and digital services,Business and industry,Business regulation,GOV.UK homepage",Defence Science and Technology Laboratory,Defence Science and Technology Laboratory,2010 to 2015 Conservative and Liberal Democrat coalition government,,,
https://www.gov.uk/guidance/address-for-service-for-intellectual-property-rights,Address for service for intellectual property rights,detailed_guide,932aa7ff-62c9-470d-9370-479f5db870a2,en,whitehall,2020-11-23T00:00:00.000Z,2023-09-01T09:00:03.000Z,,,55,"Designs,Business regulation,Government,GOV.UK homepage,Business and industry,Brexit,Patents,Intellectual property,Trade marks",Intellectual Property Office,"Intellectual Property Office,Government Digital Service",2019 to 2022 Johnson Conservative government,,,
https://www.gov.uk/guidance/cladding-and-other-fire-safety-works-information-for-residents,Cladding and other fire safety works – information for residents,detailed_guide,f02b6c6c-11ec-4a40-a015-37fa973e5233,en,whitehall,2022-09-19T23:00:00.000Z,2024-09-23T14:56:37.000Z,,,55,"Building regulation,Government,Planning and building,Fire prevention and rescue,Emergency preparation, response and recovery,Housing, local and community,Freehold and leasehold property,Housing and communities,GOV.UK homepage","Ministry of Housing, Communities and Local Government","Ministry of Housing, Communities and Local Government",2022 Truss Conservative government,,,
https://www.gov.uk/guidance/commercial-spend-controls-version-5,Commercial spend controls (version 7),detailed_guide,60ba483f-f8d7-43c4-8483-3614ee584f99,en,whitehall,2018-04-29T23:00:00.000Z,2025-05-21T13:34:53.000Z,,,55,"Buying technology,Government,Government technology and digital services,GOV.UK homepage",Cabinet Office,Cabinet Office,2016 to 2019 May Conservative government,,,
https://www.gov.uk/guidance/choose-a-govuk-approved-registrar,Choose a .gov.uk Approved Registrar,detailed_guide,0bf0c24a-ab5a-4e8c-9e35-37fe29857b0e,en,whitehall,2024-03-06T00:00:00.000Z,2024-06-14T15:00:40.000Z,,,55,"Managing government websites,GOV.UK services,Government,GOV.UK homepage,Design and build of government services,Digital security,Government technology and digital services,Digital transformation",Government Digital Service,"Government Digital Service,Department for Science, Innovation and Technology,Central Digital and Data Office",2022 to 2024 Sunak Conservative government,,,
https://www.gov.uk/guidance/microsoft-365-guidance-for-uk-government,Microsoft 365 Guidance for UK Government,detailed_guide,c567db96-4fac-40d4-8f1a-78a597ece375,en,whitehall,2023-10-04T23:00:00.000Z,2023-10-04T23:00:00.000Z,,,55,"GOV.UK homepage,Government technology and digital services,Government,Digital security",Government Digital Service,"Government Digital Service,Central Digital and Data Office",2022 to 2024 Sunak Conservative government,,,
https://www.gov.uk/guidance/preparing-for-the-civil-service-management-judgement-test,Preparing for the Civil Service Management Judgement Test,detailed_guide,c6ebe11a-562e-40ea-906e-07364c3cda02,en,whitehall,2020-09-01T11:52:00.000Z,2023-08-18T15:00:48.000Z,,,54,"Government,GOV.UK homepage",Government People Group,Government People Group,2019 to 2022 Johnson Conservative government,,,
https://www.gov.uk/guidance/guidance-on-qualified-person-responsible-for-pharmacovigilance-qppv-including-pharmacovigilance-system-master-files-psmf,Pharmacovigilance requirements: qualified person for PV and PSMF,detailed_guide,d3fe78e6-f1f5-48ff-acc9-5148331aa132,en,whitehall,2020-12-31T00:00:00.000Z,2025-01-08T16:31:15.000Z,,,54,"Health and social care,GOV.UK homepage,Medicines, medical devices,Brexit,Government,Good practice, inspections and enforcement",Medicines and Healthcare products Regulatory Agency,Medicines and Healthcare products Regulatory Agency,2019 to 2022 Johnson Conservative government,,,
https://www.gov.uk/guidance/leaseholder-and-resident-information-on-the-building-safety-fund,Building Safety Fund: Information for leaseholders and residents,detailed_guide,492dfb0f-e4df-426a-9993-245af199d587,en,whitehall,2022-03-11T00:00:00.000Z,2025-09-01T13:01:16.000Z,,,53,"Housing, local and community,Building regulation,Fire prevention and rescue,Government,GOV.UK homepage,Planning and building,Emergency preparation, response and recovery","Ministry of Housing, Communities and Local Government","Ministry of Housing, Communities and Local Government,Department for Levelling Up, Housing and Communities ",2019 to 2022 Johnson Conservative government,,,
https://www.gov.uk/guidance/consultancy-spend-controls,Consultancy and professional services (C&PS) spend control,detailed_guide,80df7f29-eb3a-4c05-9f7c-1c0feb74d017,en,whitehall,2014-04-08T23:00:00.000Z,2023-02-01T08:59:27.000Z,,,52,"Government spending,Government,Government efficiency, transparency and accountability,GOV.UK homepage",Cabinet Office,Cabinet Office,2010 to 2015 Conservative and Liberal Democrat coalition government,,,
https://www.gov.uk/guidance/contact-the-adjudicators-office-online,Complain to the Adjudicator's Office,detailed_guide,0f03992c-becf-4fde-88c1-6781a798f6e3,en,whitehall,2020-01-08T00:00:00.000Z,2026-01-27T16:31:40.000Z,,,51,"Money,Complaints and appeals,Dealing with HMRC,GOV.UK homepage,Government efficiency, transparency and accountability,Government",The Adjudicator’s Office,The Adjudicator’s Office,2019 to 2022 Johnson Conservative government,,,
https://www.gov.uk/guidance/report-an-aircraft-accident-or-serious-incident,Report an air accident or serious incident,detailed_guide,60557e01-7631-11e4-a3cb-005056011aef,en,whitehall,2004-12-04T00:00:00.000Z,2004-12-04T00:00:00.000Z,,,50,"Aviation,GOV.UK homepage,Air accidents and serious incidents,Emergency preparation, response and recovery,Government,Transport",Air Accidents Investigation Branch,Air Accidents Investigation Branch,1997 to 2007 Blair Labour government,,,
https://www.gov.uk/guidance/healthcare-in-cyprus,Healthcare for UK nationals living in Cyprus,detailed_guide,30acae36-10da-44e1-91e5-fe4ad8e0e1c3,en,whitehall,2019-09-22T23:00:00.000Z,2021-10-14T18:02:55.000Z,,,50,"British nationals overseas,Help and services around the world,Government,Going and being abroad,Living in Cyprus,Health and social care,Living abroad,Brexit,GOV.UK homepage,UK help and services in Cyprus",Department of Health and Social Care,"Department of Health and Social Care,Foreign, Commonwealth & Development Office",2019 to 2022 Johnson Conservative government,,,
https://www.gov.uk/guidance/adapting-your-home-or-business-to-the-risk-of-flooding,Adapting your home or business to the risk of flooding,detailed_guide,6a97826d-35db-4151-9b2d-a33c6b3a3d6b,en,whitehall,2009-10-01T00:00:00.000Z,2009-10-01T00:00:00.000Z,,,48,"River maintenance, flooding and coastal erosion,GOV.UK homepage,Emergency preparation, response and recovery,Government,Environment",Environment Agency,Environment Agency,2007 to 2010 Brown Labour government,,,
https://www.gov.uk/guidance/make-an-entry-summary-declaration-using-the-import-control-system-2,Make an entry summary declaration using the Import Control System 2,detailed_guide,6e73a6fd-49b9-4017-8926-24ada31685b3,en,whitehall,2024-11-20T00:00:00.000Z,2026-01-01T00:15:01.000Z,,,47,"Brexit,Government,Customs declarations, duties and tariffs (import and export),Importing,Trade and investment,Business and industry,GOV.UK homepage",HM Revenue & Customs,HM Revenue & Customs,2024 Starmer Labour government,,,
https://www.gov.uk/guidance/guide-to-governance-and-management-frameworks,Guide to governance and management frameworks,detailed_guide,367cb65f-3075-40f9-aa5a-3f7ae976923a,en,whitehall,2024-09-29T23:00:00.000Z,2024-09-29T23:00:00.000Z,,,47,"GOV.UK homepage,Government efficiency, transparency and accountability,Government",Cabinet Office,Cabinet Office,2024 Starmer Labour government,,,
https://www.gov.uk/guidance/government-operational-research-service-mainstream-recruitment,Government Operational Research Service - Mainstream Recruitment,detailed_guide,b0e508c3-3af4-45e2-b723-f2f88ad3d6c3,en,whitehall,2024-04-25T23:00:00.000Z,2025-01-22T16:48:26.000Z,,,47,"Government,GOV.UK homepage,Government efficiency, transparency and accountability",Government Operational Research Service,Government Operational Research Service,2022 to 2024 Sunak Conservative government,,,
https://www.gov.uk/guidance/placing-manufactured-goods-on-the-eu-market,Placing manufactured goods on the EU market,detailed_guide,274ae099-f728-4dfa-ab42-d486e2c0045b,en,whitehall,2020-12-31T23:01:00.000Z,2020-12-31T23:01:00.000Z,,,46,"Manufacturing,Product safety,Government,Brexit,GOV.UK homepage,Business and industry,Business regulation",Department for Business and Trade,"Department for Business and Trade,Department for Business, Energy & Industrial Strategy",2019 to 2022 Johnson Conservative government,,,
https://www.gov.uk/guidance/securing-government-email,Securing government email,detailed_guide,23766876-ee45-4f88-939b-635b6254eda4,en,whitehall,2016-08-23T23:00:00.000Z,2024-03-04T13:33:06.000Z,,,46,"Email,Digital security,GOV.UK homepage,Government technology and digital services,Government",Government Digital Service,"Government Digital Service,Central Digital and Data Office",2016 to 2019 May Conservative government,,,
https://www.gov.uk/guidance/uk-treaties,UK Treaties,detailed_guide,5dbc0310-7631-11e4-a3cb-005056011aef,en,whitehall,2013-07-01T23:00:00.000Z,2019-11-07T12:37:31.000Z,,,45,"Democracy,Foreign affairs,Legislative process,Government,GOV.UK homepage,International",Foreign & Commonwealth Office,"Foreign & Commonwealth Office,Foreign, Commonwealth & Development Office",2010 to 2015 Conservative and Liberal Democrat coalition government,,,
https://www.gov.uk/guidance/social-media-playbook,Social media playbook,detailed_guide,d2e60923-9a46-43fe-83b6-e4b5d73e53eb,en,whitehall,2018-08-17T13:38:00.000Z,2023-01-23T09:09:10.000Z,,,45,"Digital accessibility,GOV.UK homepage,Government technology and digital services,Government,Digital inclusion",Government Digital Service,Government Digital Service,2016 to 2019 May Conservative government,,,
https://www.gov.uk/guidance/super-deduction,Super-deduction,detailed_guide,98400132-d60e-4425-8b65-0ba314b8732d,en,whitehall,2021-03-03T13:26:00.000Z,2021-03-05T17:58:37.000Z,,,44,"GOV.UK homepage,Government",HM Treasury,HM Treasury,2019 to 2022 Johnson Conservative government,,,
https://www.gov.uk/guidance/choose-your-govuk-domain-name,Choose your .gov.uk domain name,detailed_guide,47f6293f-f9fc-4e69-9db2-ca19994a5e82,en,whitehall,2019-10-06T23:00:00.000Z,2025-10-15T14:22:11.000Z,,,44,"Government efficiency, transparency and accountability,GOV.UK homepage,Government",Government Digital Service,"Government Digital Service,Department for Science, Innovation and Technology",2019 to 2022 Johnson Conservative government,,,
https://www.gov.uk/guidance/gds-local,GDS Local,detailed_guide,cac2d66e-ea3d-4041-b3ff-e19d2e098fdf,en,whitehall,2025-11-22T00:01:10.000Z,2025-11-22T00:01:10.000Z,,,43,"GOV.UK homepage,Government,Public services","Department for Science, Innovation and Technology","Department for Science, Innovation and Technology,Government Digital Service",2024 Starmer Labour government,,,
https://www.gov.uk/guidance/g-cloud-templates-and-legal-documents,G-Cloud templates and legal documents,detailed_guide,cc6bd5b7-d820-4dbd-90fa-d0704cf6a0a0,en,whitehall,2016-07-19T23:00:00.000Z,2024-02-19T10:35:53.000Z,,,42,"Government,Government efficiency, transparency and accountability,GOV.UK homepage",Crown Commercial Service,Crown Commercial Service,2016 to 2019 May Conservative government,,,
https://www.gov.uk/guidance/principles-for-securing-personal-data-in-government-services,Principles for securing personal data in government services,detailed_guide,300aff53-7550-4f14-a109-785ed6b8c829,en,whitehall,2025-06-25T12:45:16.000Z,2025-06-25T12:45:16.000Z,,,42,"Public services,Government,Data,Digital security,Cyber security,Digital identity,GOV.UK homepage,National security,Government technology and digital services",Government Digital Service,Government Digital Service,2024 Starmer Labour government,,,
https://www.gov.uk/guidance/using-govuk-wallet-in-government,Using GOV.UK Wallet in government,detailed_guide,22781af9-cd2a-4f54-be8e-cc2135dce52d,en,whitehall,2025-05-22T23:00:00.000Z,2025-10-28T15:33:12.000Z,,,42,"Government technology and digital services,GOV.UK homepage,Government",Government Digital Service,Government Digital Service,2024 Starmer Labour government,,,
https://www.gov.uk/guidance/understanding-artificial-intelligence-ethics-and-safety,Understanding artificial intelligence ethics and safety,detailed_guide,e0dc05e3-104f-48e9-a1b9-46b033b83334,en,whitehall,2019-06-09T23:00:00.000Z,2019-06-09T23:00:00.000Z,,,41,"Government,Digital transformation,Design and build of government services,Buying technology,GOV.UK homepage,Government technology and digital services,Smarter working","Department for Science, Innovation and Technology","Department for Science, Innovation and Technology,Office for Artificial Intelligence,Centre for Data Ethics and Innovation",2016 to 2019 May Conservative government,,,
https://www.gov.uk/guidance/government-cloud-first-policy,Government Cloud First policy,detailed_guide,fe692228-ed82-4f1b-8fce-0dea228c43c5,en,whitehall,2017-02-03T00:00:00.000Z,2023-06-19T11:00:06.000Z,,,41,"Cloud strategy,Government,GOV.UK homepage,Government efficiency, transparency and accountability,Government technology and digital services,Digital transformation",Government Digital Service,"Government Digital Service,Central Digital and Data Office",2016 to 2019 May Conservative government,,,
https://www.gov.uk/guidance/summary-of-the-uk-japan-comprehensive-economic-partnership-agreement,Trade with  Japan,detailed_guide,5f41e8f4-e1fa-4407-9cf6-ff993a6433e1,en,whitehall,2020-10-22T23:00:00.000Z,2024-12-20T00:01:00.000Z,,,41,"Trade and investment,Free trade,Importing,Exporting,Brexit,Business and industry,GOV.UK homepage,Government",Department for Business and Trade,Department for Business and Trade,2019 to 2022 Johnson Conservative government,,,
https://www.gov.uk/guidance/preparation-and-planning-for-emergencies-the-capabilities-programme,Preparation and planning for emergencies,detailed_guide,5d60df23-7631-11e4-a3cb-005056011aef,en,whitehall,2013-02-20T18:00:00.000Z,2018-05-29T23:15:00.000Z,,,40,"GOV.UK homepage,Emergency preparation, response and recovery,Government",Cabinet Office,Cabinet Office,2010 to 2015 Conservative and Liberal Democrat coalition government,,,
https://www.gov.uk/guidance/uk-licence-for-the-community-for-international-road-haulage,UK Licence for the Community for international road haulage,detailed_guide,008cabf1-962f-4751-bc7e-cea26c91b8df,en,whitehall,2020-12-31T00:00:00.000Z,2024-07-18T11:10:59.000Z,,,40,"GOV.UK homepage,Brexit,Freight, haulage and cargo,Trade and investment,Government,Exporting,EU and international driving rules,Road haulage,Driving and road transport,Transport,Transport businesses and vehicle operator licences,Vehicle operator licences,Professional driving of lorries, buses and coaches,Business and industry,Importing,HGV and goods carriage vehicle licensing",Driver and Vehicle Standards Agency,"Driver and Vehicle Standards Agency,Traffic Commissioners for Great Britain",2019 to 2022 Johnson Conservative government,,,
https://www.gov.uk/guidance/state-pension-if-youve-lived-in-australia-canada-or-new-zealand,"State Pension if you've lived in Australia, Canada or New Zealand",detailed_guide,091e2f78-0300-4dcc-8b58-de75c8764741,en,whitehall,2021-04-30T13:32:00.000Z,2021-08-09T11:49:42.000Z,,,40,"Work,GOV.UK homepage,Brexit,Pensions and ageing society,Government",Department for Work and Pensions,Department for Work and Pensions,2019 to 2022 Johnson Conservative government,,,
https://www.gov.uk/guidance/doing-business-with-government-a-guide-for-smes,Doing business with government: guide for SMEs,detailed_guide,5d609107-7631-11e4-a3cb-005056011aef,en,whitehall,2013-02-18T00:00:00.000Z,2023-10-25T11:21:10.000Z,,,40,"Government efficiency, transparency and accountability,European Union laws and regulation,Business and industry,Government,GOV.UK homepage,Europe",Cabinet Office,"Cabinet Office,Efficiency and Reform Group,Crown Commercial Service",2010 to 2015 Conservative and Liberal Democrat coalition government,,,
https://www.gov.uk/guidance/comparator-products-in-bioequivalencetherapeutic-equivalence-studies,Comparator products in bioequivalence/therapeutic equivalence studies,detailed_guide,5a2038ab-aea3-464c-a0a9-c65f9c2aaeda,en,whitehall,2020-12-31T00:00:00.000Z,2024-12-20T12:47:48.000Z,,,40,"Brexit,GOV.UK homepage,Medicines, medical devices,Health and social care,Marketing authorisations, variations and licensing guidance,Government",Medicines and Healthcare products Regulatory Agency,Medicines and Healthcare products Regulatory Agency,2019 to 2022 Johnson Conservative government,,,
https://www.gov.uk/guidance/placing-energy-related-products-on-the-uk-market,Regulations: ecodesign of energy-consuming products,detailed_guide,5f1ad877-7631-11e4-a3cb-005056011aef,en,whitehall,2014-04-03T23:00:00.000Z,2026-01-27T10:21:06.000Z,,,39,"European Union laws and regulation,Climate change and energy,Business and industry,Business regulation,Europe,Consumer rights and issues,Government,Environment,GOV.UK homepage",Department for Energy Security and Net Zero,"Department for Energy Security and Net Zero,Office for Product Safety and Standards",2010 to 2015 Conservative and Liberal Democrat coalition government,,,
https://www.gov.uk/guidance/benefits-and-pensions-for-eea-and-swiss-citizens-in-the-uk,Benefits and pensions for EEA and Swiss citizens in the UK,detailed_guide,bdf8f16d-b23b-4961-ad53-8c9cf3f7b1ec,en,whitehall,2020-01-24T13:56:00.000Z,2021-07-01T12:08:04.000Z,,,39,"Government,Work,Welfare,Brexit,Entering and staying in the UK,Benefits entitlement,Rights of foreign nationals in the UK,GOV.UK homepage,Rights of EU and EEA citizens,Pensions and ageing society",Department for Work and Pensions,Department for Work and Pensions,2019 to 2022 Johnson Conservative government,,,
https://www.gov.uk/guidance/check-if-you-can-claim-national-insurance-relief-in-freeport-tax-sites,Check if you can claim National Insurance relief in UK Freeport or Investment Zone special tax sites,detailed_guide,a65c248d-175f-4e2a-8eb7-7af9fc8e0855,en,whitehall,2022-02-28T00:00:00.000Z,2025-04-05T23:15:14.000Z,,,39,"Exporting,GOV.UK homepage,Trade and investment,Business and industry,Importing,Personal tax,Government,Brexit,Money,National Insurance",HM Revenue & Customs,HM Revenue & Customs,2019 to 2022 Johnson Conservative government,,,
https://www.gov.uk/guidance/united-kingdom-security-vetting-international-personnel-security-clearances,United Kingdom Security Vetting: International Personnel Security Clearances,detailed_guide,e751d9c0-912f-4b40-9c75-3a03d51c5005,en,whitehall,2019-08-14T14:32:00.000Z,2020-02-12T06:00:04.000Z,,,39,"National security,Government,Support services for military and defence personnel and their families,Defence and armed forces,GOV.UK homepage,Military recruitment, training and operations",United Kingdom Security Vetting,United Kingdom Security Vetting,2019 to 2022 Johnson Conservative government,,,
https://www.gov.uk/guidance/request-an-exemption-from-using-the-govuk-website,Request an exemption from using the GOV.UK website,detailed_guide,1b5aeab2-8feb-4d48-86d6-ecb6f5b56f8f,en,whitehall,2023-09-26T23:00:00.000Z,2023-12-08T13:58:18.000Z,,,38,"GOV.UK services,Government technology and digital services,Government,GOV.UK homepage,Managing government websites",Government Digital Service,Government Digital Service,2022 to 2024 Sunak Conservative government,,,
https://www.gov.uk/guidance/reference-medicinal-products-rmps,Reference medicinal products (RMPs),detailed_guide,d64bf3fc-32f7-4eea-a298-b6a59683a674,en,whitehall,2020-12-31T00:00:00.000Z,2025-03-11T11:59:25.000Z,,,38,"Medicines, medical devices,Government,GOV.UK homepage,Health and social care,Brexit,Marketing authorisations, variations and licensing guidance",Medicines and Healthcare products Regulatory Agency,Medicines and Healthcare products Regulatory Agency,2019 to 2022 Johnson Conservative government,,,
https://www.gov.uk/guidance/healthcare-in-italy,Healthcare for UK nationals living in Italy,detailed_guide,04aff78a-a7fe-4d64-809c-e4297bf653b4,en,whitehall,2019-09-22T23:00:00.000Z,2022-10-25T10:37:05.000Z,,,37,"Living in Italy,GOV.UK homepage,Health and social care,British nationals overseas,Living abroad,Going and being abroad,Government,Brexit,UK help and services in Italy,Help and services around the world",Department of Health and Social Care,"Department of Health and Social Care,Foreign, Commonwealth & Development Office",2019 to 2022 Johnson Conservative government,,,
https://www.gov.uk/guidance/how-to-apply-for-a-government-economic-service-summer-vacation-placement,Government Economic Service Summer Scheme,detailed_guide,385dfcb3-ed20-4ae4-84b0-6582bc51bed9,en,whitehall,2014-01-30T00:00:00.000Z,2025-10-23T12:41:33.000Z,,,37,"Government efficiency, transparency and accountability,Government,GOV.UK homepage",Government Economic Service,Government Economic Service,2010 to 2015 Conservative and Liberal Democrat coalition government,,,
https://www.gov.uk/guidance/get-funding-to-develop-and-exploit-knowledge-assets,Funding to accelerate your Knowledge Assets towards the market,detailed_guide,6e2ab262-32aa-4dc6-b781-be4d309faa50,en,whitehall,2022-10-03T23:00:00.000Z,2025-09-25T11:09:44.000Z,,,36,"GOV.UK homepage,Science and innovation,Government technology and digital services,Business and industry,UK economy,UK economic growth,Government",Government Office for Technology Transfer,Government Office for Technology Transfer,2022 Truss Conservative government,,,
https://www.gov.uk/guidance/renewing-marketing-authorisations-for-medicines,Renewing marketing authorisations for medicines,detailed_guide,08eccb7e-18cd-45ae-b405-981a09389dfb,en,whitehall,2020-12-31T00:00:00.000Z,2024-12-31T12:31:22.000Z,,,36,"Government,Marketing authorisations, variations and licensing guidance,Health and social care,Medicines, medical devices,GOV.UK homepage,Brexit,Brexit: business guidance",Medicines and Healthcare products Regulatory Agency,Medicines and Healthcare products Regulatory Agency,2019 to 2022 Johnson Conservative government,,,
https://www.gov.uk/guidance/voluntary-payments-donations-to-government,Voluntary payments / donations to government,detailed_guide,5ff7d436-b78e-4dfc-9e33-404303b7c364,en,whitehall,2021-02-04T16:21:16.000Z,2021-02-04T16:21:16.000Z,,,36,"GOV.UK homepage,Government",HM Treasury,HM Treasury,2019 to 2022 Johnson Conservative government,,,
https://www.gov.uk/guidance/healthcare-in-germany,Healthcare for UK nationals living in Germany,detailed_guide,e6dc0e47-05fe-4969-9ff5-454fdabfe9bf,en,whitehall,2019-09-22T23:00:00.000Z,2024-09-19T13:18:03.000Z,,,36,"GOV.UK homepage,Health and social care,Government,Living in Germany,British nationals overseas,Help and services around the world,Brexit,Living abroad,UK help and services in Germany,Going and being abroad",Department of Health and Social Care,"Department of Health and Social Care,Foreign, Commonwealth & Development Office",2019 to 2022 Johnson Conservative government,,,
https://www.gov.uk/guidance/check-if-an-email-about-taking-part-in-govuk-research-is-genuine,Check if an email about taking part in GOV.UK research is genuine,detailed_guide,baa4fbef-9a4b-4011-b46a-0c36868635a5,en,whitehall,2024-12-03T00:00:00.000Z,2024-12-03T00:00:00.000Z,,,36,"GOV.UK homepage,Government technology and digital services,Government,User research",Government Digital Service,Government Digital Service,2024 Starmer Labour government,,,
https://www.gov.uk/guidance/managing-candidates-through-pre-employment-checks-vx,Managing candidates through pre-employment checks (vX),detailed_guide,54097588-a656-44ae-8678-44b04f93d992,en,whitehall,2020-02-21T00:00:00.000Z,2023-12-15T13:11:46.000Z,,,35,"Government,Government efficiency, transparency and accountability,GOV.UK homepage",Civil Service Resourcing,Civil Service Resourcing,2019 to 2022 Johnson Conservative government,,,
https://www.gov.uk/guidance/study-in-the-european-union,Study in the European Union,detailed_guide,dbd995b3-11f9-4430-a487-23851088e005,en,whitehall,2020-01-31T00:00:00.000Z,2026-01-08T09:44:10.000Z,,,35,"Further and higher education courses and qualifications,Education, training and skills,GOV.UK homepage,Government,Further and higher education, skills and vocational training,Brexit",Department for Education,Department for Education,2019 to 2022 Johnson Conservative government,,,
https://www.gov.uk/guidance/delegated-authority-guidance,Delegated authority guidance,detailed_guide,efe2a955-3df6-4a7b-9a6b-6e4d1e0b22b4,en,whitehall,2024-11-25T09:00:00.000Z,2024-11-25T09:00:00.000Z,,,35,"Cyber security,Government,GOV.UK homepage",Office for Digital Identities and Attributes,"Office for Digital Identities and Attributes,Department for Science, Innovation and Technology",2024 Starmer Labour government,,,
https://www.gov.uk/guidance/eu-trade-mark-protection-and-comparable-uk-trade-marks,EU trade mark protection and comparable UK trade marks,detailed_guide,435458f5-d814-46f0-a59f-7fe2c6a41ec6,en,whitehall,2020-01-30T10:12:00.000Z,2020-01-30T10:12:00.000Z,,,34,"Trade marks,Intellectual property,GOV.UK homepage,Business regulation,Government,Business and industry,Brexit",Intellectual Property Office,"Intellectual Property Office,Government Digital Service",2019 to 2022 Johnson Conservative government,,,
https://www.gov.uk/guidance/textile-labelling,Textile labelling,detailed_guide,7381b8f8-d58f-43f5-a483-5f82bc47e31f,en,whitehall,2020-12-31T23:01:44.000Z,2020-12-31T23:01:44.000Z,,,33,"Business and industry,Business regulation,Government,Brexit,Consumer rights and issues,Sale of goods and services and data protection,GOV.UK homepage,Consumer protection",Department for Business and Trade,"Department for Business and Trade,Department for Business, Energy & Industrial Strategy",2019 to 2022 Johnson Conservative government,,,
https://www.gov.uk/guidance/coaching,Coaching,detailed_guide,8f987893-a6fa-4f41-a1ef-71829d78d897,en,whitehall,2026-02-18T10:02:00.000Z,2026-02-18T10:02:00.000Z,,,33,"Government,GOV.UK homepage",Government Skills,Government Skills,2024 Starmer Labour government,,,
https://www.gov.uk/guidance/civil-service-orientation,Senior Civil Service (SCS) Inductions,detailed_guide,1c1ada14-d90a-4c38-b845-8791dc911be3,en,whitehall,2017-09-26T23:00:00.000Z,2025-11-25T15:53:42.000Z,,,32,"Government,GOV.UK homepage,Government efficiency, transparency and accountability",Government Skills,Government Skills,2016 to 2019 May Conservative government,,,
https://www.gov.uk/guidance/check-if-your-organisation-can-get-a-govuk-domain-name,Check if your organisation can get a .gov.uk domain name,detailed_guide,12fc5185-a8e5-4650-8a25-aea1afdd5d8d,en,whitehall,2019-10-06T23:00:00.000Z,2024-06-14T16:15:14.000Z,,,32,"Government technology and digital services,Government efficiency, transparency and accountability,GOV.UK homepage,Digital transformation,Government",Government Digital Service,"Government Digital Service,Department for Science, Innovation and Technology,Central Digital and Data Office",2019 to 2022 Johnson Conservative government,,,
https://www.gov.uk/guidance/college-for-national-security,College for National Security,detailed_guide,61c0b3a4-46e6-47e0-b8ab-705e582008fc,en,whitehall,2024-11-28T00:00:00.000Z,2025-10-24T15:00:06.000Z,,,32,"Government,GOV.UK homepage",Government Skills,Government Skills,2024 Starmer Labour government,,,
https://www.gov.uk/guidance/claim-vat-refunds-in-northern-ireland-or-the-eu-if-youre-established-in-northern-ireland-or-in-the-eu,"Claim VAT refunds in Northern Ireland or the EU, if you’re established in Northern Ireland or in the EU",detailed_guide,1dfec44d-5d28-4b62-8649-955d6d25b2ed,en,whitehall,2020-12-31T23:00:00.000Z,2022-11-18T08:28:40.000Z,,,32,"VAT,Government,Business tax,Brexit,GOV.UK homepage,Money",HM Revenue & Customs,HM Revenue & Customs,2019 to 2022 Johnson Conservative government,,,
https://www.gov.uk/guidance/building-safety-fund-leaseholder-and-resident-service,Building Safety Fund Leaseholder and Resident Service,detailed_guide,87b73f63-917b-450d-8b44-6bb691fb38ca,en,whitehall,2023-08-16T23:00:00.000Z,2023-10-24T11:30:53.000Z,,,32,"Building regulation,Emergency preparation, response and recovery,Government,Fire prevention and rescue,Planning and building,GOV.UK homepage,Housing, local and community","Ministry of Housing, Communities and Local Government","Ministry of Housing, Communities and Local Government,Department for Levelling Up, Housing and Communities ",2022 to 2024 Sunak Conservative government,,,
https://www.gov.uk/guidance/healthcare-in-malta,Healthcare for UK nationals living in Malta,detailed_guide,c47dace1-f237-41e0-aa06-5c77088e2419,en,whitehall,2019-09-22T23:00:00.000Z,2021-10-14T18:14:04.000Z,,,32,"UK help and services in Malta,Going and being abroad,Brexit,Government,Help and services around the world,British nationals overseas,Living abroad,Living in Malta,Health and social care,GOV.UK homepage",Department of Health and Social Care,"Department of Health and Social Care,Foreign, Commonwealth & Development Office",2019 to 2022 Johnson Conservative government,,,
https://www.gov.uk/guidance/resilient-communications,Resilient communications,detailed_guide,5d62a1f0-7631-11e4-a3cb-005056011aef,en,whitehall,2013-02-20T00:00:00.000Z,2025-06-30T13:23:53.000Z,,,31,"Emergency preparation, response and recovery,Telecommunications,Networks and telecommunications,Government technology and digital services,Business and industry,Media and communications,Government,GOV.UK homepage",Cabinet Office,Cabinet Office,2010 to 2015 Conservative and Liberal Democrat coalition government,,,
https://www.gov.uk/guidance/vehicle-documents-required-for-international-road-haulage,International road haulage: HGV and trailer documents,detailed_guide,5c71d4fe-7631-11e4-a3cb-005056011aef,en,whitehall,2012-09-06T23:00:00.000Z,2024-07-09T14:33:27.000Z,,,31,"Freight, haulage and cargo,EU and international driving rules,Transport,Driving and road transport,Importing,GOV.UK homepage,Business and industry,Transport businesses and vehicle operator licences,Government,Professional driving of lorries, buses and coaches,HGV and goods carriage vehicle licensing,Trade and investment,Brexit,Exporting,Road haulage,Vehicle operator licences",Department for Transport,"Department for Transport,Driver and Vehicle Standards Agency,Traffic Commissioners for Great Britain,Driver and Vehicle Licensing Agency",2010 to 2015 Conservative and Liberal Democrat coalition government,,,
https://www.gov.uk/guidance/international-authorisations-and-permits-for-road-haulage,Check which international road haulage permits you need,detailed_guide,5c71a2f1-7631-11e4-a3cb-005056011aef,en,whitehall,2012-09-03T23:00:00.000Z,2025-12-09T13:28:16.000Z,,,31,"Vehicle operator licences,EU and international driving rules,HGV and goods carriage vehicle licensing,Freight, haulage and cargo,Importing,GOV.UK homepage,Transport,Professional driving of lorries, buses and coaches,Trade and investment,Government,Driving and road transport,Transport businesses and vehicle operator licences,Road haulage,Brexit,Business and industry,Exporting",Driver and Vehicle Standards Agency,"Driver and Vehicle Standards Agency,Traffic Commissioners for Great Britain,Department for Transport",2010 to 2015 Conservative and Liberal Democrat coalition government,,,
https://www.gov.uk/guidance/temporary-jobcentres-during-the-coronavirus-covid-19-pandemic,Temporary jobcentres,detailed_guide,325d76f2-3947-4abf-90d5-cf8e1e0a3911,en,whitehall,2021-03-23T00:00:00.000Z,2026-01-28T17:44:01.000Z,,,31,"Government efficiency, transparency and accountability,Work,Government,Working, jobs and pensions,GOV.UK homepage",Department for Work and Pensions,Department for Work and Pensions,2019 to 2022 Johnson Conservative government,,,
https://www.gov.uk/guidance/set-up-government-email-services-securely,Set up government email services securely,detailed_guide,7567226d-cc5f-4330-a9fd-12eced1072a3,en,whitehall,2016-08-23T23:00:00.000Z,2024-03-04T13:32:54.000Z,,,31,"Government,GOV.UK homepage,Government technology and digital services,Email,Digital security",Government Digital Service,"Government Digital Service,Central Digital and Data Office",2016 to 2019 May Conservative government,,,
https://www.gov.uk/guidance/introduction-to-rules-of-origin-and-claiming-duties-when-trading-between-the-uk-and-eu,Introduction to rules of origin and claiming duties when trading between the UK and EU,detailed_guide,cd1bf9b9-ccaf-4e59-baaa-7a5c9c96c873,en,whitehall,2021-10-06T13:32:00.000Z,2021-10-06T13:32:00.000Z,,,31,"Business and industry,Exporting,Brexit,Government,Trade and investment,GOV.UK homepage,Importing",HM Revenue & Customs,HM Revenue & Customs,2019 to 2022 Johnson Conservative government,,,
https://www.gov.uk/guidance/healthcare-in-greece,Healthcare for UK nationals living in Greece,detailed_guide,9eb639af-ca4c-4675-9092-0b546f067cf3,en,whitehall,2019-09-22T23:00:00.000Z,2021-10-21T15:28:58.000Z,,,31,"Living abroad,Brexit,Living in Greece,Going and being abroad,British nationals overseas,GOV.UK homepage,Government,Help and services around the world,UK help and services in Greece,Health and social care",Department of Health and Social Care,"Department of Health and Social Care,Foreign, Commonwealth & Development Office",2019 to 2022 Johnson Conservative government,,,
https://www.gov.uk/guidance/help-make-govuk-better-sign-up-to-take-part-in-research,Help make GOV.UK better - sign up to take part in research,detailed_guide,8dee4f76-4475-482f-b4dc-64dbb982c025,en,whitehall,2024-07-25T13:25:06.000Z,2024-07-25T13:25:06.000Z,,,30,"User research,Government,GOV.UK homepage,Government technology and digital services",Government Digital Service,Government Digital Service,2024 Starmer Labour government,,,
https://www.gov.uk/guidance/general-rules-to-determine-the-origin-your-products-for-trade-between-the-uk-and-eu,General rules to determine the origin of your products for trade between the UK and EU,detailed_guide,d0d62150-fa4c-4a08-9425-06a39f5c5930,en,whitehall,2021-10-06T13:52:00.000Z,2021-10-06T13:52:00.000Z,,,30,"Government,Trade and investment,Importing,GOV.UK homepage,Business and industry,Brexit,Exporting",HM Revenue & Customs,HM Revenue & Customs,2019 to 2022 Johnson Conservative government,,,
https://www.gov.uk/guidance/contact-the-adjudicators-office,Contact the Adjudicator's Office,detailed_guide,c59cf546-b5b3-490e-b848-3cf55ecef2cc,en,whitehall,2019-07-25T23:00:00.000Z,2026-01-05T12:50:18.000Z,,,30,"Complaints and appeals,Money,Government efficiency, transparency and accountability,Dealing with HMRC,GOV.UK homepage,Government",The Adjudicator’s Office,The Adjudicator’s Office,2019 to 2022 Johnson Conservative government,,,
https://www.gov.uk/guidance/apply-to-import-multiple-low-value-parcels-on-one-declaration,Apply to import multiple low value parcels on one declaration,detailed_guide,75b36094-9b5c-4aa2-969d-f3281df84a3c,en,whitehall,2020-09-09T23:00:00.000Z,2025-12-03T16:06:11.000Z,,,29,"Trade and investment,GOV.UK homepage,Brexit,Customs declarations, duties and tariffs (import and export),Business and industry,Government",HM Revenue & Customs,HM Revenue & Customs,2019 to 2022 Johnson Conservative government,,,
https://www.gov.uk/guidance/sourcing-medicines-for-the-great-britain-market-from-an-approved-country-for-import-or-northern-ireland,Sourcing medicines for the UK market,detailed_guide,02f914a4-da2a-4ffa-a3dd-7519ac369c15,en,whitehall,2020-12-31T00:00:00.000Z,2024-12-30T16:48:56.000Z,,,29,"Health and social care,GOV.UK homepage,Manufacturing, wholesaling, importing and exporting medicines,Brexit,Government,Medicines, medical devices",Medicines and Healthcare products Regulatory Agency,Medicines and Healthcare products Regulatory Agency,2019 to 2022 Johnson Conservative government,,,
https://www.gov.uk/guidance/public-sector-website-and-mobile-application-accessibility-monitoring,Public sector website and mobile application accessibility monitoring,detailed_guide,85e91229-9993-4b80-9e8e-893bb320e33b,en,whitehall,2020-08-19T23:00:00.000Z,2024-09-30T12:09:07.000Z,,,28,"Government technology and digital services,GOV.UK homepage,Digital accessibility,Government",Government Digital Service,Government Digital Service,2019 to 2022 Johnson Conservative government,,,
https://www.gov.uk/guidance/export-livestock-and-poultry,Export or move livestock and poultry,detailed_guide,c6a27fae-2849-48d1-b146-94d33f334e08,en,whitehall,2016-11-11T00:00:00.000Z,2024-07-22T07:00:02.000Z,,,28,"Brexit,Business and industry,GOV.UK homepage,Exporting,Export controls and licensing,Trade and investment,Government",Animal and Plant Health Agency,Animal and Plant Health Agency,2016 to 2019 May Conservative government,,,
https://www.gov.uk/guidance/use-your-govuk-domain-name,Get started with your .gov.uk domain name,detailed_guide,a3fd2053-58d3-4590-9e34-f1a8f4b31305,en,whitehall,2019-10-06T23:00:00.000Z,2024-04-19T11:52:00.000Z,,,28,"GOV.UK homepage,Government technology and digital services,Government,Government efficiency, transparency and accountability,Digital transformation",Government Digital Service,"Government Digital Service,Department for Science, Innovation and Technology,Central Digital and Data Office",2019 to 2022 Johnson Conservative government,,,
https://www.gov.uk/guidance/specialist-skills,Specialist skills from government professions,detailed_guide,9144d0d0-621e-4739-aca9-c6d5bd690622,en,whitehall,2024-08-22T23:00:00.000Z,2024-08-22T23:00:00.000Z,,,28,"Government,GOV.UK homepage",Government Skills,Government Skills,2024 Starmer Labour government,,,
https://www.gov.uk/guidance/govuk-app-terms-and-conditions,GOV.UK app: terms and conditions,detailed_guide,2053cd0f-5f3f-471e-83c5-623010152350,en,whitehall,2025-03-18T00:00:00.000Z,2025-03-18T00:00:00.000Z,,,28,"Government technology and digital services,GOV.UK services,GOV.UK homepage,Government",Government Digital Service,Government Digital Service,2024 Starmer Labour government,,,
https://www.gov.uk/guidance/conditional-marketing-authorisations-exceptional-circumstances-marketing-authorisations-and-national-scientific-advice,"Conditional marketing authorisations, exceptional circumstances MAs, scientific advice",detailed_guide,a22c2989-955c-4487-9ff1-4f33eae072a9,en,whitehall,2020-12-31T00:00:00.000Z,2025-03-11T11:46:34.000Z,,,27,"Health and social care,Marketing authorisations, variations and licensing guidance,Government,Brexit,Medicines, medical devices,GOV.UK homepage",Medicines and Healthcare products Regulatory Agency,Medicines and Healthcare products Regulatory Agency,2019 to 2022 Johnson Conservative government,,,
https://www.gov.uk/guidance/apply-for-a-public-services-network-psn-connection-compliance-certificate,Apply for a Public Services Network (PSN) connection compliance certificate,detailed_guide,43439c9c-6077-4129-a500-57a65f76c171,en,whitehall,2015-03-12T12:53:00.000Z,2017-02-28T12:22:36.000Z,,,27,"GOV.UK homepage,Government efficiency, transparency and accountability,Government",Cabinet Office,Cabinet Office,2010 to 2015 Conservative and Liberal Democrat coalition government,,,
https://www.gov.uk/guidance/run-international-bus-or-coach-services-and-tours,Run international bus or coach services and tours,detailed_guide,6a4b52e4-8ce0-494b-9a35-8f87448f477e,en,whitehall,2021-01-20T00:00:00.000Z,2025-04-09T15:57:35.000Z,,,27,"Professional driving of lorries, buses and coaches,Transport businesses and vehicle operator licences,Driving and road transport,GOV.UK homepage,Public service vehicles licensing,Vehicle operator licences,Brexit,Going and being abroad,Transport,Government,EU and international driving rules,Travel abroad",Driver and Vehicle Standards Agency,"Driver and Vehicle Standards Agency,Traffic Commissioners for Great Britain,Department for Transport",2019 to 2022 Johnson Conservative government,,,
https://www.gov.uk/guidance/remediation-of-non-acm-buildings,Building Safety Fund guidance for applications made in 2020,detailed_guide,893f55f3-7bbd-4fef-aaf3-697129f003b3,en,whitehall,2020-03-11T00:00:00.000Z,2024-03-13T09:16:43.000Z,,,26,"Housing, local and community,Government,Fire prevention and rescue,GOV.UK homepage,Planning and building,Building regulation,Emergency preparation, response and recovery","Ministry of Housing, Communities and Local Government","Ministry of Housing, Communities and Local Government,Department for Levelling Up, Housing and Communities ",2019 to 2022 Johnson Conservative government,,,
https://www.gov.uk/guidance/submit-a-defence-and-security-accelerator-proposal-online-acceptable-use,Submit a UKDI proposal online: acceptable use,detailed_guide,0f642786-fed1-4dbc-9c57-03a30238c119,en,whitehall,2016-12-08T08:10:00.000Z,2026-02-17T09:17:29.000Z,,,25,"Armed forces and Ministry of Defence reform,Business and industry,Government,Defence and armed forces,GOV.UK homepage,Science and innovation,National security",UK Defence Innovation,"UK Defence Innovation,Defence and Security Accelerator,Defence Science and Technology Laboratory",2016 to 2019 May Conservative government,,,
https://www.gov.uk/guidance/uk-forces-operations-in-afghanistan,UK forces: operations in Afghanistan,detailed_guide,5c904910-7631-11e4-a3cb-005056011aef,en,whitehall,2012-12-12T19:38:00.000Z,2015-01-19T12:34:54.000Z,,,25,"Government,National security,Military recruitment, training and operations,Defence and armed forces,GOV.UK homepage",Ministry of Defence,Ministry of Defence,2010 to 2015 Conservative and Liberal Democrat coalition government,,,
https://www.gov.uk/guidance/healthcare-in-portugal-including-madeira,Healthcare for UK nationals living in Portugal,detailed_guide,eda12840-382d-4801-9de7-4c8cc9933b4a,en,whitehall,2019-09-22T23:00:00.000Z,2021-10-14T16:18:13.000Z,,,25,"Brexit,British nationals overseas,Health and social care,Living abroad,UK help and services in Portugal,Government,GOV.UK homepage,Help and services around the world,Living in Portugal,Going and being abroad",Department of Health and Social Care,"Department of Health and Social Care,Foreign, Commonwealth & Development Office",2019 to 2022 Johnson Conservative government,,,
https://www.gov.uk/guidance/criminal-justice-system-data-standards-forum-guidance,Criminal justice system: data standards forum guidance,detailed_guide,601edde9-7631-11e4-a3cb-005056011aef,en,whitehall,2014-10-05T23:00:00.000Z,2025-12-15T14:03:06.000Z,,,25,"Government,Crime, justice and law,Criminal justice reform,GOV.UK homepage,Government efficiency, transparency and accountability",Ministry of Justice,Ministry of Justice,2010 to 2015 Conservative and Liberal Democrat coalition government,,,
https://www.gov.uk/guidance/national-data-strategy,National Data Strategy,detailed_guide,cee80d80-995d-471f-86e1-87209bb8ea41,en,whitehall,2019-07-08T13:54:00.000Z,2022-12-05T14:35:39.000Z,,,24,"UK economy,Business and industry,Government,GOV.UK homepage,Data","Department for Science, Innovation and Technology","Department for Science, Innovation and Technology,Department for Digital, Culture, Media & Sport",2016 to 2019 May Conservative government,,,
https://www.gov.uk/guidance/sifting-job-applications-and-issuing-results-vx,Sifting job applications and issuing results (vX),detailed_guide,ccbdaec1-e54f-4d93-8e09-a4089e9f62eb,en,whitehall,2019-07-14T23:00:00.000Z,2021-01-07T18:22:50.000Z,,,24,"Government,GOV.UK homepage,Government efficiency, transparency and accountability",Civil Service Resourcing,Civil Service Resourcing,2016 to 2019 May Conservative government,,,
https://www.gov.uk/guidance/pandemic-flu,Pandemic flu,detailed_guide,5d62ae14-7631-11e4-a3cb-005056011aef,en,whitehall,2013-02-20T00:00:00.000Z,2025-03-06T17:35:32.000Z,,,24,"Emergency preparation, response and recovery,Government,GOV.UK homepage",Cabinet Office,"Cabinet Office,Department of Health and Social Care,Ministry of Housing, Communities & Local Government (2018 to 2021),Home Office,Ministry of Justice",2010 to 2015 Conservative and Liberal Democrat coalition government,,,
https://www.gov.uk/guidance/fcdo-next-generation-economics-competition,FCDO Next Generation Economics 2025 competition,detailed_guide,5ea7a604-c605-4813-b092-07f1fc0d44e8,en,whitehall,2021-01-19T00:00:00.000Z,2025-10-22T14:30:58.000Z,,,24,"Government efficiency, transparency and accountability,Government,International,GOV.UK homepage","Foreign, Commonwealth & Development Office","Foreign, Commonwealth & Development Office",2019 to 2022 Johnson Conservative government,,,
https://www.gov.uk/guidance/digital-outcomes-and-specialists-buyers-guide,Buying through the Digital Outcomes and Specialists framework,detailed_guide,2372244c-cf12-4f81-bc2e-2cd720360862,en,whitehall,2016-04-20T15:34:00.000Z,2021-06-04T10:54:38.000Z,,,23,"Government,GOV.UK homepage,Government spending,Government technology and digital services,Government efficiency, transparency and accountability,Buying technology,Digital Marketplace",Government Digital Service,"Government Digital Service,Crown Commercial Service",2015 to 2016 Cameron Conservative government,,,
https://www.gov.uk/guidance/providing-services-to-any-country-in-the-eu-iceland-liechtenstein-norway-or-switzerland-after-eu-exit,"Selling services to the EU, Switzerland, Norway, Iceland and Liechtenstein",detailed_guide,e9dca8c7-04f5-4065-b2ac-70d140512bfa,en,whitehall,2019-06-16T23:00:00.000Z,2024-01-23T12:17:47.000Z,,,23,"Running a business,Government,Business regulation,Trade and investment,Business and industry,GOV.UK homepage,Going and being abroad,Brexit,Work",Department for Business and Trade,"Department for Business and Trade,Department for International Trade",2016 to 2019 May Conservative government,,,
https://www.gov.uk/guidance/supplementary-code-for-digital-right-to-work-checks-04,Supplementary code for digital right to work checks (0.4),detailed_guide,2f9df6bb-0a15-4322-9098-ba7be5733125,en,whitehall,2025-06-25T23:00:00.000Z,2025-12-01T14:00:02.000Z,,,23,"Cyber security,Digital identity,GOV.UK homepage,Government",Office for Digital Identities and Attributes,"Office for Digital Identities and Attributes,Department for Science, Innovation and Technology",2024 Starmer Labour government,,,
https://www.gov.uk/guidance/register-to-use-the-import-control-system-2,Register to use the Import Control System 2,detailed_guide,67f723fe-0209-444a-90e5-75d28d2bbac8,en,whitehall,2024-11-20T00:00:00.000Z,2026-01-26T10:55:01.000Z,,,23,"Importing,Customs declarations, duties and tariffs (import and export),GOV.UK homepage,Trade and investment,Government,Brexit,Business and industry",HM Revenue & Customs,HM Revenue & Customs,2024 Starmer Labour government,,,
https://www.gov.uk/guidance/united-kingdom-security-vetting-privacy-and-data-protection,United Kingdom Security Vetting: Privacy and data protection,detailed_guide,c9c329ce-f165-499c-a799-8bc457f8dc3d,en,whitehall,2020-02-12T06:00:00.000Z,2026-02-11T12:13:57.000Z,,,23,"National security,GOV.UK homepage,Defence and armed forces,Military recruitment, training and operations,Government",United Kingdom Security Vetting,"United Kingdom Security Vetting,Cabinet Office",2019 to 2022 Johnson Conservative government,,,
https://www.gov.uk/guidance/building-safety-programme,Building Safety Programme,detailed_guide,4cb1dd18-289c-4d3b-8b09-ec7c32caf5d2,en,whitehall,2017-07-19T23:00:00.000Z,2020-12-22T11:49:50.000Z,,,23,"GOV.UK homepage,Emergency preparation, response and recovery,Housing and communities,Government,Planning and building,Housing, local and community","Ministry of Housing, Communities and Local Government","Ministry of Housing, Communities and Local Government,Ministry of Housing, Communities & Local Government (2018 to 2021),Department for Levelling Up, Housing and Communities ",2016 to 2019 May Conservative government,,,
https://www.gov.uk/guidance/futures-procurement-framework,Futures Procurement Framework,detailed_guide,658253de-3867-41fc-9717-742302167db6,en,whitehall,2020-08-26T23:00:00.000Z,2025-11-21T15:33:02.000Z,,,23,"Government funding programmes,Business and industry,GOV.UK homepage,Government,Government spending,Government efficiency, transparency and accountability",Government Office for Science,Government Office for Science,2019 to 2022 Johnson Conservative government,,,
https://www.gov.uk/guidance/submitting-and-issuing-job-interview-results-vx,Submitting and issuing job interview results (vX),detailed_guide,230bd5a6-d875-4f52-8432-0117ee15040f,en,whitehall,2019-07-22T08:53:00.000Z,2023-04-21T12:42:36.000Z,,,22,"Government,GOV.UK homepage,Government efficiency, transparency and accountability",Civil Service Resourcing,Civil Service Resourcing,2016 to 2019 May Conservative government,,,
https://www.gov.uk/guidance/working-performing-and-touring-in-europe-guidance-for-musicians-and-accompanying-staff,"Working, performing and touring in Europe - guidance for musical artists and accompanying staff",detailed_guide,92156a64-9ac7-4b84-af37-15f022c09c78,en,whitehall,2021-05-07T09:41:00.000Z,2022-11-16T15:10:55.000Z,,,22,"Society and culture,Arts and culture,Brexit,GOV.UK homepage,Government","Department for Culture, Media and Sport","Department for Culture, Media and Sport,Department for Digital, Culture, Media & Sport",2019 to 2022 Johnson Conservative government,,,
https://www.gov.uk/guidance/the-crown-hosting-data-centres-framework-on-the-digital-marketplace,The Crown Hosting Data Centres framework on Digital Marketplace,detailed_guide,fdf60f7f-f835-45b9-b802-7137307570f3,en,whitehall,2013-12-01T00:00:00.000Z,2025-04-01T10:32:21.000Z,,,22,"GOV.UK homepage,Government,Government efficiency, transparency and accountability,Government spending",Government Digital Service,Government Digital Service,2010 to 2015 Conservative and Liberal Democrat coalition government,,,
https://www.gov.uk/guidance/national-fraud-initiative-public-sector-data-specifications,National Fraud Initiative: public-sector data specifications,detailed_guide,21e52a8b-d2cb-48ea-b3f9-d18872030fd1,en,whitehall,2015-03-20T00:00:00.000Z,2025-11-13T09:04:01.000Z,,,22,"Government,GOV.UK homepage,Government efficiency, transparency and accountability",Cabinet Office,"Cabinet Office,Public Sector Fraud Authority",2010 to 2015 Conservative and Liberal Democrat coalition government,,,
https://www.gov.uk/guidance/facilities-management-spend-controls,Facilities management control,detailed_guide,140a936a-7aa9-454c-ba9a-a80d5fc3e0e8,en,whitehall,2019-04-25T10:31:00.000Z,2023-02-03T09:58:21.000Z,,,22,"Government,Buying technology,Government technology and digital services,GOV.UK homepage",Cabinet Office,Cabinet Office,2016 to 2019 May Conservative government,,,
https://www.gov.uk/right-to-contest-answer,Ask the government to sell property: right to contest,answer,05c3d991-4c6b-4b7f-80ba-3a0af01ed3c2,en,publisher,2014-07-14T08:49:54.000Z,2025-01-23T16:59:49.436Z,,,22,"Government,GOV.UK homepage,Regional and local government,Democracy,Business and industry,Local councils and services,Business premises and business rates,Running a business",Government Digital Service,"Ministry of Housing, Communities and Local Government,Cabinet Office",,,,
https://www.gov.uk/guidance/make-things-accessible,Make things accessible and inclusive,detailed_guide,bba91fa1-7875-4dff-8285-63c5ff1e7caf,en,whitehall,2017-11-06T13:46:00.000Z,2023-10-05T15:04:12.000Z,,,22,"Digital accessibility,Digital transformation,Government technology and digital services,GOV.UK homepage,Design and build of government services,Government,Digital inclusion,Smarter working",Government Digital Service,"Government Digital Service,Central Digital and Data Office",2016 to 2019 May Conservative government,,,
https://www.gov.uk/guidance/ministry-of-defence-procurement-organisations,Ministry of Defence Procurement Organisations,detailed_guide,0b310ff9-a64e-46b9-82e6-355038088b46,en,whitehall,2020-10-29T12:43:00.000Z,2021-04-01T08:48:32.000Z,,,21,"Government,Defence and armed forces,Business and industry,GOV.UK homepage",Ministry of Defence,Ministry of Defence,2019 to 2022 Johnson Conservative government,,,
https://www.gov.uk/guidance/submitting-chemicals-information-to-the-national-poisons-information-service,Submitting chemicals information to the National Poisons Information Service,detailed_guide,bcb2982f-58c0-4cf9-a826-f943cab3ece3,en,whitehall,2021-01-06T15:25:00.000Z,2021-05-24T16:06:50.000Z,,,21,"Chemical and environmental hazards,Brexit,Public health,GOV.UK homepage,Government,Health protection,Health and social care",Department of Health and Social Care,Department of Health and Social Care,2019 to 2022 Johnson Conservative government,,,
https://www.gov.uk/guidance/guidance-on-substantial-amendments-to-a-clinical-trial,Guidance on substantial amendments to a clinical trial,detailed_guide,0a68f0be-ef32-406d-a7c6-d892bfa6e5c6,en,whitehall,2020-12-31T23:01:00.000Z,2020-12-31T23:01:00.000Z,,,21,"Health and social care,Brexit,Clinical trials and investigations,GOV.UK homepage,Government,Medicines, medical devices",Medicines and Healthcare products Regulatory Agency,Medicines and Healthcare products Regulatory Agency,2019 to 2022 Johnson Conservative government,,,
https://www.gov.uk/guidance/government-operational-research-service-summer-student-scheme,Government Operational Research Service - Summer Student Scheme,detailed_guide,01c9d5fe-3dc3-4c5e-8a1a-589e97799b64,en,whitehall,2024-04-25T23:00:00.000Z,2025-01-22T16:45:36.000Z,,,20,"Government efficiency, transparency and accountability,Government,GOV.UK homepage",Government Operational Research Service,Government Operational Research Service,2022 to 2024 Sunak Conservative government,,,
https://www.gov.uk/guidance/be-open-and-use-open-source,Be open and use open source,detailed_guide,efaf142d-3e40-4d32-92fa-7348d0f60ea0,en,whitehall,2017-11-06T13:47:00.000Z,2021-03-31T11:30:26.000Z,,,20,"Open source,GOV.UK homepage,Government technology and digital services,Open source and open standards,Government",Government Digital Service,"Government Digital Service,Central Digital and Data Office",2016 to 2019 May Conservative government,,,
https://www.gov.uk/guidance/managing-online-tests-vx,Managing online tests (vX),detailed_guide,50508703-7772-4cb1-ab00-2da6c9a6b212,en,whitehall,2019-10-08T23:00:00.000Z,2026-02-06T14:51:38.000Z,,,19,"Government,GOV.UK homepage",Civil Service Resourcing,"Civil Service Resourcing,Government People Group",2019 to 2022 Johnson Conservative government,,,
https://www.gov.uk/guidance/share-and-reuse-technology,"Share, reuse and collaborate",detailed_guide,258f509c-a5b7-4c6e-a805-42eebf7a0320,en,whitehall,2017-11-06T13:48:00.000Z,2023-07-24T08:05:01.000Z,,,19,"Design and build of government services,Government technology and digital services,GOV.UK homepage,Buying technology,Open source and open standards,Government,GOV.UK services",Government Digital Service,"Government Digital Service,Central Digital and Data Office",2016 to 2019 May Conservative government,,,
https://www.gov.uk/guidance/meet-the-requirements-of-data-privacy-regulations,Meet the requirements of data privacy regulations,detailed_guide,1e11ae12-c85b-46ad-9e0b-69939cccc9e9,en,whitehall,2024-02-23T00:00:00.000Z,2024-02-23T00:00:00.000Z,,,19,"Government technology and digital services,Government,Crime, justice and law,Data protection,Design and build of government services,GOV.UK homepage",Government Digital Service,"Government Digital Service,Central Digital and Data Office",2022 to 2024 Sunak Conservative government,,,
https://www.gov.uk/guidance/using-csv-file-format,Using CSV file format,detailed_guide,fcd270a3-e3e7-4c02-8714-b066860dfa99,en,whitehall,2021-03-12T12:05:00.000Z,2021-03-12T12:05:00.000Z,,,19,"Open source and open standards,Government technology and digital services,Digital transformation,Government,GOV.UK homepage,Data,Open standards",Government Digital Service,"Government Digital Service,Central Digital and Data Office",2019 to 2022 Johnson Conservative government,,,
https://www.gov.uk/guidance/make-your-technology-sustainable,Make your technology sustainable,detailed_guide,6ee48031-f9aa-4c43-b7e2-f04a93f62250,en,whitehall,2021-11-10T00:00:00.000Z,2021-11-10T00:00:00.000Z,,,19,"Green technology,Digital transformation,Government technology and digital services,Government,GOV.UK homepage,Sustainable development",Government Digital Service,"Government Digital Service,Central Digital and Data Office",2019 to 2022 Johnson Conservative government,,,
https://www.gov.uk/guidance/preparing-for-the-civil-service-styles-assessment,Preparing for the Civil Service Styles Assessment,detailed_guide,dba4eae4-5bd4-4b63-b015-41ea5ad7b2cb,en,whitehall,2026-01-27T16:46:31.000Z,2026-01-27T16:46:31.000Z,,,19,"GOV.UK homepage,Government,Government technology and digital services",Government People Group,Government People Group,2024 Starmer Labour government,,,
https://www.gov.uk/guidance/international-bus-or-coach-services-and-tours-driver-documents,International bus or coach services and tours: driver documents,detailed_guide,e8a81db3-66e7-4be5-8085-c058dbf9d456,en,whitehall,2020-12-31T00:00:00.000Z,2022-03-18T15:30:07.000Z,,,19,"Transport,Driving abroad,EU and international driving rules,Driving licences,Professional driving of lorries, buses and coaches,Brexit,Driving and road transport,Government,GOV.UK homepage",Department for Transport,"Department for Transport,Driver and Vehicle Licensing Agency,Driver and Vehicle Standards Agency",2019 to 2022 Johnson Conservative government,,,
https://www.gov.uk/guidance/criteria-to-be-a-govuk-approved-registrar,Criteria to be a .gov.uk Approved Registrar ,detailed_guide,a1d5b1fa-bf13-40c4-9514-40444f23e80d,en,whitehall,2023-07-05T23:00:00.000Z,2023-07-05T23:00:00.000Z,,,19,"GOV.UK services,GOV.UK homepage,Digital security,Government technology and digital services,Government,Cyber security",Government Digital Service,"Government Digital Service,Department for Science, Innovation and Technology,Central Digital and Data Office",2022 to 2024 Sunak Conservative government,,,
https://www.gov.uk/reporting-accessibility-problem-public-sector-website,Reporting an accessibility problem on a public sector website,answer,18c49235-0527-4eb1-aa4f-7baaf5866a12,en,publisher,2019-11-11T16:15:21.619Z,2019-11-11T16:15:19.585Z,,,19,"Society and culture,Government content and publishing,Crime, justice and law,Your rights and the law,Government technology and digital services,Managing government websites,Government,Digital inclusion and accessibility in society,GOV.UK homepage,Digital accessibility,Design and build of government services",Government Digital Service,Central Digital and Data Office,,,,
https://www.gov.uk/guidance/accessibility-statement-for-public-home-office-services,Accessibility statement for public Home Office services,detailed_guide,fae4b292-7b8a-47a1-bf09-b4f11470def3,en,whitehall,2019-09-24T23:00:00.000Z,2026-01-28T09:37:37.000Z,,,19,"Design and build of government services,Government,Government efficiency, transparency and accountability,GOV.UK homepage,Government technology and digital services",Home Office,Home Office,2019 to 2022 Johnson Conservative government,,,
https://www.gov.uk/guidance/declaring-reusable-packaging-for-great-britain-imports-and-exports,Declaring reusable packaging for Great Britain imports and exports,detailed_guide,cc66ede5-6638-4ac6-b681-6945d5ce11e5,en,whitehall,2020-12-23T00:00:00.000Z,2023-12-11T16:05:26.000Z,,,18,"Business and industry,Government,Trade and investment,Customs declarations, duties and tariffs (import and export),GOV.UK homepage,Brexit",HM Revenue & Customs,HM Revenue & Customs,2019 to 2022 Johnson Conservative government,,,
https://www.gov.uk/guidance/healthcare-in-poland,Healthcare for UK nationals living in Poland,detailed_guide,68c0a86a-ac72-48d6-a088-77982978b8ac,en,whitehall,2019-09-22T23:00:00.000Z,2021-10-21T15:29:55.000Z,,,18,"Help and services around the world,Health and social care,Living in Poland,UK help and services in Poland,Going and being abroad,British nationals overseas,GOV.UK homepage,Living abroad,Brexit,Government",Department of Health and Social Care,"Department of Health and Social Care,Foreign, Commonwealth & Development Office",2019 to 2022 Johnson Conservative government,,,
https://www.gov.uk/guidance/use-cloud-first,Use cloud first,detailed_guide,8a9f4680-c4a4-4bc6-91f3-0454b0d4ec08,en,whitehall,2017-11-06T00:00:00.000Z,2025-04-01T09:41:30.000Z,,,18,"Buying technology,Cloud strategy,Digital transformation,GOV.UK homepage,Government technology and digital services,Government",Government Digital Service,"Government Digital Service,Central Digital and Data Office",2016 to 2019 May Conservative government,,,
https://www.gov.uk/guidance/using-a-fast-parcel-operator-to-import-and-export,Using an express operator to import and export,detailed_guide,2bfd8eda-eba5-48ed-8ea5-51a708694a5c,en,whitehall,2021-06-30T23:00:00.000Z,2025-02-06T11:00:18.000Z,,,18,"Exporting,Brexit,Business and industry,Customs declarations, duties and tariffs (import and export),Trade and investment,Government,Importing,GOV.UK homepage",HM Revenue & Customs,HM Revenue & Customs,2019 to 2022 Johnson Conservative government,,,
https://www.gov.uk/guidance/set-up-a-commercial-or-digital-and-technology-spend-controls-pipeline,Set up a commercial or digital and technology spend controls pipeline,detailed_guide,bfb978c2-32a2-4425-99aa-a0994cd57855,en,whitehall,2018-04-29T23:00:00.000Z,2025-02-18T11:59:40.000Z,,,18,"Government technology and digital services,GOV.UK homepage,Government,Buying technology",Cabinet Office,Cabinet Office,2016 to 2019 May Conservative government,,,
https://www.gov.uk/guidance/get-permission-to-apply-for-a-govuk-domain-name,Get permission to apply for a .gov.uk domain name,detailed_guide,e3038ce7-717d-44eb-982e-6019f8114a5e,en,whitehall,2019-10-06T23:00:00.000Z,2024-03-26T11:06:17.000Z,,,18,"GOV.UK homepage,Government technology and digital services,Digital transformation,Government,Government efficiency, transparency and accountability",Government Digital Service,"Government Digital Service,Department for Science, Innovation and Technology,Central Digital and Data Office",2019 to 2022 Johnson Conservative government,,,
https://www.gov.uk/guidance/healthcare-in-bulgaria,Healthcare for UK nationals living in Bulgaria,detailed_guide,9e80bd3e-e014-4a98-900c-81c23be94ab7,en,whitehall,2019-09-22T23:00:00.000Z,2021-10-19T13:31:48.000Z,,,18,"Health and social care,Living abroad,Brexit,GOV.UK homepage,Going and being abroad,Help and services around the world,Government,British nationals overseas,UK help and services in Bulgaria,Living in Bulgaria",Department of Health and Social Care,"Department of Health and Social Care,Foreign, Commonwealth & Development Office",2019 to 2022 Johnson Conservative government,,,
https://www.gov.uk/guidance/healthcare-in-the-netherlands,Healthcare for UK nationals living in the Netherlands,detailed_guide,acf7aef9-08fd-476b-b40c-1be71edbb728,en,whitehall,2019-09-22T23:00:00.000Z,2021-10-21T15:29:47.000Z,,,18,"Government,GOV.UK homepage,Going and being abroad,British nationals overseas,Living abroad,Brexit,Help and services around the world,UK help and services in Netherlands,Health and social care,Living in Netherlands",Department of Health and Social Care,"Department of Health and Social Care,Foreign, Commonwealth & Development Office",2019 to 2022 Johnson Conservative government,,,
https://www.gov.uk/guidance/our-contact-with-you,Our contact with you,detailed_guide,5cadce60-d7b9-42e2-921d-8a8447818a14,en,whitehall,2025-02-06T00:00:00.000Z,2025-12-18T09:33:03.000Z,,,18,"GOV.UK homepage,Government",Public Sector Fraud Authority,Public Sector Fraud Authority,2024 Starmer Labour government,,,
https://www.gov.uk/guidance/identify-a-registrant-for-your-govuk-domain-name,Identify a registrant for your .gov.uk domain name,detailed_guide,1e794924-a8cb-4f87-970f-84881a5c07a1,en,whitehall,2024-03-06T00:00:00.000Z,2024-03-06T14:53:23.000Z,,,17,"Digital transformation,Managing government websites,Government,Government technology and digital services,GOV.UK homepage",Government Digital Service,"Government Digital Service,Department for Science, Innovation and Technology,Central Digital and Data Office",2022 to 2024 Sunak Conservative government,,,
https://www.gov.uk/guidance/civil-service-returners-programme,Civil Service Returners Programme,detailed_guide,29021387-3f57-4bdc-bc66-36539d705af3,en,whitehall,2018-03-19T11:29:20.000Z,2018-03-19T11:29:20.000Z,,,17,"Government efficiency, transparency and accountability,Government,GOV.UK homepage",Cabinet Office,Cabinet Office,2016 to 2019 May Conservative government,,,
https://www.gov.uk/guidance/healthcare-in-norway,Healthcare for UK nationals living in Norway,detailed_guide,ef92e2c5-b43b-462a-ba8b-4c3a4fa238db,en,whitehall,2019-09-22T23:00:00.000Z,2024-01-15T12:07:23.000Z,,,17,"Living abroad,GOV.UK homepage,Health and social care,Going and being abroad,UK help and services in Norway,Government,Living in Norway,British nationals overseas,Help and services around the world,Brexit",Department of Health and Social Care,"Department of Health and Social Care,Foreign, Commonwealth & Development Office",2019 to 2022 Johnson Conservative government,,,
https://www.gov.uk/guidance/commercial-system-data-and-process-guidance,"Commercial System, Data and Process Guidance",detailed_guide,54da68e4-9b7a-4231-96b9-47ff65465095,en,whitehall,2021-07-29T23:00:00.000Z,2026-01-26T09:43:10.000Z,,,17,"GOV.UK homepage,Government,Government spending,Government efficiency, transparency and accountability",Government Commercial Function,Government Commercial Function,2019 to 2022 Johnson Conservative government,,,
https://www.gov.uk/guidance/defence-procurement-useful-information,Defence Procurement: useful information,detailed_guide,651dc134-4c58-4c84-96be-4471eef5b9c4,en,whitehall,2020-10-29T00:00:00.000Z,2024-03-05T16:35:42.000Z,,,17,"Business and industry,Government,GOV.UK homepage,Defence and armed forces",Ministry of Defence,Ministry of Defence,2019 to 2022 Johnson Conservative government,,,
https://www.gov.uk/guidance/public-services-network-psn-compliance,Public Services Network (PSN) compliance,detailed_guide,74c0cf7b-e1ab-438a-9ac5-8ffd149bf857,en,whitehall,2015-03-12T16:51:00.000Z,2016-03-16T18:13:43.000Z,,,17,"Government efficiency, transparency and accountability,GOV.UK homepage,Government",Cabinet Office,Cabinet Office,2010 to 2015 Conservative and Liberal Democrat coalition government,,,
https://www.gov.uk/guidance/sui-generis-database-rights,Sui generis database rights,detailed_guide,d0e0b40f-6aa5-4ce9-9e5c-99621a9608dc,en,whitehall,2020-01-30T13:33:00.000Z,2020-01-30T13:33:00.000Z,,,17,"GOV.UK homepage,Business and industry,Government,Intellectual property,Copyright,Business regulation,Brexit",Intellectual Property Office,"Intellectual Property Office,Government Digital Service",2019 to 2022 Johnson Conservative government,,,
https://www.gov.uk/guidance/guidance-on-using-the-evaluation-registry,Guidance on using the Evaluation Registry,detailed_guide,b09c6086-610d-4bb4-a238-7b6d481d252c,en,whitehall,2024-02-28T00:00:00.000Z,2024-12-05T11:15:21.000Z,,,17,"Government efficiency, transparency and accountability,Government spending,Government,GOV.UK homepage",Evaluation Task Force,"Evaluation Task Force,Cabinet Office,HM Treasury",2022 to 2024 Sunak Conservative government,,,
https://www.gov.uk/guidance/clean-an-oil-spill-at-sea-and-get-oil-spill-treatments-approved,Oil Spills at Sea,detailed_guide,5f536528-7631-11e4-a3cb-005056011aef,en,whitehall,2014-06-10T23:00:00.000Z,2025-02-26T16:47:53.000Z,,,17,"Environment,Marine environment,Oil, gas and coal,Energy infrastructure,Oil spills,GOV.UK homepage,Marine,Government,Emergency preparation, response and recovery,Pollution and environmental quality",Marine Management Organisation,Marine Management Organisation,2010 to 2015 Conservative and Liberal Democrat coalition government,,,
https://www.gov.uk/guidance/healthcare-in-austria,Healthcare for UK nationals living in Austria,detailed_guide,69b5a3da-ae41-49c6-8160-b5d1c6f040f9,en,whitehall,2019-09-22T23:00:00.000Z,2024-01-19T08:16:31.000Z,,,17,"Health and social care,Help and services around the world,Going and being abroad,Government,Living in Austria,GOV.UK homepage,UK help and services in Austria,British nationals overseas,Living abroad,Brexit",Department of Health and Social Care,"Department of Health and Social Care,Foreign, Commonwealth & Development Office",2019 to 2022 Johnson Conservative government,,,
https://www.gov.uk/guidance/approved-document-b-2022-update,Approved Document B: 2022 update,detailed_guide,015f68ba-e9f0-45cb-9f8a-18bbe8d0726c,en,whitehall,2022-06-01T15:01:00.000Z,2022-06-01T15:01:00.000Z,,,17,"Housing, local and community,Government,Planning and building,Fire prevention and rescue,Emergency preparation, response and recovery,GOV.UK homepage,Building regulation","Ministry of Housing, Communities and Local Government","Ministry of Housing, Communities and Local Government,Department for Levelling Up, Housing and Communities ",2019 to 2022 Johnson Conservative government,,,
https://www.gov.uk/guidance/keeping-your-domain-name-secure,Keeping your domain name secure,detailed_guide,9c8d5dcc-942e-4b9a-9f66-bc2900051bd1,en,whitehall,2020-04-28T23:00:00.000Z,2025-11-14T14:44:17.000Z,,,16,"Managing government websites,Risk management,GOV.UK homepage,Government,Digital security,Government technology and digital services,Digital service security",Government Digital Service,"Government Digital Service,Department for Science, Innovation and Technology,Central Digital and Data Office",2019 to 2022 Johnson Conservative government,,,
https://www.gov.uk/guidance/mod-engagement-with-trade-associations,MOD engagement with trade associations,detailed_guide,652b882d-2fa5-428c-8b8d-a6a10d360a5f,en,whitehall,2020-10-29T00:00:00.000Z,2025-04-15T14:26:45.000Z,,,16,"Government,Business and industry,Defence and armed forces,GOV.UK homepage",Ministry of Defence,Ministry of Defence,2019 to 2022 Johnson Conservative government,,,
https://www.gov.uk/guidance/get-a-non-government-domain-name,Get a non-government domain name,detailed_guide,4ac384b0-27bc-40fa-8a9e-56f0560f5c0b,en,whitehall,2019-12-19T00:00:00.000Z,2022-06-30T14:33:54.000Z,,,16,"GOV.UK homepage,Government,Government technology and digital services",Government Digital Service,"Government Digital Service,Department for Science, Innovation and Technology,Central Digital and Data Office",2019 to 2022 Johnson Conservative government,,,
https://www.gov.uk/guidance/social-security-contributions-for-workers-coming-to-the-uk-from-the-eea-or-switzerland,"Paying social security contributions if you're coming to work in the UK from the EU, Gibraltar, Iceland, Liechtenstein, Norway, or Switzerland",detailed_guide,882704ae-9791-4aa5-a5aa-703c08f59627,en,whitehall,2020-12-26T00:00:00.000Z,2024-01-17T17:59:14.000Z,,,16,"Brexit,Money,GOV.UK homepage,Government,National Insurance,Personal tax",HM Revenue & Customs,HM Revenue & Customs,2019 to 2022 Johnson Conservative government,,,
https://www.gov.uk/guidance/legislation-and-regulation,Legislation and regulation,detailed_guide,a476ac99-c8db-4cc1-b0e7-0590f33a6875,en,whitehall,2018-12-20T15:53:00.000Z,2018-12-20T15:53:00.000Z,,,16,"Business and industry,Telecommunications,Communications and telecomms,Government,GOV.UK homepage,Media and communications,Networks and telecommunications,Broadband investment,Business regulation,Government technology and digital services","Department for Science, Innovation and Technology","Department for Science, Innovation and Technology,Department for Digital, Culture, Media & Sport,Ofcom",2016 to 2019 May Conservative government,,,
https://www.gov.uk/guidance/taking-part-in-national-fraud-initiative,Taking part in the National Fraud Initiative,detailed_guide,a7a37d1a-3973-4694-8b73-a47e8abc5005,en,whitehall,2015-03-02T00:00:00.000Z,2025-11-11T09:23:16.000Z,,,16,"GOV.UK homepage,Government,Government spending,Government efficiency, transparency and accountability",Cabinet Office,Cabinet Office,2010 to 2015 Conservative and Liberal Democrat coalition government,,,
https://www.gov.uk/guidance/make-better-use-of-data,Make better use of data,detailed_guide,5ae337bd-d451-4ede-95d5-d85f436cc59f,en,whitehall,2017-11-06T00:00:00.000Z,2023-07-21T15:15:03.000Z,,,16,"Government,Data,GOV.UK homepage",Government Digital Service,"Government Digital Service,Central Digital and Data Office",2016 to 2019 May Conservative government,,,
https://www.gov.uk/guidance/commercial-innovation-hub,Commercial Innovation Hub,detailed_guide,a7a31553-1e99-4bd0-8a3f-e0145171f0f5,en,whitehall,2025-06-13T12:29:47.000Z,2025-06-13T12:29:47.000Z,,,16,"Government,GOV.UK homepage,Government efficiency, transparency and accountability,Science and innovation,Government missions,Business and industry","Department for Science, Innovation and Technology","Department for Science, Innovation and Technology",2024 Starmer Labour government,,,
https://www.gov.uk/guidance/ai-and-data-science-defence-science-and-technology-capability,AI and data science: defence science and technology capability,detailed_guide,e88dcb5f-f6e5-4962-b11e-2c24fa30e069,en,whitehall,2021-08-08T23:00:00.000Z,2024-08-15T09:25:10.000Z,,,15,"Government,Defence and armed forces,Science and innovation,Scientific research and development,Business and industry,GOV.UK homepage,Data,Artificial intelligence,Military equipment, logistics and technology",Defence Science and Technology Laboratory,Defence Science and Technology Laboratory,2019 to 2022 Johnson Conservative government,,,
https://www.gov.uk/guidance/using-personal-data-in-your-business-or-other-organisation,Using personal data in your business or other organisation,detailed_guide,68b49c27-3bfa-41a4-8741-fe9d277a2abb,en,whitehall,2020-12-31T22:45:00.000Z,2021-06-28T10:50:00.000Z,,,15,"Brexit,Sale of goods and services and data protection,Business regulation,GOV.UK homepage,Government,Business and industry",Department for Business and Trade,"Department for Business and Trade,Department for Science, Innovation and Technology,Information Commissioner's Office,Department for Digital, Culture, Media & Sport,Department for Business, Energy & Industrial Strategy",2019 to 2022 Johnson Conservative government,,,
https://www.gov.uk/guidance/personal-effectiveness,Personal effectiveness,detailed_guide,9f78fbf0-1b79-48a6-adb3-d1d4d7bed3b8,en,whitehall,2024-08-22T23:00:00.000Z,2024-08-22T23:00:00.000Z,,,15,"GOV.UK homepage,Government",Government Skills,Government Skills,2024 Starmer Labour government,,,
https://www.gov.uk/guidance/important-information-for-veterans-uk-customers-who-live-abroad,Important information for Veterans UK customers who live abroad,detailed_guide,323e6ea9-6d57-48ca-9818-03dc4bca1aef,en,whitehall,2020-12-17T00:00:00.000Z,2020-12-17T00:00:00.000Z,,,15,"Veterans and family support,Government,Defence and armed forces,Brexit,GOV.UK homepage",Ministry of Defence,"Ministry of Defence,Veterans UK",2019 to 2022 Johnson Conservative government,,,
https://www.gov.uk/guidance/using-the-new-civil-service-jobs-for-candidates,Using the new Civil Service Jobs for candidates,detailed_guide,6e9e0d56-f22e-443e-b78e-2f0474eb05e1,en,whitehall,2025-04-03T23:00:00.000Z,2025-05-02T13:17:48.000Z,,,15,"Government efficiency, transparency and accountability,Government,GOV.UK homepage",Cabinet Office,Cabinet Office,2024 Starmer Labour government,,,
https://www.gov.uk/guidance/exporting-or-moving-high-risk-food-and-feed-of-non-animal-origin-to-the-eu-or-northern-ireland,Exporting or moving high risk food and feed of non-animal origin to the EU or Northern Ireland,detailed_guide,c3e8657d-1e28-48b3-a114-6312a577f30b,en,whitehall,2020-12-17T13:43:00.000Z,2021-09-07T16:01:01.000Z,,,15,"Environment,GOV.UK homepage,Government,Brexit,Food and farming,Import, export and distribution of food,Producing and distributing food","Department for Environment, Food & Rural Affairs","Department for Environment, Food & Rural Affairs",2019 to 2022 Johnson Conservative government,,,
https://www.gov.uk/guidance/redundancy-and-compensation-spend-controls,Redundancy and compensation spend controls,detailed_guide,06310e86-459a-4590-9196-a24f82f5a7a6,en,whitehall,2014-04-08T23:00:00.000Z,2014-04-08T23:00:00.000Z,,,15,"Government,GOV.UK homepage,Government technology and digital services,Buying technology",Cabinet Office,Cabinet Office,2010 to 2015 Conservative and Liberal Democrat coalition government,,,
https://www.gov.uk/guidance/aluminium-composite-material-cladding,Aluminium composite material cladding,detailed_guide,53be66df-1bd3-4353-b22b-aef18dd30fa6,en,whitehall,2018-11-21T00:00:00.000Z,2023-04-25T15:58:42.000Z,,,15,"Building regulation,Government,Emergency preparation, response and recovery,GOV.UK homepage,Housing, local and community,Housing and communities,Planning and building,Fire prevention and rescue","Ministry of Housing, Communities and Local Government","Ministry of Housing, Communities and Local Government,Ministry of Housing, Communities & Local Government (2018 to 2021),Department for Levelling Up, Housing and Communities ",2016 to 2019 May Conservative government,,,
https://www.gov.uk/guidance/national-recovery-guidance,National Recovery Guidance,detailed_guide,5d62afb7-7631-11e4-a3cb-005056011aef,en,whitehall,2013-06-24T15:34:00.000Z,2013-06-24T15:34:00.000Z,,,15,"GOV.UK homepage,Government,Emergency preparation, response and recovery",Cabinet Office,Cabinet Office,2010 to 2015 Conservative and Liberal Democrat coalition government,,,
https://www.gov.uk/guidance/how-to-connect-and-configure-your-systems-to-the-public-services-network-psn,Maintain your systems on the Public Services Network (PSN),detailed_guide,6027dd6f-7631-11e4-a3cb-005056011aef,en,whitehall,2014-11-04T17:19:00.000Z,2021-02-26T15:19:58.000Z,,,14,"Government reform ,Government efficiency, transparency and accountability,GOV.UK homepage,Government technology and digital services,Government,Public Service Network (PSN),Civil service reform",Cabinet Office,Cabinet Office,2010 to 2015 Conservative and Liberal Democrat coalition government,,,
https://www.gov.uk/guidance/using-ofsted-logos-and-copyright,Using Ofsted logos and copyright,detailed_guide,1be18863-9662-4a1e-909d-8fac077363c8,en,whitehall,2015-04-23T23:00:00.000Z,2024-10-11T08:30:03.000Z,,,14,"Government,Business and industry,Media and communications,Corporate information,Government efficiency, transparency and accountability,GOV.UK homepage",Ofsted,Ofsted,2010 to 2015 Conservative and Liberal Democrat coalition government,,,
https://www.gov.uk/guidance/government-operational-research-service-fast-stream,Government Operational Research Service - Fast Stream,detailed_guide,e8ad5ae3-8cf2-4ba3-80f0-83c24491224f,en,whitehall,2024-04-25T23:00:00.000Z,2025-01-22T16:48:12.000Z,,,14,"GOV.UK homepage,Government efficiency, transparency and accountability,Government",Government Operational Research Service,Government Operational Research Service,2022 to 2024 Sunak Conservative government,,,
https://www.gov.uk/guidance/cyber-security-cni-apprenticeships,Cyber security CNI apprenticeships,detailed_guide,d7986737-fcd1-4a01-b253-d642ab69c68f,en,whitehall,2017-01-23T18:26:00.000Z,2017-01-26T12:00:06.000Z,,,14,"GOV.UK homepage,Government,Cyber security,National security","Department for Science, Innovation and Technology","Department for Science, Innovation and Technology,Department for Digital, Culture, Media & Sport",2016 to 2019 May Conservative government,,,
https://www.gov.uk/guidance/england-2014-to-2020-european-structural-and-investment-funds,England 2014 to 2020 European Structural and Investment Funds,detailed_guide,b99b2e66-9f5b-4325-b1ac-e46b13e8cdac,en,whitehall,2015-07-16T08:30:00.000Z,2020-10-20T07:21:24.000Z,,,14,"GOV.UK homepage,Business and industry,European funds,UK economy,Government,Europe",Department for Business and Trade,"Department for Business and Trade,Department for Environment, Food & Rural Affairs,Department for Work and Pensions,Department for Levelling Up, Housing and Communities ,Ministry of Housing, Communities & Local Government (2018 to 2021),Department for Business, Energy & Industrial Strategy",2015 to 2016 Cameron Conservative government,,,
https://www.gov.uk/guidance/statistics-on-international-development,Statistics on International Development,detailed_guide,fbef9255-3dcd-4ccc-93b8-a0913ab02229,en,whitehall,2020-09-01T23:00:00.000Z,2025-09-18T08:39:15.000Z,,,14,"Government,GOV.UK homepage,Government efficiency, transparency and accountability,International,Overseas aid transparency,International aid and development","Foreign, Commonwealth & Development Office","Foreign, Commonwealth & Development Office",2019 to 2022 Johnson Conservative government,,,
https://www.gov.uk/guidance/creating-and-sharing-spreadsheets,Creating and sharing spreadsheets,detailed_guide,f14242ed-79e6-4877-a29a-8ed237a69f28,en,whitehall,2021-06-03T15:38:00.000Z,2023-10-05T15:05:31.000Z,,,14,"Open standards,Open source and open standards,Digital inclusion,Digital security,Government technology and digital services,Risk management,Digital accessibility,Data,Government,GOV.UK homepage",Government Digital Service,"Government Digital Service,Central Digital and Data Office",2019 to 2022 Johnson Conservative government,,,
https://www.gov.uk/guidance/integrate-and-adapt-technology,Integrate and adapt technology,detailed_guide,bf2e720c-3bda-4b11-9bbb-af8b0cb6cc68,en,whitehall,2017-11-06T00:00:00.000Z,2025-07-07T17:07:52.000Z,,,14,"Digital transformation,Open source and open standards,GOV.UK homepage,Government,Buying technology,Government technology and digital services,APIs and app development",Government Digital Service,"Government Digital Service,Central Digital and Data Office",2016 to 2019 May Conservative government,,,
https://www.gov.uk/guidance/ministry-of-justice-climate-change-and-sustainability,Climate change and environmental sustainability: MOJ,detailed_guide,116d1242-12a3-488b-849c-f2497edc393e,en,whitehall,2023-09-24T23:00:00.000Z,2023-09-24T23:00:00.000Z,,,14,"Sustainable development,Climate change adaptation,Government efficiency, transparency and accountability,Government,GOV.UK homepage,Environment,Climate change and energy",Ministry of Justice,Ministry of Justice,2022 to 2024 Sunak Conservative government,,,
https://www.gov.uk/guidance/guidance-on-new-provisions-for-traditional-herbal-medicinal-products-and-homoeopathic-medicinal-products,Guidance on new provisions for traditional herbal medicinal products and homeopathic medicinal products,detailed_guide,25b65ec1-251d-41c3-8316-0bfda0f4c6f2,en,whitehall,2020-12-31T00:00:00.000Z,2024-12-31T16:52:03.000Z,,,14,"Government,Brexit,Marketing authorisations, variations and licensing guidance,GOV.UK homepage,Health and social care,Medicines, medical devices",Medicines and Healthcare products Regulatory Agency,Medicines and Healthcare products Regulatory Agency,2019 to 2022 Johnson Conservative government,,,
https://www.gov.uk/guidance/make-things-secure,Make things secure,detailed_guide,3458f0b9-f07f-48eb-814a-6fb6e7d9fc8f,en,whitehall,2017-11-06T13:48:00.000Z,2021-03-31T11:31:04.000Z,,,14,"Email,Risk management,Cloud security,Phishing ,Passwords,End user devices,Digital service security,Identity assurance,Digital security,Government,GOV.UK homepage,Government technology and digital services",Government Digital Service,"Government Digital Service,Central Digital and Data Office",2016 to 2019 May Conservative government,,,
https://www.gov.uk/guidance/accessibility-monitoring-how-we-test,Accessibility monitoring: how we test,detailed_guide,b0c205b6-dc82-409c-8bdd-1b3652cae68d,en,whitehall,2022-02-09T00:00:00.000Z,2024-09-30T12:07:52.000Z,,,13,"Government,Government technology and digital services,GOV.UK homepage,Digital accessibility",Government Digital Service,Government Digital Service,2019 to 2022 Johnson Conservative government,,,
https://www.gov.uk/guidance/how-to-document-apis,Documenting APIs,detailed_guide,71442439-cd0f-41ab-b35a-f3636eab5066,en,whitehall,2019-02-15T10:04:00.000Z,2022-01-17T08:53:33.000Z,,,13,"APIs,GOV.UK homepage,APIs and app development,Government technology and digital services,Government",Government Digital Service,"Government Digital Service,Central Digital and Data Office",2016 to 2019 May Conservative government,,,
https://www.gov.uk/guidance/bona-vacantia-and-freedom-of-information-foi-requests,Bona vacantia and freedom of information (FOI) requests,detailed_guide,945ad6b2-843d-43bf-bf25-0190db1d4478,en,whitehall,2015-09-28T23:00:00.000Z,2026-01-12T13:47:47.000Z,,,13,"Government,Government efficiency, transparency and accountability,GOV.UK homepage",Bona Vacantia,Bona Vacantia,2015 to 2016 Cameron Conservative government,,,
https://www.gov.uk/guidance/define-your-purchasing-strategy,Define your purchasing strategy,detailed_guide,3c75c13c-8ddd-4b9d-ae98-e4db440b8660,en,whitehall,2017-11-06T00:00:00.000Z,2023-11-29T08:00:01.000Z,,,13,"Government,Buying technology,GOV.UK homepage,Government technology and digital services",Government Digital Service,"Government Digital Service,Central Digital and Data Office",2016 to 2019 May Conservative government,,,
https://www.gov.uk/guidance/resilience-in-society-infrastructure-communities-and-businesses,"Resilience in society: infrastructure, communities and businesses",detailed_guide,5d60ec5e-7631-11e4-a3cb-005056011aef,en,whitehall,2013-02-20T15:40:00.000Z,2014-12-10T16:23:48.000Z,,,13,"Emergency preparation, response and recovery,Government,GOV.UK homepage",Cabinet Office,Cabinet Office,2010 to 2015 Conservative and Liberal Democrat coalition government,,,
https://www.gov.uk/challenge-election-result,Challenge an election result,guide,feb1f8a6-1e81-4cf5-9d30-2fe329372e61,en,publisher,2015-11-11T10:11:13.000Z,2016-05-09T17:23:21.950Z,,,13,"GOV.UK homepage,Government,Democracy",Government Digital Service,"Ministry of Housing, Communities and Local Government,HM Courts & Tribunals Service",,,,
https://www.gov.uk/guidance/national-arrangements-for-incidents-involving-radioactivity-nair,National arrangements for incidents involving radioactivity (NAIR),detailed_guide,5feaf4c6-7631-11e4-a3cb-005056011aef,en,whitehall,2013-04-12T23:00:00.000Z,2021-04-09T09:29:20.000Z,,,13,"Health and social care,Public health,Government,Emergency response,Emergency preparation, response and recovery,Health protection,GOV.UK homepage,Radiation protection",UK Health Security Agency,UK Health Security Agency,2010 to 2015 Conservative and Liberal Democrat coalition government,,,
https://www.gov.uk/guidance/exhaustion-of-ip-rights-and-parallel-trade,Exhaustion of IP rights and parallel trade,detailed_guide,7370f584-20c4-40b6-9b73-f146ac837e85,en,whitehall,2020-01-30T00:00:00.000Z,2025-05-15T09:00:00.000Z,,,13,"Business regulation,Business and industry,Intellectual property,GOV.UK homepage,Government,Brexit",Intellectual Property Office,Intellectual Property Office,2019 to 2022 Johnson Conservative government,,,
https://www.gov.uk/guidance/tidal-prediction-service,ADMIRALTY Tidal Prediction Service,detailed_guide,5fe953ca-7631-11e4-a3cb-005056011aef,en,whitehall,2014-08-29T11:12:00.000Z,2014-08-29T11:12:00.000Z,,,12,"Hydrography,Defence and armed forces,Government,Environment,Climate change and energy,Government efficiency, transparency and accountability,Marine,GOV.UK homepage",UK Hydrographic Office,UK Hydrographic Office,2010 to 2015 Conservative and Liberal Democrat coalition government,,,
https://www.gov.uk/guidance/passenger-travel-to-the-eu-by-air-rail-or-sea,"Passenger travel to the EU by air, rail or sea",detailed_guide,043d43de-d380-4481-972d-bc4714e448ae,en,whitehall,2020-12-31T23:01:07.000Z,2020-12-31T23:01:07.000Z,,,12,"Rail,Rail passenger experience,Transport,GOV.UK homepage,Aviation,Maritime passenger rights,Government,Aviation passenger experience,Maritime and shipping,Brexit,Aviation and Europe",Department for Transport,Department for Transport,2019 to 2022 Johnson Conservative government,,,
https://www.gov.uk/guidance/the-national-security-unit-for-procurement,The National Security Unit for Procurement,detailed_guide,9a5001b5-ba08-4401-844f-4b656fc0aa8c,en,whitehall,2025-03-13T00:00:00.000Z,2025-05-27T12:24:42.000Z,,,12,"GOV.UK homepage,Government",Cabinet Office,Cabinet Office,2024 Starmer Labour government,,,
https://www.gov.uk/guidance/eu-guidance-documents-referred-to-in-the-human-medicines-regulations-2012,EU guidance documents referred to in the Human Medicines Regulations 2012,detailed_guide,cd76fa23-7802-4cce-b2fe-990b972550ba,en,whitehall,2019-01-23T16:35:00.000Z,2020-12-30T12:52:29.000Z,,,12,"GOV.UK homepage,Government,Health and social care,Brexit,Medicines, medical devices",Medicines and Healthcare products Regulatory Agency,Medicines and Healthcare products Regulatory Agency,2016 to 2019 May Conservative government,,,
https://www.gov.uk/guidance/ask-the-government-a-question,Ask the government a question,detailed_guide,9aa231c3-ec21-4615-a390-a1f8a7f23eee,en,whitehall,2021-01-11T12:08:00.000Z,2021-01-11T12:08:00.000Z,,,12,"GOV.UK homepage,Government",Cabinet Office,Cabinet Office,2019 to 2022 Johnson Conservative government,,,
https://www.gov.uk/guidance/telecoms-resilience,Telecoms resilience,detailed_guide,5d62b259-7631-11e4-a3cb-005056011aef,en,whitehall,2013-02-20T17:59:00.000Z,2019-12-05T14:45:44.000Z,,,12,"GOV.UK homepage,Emergency preparation, response and recovery,Government",Cabinet Office,Cabinet Office,2010 to 2015 Conservative and Liberal Democrat coalition government,,,
https://www.gov.uk/guidance/the-ecommerce-directive-and-the-uk,The eCommerce Directive and the UK,detailed_guide,2193dcc0-19db-42f8-af32-2afcc832fde5,en,whitehall,2021-01-05T14:31:00.000Z,2021-01-18T14:19:28.000Z,,,12,"GOV.UK homepage,Brexit,Business and industry,Government","Department for Culture, Media and Sport","Department for Culture, Media and Sport,Department for Digital, Culture, Media & Sport",2019 to 2022 Johnson Conservative government,,,
https://www.gov.uk/guidance/define-user-needs,Define user needs,detailed_guide,b8c6247a-2596-4306-86dc-93e6597b01b0,en,whitehall,2017-11-06T13:46:00.000Z,2021-03-31T11:30:07.000Z,,,12,"User research,GOV.UK homepage,Government,Government technology and digital services",Government Digital Service,"Government Digital Service,Central Digital and Data Office",2016 to 2019 May Conservative government,,,
https://www.gov.uk/guidance/accounting-for-uk-companies,Accounting for UK companies,detailed_guide,8326ccf7-28f1-4cfc-8405-d72775e59160,en,whitehall,2020-12-31T23:01:09.000Z,2020-12-31T23:01:09.000Z,,,12,"Business and industry,Brexit,Running a business,GOV.UK homepage,Business auditing, accounting and reporting,Government",Department for Business and Trade,"Department for Business and Trade,Department for Business, Energy & Industrial Strategy",2019 to 2022 Johnson Conservative government,,,
https://www.gov.uk/guidance/resilience-guidance-and-doctrine,Resilience Guidance and Doctrine,detailed_guide,7ea5a67e-711a-49b2-a59c-85630a160a1e,en,whitehall,2025-11-28T12:10:58.000Z,2025-11-28T12:10:58.000Z,,,12,"National security,Government,GOV.UK homepage,Emergency preparation, response and recovery",Cabinet Office,Cabinet Office,2024 Starmer Labour government,,,
https://www.gov.uk/guidance/healthcare-in-romania,Healthcare for UK nationals living in Romania,detailed_guide,38cb773d-2344-4467-9579-32a5123e2648,en,whitehall,2019-09-22T23:00:00.000Z,2022-10-05T15:39:03.000Z,,,12,"British nationals overseas,Health and social care,Living in Romania,Help and services around the world,Government,Brexit,GOV.UK homepage,Living abroad,Going and being abroad,UK help and services in Romania",Department of Health and Social Care,"Department of Health and Social Care,Foreign, Commonwealth & Development Office",2019 to 2022 Johnson Conservative government,,,
https://www.gov.uk/guidance/dus-protocols-for-testing-plant-varieties,DUS protocols for testing plant varieties,detailed_guide,5402dc0c-3fad-44ce-a8d9-8ed469e11b99,en,whitehall,2014-06-15T23:00:00.000Z,2025-12-08T16:55:40.000Z,,,12,"Producing and distributing food,Government,Environment,Crops and horticulture ,Food and farming,GOV.UK homepage,Brexit",Animal and Plant Health Agency,Animal and Plant Health Agency,2010 to 2015 Conservative and Liberal Democrat coalition government,,,
https://www.gov.uk/guidance/government-geography-profession-jobs,Government Geography Profession - Jobs,detailed_guide,7b6e0b18-bb70-4210-a220-fc5114f7e3e6,en,whitehall,2020-06-23T09:48:00.000Z,2020-06-23T09:48:00.000Z,,,11,"Government,GOV.UK homepage",Government Geography Profession,Government Geography Profession,2019 to 2022 Johnson Conservative government,,,
https://www.gov.uk/guidance/portfolio-of-ai-assurance-techniques,Portfolio of AI assurance techniques,detailed_guide,4519b26b-6312-4855-bc45-828123bd8a2f,en,whitehall,2023-06-06T23:00:00.000Z,2023-06-06T23:00:00.000Z,,,11,"GOV.UK homepage,Science and innovation,Data,Artificial intelligence,Business and industry,Government","Department for Science, Innovation and Technology","Department for Science, Innovation and Technology",2022 to 2024 Sunak Conservative government,,,
https://www.gov.uk/guidance/timber-procurement-policy-tpp-prove-legality-and-sustainablity,Timber Procurement Policy (TPP): prove legality and sustainability,detailed_guide,5f8f6116-7631-11e4-a3cb-005056011aef,en,whitehall,2013-05-31T23:00:00.000Z,2025-11-26T12:00:08.000Z,,,11,"Business and industry,Government,Business and the environment,GOV.UK homepage,Sustainable development,Government efficiency, transparency and accountability","Department for Environment, Food & Rural Affairs","Department for Environment, Food & Rural Affairs",2010 to 2015 Conservative and Liberal Democrat coalition government,,,
https://www.gov.uk/guidance/eea-qualified-and-swiss-healthcare-professionals-practising-in-the-uk,EEA-qualified and Swiss healthcare professionals practising in the UK,detailed_guide,539b06d9-42cc-40fe-a25b-cb41de340304,en,whitehall,2020-12-31T23:01:00.000Z,2022-05-11T09:25:13.000Z,,,11,"Government,National Health Service,Health and social care,Health workforce,GOV.UK homepage,Brexit",Department of Health and Social Care,Department of Health and Social Care,2019 to 2022 Johnson Conservative government,,,
https://www.gov.uk/guidance/archive-records,FCDO archive records,detailed_guide,5c837d26-7631-11e4-a3cb-005056011aef,en,whitehall,2013-07-23T23:00:00.000Z,2024-09-12T12:37:03.000Z,,,11,"International,Government efficiency, transparency and accountability,Foreign affairs,GOV.UK homepage,Government",Foreign & Commonwealth Office,"Foreign & Commonwealth Office,Foreign, Commonwealth & Development Office",2010 to 2015 Conservative and Liberal Democrat coalition government,,,
https://www.gov.uk/guidance/working-with-parliament,Working with Parliament,detailed_guide,c9a85e8e-f4e3-4e2c-a537-287752441b89,en,whitehall,2024-08-23T13:40:07.000Z,2024-08-23T13:40:07.000Z,,,11,"GOV.UK homepage,Government",Government Skills,Government Skills,2024 Starmer Labour government,,,
https://www.gov.uk/guidance/uk-nationals-in-the-eea-and-switzerland-access-to-higher-education-and-19-further-education,UK nationals in the EEA and Switzerland: access to higher education and 19+ further education,detailed_guide,10294bc8-32bc-45b1-97a4-d7462a922c81,en,whitehall,2020-08-11T11:18:00.000Z,2020-08-11T11:18:00.000Z,,,11,"Education, training and skills,Brexit,Government,GOV.UK homepage,Further and higher education, skills and vocational training,Funding and finance for students",Department for Education,Department for Education,2019 to 2022 Johnson Conservative government,,,
https://www.gov.uk/guidance/supplying-authorised-medicines-to-northern-ireland,Supplying authorised medicines to Northern Ireland,detailed_guide,ceb3e335-5e54-47cf-bec9-eed492d90a70,en,whitehall,2020-12-31T00:00:00.000Z,2025-06-09T10:21:39.000Z,,,11,"Health and social care,Manufacturing, wholesaling, importing and exporting medicines,GOV.UK homepage,Government,Medicines, medical devices,Brexit,Marketing authorisations, variations and licensing guidance",Medicines and Healthcare products Regulatory Agency,Medicines and Healthcare products Regulatory Agency,2019 to 2022 Johnson Conservative government,,,
https://www.gov.uk/guidance/guidance-on-handling-of-decentralised-and-mutual-recognition-procedures-which-are-approved-or-pending,Guidance on handling of Decentralised and Mutual Recognition Procedures which are approved or pending,detailed_guide,93563221-5af2-408a-b0a5-59a70166111a,en,whitehall,2020-12-31T23:01:00.000Z,2022-06-24T09:11:01.000Z,,,11,"Health and social care,Marketing authorisations, variations and licensing guidance,Medicines, medical devices,GOV.UK homepage,Government,Brexit",Medicines and Healthcare products Regulatory Agency,Medicines and Healthcare products Regulatory Agency,2019 to 2022 Johnson Conservative government,,,
https://www.gov.uk/guidance/list-of-approved-conformity-assessment-bodies,Conformity assessment bodies for the UK digital identity and attributes trust framework,detailed_guide,87c480ad-a69e-4629-ae65-c0d63c8e4e24,en,whitehall,2024-08-29T23:00:00.000Z,2025-07-30T15:38:10.000Z,,,11,"Cyber security,Government,GOV.UK homepage,Digital identity",Office for Digital Identities and Attributes,"Office for Digital Identities and Attributes,Department for Science, Innovation and Technology",2024 Starmer Labour government,,,
https://www.gov.uk/guidance/gds-spend-controls-pipeline-assessment-criteria,Digital and Technology pipeline assessment criteria,detailed_guide,7ee484c0-82df-451e-ba7d-542e17cbb369,en,whitehall,2018-04-29T23:00:00.000Z,2023-06-21T15:16:07.000Z,,,11,"Government,Buying technology,Government technology and digital services,GOV.UK homepage",Government Digital Service,"Government Digital Service,Central Digital and Data Office",2016 to 2019 May Conservative government,,,
https://www.gov.uk/guidance/frs,Family Resources Survey: information for people taking part,detailed_guide,15cb48de-3910-4f4b-b0a3-7a67b55e9c03,en,whitehall,2013-01-10T00:00:00.000Z,2025-08-14T07:08:17.000Z,,,11,"Government,GOV.UK homepage,Government efficiency, transparency and accountability",Department for Work and Pensions,Department for Work and Pensions,2010 to 2015 Conservative and Liberal Democrat coalition government,,,
https://www.gov.uk/guidance/handling-of-active-substance-master-files-and-certificates-of-suitability--2,Handling of Active Substance Master Files and Certificates of Suitability,detailed_guide,6f7adf9e-f6c0-490e-b082-9f7dbfd480a9,en,whitehall,2020-12-31T00:00:00.000Z,2024-10-18T15:52:42.000Z,,,10,"Government,Health and social care,GOV.UK homepage,Brexit,Medicines, medical devices,Marketing authorisations, variations and licensing guidance",Medicines and Healthcare products Regulatory Agency,Medicines and Healthcare products Regulatory Agency,2019 to 2022 Johnson Conservative government,,,
https://www.gov.uk/guidance/international-bus-or-coach-services-and-tours-vehicle-documents,International bus or coach services and tours: vehicle documents,detailed_guide,b78b1f78-8d65-4be2-9821-c73fe93029b1,en,whitehall,2020-12-31T00:00:00.000Z,2022-03-31T23:00:01.000Z,,,10,"Government,Professional driving of lorries, buses and coaches,EU and international driving rules,Driving and road transport,GOV.UK homepage,Brexit,Travel abroad,Transport,Going and being abroad",Department for Transport,"Department for Transport,Driver and Vehicle Licensing Agency,Driver and Vehicle Standards Agency,Traffic Commissioners for Great Britain",2019 to 2022 Johnson Conservative government,,,
https://www.gov.uk/guidance/benefits-of-getting-a-govuk-domain,Benefits of getting a .gov.uk domain,detailed_guide,0801c1b5-9ac5-4813-9c3f-0d83fd78c74f,en,whitehall,2022-06-29T23:00:00.000Z,2023-01-20T16:37:59.000Z,,,10,"Digital security,Cyber security,Email,GOV.UK homepage,Government,Government technology and digital services",Government Digital Service,"Government Digital Service,Department for Science, Innovation and Technology,Central Digital and Data Office",2019 to 2022 Johnson Conservative government,,,
https://www.gov.uk/guidance/make-use-of-open-standards,Make use of open standards,detailed_guide,42d9d80d-b2e0-4de1-93a0-ed6da951be17,en,whitehall,2017-11-06T13:47:00.000Z,2021-03-31T11:30:34.000Z,,,10,"Open source and open standards,GOV.UK homepage,Government technology and digital services,Open standards,Government",Government Digital Service,"Government Digital Service,Central Digital and Data Office",2016 to 2019 May Conservative government,,,
https://www.gov.uk/guidance/national-fraud-initiative-additional-public-services,National Fraud Initiative: additional public services,detailed_guide,54896664-9353-4b4a-97ab-5aff4d38e491,en,whitehall,2015-03-20T00:00:00.000Z,2025-11-13T09:05:42.000Z,,,10,"Government,Government efficiency, transparency and accountability,GOV.UK homepage",Cabinet Office,Cabinet Office,2010 to 2015 Conservative and Liberal Democrat coalition government,,,
https://www.gov.uk/guidance/creating-an-apply-online-vacancy-vx,Creating an apply online vacancy (vX),detailed_guide,bfb638fe-0f15-40bc-aacb-320ed6ca5842,en,whitehall,2019-07-10T23:00:00.000Z,2022-06-22T11:15:35.000Z,,,10,"GOV.UK homepage,Government efficiency, transparency and accountability,Government",Civil Service Resourcing,Civil Service Resourcing,2016 to 2019 May Conservative government,,,
https://www.gov.uk/guidance/cyber-explorers,Cyber Explorers,detailed_guide,7a7bfa2b-3afa-4744-93f6-30b5155d6bf5,en,whitehall,2022-02-23T14:12:06.000Z,2022-02-23T14:12:06.000Z,,,10,"Cyber security,GOV.UK homepage,Education, training and skills,Government","Department for Science, Innovation and Technology","Department for Science, Innovation and Technology,Department for Digital, Culture, Media & Sport",2019 to 2022 Johnson Conservative government,,,
https://www.gov.uk/guidance/planning-and-preparing-for-artificial-intelligence-implementation,Planning and preparing for artificial intelligence implementation,detailed_guide,87762a5e-7801-444a-b240-18b3dc1fd1a3,en,whitehall,2019-06-09T23:00:00.000Z,2019-06-09T23:00:00.000Z,,,10,"Smarter working,Digital transformation,GOV.UK homepage,Government technology and digital services,Government,Design and build of government services,Buying technology","Department for Science, Innovation and Technology","Department for Science, Innovation and Technology,Office for Artificial Intelligence,Centre for Data Ethics and Innovation",2016 to 2019 May Conservative government,,,
https://www.gov.uk/guidance/selecting-online-tests-vx,Selecting online tests (vX),detailed_guide,45bb7ccf-e329-48d2-aa52-5da060cc3636,en,whitehall,2020-08-31T23:00:00.000Z,2026-01-27T16:57:15.000Z,,,10,"Government,GOV.UK homepage",Government People Group,Government People Group,2019 to 2022 Johnson Conservative government,,,
https://www.gov.uk/guidance/services-provided-by-the-district-valuer-service,Services provided by the District Valuer Service,detailed_guide,e1d8030c-e1b0-4b05-8124-4cdfdbed714d,en,whitehall,2016-07-22T14:17:55.000Z,2016-07-22T14:17:55.000Z,,,10,"Government,Money,Government efficiency, transparency and accountability,GOV.UK homepage",District Valuer Services,District Valuer Services,2016 to 2019 May Conservative government,,,
https://www.gov.uk/guidance/exporting-or-importing-objects-of-cultural-interest,Exporting or importing objects of cultural interest,detailed_guide,db0fa2e2-6d9e-43de-8b8b-f8c6101a2dd7,en,whitehall,2020-12-31T00:00:00.000Z,2025-06-27T23:01:00.000Z,,,10,"Brexit,Society and culture,Arts and culture,GOV.UK homepage,Government","Department for Culture, Media and Sport","Department for Culture, Media and Sport",2019 to 2022 Johnson Conservative government,,,
https://www.gov.uk/guidance/changes-to-eu-and-international-designs-and-trade-mark-protection,Changes to EU and international designs and trade mark protection,detailed_guide,eb675fda-ef02-4d41-869c-aaf21943353c,en,whitehall,2020-12-03T11:37:00.000Z,2022-02-15T11:07:28.000Z,,,9,"Government,Business regulation,GOV.UK homepage,Intellectual property,Business and industry,Brexit,Designs,Trade marks",Intellectual Property Office,"Intellectual Property Office,Government Digital Service",2019 to 2022 Johnson Conservative government,,,
https://www.gov.uk/guidance/nhs-injury-costs-recovery-scheme-tariff-and-charges-from-1-october-2025,NHS injury costs recovery scheme: tariff and charges from 1 October 2025,detailed_guide,cc2e17b4-6902-407f-abe2-14ef03cc7a12,en,whitehall,2025-10-07T11:02:13.000Z,2025-10-07T11:02:13.000Z,,,9,"NHS efficiency,GOV.UK homepage,Government efficiency, transparency and accountability,Government,National Health Service,Health and social care",Department of Health and Social Care,Department of Health and Social Care,2024 Starmer Labour government,,,
https://www.gov.uk/guidance/digital-connectivity-portal,Digital Connectivity Portal,detailed_guide,b3cb9612-52fb-47fd-a2d0-759857841f0c,en,whitehall,2018-12-20T00:00:00.000Z,2024-08-08T14:50:23.000Z,,,9,"GOV.UK homepage,Networking,Networks and telecommunications,Media and communications,Government technology and digital services,Planning and building,Government,Regional and local government,Communications and telecomms,Broadband investment,Telecommunications,Local government,Business and industry,Local Plans,Housing, local and community,Local councils and services","Department for Science, Innovation and Technology","Department for Science, Innovation and Technology,Building Digital UK",2016 to 2019 May Conservative government,,,
https://www.gov.uk/guidance/how-to-join-the-project-delivery-profession,How to join the Project Delivery Profession,detailed_guide,5388b52e-8414-4a0a-91ec-7470b9cead14,en,whitehall,2017-08-24T14:15:00.000Z,2017-08-24T14:15:00.000Z,,,9,"Government efficiency, transparency and accountability,Major project management,Government,GOV.UK homepage",Infrastructure and Projects Authority,"Infrastructure and Projects Authority,Cabinet Office",2016 to 2019 May Conservative government,,,
https://www.gov.uk/guidance/portugal-providing-services-after-eu-exit,Portugal: providing services and travelling for business,detailed_guide,f36d3384-a35e-41da-8d57-230bb6320d77,en,whitehall,2019-03-04T00:00:00.000Z,2021-06-11T15:00:01.000Z,,,9,"Government,GOV.UK homepage,Trade and investment,Exporting,Brexit,Business and industry",Department for Business and Trade,"Department for Business and Trade,Foreign, Commonwealth & Development Office,Department for International Trade,Department for Business, Energy & Industrial Strategy",2016 to 2019 May Conservative government,,,
https://www.gov.uk/guidance/case-studies-for-insufficient-production-when-trading-between-the-uk-and-the-eu,Case studies for insufficient production when trading between the UK and the EU,detailed_guide,4a025243-ce5e-4c6c-833b-eac79d514248,en,whitehall,2021-10-06T14:13:21.000Z,2021-10-06T14:13:21.000Z,,,9,"Brexit,Importing,Exporting,Business and industry,Trade and investment,Government,GOV.UK homepage",HM Revenue & Customs,HM Revenue & Customs,2019 to 2022 Johnson Conservative government,,,
https://www.gov.uk/guidance/phd-research-funding-from-dstl,PhD research funding from Dstl,detailed_guide,5f8f0ee6-7631-11e4-a3cb-005056011aef,en,whitehall,2014-06-30T23:00:00.000Z,2022-12-21T10:42:26.000Z,,,9,"Government,National security,GOV.UK homepage,Business and industry,Defence and armed forces,Science and innovation,Military equipment, logistics and technology",Defence Science and Technology Laboratory,Defence Science and Technology Laboratory,2010 to 2015 Conservative and Liberal Democrat coalition government,,,
https://www.gov.uk/guidance/frontier-workers-in-eu-and-efta-countries,Frontier workers in EU and EFTA countries,detailed_guide,a0ffce64-794e-45a7-8ec4-165f1d878c5d,en,whitehall,2021-06-23T20:10:00.000Z,2021-06-23T20:10:00.000Z,,,9,"Government,Brexit,British nationals overseas,Going and being abroad,GOV.UK homepage,Living abroad","Foreign, Commonwealth & Development Office","Foreign, Commonwealth & Development Office",2019 to 2022 Johnson Conservative government,,,
https://www.gov.uk/guidance/certification-scheme-for-the-uk-digital-identity-and-attributes-trust-framework,Certification scheme for the UK digital identity and attributes trust framework,detailed_guide,5c010647-3ba3-443d-80cc-c628d257eab3,en,whitehall,2025-06-25T23:00:00.000Z,2026-01-12T11:36:06.000Z,,,9,"Cyber security,GOV.UK homepage,Government,Digital identity",Office for Digital Identities and Attributes,"Office for Digital Identities and Attributes,Department for Science, Innovation and Technology",2024 Starmer Labour government,,,
https://www.gov.uk/guidance/aviation-archaeology,Aviation archaeology,detailed_guide,5e36b10b-7631-11e4-a3cb-005056011aef,en,whitehall,2013-06-25T23:00:00.000Z,2023-11-21T09:34:43.000Z,,,9,"Military crash sites,Local government,Defence and armed forces,Regional and local government,GOV.UK homepage,Ministry of Defence estate,Government",Ministry of Defence,Ministry of Defence,2010 to 2015 Conservative and Liberal Democrat coalition government,,,
https://www.gov.uk/guidance/dhsc-annual-report-and-accounts-timetable,DHSC annual report and accounts timetable,detailed_guide,d6e5332c-9684-4c63-b96d-387fe6ba257b,en,whitehall,2025-12-16T10:31:09.000Z,2025-12-16T10:31:09.000Z,,,8,"Government efficiency, transparency and accountability,Government,GOV.UK homepage,Health and social care",Department of Health and Social Care,Department of Health and Social Care,2024 Starmer Labour government,,,
https://www.gov.uk/guidance/get-clearance-to-leave-a-uk-port-for-commercial-vessels,Get clearance to leave a UK port for commercial vessels,detailed_guide,abf65107-c09a-4b20-88b8-556b152e33fc,en,whitehall,2020-12-22T13:49:00.000Z,2021-11-25T09:21:37.000Z,,,8,"Exporting,Importing,GOV.UK homepage,Government,Trade and investment,Business and industry,Customs declarations, duties and tariffs (import and export),Brexit",HM Revenue & Customs,HM Revenue & Customs,2019 to 2022 Johnson Conservative government,,,
https://www.gov.uk/guidance/government-operational-research-service-sandwich-student-scheme,Government Operational Research Service - Sandwich Student Scheme,detailed_guide,0a62c9fb-7dcc-493b-883d-eaf62efd7204,en,whitehall,2024-04-25T23:00:00.000Z,2025-01-22T16:47:58.000Z,,,8,"Government,Government efficiency, transparency and accountability,GOV.UK homepage",Government Operational Research Service,Government Operational Research Service,2022 to 2024 Sunak Conservative government,,,
https://www.gov.uk/guidance/electric-vehicle-smart-charging-smart-meter-demonstration-project,Electric vehicle smart charging: smart meter demonstration project,detailed_guide,4968bec0-8d98-4249-b676-8c2d4f50041b,en,whitehall,2019-09-04T14:19:00.000Z,2019-09-04T14:19:00.000Z,,,8,"Environment,Low carbon technologies,Government spending,Energy infrastructure,GOV.UK homepage,Government,Government funding programmes,Government efficiency, transparency and accountability","Department for Science, Innovation and Technology","Department for Science, Innovation and Technology,Department for Business, Energy & Industrial Strategy",2019 to 2022 Johnson Conservative government,,,
https://www.gov.uk/guidance/guidance-on-mah-and-qppv-location,Guidance on MAH and QPPV location,detailed_guide,db1dcc27-0f12-47c2-bfaf-466737a5d608,en,whitehall,2020-12-31T00:00:00.000Z,2025-01-08T16:31:09.000Z,,,8,"Marketing authorisations, variations and licensing guidance,GOV.UK homepage,Health and social care,Government,Medicines, medical devices,Manufacturing, wholesaling, importing and exporting medicines,Brexit",Medicines and Healthcare products Regulatory Agency,Medicines and Healthcare products Regulatory Agency,2019 to 2022 Johnson Conservative government,,,
https://www.gov.uk/guidance/submit-a-report-to-athena,Submit a research report to MOD,detailed_guide,5f9d7ebb-7631-11e4-a3cb-005056011aef,en,whitehall,2014-06-30T23:00:00.000Z,2026-01-19T14:06:19.000Z,,,8,"Defence and armed forces,Military recruitment, training and operations,National security,GOV.UK homepage,Business and industry,Government,Science and innovation",Ministry of Defence,"Ministry of Defence,Defence Science and Technology Laboratory",2010 to 2015 Conservative and Liberal Democrat coalition government,,,
https://www.gov.uk/guidance/dcms-public-appointments,DCMS public appointments,detailed_guide,0dca20cd-2405-4b5f-866d-1ce432f3384a,en,whitehall,2022-06-29T23:00:00.000Z,2025-11-14T15:05:32.000Z,,,8,"Government,GOV.UK homepage","Department for Culture, Media and Sport","Department for Culture, Media and Sport",2019 to 2022 Johnson Conservative government,,,
https://www.gov.uk/guidance/apply-for-authorisation-for-the-uk-trader-scheme-if-you-bring-goods-into-northern-ireland,Declare goods using the UK Trader Scheme if you bring goods into Northern Ireland,detailed_guide,ac02a62d-6248-4fb9-8746-9a8f46f3c323,en,whitehall,2020-12-15T00:00:00.000Z,2023-06-09T11:00:19.000Z,,,8,"Customs declarations, duties and tariffs (import and export),Trade and investment,Government,Business and industry,GOV.UK homepage,Brexit",HM Revenue & Customs,HM Revenue & Customs,2019 to 2022 Johnson Conservative government,,,
https://www.gov.uk/guidance/copyright-clearance-for-uk-satellite-broadcasting,Copyright clearance for UK satellite broadcasting,detailed_guide,68033e50-2ae5-4607-842d-5e10cea3108d,en,whitehall,2020-01-30T15:02:00.000Z,2020-01-30T15:02:00.000Z,,,8,"Business regulation,Intellectual property,Brexit,Government,Copyright,GOV.UK homepage,Business and industry",Intellectual Property Office,"Intellectual Property Office,Government Digital Service",2019 to 2022 Johnson Conservative government,,,
https://www.gov.uk/guidance/healthcare-in-denmark,Healthcare for UK nationals living in Denmark,detailed_guide,bb908e44-a8cd-43f9-a20e-f5721896e5d0,en,whitehall,2019-09-22T23:00:00.000Z,2021-10-19T13:32:56.000Z,,,8,"Going and being abroad,Living abroad,Government,Brexit,Living in Denmark,Health and social care,Help and services around the world,British nationals overseas,UK help and services in Denmark,GOV.UK homepage",Department of Health and Social Care,"Department of Health and Social Care,Foreign, Commonwealth & Development Office",2019 to 2022 Johnson Conservative government,,,
https://www.gov.uk/guidance/use-govuk-domains-and-the-govuk-design-system,Use GOV.UK domains and the GOV.UK design system,detailed_guide,8299315b-2951-444b-a4cd-d65a4057ba2f,en,whitehall,2024-02-23T00:00:00.000Z,2024-02-23T00:00:00.000Z,,,8,"GOV.UK homepage,Design and build of government services,Government,Government technology and digital services",Government Digital Service,"Government Digital Service,Central Digital and Data Office",2022 to 2024 Sunak Conservative government,,,
https://www.gov.uk/guidance/sustainable-procurement-tools,Sustainable procurement tools,detailed_guide,5f8f580f-7631-11e4-a3cb-005056011aef,en,whitehall,2014-09-02T13:15:00.000Z,2014-09-02T13:15:00.000Z,,,8,"Sustainable development,GOV.UK homepage,Government efficiency, transparency and accountability,Government","Department for Environment, Food & Rural Affairs","Department for Environment, Food & Rural Affairs",2010 to 2015 Conservative and Liberal Democrat coalition government,,,
https://www.gov.uk/guidance/uk-involvement-in-the-eu-space-programme,UK involvement in the EU Space Programme,detailed_guide,3be3cd94-3f61-4afb-8f26-5ad4f407338f,en,whitehall,2020-12-31T23:01:00.000Z,2023-09-07T06:10:04.000Z,,,8,"Brexit,Science and innovation,Business and industry,Government,GOV.UK homepage","Department for Science, Innovation and Technology","Department for Science, Innovation and Technology,Department for Business, Energy & Industrial Strategy",2019 to 2022 Johnson Conservative government,,,
https://www.gov.uk/guidance/using-your-mobile-in-eu-and-eea-countries,Using your mobile in EU and EEA countries,detailed_guide,d94ec5f8-bbf4-4feb-8080-c25bde573c10,en,whitehall,2020-12-31T22:45:00.000Z,2020-12-31T22:45:00.000Z,,,8,"GOV.UK homepage,Communications and telecomms,Business and industry,Media and communications,Government,Brexit","Department for Digital, Culture, Media & Sport","Department for Digital, Culture, Media & Sport",2019 to 2022 Johnson Conservative government,,,
https://www.gov.uk/guidance/aviation-security-for-cargo,Aviation security for cargo,detailed_guide,3b33834c-06cd-4e82-b9c0-2213c218649b,en,whitehall,2020-12-31T00:00:00.000Z,2020-12-31T00:00:00.000Z,,,7,"Transport,Aviation,Government,Aviation safety and security,Freight, haulage and cargo,Brexit,Aviation and Europe,GOV.UK homepage",Department for Transport,"Department for Transport,Civil Aviation Authority",2019 to 2022 Johnson Conservative government,,,
https://www.gov.uk/guidance/working-and-touring-in-europe-guidance-for-the-fashion-sector,Working and touring in Europe - guidance for the fashion sector,detailed_guide,6d4a5b29-69aa-4269-b3ee-347669afdb25,en,whitehall,2021-06-02T13:50:00.000Z,2022-11-16T15:09:31.000Z,,,7,"Government,Society and culture,Arts and culture,Brexit,GOV.UK homepage","Department for Culture, Media and Sport","Department for Culture, Media and Sport,Department for Digital, Culture, Media & Sport",2019 to 2022 Johnson Conservative government,,,
https://www.gov.uk/guidance/cross-departmental-memorandums-of-understanding,Cross-departmental Memorandums of Understanding,detailed_guide,81f833dd-732c-4691-a357-ad013ef58a0c,en,whitehall,2020-10-06T10:28:00.000Z,2023-03-21T18:33:19.000Z,,,7,"Government technology and digital services,Managing government websites,Government,Hosting your service,GOV.UK homepage,Buying technology",Crown Commercial Service,"Crown Commercial Service,Government Digital Service,Central Digital and Data Office",2019 to 2022 Johnson Conservative government,,,
https://www.gov.uk/guidance/what-to-do-and-when-for-g-cloud-12,What to do and when for G-Cloud 14,detailed_guide,fadd30c5-dd3b-499c-ab19-9ce264f6e46d,en,whitehall,2020-02-03T00:00:00.000Z,2024-03-11T16:23:00.000Z,,,7,"Buying technology,Government spending,Government efficiency, transparency and accountability,Government technology and digital services,Digital Marketplace,Government,GOV.UK homepage",Government Digital Service,"Government Digital Service,Crown Commercial Service",2019 to 2022 Johnson Conservative government,,,
https://www.gov.uk/guidance/nis-regulations-uk-digital-service-providers-operating-in-the-eu,NIS Regulations: UK digital service providers operating in the EU,detailed_guide,001a4612-89b8-49c5-b5d1-6d937bfad262,en,whitehall,2020-12-31T22:45:00.000Z,2020-12-31T22:45:00.000Z,,,7,"Brexit,Business and industry,GOV.UK homepage,Government,Media and communications","Department for Culture, Media and Sport","Department for Culture, Media and Sport,Department for Digital, Culture, Media & Sport",2019 to 2022 Johnson Conservative government,,,
https://www.gov.uk/guidance/setting-api-service-levels,Setting API service levels,detailed_guide,262c229b-f43a-432b-a133-f37896a9aeee,en,whitehall,2019-01-16T14:00:00.000Z,2019-01-16T14:00:00.000Z,,,7,"APIs,Government technology and digital services,Government,APIs and app development,Application development,GOV.UK homepage",Government Digital Service,"Government Digital Service,Central Digital and Data Office",2016 to 2019 May Conservative government,,,
https://www.gov.uk/guidance/using-govuk-wallet-in-the-digital-identity-sector,Using GOV.UK Wallet in the digital identity sector,detailed_guide,03e5d1f4-8200-48c5-89c7-dc8b9208dda4,en,whitehall,2025-05-13T23:00:00.000Z,2025-10-17T10:53:43.000Z,,,7,"Government technology and digital services,Government,GOV.UK homepage",Government Digital Service,"Government Digital Service,Office for Digital Identities and Attributes",2024 Starmer Labour government,,,
https://www.gov.uk/guidance/building-safety-fund-leaseholder-and-resident-service-glossary,Building Safety Fund: Glossary of terms,detailed_guide,2f266d82-4e91-4e65-a44f-d2559620c306,en,whitehall,2022-01-20T10:16:00.000Z,2022-07-27T23:15:06.000Z,,,7,"Emergency preparation, response and recovery,Fire prevention and rescue,GOV.UK homepage,Building regulation,Housing, local and community,Planning and building,Government","Ministry of Housing, Communities and Local Government","Ministry of Housing, Communities and Local Government,Department for Levelling Up, Housing and Communities ",2019 to 2022 Johnson Conservative government,,,
https://www.gov.uk/guidance/basic-navigation-and-search-for-recruiters-vx,Basic navigation and search for recruiters (vX),detailed_guide,85b249e1-0a4a-4383-9b51-3d0a14f686de,en,whitehall,2019-07-10T23:00:00.000Z,2025-07-04T15:12:49.000Z,,,7,"Government,Government efficiency, transparency and accountability,GOV.UK homepage",Civil Service Resourcing,Civil Service Resourcing,2016 to 2019 May Conservative government,,,
https://www.gov.uk/guidance/make-privacy-integral,Make privacy integral,detailed_guide,16672cca-ed32-423d-8bab-f6612095b21f,en,whitehall,2017-11-06T13:48:00.000Z,2021-03-31T11:31:13.000Z,,,7,"Digital security,GOV.UK homepage,Government technology and digital services,Government,Identity assurance",Government Digital Service,"Government Digital Service,Central Digital and Data Office",2016 to 2019 May Conservative government,,,
https://www.gov.uk/guidance/about-govuk-chat,About GOV.UK Chat,detailed_guide,c1e57e5b-8ad0-424c-bb07-c0df3d7a4528,en,whitehall,2025-10-07T08:32:27.000Z,2025-10-07T08:32:27.000Z,,,7,"GOV.UK homepage,Government,Government technology and digital services,GOV.UK services",Government Digital Service,Government Digital Service,2024 Starmer Labour government,,,
https://www.gov.uk/guidance/international-road-haulage-jobs-inside-an-eu-country-or-between-eu-countries,International road haulage: jobs inside an EU country or between EU countries,detailed_guide,dacc2aef-f2a7-4462-940a-75a9212563f9,en,whitehall,2022-02-02T00:00:00.000Z,2022-02-02T00:00:00.000Z,,,7,"EU and international driving rules,Trade and investment,Professional driving of lorries, buses and coaches,Road haulage,GOV.UK homepage,Government,Brexit,Transport,Freight, haulage and cargo,Driving and road transport,Business and industry,Exporting",Department for Transport,"Department for Transport,Driver and Vehicle Standards Agency,Traffic Commissioners for Great Britain",2019 to 2022 Johnson Conservative government,,,
https://www.gov.uk/guidance/applying-to-set-up-a-border-control-post-at-your-port-or-airport,Applying to set up a border control post at your port or airport,detailed_guide,76217ba6-4c98-48e3-a95b-2ee0b90ba7ea,en,whitehall,2020-11-09T15:59:00.000Z,2022-02-11T15:03:19.000Z,,,7,"Trade and investment,Government,Environment,Business and industry,Import, export and distribution of food,Importing,GOV.UK homepage,Food and farming,Import controls,Brexit,Producing and distributing food","Department for Environment, Food & Rural Affairs","Department for Environment, Food & Rural Affairs,Animal and Plant Health Agency",2019 to 2022 Johnson Conservative government,,,
https://www.gov.uk/guidance/healthcare-in-sweden,Healthcare for UK nationals living in Sweden,detailed_guide,81128308-3c35-4900-b4ff-63115a0b0b52,en,whitehall,2019-09-22T23:00:00.000Z,2021-10-22T17:09:18.000Z,,,7,"Brexit,Going and being abroad,Living abroad,Health and social care,Help and services around the world,UK help and services in Sweden,GOV.UK homepage,British nationals overseas,Living in Sweden,Government",Department of Health and Social Care,"Department of Health and Social Care,Foreign, Commonwealth & Development Office",2019 to 2022 Johnson Conservative government,,,
https://www.gov.uk/guidance/government-debt-management-function-gdmf,Government Debt Management Function,detailed_guide,3d6f7bc3-dfee-468b-8322-d22996908033,en,whitehall,2021-04-07T23:00:00.000Z,2024-03-11T10:24:27.000Z,,,7,"Money,Government,GOV.UK homepage",Government Debt Management Function,"Government Debt Management Function,HM Treasury",2019 to 2022 Johnson Conservative government,,,
https://www.gov.uk/guidance/healthcare-in-belgium,Healthcare for UK nationals living in Belgium,detailed_guide,2c75f924-2c21-424c-880e-869fa9ed2c29,en,whitehall,2019-09-22T23:00:00.000Z,2021-10-19T13:31:29.000Z,,,7,"Going and being abroad,Living abroad,UK help and services in Belgium,Help and services around the world,Government,Brexit,British nationals overseas,Health and social care,GOV.UK homepage,Living in Belgium",Department of Health and Social Care,"Department of Health and Social Care,Foreign, Commonwealth & Development Office",2019 to 2022 Johnson Conservative government,,,
https://www.gov.uk/guidance/risk-assessment-how-the-risk-of-emergencies-in-the-uk-is-assessed,Risk assessment: how the risk of emergencies in the UK is assessed,detailed_guide,5d5f86b2-7631-11e4-a3cb-005056011aef,en,whitehall,2013-02-20T16:54:00.000Z,2013-02-20T16:54:00.000Z,,,7,"Emergency preparation, response and recovery,Government,GOV.UK homepage",Cabinet Office,Cabinet Office,2010 to 2015 Conservative and Liberal Democrat coalition government,,,
https://www.gov.uk/guidance/basic-navigation-and-search-for-vacancy-holders-vx,Basic navigation and search for vacancy holders (vX),detailed_guide,49e4499f-62bf-4b86-8154-b22636cab439,en,whitehall,2019-07-10T23:00:00.000Z,2025-07-04T15:12:04.000Z,,,7,"GOV.UK homepage,Government efficiency, transparency and accountability,Government",Civil Service Resourcing,Civil Service Resourcing,2016 to 2019 May Conservative government,,,
https://www.gov.uk/guidance/sharing-workplace-wireless-networks,Sharing workplace wireless networks,detailed_guide,37b3d37e-a27b-4fb6-8235-8c9ddaeef436,en,whitehall,2016-07-21T14:20:00.000Z,2016-07-21T14:20:00.000Z,,,7,"GOV.UK homepage,Networking,Government technology and digital services,Government,Business and industry,Networks and telecommunications,Media and communications",Cabinet Office,Cabinet Office,2016 to 2019 May Conservative government,,,
https://www.gov.uk/guidance/trade-marks-and-geographical-indications,Trade marks and geographical indications,detailed_guide,11a91bb3-14fe-40dd-beb9-d3e9222fc336,en,whitehall,2020-12-17T09:23:00.000Z,2020-12-17T09:23:00.000Z,,,6,"Brexit,GOV.UK homepage,Business and industry,Intellectual property,Trade marks,Government,Business regulation",Intellectual Property Office,"Intellectual Property Office,Government Digital Service",2019 to 2022 Johnson Conservative government,,,
https://www.gov.uk/guidance/government-geography-profession-career-framework,Government Geography Profession - Career Framework,detailed_guide,c6f21179-c874-4628-a918-5026dc30bed7,en,whitehall,2020-06-22T23:00:00.000Z,2025-09-24T13:53:24.000Z,,,6,"Government,GOV.UK homepage",Government Geography Profession,Government Geography Profession,2019 to 2022 Johnson Conservative government,,,
https://www.gov.uk/guidance/provide-quarterly-service-performance-data,Provide quarterly service performance data,detailed_guide,227475cc-7d8e-4ef3-bb0c-c30e1133e4fa,en,whitehall,2024-02-23T00:00:00.000Z,2024-10-23T08:00:02.000Z,,,6,"Government technology and digital services,GOV.UK homepage,Government,Design and build of government services",Government Digital Service,"Government Digital Service,Central Digital and Data Office",2022 to 2024 Sunak Conservative government,,,
https://www.gov.uk/guidance/healthcare-in-lithuania,Healthcare for UK nationals living in Lithuania,detailed_guide,5703283a-5a31-445c-aea8-6d1e5a29947d,en,whitehall,2019-09-22T23:00:00.000Z,2021-10-21T15:29:28.000Z,,,6,"Help and services around the world,British nationals overseas,UK help and services in Lithuania,Living abroad,Living in Lithuania,GOV.UK homepage,Brexit,Health and social care,Government,Going and being abroad",Department of Health and Social Care,"Department of Health and Social Care,Foreign, Commonwealth & Development Office",2019 to 2022 Johnson Conservative government,,,
https://www.gov.uk/guidance/railways-interoperability-eu-exit-regulations,Railways interoperability: EU Exit regulations,detailed_guide,4d8049d8-e021-4c04-ad5d-57944997771c,en,whitehall,2020-12-14T15:44:00.000Z,2020-12-31T23:01:02.000Z,,,6,"Government,GOV.UK homepage,Transport,Rail,Brexit,Rail interoperability",Department for Transport,Department for Transport,2019 to 2022 Johnson Conservative government,,,
https://www.gov.uk/guidance/supplementary-code-for-disclosure-and-barring-service-digital-identity-checks-04,Supplementary code for Disclosure and Barring Service digital identity checks (0.4),detailed_guide,19f27b2c-4bbc-4083-869d-6ab18998cb2b,en,whitehall,2025-06-25T23:00:00.000Z,2025-12-01T14:00:02.000Z,,,6,"Digital identity,GOV.UK homepage,Cyber security,Government",Office for Digital Identities and Attributes,"Office for Digital Identities and Attributes,Department for Science, Innovation and Technology",2024 Starmer Labour government,,,
https://www.gov.uk/guidance/electronic-communications-resilience-response-group-ec-rrg,Electronic Communications Resilience & Response Group (EC-RRG),detailed_guide,31d2e6ba-d0f2-45f5-84eb-e9c18df94e9d,en,whitehall,2021-01-15T00:00:00.000Z,2022-05-17T08:59:15.000Z,,,6,"Government,Telecommunications,Networks and telecommunications,Business and industry,Government technology and digital services,GOV.UK homepage","Department for Science, Innovation and Technology","Department for Science, Innovation and Technology",2019 to 2022 Johnson Conservative government,,,
https://www.gov.uk/guidance/protect-domains-that-dont-send-email,Protect domains that do not send email,detailed_guide,4b11646e-4662-4907-8217-e13e3886672a,en,whitehall,2016-10-04T09:26:00.000Z,2021-03-01T15:22:13.000Z,,,6,"Government technology and digital services,Government,GOV.UK homepage,Email,Digital security",Government Digital Service,"Government Digital Service,Central Digital and Data Office",2016 to 2019 May Conservative government,,,
https://www.gov.uk/guidance/how-to-create-and-share-attributes,How to create and share attributes,detailed_guide,6e608e52-8aa5-466d-89b8-febf0521be99,en,whitehall,2024-11-25T09:00:00.000Z,2024-11-25T09:00:00.000Z,,,6,"Government,GOV.UK homepage,Cyber security",Office for Digital Identities and Attributes,"Office for Digital Identities and Attributes,Department for Science, Innovation and Technology",2024 Starmer Labour government,,,
https://www.gov.uk/guidance/secure-connected-places-playbook,Secure connected places playbook,detailed_guide,51a17ffe-50da-4462-a22e-dad7e7367dab,en,whitehall,2023-05-15T23:00:00.000Z,2024-03-06T09:30:01.000Z,,,6,"Government,Cyber security,GOV.UK homepage","Department for Science, Innovation and Technology","Department for Science, Innovation and Technology",2022 to 2024 Sunak Conservative government,,,
https://www.gov.uk/guidance/healthcare-in-iceland,Healthcare for UK nationals living in Iceland,detailed_guide,1aa14f75-d2ea-48b7-b293-0d4ad9bb32bd,en,whitehall,2019-09-22T23:00:00.000Z,2024-01-15T12:07:27.000Z,,,6,"Brexit,Health and social care,Government,GOV.UK homepage,Help and services around the world,Going and being abroad,British nationals overseas,Living abroad,UK help and services in Iceland,Living in Iceland",Department of Health and Social Care,"Department of Health and Social Care,Foreign, Commonwealth & Development Office",2019 to 2022 Johnson Conservative government,,,
https://www.gov.uk/guidance/ban-on-combustible-materials,Review of the ban on combustible materials,detailed_guide,e32732f3-3f41-452a-872c-a958000ff965,en,whitehall,2018-11-30T16:51:00.000Z,2022-06-01T15:01:18.000Z,,,6,"Building regulation,Government,Housing, local and community,Emergency preparation, response and recovery,Fire prevention and rescue,Housing and communities,GOV.UK homepage,Planning and building","Ministry of Housing, Communities and Local Government","Ministry of Housing, Communities and Local Government,Ministry of Housing, Communities & Local Government (2018 to 2021),Department for Levelling Up, Housing and Communities ",2016 to 2019 May Conservative government,,,
https://www.gov.uk/guidance/how-volunteers-can-help-in-emergencies,How voluntary organisations can help in emergencies,detailed_guide,5d5f88e7-7631-11e4-a3cb-005056011aef,en,whitehall,2013-02-20T16:56:00.000Z,2014-05-07T14:25:13.000Z,,,6,"Emergency preparation, response and recovery,Public services,Society and culture,Government,GOV.UK homepage,Community and society",Cabinet Office,Cabinet Office,2010 to 2015 Conservative and Liberal Democrat coalition government,,,
https://www.gov.uk/guidance/flash-flooding,Flash flooding,detailed_guide,75cc5883-fede-418d-bedd-6032a6f97ef1,en,whitehall,2013-11-11T00:00:00.000Z,2023-09-20T09:47:52.000Z,,,6,"GOV.UK homepage,Government,Environment,Emergency preparation, response and recovery,River maintenance, flooding and coastal erosion",Environment Agency,Environment Agency,2010 to 2015 Conservative and Liberal Democrat coalition government,,,
https://www.gov.uk/guidance/eu-law-and-the-balance-of-competences-a-short-guide-and-glossary,EU law and the balance of competences: A short guide and glossary,detailed_guide,5d0517d1-7631-11e4-a3cb-005056011aef,en,whitehall,2012-12-12T17:23:00.000Z,2013-03-21T10:08:37.000Z,,,6,"GOV.UK homepage,Government,Europe,European Union laws and regulation",Foreign & Commonwealth Office,Foreign & Commonwealth Office,2010 to 2015 Conservative and Liberal Democrat coalition government,,,
https://www.gov.uk/guidance/dcms-chief-scientific-adviser-office,DCMS Chief Scientific Adviser Office,detailed_guide,d30e6353-7c54-45fa-8121-033292474d56,en,whitehall,2024-02-27T00:00:00.000Z,2025-09-25T09:04:43.000Z,,,6,"Government,GOV.UK homepage,Government efficiency, transparency and accountability","Department for Culture, Media and Sport","Department for Culture, Media and Sport",2022 to 2024 Sunak Conservative government,,,
https://www.gov.uk/guidance/national-fraud-initiative-private-sector-services,National Fraud Initiative: private sector services,detailed_guide,0dfdea36-aa06-4923-9ab0-0effda08adbf,en,whitehall,2015-03-20T00:00:00.000Z,2025-11-11T10:10:14.000Z,,,6,"Government efficiency, transparency and accountability,GOV.UK homepage,Government,Business and industry",Cabinet Office,Cabinet Office,2010 to 2015 Conservative and Liberal Democrat coalition government,,,
https://www.gov.uk/guidance/set-up-a-spend-controls-assurance-board,Set up a spend controls assurance board,detailed_guide,63ad3ced-12b3-47e3-ab7f-e7032260cfbb,en,whitehall,2018-04-30T14:21:00.000Z,2023-07-24T08:05:14.000Z,,,6,"Government,Government technology and digital services,GOV.UK homepage,Buying technology",Cabinet Office,Cabinet Office,2016 to 2019 May Conservative government,,,
https://www.gov.uk/guidance/getting-eu-funding,Getting EU funding,detailed_guide,0c6b214b-7f81-43ce-b533-eb2afe66a4ae,en,whitehall,2020-08-05T11:33:00.000Z,2020-12-31T23:01:12.000Z,,,6,"Environment,GOV.UK homepage,Fisheries funding,Government funding programmes,Brexit,European funds,Government efficiency, transparency and accountability,Europe,Government spending,Fishing, fisheries and fishing vessels,Government",HM Treasury,HM Treasury,2019 to 2022 Johnson Conservative government,,,
https://www.gov.uk/guidance/securing-saas-tools-for-your-organisation,Securing SaaS tools for your organisation,detailed_guide,78b06b9a-5654-41ac-a0ff-54b8b2e6a0b9,en,whitehall,2019-02-22T15:00:08.000Z,2019-02-22T15:00:08.000Z,,,6,"GOV.UK homepage,Cloud security,Buying technology,Government,Digital security,Government technology and digital services",Government Digital Service,"Government Digital Service,Central Digital and Data Office",2016 to 2019 May Conservative government,,,
https://www.gov.uk/guidance/determinations-under-the-fire-safety-order,Determinations under the Fire Safety Order,detailed_guide,5c7ee41b-7631-11e4-a3cb-005056011aef,en,whitehall,2012-11-15T08:55:00.000Z,2012-11-15T08:55:00.000Z,,,6,"Government,Emergency preparation, response and recovery,GOV.UK homepage","Department for Levelling Up, Housing and Communities ","Department for Levelling Up, Housing and Communities ,Ministry of Housing, Communities & Local Government (2018 to 2021)",2010 to 2015 Conservative and Liberal Democrat coalition government,,,
https://www.gov.uk/guidance/healthcare-in-switzerland,Healthcare for UK nationals living in Switzerland,detailed_guide,6a8efbe9-596c-4a9c-846b-097484034e07,en,whitehall,2019-09-22T23:00:00.000Z,2021-11-01T00:00:00.000Z,,,6,"GOV.UK homepage,Government,Going and being abroad,British nationals overseas,Brexit,Living in Switzerland,Health and social care,Living abroad,Help and services around the world,UK help and services in Switzerland",Department of Health and Social Care,"Department of Health and Social Care,Foreign, Commonwealth & Development Office",2019 to 2022 Johnson Conservative government,,,
https://www.gov.uk/guidance/uk-nationals-in-the-eea-and-switzerland-access-to-apprenticeships,UK nationals in the EEA and Switzerland: access to apprenticeships,detailed_guide,34ff7e55-7f1f-42af-b786-35f034e97acb,en,whitehall,2020-08-11T11:18:00.000Z,2020-08-11T11:18:00.000Z,,,6,"Government,Apprenticeships, traineeships and internships,Becoming an apprentice,Brexit,Further and higher education, skills and vocational training,Education, training and skills,GOV.UK homepage",Department for Education,Department for Education,2019 to 2022 Johnson Conservative government,,,
https://www.gov.uk/guidance/surveillance-and-counter-terrorism,Surveillance and counter-terrorism,detailed_guide,5dbcc535-7631-11e4-a3cb-005056011aef,en,whitehall,2013-03-26T14:48:00.000Z,2013-03-26T14:48:00.000Z,,,6,"National security,GOV.UK homepage,Emergency preparation, response and recovery,Government",Home Office,Home Office,2010 to 2015 Conservative and Liberal Democrat coalition government,,,
https://www.gov.uk/guidance/national-fraud-initiative-public-sector-data-requirements,National Fraud Initiative: public-sector data requirements,detailed_guide,a33f15e0-f2d0-484a-b4a6-a6a4247dda0d,en,whitehall,2015-03-20T00:00:00.000Z,2025-11-11T09:40:34.000Z,,,6,"Government,GOV.UK homepage,Government efficiency, transparency and accountability",Cabinet Office,Cabinet Office,2010 to 2015 Conservative and Liberal Democrat coalition government,,,
https://www.gov.uk/guidance/assessing-if-artificial-intelligence-is-the-right-solution,Assessing if artificial intelligence is the right solution,detailed_guide,927759dc-d8fa-4535-8470-e44ace2b3dc4,en,whitehall,2019-06-09T23:00:00.000Z,2019-06-09T23:00:00.000Z,,,6,"Government,Design and build of government services,Smarter working,GOV.UK homepage,Government technology and digital services,Buying technology,Digital transformation","Department for Science, Innovation and Technology","Department for Science, Innovation and Technology,Office for Artificial Intelligence,Centre for Data Ethics and Innovation",2016 to 2019 May Conservative government,,,
https://www.gov.uk/guidance/policy-and-strategy-for-all,Policy and strategy for all,detailed_guide,d8149db1-d9d4-4086-ae66-5594cf377bfd,en,whitehall,2024-08-22T23:00:00.000Z,2025-12-30T14:37:51.000Z,,,6,"Government,GOV.UK homepage",Government Skills,Government Skills,2024 Starmer Labour government,,,
https://www.gov.uk/guidance/clinical-profession,Clinical Profession,detailed_guide,718b238c-0cc7-4387-9ba6-9055997e1a4a,en,whitehall,2025-06-11T14:27:54.000Z,2025-06-11T14:27:54.000Z,,,6,"GOV.UK homepage,Government",Government Skills,Government Skills,2024 Starmer Labour government,,,
https://www.gov.uk/guidance/report-fraud-to-defra,Report fraud to Defra,detailed_guide,2bbe68ad-4a41-45d6-b542-da3fc4ff03f3,en,whitehall,2025-05-29T16:32:54.000Z,2025-05-29T16:32:54.000Z,,,6,"Government,GOV.UK homepage,Government efficiency, transparency and accountability","Department for Environment, Food & Rural Affairs","Department for Environment, Food & Rural Affairs",2024 Starmer Labour government,,,
https://www.gov.uk/guidance/rolling-review-for-marketing-authorisation-applications,Rolling review for marketing authorisation applications,detailed_guide,4e66db5a-8c84-452c-947d-034492122045,en,whitehall,2020-12-31T00:00:00.000Z,2025-03-11T11:01:36.000Z,,,6,"Medicines, medical devices,GOV.UK homepage,Brexit,Health and social care,Marketing authorisations, variations and licensing guidance,Government",Medicines and Healthcare products Regulatory Agency,Medicines and Healthcare products Regulatory Agency,2019 to 2022 Johnson Conservative government,,,
https://www.gov.uk/guidance/building-safety-fund-guidance-for-new-applications-from-july-2022,Building Safety Fund guidance for new applications from July 2022,detailed_guide,1fd3ccbc-b3f0-429a-8258-db38c079a62d,en,whitehall,2022-07-27T23:00:00.000Z,2024-04-02T14:05:58.000Z,,,6,"Planning and building,Fire prevention and rescue,Building regulation,Housing, local and community,Government,GOV.UK homepage,Emergency preparation, response and recovery","Ministry of Housing, Communities and Local Government","Ministry of Housing, Communities and Local Government,Department for Levelling Up, Housing and Communities ",2019 to 2022 Johnson Conservative government,,,
https://www.gov.uk/guidance/create-and-publish-job-adverts,Create and publish job adverts (vX),detailed_guide,fedbed69-cc33-4fef-8446-4610a034992f,en,whitehall,2019-04-14T23:00:00.000Z,2022-06-22T11:16:33.000Z,,,6,"GOV.UK homepage,Government efficiency, transparency and accountability,Government",Civil Service Resourcing,Civil Service Resourcing,2016 to 2019 May Conservative government,,,
https://www.gov.uk/guidance/registers-becoming-a-custodian,Registers: becoming a custodian,detailed_guide,b2f64274-042f-4dd3-8e46-558e9697bb81,en,whitehall,2016-08-03T09:17:00.000Z,2016-08-03T09:17:00.000Z,,,6,"Government efficiency, transparency and accountability,GOV.UK services,Government spending,GOV.UK Registers,Government,GOV.UK homepage,Government technology and digital services",Government Digital Service,Government Digital Service,2016 to 2019 May Conservative government,,,
https://www.gov.uk/guidance/facilitating-online-meetings-course,Facilitating online meetings course,detailed_guide,135c56c1-00b7-4a79-a8d1-bd5f22d3954a,en,whitehall,2020-09-24T14:19:00.000Z,2021-03-17T10:11:50.000Z,,,,"Digital transformation,Government,GOV.UK homepage,Government technology and digital services","Digital, Data and Technology Profession","Digital, Data and Technology Profession",2019 to 2022 Johnson Conservative government,,,
https://www.gov.uk/guidance/nato-summit-wales-2014-all-about-wales,NATO Summit Wales 2014: All about Wales,detailed_guide,5f65c576-7631-11e4-a3cb-005056011aef,en,whitehall,2014-06-20T15:46:00.000Z,2020-09-07T10:52:09.000Z,,,,"Wales,Government,National security,Economic growth in Wales,GOV.UK homepage,Defence and armed forces,Regional and local government,International defence commitments",Welsh Government,Welsh Government,2010 to 2015 Conservative and Liberal Democrat coalition government,,,
https://www.gov.uk/guidance/summary-of-the-uk-singapore-agreement,Trade with Singapore,detailed_guide,410dd3b2-95da-4a5d-8467-61b8c5038fe2,en,whitehall,2020-12-16T00:00:00.000Z,2022-01-01T00:15:16.000Z,,,,"GOV.UK homepage,Trade and investment,Government,Brexit,Exporting,Importing,Free trade,Business and industry",Department for Business and Trade,"Department for Business and Trade,Department for International Trade",2019 to 2022 Johnson Conservative government,,,
https://www.gov.uk/guidance/data-ethics-and-ai-guidance-landscape,Data ethics and AI guidance landscape,detailed_guide,53acaf5a-c84c-4e1b-9a31-8f1518c2b47b,en,whitehall,2020-07-21T12:05:00.000Z,2020-07-21T12:05:00.000Z,,,,"GOV.UK homepage,Government technology and digital services,Data,Design and build of government services,Buying technology,Government","Department for Science, Innovation and Technology","Department for Science, Innovation and Technology,Department for Digital, Culture, Media & Sport",2019 to 2022 Johnson Conservative government,,,
https://www.gov.uk/guidance/report-co2-emissions-for-new-cars-and-vans,Report CO2 emissions for new cars and vans,detailed_guide,7a2af1fe-a31d-4e56-86ee-1fa7f329fd6c,en,whitehall,2020-12-31T23:01:08.000Z,2020-12-31T23:01:08.000Z,,,,"Transport,Brexit,Government,Road transport and the environment,GOV.UK homepage,Driving and road transport,Road transport emissions",Department for Transport,Department for Transport,2019 to 2022 Johnson Conservative government,,,
https://www.gov.uk/guidance/report-a-vulnerability-on-any-ukho-system,Report a vulnerability on any UKHO system,detailed_guide,b8494a75-c1cb-497b-ad5c-ade2f7ee49e4,en,whitehall,2023-04-13T23:00:00.000Z,2023-04-13T23:00:00.000Z,,,,"GOV.UK homepage,Cyber security,Government",UK Hydrographic Office,UK Hydrographic Office,2022 to 2024 Sunak Conservative government,,,
https://www.gov.uk/guidance/supported-journeys-defining-vulnerability-during-the-pstn-migration,Supported journeys: defining vulnerability during the PSTN migration,detailed_guide,9582fcc8-8f5b-47a3-923d-a489284ca5d7,en,whitehall,2024-11-18T00:00:00.000Z,2024-11-18T00:00:00.000Z,,,,"Media and communications,Networks and telecommunications,Government,Government technology and digital services,GOV.UK homepage,Telecommunications,Communications and telecomms,Business and industry","Department for Science, Innovation and Technology","Department for Science, Innovation and Technology",2024 Starmer Labour government,,,
https://www.gov.uk/guidance/national-recovery-guidance-common-issues,National Recovery Guidance: common issues,detailed_guide,5d62b033-7631-11e4-a3cb-005056011aef,en,whitehall,2013-02-20T17:59:00.000Z,2013-03-26T16:12:05.000Z,,,,"Government,Emergency preparation, response and recovery,GOV.UK homepage",Cabinet Office,Cabinet Office,2010 to 2015 Conservative and Liberal Democrat coalition government,,,
https://www.gov.uk/guidance/cyber-schools-programme,Cyber Schools Programme,detailed_guide,7771af2f-a733-4a55-8ddb-3edf6528c162,en,whitehall,2017-02-17T16:23:00.000Z,2017-02-17T16:23:00.000Z,,,,"Education, training and skills,National security,Cyber security,Government,GOV.UK homepage","Department for Science, Innovation and Technology","Department for Science, Innovation and Technology,Department for Digital, Culture, Media & Sport",2016 to 2019 May Conservative government,,,
https://www.gov.uk/guidance/healthcare-in-hungary,Healthcare for UK nationals living in Hungary,detailed_guide,5689d46a-2de2-43a6-82c0-46a578adc6e1,en,whitehall,2019-09-22T23:00:00.000Z,2022-01-05T15:42:13.000Z,,,,"Health and social care,UK help and services in Hungary,GOV.UK homepage,Living abroad,Brexit,Government,Help and services around the world,British nationals overseas,Living in Hungary,Going and being abroad",Department of Health and Social Care,"Department of Health and Social Care,Foreign, Commonwealth & Development Office",2019 to 2022 Johnson Conservative government,,,
https://www.gov.uk/guidance/webinars-information-on-how-to-make-submissions-to-the-mhra,Webinars: information on how to make submissions to the MHRA,detailed_guide,096d480f-2c12-419a-971e-66d0685a0ff9,en,whitehall,2020-12-31T23:01:00.000Z,2020-12-31T23:01:00.000Z,,,,"Brexit,Government,Health and social care,Medicines, medical devices,GOV.UK homepage",Medicines and Healthcare products Regulatory Agency,Medicines and Healthcare products Regulatory Agency,2019 to 2022 Johnson Conservative government,,,
https://www.gov.uk/guidance/no-automatic-contract-extensions,No automatic contract extensions,detailed_guide,9ee7edb7-8009-4929-bdaf-4dca5db7cb3c,en,whitehall,2024-02-23T00:00:00.000Z,2024-02-23T00:00:00.000Z,,,,"Design and build of government services,GOV.UK homepage,Government,Government technology and digital services",Government Digital Service,"Government Digital Service,Central Digital and Data Office",2022 to 2024 Sunak Conservative government,,,
https://www.gov.uk/guidance/energy-companies-obligation-brokerage,Energy Companies Obligation: brokerage,detailed_guide,5d2b405b-7631-11e4-a3cb-005056011aef,en,whitehall,2013-01-22T12:06:00.000Z,2019-07-31T08:40:37.000Z,,,,"Housing and communities,Government spending,GOV.UK homepage,Housing, local and community,Government,Government funding programmes,Climate change and energy,Energy efficiency,Government efficiency, transparency and accountability,Environment",Department for Energy Security and Net Zero,"Department for Energy Security and Net Zero,Ofgem,Department for Business, Energy & Industrial Strategy",2010 to 2015 Conservative and Liberal Democrat coalition government,,,
https://www.gov.uk/guidance/porton-down-volunteers-requesting-information,Porton Down volunteers: requesting information,detailed_guide,5f67414e-7631-11e4-a3cb-005056011aef,en,whitehall,2014-07-01T16:27:00.000Z,2014-07-01T16:27:00.000Z,,,,"GOV.UK homepage,Government efficiency, transparency and accountability,Defence and armed forces,Veterans and family support,Government",Defence Science and Technology Laboratory,"Defence Science and Technology Laboratory,Ministry of Defence",2010 to 2015 Conservative and Liberal Democrat coalition government,,,
https://www.gov.uk/guidance/moving-goods-via-ports-in-the-netherlands-and-belgium-27-january-2021,Moving goods via ports in the Netherlands and Belgium: 27 January 2021,detailed_guide,61dc427d-7b77-4f9a-856e-51e3768781e6,en,whitehall,2021-04-07T11:36:00.000Z,2021-04-07T11:36:00.000Z,,,,"Brexit,GOV.UK homepage,Government",Cabinet Office,Cabinet Office,2019 to 2022 Johnson Conservative government,,,
https://www.gov.uk/guidance/quality-and-safety-of-human-organs-tissues-and-cells,"Quality and safety of human organs, tissues and cells",detailed_guide,e0a073fd-af4f-4728-85a4-3e9f6865238f,en,whitehall,2020-12-31T23:01:00.000Z,2021-09-28T07:51:21.000Z,,,,"Government,GOV.UK homepage,Blood regulation and safety,Health and social care,Brexit",Department of Health and Social Care,Department of Health and Social Care,2019 to 2022 Johnson Conservative government,,,
https://www.gov.uk/guidance/public-request-to-order-disposal-land-owners-cover-letter-and-questionnaire,Public Request to Order Disposal: land owner's cover letter and questionnaire,detailed_guide,5c7edc7f-7631-11e4-a3cb-005056011aef,en,whitehall,2012-11-14T20:15:00.000Z,2012-11-14T20:15:00.000Z,,,,"Society and culture,Public sector land use,Planning and building,Government,Community and society,Housing, local and community,GOV.UK homepage","Ministry of Housing, Communities and Local Government","Ministry of Housing, Communities and Local Government,Ministry of Housing, Communities & Local Government (2018 to 2021),Department for Levelling Up, Housing and Communities ",2010 to 2015 Conservative and Liberal Democrat coalition government,,,
https://www.gov.uk/guidance/managing-your-api-alpha,Managing your API alpha,detailed_guide,2a40e1e8-fcbb-443a-9f24-af663bced934,en,whitehall,2020-11-27T11:08:00.000Z,2020-11-27T11:08:00.000Z,,,,"Data,Open source and open standards,APIs and app development,Government technology and digital services,Design and build of government services,Government,GOV.UK homepage,APIs,Digital Service Standard,Open standards,Design principles",Government Digital Service,"Government Digital Service,Central Digital and Data Office",2019 to 2022 Johnson Conservative government,,,
https://www.gov.uk/guidance/working-with-local-authorities,Working with local authorities,detailed_guide,0dac3de0-49c4-492f-8af2-5c79e93fb28c,en,whitehall,2018-12-20T15:54:58.000Z,2018-12-20T15:54:58.000Z,,,,"Communications and telecomms,Local Plans,Government,Networks and telecommunications,Local government,Business and industry,Planning and building,Local councils and services,GOV.UK homepage,Broadband investment,Media and communications,Housing, local and community,Government technology and digital services,Telecommunications,Regional and local government","Department for Digital, Culture, Media & Sport","Department for Digital, Culture, Media & Sport",2016 to 2019 May Conservative government,,,
https://www.gov.uk/guidance/national-democracy-week-council-members,National Democracy Week Council members,detailed_guide,1d28fff6-1f77-4a09-b026-d1d6869170c1,en,whitehall,2018-03-21T10:00:09.000Z,2018-03-21T10:00:09.000Z,,,,"Government,Government efficiency, transparency and accountability,GOV.UK homepage",Cabinet Office,Cabinet Office,2016 to 2019 May Conservative government,,,
https://www.gov.uk/guidance/hallmarking-requirements-and-the-eu,Hallmarking requirements and the EU,detailed_guide,e7a72ed1-2b99-4756-857d-c6d04f5bde88,en,whitehall,2019-10-24T23:00:00.000Z,2019-10-24T23:00:00.000Z,,,,"Consumer rights and issues,Business regulation,Brexit,GOV.UK homepage,Business and industry,Government",British Hallmarking Council,British Hallmarking Council,2019 to 2022 Johnson Conservative government,,,
https://www.gov.uk/guidance/using-graphql-for-your-api,Using GraphQL for your API,detailed_guide,f938d2f9-ceb7-420c-9399-b0b97a172e09,en,whitehall,2021-10-06T14:56:55.000Z,2021-10-06T14:56:55.000Z,,,,"Government technology and digital services,Government,APIs,GOV.UK homepage,APIs and app development",Government Digital Service,"Government Digital Service,Central Digital and Data Office",2019 to 2022 Johnson Conservative government,,,
https://www.gov.uk/guidance/publish-bus-open-data,Publish bus open data,detailed_guide,cf35e548-13f3-4517-9400-ba6e10102fec,en,whitehall,2020-01-28T00:00:00.000Z,2022-05-31T15:26:43.000Z,,,,"Government technology and digital services,Open standards,Buses,Open source and open standards,Local transport,Bus services, routes and timetables,Bus operators,Bus passenger experience,GOV.UK homepage,Government,Transport",Department for Transport,Department for Transport,2019 to 2022 Johnson Conservative government,,,
https://www.gov.uk/guidance/addasiadau-rhesymol-ar-gyfer-profion-ar-lein-canllaw-i-ymgeiswyr,Addasiadau rhesymol ar gyfer profion ar-lein – canllaw ymgeiswyr,detailed_guide,008e79ed-5571-45d8-ae93-e139fbea67e9,en,whitehall,2021-03-23T00:00:00.000Z,2026-01-28T09:20:31.000Z,,,,"GOV.UK homepage,Government",Government People Group,Government People Group,2019 to 2022 Johnson Conservative government,,,
https://www.gov.uk/guidance/new-rules-for-importing-and-exporting-goods,New rules for importing and exporting goods,detailed_guide,04aa0ee2-da5c-4321-a64d-0951ad7b8840,en,whitehall,2021-05-12T14:18:00.000Z,2023-03-13T14:47:03.000Z,,,,"Government,GOV.UK homepage,Brexit",Cabinet Office,Cabinet Office,2019 to 2022 Johnson Conservative government,,,
https://www.gov.uk/guidance/radioactive-waste-spent-fuel-or-sources,"Radioactive waste, spent fuel or sources",detailed_guide,5f19c6d7-7631-11e4-a3cb-005056011aef,en,whitehall,2014-03-13T12:31:00.000Z,2020-02-28T10:49:59.000Z,,,,"Radioactive and nuclear substances and waste,GOV.UK homepage,Waste and recycling,Government,Brexit,Environment",Environment Agency,Environment Agency,2010 to 2015 Conservative and Liberal Democrat coalition government,,,
https://www.gov.uk/guidance/govtech-catalyst-relevant-technology-and-service-design-standards,GovTech Catalyst: technology and service design standards,detailed_guide,1571ad95-55fb-47d1-a2c3-093bcd653de4,en,whitehall,2019-02-15T12:14:00.000Z,2019-02-15T12:14:00.000Z,,,,"Government technology and digital services,Buying technology,Digital transformation,Government efficiency, transparency and accountability,GOV.UK homepage,Government",Government Digital Service,Government Digital Service,2016 to 2019 May Conservative government,,,
https://www.gov.uk/guidance/healthcare-in-liechtenstein,Healthcare for UK nationals living in Liechtenstein,detailed_guide,b023fe79-1172-4d39-9aa4-490e66423102,en,whitehall,2019-09-22T23:00:00.000Z,2024-01-15T12:07:30.000Z,,,,"Living in Liechtenstein,Health and social care,Government,Help and services around the world,GOV.UK homepage,British nationals overseas,Living abroad,Going and being abroad,UK help and services in Liechtenstein,Brexit",Department of Health and Social Care,"Department of Health and Social Care,Foreign, Commonwealth & Development Office",2019 to 2022 Johnson Conservative government,,,
https://www.gov.uk/guidance/ministers-collection,Ministers Collection,detailed_guide,9308d31c-dff6-44a4-831a-8f1d23fa1df2,en,whitehall,2024-11-06T14:00:06.000Z,2024-11-06T14:00:06.000Z,,,,"GOV.UK homepage,Government efficiency, transparency and accountability,Government",Cabinet Office,Cabinet Office,2024 Starmer Labour government,,,
https://www.gov.uk/guidance/multidisciplinary-university-research-initiative-muri,Multidisciplinary University Research Initiative (MURI),detailed_guide,6712834a-cc86-4b62-aaba-960dd414f656,en,whitehall,2015-07-21T08:56:00.000Z,2018-06-12T14:25:47.000Z,,,,"Defence and armed forces,Business and industry,Government,National security,GOV.UK homepage,Science and innovation",Defence Science and Technology Laboratory,Defence Science and Technology Laboratory,2015 to 2016 Cameron Conservative government,,,
https://www.gov.uk/guidance/decentralised-and-mutual-recognition-reliance-procedure-for-marketing-authorisations,Decentralised and mutual recognition reliance procedure for marketing authorisations,detailed_guide,ad71be1e-caef-43f2-978c-5f818280f6cd,en,whitehall,2021-01-04T00:00:00.000Z,2021-02-23T11:18:25.000Z,,,,"Government,Health and social care,Brexit,Medicines, medical devices,GOV.UK homepage,Marketing authorisations, variations and licensing guidance",Medicines and Healthcare products Regulatory Agency,Medicines and Healthcare products Regulatory Agency,2019 to 2022 Johnson Conservative government,,,
https://www.gov.uk/guidance/resources-for-communications-network-providers,Resources for communications network providers,detailed_guide,a2cf3e7a-e9e6-45a0-8ba5-32c057afd949,en,whitehall,2018-12-20T00:00:00.000Z,2024-07-26T13:09:58.000Z,,,,"Planning and building,Transport,Government technology and digital services,Broadband investment,GOV.UK homepage,Road works and street works,Housing, local and community,Road infrastructure,Telecommunications,Media and communications,Communications and telecomms,Networks and telecommunications,Business and industry,Government",Building Digital UK,Building Digital UK,2016 to 2019 May Conservative government,,,
https://www.gov.uk/guidance/defining-an-api-management-strategy,Defining an API management strategy,detailed_guide,1fb86193-22ad-4833-9eb3-cbe738e16017,en,whitehall,2021-12-30T13:22:59.000Z,2021-12-30T13:22:59.000Z,,,,"Government,Design principles,GOV.UK homepage,Government technology and digital services,Buying technology,Design and build of government services,APIs,APIs and app development",Government Digital Service,"Government Digital Service,Central Digital and Data Office",2019 to 2022 Johnson Conservative government,,,
https://www.gov.uk/guidance/security-considerations-for-common-enterprise-it-decisions,Security considerations for common enterprise IT decisions,detailed_guide,2669a7da-4594-4274-bc98-481ab67af55d,en,whitehall,2015-03-06T10:10:00.000Z,2015-03-06T10:10:00.000Z,,,,"GOV.UK homepage,Government,National security,Government efficiency, transparency and accountability",CESG,CESG,2010 to 2015 Conservative and Liberal Democrat coalition government,,,
https://www.gov.uk/guidance/how-to-publish-business-appointment-rules-advice,How to publish business appointment rules advice,detailed_guide,560098c7-399c-427e-95f5-088f675b2344,en,whitehall,2017-12-14T12:30:16.000Z,2017-12-14T12:30:16.000Z,,,,"Government,GOV.UK homepage,Government efficiency, transparency and accountability",Government Digital Service,Government Digital Service,2016 to 2019 May Conservative government,,,
https://www.gov.uk/guidance/vulnerability-disclosure-policy-the-planning-inspectorate,Vulnerability disclosure policy: The Planning Inspectorate,detailed_guide,ba6c0bdd-7470-4ead-9394-a00a025e5b50,en,whitehall,2024-06-27T13:29:20.000Z,2024-06-27T13:29:20.000Z,,,,"GOV.UK homepage,Planning and building,Housing, local and community,Cyber security,Planning permission and appeals,Government",Planning Inspectorate,Planning Inspectorate,2022 to 2024 Sunak Conservative government,,,
https://www.gov.uk/guidance/building-safety-programme-announcements,Building Safety Programme: announcements,detailed_guide,4f1cc59c-2753-4dec-9657-362e50292122,en,whitehall,2018-11-21T12:34:00.000Z,2019-05-09T15:46:35.000Z,,,,"Housing, local and community,GOV.UK homepage,Emergency preparation, response and recovery,Government,Building regulation,Fire prevention and rescue,Housing and communities,Planning and building","Ministry of Housing, Communities and Local Government","Ministry of Housing, Communities and Local Government,Ministry of Housing, Communities & Local Government (2018 to 2021),Department for Levelling Up, Housing and Communities ",2016 to 2019 May Conservative government,,,
https://www.gov.uk/guidance/considerations-for-the-local-planning-authority,Guidance for the local planning authority,detailed_guide,49c78df9-e21a-4416-a31a-5c73d5a96ce1,en,whitehall,2018-12-20T15:56:00.000Z,2018-12-20T15:56:00.000Z,,,,"Media and communications,Government,Business and industry,Planning and building,Broadband investment,Government technology and digital services,Networks and telecommunications,Planning system,Road works and street works,Housing, local and community,Road infrastructure,Telecommunications,Land and development opportunities,Local Plans,GOV.UK homepage,Transport,Planning permission and appeals,Communications and telecomms","Department for Digital, Culture, Media & Sport","Department for Digital, Culture, Media & Sport",2016 to 2019 May Conservative government,,,
https://www.gov.uk/guidance/review-of-closed-material-procedure-in-the-justice-and-security-act-2013,Review of closed material procedure in the Justice and Security Act 2013,detailed_guide,5c87fd00-aa3a-43ae-812b-c42c35b8fee8,en,whitehall,2021-02-25T13:10:00.000Z,2022-12-01T10:03:13.000Z,,,,"Defence and armed forces,Crime, justice and law,GOV.UK homepage,Government,National security,Counter-terrorism",Ministry of Justice,Ministry of Justice,2019 to 2022 Johnson Conservative government,,,
https://www.gov.uk/guidance/insufficient-production-for-manufacturing-and-agri-food-processes-when-trading-between-the-uk-and-eu,Insufficient production for manufacturing and agri-food processes when trading between the UK and EU,detailed_guide,9a6512f0-028e-4773-a757-2968d8909136,en,whitehall,2021-10-06T13:59:00.000Z,2021-10-06T13:59:00.000Z,,,,"Trade and investment,Exporting,Government,Business and industry,Importing,GOV.UK homepage,Brexit",HM Revenue & Customs,HM Revenue & Customs,2019 to 2022 Johnson Conservative government,,,
