url,title,documentType,contentId,locale,publishing_app,first_published_at,public_updated_at,withdrawn_at,withdrawn_explanation,page_views,taxons,primary_organisation,all_organisations,government,is_political,people,occurrences
https://www.gov.uk/pip/how-to-claim,Personal Independence Payment (PIP): How to claim,guide,56ffb2a7-f45f-4e6c-bbfe-3d898a3358d8,en,publisher,2012-10-15T12:13:56.000Z,2024-11-06T10:53:35.482Z,,,65396,"Welfare,Carers and disability benefits,Disabled people,GOV.UK homepage,Benefits and financial help,Health and social care",Government Digital Service,Department for Work and Pensions,,,,
https://www.gov.uk/benefits-calculators,Benefits calculators,answer,1a1bc147-c02b-4cad-a415-ccbcecec8cbf,en,publisher,2012-01-25T15:29:06.000Z,2024-11-05T00:01:02.232Z,,,62801,"Death and benefits,Universal Credit,Carers and disability benefits,Jobseeker's Allowance and low income benefits,Benefits and financial help,Disabled people,Health and social care,Benefits entitlement,Benefits for families,GOV.UK homepage,Welfare",Government Digital Service,Department for Work and Pensions,,,,
https://www.gov.uk/carers-allowance,Carer's Allowance,guide,f508898d-1ba0-46f7-b150-828166886d97,en,publisher,2012-01-13T10:52:26.000Z,2024-10-17T10:36:05.312Z,,,24037,"Welfare,Lasting power of attorney, being in care and managing finances,Disabled people,GOV.UK homepage,Life circumstances,Carers,Carers and disability benefits,Health and social care",Government Digital Service,Department for Work and Pensions,,,,
https://www.gov.uk/uk-border-control/before-you-leave-for-the-uk,Entering the UK: Before you leave for the UK,guide,435fb04f-2b9f-4f44-8b41-2a962e8c46a8,en,publisher,2013-03-28T12:28:54.000Z,2024-10-31T17:00:08.732Z,,,18950,"GOV.UK homepage,Health and social care,COVID-19,Money,Personal tax,International travel, immigration and repatriation during COVID-19,Coming to the UK",Government Digital Service,"Border Force,HM Revenue & Customs,UK Passport Service,UK Visas and Immigration",,,,
https://www.gov.uk/attendance-allowance,Attendance Allowance,guide,916b042a-ee5c-420b-8481-17c74e7bb456,en,publisher,2012-01-17T14:54:00.000Z,2024-10-21T11:29:59.793Z,,,16376,"Carers and disability benefits,Health and social care,Welfare,Benefits and financial help,Disabled people,GOV.UK homepage",Government Digital Service,Department for Work and Pensions,,,,
https://www.gov.uk/employment-support-allowance,Employment and Support Allowance (ESA),guide,abc16763-56b6-4017-8c19-17e578de7a57,en,publisher,2012-01-19T13:40:46.000Z,2024-12-10T11:36:25.339Z,,,11604,"Health and social care,Jobseeker's Allowance and low income benefits,Welfare,Benefits and financial help,Disabled people,Benefits entitlement,GOV.UK homepage,Carers and disability benefits",Government Digital Service,Department for Work and Pensions,,,,
https://www.gov.uk/access-to-work,Access to Work: get support if you have a disability or health condition,guide,d27a7826-745c-4a54-b2e9-00a379da8671,en,publisher,2012-01-06T15:12:47.000Z,2015-01-14T12:09:07.000Z,,,11142,"Work and disabled people,Working, jobs and pensions,GOV.UK homepage,Disability equipment and transport,Business and industry,Finding a job,Carers and disability benefits,Health and social care,Recruiting and hiring,Employing people,Welfare,Disabled people,Running a business,Work",Government Digital Service,Department for Work and Pensions,,,,
https://www.gov.uk/disability-living-allowance-children,Disability Living Allowance (DLA) for children,guide,ee6607f1-d0ba-412b-b91c-7717286290ae,en,publisher,2013-06-10T08:17:40.000Z,2015-01-12T14:53:39.000Z,,,8893,"Benefits and financial help,Parenting, childcare and children's services ,Welfare,Health and social care,Financial help if you have children,Carers and disability benefits,GOV.UK homepage,Disabled people,Financial help if you have a disabled child",Government Digital Service,Department for Work and Pensions,,,,
https://www.gov.uk/financial-help-disabled/vehicles-and-transport,Financial help if you're disabled: Vehicles and transport,guide,d1d66f56-3a29-449c-9639-787f02a576e1,en,publisher,2012-01-26T13:35:35.000Z,2014-12-11T16:09:53.000Z,,,8550,"GOV.UK homepage,Welfare,Benefits and financial help,Disabled people,Carers and disability benefits,Health and social care,Armed forces,Defence and armed forces",Government Digital Service,"Department for Transport,Department for Work and Pensions,Driver and Vehicle Licensing Agency,HM Revenue & Customs",,,,
https://www.gov.uk/holiday-entitlement-rights,Holiday entitlement,guide,a57d3670-b8bd-4aac-92dc-7dcebd1e55d8,en,publisher,2012-01-26T13:22:36.000Z,2014-11-17T13:29:29.000Z,,,8361,"Holidays, time off, sick leave, maternity and paternity leave,Work,Contracts and working hours,Work and financial support during COVID-19,GOV.UK homepage,Health and social care,COVID-19,Working, jobs and pensions",Government Digital Service,"Department for Business and Trade,Department for Business, Energy & Industrial Strategy",,,,
https://www.gov.uk/driving-medical-conditions,"Medical conditions, disabilities and driving",guide,21574365-214c-49e1-a28a-bcec5f232ef9,en,publisher,2012-01-26T13:30:28.000Z,2015-02-06T16:22:16.000Z,,,8242,"Driving and road transport,Health and social care,Disability equipment and transport,Road safety, driving rules and penalties,Driving and medical conditions,Disabled people,Transport,GOV.UK homepage",Government Digital Service,Driver and Vehicle Licensing Agency,,,,
https://www.gov.uk/disability-service-centre,Contact the Disability Service Centre,answer,ec91bada-acaf-4891-ab59-462f925f5441,en,publisher,2012-10-13T12:12:43.000Z,2024-12-10T14:58:47.223Z,,,7661,"GOV.UK homepage,Welfare,Benefits and financial help,Disabled people,Carers and disability benefits,Health and social care",Government Digital Service,Department for Work and Pensions,,,,
https://www.gov.uk/dla-disability-living-allowance-benefit,Disability Living Allowance (DLA) for adults,guide,d1ff0616-4efa-42cd-b8a2-273e72fcde1b,en,publisher,2012-01-19T14:02:49.000Z,2025-01-29T14:45:24.848Z,,,7633,"Carers and disability benefits,Disabled people,Welfare,GOV.UK homepage,Benefits and financial help,Health and social care",Government Digital Service,Department for Work and Pensions,,,,
https://www.gov.uk/disabled-facilities-grants,Disabled Facilities Grants,guide,145d29c4-cb5c-4b1c-8664-094912f8a34e,en,publisher,2011-12-07T09:02:24.000Z,2016-06-16T13:58:16.582Z,,,4555,"Health and social care,Financial help if you have children,Welfare,GOV.UK homepage,Disability equipment and transport,Carers and disability benefits,Disabled people,Financial help if you have a disabled child,Parenting, childcare and children's services ",Government Digital Service,"Ministry of Housing, Communities and Local Government",,,,
https://www.gov.uk/disabled-students-allowance-dsa,"Help if you're a student with a learning difficulty, health problem or disability",guide,99ac3c7d-7e51-430c-bffb-c6e310be1659,en,publisher,2012-01-11T16:43:00.000Z,2024-11-13T12:18:31.200Z,,,4291,"Disabled people,Funding for special educational needs and disability (SEND),Welfare,Disability equipment and transport,GOV.UK homepage,Funding and finance for students,Carers and disability benefits,Student grants, bursaries and scholarships,Health and social care,Education, training and skills,Special educational needs and disability (SEND) and high needs",Government Digital Service,Student Loans Company,,,,
https://www.gov.uk/guidance/burkholderia-stabilis-infections-associated-with-non-sterile-alcohol-free-wipes-ongoing-risk-to-patients,Burkholderia stabilis infections associated with non-sterile alcohol-free wipes: ongoing risk to patients,detailed_guide,ff380e0e-657a-4b2b-8618-13c3669dbcda,en,whitehall,2026-02-05T14:00:00.000Z,2026-02-05T14:00:00.000Z,,,4279,"GOV.UK homepage,Health and social care,Public health,Health protection,Infectious diseases",UK Health Security Agency,UK Health Security Agency,2024 Starmer Labour government,,,
https://www.gov.uk/carers-credit,Carer's Credit,guide,3d0a1afc-27cc-4bb3-8914-95c9e27f5a1a,en,publisher,2011-12-16T14:31:16.000Z,2024-10-14T08:20:54.471Z,,,4103,"Health and social care,Money,Carers and disability benefits,Welfare,Working, jobs and pensions,GOV.UK homepage,Jobseeker's Allowance and low income benefits,Disabled people,Personal tax,Benefits for families,State Pension,Carers,Work",Government Digital Service,Department for Work and Pensions,,,,
https://www.gov.uk/carers-allowance-unit,Contact the Carer's Allowance Unit,answer,2f2d4fbb-a8ed-4176-b5ee-f4312b144223,en,publisher,2012-10-03T14:20:22.000Z,2024-12-10T17:35:09.590Z,,,2847,"GOV.UK homepage,Welfare,Disabled people,Carers and disability benefits,Health and social care,Carers",Government Digital Service,Department for Work and Pensions,,,,
https://www.gov.uk/passport-services-disabled,Passport services if you're disabled,answer,f11cddc6-6316-425b-8c71-44d013dc3e80,en,publisher,2012-10-11T16:55:18.000Z,2015-11-23T17:57:44.000Z,,,2648,"Disability equipment and transport,Health and social care,Going and being abroad,GOV.UK homepage,Passports,Disabled people",Government Digital Service,HM Passport Office,,,,
https://www.gov.uk/become-appointee-for-someone-claiming-benefits,Become an appointee for someone claiming benefits,answer,5d1d5343-6f23-4f7a-9a42-b4128be70d48,en,publisher,2012-10-14T13:29:52.000Z,2016-03-14T17:25:25.000Z,,,2447,"Benefits and financial help,Disabled people,Lasting power of attorney, being in care and managing finances,Welfare,Life circumstances,Carers and disability benefits,Health and social care,GOV.UK homepage",Government Digital Service,Department for Work and Pensions,,,,
https://www.gov.uk/disability-premiums,Disability premiums,guide,d2bea665-1f72-43f5-a5a9-a6e74b318951,en,publisher,2012-01-19T14:11:11.000Z,2015-01-12T14:54:33.000Z,,,2318,"GOV.UK homepage,Benefits and financial help,Jobseeker's Allowance and low income benefits,Welfare,Health and social care,Carers and disability benefits,Disabled people",Government Digital Service,Department for Work and Pensions,,,,
https://www.gov.uk/definition-of-disability-under-equality-act-2010,Definition of disability under the Equality Act 2010,answer,a9969b73-6217-42a2-b40f-f532d668388d,en,publisher,2011-09-12T17:56:14.000Z,2025-01-10T11:37:23.378Z,,,2312,"Disabled people,Disability rights,Health and social care,GOV.UK homepage,Your rights and the law,Crime, justice and law",Government Digital Service,Department for Work and Pensions,,,,
https://www.gov.uk/reasonable-adjustments-for-disabled-workers,Reasonable adjustments for workers with disabilities or health conditions,answer,b65dee04-9a47-46db-96ca-9b1a2e944bf5,en,publisher,2012-09-05T16:10:11.000Z,2015-07-15T15:48:00.000Z,,,1725,"Work and disabled people,Business and industry,Your rights at work and trade unions,GOV.UK homepage,Working, jobs and pensions,Running a business,Health and social care,Trade unions,Employing people,Work,Recruiting and hiring,Work and financial support during COVID-19,Working from home during COVID-19,COVID-19",Government Digital Service,"Department for Business and Trade,Department for Business, Energy & Industrial Strategy",,,,
https://www.gov.uk/guidance/disability-confident-how-to-sign-up-to-the-employer-scheme,How to sign up to the Disability Confident employer scheme,detailed_guide,b8594199-f0ea-45c2-a629-ee2f26c0c4df,en,whitehall,2016-07-13T23:00:00.000Z,2019-11-25T09:30:05.000Z,,,1540,"GOV.UK homepage,Working, jobs and pensions,Health and social care,Work,Disabled people,Recruiting and hiring,Welfare,Disability rights,Work and disabled people",Department for Work and Pensions,Department for Work and Pensions,2016 to 2019 May Conservative government,,,
https://www.gov.uk/guidance/foreign-travel-insurance,Foreign travel insurance,detailed_guide,5d8bb0f3-7631-11e4-a3cb-005056011aef,en,whitehall,2013-03-22T00:00:00.000Z,2024-08-02T14:08:00.000Z,,,1457,"COVID-19,Government,Travel abroad,GOV.UK homepage,International travel, immigration and repatriation during COVID-19,Health and social care,Brexit,Going and being abroad,British nationals overseas","Foreign, Commonwealth & Development Office","Foreign, Commonwealth & Development Office",2010 to 2015 Conservative and Liberal Democrat coalition government,,,
https://www.gov.uk/guidance/notifiable-diseases-and-how-to-report-them,Notifiable diseases and how to report them,detailed_guide,c54895de-e05e-4a86-8d95-bab2b233aa76,en,whitehall,2024-09-11T23:00:00.000Z,2025-04-29T16:27:40.000Z,,,1432,"Public health,Health and social care,Health surveillance and reporting programmes,Infectious diseases,GOV.UK homepage,Health protection",UK Health Security Agency,UK Health Security Agency,2024 Starmer Labour government,,,
https://www.gov.uk/guidance/report-a-notifiable-disease,Report a notifiable disease,detailed_guide,cd615e60-845c-4541-8d91-096780970646,en,whitehall,2024-09-11T23:00:00.000Z,2025-12-22T11:47:09.000Z,,,1325,"Health and social care,Public health,Health surveillance and reporting programmes,Health protection,GOV.UK homepage,Infectious diseases",UK Health Security Agency,UK Health Security Agency,2024 Starmer Labour government,,,
https://www.gov.uk/industrial-injuries-disablement-benefit,Industrial Injuries Disablement Benefit,guide,1a886b5b-2576-465b-81fa-8061395fbf0c,en,publisher,2012-01-19T16:04:05.000Z,2014-12-12T15:10:29.000Z,,,1185,"Health and social care,Disabled people,Carers and disability benefits,Jobseeker's Allowance and low income benefits,Welfare,GOV.UK homepage,Benefits and financial help",Government Digital Service,Department for Work and Pensions,,,,
https://www.gov.uk/guidance/vat-payments-on-account,VAT payments on account,detailed_guide,6e477160-6f93-4444-8d56-61e7dc5ff8fe,en,whitehall,2017-12-07T00:00:00.000Z,2025-05-22T11:40:55.000Z,,,1082,"Business tax,COVID-19,Support for businesses and self-employed people during COVID-19,VAT,Paying HMRC,GOV.UK homepage,Health and social care,Money,Dealing with HMRC,Paying",HM Revenue & Customs,HM Revenue & Customs,2016 to 2019 May Conservative government,,,
https://www.gov.uk/discrimination-your-rights,Discrimination: your rights,guide,f27d102f-dc6c-4044-a403-98b0fd7bc290,en,publisher,2011-12-07T09:18:31.000Z,2015-03-04T11:17:05.000Z,,,1067,"Your rights at work and trade unions,Work,Health and social care,GOV.UK homepage,Working, jobs and pensions,Crime, justice and law,Your rights and the law,Disabled people,Work and disabled people,Disability rights",Government Digital Service,"Equality and Human Rights Commission,Government Equalities Office,Ministry of Justice",,,,
https://www.gov.uk/guidance/universal-credit-and-families-with-more-than-2-children-information-for-claimants,Universal Credit: support for a maximum of 2 children: information for claimants,detailed_guide,ecf4c23d-3079-40fc-bd7d-e9cfe41e40ad,en,whitehall,2017-04-05T23:00:00.000Z,2025-12-12T11:52:15.000Z,,,900,"Welfare,Health and social care,Parenting, childcare and children's services ,Financial help if you have children,GOV.UK homepage,Universal Credit,Benefits for families",Department for Work and Pensions,Department for Work and Pensions,2016 to 2019 May Conservative government,,,
https://www.gov.uk/guidance/regulating-medical-devices-in-the-uk,Regulating medical devices in the UK,detailed_guide,62d97390-6b7c-4a66-a1c2-cc931f7a619d,en,whitehall,2020-12-31T00:00:00.000Z,2025-02-17T14:21:06.000Z,,,802,"Medical devices regulation and safety,Government,Medicines, medical devices,GOV.UK homepage,Brexit,Health and social care",Medicines and Healthcare products Regulatory Agency,Medicines and Healthcare products Regulatory Agency,2019 to 2022 Johnson Conservative government,,,
https://www.gov.uk/report-covid19-result,Report a free NHS COVID-19 rapid lateral flow test result,answer,0d98c535-560f-4caa-88c9-9ce2893c0a9b,en,publisher,2020-12-11T10:10:31.163Z,2021-01-27T12:32:56.763Z,,,773,"Testing for COVID-19,GOV.UK homepage,Health and social care,COVID-19",Government Digital Service,Department of Health and Social Care,,,,
https://www.gov.uk/guidance/register-medical-devices-to-place-on-the-market,Register medical devices to place on the market,detailed_guide,ea6c6982-1e05-403c-94c9-1d3156d8c400,en,whitehall,2020-12-31T00:00:00.000Z,2026-01-16T16:41:32.000Z,,,770,"Health and social care,GOV.UK homepage,Medical devices regulation and safety,Medicines, medical devices",Medicines and Healthcare products Regulatory Agency,Medicines and Healthcare products Regulatory Agency,2019 to 2022 Johnson Conservative government,,,
https://www.gov.uk/volunteering,"Volunteer opportunities, rights and expenses",guide,9300b5bb-25f6-43c7-8fdc-82c4c4f5cf64,en,publisher,2011-11-02T13:32:38.000Z,2015-05-27T12:50:11.000Z,,,743,"Health and social care,Volunteering and offering help during COVID-19,Work,Finding a job,GOV.UK homepage,Society and culture,Working, jobs and pensions,Charities, volunteering and honours,COVID-19",Government Digital Service,"Department for Culture, Media and Sport,Department for Digital, Culture, Media & Sport",,,,
https://www.gov.uk/order-coronavirus-rapid-lateral-flow-tests,Order COVID-19 rapid lateral flow tests,answer,074d7141-0017-48bf-ac3e-dade5b213fdf,en,publisher,2021-03-01T09:01:03.642Z,2021-03-04T15:32:52.612Z,,,735,"GOV.UK homepage,Testing for COVID-19,COVID-19,Health and social care",Government Digital Service,"Department of Health and Social Care,UK Health Security Agency",,,,
https://www.gov.uk/help-for-disabled-child,Help if you have a disabled child,guide,16c39c48-c2e5-46e8-a71f-7f1c965f9c51,en,publisher,2012-01-26T13:20:51.000Z,2015-03-13T15:03:48.000Z,,,688,"Having a child, parenting and adoption,Welfare,Financial help if you have children,Parenting, childcare and children's services ,Carers and disability benefits,Children's health and welfare,Life circumstances,GOV.UK homepage,Help for children with a long-term illness or disability,Financial help if you have a disabled child,Carers,Disabled people,Health and social care",Government Digital Service,Department for Work and Pensions,,,,
https://www.gov.uk/guidance/find-public-health-resources,Find public health resources,detailed_guide,a50916f0-1d4f-4c38-a4da-cf280d63c9d9,en,whitehall,2025-07-13T23:00:00.000Z,2026-02-11T14:12:25.000Z,,,670,"Public health,Health and social care,GOV.UK homepage",UK Health Security Agency,UK Health Security Agency,2024 Starmer Labour government,,,
https://www.gov.uk/when-mental-health-condition-becomes-disability,When a mental health condition becomes a disability,answer,0878bc82-0447-4e7d-a547-33b74290b05d,en,publisher,2012-01-26T13:28:13.000Z,2017-01-24T14:07:22.935Z,,,596,"Disabled people,Health and social care,GOV.UK homepage,Disability rights",Government Digital Service,"Department for Work and Pensions,Department of Health and Social Care,Government Equalities Office",,,,
https://www.gov.uk/guidance/tuberculosis-by-country-rates-per-100000-people,"Tuberculosis by country: rates per 100,000 people",detailed_guide,de48dc5e-c9f3-424b-acce-3eb29ef39103,en,whitehall,2013-01-01T00:00:00.000Z,2013-01-01T00:00:00.000Z,,,548,"Public health,Health and social care,GOV.UK homepage",UK Health Security Agency,UK Health Security Agency,2010 to 2015 Conservative and Liberal Democrat coalition government,,,
https://www.gov.uk/guidance/clinical-trials-for-medicines-labelling,Clinical trials for medicines: labelling,detailed_guide,44c3c6e2-516f-4398-a256-a6d4725674c5,en,whitehall,2025-06-24T23:00:00.000Z,2026-02-05T11:26:53.000Z,,,518,"GOV.UK homepage,Clinical trials and investigations,Health and social care,Medicines, medical devices",Medicines and Healthcare products Regulatory Agency,Medicines and Healthcare products Regulatory Agency,2024 Starmer Labour government,,,
https://www.gov.uk/guidance/controlled-drugs-personal-licences,Travelling with medicine containing controlled drugs,detailed_guide,ef439bd5-97f8-4989-9ffa-bb41f78d41ca,en,whitehall,2019-08-16T15:57:00.000Z,2023-04-11T11:35:44.000Z,,,512,"Health and social care,Public health,Crime, justice and law,GOV.UK homepage",Home Office,Home Office,2019 to 2022 Johnson Conservative government,,,
https://www.gov.uk/guidance/vat-relief-on-certain-goods-if-you-have-a-disability,Get VAT relief on certain goods if you have a disability,detailed_guide,0777a893-b98e-43ba-9668-d0deadef46a4,en,whitehall,2015-01-06T12:00:00.000Z,2019-01-22T16:55:14.000Z,,,499,"Charging VAT,GOV.UK homepage,Business tax,Health and social care,Disability equipment and transport,Money,Benefits and financial help,Disabled people,VAT",HM Revenue & Customs,HM Revenue & Customs,2010 to 2015 Conservative and Liberal Democrat coalition government,,,
https://www.gov.uk/guidance/contacts-phe-health-protection-teams,Contacts: UKHSA health protection teams,detailed_guide,42f57c6c-dba6-486e-b266-4224fdb858e9,en,whitehall,2015-07-20T23:00:00.000Z,2024-04-16T08:30:01.000Z,,,493,"GOV.UK homepage,Public health,Health and social care,Health protection",UK Health Security Agency,UK Health Security Agency,2015 to 2016 Cameron Conservative government,,,
https://www.gov.uk/vaccine-damage-payment/how-to-claim,Vaccine Damage Payment: How to claim,guide,92cc0b66-233f-426d-a825-ca1e6bcfdd84,en,publisher,2012-01-13T11:07:28.000Z,2015-01-12T15:12:44.000Z,,,486,"Welfare,Benefits and financial help,Carers and disability benefits,GOV.UK homepage,Health and social care,Disabled people",Government Digital Service,"Department of Health and Social Care,NHS Business Services Authority",,,,
https://www.gov.uk/rights-disabled-person,Disability rights,guide,ed9c6ec7-5465-40cf-b2a6-2803f5287d8d,en,publisher,2012-01-13T15:31:27.000Z,2015-03-04T12:49:18.000Z,,,485,"Disabled people,GOV.UK homepage,Crime, justice and law,Your rights and the law,Health and social care,Disability rights",Government Digital Service,Department for Work and Pensions,,,,
https://www.gov.uk/guidance/uk-reciprocal-healthcare-agreements-with-non-eu-countries,UK reciprocal healthcare agreements with non-EU countries,detailed_guide,9ea4a968-0b1d-4f58-98e3-c80abaf7a348,en,whitehall,2021-06-30T23:00:00.000Z,2025-01-15T11:52:11.000Z,,,444,"Travel abroad,Going and being abroad,Health and social care,GOV.UK homepage",Department of Health and Social Care,Department of Health and Social Care,2019 to 2022 Johnson Conservative government,,,
https://www.gov.uk/transport-disabled,Transport support services for disabled people,guide,84f80d04-d644-4cc4-bd8c-88a47699181d,en,publisher,2012-01-13T11:36:55.000Z,2015-06-12T14:34:54.000Z,,,415,"GOV.UK homepage,Health and social care,Disabled people,Transport,Transport accessibility and disability,Disability equipment and transport,Help on public transport",Government Digital Service,"Department for Transport,Department for Work and Pensions,Maritime and Coastguard Agency",,,,
https://www.gov.uk/guidance/clinical-trials-for-medicines-apply-for-authorisation-in-the-uk,Clinical trials for medicines: apply for authorisation in the UK,detailed_guide,5f5ea58c-7631-11e4-a3cb-005056011aef,en,whitehall,2014-12-18T00:00:00.000Z,2026-02-18T16:55:39.000Z,,,406,"GOV.UK homepage,Medicines, medical devices,Health and social care,Clinical trials and investigations,Public health",Medicines and Healthcare products Regulatory Agency,Medicines and Healthcare products Regulatory Agency,2010 to 2015 Conservative and Liberal Democrat coalition government,,,
https://www.gov.uk/incapacity-benefit,Incapacity Benefit,answer,70580216-af71-43e2-b804-44fcddd20751,en,publisher,2012-01-19T14:11:59.000Z,2015-09-07T16:54:26.000Z,,,398,"Welfare,Benefits and financial help,Disabled people,Carers and disability benefits,Health and social care,GOV.UK homepage",Government Digital Service,Department for Work and Pensions,,,,
https://www.gov.uk/guidance/nhs-entitlements-migrant-health-guide,NHS entitlements: migrant health guide,detailed_guide,602374e2-7631-11e4-a3cb-005056011aef,en,whitehall,2014-07-30T23:00:00.000Z,2023-10-02T09:59:49.000Z,,,372,"Entering and staying in the UK,Health and social care,Tuberculosis (TB) testing,GOV.UK homepage,Visas and entry clearance,Public health,Migrant health,Health protection,COVID-19,National Health Service,Government,Brexit",Office for Health Improvement and Disparities,Office for Health Improvement and Disparities,2010 to 2015 Conservative and Liberal Democrat coalition government,,,
https://www.gov.uk/guidance/find-product-information-about-medicines,Find product information about medicines,detailed_guide,8c248f52-087b-47fe-b05f-34fa6ae9a35a,en,whitehall,2019-12-19T00:00:00.000Z,2026-02-02T15:51:56.000Z,,,370,"Health and social care,GOV.UK homepage,Medicines, medical devices,Public health,Pharmacy",Medicines and Healthcare products Regulatory Agency,Medicines and Healthcare products Regulatory Agency,2019 to 2022 Johnson Conservative government,,,
https://www.gov.uk/guidance/childcare-and-childrens-social-care-health-declaration-form,Childcare and children's social care health declaration forms,detailed_guide,3681f045-036b-4b8d-9609-2433159fff97,en,whitehall,2013-03-03T00:00:00.000Z,2024-11-01T09:30:01.000Z,,,361,"Parenting, childcare and children's services ,Safeguarding and social care for children,GOV.UK homepage,Providing childcare,Becoming a children's social care provider,Becoming a childcare provider,Health and social care,Childcare and early years,Children's social care providers,Social care",Ofsted,Ofsted,2010 to 2015 Conservative and Liberal Democrat coalition government,,,
https://www.gov.uk/guidance/clinical-trials-regulations-transitional-arrangements,Clinical trials regulations: transitional arrangements,detailed_guide,fd1f22ff-070a-4046-aaf4-4871f7731940,en,whitehall,2025-06-24T23:00:00.000Z,2026-02-17T13:55:11.000Z,,,337,"Clinical trials and investigations,Health and social care,GOV.UK homepage,Medicines, medical devices",Medicines and Healthcare products Regulatory Agency,Medicines and Healthcare products Regulatory Agency,2024 Starmer Labour government,,,
https://www.gov.uk/guidance/healthcare-in-spain-including-the-balearic-and-canary-islands,Healthcare for UK nationals living in Spain,detailed_guide,7c0d8a75-cfb8-42d9-b386-86e1f73e7934,en,whitehall,2019-09-22T23:00:00.000Z,2022-07-27T10:43:55.000Z,,,325,"Brexit,GOV.UK homepage,Living in Spain,Going and being abroad,UK help and services in Spain,British nationals overseas,Living abroad,Help and services around the world,Health and social care,Government",Department of Health and Social Care,"Department of Health and Social Care,Foreign, Commonwealth & Development Office",2019 to 2022 Johnson Conservative government,,,
https://www.gov.uk/guidance/clinical-trials-for-medicines-modifying-a-clinical-trial-approval,Clinical trials for medicines: modifying a clinical trial approval,detailed_guide,99344bc7-2e77-4641-8439-14c86f1a458a,en,whitehall,2025-06-24T23:00:00.000Z,2026-02-17T11:08:52.000Z,,,307,"Medicines, medical devices,Clinical trials and investigations,Health and social care,GOV.UK homepage",Medicines and Healthcare products Regulatory Agency,Medicines and Healthcare products Regulatory Agency,2024 Starmer Labour government,,,
https://www.gov.uk/guidance/notify-mhra-about-a-clinical-investigation-for-a-medical-device,Clinical investigations for medical devices,detailed_guide,602d974b-7631-11e4-a3cb-005056011aef,en,whitehall,2014-12-18T00:00:00.000Z,2026-01-14T15:00:34.000Z,,,302,"Medicines, medical devices,Health and social care,Medical devices regulation and safety,GOV.UK homepage,Clinical trials and investigations",Medicines and Healthcare products Regulatory Agency,Medicines and Healthcare products Regulatory Agency,2010 to 2015 Conservative and Liberal Democrat coalition government,,,
https://www.gov.uk/guidance/good-manufacturing-practice-and-good-distribution-practice,Medicines: good manufacturing practice and good distribution practice,detailed_guide,5f158c44-7631-11e4-a3cb-005056011aef,en,whitehall,2014-12-18T00:00:00.000Z,2024-05-13T14:41:54.000Z,,,291,"Manufacturing, wholesaling, importing and exporting medicines,National Health Service,Health and social care,Good practice, inspections and enforcement,Medicines, medical devices,Patient safety,Public health,GOV.UK homepage",Medicines and Healthcare products Regulatory Agency,"Medicines and Healthcare products Regulatory Agency,Department of Health and Social Care",2010 to 2015 Conservative and Liberal Democrat coalition government,,,
https://www.gov.uk/guidance/healthcare-for-uk-nationals-visiting-spain,Healthcare for UK nationals visiting Spain,detailed_guide,4911e1dd-360d-456a-b0ff-7b49c74bfff5,en,whitehall,2020-01-31T00:00:00.000Z,2021-09-02T12:52:13.000Z,,,267,"Government,UK help and services in Spain,Travel abroad,Health and social care,Going and being abroad,British nationals overseas,Help and services around the world,Travelling to Spain,GOV.UK homepage,Travelling abroad,Brexit",Department of Health and Social Care,"Department of Health and Social Care,Foreign, Commonwealth & Development Office",2019 to 2022 Johnson Conservative government,,,
https://www.gov.uk/guidance/vat-relief-on-certain-building-work-if-you-have-a-disability,VAT relief on certain building work if you have a disability,detailed_guide,0a6be4d3-d35a-49c4-b433-5d788aa5869b,en,whitehall,2015-01-06T00:00:00.000Z,2015-01-06T00:00:00.000Z,,,266,"Paying,Benefits and financial help,Money,Business tax,Disability equipment and transport,Health and social care,VAT,GOV.UK homepage,Disabled people,Charging VAT",HM Revenue & Customs,HM Revenue & Customs,2010 to 2015 Conservative and Liberal Democrat coalition government,,,
https://www.gov.uk/guidance/report-a-bus-or-coach-service-or-driver,Report a bus or coach service or driver,detailed_guide,2703d4ee-a97d-4337-ab53-a6127ecbc15c,en,whitehall,2024-05-23T23:00:00.000Z,2025-10-13T09:07:36.000Z,,,261,"Bus accessibility,Help on public transport,Transport,Health and social care,Buses,Mobility scooters and wheelchairs,Disability equipment and transport,Disabled people,Bus services, routes and timetables,Local transport,Bus passenger experience,Transport accessibility and disability,GOV.UK homepage",Driver and Vehicle Standards Agency,Driver and Vehicle Standards Agency,2022 to 2024 Sunak Conservative government,,,
https://www.gov.uk/guidance/medicines-apply-for-a-variation-to-your-marketing-authorisation,Medicines: apply for a variation to your marketing authorisation,detailed_guide,6027a523-7631-11e4-a3cb-005056011aef,en,whitehall,2014-12-18T00:00:00.000Z,2026-01-26T16:49:20.000Z,,,260,"Marketing authorisations, variations and licensing guidance,Medicines, medical devices,Patient safety,Health and social care,National Health Service,GOV.UK homepage,Public health",Medicines and Healthcare products Regulatory Agency,Medicines and Healthcare products Regulatory Agency,2010 to 2015 Conservative and Liberal Democrat coalition government,,,
https://www.gov.uk/guidance/healthcare-for-eu-and-efta-nationals-living-in-the-uk,Healthcare for EU citizens living in or moving to the UK,detailed_guide,e256dca9-577f-4bb6-9bf9-ec7a7e5aed91,en,whitehall,2019-03-19T00:00:00.000Z,2024-02-22T11:21:24.000Z,,,259,"Brexit,National Health Service,Entering and staying in the UK,Health and social care,Government,GOV.UK homepage",Department of Health and Social Care,Department of Health and Social Care,2016 to 2019 May Conservative government,,,
https://www.gov.uk/guidance/bed-rails-management-and-safe-use,Bed rails: management and safe use,detailed_guide,a5711d89-3577-4ac8-95fd-b3a0ec83c50b,en,whitehall,2020-03-05T00:00:00.000Z,2023-08-30T13:30:12.000Z,,,250,"GOV.UK homepage,Health and social care,Patient safety,Public health,National Health Service",Medicines and Healthcare products Regulatory Agency,Medicines and Healthcare products Regulatory Agency,2019 to 2022 Johnson Conservative government,,,
https://www.gov.uk/guidance/bowel-cancer-screening-programme-overview,Bowel cancer screening: programme overview,detailed_guide,af05b8b8-9172-4dfb-87c1-2d3e3c77ae5b,en,whitehall,2015-01-01T00:00:00.000Z,2025-10-16T14:12:54.000Z,,,246,"NHS bowel cancer screening (BCSP) programme,Health and social care,Population screening programmes,Public health,GOV.UK homepage",NHS England,NHS England,2010 to 2015 Conservative and Liberal Democrat coalition government,,,
https://www.gov.uk/guidance/find-a-telecare-provider,Find a telecare provider,detailed_guide,bd670c81-59f0-4b48-806b-f95b22c0cb45,en,whitehall,2025-05-13T10:20:39.000Z,2025-05-13T10:20:39.000Z,,,244,"Medicines, medical devices,Social care,Welfare,Disabled people,Disability equipment and transport,Carers and disability benefits,Regional and local government,Benefits and financial help,Medical devices regulation and safety,Technology in health and social care,Health and social care,GOV.UK homepage,Local councils and services",Department of Health and Social Care,Department of Health and Social Care,2024 Starmer Labour government,,,
https://www.gov.uk/guidance/chikungunya,Chikungunya,detailed_guide,f5909f7c-f116-4bdb-a50c-4d4e0c28fcf0,en,whitehall,2014-04-24T23:00:00.000Z,2025-10-17T09:39:13.000Z,,,242,"GOV.UK homepage,Infectious diseases,Health and social care,Public health,Health protection",UK Health Security Agency,UK Health Security Agency,2010 to 2015 Conservative and Liberal Democrat coalition government,,,
https://www.gov.uk/guidance/medical-devices-eu-regulations-for-mdr-and-ivdr,Regulation of medical devices in Northern Ireland,detailed_guide,ae93bdca-eeab-4246-9cb8-4ff717e62516,en,whitehall,2017-08-28T23:00:00.000Z,2026-02-12T11:04:25.000Z,,,233,"Health and social care,GOV.UK homepage,Medicines, medical devices,Medical devices regulation and safety,Public health",Medicines and Healthcare products Regulatory Agency,Medicines and Healthcare products Regulatory Agency,2016 to 2019 May Conservative government,,,
https://www.gov.uk/guidance/supplying-take-home-naloxone-without-a-prescription,Supplying take home naloxone without a prescription,detailed_guide,2a7d01bb-449f-479b-a1e8-459e981e606b,en,whitehall,2025-04-22T23:00:00.000Z,2025-09-12T08:38:09.000Z,,,232,"Prisons healthcare,Drug misuse and dependency,Crime, justice and law,Patient safety,Prisons and probation,Health improvement,GOV.UK homepage,Health and social care,National Health Service,Public health,Medicines, medical devices",Department of Health and Social Care,Department of Health and Social Care,2024 Starmer Labour government,,,
https://www.gov.uk/guidance/living-in-cyprus,Living in Cyprus,detailed_guide,5d8c3ddf-7631-11e4-a3cb-005056011aef,en,whitehall,2013-03-22T00:00:00.000Z,2026-02-05T10:42:13.000Z,,,229,"Living in Cyprus,Going and being abroad,British nationals overseas,Personal tax,GOV.UK homepage,Driving and road transport,Help and services around the world,Driving licences,Passports,Money,Transport,Travel abroad,Living abroad,UK help and services in Cyprus,Health and social care,National Health Service,Leaving the UK,Driving abroad","Foreign, Commonwealth & Development Office","Foreign, Commonwealth & Development Office",2010 to 2015 Conservative and Liberal Democrat coalition government,,,
https://www.gov.uk/guidance/the-yellow-card-scheme-guidance-for-healthcare-professionals,"The Yellow Card scheme: guidance for healthcare professionals, patients and the public",detailed_guide,5f18c10a-7631-11e4-a3cb-005056011aef,en,whitehall,2015-01-23T00:00:00.000Z,2025-07-24T11:47:01.000Z,,,226,"Patient safety,Vigilance, safety alerts and guidance,Health and social care,Public health,Medicines, medical devices,GOV.UK homepage,National Health Service",Medicines and Healthcare products Regulatory Agency,Medicines and Healthcare products Regulatory Agency,2010 to 2015 Conservative and Liberal Democrat coalition government,,,
https://www.gov.uk/guidance/clinical-trials-for-medicines-manage-your-authorisation-report-safety-issues,"Clinical trials for medicines: manage your authorisation, report safety issues",detailed_guide,5f5ea66c-7631-11e4-a3cb-005056011aef,en,whitehall,2014-12-18T00:00:00.000Z,2025-06-09T14:13:47.000Z,,,224,"Medicines, medical devices,GOV.UK homepage,Health and social care,Clinical trials and investigations",Medicines and Healthcare products Regulatory Agency,Medicines and Healthcare products Regulatory Agency,2010 to 2015 Conservative and Liberal Democrat coalition government,,,
https://www.gov.uk/guidance/people-with-symptoms-of-a-respiratory-infection-including-covid-19,People with symptoms of a respiratory infection including COVID-19,detailed_guide,c35844e1-7fce-4c83-a443-1f195aaf938e,en,whitehall,2022-04-01T07:27:00.000Z,2022-06-10T13:14:30.000Z,,,219,"Health and wellbeing during COVID-19,GOV.UK homepage,COVID-19,Health and social care",UK Health Security Agency,UK Health Security Agency,2019 to 2022 Johnson Conservative government,,,
https://www.gov.uk/severe-disablement-allowance,Severe Disablement Allowance,answer,5b569e68-266f-42cd-969e-1ca5e684614e,en,publisher,2012-01-19T12:08:23.000Z,2017-02-17T17:44:09.819Z,,,219,"Benefits and financial help,Carers and disability benefits,Disabled people,Welfare,Health and social care,GOV.UK homepage",Government Digital Service,Department for Work and Pensions,,,,
https://www.gov.uk/guidance/cervical-screening-programme-overview,Cervical screening: programme overview,detailed_guide,e0a9bfed-c32e-43c0-aff4-2087a5e221f5,en,whitehall,2015-03-31T23:00:00.000Z,2025-07-01T15:46:29.000Z,,,209,"Population screening programmes,Public health,GOV.UK homepage,NHS cervical screening (CSP) programme ,Health and social care",NHS England,NHS England,2010 to 2015 Conservative and Liberal Democrat coalition government,,,
https://www.gov.uk/guidance/valproate-reproductive-risks,Valproate – reproductive risks,detailed_guide,169711e9-98d8-4d31-91c5-cf3158805570,en,whitehall,2025-06-09T23:00:00.000Z,2025-09-23T10:24:50.000Z,,,207,"GOV.UK homepage,Health and social care,Medicines, medical devices",Medicines and Healthcare products Regulatory Agency,Medicines and Healthcare products Regulatory Agency,2024 Starmer Labour government,,,
https://www.gov.uk/guidance/clinical-trials-for-medicines-collection-verification-reporting-of-safety-events,"Clinical trials for medicines: collection, verification and reporting of safety events",detailed_guide,cea20c26-aa22-4cff-8704-45418e62f70f,en,whitehall,2025-06-24T23:00:00.000Z,2026-01-12T09:00:01.000Z,,,206,"Medicines, medical devices,Clinical trials and investigations,GOV.UK homepage,Health and social care",Medicines and Healthcare products Regulatory Agency,Medicines and Healthcare products Regulatory Agency,2024 Starmer Labour government,,,
https://www.gov.uk/guidance/register-to-make-submissions-to-the-mhra,Register to make submissions to the MHRA,detailed_guide,42fa7961-4bd2-4de1-986d-9bbf471fd1df,en,whitehall,2020-12-31T00:00:00.000Z,2021-05-04T10:47:45.000Z,,,197,"Brexit,Government,Medicines, medical devices,Health and social care,GOV.UK homepage",Medicines and Healthcare products Regulatory Agency,Medicines and Healthcare products Regulatory Agency,2019 to 2022 Johnson Conservative government,,,
https://www.gov.uk/guidance/clinical-trials-for-medicines-apply-for-approval-in-the-uk,Clinical trials for medicines: apply for approval in the UK,detailed_guide,821aade2-4a12-4ac4-b121-05d030b4833b,en,whitehall,2025-06-24T23:00:00.000Z,2026-01-12T09:00:00.000Z,,,195,"Clinical trials and investigations,GOV.UK homepage,Health and social care,Medicines, medical devices",Medicines and Healthcare products Regulatory Agency,Medicines and Healthcare products Regulatory Agency,2024 Starmer Labour government,,,
https://www.gov.uk/guidance/good-pharmacovigilance-practice-gpvp,Good pharmacovigilance practice (GPvP),detailed_guide,5ef476d3-7631-11e4-a3cb-005056011aef,en,whitehall,2014-12-18T17:20:00.000Z,2026-02-09T17:06:48.000Z,,,191,"Vigilance, safety alerts and guidance,Medicines, medical devices,Health and social care,Good practice, inspections and enforcement,GOV.UK homepage",Medicines and Healthcare products Regulatory Agency,Medicines and Healthcare products Regulatory Agency,2010 to 2015 Conservative and Liberal Democrat coalition government,,,
https://www.gov.uk/guidance/controlled-drugs-domestic-licences,Controlled drugs: domestic licences,detailed_guide,b3cefc2c-5da2-4ff3-a5ed-a751f841686d,en,whitehall,2019-08-15T23:00:00.000Z,2025-07-11T15:26:00.000Z,,,190,"Business and industry,Running a business,Health and social care,Public health,GOV.UK homepage,Business licensing ",Home Office,Home Office,2019 to 2022 Johnson Conservative government,,,
https://www.gov.uk/guidance/apply-for-manufacturer-or-wholesaler-of-medicines-licences,Apply for manufacturer or wholesaler of medicines licences,detailed_guide,5f44acce-7631-11e4-a3cb-005056011aef,en,whitehall,2014-12-18T00:00:00.000Z,2025-09-12T12:03:53.000Z,,,185,"Public health,Health and social care,GOV.UK homepage,National Health Service,Patient safety,Medicines, medical devices,Manufacturing, wholesaling, importing and exporting medicines",Medicines and Healthcare products Regulatory Agency,Medicines and Healthcare products Regulatory Agency,2010 to 2015 Conservative and Liberal Democrat coalition government,,,
https://www.gov.uk/guidance/high-consequence-infectious-diseases-hcid,High consequence infectious diseases (HCID),detailed_guide,dc3ea97c-48c9-4ab8-8caf-9d2f0e8b454f,en,whitehall,2018-10-21T23:00:00.000Z,2026-01-15T16:01:39.000Z,,,183,"Health protection,Public health,Health and social care,Infectious diseases,GOV.UK homepage,COVID-19",UK Health Security Agency,UK Health Security Agency,2016 to 2019 May Conservative government,,,
https://www.gov.uk/guidance/healthcare-for-eu-and-efta-citizens-visiting-the-uk,Healthcare for visitors to the UK from the EU,detailed_guide,d66bc465-2524-4991-8f53-afc20debbeb8,en,whitehall,2019-03-19T00:00:00.000Z,2025-07-24T12:05:54.000Z,,,181,"Brexit,GOV.UK homepage,Health and social care,Government",Department of Health and Social Care,Department of Health and Social Care,2016 to 2019 May Conservative government,,,
https://www.gov.uk/guidance/opioid-medicines-and-the-risk-of-addiction,Opioid medicines and the risk of addiction,detailed_guide,84ecc119-9a40-4cdf-88eb-335389275a14,en,whitehall,2020-09-22T23:00:00.000Z,2021-08-03T13:25:16.000Z,,,176,"Vigilance, safety alerts and guidance,Medicines, medical devices,Health and social care,GOV.UK homepage",Medicines and Healthcare products Regulatory Agency,Medicines and Healthcare products Regulatory Agency,2019 to 2022 Johnson Conservative government,,,
https://www.gov.uk/guidance/high-consequence-infectious-disease-country-specific-risk,High consequence infectious disease: country specific risk,detailed_guide,d03673e9-3708-4adf-9f44-422a539b98ba,en,whitehall,2019-01-30T00:00:00.000Z,2026-02-18T12:00:00.000Z,,,175,"Health protection,Public health,Health and social care,Infectious diseases,GOV.UK homepage",UK Health Security Agency,UK Health Security Agency,2016 to 2019 May Conservative government,,,
https://www.gov.uk/reduced-earnings-allowance,Reduced Earnings Allowance,guide,0160d483-38bf-42ea-a00d-e24aeb8bea0f,en,publisher,2012-01-06T14:02:05.000Z,2016-09-08T13:18:20.166Z,,,170,"Welfare,Carers and disability benefits,Disabled people,Benefits and financial help,Health and social care,GOV.UK homepage,Jobseeker's Allowance and low income benefits",Government Digital Service,Department for Work and Pensions,,,,
https://www.gov.uk/guidance/coronavirus-covid-19-eu-settlement-scheme-guidance-for-applicants,Coronavirus (COVID-19): EU Settlement Scheme - guidance for applicants,detailed_guide,34e3b562-b268-48e5-a824-29dcb2d3035e,en,whitehall,2020-12-15T00:00:00.000Z,2024-08-02T09:44:33.000Z,,,169,"Health and social care,COVID-19,International travel, immigration and repatriation during COVID-19,GOV.UK homepage,Rights of EU and EEA citizens,Rights of foreign nationals in the UK,Entering and staying in the UK",Home Office,"Home Office,UK Visas and Immigration",2019 to 2022 Johnson Conservative government,,,
https://www.gov.uk/guidance/999-and-112-the-uks-national-emergency-numbers,999 and 112: the UK's national emergency numbers,detailed_guide,f4f6eb00-4e5c-4098-ae46-27a8ba031d07,en,whitehall,2021-08-11T23:00:00.000Z,2025-04-01T10:32:44.000Z,,,169,"Fire prevention and rescue,Emergency preparation, response and recovery,GOV.UK homepage,Government,Health and social care","Department for Science, Innovation and Technology","Department for Science, Innovation and Technology,Department of Health and Social Care,Home Office",2019 to 2022 Johnson Conservative government,,,
https://www.gov.uk/guidance/living-safely-with-respiratory-infections-including-covid-19,"Living safely with respiratory infections, including COVID-19",detailed_guide,71d116a9-5080-4ebe-a206-7474db49129a,en,whitehall,2022-04-01T07:28:00.000Z,2022-06-16T14:57:53.000Z,,,169,"GOV.UK homepage,Public health,COVID-19,Health and social care",UK Health Security Agency,UK Health Security Agency,2019 to 2022 Johnson Conservative government,,,
https://www.gov.uk/guidance/contact-mhra,Contact the MHRA,detailed_guide,dfe90c09-d09d-4f52-8606-108140980ed7,en,whitehall,2014-05-27T23:00:00.000Z,2024-04-26T16:29:16.000Z,,,166,"Public health,Medicines, medical devices,GOV.UK homepage,Health and social care",Medicines and Healthcare products Regulatory Agency,Medicines and Healthcare products Regulatory Agency,2010 to 2015 Conservative and Liberal Democrat coalition government,,,
https://www.gov.uk/guidance/in-hospital-abroad,"Medical emergencies, treatment and hospitalisation abroad",detailed_guide,ac46e589-79e0-41b2-9d8b-32d207a3d6dd,en,whitehall,2022-08-30T23:00:00.000Z,2024-06-07T14:43:01.000Z,,,155,"Health and social care,GOV.UK homepage,Going and being abroad,British nationals overseas,Travel abroad","Foreign, Commonwealth & Development Office","Foreign, Commonwealth & Development Office",2019 to 2022 Johnson Conservative government,,,
https://www.gov.uk/guidance/good-clinical-practice-for-clinical-trials,Good clinical practice for clinical trials,detailed_guide,5ef62946-7631-11e4-a3cb-005056011aef,en,whitehall,2014-12-18T00:00:00.000Z,2025-12-12T11:44:31.000Z,,,153,"Good practice, inspections and enforcement,GOV.UK homepage,National Health Service,Patient safety,Health and social care,Public health,Medicines, medical devices",Medicines and Healthcare products Regulatory Agency,Medicines and Healthcare products Regulatory Agency,2010 to 2015 Conservative and Liberal Democrat coalition government,,,
https://www.gov.uk/guidance/language-interpretation-migrant-health-guide,Language interpreting and translation: migrant health guide,detailed_guide,60541e26-7631-11e4-a3cb-005056011aef,en,whitehall,2017-06-22T23:00:00.000Z,2021-03-22T15:24:58.000Z,,,152,"Health and social care,GOV.UK homepage,Migrant health,Health protection,Public health",Office for Health Improvement and Disparities,Office for Health Improvement and Disparities,2016 to 2019 May Conservative government,,,
https://www.gov.uk/guidance/medicines-packaging-labelling-and-patient-information-leaflets,"Medicines: packaging, labelling and patient information leaflets",detailed_guide,5efc392f-7631-11e4-a3cb-005056011aef,en,whitehall,2014-12-18T00:00:00.000Z,2024-03-07T10:15:23.000Z,,,152,"Health and social care,Medicines, medical devices,GOV.UK homepage,Public health,Marketing authorisations, variations and licensing guidance,Vigilance, safety alerts and guidance",Medicines and Healthcare products Regulatory Agency,Medicines and Healthcare products Regulatory Agency,2010 to 2015 Conservative and Liberal Democrat coalition government,,,
https://www.gov.uk/guidance/cryptosporidium-public-advice,Cryptosporidium: public advice,detailed_guide,804dc124-6428-4b16-81c3-5276abb50c20,en,whitehall,2023-11-01T09:30:00.000Z,2023-11-01T09:30:00.000Z,,,148,"Health protection,Health and social care,GOV.UK homepage,Public health,Infectious diseases",UK Health Security Agency,UK Health Security Agency,2022 to 2024 Sunak Conservative government,,,
https://www.gov.uk/guidance/healthcare-in-france-including-martinique-and-guadaloupe,Healthcare for UK nationals living in France,detailed_guide,83dce57b-929e-41c3-9d69-f3ca00074f4a,en,whitehall,2019-09-22T23:00:00.000Z,2022-07-25T15:56:45.000Z,,,139,"GOV.UK homepage,Living in France,Going and being abroad,British nationals overseas,Health and social care,Brexit,UK help and services in France,Government,Living abroad,Help and services around the world",Department of Health and Social Care,"Department of Health and Social Care,Foreign, Commonwealth & Development Office",2019 to 2022 Johnson Conservative government,,,
https://www.gov.uk/guidance/mental-health-and-wellbeing-abroad,Mental health abroad,detailed_guide,7897d1ae-bc0e-48b9-86fa-9526cbec494f,en,whitehall,2022-08-30T23:00:00.000Z,2023-07-11T10:08:01.000Z,,,136,"Travel abroad,GOV.UK homepage,Going and being abroad,British nationals overseas,Living abroad,Health and social care","Foreign, Commonwealth & Development Office","Foreign, Commonwealth & Development Office",2019 to 2022 Johnson Conservative government,,,
https://www.gov.uk/guidance/specialist-and-reference-microbiology-laboratory-tests-and-services,Specialist and reference microbiology: laboratory tests and services,detailed_guide,5ff03015-7631-11e4-a3cb-005056011aef,en,whitehall,2014-07-17T23:00:00.000Z,2026-02-03T12:33:55.000Z,,,132,"Laboratories and reference facilities,GOV.UK homepage,Health and social care,Health protection,Public health",UK Health Security Agency,UK Health Security Agency,2010 to 2015 Conservative and Liberal Democrat coalition government,,,
https://www.gov.uk/guidance/diabetes-mellitus-assessing-fitness-to-drive,Diabetes mellitus: assessing fitness to drive,detailed_guide,1dde21ad-ba1e-40d5-86fc-091ed495b1a1,en,whitehall,2016-03-11T00:00:00.000Z,2025-11-07T00:01:08.000Z,,,127,"Health conditions,Transport,Diabetes,GOV.UK homepage,Road safety, driving rules and penalties,Public health,Driving and road transport,Driving and medical conditions,Health and social care",Driver and Vehicle Licensing Agency,Driver and Vehicle Licensing Agency,2015 to 2016 Cameron Conservative government,,,
https://www.gov.uk/guidance/apply-for-a-discretionary-grant-where-the-dissolved-company-can-be-restored-cb2,Apply for a Discretionary Grant (DG2),detailed_guide,5ec03b44-7631-11e4-a3cb-005056011aef,en,whitehall,2013-12-06T00:00:00.000Z,2024-03-22T10:54:09.000Z,,,124,"COVID-19,GOV.UK homepage,Housing and accommodation during COVID-19,Business and industry,Running a business,Health and social care,Business auditing, accounting and reporting",Bona Vacantia,"Bona Vacantia,Government Legal Department",2010 to 2015 Conservative and Liberal Democrat coalition government,,,
https://www.gov.uk/guidance/medicines-reclassify-your-product,Medicines: reclassify your product,detailed_guide,5efbcb1b-7631-11e4-a3cb-005056011aef,en,whitehall,2014-12-18T00:00:00.000Z,2025-11-05T09:28:54.000Z,,,123,"Marketing authorisations, variations and licensing guidance,Medicines, medical devices,GOV.UK homepage,Manufacturing, wholesaling, importing and exporting medicines,Patient safety,Running a business,Business and industry,Public health,Health and social care,National Health Service,Business licensing ",Medicines and Healthcare products Regulatory Agency,Medicines and Healthcare products Regulatory Agency,2010 to 2015 Conservative and Liberal Democrat coalition government,,,
https://www.gov.uk/guidance/pregnancy-advice-on-contact-with-animals-that-are-giving-birth,Pregnancy: advice on contact with animals that are giving birth,detailed_guide,17024973-53fb-4f65-b486-25336ee4b6c9,en,whitehall,2017-01-18T11:31:00.000Z,2017-01-18T11:31:00.000Z,,,121,"Health and social care,GOV.UK homepage,Public health",Public Health England,"Public Health England,Department of Health and Social Care,Department for Environment, Food & Rural Affairs,Health and Safety Executive",2016 to 2019 May Conservative government,,,
https://www.gov.uk/guidance/food-standards-labelling-durability-and-composition,Food standards: labelling and composition,detailed_guide,5dc75a98-7631-11e4-a3cb-005056011aef,en,whitehall,2013-04-09T11:18:00.000Z,2022-09-20T12:13:15.000Z,,,119,"Consumer rights and issues,Business and industry,Food labelling and safety,Business regulation,Government,Producing and distributing food,Public health,Environment,Health and social care,Food and farming,GOV.UK homepage,Brexit","Department for Environment, Food & Rural Affairs","Department for Environment, Food & Rural Affairs",2010 to 2015 Conservative and Liberal Democrat coalition government,,,
https://www.gov.uk/guidance/nipah-virus-epidemiology-outbreaks-and-guidance,"Nipah virus: epidemiology, outbreaks and guidance",detailed_guide,17e0c0c1-2f18-4951-953d-69c37e44da94,en,whitehall,2018-05-29T23:00:00.000Z,2026-01-28T10:24:15.000Z,,,119,"Public health,Health protection,GOV.UK homepage,Infectious diseases,Health and social care",UK Health Security Agency,UK Health Security Agency,2016 to 2019 May Conservative government,,,
https://www.gov.uk/guidance/medical-devices-conformity-assessment-and-the-ukca-mark,Medical devices: conformity assessment and the UKCA mark,detailed_guide,74bd8c63-fb8a-4eae-a1f1-a8fad6d597c2,en,whitehall,2020-12-31T00:00:00.000Z,2026-01-15T16:20:14.000Z,,,118,"Health and social care,Medicines, medical devices,GOV.UK homepage,Medical devices regulation and safety",Medicines and Healthcare products Regulatory Agency,Medicines and Healthcare products Regulatory Agency,2019 to 2022 Johnson Conservative government,,,
https://www.gov.uk/guidance/breast-screening-programme-overview,Breast screening: programme overview,detailed_guide,cf2599e4-290f-47d1-9905-10a1e7c46eb2,en,whitehall,2015-05-31T23:00:00.000Z,2025-11-07T15:34:42.000Z,,,116,"Health and social care,GOV.UK homepage,NHS breast screening (BSP) programme ,Public health,Population screening programmes",NHS England,NHS England,2015 to 2016 Cameron Conservative government,,,
https://www.gov.uk/guidance/chickenpox-as-a-notifiable-disease-information-for-health-professionals,Chickenpox as a notifiable disease: information for health professionals,detailed_guide,efaf301c-e9c5-42b0-aad0-baa11eb78609,en,whitehall,2025-04-15T08:30:01.000Z,2025-04-15T08:30:01.000Z,,,112,"Public health,Health and social care,GOV.UK homepage,Infectious diseases,Health protection",UK Health Security Agency,UK Health Security Agency,2024 Starmer Labour government,,,
https://www.gov.uk/guidance/clinical-trials-non-investigational-medicinal-products,Clinical trials: non-investigational medicinal products,detailed_guide,3db97edf-f097-43f0-953c-ead7fa19e727,en,whitehall,2025-06-24T23:00:00.000Z,2025-10-01T12:51:01.000Z,,,112,"Health and social care,Medicines, medical devices,GOV.UK homepage,Clinical trials and investigations",Medicines and Healthcare products Regulatory Agency,Medicines and Healthcare products Regulatory Agency,2024 Starmer Labour government,,,
https://www.gov.uk/guidance/medicines-get-scientific-advice-from-mhra,Medicines: get scientific advice from MHRA,detailed_guide,2e97f03d-e0e5-4757-923d-15d8f854d55e,en,whitehall,2014-12-29T00:00:00.000Z,2026-01-16T11:01:40.000Z,,,112,"Public health,National Health Service,Medicines, medical devices,GOV.UK homepage,Marketing authorisations, variations and licensing guidance,Patient safety,Health and social care",Medicines and Healthcare products Regulatory Agency,Medicines and Healthcare products Regulatory Agency,2010 to 2015 Conservative and Liberal Democrat coalition government,,,
https://www.gov.uk/guidance/prescriptions-issued-in-the-eea-and-switzerland-guidance-for-pharmacists,Prescriptions issued in the EEA and Switzerland: guidance for pharmacists,detailed_guide,6bfd7fd3-cc22-47f4-a1d6-c2816b36ced9,en,whitehall,2019-03-28T15:19:00.000Z,2021-02-03T16:51:01.000Z,,,108,"Health and social care,Medicines, medical devices,Brexit,GOV.UK homepage,National Health Service,Government",Department of Health and Social Care,Department of Health and Social Care,2016 to 2019 May Conservative government,,,
https://www.gov.uk/guidance/population-screening-explained,Population screening explained,detailed_guide,6af19ca2-ebf6-494a-b2e8-dc8351458ac7,en,whitehall,2023-01-20T00:00:00.000Z,2026-01-21T17:04:33.000Z,,,107,"Public health,GOV.UK homepage,Population screening programmes,Health and social care",UK National Screening Committee,UK National Screening Committee,2022 to 2024 Sunak Conservative government,,,
https://www.gov.uk/guidance/ordering-and-retaining-medical-certificates-of-cause-of-death-mccds,Ordering and retaining medical certificates of cause of death (MCCDs),detailed_guide,92e480c8-e389-448e-970c-fb7f429847bf,en,whitehall,2024-12-13T00:00:00.000Z,2026-02-18T09:40:21.000Z,,,107,"Public health,Patient safety,Death and bereavement,National Health Service,Life circumstances,Health and social care,GOV.UK homepage",Department of Health and Social Care,Department of Health and Social Care,2024 Starmer Labour government,,,
https://www.gov.uk/guidance/registering-childrens-homes-in-an-emergency,Registering children’s homes in an emergency: priority applications,detailed_guide,fbf76e84-0499-4162-9b4b-9292fa7fb641,en,whitehall,2020-05-10T23:00:00.000Z,2025-09-18T08:30:00.000Z,,,105,"Parenting, childcare and children's services ,Safeguarding and social care for children,COVID-19,Health and social care,Children's social care providers,Becoming a children's social care provider,GOV.UK homepage,Social care,Healthcare workers, carers and care settings during COVID-19",Ofsted,Ofsted,2019 to 2022 Johnson Conservative government,,,
https://www.gov.uk/guidance/apply-for-a-licence-to-market-a-medicine-in-the-uk,Apply for a licence to market a medicine in the UK,detailed_guide,5efb076e-7631-11e4-a3cb-005056011aef,en,whitehall,2014-12-18T00:00:00.000Z,2025-10-23T09:53:13.000Z,,,103,"Medicines, medical devices,GOV.UK homepage,Marketing authorisations, variations and licensing guidance,Health and social care",Medicines and Healthcare products Regulatory Agency,Medicines and Healthcare products Regulatory Agency,2010 to 2015 Conservative and Liberal Democrat coalition government,,,
https://www.gov.uk/guidance/healthcare-for-uk-nationals-visiting-ireland,Healthcare for UK nationals visiting Ireland,detailed_guide,43d68a88-98e0-4dbc-bfd3-512da7d09187,en,whitehall,2020-01-31T17:33:00.000Z,2021-09-02T12:49:44.000Z,,,103,"Brexit,British nationals overseas,Health and social care,Travel abroad,Government,Going and being abroad,GOV.UK homepage",Department of Health and Social Care,"Department of Health and Social Care,Foreign & Commonwealth Office,Foreign, Commonwealth & Development Office",2019 to 2022 Johnson Conservative government,,,
https://www.gov.uk/guidance/emergency-contacts-public-health,Emergency contacts: public health,detailed_guide,5fed565a-7631-11e4-a3cb-005056011aef,en,whitehall,2013-08-08T23:00:00.000Z,2013-08-08T23:00:00.000Z,,,102,"Health emergency planning,Health and social care,Emergency preparation, response and recovery,GOV.UK homepage,Health protection,Government,Public health",UK Health Security Agency,UK Health Security Agency,2010 to 2015 Conservative and Liberal Democrat coalition government,,,
https://www.gov.uk/guidance/infection-prevention-and-control-for-multidrug-resistant-organisms-in-adult-social-care-settings,Infection prevention and control for multidrug-resistant organisms in adult social care settings,detailed_guide,c82f9f89-3c85-40a8-ac05-ab6deae45e89,en,whitehall,2026-01-05T14:30:02.000Z,2026-01-05T14:30:02.000Z,,,100,"GOV.UK homepage,Infectious diseases,Health protection,Public health,Health and social care",UK Health Security Agency,UK Health Security Agency,2024 Starmer Labour government,,,
https://www.gov.uk/guidance/fetal-anomaly-screening-programme-overview,NHS Fetal Anomaly Screening Programme (FASP): programme overview,detailed_guide,294066ba-984b-496e-bd00-6fb3f149d66a,en,whitehall,2013-01-01T00:00:00.000Z,2024-07-08T15:26:42.000Z,,,100,"Population screening programmes,Health and social care,GOV.UK homepage,NHS fetal anomaly screening programme (FASP),Public health",NHS England,NHS England,2010 to 2015 Conservative and Liberal Democrat coalition government,,,
https://www.gov.uk/guidance/department-of-health-and-social-care-general-enquiries,Department of Health and Social Care general enquiries,detailed_guide,0d27232e-4bb0-4253-9765-293b53e57f85,en,whitehall,2024-07-26T12:30:01.000Z,2024-07-26T12:30:01.000Z,,,95,"GOV.UK homepage,Health and social care",Department of Health and Social Care,Department of Health and Social Care,2024 Starmer Labour government,,,
https://www.gov.uk/guidance/notifiable-organisms-and-how-to-report-them,Notifiable organisms and how to report them,detailed_guide,53d0e8b0-7c58-4548-8034-b2c2e062dc0a,en,whitehall,2024-09-11T23:00:00.000Z,2025-08-11T12:50:35.000Z,,,94,"Public health,Health surveillance and reporting programmes,GOV.UK homepage,Infectious diseases,Health protection,Health and social care",UK Health Security Agency,UK Health Security Agency,2024 Starmer Labour government,,,
https://www.gov.uk/guidance/ai-exemplars-programme,AI Exemplars programme,detailed_guide,8aedab24-deae-4f1e-a45c-daff5a206d8d,en,whitehall,2025-08-16T23:00:00.000Z,2026-01-29T11:01:15.000Z,,,91,"Planning and building,Government efficiency, transparency and accountability,Entering and staying in the UK,Courts, sentencing and tribunals,Education, training and skills,Science and innovation,Economic growth,Government missions,National Health Service,Artificial intelligence,Government,Business and industry,Refugees, asylum and human rights,Housing, local and community,Crime, justice and law,GOV.UK homepage,NHS efficiency,Health and social care","Department for Science, Innovation and Technology","Department for Science, Innovation and Technology",2024 Starmer Labour government,,,
https://www.gov.uk/guidance/monkeypox,Mpox: background information,detailed_guide,a0cdf943-83e1-46ea-beb6-5e56559f23b9,en,whitehall,2018-09-07T23:00:00.000Z,2025-05-01T08:30:02.000Z,,,89,"GOV.UK homepage,Health and social care,Health protection,Infectious diseases,Public health",UK Health Security Agency,UK Health Security Agency,2016 to 2019 May Conservative government,,,
https://www.gov.uk/guidance/hantaviruses,Hantaviruses,detailed_guide,6020ed48-7631-11e4-a3cb-005056011aef,en,whitehall,2008-09-10T23:00:00.000Z,2008-09-10T23:00:00.000Z,,,87,"Public health,GOV.UK homepage,Infectious diseases,Health and social care,Health protection",Public Health England,Public Health England,2007 to 2010 Brown Labour government,,,
https://www.gov.uk/access-to-elected-office-fund,Access to Elected Office Fund,guide,e12e3c54-b544-4d94-ba1f-9846144374d2,en,publisher,2012-10-12T18:33:42.000Z,2016-04-20T15:00:15.838Z,,,87,"Democracy,Health and social care,Disabled people,GOV.UK homepage,Government,Benefits and financial help",Government Digital Service,"Ministry of Housing, Communities and Local Government,Department for Work and Pensions,Government Equalities Office",,,,
https://www.gov.uk/guidance/using-the-nhs-when-you-return-to-live-in-the-uk,Using the NHS when you return to live in the UK,detailed_guide,e6cb9b6d-2637-4da0-9c52-f680f605614b,en,whitehall,2019-03-27T00:00:00.000Z,2019-03-27T00:00:00.000Z,,,86,"GOV.UK homepage,Entering and staying in the UK,National Health Service,Health and social care",Department of Health and Social Care,Department of Health and Social Care,2016 to 2019 May Conservative government,,,
https://www.gov.uk/guidance/mhra-portal-register-to-submit-forms,MHRA Portal: register to submit forms,detailed_guide,5ef5a8ee-7631-11e4-a3cb-005056011aef,en,whitehall,2014-12-18T16:48:00.000Z,2019-10-08T15:50:36.000Z,,,86,"Marketing authorisations, variations and licensing guidance,Patient safety,Business and industry,Health and social care,National Health Service,GOV.UK homepage,Public health,Medicines, medical devices",Medicines and Healthcare products Regulatory Agency,Medicines and Healthcare products Regulatory Agency,2010 to 2015 Conservative and Liberal Democrat coalition government,,,
https://www.gov.uk/independent-livingfund,Independent Living Fund,answer,81be0f91-f645-4992-a0d7-b894aa33105e,en,publisher,2012-01-26T14:04:53.000Z,2015-06-30T23:01:01.000Z,,,86,"GOV.UK homepage,Carers and disability benefits,Welfare,Health and social care,Benefits and financial help,Disabled people",Government Digital Service,Department for Work and Pensions,,,,
https://www.gov.uk/guidance/family-nurse-partnership-programme,Family Nurse Partnership programme,detailed_guide,86918726-4045-4ec9-ae51-94114b0b1af8,en,whitehall,2024-07-17T23:00:00.000Z,2025-06-18T12:51:15.000Z,,,85,"Pregnancy and birth,National Health Service,Safeguarding and child protection,Safeguarding and social care for children,Health protection,Health and social care,Children's health and welfare,Health improvement,Parenting, childcare and children's services ,Health surveillance and reporting programmes,Public health,Health workforce,GOV.UK homepage,Children's health",Office for Health Improvement and Disparities,Office for Health Improvement and Disparities,2024 Starmer Labour government,,,
https://www.gov.uk/guidance/apply-for-the-early-access-to-medicines-scheme-eams,Early Access to Medicines Scheme - Information for Applicants,detailed_guide,603146ea-7631-11e4-a3cb-005056011aef,en,whitehall,2014-12-18T00:00:00.000Z,2025-04-01T08:13:24.000Z,,,84,"Health and social care,Marketing authorisations, variations and licensing guidance,Medicines, medical devices,GOV.UK homepage",Medicines and Healthcare products Regulatory Agency,Medicines and Healthcare products Regulatory Agency,2010 to 2015 Conservative and Liberal Democrat coalition government,,,
https://www.gov.uk/guidance/safe-use-of-emollient-skin-creams-to-treat-dry-skin-conditions,Safe use of emollient skin creams to treat dry skin conditions,detailed_guide,d87b1d7d-3a45-4c98-89b5-7ed4a450d385,en,whitehall,2020-07-28T23:15:00.000Z,2021-05-26T15:59:13.000Z,,,82,"Vigilance, safety alerts and guidance,Public health,Medicines, medical devices,Health and social care,GOV.UK homepage",Medicines and Healthcare products Regulatory Agency,Medicines and Healthcare products Regulatory Agency,2019 to 2022 Johnson Conservative government,,,
https://www.gov.uk/guidance/reducing-the-spread-of-respiratory-infections-including-covid-19-in-the-workplace,"Reducing the spread of respiratory infections, including COVID-19, in the workplace",detailed_guide,447b5da2-a2ec-4bcb-9368-e28e73b75799,en,whitehall,2022-04-01T16:27:00.000Z,2022-06-10T15:18:27.000Z,,,82,"Support for businesses and self-employed people during COVID-19,GOV.UK homepage,Health and social care,COVID-19",UK Health Security Agency,UK Health Security Agency,2019 to 2022 Johnson Conservative government,,,
https://www.gov.uk/guidance/national-assessment-procedure-for-medicines,National assessment procedure for medicines,detailed_guide,77de7f04-999a-4f0e-a13b-8e8b94d3835f,en,whitehall,2025-04-02T23:00:00.000Z,2025-10-23T09:53:39.000Z,,,81,"Health and social care,GOV.UK homepage,Medicines, medical devices",Medicines and Healthcare products Regulatory Agency,Medicines and Healthcare products Regulatory Agency,2024 Starmer Labour government,,,
https://www.gov.uk/guidance/topical-corticosteroids-and-withdrawal-reactions,Topical corticosteroids and withdrawal reactions,detailed_guide,7fd95182-be1c-4a92-87d3-e8ba0b8cc320,en,whitehall,2021-09-14T23:00:00.000Z,2024-05-29T13:32:51.000Z,,,81,"Vigilance, safety alerts and guidance,Medicines, medical devices,GOV.UK homepage,Health and social care",Medicines and Healthcare products Regulatory Agency,Medicines and Healthcare products Regulatory Agency,2019 to 2022 Johnson Conservative government,,,
https://www.gov.uk/guidance/immigration-health-surcharge-for-eu-students-in-the-uk,"Immigration health surcharge for students from the EU, Norway, Iceland, Liechtenstein and Switzerland in the UK",detailed_guide,5e3226d8-3329-46f9-b62c-dd4485834fcf,en,whitehall,2021-09-13T23:00:00.000Z,2024-02-22T11:25:16.000Z,,,81,"Student visas,GOV.UK homepage,Health and social care,Entering and staying in the UK,Visas and entry clearance,National Health Service",Department of Health and Social Care,Department of Health and Social Care,2019 to 2022 Johnson Conservative government,,,
https://www.gov.uk/guidance/dental-health-migrant-health-guide,Dental health: migrant health guide,detailed_guide,602382bf-7631-11e4-a3cb-005056011aef,en,whitehall,2014-07-30T23:00:00.000Z,2021-08-17T13:49:54.000Z,,,80,"Health improvement,Oral health,Public health,Health and social care,Health protection,Migrant health,GOV.UK homepage",Office for Health Improvement and Disparities,Office for Health Improvement and Disparities,2010 to 2015 Conservative and Liberal Democrat coalition government,,,
https://www.gov.uk/guidance/procedures-for-uk-paediatric-investigation-plan-pips,Procedures for UK paediatric investigation plan (PIPs),detailed_guide,b8d1a8c0-31e7-441a-8fa8-417dca7ff90b,en,whitehall,2020-12-31T00:00:00.000Z,2024-12-31T16:44:25.000Z,,,80,"GOV.UK homepage,Medicines, medical devices,Health and social care,Marketing authorisations, variations and licensing guidance",Medicines and Healthcare products Regulatory Agency,Medicines and Healthcare products Regulatory Agency,2019 to 2022 Johnson Conservative government,,,
https://www.gov.uk/guidance/how-to-order-population-screening-leaflets,NHS population screening: how to order printed leaflets,detailed_guide,e25dade8-e45b-462b-9c96-f8d34258ce67,en,whitehall,2018-09-06T23:00:00.000Z,2025-07-09T15:05:16.000Z,,,78,"Public health,NHS infectious diseases in pregnancy screening (IDPS) programme,NHS newborn hearing screening programme (NHSP),NHS bowel cancer screening (BCSP) programme,NHS breast screening (BSP) programme ,Health and social care,NHS newborn and infant physical examination (NIPE) screening programme,Population screening programmes,NHS sickle cell and thalassaemia (SCT) screening programme,NHS abdominal aortic aneurysm (AAA) programme,NHS newborn blood spot (NBS) screening programme,NHS diabetic eye screening (DES) programme,NHS fetal anomaly screening programme (FASP),NHS cervical screening (CSP) programme ,GOV.UK homepage",NHS England,NHS England,2016 to 2019 May Conservative government,,,
https://www.gov.uk/guidance/types-of-application-legal-basis,Types of application for marketing authorisations (legal basis of applications),detailed_guide,81dd8ca0-9397-4443-9d0c-4c63115d12f0,en,whitehall,2021-03-29T23:00:00.000Z,2025-06-30T13:12:53.000Z,,,77,"Medicines, medical devices,GOV.UK homepage,Health and social care",Medicines and Healthcare products Regulatory Agency,Medicines and Healthcare products Regulatory Agency,2019 to 2022 Johnson Conservative government,,,
https://www.gov.uk/guidance/blood-authorisations-and-safety-reporting,Blood: authorisations and safety reporting,detailed_guide,5f18f799-7631-11e4-a3cb-005056011aef,en,whitehall,2014-12-18T00:00:00.000Z,2026-02-13T09:52:57.000Z,,,76,"Patient safety,Health and social care,GOV.UK homepage,Public health,Medicines, medical devices,Blood regulation and safety,National Health Service",Medicines and Healthcare products Regulatory Agency,Medicines and Healthcare products Regulatory Agency,2010 to 2015 Conservative and Liberal Democrat coalition government,,,
https://www.gov.uk/guidance/recovery-loan-scheme,Recovery Loan Scheme,detailed_guide,e7ec8940-f8e6-4857-8208-dccc4fedc4d8,en,whitehall,2021-03-03T13:26:00.000Z,2022-08-31T12:13:32.000Z,,,73,"Support for businesses and self-employed people during COVID-19,Health and social care,COVID-19,GOV.UK homepage,Funding and support for businesses during COVID-19",Department for Business and Trade,"Department for Business and Trade,HM Treasury,Department for Business, Energy & Industrial Strategy",2019 to 2022 Johnson Conservative government,,,
https://www.gov.uk/guidance/borderline-products-how-to-tell-if-your-product-is-a-medical-device,Borderline products: classifying medical devices and risk,detailed_guide,5a72f005-eb59-4f5f-8f0f-b6ac7d2c7551,en,whitehall,2021-01-06T00:00:00.000Z,2023-07-11T10:55:48.000Z,,,73,"Health and social care,Medicines, medical devices,GOV.UK homepage,Medical devices regulation and safety",Medicines and Healthcare products Regulatory Agency,Medicines and Healthcare products Regulatory Agency,2019 to 2022 Johnson Conservative government,,,
https://www.gov.uk/guidance/diabetic-eye-screening-programme-overview,Diabetic eye screening: programme overview,detailed_guide,077b2fe7-bbf1-45a4-bb71-15b817e24bed,en,whitehall,2014-01-01T00:00:00.000Z,2024-07-08T15:17:32.000Z,,,71,"GOV.UK homepage,Health conditions,Health and social care,Population screening programmes,NHS diabetic eye screening (DES) programme,Public health,Diabetes",NHS England,NHS England,2010 to 2015 Conservative and Liberal Democrat coalition government,,,
https://www.gov.uk/guidance/supporting-safer-visiting-in-care-homes-during-infectious-illness-outbreaks,Supporting safer visiting in care homes during infectious illness outbreaks,detailed_guide,ca021bdc-dfa0-4a03-8178-c98acaded9cc,en,whitehall,2024-04-14T23:00:00.000Z,2024-04-14T23:00:00.000Z,,,70,"Healthcare workers, carers and care settings during COVID-19,GOV.UK homepage,COVID-19,Health and social care",UK Health Security Agency,UK Health Security Agency,2022 to 2024 Sunak Conservative government,,,
https://www.gov.uk/guidance/acting-as-a-responsible-person-import,Acting as a Responsible Person (import),detailed_guide,b90c46c5-f380-4fd8-86ae-df7e33e59d05,en,whitehall,2020-12-31T23:01:00.000Z,2021-12-22T15:25:03.000Z,,,70,"Health and social care,Government,Medicines, medical devices,Manufacturing, wholesaling, importing and exporting medicines,Brexit,GOV.UK homepage",Medicines and Healthcare products Regulatory Agency,Medicines and Healthcare products Regulatory Agency,2019 to 2022 Johnson Conservative government,,,
https://www.gov.uk/guidance/renew-your-disability-confident-status,Renew your Disability Confident status,detailed_guide,35b99413-83a0-4b0b-aa82-4c2ffe2c3b2f,en,whitehall,2021-05-24T11:07:00.000Z,2021-05-24T11:07:00.000Z,,,69,"GOV.UK homepage,Work,Education, training and skills,Work and disabled people,Welfare,Health and social care,Disabled people,Disability rights",Department for Work and Pensions,Department for Work and Pensions,2019 to 2022 Johnson Conservative government,,,
https://www.gov.uk/guidance/social-care-apply-to-cancel-registration-as-a-provider-or-manager,Social care: apply to cancel registration as a provider or manager,detailed_guide,2ec7c9a1-f508-4b70-b297-b9d09414fa8c,en,whitehall,2012-10-02T23:00:00.000Z,2023-12-18T09:34:49.000Z,,,68,"Health and social care,Becoming a childcare provider,Providing childcare,Social care,Children's social care providers,Parenting, childcare and children's services ,Childcare and early years,Safeguarding and social care for children,GOV.UK homepage,Becoming a children's social care provider",Ofsted,Ofsted,2010 to 2015 Conservative and Liberal Democrat coalition government,,,
https://www.gov.uk/guidance/rabies-epidemiology-transmission-and-prevention,"Rabies: epidemiology, transmission and prevention",detailed_guide,76b2b161-a8e8-4e9c-9dbc-7215a258c340,en,whitehall,2018-11-02T00:00:00.000Z,2025-06-18T11:18:31.000Z,,,67,"Infectious diseases,Health and social care,Public health,Health protection,GOV.UK homepage",UK Health Security Agency,UK Health Security Agency,2016 to 2019 May Conservative government,,,
https://www.gov.uk/guidance/apply-for-a-traditional-herbal-registration-thr,Apply for a traditional herbal registration (THR),detailed_guide,5ef62325-7631-11e4-a3cb-005056011aef,en,whitehall,2014-12-31T00:00:00.000Z,2024-01-05T10:12:32.000Z,,,67,"Herbal and homeopathic medicines,National Health Service,Medicines, medical devices,Health and social care,GOV.UK homepage,Public health,Patient safety",Medicines and Healthcare products Regulatory Agency,Medicines and Healthcare products Regulatory Agency,2010 to 2015 Conservative and Liberal Democrat coalition government,,,
https://www.gov.uk/guidance/leptospirosis,Leptospirosis,detailed_guide,60205ca0-7631-11e4-a3cb-005056011aef,en,whitehall,2013-07-14T23:00:00.000Z,2024-08-20T09:23:35.000Z,,,66,"Infectious diseases,GOV.UK homepage,Health protection,Public health,Health and social care",UK Health Security Agency,UK Health Security Agency,2010 to 2015 Conservative and Liberal Democrat coalition government,,,
https://www.gov.uk/guidance/clinical-trials-for-medicines-ending-a-clinical-trial,Clinical trials for medicines: ending a clinical trial,detailed_guide,c96a23e6-3198-494f-8e59-11e0770356d2,en,whitehall,2025-06-24T23:00:00.000Z,2026-01-12T09:00:01.000Z,,,66,"Medicines, medical devices,Health and social care,GOV.UK homepage,Clinical trials and investigations",Medicines and Healthcare products Regulatory Agency,Medicines and Healthcare products Regulatory Agency,2024 Starmer Labour government,,,
https://www.gov.uk/guidance/orphan-medicinal-products-in-great-britain,Orphan medicinal products,detailed_guide,73de5c55-30b8-43bc-a3d7-da6f6a3935ff,en,whitehall,2020-12-31T00:00:00.000Z,2026-02-06T15:45:36.000Z,,,65,"GOV.UK homepage,Marketing authorisations, variations and licensing guidance,Health and social care,Medicines, medical devices,Brexit,Government",Medicines and Healthcare products Regulatory Agency,Medicines and Healthcare products Regulatory Agency,2019 to 2022 Johnson Conservative government,,,
https://www.gov.uk/guidance/pressure-ulcers-applying-all-our-health,Pressure ulcers: applying All Our Health,detailed_guide,d846ffcb-96e5-4a9a-a524-bafb5164276e,en,whitehall,2015-03-31T23:00:00.000Z,2022-06-09T15:03:25.000Z,,,64,"GOV.UK homepage,Public health,Health and social care",Office for Health Improvement and Disparities,Office for Health Improvement and Disparities,2010 to 2015 Conservative and Liberal Democrat coalition government,,,
https://www.gov.uk/guidance/healthcare-in-ireland,Healthcare for UK nationals living in Ireland,detailed_guide,ef4b5c3a-4609-4a17-8c2c-d21a7ad8e27f,en,whitehall,2019-08-27T23:00:00.000Z,2021-10-21T15:30:04.000Z,,,63,"Going and being abroad,British nationals overseas,Health and social care,Living in Ireland,GOV.UK homepage,Living abroad,Help and services around the world,Government,Brexit,UK help and services in Ireland",Department of Health and Social Care,"Department of Health and Social Care,Foreign & Commonwealth Office,Foreign, Commonwealth & Development Office",2019 to 2022 Johnson Conservative government,,,
https://www.gov.uk/guidance/register-your-s1-form-in-spain-online,Register your S1 form in Spain online,detailed_guide,3c7bac09-b0d8-4484-a539-f71313450f01,en,whitehall,2021-02-12T17:21:00.000Z,2021-09-01T13:01:11.000Z,,,63,"British nationals overseas,Going and being abroad,Tax, benefits, pensions and working abroad,Health and social care,GOV.UK homepage,Help and services around the world,UK help and services in Spain,Living abroad,Tax, benefits, pensions and working abroad in Spain,Living in Spain",Department of Health and Social Care,"Department of Health and Social Care,Foreign, Commonwealth & Development Office",2019 to 2022 Johnson Conservative government,,,
https://www.gov.uk/guidance/driver-documents-required-for-international-road-haulage,International road haulage: HGV driver documents,detailed_guide,5c71850f-7631-11e4-a3cb-005056011aef,en,whitehall,2012-09-02T23:00:00.000Z,2024-07-09T14:33:03.000Z,,,62,"Government,COVID-19,Business and industry,Professional driving of lorries, buses and coaches,Driving licences,Transport,Importing,GOV.UK homepage,Freight, haulage and cargo,Driving abroad,International travel, immigration and repatriation during COVID-19,Road haulage,Brexit,Driving and road transport,Health and social care,Trade and investment,Exporting,EU and international driving rules",Department for Transport,"Department for Transport,Driver and Vehicle Standards Agency,Driver and Vehicle Licensing Agency",2010 to 2015 Conservative and Liberal Democrat coalition government,,,
https://www.gov.uk/guidance/clinical-trials-for-medicines-notifiable-trials,Clinical trials for medicines: notifiable trials,detailed_guide,2d558d33-171a-4fee-9ce9-a76f1b6ffea5,en,whitehall,2025-06-24T23:00:00.000Z,2026-01-12T09:00:01.000Z,,,62,"Clinical trials and investigations,GOV.UK homepage,Medicines, medical devices,Health and social care",Medicines and Healthcare products Regulatory Agency,Medicines and Healthcare products Regulatory Agency,2024 Starmer Labour government,,,
https://www.gov.uk/guidance/zika-virus-sample-testing-advice,Zika virus: sample testing advice,detailed_guide,3b01af59-1a9a-48c9-9beb-fed447fa8d41,en,whitehall,2016-03-23T12:27:00.000Z,2019-02-27T09:00:04.000Z,,,61,"Infectious diseases,Health and social care,GOV.UK homepage,Health surveillance and reporting programmes,Public health,Health protection",Public Health England,Public Health England,2015 to 2016 Cameron Conservative government,,,
https://www.gov.uk/guidance/weather-health-alerting-system,Weather-Health Alerting System,detailed_guide,8fc4c63f-1f2a-4319-a3ac-44ab3e89f4ba,en,whitehall,2023-05-31T23:00:00.000Z,2024-06-21T15:19:29.000Z,,,60,"Emergency response,Health protection,Public health,GOV.UK homepage,Health and social care",UK Health Security Agency,UK Health Security Agency,2022 to 2024 Sunak Conservative government,,,
https://www.gov.uk/guidance/borderline-products-how-to-tell-if-your-product-is-a-medicine,Borderline products: how to tell if your product is a medicine,detailed_guide,a4514683-ab89-4a85-bd9b-18913769fcc0,en,whitehall,2021-01-06T00:00:00.000Z,2026-01-12T11:36:32.000Z,,,60,"Medicines, medical devices,Health and social care,GOV.UK homepage",Medicines and Healthcare products Regulatory Agency,Medicines and Healthcare products Regulatory Agency,2019 to 2022 Johnson Conservative government,,,
https://www.gov.uk/guidance/covid-19-self-test-help,How to do a coronavirus (COVID-19) rapid lateral flow test,detailed_guide,7aeeed88-e22a-44ee-baa7-4b2e89b86a00,en,whitehall,2020-12-23T00:00:00.000Z,2024-04-30T13:00:00.000Z,,,59,"Public health,Testing for COVID-19,GOV.UK homepage,COVID-19,Health and social care",UK Health Security Agency,UK Health Security Agency,2019 to 2022 Johnson Conservative government,,,
https://www.gov.uk/guidance/import-a-human-medicine,Import a human medicine,detailed_guide,602e9859-7631-11e4-a3cb-005056011aef,en,whitehall,2005-08-08T23:00:00.000Z,2025-01-29T09:01:44.000Z,,,59,"National Health Service,Public health,Health and social care,Manufacturing, wholesaling, importing and exporting medicines,Patient safety,Medicines, medical devices,GOV.UK homepage",Medicines and Healthcare products Regulatory Agency,"Medicines and Healthcare products Regulatory Agency,Department of Health and Social Care",1997 to 2007 Blair Labour government,,,
https://www.gov.uk/guidance/variations-to-marketing-authorisations-mas,Variations to marketing authorisations (MAs),detailed_guide,ae1f32fe-d5af-46ba-bfb2-548b6e73bd10,en,whitehall,2020-12-31T00:00:00.000Z,2025-10-16T16:11:34.000Z,,,59,"Brexit,Government,Health and social care,Marketing authorisations, variations and licensing guidance,Medicines, medical devices,GOV.UK homepage",Medicines and Healthcare products Regulatory Agency,Medicines and Healthcare products Regulatory Agency,2019 to 2022 Johnson Conservative government,,,
https://www.gov.uk/guidance/severe-fever-with-thrombocytopaenia-syndrome-sfts-epidemiology-outbreaks-and-guidance,"Severe fever with thrombocytopaenia syndrome (SFTS): epidemiology, outbreaks and guidance",detailed_guide,9ff02a27-65dd-4692-a5b7-dbf6950698c3,en,whitehall,2021-04-22T10:44:00.000Z,2026-02-05T09:30:02.000Z,,,58,"Public health,GOV.UK homepage,Health protection,Infectious diseases,Health and social care",UK Health Security Agency,UK Health Security Agency,2019 to 2022 Johnson Conservative government,,,
https://www.gov.uk/guidance/medicines-apply-for-a-parallel-import-licence,Medicines: apply for a parallel import licence,detailed_guide,43acb16b-1a8d-4324-9163-49670dd65648,en,whitehall,2015-01-21T00:00:00.000Z,2025-09-02T14:19:07.000Z,,,58,"Medicines, medical devices,GOV.UK homepage,Health and social care,Marketing authorisations, variations and licensing guidance",Medicines and Healthcare products Regulatory Agency,Medicines and Healthcare products Regulatory Agency,2010 to 2015 Conservative and Liberal Democrat coalition government,,,
https://www.gov.uk/guidance/e-cigarettes-regulations-for-consumer-products,E-cigarettes: regulations for consumer products,detailed_guide,d4b32314-ece4-4626-a076-bacb0b5fa5eb,en,whitehall,2016-02-29T00:00:00.000Z,2024-08-16T08:19:41.000Z,,,58,"GOV.UK homepage,Health and social care,Medicines, medical devices,Public health",Medicines and Healthcare products Regulatory Agency,Medicines and Healthcare products Regulatory Agency,2015 to 2016 Cameron Conservative government,,,
https://www.gov.uk/guidance/psittacosis,Psittacosis,detailed_guide,6021c206-7631-11e4-a3cb-005056011aef,en,whitehall,2013-03-31T23:00:00.000Z,2024-11-28T09:30:26.000Z,,,57,"Public health,Health protection,Health and social care,GOV.UK homepage,Infectious diseases",UK Health Security Agency,UK Health Security Agency,2010 to 2015 Conservative and Liberal Democrat coalition government,,,
https://www.gov.uk/guidance/mental-health-data-and-analysis-a-guide-for-health-professionals,Mental health data and analysis: a guide for health professionals,detailed_guide,b61fd3cb-77b7-4236-96a3-6e87ea237895,en,whitehall,2017-05-02T23:00:00.000Z,2025-11-04T11:29:18.000Z,,,57,"GOV.UK homepage,Children's health and welfare,Mental health of children and young people,Health and social care,Health conditions,Mental health,Health improvement,Parenting, childcare and children's services ,Public health,Pregnancy and birth",Office for Health Improvement and Disparities,Office for Health Improvement and Disparities,2016 to 2019 May Conservative government,,,
https://www.gov.uk/guidance/evaluation-in-health-and-wellbeing-creating-a-logic-model,Creating a logic model for an intervention: evaluation in health and wellbeing,detailed_guide,631d1c2d-c8f5-48d3-819b-e762a59554ea,en,whitehall,2018-08-06T23:00:00.000Z,2018-08-06T23:00:00.000Z,,,55,"GOV.UK homepage,Public health,Health and social care",Office for Health Improvement and Disparities,Office for Health Improvement and Disparities,2016 to 2019 May Conservative government,,,
https://www.gov.uk/guidance/find-help-and-support-if-you-have-long-covid,Find help and support if you have long COVID,detailed_guide,461972a7-09c1-4b4e-a320-af49102f0187,en,whitehall,2021-12-24T00:00:00.000Z,2024-08-14T12:55:35.000Z,,,55,"Health and social care,GOV.UK homepage,Education, universities and childcare during COVID-19,COVID-19,Health and wellbeing during COVID-19",Department of Health and Social Care,Department of Health and Social Care,2019 to 2022 Johnson Conservative government,,,
https://www.gov.uk/guidance/newborn-blood-spot-screening-programme-overview,Newborn blood spot screening: programme overview,detailed_guide,b1692123-6a30-4cdb-af61-b82228b72646,en,whitehall,2013-01-01T00:00:00.000Z,2025-09-26T10:31:10.000Z,,,55,"GOV.UK homepage,NHS newborn blood spot (NBS) screening programme,Health and social care,Public health,Population screening programmes",NHS England,NHS England,2010 to 2015 Conservative and Liberal Democrat coalition government,,,
https://www.gov.uk/guidance/guidance-on-qualified-person-responsible-for-pharmacovigilance-qppv-including-pharmacovigilance-system-master-files-psmf,Pharmacovigilance requirements: qualified person for PV and PSMF,detailed_guide,d3fe78e6-f1f5-48ff-acc9-5148331aa132,en,whitehall,2020-12-31T00:00:00.000Z,2025-01-08T16:31:15.000Z,,,54,"Health and social care,GOV.UK homepage,Medicines, medical devices,Brexit,Government,Good practice, inspections and enforcement",Medicines and Healthcare products Regulatory Agency,Medicines and Healthcare products Regulatory Agency,2019 to 2022 Johnson Conservative government,,,
https://www.gov.uk/guidance/controlled-drugs-import-and-export-licences,Controlled drugs: import and export licences,detailed_guide,3c8a4076-f2fc-4830-bc89-5f3ef5a342c7,en,whitehall,2019-08-16T15:56:00.000Z,2022-08-18T13:30:44.000Z,,,54,"GOV.UK homepage,Health and social care,Business licensing ,Running a business,Business and industry,Public health",Home Office,Home Office,2019 to 2022 Johnson Conservative government,,,
https://www.gov.uk/guidance/polychlorinated-biphenyls-pcbs-registration-disposal-labelling,"Polychlorinated biphenyls (PCBs): registration, disposal, labelling",detailed_guide,f5319e11-db48-403b-950b-1cd693db1b26,en,whitehall,2015-03-27T08:07:00.000Z,2022-12-19T13:31:22.000Z,,,53,"GOV.UK homepage,Public health,Business and industry,Chemicals,Waste management,Polychlorinated biphenyl (PCBs),Business and the environment,Waste and recycling,Environment,Chemical and environmental hazards,Health and social care,Health protection",Environment Agency,"Environment Agency,Department for Environment, Food & Rural Affairs",2010 to 2015 Conservative and Liberal Democrat coalition government,,,
https://www.gov.uk/guidance/crimean-congo-haemorrhagic-fever-origins-reservoirs-transmission-and-guidelines,"Crimean-Congo haemorrhagic fever: origins, reservoirs, transmission and guidelines",detailed_guide,5fee2a78-7631-11e4-a3cb-005056011aef,en,whitehall,2014-09-04T23:00:00.000Z,2025-12-01T11:20:08.000Z,,,52,"Public health,Infectious diseases,Health protection,GOV.UK homepage,Health and social care",UK Health Security Agency,UK Health Security Agency,2010 to 2015 Conservative and Liberal Democrat coalition government,,,
https://www.gov.uk/guidance/vat-reduced-rate-for-hospitality-holiday-accommodation-and-attractions,"VAT: reduced rate for hospitality, holiday accommodation and attractions",detailed_guide,70ae9cdd-81e7-4162-bcce-c410907bfe8a,en,whitehall,2020-07-09T13:10:00.000Z,2022-12-23T10:44:44.000Z,,,52,"Support for businesses and self-employed people during COVID-19,Paying,Managing your business during COVID-19,Business tax,Your responsibilities as an employer during COVID-19,GOV.UK homepage,VAT,Funding and support for businesses during COVID-19,COVID-19,Health and social care,Accounting for VAT,Money",HM Revenue & Customs,HM Revenue & Customs,2019 to 2022 Johnson Conservative government,,,
https://www.gov.uk/guidance/make-a-payment-to-mhra,Make a payment to MHRA,detailed_guide,602de44d-7631-11e4-a3cb-005056011aef,en,whitehall,2014-12-18T00:00:00.000Z,2025-09-02T12:20:27.000Z,,,52,"Health and social care,GOV.UK homepage,Medicines, medical devices",Medicines and Healthcare products Regulatory Agency,Medicines and Healthcare products Regulatory Agency,2010 to 2015 Conservative and Liberal Democrat coalition government,,,
https://www.gov.uk/guidance/viral-haemorrhagic-fevers-origins-reservoirs-transmission-and-guidelines,"Viral haemorrhagic fevers: origins, reservoirs, transmission and guidelines",detailed_guide,5fedee61-7631-11e4-a3cb-005056011aef,en,whitehall,2014-09-04T23:00:00.000Z,2025-07-30T15:48:36.000Z,,,52,"Public health,Health and social care,Health protection,Infectious diseases,GOV.UK homepage",UK Health Security Agency,UK Health Security Agency,2010 to 2015 Conservative and Liberal Democrat coalition government,,,
https://www.gov.uk/guidance/controlled-drugs-licence-fees,Controlled drugs and precursor chemicals: licence fees,detailed_guide,1f48c043-49f0-438d-8434-bf3f2fe01b1a,en,whitehall,2019-08-15T23:00:00.000Z,2024-04-22T14:19:24.000Z,,,51,"Business licensing ,GOV.UK homepage,Health and social care,Running a business,Business and industry,Public health",Home Office,Home Office,2019 to 2022 Johnson Conservative government,,,
https://www.gov.uk/guidance/healthcare-in-cyprus,Healthcare for UK nationals living in Cyprus,detailed_guide,30acae36-10da-44e1-91e5-fe4ad8e0e1c3,en,whitehall,2019-09-22T23:00:00.000Z,2021-10-14T18:02:55.000Z,,,50,"British nationals overseas,Help and services around the world,Government,Going and being abroad,Living in Cyprus,Health and social care,Living abroad,Brexit,GOV.UK homepage,UK help and services in Cyprus",Department of Health and Social Care,"Department of Health and Social Care,Foreign, Commonwealth & Development Office",2019 to 2022 Johnson Conservative government,,,
https://www.gov.uk/guidance/culture-spirituality-and-religion,"Culture, spirituality and religion: migrant health guide",detailed_guide,630c920c-c90b-406f-bd93-633400921a6d,en,whitehall,2017-06-22T23:00:00.000Z,2021-09-23T10:33:07.000Z,,,50,"Health and social care,Migrant health,Public health,Health protection,GOV.UK homepage",Office for Health Improvement and Disparities,Office for Health Improvement and Disparities,2016 to 2019 May Conservative government,,,
https://www.gov.uk/guidance/regulatoryconnect,RegulatoryConnect,detailed_guide,cea380a9-894d-448d-8687-822f20108312,en,whitehall,2024-03-25T00:00:00.000Z,2025-11-05T15:00:13.000Z,,,50,"Health and social care,GOV.UK homepage,Medicines, medical devices",Medicines and Healthcare products Regulatory Agency,Medicines and Healthcare products Regulatory Agency,2022 to 2024 Sunak Conservative government,,,
https://www.gov.uk/guidance/report-covid-19-fraud,Report COVID-19 fraud,detailed_guide,c92d8b93-4437-4875-a1d0-8f727e43f1b8,en,whitehall,2025-09-12T13:00:04.000Z,2025-09-12T13:00:04.000Z,,,50,"COVID-19,Health and social care,GOV.UK homepage",Cabinet Office,Cabinet Office,2024 Starmer Labour government,,,
https://www.gov.uk/guidance/prostate-cancer-risk-management-programme-overview,Prostate cancer risk management programme: overview,detailed_guide,0e9ebb78-8537-4649-9537-9cc4c16d0d01,en,whitehall,2015-01-01T00:00:00.000Z,2016-03-29T08:30:28.000Z,,,49,"Health and social care,National Health Service,Health conditions,Public health,Cancer research and treatment,GOV.UK homepage",Public Health England,Public Health England,2010 to 2015 Conservative and Liberal Democrat coalition government,,,
https://www.gov.uk/guidance/tick-surveillance-scheme,Tick Surveillance Scheme (send a tick sample),detailed_guide,37c6a708-3e88-4470-9aca-81d4ba103b0a,en,whitehall,2012-04-01T23:00:00.000Z,2025-10-07T09:50:45.000Z,,,49,"Climate and health,GOV.UK homepage,Public health,Health and social care",UK Health Security Agency,"UK Health Security Agency,Centre for Climate and Health Security",2010 to 2015 Conservative and Liberal Democrat coalition government,,,
https://www.gov.uk/guidance/lassa-fever-origins-reservoirs-transmission-and-guidelines,"Lassa fever: origins, reservoirs, transmission and guidelines",detailed_guide,5fee0971-7631-11e4-a3cb-005056011aef,en,whitehall,2014-09-04T23:00:00.000Z,2025-07-11T15:40:49.000Z,,,49,"Health and social care,Public health,Infectious diseases,Health protection,GOV.UK homepage",UK Health Security Agency,UK Health Security Agency,2010 to 2015 Conservative and Liberal Democrat coalition government,,,
https://www.gov.uk/guidance/refer-a-deceased-persons-estate-to-the-treasury-solicitor,Refer a deceased person's estate to the Treasury Solicitor,detailed_guide,5ebe89fc-7631-11e4-a3cb-005056011aef,en,whitehall,2013-12-06T00:00:00.000Z,2026-01-12T13:47:19.000Z,,,48,"Health and social care,Local government,Death registration disclosure,Death and bereavement,Life circumstances,Community and society,Regional and local government,Society and culture,Public health,GOV.UK homepage",Bona Vacantia,"Bona Vacantia,Government Legal Department",2010 to 2015 Conservative and Liberal Democrat coalition government,,,
https://www.gov.uk/guidance/medical-disclosure-information-to-attorneys-and-deputies,Medical disclosure information to attorneys and deputies,detailed_guide,f22ba378-30b5-49de-8a5c-780b8124b43c,en,whitehall,2021-11-10T09:41:00.000Z,2021-11-10T09:41:00.000Z,,,48,"Social care,National Health Service,GOV.UK homepage,Health and social care",Office of the Public Guardian,Office of the Public Guardian,2019 to 2022 Johnson Conservative government,,,
https://www.gov.uk/guidance/advertise-your-medicines,Advertise your medicines,detailed_guide,6031bc7a-7631-11e4-a3cb-005056011aef,en,whitehall,2014-12-18T00:00:00.000Z,2025-04-11T15:18:36.000Z,,,48,"National Health Service,Marketing authorisations, variations and licensing guidance,Public health,Patient safety,Medicines, medical devices,GOV.UK homepage,Health and social care,Vigilance, safety alerts and guidance",Medicines and Healthcare products Regulatory Agency,Medicines and Healthcare products Regulatory Agency,2010 to 2015 Conservative and Liberal Democrat coalition government,,,
https://www.gov.uk/guidance/monkeypox-case-definitions,Mpox: guidance on when to suspect a case of mpox,detailed_guide,1141b076-bad2-4a6e-ba59-86723676f54f,en,whitehall,2022-05-19T23:00:00.000Z,2025-06-19T11:08:10.000Z,,,47,"Infectious diseases,Public health,Health and social care,Health protection,GOV.UK homepage",UK Health Security Agency,UK Health Security Agency,2019 to 2022 Johnson Conservative government,,,
https://www.gov.uk/guidance/medicines-register-to-manufacture-import-or-distributor-active-substances,"Medicines: register to manufacture, import or distribute active substances",detailed_guide,5fe322fc-7631-11e4-a3cb-005056011aef,en,whitehall,2014-12-18T00:00:00.000Z,2025-04-01T08:13:28.000Z,,,47,"National Health Service,GOV.UK homepage,Public health,Health and social care,Patient safety,Medicines, medical devices,Manufacturing, wholesaling, importing and exporting medicines",Medicines and Healthcare products Regulatory Agency,Medicines and Healthcare products Regulatory Agency,2010 to 2015 Conservative and Liberal Democrat coalition government,,,
https://www.gov.uk/guidance/the-use-and-regulation-of-pulse-oximeters-information-for-healthcare-professionals,The use and regulation of pulse oximeters (information for healthcare professionals),detailed_guide,7f603f15-5ab8-4b59-b9ee-b510b9cf8aa0,en,whitehall,2021-03-26T16:57:00.000Z,2021-03-26T16:57:00.000Z,,,46,"GOV.UK homepage,Medical devices regulation and safety,Health and social care,Medicines, medical devices",Medicines and Healthcare products Regulatory Agency,Medicines and Healthcare products Regulatory Agency,2019 to 2022 Johnson Conservative government,,,
https://www.gov.uk/guidance/plague-epidemiology-outbreaks-and-guidance,"Plague: epidemiology, outbreaks and guidance",detailed_guide,89a2f24c-4170-433c-aa2a-1c649156cd24,en,whitehall,2017-10-23T11:24:00.000Z,2026-02-05T14:10:03.000Z,,,46,"Public health,Health protection,Infectious diseases,GOV.UK homepage,Health and social care",UK Health Security Agency,UK Health Security Agency,2016 to 2019 May Conservative government,,,
https://www.gov.uk/guidance/giardia,Giardia: guidance and data,detailed_guide,6021083a-7631-11e4-a3cb-005056011aef,en,whitehall,2014-03-31T23:00:00.000Z,2018-05-31T10:19:34.000Z,,,46,"Public health,GOV.UK homepage,Health and social care,Health protection,Infectious diseases,Health surveillance and reporting programmes",Public Health England,Public Health England,2010 to 2015 Conservative and Liberal Democrat coalition government,,,
https://www.gov.uk/guidance/mixed-methods-study,Mixed methods study,detailed_guide,3d53909f-38b4-4d75-9b95-f7ccdb92e468,en,whitehall,2020-06-02T10:54:00.000Z,2020-06-02T10:54:00.000Z,,,45,"Research, testing and standards,Public health,Health improvement,Health protection,Health and social care,GOV.UK homepage",Office for Health Improvement and Disparities,Office for Health Improvement and Disparities,2019 to 2022 Johnson Conservative government,,,
https://www.gov.uk/guidance/paying-an-nhs-debt,Paying an NHS debt,detailed_guide,b9d6887a-458a-4145-894a-3c9f5e7abb9f,en,whitehall,2023-03-09T16:48:27.000Z,2023-03-09T16:48:27.000Z,,,45,"GOV.UK homepage,Visas and entry clearance,Immigration rules,Health and social care,Entering and staying in the UK,National Health Service",Home Office,Home Office,2022 to 2024 Sunak Conservative government,,,
https://www.gov.uk/guidance/export-drugs-and-medicines-special-rules,Export drugs and medicines: special rules,detailed_guide,a255b08a-fb49-4805-94ae-4cf96f026bae,en,whitehall,2016-11-11T00:00:00.000Z,2025-04-01T08:13:43.000Z,,,45,"Manufacturing, wholesaling, importing and exporting medicines,Business and industry,Export controls and licensing,Medicines, medical devices,Trade and investment,Exporting,GOV.UK homepage,Health and social care",Home Office,"Home Office,Veterinary Medicines Directorate,Medicines and Healthcare products Regulatory Agency",2016 to 2019 May Conservative government,,,
https://www.gov.uk/guidance/uk-nsc-public-consultations,UK NSC public consultations,detailed_guide,6d5affc3-d66a-4d4f-aa5c-7f45da7502c9,en,whitehall,2025-08-27T23:00:00.000Z,2026-02-18T17:55:14.000Z,,,44,"GOV.UK homepage,Population screening programmes,Health and social care,Public health",UK National Screening Committee,UK National Screening Committee,2024 Starmer Labour government,,,
https://www.gov.uk/guidance/field-epidemiology-training-programme-fetp,UK Field Epidemiology Training Programme (UKFETP),detailed_guide,d91e113f-f694-476e-9aab-6b5222169394,en,whitehall,2015-01-26T00:00:00.000Z,2025-11-21T09:30:05.000Z,,,43,"Health workforce,Health and social care,GOV.UK homepage,National Health Service,Health and social care training",UK Health Security Agency,UK Health Security Agency,2010 to 2015 Conservative and Liberal Democrat coalition government,,,
https://www.gov.uk/guidance/manufacturers-online-reporting-environment-more,Manufacturer’s Online Reporting Environment (MORE),detailed_guide,688b9f16-116f-47dc-a53c-a76796259f8e,en,whitehall,2025-05-15T23:00:00.000Z,2025-06-09T11:00:08.000Z,,,43,"Medicines, medical devices,GOV.UK homepage,Health and social care",Medicines and Healthcare products Regulatory Agency,Medicines and Healthcare products Regulatory Agency,2024 Starmer Labour government,,,
https://www.gov.uk/guidance/effective-field-safety-notices-fsns-guidance-for-manufacturers-of-medical-devices,Field safety notices: guidance for manufacturers,detailed_guide,0719318d-86b5-4809-812b-f830cc61de57,en,whitehall,2020-05-19T23:00:00.000Z,2025-06-16T09:00:01.000Z,,,41,"GOV.UK homepage,Vigilance, safety alerts and guidance,Medicines, medical devices,Medical devices regulation and safety,Health and social care",Medicines and Healthcare products Regulatory Agency,Medicines and Healthcare products Regulatory Agency,2019 to 2022 Johnson Conservative government,,,
https://www.gov.uk/guidance/medical-devices-information-for-users-and-patients,Medical devices: information for patients,detailed_guide,54a32a18-59d2-46c3-8e44-f4cc525e0303,en,whitehall,2019-02-11T00:00:00.000Z,2025-04-02T08:23:07.000Z,,,41,"Medical devices regulation and safety,GOV.UK homepage,Public health,Health and social care,Medicines, medical devices",Medicines and Healthcare products Regulatory Agency,Medicines and Healthcare products Regulatory Agency,2016 to 2019 May Conservative government,,,
https://www.gov.uk/guidance/good-laboratory-practice-glp-for-safety-tests-on-chemicals,Good laboratory practice (GLP) for safety tests on chemicals,detailed_guide,5ef725fa-7631-11e4-a3cb-005056011aef,en,whitehall,2014-12-18T00:00:00.000Z,2025-03-04T10:10:07.000Z,,,41,"Health and social care,Good practice, inspections and enforcement,Medicines, medical devices,GOV.UK homepage",Medicines and Healthcare products Regulatory Agency,Medicines and Healthcare products Regulatory Agency,2010 to 2015 Conservative and Liberal Democrat coalition government,,,
https://www.gov.uk/guidance/school-reports-on-pupil-performance-guide-for-headteachers,School reports on pupil performance: guide for headteachers,detailed_guide,5f435513-7631-11e4-a3cb-005056011aef,en,whitehall,2014-03-25T00:00:00.000Z,2024-05-08T12:32:32.000Z,,,41,"GOV.UK homepage,Pupil performance in schools,Inspections and performance of education providers,Health and social care,Running and managing a school,COVID-19,Education, training and skills,School planning,Education, universities and childcare during COVID-19,Inspection and performance of schools,Closures, exams and managing a school or early years setting during COVID-19",Department for Education,"Department for Education,Standards and Testing Agency",2010 to 2015 Conservative and Liberal Democrat coalition government,,,
https://www.gov.uk/guidance/export-medical-devices-special-rules,Certificate of Free Sale for exporting medical devices,detailed_guide,054320ea-901e-45d5-8f1e-29314f430ce7,en,whitehall,2016-11-07T00:00:00.000Z,2025-03-13T09:00:04.000Z,,,40,"Exporting,GOV.UK homepage,Business and industry,Trade and investment,Health and social care,Export controls and licensing",Medicines and Healthcare products Regulatory Agency,Medicines and Healthcare products Regulatory Agency,2016 to 2019 May Conservative government,,,
https://www.gov.uk/guidance/comparator-products-in-bioequivalencetherapeutic-equivalence-studies,Comparator products in bioequivalence/therapeutic equivalence studies,detailed_guide,5a2038ab-aea3-464c-a0a9-c65f9c2aaeda,en,whitehall,2020-12-31T00:00:00.000Z,2024-12-20T12:47:48.000Z,,,40,"Brexit,GOV.UK homepage,Medicines, medical devices,Health and social care,Marketing authorisations, variations and licensing guidance,Government",Medicines and Healthcare products Regulatory Agency,Medicines and Healthcare products Regulatory Agency,2019 to 2022 Johnson Conservative government,,,
https://www.gov.uk/guidance/human-trafficking-migrant-health-guide,Human trafficking: migrant health guide,detailed_guide,0cc88a4f-2821-44cd-aa0d-4f2f2f44522f,en,whitehall,2017-06-22T23:00:00.000Z,2022-06-07T08:55:20.000Z,,,40,"Migrant health,Health and social care,Health protection,GOV.UK homepage,Public health",Office for Health Improvement and Disparities,Office for Health Improvement and Disparities,2016 to 2019 May Conservative government,,,
https://www.gov.uk/guidance/isotretinoin-an-expert-review-of-suspected-psychiatric-and-sexual-side-effects,Isotretinoin: an expert review of suspected psychiatric and sexual side effects,detailed_guide,83b11d2f-b3c9-4562-af55-9a472deb6804,en,whitehall,2020-11-10T00:00:00.000Z,2026-02-04T15:34:02.000Z,,,40,"Clinical trials and investigations,Vigilance, safety alerts and guidance,Good practice, inspections and enforcement,Health and social care,Medicines, medical devices,GOV.UK homepage",Medicines and Healthcare products Regulatory Agency,Medicines and Healthcare products Regulatory Agency,2019 to 2022 Johnson Conservative government,,,
https://www.gov.uk/guidance/hepatitis-b-clinical-and-public-health-management,Hepatitis B: clinical and public health management,detailed_guide,5fe6bd08-7631-11e4-a3cb-005056011aef,en,whitehall,2014-07-30T23:00:00.000Z,2025-07-15T15:37:34.000Z,,,40,"GOV.UK homepage,Health protection,Immunisation,Health and social care,Infectious diseases,Public health",UK Health Security Agency,UK Health Security Agency,2010 to 2015 Conservative and Liberal Democrat coalition government,,,
https://www.gov.uk/guidance/bartonella,Bartonella: diagnostic services,detailed_guide,6021458e-7631-11e4-a3cb-005056011aef,en,whitehall,2008-09-10T23:00:00.000Z,2025-05-22T10:57:58.000Z,,,39,"GOV.UK homepage,Infectious diseases,Health protection,Public health,Health and social care",UK Health Security Agency,UK Health Security Agency,2007 to 2010 Brown Labour government,,,
https://www.gov.uk/guidance/submission-and-assessment-timetables-for-innovative-medicines-applications,Submission and assessment timetables for innovative medicines applications,detailed_guide,22327274-168a-4b9d-b5c4-922d40db8526,en,whitehall,2025-04-02T23:00:00.000Z,2026-01-27T12:32:24.000Z,,,39,"Health and social care,GOV.UK homepage,Medicines, medical devices",Medicines and Healthcare products Regulatory Agency,Medicines and Healthcare products Regulatory Agency,2024 Starmer Labour government,,,
https://www.gov.uk/guidance/safety-public-assessment-reports,Safety Public Assessment Reports,detailed_guide,7f3adf55-23a7-4af7-bf77-3da7afbb248e,en,whitehall,2019-01-04T00:00:00.000Z,2026-01-26T15:33:31.000Z,,,39,"Medicines, medical devices,Vigilance, safety alerts and guidance,Health and social care,GOV.UK homepage",Medicines and Healthcare products Regulatory Agency,Medicines and Healthcare products Regulatory Agency,2016 to 2019 May Conservative government,,,
https://www.gov.uk/guidance/healthcare-and-related-wastes-how-to-classify,Healthcare and related wastes: how to classify,detailed_guide,28baafbc-d5f8-413c-b3c6-4af95cf23b1a,en,whitehall,2014-03-21T00:00:00.000Z,2014-03-21T00:00:00.000Z,,,38,"Business and industry,Waste management,Business and the environment,Waste and recycling,Environment,GOV.UK homepage,Health and social care,Waste and environmental impact",Environment Agency,"Environment Agency,Department for Environment, Food & Rural Affairs",2010 to 2015 Conservative and Liberal Democrat coalition government,,,
https://www.gov.uk/guidance/dental-antimicrobial-stewardship-toolkit,Dental antimicrobial stewardship: toolkit,detailed_guide,ebb089db-4254-4570-8744-79a97c6043ee,en,whitehall,2016-11-09T00:00:00.000Z,2023-12-19T15:08:29.000Z,,,38,"Public health,GOV.UK homepage,Health improvement,Dentistry ,Oral health,Health and social care",UK Health Security Agency,UK Health Security Agency,2016 to 2019 May Conservative government,,,
https://www.gov.uk/guidance/living-in-albania,Living in Albania,detailed_guide,5ec386d2-7631-11e4-a3cb-005056011aef,en,whitehall,2013-11-14T00:00:00.000Z,2026-01-30T12:05:16.000Z,,,38,"Help and services around the world,GOV.UK homepage,Health and wellbeing during COVID-19,Living in Albania,UK help and services in Albania,Going and being abroad,Health and social care,COVID-19,Living abroad,British nationals overseas,Travel abroad","Foreign, Commonwealth & Development Office","Foreign, Commonwealth & Development Office",2010 to 2015 Conservative and Liberal Democrat coalition government,,,
https://www.gov.uk/guidance/reference-medicinal-products-rmps,Reference medicinal products (RMPs),detailed_guide,d64bf3fc-32f7-4eea-a298-b6a59683a674,en,whitehall,2020-12-31T00:00:00.000Z,2025-03-11T11:59:25.000Z,,,38,"Medicines, medical devices,Government,GOV.UK homepage,Health and social care,Brexit,Marketing authorisations, variations and licensing guidance",Medicines and Healthcare products Regulatory Agency,Medicines and Healthcare products Regulatory Agency,2019 to 2022 Johnson Conservative government,,,
https://www.gov.uk/guidance/medical-devices-how-to-comply-with-the-legal-requirements,Medical devices: how to comply with legal requirements in Great Britain,detailed_guide,327bfca0-fe89-44ab-9237-bd4aefdd41d1,en,whitehall,2013-08-15T23:00:00.000Z,2025-01-15T10:00:06.000Z,,,37,"Medical devices regulation and safety,Public health,Medicines, medical devices,Health and social care,GOV.UK homepage",Medicines and Healthcare products Regulatory Agency,Medicines and Healthcare products Regulatory Agency,2010 to 2015 Conservative and Liberal Democrat coalition government,,,
https://www.gov.uk/guidance/pay-no-customs-duty-or-vat-on-goods-for-disabled-people,Pay no Customs Duty or VAT on goods for disabled people,detailed_guide,ce9eeb6e-f0fc-4af1-9ebe-c5c7edc5be49,en,whitehall,2020-07-17T10:06:00.000Z,2023-04-14T13:37:29.000Z,,,37,"Business and industry,VAT,GOV.UK homepage,Disabled people,Education, training and skills,Importing,Special educational needs and disability (SEND) and high needs,Importing goods and services,Business tax,Money,Trade and investment,Health and social care",HM Revenue & Customs,HM Revenue & Customs,2019 to 2022 Johnson Conservative government,,,
https://www.gov.uk/guidance/controlled-drugs-industrial-hemp,Industrial hemp licensing,detailed_guide,c167b256-79b3-46cc-b7bb-352b774438dc,en,whitehall,2019-08-15T23:00:00.000Z,2025-12-17T15:22:13.000Z,,,37,"Health and social care,Business licensing ,Running a business,Business and industry,GOV.UK homepage,Public health",Home Office,Home Office,2019 to 2022 Johnson Conservative government,,,
https://www.gov.uk/guidance/return-to-your-claim-for-the-self-employment-income-support-scheme,Return to your claim for the Self-Employment Income Support Scheme,detailed_guide,b168bfd3-54c8-48e7-913e-a74af2b9386c,en,whitehall,2020-10-19T23:15:00.000Z,2022-03-09T08:45:38.000Z,,,37,"Self-employment,Funding and support for businesses during COVID-19,Support for businesses and self-employed people during COVID-19,COVID-19,GOV.UK homepage,Support for self-employed people and sole traders during COVID-19,Work,Health and social care",HM Revenue & Customs,HM Revenue & Customs,2019 to 2022 Johnson Conservative government,,,
https://www.gov.uk/guidance/healthcare-in-italy,Healthcare for UK nationals living in Italy,detailed_guide,04aff78a-a7fe-4d64-809c-e4297bf653b4,en,whitehall,2019-09-22T23:00:00.000Z,2022-10-25T10:37:05.000Z,,,37,"Living in Italy,GOV.UK homepage,Health and social care,British nationals overseas,Living abroad,Going and being abroad,Government,Brexit,UK help and services in Italy,Help and services around the world",Department of Health and Social Care,"Department of Health and Social Care,Foreign, Commonwealth & Development Office",2019 to 2022 Johnson Conservative government,,,
https://www.gov.uk/guidance/health-effects-of-climate-change-hecc-report,Health Effects of Climate Change (HECC) report,detailed_guide,21aeed99-636a-41fe-86c5-23186cac540d,en,whitehall,2024-12-19T00:00:00.000Z,2024-12-19T00:00:00.000Z,,,37,"GOV.UK homepage,Health and social care,Health protection,Emergency response,Public health",Centre for Climate and Health Security,"Centre for Climate and Health Security,UK Health Security Agency",2024 Starmer Labour government,,,
https://www.gov.uk/guidance/healthcare-in-germany,Healthcare for UK nationals living in Germany,detailed_guide,e6dc0e47-05fe-4969-9ff5-454fdabfe9bf,en,whitehall,2019-09-22T23:00:00.000Z,2024-09-19T13:18:03.000Z,,,36,"GOV.UK homepage,Health and social care,Government,Living in Germany,British nationals overseas,Help and services around the world,Brexit,Living abroad,UK help and services in Germany,Going and being abroad",Department of Health and Social Care,"Department of Health and Social Care,Foreign, Commonwealth & Development Office",2019 to 2022 Johnson Conservative government,,,
https://www.gov.uk/guidance/lyme-disease-sample-testing-advice,Lyme disease: sample testing advice,detailed_guide,93da0cf4-b796-494b-9673-3b5894d72397,en,whitehall,2018-07-31T08:30:00.000Z,2022-04-20T14:49:04.000Z,,,36,"Health protection,Health and social care,Public health,GOV.UK homepage,Laboratories and reference facilities",UK Health Security Agency,UK Health Security Agency,2016 to 2019 May Conservative government,,,
https://www.gov.uk/guidance/renewing-marketing-authorisations-for-medicines,Renewing marketing authorisations for medicines,detailed_guide,08eccb7e-18cd-45ae-b405-981a09389dfb,en,whitehall,2020-12-31T00:00:00.000Z,2024-12-31T12:31:22.000Z,,,36,"Government,Marketing authorisations, variations and licensing guidance,Health and social care,Medicines, medical devices,GOV.UK homepage,Brexit,Brexit: business guidance",Medicines and Healthcare products Regulatory Agency,Medicines and Healthcare products Regulatory Agency,2019 to 2022 Johnson Conservative government,,,
https://www.gov.uk/guidance/sickle-cell-and-thalassaemia-screening-programme-overview,Sickle cell and thalassaemia (SCT) screening: programme overview,detailed_guide,6a7b1882-2237-4f12-81b2-1b25916e0b68,en,whitehall,2013-01-01T00:00:00.000Z,2024-07-08T15:25:31.000Z,,,36,"GOV.UK homepage,Population screening programmes,Health and social care,Public health,NHS sickle cell and thalassaemia (SCT) screening programme",NHS England,NHS England,2010 to 2015 Conservative and Liberal Democrat coalition government,,,
https://www.gov.uk/guidance/zika-virus-preventing-infection-by-sexual-transmission,Zika virus: preventing infection by sexual transmission,detailed_guide,73dc7169-ca4e-4cfe-8303-c97af69aea1b,en,whitehall,2016-01-26T00:00:00.000Z,2019-07-19T15:24:03.000Z,,,35,"Public health,Infectious diseases,Health protection,Health and social care,GOV.UK homepage,Migrant health",Public Health England,Public Health England,2015 to 2016 Cameron Conservative government,,,
https://www.gov.uk/guidance/west-nile-virus,"West Nile virus: epidemiology, diagnosis and prevention",detailed_guide,60204cbf-7631-11e4-a3cb-005056011aef,en,whitehall,2013-03-31T23:00:00.000Z,2025-05-21T08:30:02.000Z,,,35,"Public health,Health and social care,Infectious diseases,GOV.UK homepage,Health protection",UK Health Security Agency,UK Health Security Agency,2010 to 2015 Conservative and Liberal Democrat coalition government,,,
https://www.gov.uk/guidance/alpha-gal-syndrome,Alpha-gal Syndrome,detailed_guide,bada0957-4b19-47cf-b2db-875ad57315c3,en,whitehall,2025-08-06T23:00:00.000Z,2026-01-12T10:11:04.000Z,,,35,"GOV.UK homepage,Public health,Health and social care,Health protection",UK Health Security Agency,UK Health Security Agency,2024 Starmer Labour government,,,
https://www.gov.uk/guidance/focus-group-study-qualitative-studies,Focus group study: qualitative studies,detailed_guide,5fc9e575-62c7-4092-8490-96f230522558,en,whitehall,2020-01-30T17:11:00.000Z,2020-01-30T17:11:00.000Z,,,34,"Health improvement,GOV.UK homepage,Research, testing and standards,Health and social care,Public health,Health protection",Office for Health Improvement and Disparities,Office for Health Improvement and Disparities,2019 to 2022 Johnson Conservative government,,,
https://www.gov.uk/guidance/periodic-benefit-risk-evaluation-reports-for-medicinal-products,Periodic Safety Update Reports (PSURs) for medicinal products,detailed_guide,602b8437-7631-11e4-a3cb-005056011aef,en,whitehall,2014-12-18T00:00:00.000Z,2025-04-01T08:13:38.000Z,,,34,"Marketing authorisations, variations and licensing guidance,Medicines, medical devices,Health and social care,Vigilance, safety alerts and guidance,GOV.UK homepage",Medicines and Healthcare products Regulatory Agency,Medicines and Healthcare products Regulatory Agency,2010 to 2015 Conservative and Liberal Democrat coalition government,,,
https://www.gov.uk/guidance/monitoring-reports-of-the-effectiveness-of-covid-19-vaccination,Monitoring reports of the effectiveness of COVID-19 vaccination,detailed_guide,9c549864-6532-4b3a-a8a0-102015f656cc,en,whitehall,2021-11-15T00:00:00.000Z,2024-05-17T09:11:23.000Z,,,34,"Health and social care,Immunisation,Public health,COVID-19,Infectious diseases,GOV.UK homepage,Health protection,Vaccinations for COVID-19",UK Health Security Agency,UK Health Security Agency,2019 to 2022 Johnson Conservative government,,,
https://www.gov.uk/guidance/vitamin-d-deficiency-migrant-health-guide,Vitamin D deficiency: migrant health guide,detailed_guide,60230a7d-7631-11e4-a3cb-005056011aef,en,whitehall,2014-07-30T23:00:00.000Z,2021-03-03T09:28:00.000Z,,,34,"GOV.UK homepage,Migrant health,Public health,Health protection,Health and social care",Office for Health Improvement and Disparities,Office for Health Improvement and Disparities,2010 to 2015 Conservative and Liberal Democrat coalition government,,,
https://www.gov.uk/guidance/covid-19-information-and-advice-for-health-and-care-professionals,COVID-19: information and advice for health and care professionals,detailed_guide,4192d34d-9213-408e-8db5-7938c83c046f,en,whitehall,2022-05-27T09:00:00.000Z,2023-03-31T14:03:26.000Z,,,34,"Health and social care,GOV.UK homepage,COVID-19",UK Health Security Agency,UK Health Security Agency,2019 to 2022 Johnson Conservative government,,,
https://www.gov.uk/guidance/clinical-trials-for-medicines-expert-advice,Clinical trials for medicines: expert advice,detailed_guide,e8be55c3-5681-4c8e-8e44-ffe07f798af5,en,whitehall,2025-06-24T23:00:00.000Z,2026-01-12T09:00:01.000Z,,,34,"Health and social care,GOV.UK homepage,Clinical trials and investigations,Medicines, medical devices",Medicines and Healthcare products Regulatory Agency,Medicines and Healthcare products Regulatory Agency,2024 Starmer Labour government,,,
https://www.gov.uk/guidance/evaluation-in-health-and-wellbeing-methods,Evaluation methods: evaluation in health and wellbeing,detailed_guide,2d02cf50-5c72-4918-b928-fa489c31edf2,en,whitehall,2018-08-06T23:00:00.000Z,2018-08-06T23:00:00.000Z,,,34,"GOV.UK homepage,Public health,Health and social care",Office for Health Improvement and Disparities,Office for Health Improvement and Disparities,2016 to 2019 May Conservative government,,,
https://www.gov.uk/guidance/mhra-phase-i-accreditation-scheme,MHRA phase I accreditation scheme,detailed_guide,5ee664cd-7631-11e4-a3cb-005056011aef,en,whitehall,2014-12-18T00:00:00.000Z,2025-08-08T14:34:18.000Z,,,33,"Medicines, medical devices,Clinical trials and investigations,Public health,National Health Service,GOV.UK homepage,Patient safety,Health and social care,Good practice, inspections and enforcement",Medicines and Healthcare products Regulatory Agency,Medicines and Healthcare products Regulatory Agency,2010 to 2015 Conservative and Liberal Democrat coalition government,,,
https://www.gov.uk/guidance/cholera,"Cholera: guidance, data and analysis",detailed_guide,6020498a-7631-11e4-a3cb-005056011aef,en,whitehall,2007-11-22T00:00:00.000Z,2024-08-05T09:45:08.000Z,,,33,"Health and social care,Public health,Infectious diseases,GOV.UK homepage,Health protection",UK Health Security Agency,UK Health Security Agency,2007 to 2010 Brown Labour government,,,
https://www.gov.uk/guidance/ebola-and-marburg-haemorrhagic-fevers-outbreaks-and-case-locations,Ebola and Marburg haemorrhagic fevers: outbreaks and case locations,detailed_guide,5fe24280-7631-11e4-a3cb-005056011aef,en,whitehall,2014-03-23T00:00:00.000Z,2026-01-28T11:28:24.000Z,,,33,"Public health,Infectious diseases,GOV.UK homepage,Health and social care,Health protection",UK Health Security Agency,UK Health Security Agency,2010 to 2015 Conservative and Liberal Democrat coalition government,,,
https://www.gov.uk/guidance/rabies,Rabies: how to spot and report the disease in animals,detailed_guide,5f60ce7d-7631-11e4-a3cb-005056011aef,en,whitehall,2014-08-26T13:02:00.000Z,2022-07-05T10:46:42.000Z,,,33,"GOV.UK homepage,Health and social care,Public health","Department for Environment, Food & Rural Affairs","Department for Environment, Food & Rural Affairs,Animal and Plant Health Agency",2010 to 2015 Conservative and Liberal Democrat coalition government,,,
https://www.gov.uk/guidance/maritime-passenger-rights-your-journey,Maritime passenger rights: your journey,detailed_guide,09707ed1-494e-44da-91b3-1b04484ac94f,en,whitehall,2022-02-22T09:42:57.000Z,2022-02-22T09:42:57.000Z,,,32,"Society and culture,Tourism,Transport accessibility and disability,Ports, harbours and offshore installations,Disability rights,Help on public transport,Disability equipment and transport,Disabled people,Going and being abroad,UK sea passengers,GOV.UK homepage,Travel abroad,Waterways (maritime),Maritime passenger rights,Maritime and shipping,Health and social care,Transport",Department for Transport,Department for Transport,2019 to 2022 Johnson Conservative government,,,
https://www.gov.uk/guidance/decentralised-manufacture-uk-guideline-on-good-manufacturing-practice-gmp,Decentralised manufacture: UK Guideline on Good Manufacturing Practice (GMP),detailed_guide,029c77f1-1f16-4cd2-84a2-dc676aa768fe,en,whitehall,2025-06-09T23:00:00.000Z,2025-06-09T23:00:00.000Z,,,32,"Health and social care,GOV.UK homepage,Medicines, medical devices",Medicines and Healthcare products Regulatory Agency,Medicines and Healthcare products Regulatory Agency,2024 Starmer Labour government,,,
https://www.gov.uk/guidance/current-dwp-research-in-the-field-undertaken-by-external-organisations,Current DWP research being undertaken by external organisations,detailed_guide,cb97547e-6b2a-47be-a757-a77b25244e47,en,whitehall,2025-04-06T23:00:00.000Z,2026-01-30T14:20:31.000Z,,,32,"Research and innovation in health and social care,Health and social care,GOV.UK homepage",Department for Work and Pensions,Department for Work and Pensions,2024 Starmer Labour government,,,
https://www.gov.uk/guidance/healthcare-in-malta,Healthcare for UK nationals living in Malta,detailed_guide,c47dace1-f237-41e0-aa06-5c77088e2419,en,whitehall,2019-09-22T23:00:00.000Z,2021-10-14T18:14:04.000Z,,,32,"UK help and services in Malta,Going and being abroad,Brexit,Government,Help and services around the world,British nationals overseas,Living abroad,Living in Malta,Health and social care,GOV.UK homepage",Department of Health and Social Care,"Department of Health and Social Care,Foreign, Commonwealth & Development Office",2019 to 2022 Johnson Conservative government,,,
https://www.gov.uk/guidance/newborn-hearing-screening-programme-overview,Newborn hearing screening: programme overview,detailed_guide,a54f5913-f34c-4b77-b3fc-b05c1aa120b0,en,whitehall,2013-03-31T23:00:00.000Z,2024-07-08T15:24:16.000Z,,,32,"Health and social care,GOV.UK homepage,NHS newborn hearing screening programme (NHSP),Population screening programmes,Public health",NHS England,NHS England,2010 to 2015 Conservative and Liberal Democrat coalition government,,,
https://www.gov.uk/guidance/newborn-and-infant-physical-examination-screening-programme-overview,Newborn and infant physical examination (NIPE) screening: programme overview,detailed_guide,1ffb25e3-8779-4a94-8641-d48ad6c251fe,en,whitehall,2013-01-01T00:00:00.000Z,2024-07-08T15:23:28.000Z,,,32,"NHS newborn and infant physical examination (NIPE) screening programme,GOV.UK homepage,Public health,Population screening programmes,Health and social care",NHS England,NHS England,2010 to 2015 Conservative and Liberal Democrat coalition government,,,
https://www.gov.uk/guidance/abdominal-aortic-aneurysm-screening-programme-overview,Abdominal aortic aneurysm screening: programme overview,detailed_guide,0f858801-3e0d-4cd8-b60e-8d607a8cfd1e,en,whitehall,2015-01-02T00:00:00.000Z,2024-07-08T15:22:23.000Z,,,32,"NHS abdominal aortic aneurysm (AAA) programme,Public health,Population screening programmes,Health and social care,GOV.UK homepage",NHS England,NHS England,2010 to 2015 Conservative and Liberal Democrat coalition government,,,
https://www.gov.uk/guidance/bloodborne-viruses-in-healthcare-workers-report-exposures-and-reduce-risks,Bloodborne viruses in healthcare workers: managing and reducing risks,detailed_guide,5fdd7f12-7631-11e4-a3cb-005056011aef,en,whitehall,2012-12-05T00:00:00.000Z,2025-03-31T08:30:03.000Z,,,32,"GOV.UK homepage,Health protection,Health and social care,Infectious diseases,Public health",UK Health Security Agency,UK Health Security Agency,2010 to 2015 Conservative and Liberal Democrat coalition government,,,
https://www.gov.uk/guidance/gumcad-sti-surveillance-system,GUMCAD STI Surveillance System,detailed_guide,c2fcf09d-216e-4479-9587-6e6c3124a349,en,whitehall,2013-12-19T00:00:00.000Z,2025-01-09T11:55:11.000Z,,,31,"Health and social care,GOV.UK homepage,Infectious diseases,Sexual and reproductive health,Health surveillance and reporting programmes,Public health,Health protection",UK Health Security Agency,UK Health Security Agency,2010 to 2015 Conservative and Liberal Democrat coalition government,,,
https://www.gov.uk/guidance/ventilation-to-reduce-the-spread-of-respiratory-infections-including-covid-19,"Ventilation to reduce the spread of respiratory infections, including COVID-19",detailed_guide,d51368da-136d-4855-968e-de6743c79b05,en,whitehall,2021-03-04T00:00:00.000Z,2022-08-02T10:31:13.000Z,,,31,"COVID-19,GOV.UK homepage,Health and social care",UK Health Security Agency,UK Health Security Agency,2019 to 2022 Johnson Conservative government,,,
https://www.gov.uk/guidance/healthcare-in-greece,Healthcare for UK nationals living in Greece,detailed_guide,9eb639af-ca4c-4675-9092-0b546f067cf3,en,whitehall,2019-09-22T23:00:00.000Z,2021-10-21T15:28:58.000Z,,,31,"Living abroad,Brexit,Living in Greece,Going and being abroad,British nationals overseas,GOV.UK homepage,Government,Help and services around the world,UK help and services in Greece,Health and social care",Department of Health and Social Care,"Department of Health and Social Care,Foreign, Commonwealth & Development Office",2019 to 2022 Johnson Conservative government,,,
https://www.gov.uk/guidance/tuberculosis-tb-migrant-health-guide,Tuberculosis (TB): migrant health guide,detailed_guide,6023475c-7631-11e4-a3cb-005056011aef,en,whitehall,2014-07-30T23:00:00.000Z,2025-03-31T13:25:11.000Z,,,31,"Health protection,GOV.UK homepage,Health and social care,Tuberculosis (TB) testing,Entering and staying in the UK,Migrant health,Visas and entry clearance,Public health",UK Health Security Agency,UK Health Security Agency,2010 to 2015 Conservative and Liberal Democrat coalition government,,,
https://www.gov.uk/guidance/guidance-on-project-orbis,Project Orbis,detailed_guide,9acce20d-898a-4f4a-a567-f163e9a60f3e,en,whitehall,2020-12-10T00:00:00.000Z,2025-10-01T09:02:47.000Z,,,31,"Medicines, medical devices,GOV.UK homepage,Health and social care",Medicines and Healthcare products Regulatory Agency,Medicines and Healthcare products Regulatory Agency,2019 to 2022 Johnson Conservative government,,,
https://www.gov.uk/guidance/surgical-site-infection-surveillance-service-ssiss,Surgical site infection surveillance service (SSISS),detailed_guide,60242601-7631-11e4-a3cb-005056011aef,en,whitehall,2014-02-20T00:00:00.000Z,2022-09-22T12:44:06.000Z,,,30,"Health and social care,Public health,Health protection,Health surveillance and reporting programmes,GOV.UK homepage",UK Health Security Agency,UK Health Security Agency,2010 to 2015 Conservative and Liberal Democrat coalition government,,,
https://www.gov.uk/guidance/tattooing-and-body-piercing-infection-prevention-and-control,Tattooing and body piercing: infection prevention and control,detailed_guide,30c11278-a5d3-4235-9801-0754b6e76c84,en,whitehall,2025-03-05T09:30:35.000Z,2025-03-05T09:30:35.000Z,,,30,"GOV.UK homepage,Health and social care,Health protection,Public health,Infectious diseases",UK Health Security Agency,UK Health Security Agency,2024 Starmer Labour government,,,
https://www.gov.uk/guidance/evaluation-in-health-and-wellbeing-introduction,Introduction to evaluation in health and wellbeing,detailed_guide,e8660f4e-ddd8-491d-aa4b-cc0d04d70ea8,en,whitehall,2018-08-06T23:00:00.000Z,2018-08-06T23:00:00.000Z,,,30,"Public health,Health and social care,GOV.UK homepage",Public Health England,Public Health England,2016 to 2019 May Conservative government,,,
https://www.gov.uk/guidance/yersinia-gastroenteritis,Yersinia gastroenteritis,detailed_guide,241744a0-1a6e-4951-be7a-44742035cbcc,en,whitehall,2023-12-13T09:30:23.000Z,2023-12-13T09:30:23.000Z,,,30,"Health protection,Health and social care,Public health,Infectious diseases,GOV.UK homepage",UK Health Security Agency,UK Health Security Agency,2022 to 2024 Sunak Conservative government,,,
https://www.gov.uk/guidance/healthcare-for-offenders,Healthcare for offenders,detailed_guide,5f9d6c01-7631-11e4-a3cb-005056011aef,en,whitehall,2014-07-01T14:19:00.000Z,2023-02-23T11:09:15.000Z,,,30,"Prisons and probation,Public health,Crime, justice and law,National Health Service,Health and social care,Prisons healthcare,GOV.UK homepage",HM Prison and Probation Service,HM Prison and Probation Service,2010 to 2015 Conservative and Liberal Democrat coalition government,,,
https://www.gov.uk/guidance/how-and-when-to-submit-research-applications-to-arsac,How and when to submit research applications to ARSAC,detailed_guide,60290289-7631-11e4-a3cb-005056011aef,en,whitehall,2014-10-30T00:00:00.000Z,2025-05-27T10:04:08.000Z,,,30,"Health and social care,GOV.UK homepage,Public health",Administration of Radioactive Substances Advisory Committee,Administration of Radioactive Substances Advisory Committee,2010 to 2015 Conservative and Liberal Democrat coalition government,,,
https://www.gov.uk/guidance/mosquitoes-species-profiles,Mosquitoes species profiles,detailed_guide,f4fe543c-1249-4c08-8f50-e57d105e9297,en,whitehall,2025-03-06T09:30:12.000Z,2025-03-06T09:30:12.000Z,,,30,"Public health,Health and social care,Climate and health,GOV.UK homepage",UK Health Security Agency,UK Health Security Agency,2024 Starmer Labour government,,,
https://www.gov.uk/guidance/guidance-on-making-wills-using-video-conferencing,Guidance on making wills using video-conferencing,detailed_guide,4e151fda-5a77-411e-9fbd-cf0e6c6aa4a3,en,whitehall,2020-07-24T23:00:00.000Z,2022-01-12T10:35:32.000Z,,,30,"Life circumstances,GOV.UK homepage,Health and social care,Death and bereavement,COVID-19",Ministry of Justice,Ministry of Justice,2019 to 2022 Johnson Conservative government,,,
https://www.gov.uk/guidance/health-economics-a-guide-for-public-health-teams,Health economics: a guide for public health teams,detailed_guide,1a215745-1551-4abc-bc7b-a7ddec8bece9,en,whitehall,2017-05-13T23:00:00.000Z,2025-11-13T14:48:47.000Z,,,30,"Health improvement,Health and social care,GOV.UK homepage,Social care,Public health",Public Health England,Public Health England,2016 to 2019 May Conservative government,,,
https://www.gov.uk/guidance/access-consortium,Access Consortium,detailed_guide,6c2d5529-dca5-4008-94fb-1c16cae6abdd,en,whitehall,2020-12-10T00:00:00.000Z,2024-02-26T09:23:33.000Z,,,30,"GOV.UK homepage,Medicines, medical devices,Health and social care",Medicines and Healthcare products Regulatory Agency,Medicines and Healthcare products Regulatory Agency,2019 to 2022 Johnson Conservative government,,,
https://www.gov.uk/guidance/bru-reference-services,Brucella: laboratory and clinical services,detailed_guide,5fe5837c-7631-11e4-a3cb-005056011aef,en,whitehall,2014-04-22T23:00:00.000Z,2026-02-12T17:39:39.000Z,,,29,"Health protection,Infectious diseases,GOV.UK homepage,Public health,Health and social care",UK Health Security Agency,UK Health Security Agency,2010 to 2015 Conservative and Liberal Democrat coalition government,,,
https://www.gov.uk/guidance/looking-after-children-and-those-in-early-years-settings-before-and-during-hot-weather-teachers-and-other-educational-professionals,Looking after children and those in early years settings before and during hot weather: teachers and other educational professionals,detailed_guide,886c5335-feea-4b1a-9478-4ea3b86569b9,en,whitehall,2024-12-19T00:00:00.000Z,2024-12-19T00:00:00.000Z,,,29,"Public health,Health protection,Health and social care,GOV.UK homepage,Emergency response",UK Health Security Agency,UK Health Security Agency,2024 Starmer Labour government,,,
https://www.gov.uk/guidance/disability-confident-how-to-complain,Raise an issue with a Disability Confident employer,detailed_guide,66bd7153-5528-4880-a00f-414293948c91,en,whitehall,2020-06-03T10:10:00.000Z,2021-10-14T13:16:05.000Z,,,29,"Disabled people,Disability rights,GOV.UK homepage,Health and social care",Department for Work and Pensions,Department for Work and Pensions,2019 to 2022 Johnson Conservative government,,,
https://www.gov.uk/guidance/sourcing-medicines-for-the-great-britain-market-from-an-approved-country-for-import-or-northern-ireland,Sourcing medicines for the UK market,detailed_guide,02f914a4-da2a-4ffa-a3dd-7519ac369c15,en,whitehall,2020-12-31T00:00:00.000Z,2024-12-30T16:48:56.000Z,,,29,"Health and social care,GOV.UK homepage,Manufacturing, wholesaling, importing and exporting medicines,Brexit,Government,Medicines, medical devices",Medicines and Healthcare products Regulatory Agency,Medicines and Healthcare products Regulatory Agency,2019 to 2022 Johnson Conservative government,,,
https://www.gov.uk/guidance/clinical-trials-regulations-webinar-recordings,Clinical Trials Regulations webinar recordings,detailed_guide,394416a2-18ba-425e-a6bb-dca2b19a6b62,en,whitehall,2024-11-13T00:00:00.000Z,2025-03-28T12:41:46.000Z,,,29,"Medicines, medical devices,Health and social care,GOV.UK homepage",Medicines and Healthcare products Regulatory Agency,Medicines and Healthcare products Regulatory Agency,2024 Starmer Labour government,,,
https://www.gov.uk/guidance/clade-i-mpox-affected-countries,Mpox: affected countries,detailed_guide,518afc95-d454-425f-8301-25c51ecb813c,en,whitehall,2024-10-13T23:00:00.000Z,2026-01-28T11:41:46.000Z,,,29,"GOV.UK homepage,Public health,Infectious diseases,Health and social care,Health protection",UK Health Security Agency,UK Health Security Agency,2024 Starmer Labour government,,,
https://www.gov.uk/guidance/services-for-ukhsa-staff-ukhsa-knowledge-and-library-services,Services for UKHSA staff: UKHSA Knowledge and Library Services,detailed_guide,604e4199-ecc3-4fd6-bf66-ec028971f050,en,whitehall,2025-07-27T23:00:00.000Z,2025-07-27T23:00:00.000Z,,,29,"Health protection,Health and social care,GOV.UK homepage,Public health",UK Health Security Agency,UK Health Security Agency,2024 Starmer Labour government,,,
https://www.gov.uk/guidance/q-fever,"Q fever infections in humans: sources, transmission, treatment",detailed_guide,6021cef0-7631-11e4-a3cb-005056011aef,en,whitehall,2008-09-10T23:00:00.000Z,2025-07-15T15:49:04.000Z,,,28,"Health protection,Public health,Infectious diseases,Health and social care,GOV.UK homepage",UK Health Security Agency,UK Health Security Agency,2007 to 2010 Brown Labour government,,,
https://www.gov.uk/guidance/infectious-diseases-in-pregnancy-screening-programme-overview,Infectious diseases in pregnancy screening (IDPS): programme overview,detailed_guide,422c4a5b-9b8c-4606-bd10-413840c92173,en,whitehall,2015-01-01T00:00:00.000Z,2024-07-08T15:26:06.000Z,,,28,"Sexual and reproductive health,NHS infectious diseases in pregnancy screening (IDPS) programme,Public health,GOV.UK homepage,Health and social care,Population screening programmes",NHS England,NHS England,2010 to 2015 Conservative and Liberal Democrat coalition government,,,
https://www.gov.uk/guidance/send-and-receive-information-on-adverse-drug-reactions-adrs,Send and receive information on adverse drug reactions (ADRs),detailed_guide,602b9186-7631-11e4-a3cb-005056011aef,en,whitehall,2014-12-18T00:00:00.000Z,2024-05-09T15:30:01.000Z,,,28,"GOV.UK homepage,Health and social care,Vigilance, safety alerts and guidance,Medicines, medical devices,Marketing authorisations, variations and licensing guidance",Medicines and Healthcare products Regulatory Agency,Medicines and Healthcare products Regulatory Agency,2010 to 2015 Conservative and Liberal Democrat coalition government,,,
https://www.gov.uk/guidance/imported-fever-service-ifs,Imported Fever Service (IFS),detailed_guide,5fe5912c-7631-11e4-a3cb-005056011aef,en,whitehall,2014-08-07T23:00:00.000Z,2026-01-16T10:19:03.000Z,,,28,"Public health,Laboratories and reference facilities,Health and social care,Health protection,GOV.UK homepage",UK Health Security Agency,UK Health Security Agency,2010 to 2015 Conservative and Liberal Democrat coalition government,,,
https://www.gov.uk/guidance/conditional-marketing-authorisations-exceptional-circumstances-marketing-authorisations-and-national-scientific-advice,"Conditional marketing authorisations, exceptional circumstances MAs, scientific advice",detailed_guide,a22c2989-955c-4487-9ff1-4f33eae072a9,en,whitehall,2020-12-31T00:00:00.000Z,2025-03-11T11:46:34.000Z,,,27,"Health and social care,Marketing authorisations, variations and licensing guidance,Government,Brexit,Medicines, medical devices,GOV.UK homepage",Medicines and Healthcare products Regulatory Agency,Medicines and Healthcare products Regulatory Agency,2019 to 2022 Johnson Conservative government,,,
https://www.gov.uk/guidance/group-b-streptococcal-infections,"Group B streptococcal infections: guidance, data and analysis",detailed_guide,60206425-7631-11e4-a3cb-005056011aef,en,whitehall,2013-03-31T23:00:00.000Z,2023-12-18T11:44:56.000Z,,,27,"Health and social care,Infectious diseases,Health surveillance and reporting programmes,GOV.UK homepage,Public health,Health protection",UK Health Security Agency,UK Health Security Agency,2010 to 2015 Conservative and Liberal Democrat coalition government,,,
https://www.gov.uk/guidance/lyme-borreliosis-service,Lyme disease services,detailed_guide,5fe3a9aa-7631-11e4-a3cb-005056011aef,en,whitehall,2014-06-30T23:00:00.000Z,2022-04-14T10:37:02.000Z,,,27,"Infectious diseases,Public health,Laboratories and reference facilities,GOV.UK homepage,Health and social care,Health protection",UK Health Security Agency,UK Health Security Agency,2010 to 2015 Conservative and Liberal Democrat coalition government,,,
https://www.gov.uk/guidance/on-site-access-to-electronic-health-records-by-sponsor-representatives-in-clinical-trials,Access to Electronic Health Records by Sponsor representatives in clinical trials,detailed_guide,bb576f89-fdbf-4622-a869-656592b10546,en,whitehall,2020-11-26T16:03:00.000Z,2021-09-08T10:42:44.000Z,,,27,"Clinical trials and investigations,Health and social care,GOV.UK homepage,Medicines, medical devices",Medicines and Healthcare products Regulatory Agency,Medicines and Healthcare products Regulatory Agency,2019 to 2022 Johnson Conservative government,,,
https://www.gov.uk/guidance/advanced-therapy-medicinal-products-regulation-and-licensing,Advanced therapy medicinal products: regulation and licensing in UK,detailed_guide,472c541b-f87a-4058-815f-ac3b92b1dee6,en,whitehall,2015-01-26T00:00:00.000Z,2025-03-06T16:25:39.000Z,,,27,"Marketing authorisations, variations and licensing guidance,GOV.UK homepage,Health and social care,Medicines, medical devices",Medicines and Healthcare products Regulatory Agency,Medicines and Healthcare products Regulatory Agency,2010 to 2015 Conservative and Liberal Democrat coalition government,,,
https://www.gov.uk/guidance/anthrax-guidance-for-testing,Anthrax: guidance for testing,detailed_guide,71e1377c-b008-4d93-887a-cf02010b2a07,en,whitehall,2002-09-10T23:00:00.000Z,2025-11-28T16:16:34.000Z,,,27,"Health protection,Public health,GOV.UK homepage,Health and social care,Infectious diseases",UK Health Security Agency,UK Health Security Agency,1997 to 2007 Blair Labour government,,,
https://www.gov.uk/guidance/claim-industrial-injuries-disablement-benefit-for-dupuytrens-contracture,Claim Industrial Injuries Disablement Benefit for Dupuytren's contracture,detailed_guide,30d6f0db-c680-4ce5-ae1a-a77311bf9cf2,en,whitehall,2019-12-09T00:00:00.000Z,2025-10-13T09:45:55.000Z,,,26,"Welfare,Disabled people,GOV.UK homepage,Benefits and financial help,Carers and disability benefits,Health and social care,Benefits entitlement",Department for Work and Pensions,Department for Work and Pensions,2019 to 2022 Johnson Conservative government,,,
https://www.gov.uk/guidance/monkeypox-diagnostic-testing,Mpox: diagnostic testing,detailed_guide,e1ad3185-00fb-4481-ad1a-cce71b496555,en,whitehall,2022-05-23T23:00:00.000Z,2025-04-04T08:22:53.000Z,,,26,"Health protection,GOV.UK homepage,Health and social care,Infectious diseases,Public health",UK Health Security Agency,UK Health Security Agency,2019 to 2022 Johnson Conservative government,,,
https://www.gov.uk/guidance/nhs-population-screening-education-and-training,NHS population screening: education and training,detailed_guide,2d1f56c7-1ea5-4642-80df-9a8772854acf,en,whitehall,2017-12-08T00:00:00.000Z,2023-07-11T15:19:20.000Z,,,26,"NHS breast screening (BSP) programme ,NHS abdominal aortic aneurysm (AAA) programme,Public health,NHS newborn blood spot (NBS) screening programme,NHS sickle cell and thalassaemia (SCT) screening programme,NHS fetal anomaly screening programme (FASP),NHS infectious diseases in pregnancy screening (IDPS) programme,NHS diabetic eye screening (DES) programme,Population screening programmes,NHS bowel cancer screening (BCSP) programme,NHS newborn hearing screening programme (NHSP),Health and social care,NHS cervical screening (CSP) programme ,Quality assurance in population screening,NHS newborn and infant physical examination (NIPE) screening programme,GOV.UK homepage",NHS England,NHS England,2016 to 2019 May Conservative government,,,
https://www.gov.uk/guidance/ukhsas-vaccine-development-and-evaluation-centre-vdec,UKHSA's Vaccine Development and Evaluation Centre (VDEC),detailed_guide,4834290d-a339-4ea4-a910-b40d868cca0f,en,whitehall,2023-08-06T23:00:00.000Z,2025-01-10T09:44:20.000Z,,,26,"Clinical trials and investigations,Health and social care,GOV.UK homepage,Medicines, medical devices,Technology in health and social care,Research and innovation in health and social care",UK Health Security Agency,UK Health Security Agency,2022 to 2024 Sunak Conservative government,,,
https://www.gov.uk/guidance/oropouche-virus-disease,Oropouche virus disease,detailed_guide,f57b01c9-f0a6-4d2d-ab71-13ef36a6f81f,en,whitehall,2025-06-25T23:00:00.000Z,2026-01-05T15:53:44.000Z,,,26,"Health protection,GOV.UK homepage,Health and social care,Infectious diseases,Public health",UK Health Security Agency,UK Health Security Agency,2024 Starmer Labour government,,,
https://www.gov.uk/guidance/international-council-for-harmonisation-of-technical-requirements-for-pharmaceuticals-for-human-use-guidelines,International Council for Harmonisation of Technical Requirements for Pharmaceuticals for Human Use Guidelines,detailed_guide,1b9b48e5-554c-4b12-965b-0df9223f91a4,en,whitehall,2024-04-03T23:00:00.000Z,2024-12-19T16:14:34.000Z,,,25,"GOV.UK homepage,Health and social care,Medicines, medical devices",Medicines and Healthcare products Regulatory Agency,Medicines and Healthcare products Regulatory Agency,2022 to 2024 Sunak Conservative government,,,
https://www.gov.uk/guidance/healthcare-in-portugal-including-madeira,Healthcare for UK nationals living in Portugal,detailed_guide,eda12840-382d-4801-9de7-4c8cc9933b4a,en,whitehall,2019-09-22T23:00:00.000Z,2021-10-14T16:18:13.000Z,,,25,"Brexit,British nationals overseas,Health and social care,Living abroad,UK help and services in Portugal,Government,GOV.UK homepage,Help and services around the world,Living in Portugal,Going and being abroad",Department of Health and Social Care,"Department of Health and Social Care,Foreign, Commonwealth & Development Office",2019 to 2022 Johnson Conservative government,,,
https://www.gov.uk/guidance/eligibility-for-a-national-clinical-impact-award,Eligibility for a national Clinical Impact Award,detailed_guide,b9e6463c-0ff2-44d3-a534-669ac592b65f,en,whitehall,2025-03-05T00:00:00.000Z,2025-03-05T00:00:00.000Z,,,25,"National Health Service,Health workforce,GOV.UK homepage,Health and social care",Advisory Committee on Clinical Impact Awards,Advisory Committee on Clinical Impact Awards,2024 Starmer Labour government,,,
https://www.gov.uk/guidance/downs-syndrome-screening-quality-assurance-support-service,Down’s syndrome screening quality assurance support service,detailed_guide,0bf7e875-1dd1-49f1-b022-0168e5894691,en,whitehall,2014-01-01T00:00:00.000Z,2024-10-08T14:40:06.000Z,,,25,"GOV.UK homepage,Public health,Health and social care,NHS fetal anomaly screening programme (FASP),Population screening programmes",NHS England,NHS England,2010 to 2015 Conservative and Liberal Democrat coalition government,,,
https://www.gov.uk/guidance/hiv-surveillance-systems,HIV surveillance systems,detailed_guide,5fa6be6d-7631-11e4-a3cb-005056011aef,en,whitehall,2008-01-01T00:00:00.000Z,2008-01-01T00:00:00.000Z,,,24,"GOV.UK homepage,Public health,Sexual and reproductive health,Health and social care",Public Health England,Public Health England,2007 to 2010 Brown Labour government,,,
https://www.gov.uk/guidance/iodine-metabolism-migrant-health-guide,Iodine: migrant health guide,detailed_guide,60234e6c-7631-11e4-a3cb-005056011aef,en,whitehall,2014-07-30T23:00:00.000Z,2021-05-20T09:55:54.000Z,,,24,"GOV.UK homepage,Public health,Health protection,Health and social care,Migrant health",Office for Health Improvement and Disparities,Office for Health Improvement and Disparities,2010 to 2015 Conservative and Liberal Democrat coalition government,,,
https://www.gov.uk/guidance/medicines-marketing-authorisation-holders-submission-of-nitrosamine-risk-evaluation,"Medicines: Marketing Authorisation Holders' submission of Nitrosamine risk evaluation, risk assessment and confirmatory testing",detailed_guide,121c8823-6934-41cf-8ca3-e60bf5cd7193,en,whitehall,2019-12-18T00:00:00.000Z,2025-09-03T13:04:41.000Z,,,24,"Marketing authorisations, variations and licensing guidance,Health and social care,Medicines, medical devices,GOV.UK homepage",Medicines and Healthcare products Regulatory Agency,Medicines and Healthcare products Regulatory Agency,2019 to 2022 Johnson Conservative government,,,
https://www.gov.uk/guidance/gbru-reference-and-diagnostic-services,GBRU: reference and diagnostic services,detailed_guide,5fe35650-7631-11e4-a3cb-005056011aef,en,whitehall,2014-06-30T23:00:00.000Z,2024-05-29T15:11:24.000Z,,,24,"Research, testing and standards,Health and social care,Laboratories and reference facilities,Health and wellbeing during COVID-19,Public health,COVID-19,Health protection,GOV.UK homepage",UK Health Security Agency,UK Health Security Agency,2010 to 2015 Conservative and Liberal Democrat coalition government,,,
https://www.gov.uk/guidance/commemorating-the-covid-19-pandemic,Commemorating the COVID-19 Pandemic,detailed_guide,d016d151-eb08-4537-89c6-bb2f72635e68,en,whitehall,2025-11-13T08:30:00.000Z,2025-11-13T08:30:00.000Z,,,24,"Health and social care,COVID-19,GOV.UK homepage","Department for Culture, Media and Sport","Department for Culture, Media and Sport",2024 Starmer Labour government,,,
https://www.gov.uk/guidance/immunisation-migrant-health-guide,Immunisation: migrant health guide,detailed_guide,602345e2-7631-11e4-a3cb-005056011aef,en,whitehall,2014-07-30T23:00:00.000Z,2025-03-31T13:27:02.000Z,,,24,"Migrant health,Health protection,Public health,Immunisation,Health and social care,GOV.UK homepage",UK Health Security Agency,UK Health Security Agency,2010 to 2015 Conservative and Liberal Democrat coalition government,,,
https://www.gov.uk/guidance/enabling-integrated-care-in-the-nhs,Delivering better integrated care,detailed_guide,5f1b87cc-7631-11e4-a3cb-005056011aef,en,whitehall,2014-05-27T13:31:00.000Z,2015-03-11T11:48:52.000Z,,,24,"Social care,Dementia,Health and social care integration,Health conditions,Public health,National Health Service,GOV.UK homepage,Health and social care",Monitor,Monitor,2010 to 2015 Conservative and Liberal Democrat coalition government,,,
https://www.gov.uk/guidance/evaluation-in-health-and-wellbeing-outcome,Outcome evaluation: evaluation in health and wellbeing,detailed_guide,36a93837-ff8a-492a-bfc2-e0010f419f6a,en,whitehall,2018-08-06T23:00:00.000Z,2018-08-06T23:00:00.000Z,,,23,"Public health,GOV.UK homepage,Health and social care",Office for Health Improvement and Disparities,Office for Health Improvement and Disparities,2016 to 2019 May Conservative government,,,
https://www.gov.uk/guidance/covid-19-commemoration-programme-help-and-support,COVID-19 Commemoration programme: help and support,detailed_guide,67c259eb-91f2-4106-bb97-e40b65a4c2cd,en,whitehall,2025-11-13T00:00:00.000Z,2026-02-04T16:50:13.000Z,,,23,"GOV.UK homepage,COVID-19,Health and social care","Department for Culture, Media and Sport","Department for Culture, Media and Sport",2024 Starmer Labour government,,,
https://www.gov.uk/guidance/mmr-catchup-programme-diagnosis-case-management-and-advice,"MMR catchup programme: diagnosis, case management, and advice",detailed_guide,5e2b9ed0-7631-11e4-a3cb-005056011aef,en,whitehall,2013-05-01T23:00:00.000Z,2025-07-17T16:11:48.000Z,,,23,"Immunisation,Children's health,Infectious diseases,Health and social care,GOV.UK homepage,Health protection,Public health,Parenting, childcare and children's services ,Children's health and welfare",UK Health Security Agency,"UK Health Security Agency,Department of Health and Social Care",2010 to 2015 Conservative and Liberal Democrat coalition government,,,
https://www.gov.uk/guidance/commissioning-regional-and-local-sexual-health-services,Commissioning local HIV sexual and reproductive health services,detailed_guide,5ebfe63e-7631-11e4-a3cb-005056011aef,en,whitehall,2013-11-22T00:00:00.000Z,2025-01-06T09:30:03.000Z,,,23,"Public health,Sexual and reproductive health,GOV.UK homepage,Health and social care",UK Health Security Agency,UK Health Security Agency,2010 to 2015 Conservative and Liberal Democrat coalition government,,,
https://www.gov.uk/guidance/improving-roma-health-a-guide-for-health-and-care-professionals,Improving Roma health: a guide for health and care professionals,detailed_guide,11d21195-89eb-4700-9f44-6a7a711ac7e8,en,whitehall,2022-11-03T15:15:02.000Z,2022-11-03T15:15:02.000Z,,,23,"National Health Service,Migrant health,Health and social care,Health protection,GOV.UK homepage,Public health",Office for Health Improvement and Disparities,Office for Health Improvement and Disparities,2022 to 2024 Sunak Conservative government,,,
https://www.gov.uk/guidance/infectious-diseases-in-asylum-seekers-actions-for-health-professionals,Infectious diseases in asylum seekers: actions for health professionals,detailed_guide,da1451d7-6406-41ba-b972-f558ab0868d0,en,whitehall,2022-12-16T16:54:00.000Z,2023-02-01T16:53:43.000Z,,,22,"Health and social care,Migrant health,GOV.UK homepage,Public health,Health protection",UK Health Security Agency,UK Health Security Agency,2022 to 2024 Sunak Conservative government,,,
https://www.gov.uk/guidance/head-lice-pediculosis,Head lice (pediculosis),detailed_guide,60204c75-7631-11e4-a3cb-005056011aef,en,whitehall,2013-03-31T23:00:00.000Z,2018-01-31T15:48:24.000Z,,,22,"GOV.UK homepage,Infectious diseases,Public health,Health and social care,Health protection",Public Health England,Public Health England,2010 to 2015 Conservative and Liberal Democrat coalition government,,,
https://www.gov.uk/guidance/interview-study-qualitative-studies,Interview study: qualitative studies,detailed_guide,c7f97f19-b33f-4f96-bb45-f906439f669c,en,whitehall,2020-01-30T17:00:00.000Z,2020-01-30T17:00:00.000Z,,,22,"GOV.UK homepage,Health protection,Health improvement,Research, testing and standards,Health and social care,Public health",Office for Health Improvement and Disparities,Office for Health Improvement and Disparities,2019 to 2022 Johnson Conservative government,,,
https://www.gov.uk/guidance/hiv-testing,HIV: testing,detailed_guide,c7d7ce4a-3713-4119-bb48-409ada9676f4,en,whitehall,2014-01-01T00:00:00.000Z,2025-07-15T15:37:44.000Z,,,22,"Sexual and reproductive health,Public health,GOV.UK homepage,Health and social care",UK Health Security Agency,UK Health Security Agency,2010 to 2015 Conservative and Liberal Democrat coalition government,,,
https://www.gov.uk/guidance/supporting-vulnerable-people-before-and-during-cold-weather-for-teachers-and-educational-professionals,Supporting vulnerable people before and during cold weather: for teachers and educational professionals,detailed_guide,99951aa4-2d98-48a6-8048-625a26cd6437,en,whitehall,2025-09-24T08:30:02.000Z,2025-09-24T08:30:02.000Z,,,22,"Climate and health,Health and social care,Public health,GOV.UK homepage",UK Health Security Agency,"UK Health Security Agency,Centre for Climate and Health Security",2024 Starmer Labour government,,,
https://www.gov.uk/guidance/medical-devices-get-regulatory-advice-from-the-mhra,Medical devices: get regulatory advice from the MHRA,detailed_guide,fc054053-0701-48ba-9729-1623f67480c4,en,whitehall,2025-12-03T00:00:00.000Z,2025-12-15T16:39:47.000Z,,,22,"GOV.UK homepage,Health and social care,Medical devices regulation and safety,Medicines, medical devices",Medicines and Healthcare products Regulatory Agency,Medicines and Healthcare products Regulatory Agency,2024 Starmer Labour government,,,
https://www.gov.uk/guidance/cervical-screening-ideas-for-improving-access-and-uptake,Cervical screening: ideas for improving access and uptake,detailed_guide,19a9c70c-9028-493f-8065-76586fd7f92a,en,whitehall,2020-03-03T00:00:00.000Z,2025-04-16T12:01:37.000Z,,,21,"Population screening programmes,GOV.UK homepage,Public health,Health and social care,NHS cervical screening (CSP) programme ",NHS England,NHS England,2019 to 2022 Johnson Conservative government,,,
https://www.gov.uk/guidance/breast-implants-and-anaplastic-large-cell-lymphoma-alcl,Breast implant associated anaplastic large cell lymphoma (BIA-ALCL),detailed_guide,95348535-95fe-416d-bbc6-45fca8575e72,en,whitehall,2017-07-25T23:00:00.000Z,2025-12-11T14:53:41.000Z,,,21,"Public health,Health and social care,GOV.UK homepage",Medicines and Healthcare products Regulatory Agency,Medicines and Healthcare products Regulatory Agency,2016 to 2019 May Conservative government,,,
https://www.gov.uk/guidance/candidozyma-auris-information-for-patients-and-visitors,Candidozyma auris: information for patients and visitors,detailed_guide,102adad1-a9f8-4a60-a80a-ab9cbfc8b10a,en,whitehall,2025-10-20T08:30:00.000Z,2025-10-20T08:30:00.000Z,,,21,"Health protection,GOV.UK homepage,Health and social care,Infectious diseases,Public health",UK Health Security Agency,UK Health Security Agency,2024 Starmer Labour government,,,
https://www.gov.uk/guidance/nhs-population-screening-quality-assurance,NHS population screening: role and functions of quality assurance,detailed_guide,15b63aae-2604-4d2b-88e2-210fa19d9286,en,whitehall,2014-01-01T00:00:00.000Z,2016-10-05T11:16:20.000Z,,,21,"GOV.UK homepage,Public health,Health and social care,Quality assurance in population screening,Population screening programmes",Public Health England,Public Health England,2010 to 2015 Conservative and Liberal Democrat coalition government,,,
https://www.gov.uk/guidance/vat-relief-for-charities-on-goods-and-building-work-for-disabled-people,VAT relief for charities on goods and building work for disabled people,detailed_guide,47797e68-8082-4361-89fa-8d61e6d807f0,en,whitehall,2015-01-06T12:00:00.000Z,2015-01-06T12:00:00.000Z,,,21,"VAT,Paying,Disabled people,Disability equipment and transport,Health and social care,Charging VAT,Business tax,Benefits and financial help,Money,GOV.UK homepage",HM Revenue & Customs,HM Revenue & Customs,2010 to 2015 Conservative and Liberal Democrat coalition government,,,
https://www.gov.uk/guidance/exceptional-use-authorisation,Exceptional Use Authorisation,detailed_guide,a881a51f-f0d1-4ae7-b15d-04834d5908a0,en,whitehall,2025-03-30T23:00:00.000Z,2025-03-30T23:00:00.000Z,,,21,"Medicines, medical devices,GOV.UK homepage,Medical devices regulation and safety,Health and social care",Medicines and Healthcare products Regulatory Agency,Medicines and Healthcare products Regulatory Agency,2024 Starmer Labour government,,,
https://www.gov.uk/guidance/courts-and-tribunals-additional-capacity-during-coronavirus-outbreak-nightingale-courts,Nightingale courts,detailed_guide,ee84a520-6e17-42df-9396-3994bef6629b,en,whitehall,2020-08-02T23:00:00.000Z,2025-07-15T23:00:00.000Z,,,21,"Health and social care,Crime, justice and law,GOV.UK homepage,COVID-19,Courts, sentencing and tribunals",HM Courts & Tribunals Service,HM Courts & Tribunals Service,2019 to 2022 Johnson Conservative government,,,
https://www.gov.uk/guidance/evaluation-in-health-and-wellbeing-planning,Planning an evaluation: evaluation in health and wellbeing,detailed_guide,f78c0451-e18b-4e5b-b942-a707740b1862,en,whitehall,2018-08-06T23:00:00.000Z,2018-08-06T23:00:00.000Z,,,21,"Health and social care,Public health,GOV.UK homepage",Office for Health Improvement and Disparities,Office for Health Improvement and Disparities,2016 to 2019 May Conservative government,,,
https://www.gov.uk/guidance/medicines-register-as-a-broker,Medicines: register as a broker,detailed_guide,5fe2de9d-7631-11e4-a3cb-005056011aef,en,whitehall,2014-12-18T00:00:00.000Z,2025-04-01T08:13:20.000Z,,,21,"Public health,GOV.UK homepage,Health and social care,Patient safety,Manufacturing, wholesaling, importing and exporting medicines,Medicines, medical devices,National Health Service",Medicines and Healthcare products Regulatory Agency,Medicines and Healthcare products Regulatory Agency,2010 to 2015 Conservative and Liberal Democrat coalition government,,,
https://www.gov.uk/guidance/local-authority-risk-and-adaptation-toolkit-heat-edition,Local Authority Risk and Adaptation Toolkit: Heat Edition,detailed_guide,4f91a939-b173-4e22-812a-339c39172d10,en,whitehall,2026-01-05T10:56:38.000Z,2026-01-05T10:56:38.000Z,,,21,"Health and social care,GOV.UK homepage,Public health,Emergency response,Health protection",UK Health Security Agency,"UK Health Security Agency,Centre for Climate and Health Security",2024 Starmer Labour government,,,
https://www.gov.uk/guidance/guidance-on-substantial-amendments-to-a-clinical-trial,Guidance on substantial amendments to a clinical trial,detailed_guide,0a68f0be-ef32-406d-a7c6-d892bfa6e5c6,en,whitehall,2020-12-31T23:01:00.000Z,2020-12-31T23:01:00.000Z,,,21,"Health and social care,Brexit,Clinical trials and investigations,GOV.UK homepage,Government,Medicines, medical devices",Medicines and Healthcare products Regulatory Agency,Medicines and Healthcare products Regulatory Agency,2019 to 2022 Johnson Conservative government,,,
https://www.gov.uk/guidance/submitting-chemicals-information-to-the-national-poisons-information-service,Submitting chemicals information to the National Poisons Information Service,detailed_guide,bcb2982f-58c0-4cf9-a826-f943cab3ece3,en,whitehall,2021-01-06T15:25:00.000Z,2021-05-24T16:06:50.000Z,,,21,"Chemical and environmental hazards,Brexit,Public health,GOV.UK homepage,Government,Health protection,Health and social care",Department of Health and Social Care,Department of Health and Social Care,2019 to 2022 Johnson Conservative government,,,
https://www.gov.uk/guidance/steps-to-take-before-calculating-your-claim-using-the-coronavirus-job-retention-scheme,Steps to take before calculating your claim using the Coronavirus Job Retention Scheme,detailed_guide,4b65586a-e477-42c7-acb4-0d0ba385cb5f,en,whitehall,2020-06-12T20:02:00.000Z,2021-10-28T23:15:07.000Z,,,20,"Managing your business during COVID-19,Employing people,Support for businesses and self-employed people during COVID-19,Money,Business and industry,Your responsibilities as an employer during COVID-19,GOV.UK homepage,COVID-19,Health and social care,Running a business,Dealing with HMRC,Business tax",HM Revenue & Customs,HM Revenue & Customs,2019 to 2022 Johnson Conservative government,,,
https://www.gov.uk/guidance/calculate-how-much-you-can-claim-using-the-coronavirus-job-retention-scheme,Calculate how much you can claim using the Coronavirus Job Retention Scheme,detailed_guide,d6f371aa-5dd7-4c37-8e59-e969600009c3,en,whitehall,2020-06-12T20:03:00.000Z,2021-10-28T23:15:07.000Z,,,20,"Health and social care,Dealing with HMRC,Employing people,Income Tax,Money,Paying HMRC,Your responsibilities as an employer during COVID-19,Running a business,COVID-19,Support for businesses and self-employed people during COVID-19,PAYE,Personal tax,Managing your business during COVID-19,GOV.UK homepage,Business and industry,Business tax",HM Revenue & Customs,HM Revenue & Customs,2019 to 2022 Johnson Conservative government,,,
https://www.gov.uk/guidance/licensing-procedure-for-electronic-cigarettes-as-medicines,Guidance for licensing electronic cigarettes and other inhaled nicotine-containing products as medicines,detailed_guide,2337d26f-28c6-4228-9d00-577ade9c3de3,en,whitehall,2017-12-14T09:41:00.000Z,2022-11-03T17:07:14.000Z,,,20,"Public health,Health and social care,GOV.UK homepage,Medicines, medical devices",Medicines and Healthcare products Regulatory Agency,Medicines and Healthcare products Regulatory Agency,2016 to 2019 May Conservative government,,,
https://www.gov.uk/guidance/covid-19-commemoration-programme-list-of-covid-19-memorials,COVID-19 Commemoration Programme: List of COVID-19 memorials,detailed_guide,a92b080e-5af5-4dde-906d-07ec27fdb7a2,en,whitehall,2025-11-13T08:30:00.000Z,2026-02-04T16:07:05.000Z,,,20,"Health and social care,COVID-19,GOV.UK homepage","Department for Culture, Media and Sport","Department for Culture, Media and Sport",2024 Starmer Labour government,,,
https://www.gov.uk/guidance/access-new-active-substance-nas-work-sharing-initiative,"Access, new active substance and biosimilar work sharing initiatives",detailed_guide,7f42312a-cdae-46a8-977b-a95fd85c17f5,en,whitehall,2020-12-10T00:00:00.000Z,2026-01-30T16:28:07.000Z,,,20,"Marketing authorisations, variations and licensing guidance,Health and social care,GOV.UK homepage,Medicines, medical devices",Medicines and Healthcare products Regulatory Agency,Medicines and Healthcare products Regulatory Agency,2019 to 2022 Johnson Conservative government,,,
https://www.gov.uk/guidance/human-parainfluenza-viruses-clinical-and-public-health-management,Human parainfluenza viruses: clinical and public health management,detailed_guide,6053f430-7631-11e4-a3cb-005056011aef,en,whitehall,2008-08-26T23:00:00.000Z,2008-08-26T23:00:00.000Z,,,20,"Infectious diseases,Public health,Health protection,Health and social care,GOV.UK homepage",Public Health England,Public Health England,2007 to 2010 Brown Labour government,,,
https://www.gov.uk/guidance/cervical-screening-education-and-training,Cervical screening: education and training,detailed_guide,7666e624-7da5-48c6-b743-c8a4c606f1b7,en,whitehall,2017-12-08T12:15:00.000Z,2022-11-29T15:21:38.000Z,,,20,"NHS cervical screening (CSP) programme ,GOV.UK homepage,Public health,Health and social care,Population screening programmes",NHS England,NHS England,2016 to 2019 May Conservative government,,,
https://www.gov.uk/guidance/cost-utility-analysis-health-economic-studies,Cost utility analysis: health economic studies,detailed_guide,754a03bf-2b71-4b26-9599-22696bdb6276,en,whitehall,2020-10-13T13:50:00.000Z,2020-10-13T13:50:00.000Z,,,19,"Public health,Health protection,GOV.UK homepage,Health and social care,Research, testing and standards,Health improvement",Office for Health Improvement and Disparities,Office for Health Improvement and Disparities,2019 to 2022 Johnson Conservative government,,,
https://www.gov.uk/guidance/assessing-new-patients-from-overseas-migrant-health-guide,Assessing new patients from overseas: migrant health guide,detailed_guide,5fefa19a-7631-11e4-a3cb-005056011aef,en,whitehall,2014-07-30T23:00:00.000Z,2021-08-02T11:44:46.000Z,,,19,"Health and social care,Public health,Migrant health,Health protection,GOV.UK homepage",Office for Health Improvement and Disparities,Office for Health Improvement and Disparities,2010 to 2015 Conservative and Liberal Democrat coalition government,,,
https://www.gov.uk/guidance/sexually-transmitted-infections-stis-migrant-health-guide,Sexually transmitted infections (STIs): migrant health guide,detailed_guide,60233efe-7631-11e4-a3cb-005056011aef,en,whitehall,2014-07-30T23:00:00.000Z,2025-03-10T15:33:49.000Z,,,19,"Migrant health,GOV.UK homepage,Public health,Health and social care,Sexual and reproductive health,Health protection",UK Health Security Agency,UK Health Security Agency,2010 to 2015 Conservative and Liberal Democrat coalition government,,,
https://www.gov.uk/guidance/exceptional-use-of-non-ukca-marked-medical-devices,Exceptional use of non-UKCA marked medical devices,detailed_guide,937f6da1-c59b-4c8d-91a2-923b608612d9,en,whitehall,2020-12-31T00:00:00.000Z,2022-12-30T12:53:37.000Z,,,19,"Marketing authorisations, variations and licensing guidance,GOV.UK homepage,Medicines, medical devices,Manufacturing, wholesaling, importing and exporting medicines,Health and social care,Medical devices regulation and safety",Medicines and Healthcare products Regulatory Agency,Medicines and Healthcare products Regulatory Agency,2019 to 2022 Johnson Conservative government,,,
https://www.gov.uk/guidance/pasteurellosis,"Pasteurellosis: characteristics, diagnosis and management",detailed_guide,60204940-7631-11e4-a3cb-005056011aef,en,whitehall,2011-05-22T23:00:00.000Z,2025-07-15T15:49:03.000Z,,,19,"Public health,Infectious diseases,Health protection,Health and social care,GOV.UK homepage",UK Health Security Agency,UK Health Security Agency,2010 to 2015 Conservative and Liberal Democrat coalition government,,,
https://www.gov.uk/guidance/heat-health-alerting-system,Heat-Health Alerting system,detailed_guide,352ffab9-06f4-4a30-8696-7a9713882214,en,whitehall,2024-12-19T00:00:00.000Z,2024-12-19T00:00:00.000Z,,,19,"Health protection,Public health,GOV.UK homepage,Health and social care,Emergency response",UK Health Security Agency,UK Health Security Agency,2024 Starmer Labour government,,,
https://www.gov.uk/guidance/listeria-monocytogenes-in-ready-to-eat-products-advice-for-health-professionals,Listeria monocytogenes in ready-to-eat products: advice for health professionals,detailed_guide,f2f19440-10d3-40c5-83ea-f9dcfccaacf6,en,whitehall,2025-04-24T15:25:01.000Z,2025-04-24T15:25:01.000Z,,,19,"Health protection,Public health,Infectious diseases,Health and social care,GOV.UK homepage",UK Health Security Agency,UK Health Security Agency,2024 Starmer Labour government,,,
https://www.gov.uk/guidance/services-for-local-authority-public-health-staff-ukhsa-knowledge-and-library-services,Services for local authority public health staff: UKHSA Knowledge and Library Services,detailed_guide,c38f1ca4-cad8-477d-bfde-3e3c21ead5ca,en,whitehall,2025-07-27T23:00:00.000Z,2025-09-11T14:01:40.000Z,,,19,"Health and social care,Health protection,GOV.UK homepage,Public health",UK Health Security Agency,UK Health Security Agency,2024 Starmer Labour government,,,
https://www.gov.uk/guidance/human-t-cell-lymphotropic-virus-htlv-types-1-and-2,Human T-cell lymphotropic virus (HTLV) types 1 and 2,detailed_guide,8be5411e-350a-4a04-84ce-e8db4d69ed0c,en,whitehall,2020-09-07T08:30:00.000Z,2021-03-23T09:32:23.000Z,,,19,"Health protection,GOV.UK homepage,Public health,Infectious diseases,Health and social care",UK Health Security Agency,UK Health Security Agency,2019 to 2022 Johnson Conservative government,,,
https://www.gov.uk/guidance/infant-feeding-survey-2023,Infant feeding survey 2023,detailed_guide,2f150ee8-83bd-490a-b733-3bd5c38145dd,en,whitehall,2023-10-05T14:11:10.000Z,2023-10-05T14:11:10.000Z,,,19,"Public health,Health and social care,GOV.UK homepage",Office for Health Improvement and Disparities,Office for Health Improvement and Disparities,2022 to 2024 Sunak Conservative government,,,
https://www.gov.uk/guidance/climate-change-awareness-and-mental-health,Climate change awareness and mental health,detailed_guide,879ba500-d4e5-4c69-9e66-1b7c4a43cb98,en,whitehall,2025-11-12T09:30:02.000Z,2025-11-12T09:30:02.000Z,,,19,"Climate and health,Health and social care,Public health,GOV.UK homepage",UK Health Security Agency,"UK Health Security Agency,Centre for Climate and Health Security",2024 Starmer Labour government,,,
https://www.gov.uk/guidance/parvovirus-b19,"Parvovirus B19: guidance, data and analysis",detailed_guide,60206182-7631-11e4-a3cb-005056011aef,en,whitehall,2012-06-15T23:00:00.000Z,2024-08-02T08:30:06.000Z,,,19,"Infectious diseases,Public health,Health and social care,Health protection,GOV.UK homepage",UK Health Security Agency,UK Health Security Agency,2010 to 2015 Conservative and Liberal Democrat coalition government,,,
https://www.gov.uk/guidance/healthcare-in-the-netherlands,Healthcare for UK nationals living in the Netherlands,detailed_guide,acf7aef9-08fd-476b-b40c-1be71edbb728,en,whitehall,2019-09-22T23:00:00.000Z,2021-10-21T15:29:47.000Z,,,18,"Government,GOV.UK homepage,Going and being abroad,British nationals overseas,Living abroad,Brexit,Help and services around the world,UK help and services in Netherlands,Health and social care,Living in Netherlands",Department of Health and Social Care,"Department of Health and Social Care,Foreign, Commonwealth & Development Office",2019 to 2022 Johnson Conservative government,,,
https://www.gov.uk/guidance/mosquitoes-how-to-report,Mosquito recording scheme (how to report),detailed_guide,dde5f79a-d283-45c0-8e07-8dafc3f5bfab,en,whitehall,2013-03-31T23:00:00.000Z,2025-03-06T09:30:14.000Z,,,18,"Climate and health,Health and social care,GOV.UK homepage,Public health",UK Health Security Agency,"UK Health Security Agency,Centre for Climate and Health Security",2010 to 2015 Conservative and Liberal Democrat coalition government,,,
https://www.gov.uk/guidance/pertussis-clinical-and-public-health-management,Pertussis: background information on prevention and management,detailed_guide,5f65c87b-7631-11e4-a3cb-005056011aef,en,whitehall,2013-02-11T00:00:00.000Z,2025-07-15T15:49:53.000Z,,,18,"Children's health and welfare,Children's health,Health and social care,Parenting, childcare and children's services ,GOV.UK homepage,Public health",UK Health Security Agency,UK Health Security Agency,2010 to 2015 Conservative and Liberal Democrat coalition government,,,
https://www.gov.uk/guidance/healthcare-in-bulgaria,Healthcare for UK nationals living in Bulgaria,detailed_guide,9e80bd3e-e014-4a98-900c-81c23be94ab7,en,whitehall,2019-09-22T23:00:00.000Z,2021-10-19T13:31:48.000Z,,,18,"Health and social care,Living abroad,Brexit,GOV.UK homepage,Going and being abroad,Help and services around the world,Government,British nationals overseas,UK help and services in Bulgaria,Living in Bulgaria",Department of Health and Social Care,"Department of Health and Social Care,Foreign, Commonwealth & Development Office",2019 to 2022 Johnson Conservative government,,,
https://www.gov.uk/guidance/covid-19-commemoration-programme-ways-to-remember,COVID-19 Commemoration programme: ways to remember,detailed_guide,75012aac-e424-4f74-9f81-d5c9ace81e4f,en,whitehall,2025-11-13T08:30:03.000Z,2025-11-13T08:30:03.000Z,,,18,"GOV.UK homepage,Health and social care,COVID-19","Department for Culture, Media and Sport","Department for Culture, Media and Sport",2024 Starmer Labour government,,,
https://www.gov.uk/guidance/healthcare-in-poland,Healthcare for UK nationals living in Poland,detailed_guide,68c0a86a-ac72-48d6-a088-77982978b8ac,en,whitehall,2019-09-22T23:00:00.000Z,2021-10-21T15:29:55.000Z,,,18,"Help and services around the world,Health and social care,Living in Poland,UK help and services in Poland,Going and being abroad,British nationals overseas,GOV.UK homepage,Living abroad,Brexit,Government",Department of Health and Social Care,"Department of Health and Social Care,Foreign, Commonwealth & Development Office",2019 to 2022 Johnson Conservative government,,,
https://www.gov.uk/guidance/register-for-the-distance-selling-logo,Register for the Distance Selling logo,detailed_guide,5e77377e-3a66-4ecc-bc65-a24d35d18faa,en,whitehall,2015-06-15T23:00:00.000Z,2025-10-23T09:49:37.000Z,,,18,"GOV.UK homepage,Public health,Medical devices regulation and safety,Health and social care,Medicines, medical devices",Medicines and Healthcare products Regulatory Agency,Medicines and Healthcare products Regulatory Agency,2015 to 2016 Cameron Conservative government,,,
https://www.gov.uk/guidance/london-food-water-and-environmental-laboratory-services,"Food, Water and Environmental Microbiology Laboratory, London: services",detailed_guide,5fe876e9-7631-11e4-a3cb-005056011aef,en,whitehall,2014-07-30T23:00:00.000Z,2025-01-22T15:06:16.000Z,,,18,"Environment,Water management,Water and sewerage services,Health and social care,Health improvement,Public health,GOV.UK homepage",UK Health Security Agency,UK Health Security Agency,2010 to 2015 Conservative and Liberal Democrat coalition government,,,
https://www.gov.uk/guidance/use-of-medicines-in-pregnancy-and-breastfeeding,Use of medicines in pregnancy and breastfeeding,detailed_guide,5ddd4698-4a4d-4f6d-8573-721017ba1168,en,whitehall,2021-01-11T11:44:00.000Z,2022-08-10T17:34:18.000Z,,,18,"Health and social care,GOV.UK homepage,Vigilance, safety alerts and guidance,Pharmacy,Medicines, medical devices",Medicines and Healthcare products Regulatory Agency,Medicines and Healthcare products Regulatory Agency,2019 to 2022 Johnson Conservative government,,,
https://www.gov.uk/guidance/healthcare-in-norway,Healthcare for UK nationals living in Norway,detailed_guide,ef92e2c5-b43b-462a-ba8b-4c3a4fa238db,en,whitehall,2019-09-22T23:00:00.000Z,2024-01-15T12:07:23.000Z,,,17,"Living abroad,GOV.UK homepage,Health and social care,Going and being abroad,UK help and services in Norway,Government,Living in Norway,British nationals overseas,Help and services around the world,Brexit",Department of Health and Social Care,"Department of Health and Social Care,Foreign, Commonwealth & Development Office",2019 to 2022 Johnson Conservative government,,,
https://www.gov.uk/guidance/disclosure-and-barring-service-guidance-for-childrens-social-care-providers-and-managers,Disclosure and Barring Service: guidance for children's social care providers and managers,detailed_guide,85fd8550-f54e-49a4-9236-6f1a783b7dc5,en,whitehall,2019-08-29T08:30:00.000Z,2021-07-06T08:30:05.000Z,,,17,"Parenting, childcare and children's services ,Safeguarding and social care for children,Social care,GOV.UK homepage,Health and social care",Ofsted,Ofsted,2019 to 2022 Johnson Conservative government,,,
https://www.gov.uk/guidance/amrhai-reference-unit-reference-and-diagnostic-services,AMRHAI reference unit: reference and diagnostic services,detailed_guide,5fe35601-7631-11e4-a3cb-005056011aef,en,whitehall,2014-06-30T23:00:00.000Z,2024-07-31T17:41:02.000Z,,,17,"Antimicrobial resistance (AMR),Health and social care,Public health,Health protection,GOV.UK homepage",UK Health Security Agency,UK Health Security Agency,2010 to 2015 Conservative and Liberal Democrat coalition government,,,
https://www.gov.uk/guidance/medicines-marketing-authorisation-transfer-ownership,Medicines marketing authorisation: change of ownership,detailed_guide,6027a934-7631-11e4-a3cb-005056011aef,en,whitehall,2014-12-18T00:00:00.000Z,2025-10-02T15:28:26.000Z,,,17,"Marketing authorisations, variations and licensing guidance,GOV.UK homepage,Health and social care,Medicines, medical devices",Medicines and Healthcare products Regulatory Agency,Medicines and Healthcare products Regulatory Agency,2010 to 2015 Conservative and Liberal Democrat coalition government,,,
https://www.gov.uk/guidance/report-an-outbreak-of-acute-respiratory-infection-in-an-adult-social-care-setting,Report an outbreak of acute respiratory infection in an adult social care setting,detailed_guide,317c4af9-fb84-482a-824c-61cc211a0c8b,en,whitehall,2026-01-15T00:00:00.000Z,2026-01-15T00:00:00.000Z,,,17,"Public health,Health surveillance and reporting programmes,Health protection,Health and social care,GOV.UK homepage,Infectious diseases",UK Health Security Agency,UK Health Security Agency,2024 Starmer Labour government,,,
https://www.gov.uk/guidance/healthcare-in-austria,Healthcare for UK nationals living in Austria,detailed_guide,69b5a3da-ae41-49c6-8160-b5d1c6f040f9,en,whitehall,2019-09-22T23:00:00.000Z,2024-01-19T08:16:31.000Z,,,17,"Health and social care,Help and services around the world,Going and being abroad,Government,Living in Austria,GOV.UK homepage,UK help and services in Austria,British nationals overseas,Living abroad,Brexit",Department of Health and Social Care,"Department of Health and Social Care,Foreign, Commonwealth & Development Office",2019 to 2022 Johnson Conservative government,,,
https://www.gov.uk/guidance/raw-pet-foods-handling-and-preventing-infection,Raw pet foods: handling and preventing infection,detailed_guide,ff1520ec-d49d-4d60-98f5-f247ffa942a2,en,whitehall,2018-10-17T08:30:00.000Z,2019-03-18T11:06:05.000Z,,,17,"GOV.UK homepage,Infectious diseases,Public health,Health protection,Health and social care",Public Health England,"Public Health England,Animal and Plant Health Agency",2016 to 2019 May Conservative government,,,
https://www.gov.uk/guidance/marburg-virus-disease-origins-reservoirs-transmission-and-guidelines,"Marburg virus disease: origins, reservoirs, transmission and guidelines",detailed_guide,5fee3219-7631-11e4-a3cb-005056011aef,en,whitehall,2014-09-04T23:00:00.000Z,2025-11-17T14:49:54.000Z,,,17,"Health and social care,Health protection,Infectious diseases,GOV.UK homepage,Public health",UK Health Security Agency,UK Health Security Agency,2010 to 2015 Conservative and Liberal Democrat coalition government,,,
https://www.gov.uk/guidance/tuberculosis-screening,Tuberculosis screening,detailed_guide,5fa65057-7631-11e4-a3cb-005056011aef,en,whitehall,2014-07-23T12:20:00.000Z,2018-03-22T16:05:46.000Z,,,17,"Population screening programmes,Health and social care,Public health,GOV.UK homepage",UK Health Security Agency,UK Health Security Agency,2010 to 2015 Conservative and Liberal Democrat coalition government,,,
https://www.gov.uk/guidance/access-journals-and-articles-ukhsa-knowledge-and-library-services,Access journals and articles: UKHSA Knowledge and Library Services,detailed_guide,b59dd5e7-e63d-469b-804b-2a28924ba092,en,whitehall,2025-07-27T23:00:00.000Z,2025-07-27T23:00:00.000Z,,,17,"GOV.UK homepage,Health and social care,Research, testing and standards,Health protection,Public health",UK Health Security Agency,UK Health Security Agency,2024 Starmer Labour government,,,
https://www.gov.uk/guidance/the-r-value-and-growth-rate,The R value and growth rate,detailed_guide,a2db5df9-bb16-4efb-aac3-b7f1fa32a84a,en,whitehall,2020-05-15T17:00:00.000Z,2022-12-23T13:30:04.000Z,,,17,"Health protection,Infectious diseases,COVID-19,GOV.UK homepage,Public health,Health and social care",UK Health Security Agency,UK Health Security Agency,2019 to 2022 Johnson Conservative government,,,
https://www.gov.uk/guidance/heat-health-alert-action-card-for-health-and-social-care-providers,Heat-Health Alert action card for health and social care providers,detailed_guide,9c1b66b8-6b7a-445a-b55b-a55a2fd1e2cf,en,whitehall,2025-02-18T16:07:36.000Z,2025-02-18T16:07:36.000Z,,,17,"Emergency response,GOV.UK homepage,Public health,Health protection,Health and social care",UK Health Security Agency,UK Health Security Agency,2024 Starmer Labour government,,,
https://www.gov.uk/guidance/de-isolation-and-discharge-of-monkeypox-infected-patients-interim-guidance,De-isolation and discharge of mpox-infected patients,detailed_guide,c2180a51-2aa9-4b8f-b879-0125e6137214,en,whitehall,2022-05-29T23:00:00.000Z,2025-04-11T14:04:29.000Z,,,17,"Health protection,Infectious diseases,Public health,GOV.UK homepage,Health and social care",UK Health Security Agency,UK Health Security Agency,2019 to 2022 Johnson Conservative government,,,
https://www.gov.uk/guidance/toxoplasmosis,"Toxoplasmosis: diagnosis, epidemiology and prevention",detailed_guide,6021bb89-7631-11e4-a3cb-005056011aef,en,whitehall,2008-09-10T23:00:00.000Z,2016-12-19T17:33:01.000Z,,,17,"Health protection,Health and social care,Public health,GOV.UK homepage,Infectious diseases",Public Health England,Public Health England,2007 to 2010 Brown Labour government,,,
https://www.gov.uk/guidance/tick-species-profiles,Tick species profiles,detailed_guide,92869340-6d48-4cbb-bdc6-2ec3f782de0e,en,whitehall,2025-03-06T09:30:11.000Z,2025-03-06T09:30:11.000Z,,,16,"Climate and health,Health and social care,Public health,GOV.UK homepage",UK Health Security Agency,UK Health Security Agency,2024 Starmer Labour government,,,
https://www.gov.uk/guidance/heat-summary-health-effects-of-climate-change-hecc-full-report,Heat summary - Health Effects of Climate Change (HECC) full report,detailed_guide,78661fb3-7fb7-4f37-a336-3c76a082c00f,en,whitehall,2024-12-19T00:00:00.000Z,2024-12-19T00:00:00.000Z,,,16,"Health protection,GOV.UK homepage,Public health,Emergency response,Health and social care",UK Health Security Agency,"UK Health Security Agency,Centre for Climate and Health Security",2024 Starmer Labour government,,,
https://www.gov.uk/guidance/supporting-vulnerable-people,Supporting vulnerable people,detailed_guide,dd986296-63ed-440a-b4b2-7feefb6448f2,en,whitehall,2024-12-19T00:00:00.000Z,2024-12-19T00:00:00.000Z,,,16,"Health and social care,GOV.UK homepage,Public health,Emergency response,Health protection",UK Health Security Agency,UK Health Security Agency,2024 Starmer Labour government,,,
https://www.gov.uk/guidance/chlamydophila-abortus,"Chlamydia abortus: epidemiology, transmission and prevention",detailed_guide,6020fda7-7631-11e4-a3cb-005056011aef,en,whitehall,2008-09-10T23:00:00.000Z,2025-07-15T15:40:23.000Z,,,16,"Infectious diseases,Public health,Pregnancy and birth,Health protection,Sexual and reproductive health,GOV.UK homepage,Parenting, childcare and children's services ,Health and social care",UK Health Security Agency,UK Health Security Agency,2007 to 2010 Brown Labour government,,,
https://www.gov.uk/guidance/mycology-reference-laboratory-mrl-reference-and-diagnostic-services,Mycology reference laboratory: reference and diagnostic services,detailed_guide,5fe58904-7631-11e4-a3cb-005056011aef,en,whitehall,2013-05-13T23:00:00.000Z,2013-05-13T23:00:00.000Z,,,16,"GOV.UK homepage,Health and social care,Public health",Public Health England,Public Health England,2010 to 2015 Conservative and Liberal Democrat coalition government,,,
https://www.gov.uk/guidance/established-medicines-marketing-authorisation-application-process-changes,Established medicines: marketing authorisation application changes,detailed_guide,62b9d299-6d23-4c26-8d4a-a3fb7a1defa8,en,whitehall,2024-02-28T00:00:00.000Z,2025-04-01T08:14:11.000Z,,,16,"Health and social care,GOV.UK homepage,Medicines, medical devices",Medicines and Healthcare products Regulatory Agency,Medicines and Healthcare products Regulatory Agency,2022 to 2024 Sunak Conservative government,,,
https://www.gov.uk/guidance/malaria-migrant-health-guide,Malaria: migrant health guide,detailed_guide,60230457-7631-11e4-a3cb-005056011aef,en,whitehall,2014-07-30T23:00:00.000Z,2025-03-31T13:22:57.000Z,,,16,"Health protection,Migrant health,GOV.UK homepage,Public health,Health and social care",UK Health Security Agency,UK Health Security Agency,2010 to 2015 Conservative and Liberal Democrat coalition government,,,
https://www.gov.uk/guidance/tell-hmrc-and-pay-the-self-employment-income-support-scheme-grant-back,Tell HMRC and pay back a Self-Employment Income Support Scheme grant,detailed_guide,f420a3b1-e831-4c5f-9114-ea52305b2577,en,whitehall,2020-07-13T23:00:00.000Z,2022-01-10T12:22:26.000Z,,,16,"Self-employment,Money,Support for businesses and self-employed people during COVID-19,COVID-19,Health and social care,Support for self-employed people and sole traders during COVID-19,Dealing with HMRC,Paying HMRC,Work,GOV.UK homepage",HM Revenue & Customs,HM Revenue & Customs,2019 to 2022 Johnson Conservative government,,,
https://www.gov.uk/guidance/check-a-previous-coronavirus-job-retention-scheme-claim,Check a previous Coronavirus Job Retention Scheme claim,detailed_guide,32f96c0e-5a84-4de5-b37b-f3a8d6ac3092,en,whitehall,2021-10-28T23:00:00.000Z,2022-08-18T13:00:46.000Z,,,16,"Support for businesses and self-employed people during COVID-19,Work and financial support during COVID-19,Business tax,Running a business,Managing your business during COVID-19,Money,PAYE,COVID-19,Health and social care,Your responsibilities as an employer during COVID-19,Business and industry,GOV.UK homepage",HM Revenue & Customs,HM Revenue & Customs,2019 to 2022 Johnson Conservative government,,,
https://www.gov.uk/guidance/evaluation-in-health-and-wellbeing-process,Process evaluation: evaluation in health and wellbeing,detailed_guide,9e85a484-0958-4ba4-aa47-69bd9a635538,en,whitehall,2018-08-06T23:00:00.000Z,2018-08-06T23:00:00.000Z,,,16,"Public health,Health and social care,GOV.UK homepage",Office for Health Improvement and Disparities,Office for Health Improvement and Disparities,2016 to 2019 May Conservative government,,,
https://www.gov.uk/guidance/randomised-controlled-trial-comparative-studies,Randomised controlled trial: comparative studies,detailed_guide,3706005f-bd19-4951-a2a2-c92b260eba57,en,whitehall,2020-01-30T17:00:00.000Z,2021-10-04T15:27:44.000Z,,,15,"GOV.UK homepage,Public health,Research and innovation in health and social care,Health and social care,Health improvement",Office for Health Improvement and Disparities,Office for Health Improvement and Disparities,2019 to 2022 Johnson Conservative government,,,
https://www.gov.uk/guidance/applying-for-a-moratorium-under-the-corporate-insolvency-and-governance-act-2020,Applying for a moratorium under the Corporate Insolvency and Governance Act 2020,detailed_guide,26d15d0f-d73b-496e-87b8-93c8a429399b,en,whitehall,2020-06-26T08:30:00.000Z,2020-06-26T08:30:00.000Z,,,15,"Support for businesses and self-employed people during COVID-19,Business and industry,GOV.UK homepage,COVID-19,Health and social care,Limited companies and partnerships,Company closure, administration, liquidation and insolvency ,Running a business",Companies House,Companies House,2019 to 2022 Johnson Conservative government,,,
https://www.gov.uk/guidance/information-for-british-nationals-residing-in-israel-and-palestine,Living in Israel and Palestine,detailed_guide,5efbb5a3-7631-11e4-a3cb-005056011aef,en,whitehall,2014-01-28T00:00:00.000Z,2024-11-14T16:00:13.000Z,,,15,"Living in Israel,UK help and services in Israel,COVID-19,Health and social care,British nationals overseas,Living abroad,UK help and services in Palestine,Vaccinations for COVID-19,Help and services around the world,Going and being abroad,GOV.UK homepage,Living in Palestine","Foreign, Commonwealth & Development Office","Foreign, Commonwealth & Development Office",2010 to 2015 Conservative and Liberal Democrat coalition government,,,
https://www.gov.uk/guidance/guidance-on-new-provisions-for-traditional-herbal-medicinal-products-and-homoeopathic-medicinal-products,Guidance on new provisions for traditional herbal medicinal products and homeopathic medicinal products,detailed_guide,25b65ec1-251d-41c3-8316-0bfda0f4c6f2,en,whitehall,2020-12-31T00:00:00.000Z,2024-12-31T16:52:03.000Z,,,14,"Government,Brexit,Marketing authorisations, variations and licensing guidance,GOV.UK homepage,Health and social care,Medicines, medical devices",Medicines and Healthcare products Regulatory Agency,Medicines and Healthcare products Regulatory Agency,2019 to 2022 Johnson Conservative government,,,
https://www.gov.uk/guidance/sickle-cell-and-thalassaemia-screening-education-and-training,Sickle cell and thalassaemia screening: education and training,detailed_guide,a7e9e0fd-20d5-471e-ba4b-0d325e4951b6,en,whitehall,2017-12-08T12:25:00.000Z,2023-01-04T15:05:04.000Z,,,14,"NHS sickle cell and thalassaemia (SCT) screening programme,Public health,Health and social care,Population screening programmes,GOV.UK homepage",NHS England,NHS England,2016 to 2019 May Conservative government,,,
https://www.gov.uk/guidance/evidence-and-recommendations-nhs-population-screening,Evidence and recommendations: NHS population screening,detailed_guide,139a51df-543e-4d3f-a696-6c3a9c4d8e6c,en,whitehall,2014-01-01T00:00:00.000Z,2015-11-30T15:27:59.000Z,,,14,"Health and social care,GOV.UK homepage,Population screening programmes,Public health",Public Health England,Public Health England,2010 to 2015 Conservative and Liberal Democrat coalition government,,,
https://www.gov.uk/guidance/monitoring-surgical-wounds-for-infection-leaflets-for-patients,Monitoring surgical wounds for infection: leaflets for patients,detailed_guide,c646fe0a-6bc0-43ea-b201-3b032e100404,en,whitehall,2025-09-18T13:45:18.000Z,2025-09-18T13:45:18.000Z,,,14,"Health protection,Health and social care,Public health,GOV.UK homepage",UK Health Security Agency,UK Health Security Agency,2024 Starmer Labour government,,,
https://www.gov.uk/guidance/yellow-fever-guidance-data-and-analysis,"Yellow fever: guidance, data and analysis",detailed_guide,621a3fc8-15f8-43c2-9630-9ad4a519dad7,en,whitehall,2016-09-21T15:07:00.000Z,2020-01-27T09:30:03.000Z,,,14,"Public health,GOV.UK homepage,Health and social care,Health protection,Infectious diseases",Public Health England,Public Health England,2016 to 2019 May Conservative government,,,
https://www.gov.uk/guidance/national-arrangements-for-incidents-involving-radioactivity-nair,National arrangements for incidents involving radioactivity (NAIR),detailed_guide,5feaf4c6-7631-11e4-a3cb-005056011aef,en,whitehall,2013-04-12T23:00:00.000Z,2021-04-09T09:29:20.000Z,,,13,"Health and social care,Public health,Government,Emergency response,Emergency preparation, response and recovery,Health protection,GOV.UK homepage,Radiation protection",UK Health Security Agency,UK Health Security Agency,2010 to 2015 Conservative and Liberal Democrat coalition government,,,
https://www.gov.uk/guidance/pre-submission-advice-support,Pre-submission Advice & Support,detailed_guide,058d5c59-0ffd-4979-98f3-d2aac43baca9,en,whitehall,2024-08-12T23:00:00.000Z,2024-10-01T12:51:39.000Z,,,13,"Medicines, medical devices,Marketing authorisations, variations and licensing guidance,GOV.UK homepage,Health and social care",Medicines and Healthcare products Regulatory Agency,Medicines and Healthcare products Regulatory Agency,2024 Starmer Labour government,,,
https://www.gov.uk/guidance/patient-reported-outcomes-and-experiences-study,Patient-reported outcomes and experiences study,detailed_guide,e0bb9a51-d74b-4f19-a479-c108c2a1deb7,en,whitehall,2020-10-19T09:16:00.000Z,2020-10-19T09:16:00.000Z,,,13,"Health protection,GOV.UK homepage,Research, testing and standards,Public health,Health improvement,Health and social care",Office for Health Improvement and Disparities,Office for Health Improvement and Disparities,2019 to 2022 Johnson Conservative government,,,
https://www.gov.uk/guidance/female-genital-mutilation-fgm-migrant-health-guide,Female genital mutilation (FGM): migrant health guide,detailed_guide,6023965a-7631-11e4-a3cb-005056011aef,en,whitehall,2014-08-30T23:00:00.000Z,2021-09-13T08:53:41.000Z,,,13,"Migrant health,Health protection,Safeguarding and social care for children,Health and social care,Safeguarding and child protection,Public health,GOV.UK homepage,Parenting, childcare and children's services ",Office for Health Improvement and Disparities,Office for Health Improvement and Disparities,2010 to 2015 Conservative and Liberal Democrat coalition government,,,
https://www.gov.uk/guidance/early-warning-and-weather-forecasts,Early warning and weather forecasts,detailed_guide,9a47daf2-17a3-4379-aad1-03c0b962bfc1,en,whitehall,2024-12-19T00:00:00.000Z,2024-12-19T00:00:00.000Z,,,13,"Public health,GOV.UK homepage,Health and social care,Health protection,Emergency response",UK Health Security Agency,UK Health Security Agency,2024 Starmer Labour government,,,
https://www.gov.uk/guidance/shiga-toxin-producing-escherichia-coli-stec-diagnosis-and-notification,Shiga toxin-producing Escherichia coli (STEC): diagnosis and notification,detailed_guide,b77a7425-8029-48bc-8fe6-c04b1d36885e,en,whitehall,2024-01-04T10:26:09.000Z,2024-01-04T10:26:09.000Z,,,13,"Health and social care,Public health,Infectious diseases,Health protection,GOV.UK homepage",UK Health Security Agency,UK Health Security Agency,2022 to 2024 Sunak Conservative government,,,
https://www.gov.uk/guidance/tick-borne-encephalitis-epidemiology-diagnosis-and-prevention,"Tick-borne encephalitis: epidemiology, diagnosis and prevention",detailed_guide,f1871723-ab93-417b-a89e-85e438c15980,en,whitehall,2019-08-05T23:00:00.000Z,2023-04-25T12:46:55.000Z,,,13,"Health and social care,GOV.UK homepage,Infectious diseases,Public health,Health protection",UK Health Security Agency,UK Health Security Agency,2019 to 2022 Johnson Conservative government,,,
https://www.gov.uk/guidance/supporting-vulnerable-people-before-and-during-hot-weather-social-care-managers,Supporting vulnerable people before and during hot weather: social care managers,detailed_guide,b3ec0548-5fa1-4864-8d93-35a93030bb75,en,whitehall,2024-12-19T00:00:00.000Z,2025-07-08T11:00:55.000Z,,,13,"Health and social care,Health protection,Emergency response,GOV.UK homepage,Public health",UK Health Security Agency,UK Health Security Agency,2024 Starmer Labour government,,,
https://www.gov.uk/guidance/literature-search-service-ukhsa-knowledge-and-library-services,Literature search service: UKHSA Knowledge and Library Services,detailed_guide,e637420c-6b84-411e-a241-e62408532519,en,whitehall,2025-07-27T23:00:00.000Z,2025-07-27T23:00:00.000Z,,,13,"Public health,Health and social care,Health protection,GOV.UK homepage",UK Health Security Agency,UK Health Security Agency,2024 Starmer Labour government,,,
https://www.gov.uk/guidance/nhs-injury-costs-recovery-scheme-tariff-and-charges-from-1-april-2021,NHS injury costs recovery scheme: tariff and charges from 1 April 2021,detailed_guide,90245e20-8cb0-4a9c-a888-9873a153f286,en,whitehall,2021-04-20T14:43:47.000Z,2021-04-20T14:43:47.000Z,,,13,"GOV.UK homepage,NHS efficiency,Health and social care,National Health Service",Department of Health and Social Care,Department of Health and Social Care,2019 to 2022 Johnson Conservative government,,,
https://www.gov.uk/guidance/seeking-consent-for-immunisations-in-schools,Seeking consent for immunisations in schools,detailed_guide,1443beb8-710e-4eae-b8a3-7c344394b5f1,en,whitehall,2025-03-05T13:48:58.000Z,2025-03-05T13:48:58.000Z,,,13,"Public health,Health and social care,Health protection,GOV.UK homepage,Infectious diseases",UK Health Security Agency,UK Health Security Agency,2024 Starmer Labour government,,,
https://www.gov.uk/guidance/personal-protective-equipment-ppe-local-contacts-for-care-providers,Personal protective equipment (PPE): local contacts for accessing free PPE,detailed_guide,41fec0bf-10ae-407a-94f7-5afa6e94cfe7,en,whitehall,2020-10-23T15:01:00.000Z,2023-05-24T14:18:43.000Z,,,13,"Infectious diseases,Public health,Health and social care,Health protection,Healthcare workers, carers and care settings during COVID-19,COVID-19,GOV.UK homepage",Department of Health and Social Care,Department of Health and Social Care,2019 to 2022 Johnson Conservative government,,,
https://www.gov.uk/guidance/newborn-blood-spot-screening-education-and-training,Newborn blood spot screening: education and training,detailed_guide,9c68c9bd-a1cb-4fe4-b06d-39afc2bc5749,en,whitehall,2017-12-08T00:00:00.000Z,2017-12-08T00:00:00.000Z,,,13,"Public health,NHS newborn blood spot (NBS) screening programme,Population screening programmes,Health and social care,GOV.UK homepage",NHS England,NHS England,2016 to 2019 May Conservative government,,,
https://www.gov.uk/guidance/gas-appliance-safety-supplier-and-manufacturers-obligations,Gas appliance safety: supplier and manufacturer's obligations,detailed_guide,5c760c59-7631-11e4-a3cb-005056011aef,en,whitehall,2012-09-11T14:39:00.000Z,2012-09-11T14:39:00.000Z,,,13,"GOV.UK homepage,Public health,Health and social care,Business and industry",Health and Safety Executive,Health and Safety Executive,2010 to 2015 Conservative and Liberal Democrat coalition government,,,
https://www.gov.uk/guidance/prevent-wild-birds-damaging-your-land-farm-or-business,"Wild birds: prevent damage to your land, farm, fishery or business",detailed_guide,5fed6a78-7631-11e4-a3cb-005056011aef,en,whitehall,2014-10-07T13:35:00.000Z,2019-06-13T23:28:33.000Z,,,12,"Food and farming,Wildlife, animals, biodiversity and ecosystems,Birds,Environment,GOV.UK homepage,Wildlife and habitat conservation,Health and social care,Public health",Natural England,"Natural England,Department for Environment, Food & Rural Affairs",2010 to 2015 Conservative and Liberal Democrat coalition government,,,
https://www.gov.uk/guidance/request-a-mhra-speaker-at-an-event-or-conference,Request a MHRA speaker at an event or conference,detailed_guide,9b7a3459-5c97-4d65-9c31-5ff8db9b1ccf,en,whitehall,2014-10-12T23:00:00.000Z,2025-09-18T10:37:30.000Z,,,12,"Medicines, medical devices,Health and social care,GOV.UK homepage,Conferences and events,Public health",Medicines and Healthcare products Regulatory Agency,Medicines and Healthcare products Regulatory Agency,2010 to 2015 Conservative and Liberal Democrat coalition government,,,
https://www.gov.uk/guidance/before-and-after-study-comparative-studies,Before-and-after study: comparative studies,detailed_guide,3be5f983-ebae-47bd-88eb-d9d56c726756,en,whitehall,2020-01-30T17:10:00.000Z,2020-01-30T17:10:00.000Z,,,12,"Health and social care,Public health,Research, testing and standards,Health improvement,GOV.UK homepage,Health protection",Office for Health Improvement and Disparities,Office for Health Improvement and Disparities,2019 to 2022 Johnson Conservative government,,,
https://www.gov.uk/guidance/hepatitis-b-migrant-health-guide,Hepatitis B: migrant health guide,detailed_guide,60233109-7631-11e4-a3cb-005056011aef,en,whitehall,2014-07-30T23:00:00.000Z,2025-03-31T13:18:16.000Z,,,12,"GOV.UK homepage,Migrant health,Infectious diseases,Health and social care,Public health,Health protection",UK Health Security Agency,UK Health Security Agency,2010 to 2015 Conservative and Liberal Democrat coalition government,,,
https://www.gov.uk/guidance/breast-screening-education-and-training,Breast screening: education and training,detailed_guide,28b7ce3a-cf34-4ded-a034-58fe36b5baf8,en,whitehall,2017-12-08T00:00:00.000Z,2026-01-14T15:14:28.000Z,,,12,"Health and social care,GOV.UK homepage,Public health,NHS breast screening (BSP) programme ,Population screening programmes",NHS England,NHS England,2016 to 2019 May Conservative government,,,
https://www.gov.uk/guidance/argentine-haemorrhagic-fever-origins-reservoirs-transmission-and-guidelines,"Argentine Haemorrhagic fever: origins, reservoirs, transmission and guidelines",detailed_guide,4826dd1c-ed5d-4c2b-a6f2-6883e5944c5e,en,whitehall,2025-07-10T08:29:38.000Z,2025-07-10T08:29:38.000Z,,,12,"Health protection,Public health,GOV.UK homepage,Infectious diseases,Health and social care",UK Health Security Agency,UK Health Security Agency,2024 Starmer Labour government,,,
https://www.gov.uk/guidance/france-medical-facilities,France: medical facilities,detailed_guide,662bbe3a-7bdb-4291-aa73-0b0aa674f42b,en,whitehall,2020-12-16T10:54:38.000Z,2020-12-16T10:54:38.000Z,,,12,"British nationals overseas,Going and being abroad,Living abroad,UK help and services in France,Living in France,Help and services around the world,Health and social care,GOV.UK homepage","Foreign, Commonwealth & Development Office","Foreign, Commonwealth & Development Office",2019 to 2022 Johnson Conservative government,,,
https://www.gov.uk/guidance/healthcare-in-romania,Healthcare for UK nationals living in Romania,detailed_guide,38cb773d-2344-4467-9579-32a5123e2648,en,whitehall,2019-09-22T23:00:00.000Z,2022-10-05T15:39:03.000Z,,,12,"British nationals overseas,Health and social care,Living in Romania,Help and services around the world,Government,Brexit,GOV.UK homepage,Living abroad,Going and being abroad,UK help and services in Romania",Department of Health and Social Care,"Department of Health and Social Care,Foreign, Commonwealth & Development Office",2019 to 2022 Johnson Conservative government,,,
https://www.gov.uk/guidance/childrens-health-migrant-health-guide,Children's health: migrant health guide,detailed_guide,60541c0b-7631-11e4-a3cb-005056011aef,en,whitehall,2014-07-30T23:00:00.000Z,2021-06-28T14:47:58.000Z,,,12,"GOV.UK homepage,Migrant health,Public health,Health protection,Health and social care",Office for Health Improvement and Disparities,Office for Health Improvement and Disparities,2010 to 2015 Conservative and Liberal Democrat coalition government,,,
https://www.gov.uk/guidance/eu-guidance-documents-referred-to-in-the-human-medicines-regulations-2012,EU guidance documents referred to in the Human Medicines Regulations 2012,detailed_guide,cd76fa23-7802-4cce-b2fe-990b972550ba,en,whitehall,2019-01-23T16:35:00.000Z,2020-12-30T12:52:29.000Z,,,12,"GOV.UK homepage,Government,Health and social care,Brexit,Medicines, medical devices",Medicines and Healthcare products Regulatory Agency,Medicines and Healthcare products Regulatory Agency,2016 to 2019 May Conservative government,,,
https://www.gov.uk/guidance/training-and-events-ukhsa-knowledge-and-library-services,Training and events: UKHSA Knowledge and Library Services,detailed_guide,0610a9b2-8a26-4813-8fc8-068c4f27d9d3,en,whitehall,2025-07-27T23:00:00.000Z,2026-01-16T14:42:35.000Z,,,12,"Public health,Health protection,Health and social care,GOV.UK homepage",UK Health Security Agency,UK Health Security Agency,2024 Starmer Labour government,,,
https://www.gov.uk/guidance/siren-study,SIREN study,detailed_guide,42931b3c-e6ba-4e47-b2ce-6e77b0e29da4,en,whitehall,2022-06-19T23:00:00.000Z,2025-10-13T16:21:50.000Z,,,12,"Research, testing and standards,COVID-19,Infectious diseases,Health protection,Immunisation,Health and social care,GOV.UK homepage,Public health",UK Health Security Agency,UK Health Security Agency,2019 to 2022 Johnson Conservative government,,,
https://www.gov.uk/guidance/mental-health-migrant-health-guide,Mental health: migrant health guide,detailed_guide,6023823d-7631-11e4-a3cb-005056011aef,en,whitehall,2017-06-22T23:00:00.000Z,2022-09-28T09:00:26.000Z,,,12,"Migrant health,GOV.UK homepage,Health and social care,Health protection,Mental health,Public health",Office for Health Improvement and Disparities,Office for Health Improvement and Disparities,2016 to 2019 May Conservative government,,,
https://www.gov.uk/guidance/partnering-with-the-nhs-to-sell-goods-and-services,Partnering with the NHS to sell goods and services,detailed_guide,bbeef659-9ad4-4530-a022-a3598a90fa81,en,whitehall,2018-09-28T08:51:00.000Z,2018-09-28T08:51:00.000Z,,,11,"Business and industry,Health and social care,Trade and investment,GOV.UK homepage,National Health Service",Life Sciences Organisation,"Life Sciences Organisation,Department of Health and Social Care,NHS England,Department for International Trade",2016 to 2019 May Conservative government,,,
https://www.gov.uk/guidance/rvpbru-reference-and-diagnostic-services,RVPBRU: reference and diagnostic services,detailed_guide,5fe355b7-7631-11e4-a3cb-005056011aef,en,whitehall,2014-07-31T23:00:00.000Z,2024-03-26T08:01:08.000Z,,,11,"Public health,Health and social care,GOV.UK homepage",UK Health Security Agency,UK Health Security Agency,2010 to 2015 Conservative and Liberal Democrat coalition government,,,
https://www.gov.uk/guidance/cost-benefit-analysis-health-economic-studies,Cost benefit analysis: health economic studies,detailed_guide,3316c984-d593-4538-8ea9-8972fe721d63,en,whitehall,2020-11-09T12:38:00.000Z,2020-11-09T12:38:00.000Z,,,11,"Research, testing and standards,Health and social care,GOV.UK homepage,Health protection,Health improvement,Public health",Office for Health Improvement and Disparities,Office for Health Improvement and Disparities,2019 to 2022 Johnson Conservative government,,,
https://www.gov.uk/guidance/coronavirus-covid-19-statistics-and-analysis,Coronavirus (COVID-19) statistics and analysis,detailed_guide,089f51a4-b291-4d02-bc18-7ac52428b414,en,whitehall,2020-06-24T16:21:00.000Z,2020-09-02T10:56:48.000Z,,,11,"Health and social care,GOV.UK homepage,COVID-19",Cabinet Office,Cabinet Office,2019 to 2022 Johnson Conservative government,,,
https://www.gov.uk/guidance/guidance-on-handling-of-decentralised-and-mutual-recognition-procedures-which-are-approved-or-pending,Guidance on handling of Decentralised and Mutual Recognition Procedures which are approved or pending,detailed_guide,93563221-5af2-408a-b0a5-59a70166111a,en,whitehall,2020-12-31T23:01:00.000Z,2022-06-24T09:11:01.000Z,,,11,"Health and social care,Marketing authorisations, variations and licensing guidance,Medicines, medical devices,GOV.UK homepage,Government,Brexit",Medicines and Healthcare products Regulatory Agency,Medicines and Healthcare products Regulatory Agency,2019 to 2022 Johnson Conservative government,,,
https://www.gov.uk/guidance/public-health-laboratories-general-clinical-laboratory-tests,Public health laboratories: general clinical laboratory tests,detailed_guide,5fe8c64d-7631-11e4-a3cb-005056011aef,en,whitehall,2009-03-02T00:00:00.000Z,2009-03-02T00:00:00.000Z,,,11,"Health protection,Public health,GOV.UK homepage,Laboratories and reference facilities,Health and social care",Public Health England,Public Health England,2007 to 2010 Brown Labour government,,,
https://www.gov.uk/guidance/climate-change-and-the-mental-health-of-children-and-young-people,Climate change and the mental health of children and young people,detailed_guide,ed112a52-e3d4-4356-9c6f-0f99c03cdb85,en,whitehall,2025-11-12T09:30:03.000Z,2025-11-12T09:30:03.000Z,,,11,"GOV.UK homepage,Health and social care,Climate and health,Public health",UK Health Security Agency,"UK Health Security Agency,Centre for Climate and Health Security",2024 Starmer Labour government,,,
https://www.gov.uk/guidance/raising-awareness-of-cold-weather-and-its-impact-on-health,Raising awareness of cold weather and its impact on health,detailed_guide,e3eca345-7253-409d-be98-ca39e2b1c154,en,whitehall,2025-09-24T08:30:01.000Z,2025-09-24T08:30:01.000Z,,,11,"GOV.UK homepage,Public health,Climate and health,Health and social care",UK Health Security Agency,"UK Health Security Agency,Centre for Climate and Health Security",2024 Starmer Labour government,,,
https://www.gov.uk/guidance/stenotrophomonas-maltophilia,Stenotrophomonas maltophilia,detailed_guide,60213c99-7631-11e4-a3cb-005056011aef,en,whitehall,2013-07-18T23:00:00.000Z,2013-07-18T23:00:00.000Z,,,11,"Health and social care,Infectious diseases,Health protection,GOV.UK homepage,Public health",Public Health England,Public Health England,2010 to 2015 Conservative and Liberal Democrat coalition government,,,
https://www.gov.uk/guidance/eea-qualified-and-swiss-healthcare-professionals-practising-in-the-uk,EEA-qualified and Swiss healthcare professionals practising in the UK,detailed_guide,539b06d9-42cc-40fe-a25b-cb41de340304,en,whitehall,2020-12-31T23:01:00.000Z,2022-05-11T09:25:13.000Z,,,11,"Government,National Health Service,Health and social care,Health workforce,GOV.UK homepage,Brexit",Department of Health and Social Care,Department of Health and Social Care,2019 to 2022 Johnson Conservative government,,,
https://www.gov.uk/guidance/supplying-authorised-medicines-to-northern-ireland,Supplying authorised medicines to Northern Ireland,detailed_guide,ceb3e335-5e54-47cf-bec9-eed492d90a70,en,whitehall,2020-12-31T00:00:00.000Z,2025-06-09T10:21:39.000Z,,,11,"Health and social care,Manufacturing, wholesaling, importing and exporting medicines,GOV.UK homepage,Government,Medicines, medical devices,Brexit,Marketing authorisations, variations and licensing guidance",Medicines and Healthcare products Regulatory Agency,Medicines and Healthcare products Regulatory Agency,2019 to 2022 Johnson Conservative government,,,
https://www.gov.uk/guidance/mosquito-summary-hecc-chapter-8-climate-and-vector-borne-diseases,Mosquito summary - HECC Chapter 8: climate and vector-borne diseases,detailed_guide,49f1906e-960f-44e2-a631-629b389925f0,en,whitehall,2025-03-06T09:30:14.000Z,2025-03-06T09:30:14.000Z,,,11,"GOV.UK homepage,Climate and health,Public health,Health and social care",UK Health Security Agency,UK Health Security Agency,2024 Starmer Labour government,,,
https://www.gov.uk/guidance/symptoms-sometimes-referred-to-as-breast-implant-illness,Symptoms sometimes referred to as Breast Implant Illness,detailed_guide,e2b1bfb6-69bb-4498-910c-1fd1f89f59f9,en,whitehall,2020-01-17T12:00:00.000Z,2023-04-28T14:10:35.000Z,,,11,"Medical devices regulation and safety,Medicines, medical devices,Health and social care,GOV.UK homepage",Medicines and Healthcare products Regulatory Agency,Medicines and Healthcare products Regulatory Agency,2019 to 2022 Johnson Conservative government,,,
https://www.gov.uk/guidance/pay-coronavirus-job-retention-scheme-grants-back,Pay Coronavirus Job Retention Scheme grants back,detailed_guide,5a4d766a-e6aa-4437-9f13-a6760bd7bad5,en,whitehall,2020-06-26T08:58:00.000Z,2021-12-20T16:28:02.000Z,,,10,"Support for self-employed people and sole traders during COVID-19,Employing people,Health and social care,Income Tax and National Insurance,Your responsibilities as an employer during COVID-19,Paying HMRC,Running a business,Money,GOV.UK homepage,Dealing with HMRC,Business and industry,COVID-19,Support for businesses and self-employed people during COVID-19",HM Revenue & Customs,HM Revenue & Customs,2019 to 2022 Johnson Conservative government,,,
https://www.gov.uk/guidance/hiv-migrant-health-guide,HIV: migrant health guide,detailed_guide,6022e729-7631-11e4-a3cb-005056011aef,en,whitehall,2014-07-30T23:00:00.000Z,2025-03-31T13:21:12.000Z,,,10,"GOV.UK homepage,Sexual and reproductive health,Health protection,Health and social care,Public health,Migrant health",UK Health Security Agency,UK Health Security Agency,2010 to 2015 Conservative and Liberal Democrat coalition government,,,
https://www.gov.uk/guidance/vulnerable-migrants-migrant-health-guide,Vulnerable migrants: migrant health guide,detailed_guide,cffd3ce2-4aa4-40da-b59c-78fc928ebbfc,en,whitehall,2017-08-13T23:00:00.000Z,2017-08-13T23:00:00.000Z,,,10,"Public health,Migrant health,Health and social care,GOV.UK homepage,Health protection",Office for Health Improvement and Disparities,Office for Health Improvement and Disparities,2016 to 2019 May Conservative government,,,
https://www.gov.uk/guidance/vitamin-a-deficiency-migrant-health-guide,Vitamin A: migrant health guide,detailed_guide,602306aa-7631-11e4-a3cb-005056011aef,en,whitehall,2014-07-30T23:00:00.000Z,2021-05-20T09:51:01.000Z,,,10,"GOV.UK homepage,Health protection,Public health,Migrant health,Health and social care",Office for Health Improvement and Disparities,Office for Health Improvement and Disparities,2010 to 2015 Conservative and Liberal Democrat coalition government,,,
https://www.gov.uk/guidance/overview-of-the-climate-change-and-mental-health-report,Overview of the climate change and mental health report,detailed_guide,5042b038-6d14-411c-88d7-203b436cc954,en,whitehall,2025-11-12T09:30:02.000Z,2025-11-12T09:30:02.000Z,,,10,"GOV.UK homepage,Public health,Health and social care,Climate and health",UK Health Security Agency,"UK Health Security Agency,Centre for Climate and Health Security",2024 Starmer Labour government,,,
https://www.gov.uk/guidance/nhs-population-screening-diploma-for-health-screeners,NHS population screening: diploma for health screeners,detailed_guide,6ad2b97b-abe6-451c-9cf0-9b7217768ac0,en,whitehall,2017-03-31T23:00:00.000Z,2025-12-05T10:54:55.000Z,,,10,"Health and social care,Population screening programmes,GOV.UK homepage,Public health",NHS England,NHS England,2016 to 2019 May Conservative government,,,
https://www.gov.uk/guidance/childrens-social-care-innovation-programme-insights-and-evaluation,Children's social care innovation programme: insights and evaluation,detailed_guide,e61ce006-5f77-4fea-9719-896ce9173148,en,whitehall,2020-11-02T00:00:00.000Z,2022-10-12T08:33:14.000Z,,,10,"Parenting, childcare and children's services ,Health and social care,GOV.UK homepage,Social care,Safeguarding and child protection,Looked-after children and children in care,Safeguarding and social care for children",Department for Education,Department for Education,2019 to 2022 Johnson Conservative government,,,
https://www.gov.uk/guidance/think-aloud-study-qualitative-studies,Think aloud study: qualitative studies,detailed_guide,6a74fad4-0bc1-42a4-a4af-e5b4a970050c,en,whitehall,2021-09-08T14:20:00.000Z,2021-09-08T14:20:00.000Z,,,10,"Public health,Health improvement,Health and social care,Health protection,GOV.UK homepage,Research, testing and standards",Office for Health Improvement and Disparities,Office for Health Improvement and Disparities,2019 to 2022 Johnson Conservative government,,,
https://www.gov.uk/guidance/current-awareness-alerts-ukhsa-knowledge-and-library-services,Current awareness alerts: UKHSA Knowledge and Library Services,detailed_guide,a0179a26-5568-4bee-9e8a-b54f42551868,en,whitehall,2025-07-27T23:00:00.000Z,2025-07-27T23:00:00.000Z,,,10,"Public health,GOV.UK homepage,Health protection,Health and social care",UK Health Security Agency,UK Health Security Agency,2024 Starmer Labour government,,,
https://www.gov.uk/guidance/people-who-inject-drugs-infection-risks-guidance-and-data,"People who inject drugs: infection risks, guidance and data",detailed_guide,5fa83648-7631-11e4-a3cb-005056011aef,en,whitehall,2013-11-08T00:00:00.000Z,2025-10-10T14:27:18.000Z,,,10,"Prisons and probation,National Health Service,Public health,Drug misuse and dependency,Health protection,Health improvement,Infectious diseases,Health and social care,GOV.UK homepage,Crime, justice and law,Prisons healthcare",UK Health Security Agency,"UK Health Security Agency,Department of Health and Social Care",2010 to 2015 Conservative and Liberal Democrat coalition government,,,
https://www.gov.uk/guidance/hepatitis-b-dried-blood-spot-dbs-testing-for-infants,Hepatitis B dried blood spot (DBS) testing for children,detailed_guide,5fe6a51d-7631-11e4-a3cb-005056011aef,en,whitehall,2013-09-29T23:00:00.000Z,2025-12-23T16:18:21.000Z,,,10,"Public health,GOV.UK homepage,Infectious diseases,Health protection,Health and social care",UK Health Security Agency,UK Health Security Agency,2010 to 2015 Conservative and Liberal Democrat coalition government,,,
https://www.gov.uk/guidance/helminth-infections-migrant-health-guide,Helminth infections: migrant health guide,detailed_guide,60235e99-7631-11e4-a3cb-005056011aef,en,whitehall,2014-07-30T23:00:00.000Z,2025-03-31T13:17:22.000Z,,,10,"Health and social care,GOV.UK homepage,Public health,Migrant health,Infectious diseases,Health protection",UK Health Security Agency,UK Health Security Agency,2010 to 2015 Conservative and Liberal Democrat coalition government,,,
https://www.gov.uk/guidance/cold-health-alert-action-card-for-health-and-social-care-providers,Cold-Health Alert action card for health and social care providers,detailed_guide,893b6905-85a2-4a4c-88bc-b08f66cc0a93,en,whitehall,2025-09-24T08:30:02.000Z,2025-09-24T08:30:02.000Z,,,10,"Climate and health,Health and social care,GOV.UK homepage,Public health",UK Health Security Agency,"UK Health Security Agency,Centre for Climate and Health Security",2024 Starmer Labour government,,,
https://www.gov.uk/guidance/handling-of-active-substance-master-files-and-certificates-of-suitability--2,Handling of Active Substance Master Files and Certificates of Suitability,detailed_guide,6f7adf9e-f6c0-490e-b082-9f7dbfd480a9,en,whitehall,2020-12-31T00:00:00.000Z,2024-10-18T15:52:42.000Z,,,10,"Government,Health and social care,GOV.UK homepage,Brexit,Medicines, medical devices,Marketing authorisations, variations and licensing guidance",Medicines and Healthcare products Regulatory Agency,Medicines and Healthcare products Regulatory Agency,2019 to 2022 Johnson Conservative government,,,
https://www.gov.uk/guidance/nhs-population-screening-data-requests-and-research,NHS population screening: data requests and research,detailed_guide,af90d967-1393-467c-a876-73724d932296,en,whitehall,2018-07-18T23:00:00.000Z,2025-12-22T10:18:51.000Z,,,10,"NHS sickle cell and thalassaemia (SCT) screening programme,NHS fetal anomaly screening programme (FASP),Population screening programmes,NHS abdominal aortic aneurysm (AAA) programme,NHS cervical screening (CSP) programme ,NHS infectious diseases in pregnancy screening (IDPS) programme,Health and social care,NHS bowel cancer screening (BCSP) programme,NHS breast screening (BSP) programme ,NHS diabetic eye screening (DES) programme,NHS newborn blood spot (NBS) screening programme,GOV.UK homepage,NHS newborn hearing screening programme (NHSP),NHS newborn and infant physical examination (NIPE) screening programme,Public health",NHS England,NHS England,2016 to 2019 May Conservative government,,,
https://www.gov.uk/guidance/malaria-news-and-updates,Malaria: news and updates,detailed_guide,5060af91-83e5-4558-97d9-a29f5ceac82e,en,whitehall,2023-09-19T13:14:01.000Z,2023-09-19T13:14:01.000Z,,,10,"Public health,Health protection,Health and social care,GOV.UK homepage",UK Health Security Agency,UK Health Security Agency,2022 to 2024 Sunak Conservative government,,,
https://www.gov.uk/guidance/reporting-to-the-national-supply-disruption-response-nsdr,Reporting to the National Supply Disruption Response (NSDR),detailed_guide,ec3a65fb-acbc-466c-a997-0a997c96a37d,en,whitehall,2020-12-31T00:00:00.000Z,2025-04-29T13:12:00.000Z,,,10,"Freight, haulage and cargo,Medicines, medical devices,Health and social care,Transport,GOV.UK homepage",Department of Health and Social Care,Department of Health and Social Care,2019 to 2022 Johnson Conservative government,,,
https://www.gov.uk/guidance/parallel-export-and-hoarding-of-restricted-medicines,Export and hoarding of restricted medicines,detailed_guide,4c3cd01d-1d9c-41d5-8b0f-c66bf3aa66e6,en,whitehall,2019-10-07T15:04:00.000Z,2023-06-28T10:51:24.000Z,,,10,"Health and social care,Medicines, medical devices,Manufacturing, wholesaling, importing and exporting medicines,GOV.UK homepage",Department of Health and Social Care,Department of Health and Social Care,2019 to 2022 Johnson Conservative government,,,
https://www.gov.uk/guidance/cancel-a-medicines-marketing-authorisation-or-other-licence,Cancel a medicine's marketing authorisation or other licence,detailed_guide,6027a847-7631-11e4-a3cb-005056011aef,en,whitehall,2014-12-18T00:00:00.000Z,2025-08-14T09:56:32.000Z,,,10,"Marketing authorisations, variations and licensing guidance,Herbal and homeopathic medicines,Health and social care,Medicines, medical devices,GOV.UK homepage,Patient safety,Public health,National Health Service",Medicines and Healthcare products Regulatory Agency,Medicines and Healthcare products Regulatory Agency,2010 to 2015 Conservative and Liberal Democrat coalition government,,,
https://www.gov.uk/guidance/budget-impact-analysis-health-economic-studies,Budget impact analysis: health economic studies,detailed_guide,afe1f41b-081e-4811-ba47-9e6503e7d93d,en,whitehall,2021-01-28T11:16:00.000Z,2021-01-28T11:16:00.000Z,,,10,"GOV.UK homepage,Research, testing and standards,Health protection,Health and social care,Health improvement,Public health",Office for Health Improvement and Disparities,Office for Health Improvement and Disparities,2019 to 2022 Johnson Conservative government,,,
https://www.gov.uk/guidance/the-impact-of-climate-change-on-health-and-social-care-services,The impact of climate change on health and social care services,detailed_guide,733ebccc-1606-4248-9fd5-e618f1f1f42c,en,whitehall,2025-11-12T09:30:03.000Z,2025-11-12T09:30:03.000Z,,,10,"GOV.UK homepage,Public health,Health and social care,Climate and health",UK Health Security Agency,"UK Health Security Agency,Centre for Climate and Health Security",2024 Starmer Labour government,,,
https://www.gov.uk/guidance/analyse-your-data-evaluating-digital-health-products,Analyse your data: evaluating digital health products,detailed_guide,5226537a-65f8-4429-8aad-862ac1b6efb5,en,whitehall,2020-01-30T17:00:00.000Z,2020-01-30T17:00:00.000Z,,,10,"Research, testing and standards,Health improvement,Public health,Health protection,GOV.UK homepage,Health and social care",Office for Health Improvement and Disparities,Office for Health Improvement and Disparities,2019 to 2022 Johnson Conservative government,,,
https://www.gov.uk/guidance/feasibility-study,Feasibility study,detailed_guide,b8680350-7bd8-4291-b8ec-746b50af1b44,en,whitehall,2020-05-04T08:30:00.000Z,2020-05-04T08:30:00.000Z,,,10,"GOV.UK homepage,Health and social care,Research, testing and standards,Public health,Health improvement,Health protection",Office for Health Improvement and Disparities,Office for Health Improvement and Disparities,2019 to 2022 Johnson Conservative government,,,
https://www.gov.uk/guidance/foodborne-and-non-foodborne-gastrointestinal-outbreaks-surveillance,Foodborne and non-foodborne gastrointestinal outbreaks surveillance,detailed_guide,14a9dfd8-81d2-441c-b352-ef03a929514d,en,whitehall,2015-03-26T00:00:00.000Z,2015-03-26T00:00:00.000Z,,,10,"GOV.UK homepage,Health protection,Health and social care,Health surveillance and reporting programmes,Public health",Public Health England,Public Health England,2010 to 2015 Conservative and Liberal Democrat coalition government,,,
https://www.gov.uk/guidance/south-west-public-health-laboratory-services,South west public health laboratory: services,detailed_guide,5fe8c173-7631-11e4-a3cb-005056011aef,en,whitehall,2014-07-30T23:00:00.000Z,2017-07-14T12:31:27.000Z,,,10,"Public health,GOV.UK homepage,Health and social care",Public Health England,Public Health England,2010 to 2015 Conservative and Liberal Democrat coalition government,,,
https://www.gov.uk/guidance/meningococcal-disease-clinical-and-public-health-management,Meningococcal disease: clinical and public health management,detailed_guide,5fe664c2-7631-11e4-a3cb-005056011aef,en,whitehall,2011-03-29T23:00:00.000Z,2025-07-15T15:42:07.000Z,,,10,"GOV.UK homepage,Public health,Health and social care",UK Health Security Agency,UK Health Security Agency,2010 to 2015 Conservative and Liberal Democrat coalition government,,,
https://www.gov.uk/guidance/ppe-portal-how-to-order-covid-19-personal-protective-equipment,PPE portal: how to order COVID-19 personal protective equipment (PPE),detailed_guide,e6ea597c-858f-4cdb-b1fc-e5c5bcd05229,en,whitehall,2020-06-05T13:05:00.000Z,2023-02-09T16:52:31.000Z,,,10,"Health and social care,COVID-19,GOV.UK homepage,Rules and restrictions during COVID-19,Healthcare workers, carers and care settings during COVID-19",Department of Health and Social Care,Department of Health and Social Care,2019 to 2022 Johnson Conservative government,,,
https://www.gov.uk/guidance/become-a-childminder-agency,Become a childminder agency: forms,detailed_guide,851c321c-8cb0-46d1-9947-b6b291bbaa80,en,whitehall,2014-08-26T23:00:00.000Z,2021-06-17T08:30:10.000Z,,,9,"Childcare and early years,Parenting, childcare and children's services ,Social care,Safeguarding and social care for children,GOV.UK homepage,Becoming a children's social care provider,Providing childcare,Health and social care,Becoming a childcare provider,Children's social care providers",Ofsted,Ofsted,2010 to 2015 Conservative and Liberal Democrat coalition government,,,
https://www.gov.uk/guidance/uk-national-reference-laboratory-for-food-microbiology,UK National Reference Laboratory for food microbiology,detailed_guide,40e622a8-b410-4b67-8308-8c529fd752d0,en,whitehall,2023-11-22T00:00:00.000Z,2025-06-23T11:58:28.000Z,,,9,"Health and social care,Health protection,Laboratories and reference facilities,Public health,GOV.UK homepage",UK Health Security Agency,UK Health Security Agency,2022 to 2024 Sunak Conservative government,,,
https://www.gov.uk/guidance/chagas-disease-migrant-health-guide,Chagas disease: migrant health guide,detailed_guide,601d3f21-7631-11e4-a3cb-005056011aef,en,whitehall,2014-07-30T23:00:00.000Z,2025-03-31T13:12:22.000Z,,,9,"GOV.UK homepage,Public health,Health protection,Health and social care,Migrant health",UK Health Security Agency,UK Health Security Agency,2010 to 2015 Conservative and Liberal Democrat coalition government,,,
https://www.gov.uk/guidance/streptococcal-infections,Streptococcal infections,detailed_guide,60206218-7631-11e4-a3cb-005056011aef,en,whitehall,2013-03-31T23:00:00.000Z,2013-03-31T23:00:00.000Z,,,9,"Public health,Health and social care,Health protection,GOV.UK homepage,Infectious diseases",Public Health England,Public Health England,2010 to 2015 Conservative and Liberal Democrat coalition government,,,
https://www.gov.uk/guidance/infected-blood-how-to-access-additional-support,Infected Blood: How to access additional support,detailed_guide,bfbf2dfe-3100-45a3-b203-926d9ace8417,en,whitehall,2024-05-21T13:02:15.000Z,2024-05-21T13:02:15.000Z,,,9,"GOV.UK homepage,Health and social care",Infected Blood Compensation Authority,Infected Blood Compensation Authority,2022 to 2024 Sunak Conservative government,,,
https://www.gov.uk/guidance/biological-principles-for-control-of-mpox-in-the-uk-4-nations-consensus-statement,Biological principles for control of mpox in the UK: 4 nations consensus statement,detailed_guide,62f92765-9692-4c6b-ae7b-0cf6e029aef7,en,whitehall,2025-03-24T16:44:31.000Z,2025-03-24T16:44:31.000Z,,,9,"Health and social care,Public health,GOV.UK homepage,Infectious diseases,Health protection",UK Health Security Agency,UK Health Security Agency,2024 Starmer Labour government,,,
https://www.gov.uk/guidance/report-changes-to-your-disability-confident-details,Make changes to your Disability Confident details,detailed_guide,d75b6f9d-e807-49ba-8e6c-10739dc18670,en,whitehall,2021-06-15T15:51:00.000Z,2021-06-15T15:51:00.000Z,,,9,"Welfare,Disability rights,GOV.UK homepage,Work and disabled people,Disabled people,Education, training and skills,Work,Health and social care",Department for Work and Pensions,Department for Work and Pensions,2019 to 2022 Johnson Conservative government,,,
https://www.gov.uk/guidance/information-on-invasive-mosquitoes,Information on invasive mosquitoes,detailed_guide,3c0e7c71-0c27-44df-b462-5091a1060034,en,whitehall,2025-03-06T09:30:12.000Z,2025-03-06T09:30:12.000Z,,,9,"Public health,GOV.UK homepage,Climate and health,Health and social care",UK Health Security Agency,UK Health Security Agency,2024 Starmer Labour government,,,
https://www.gov.uk/guidance/private-screening-for-health-conditions-nhs-recommendations,Private screening for health conditions: NHS recommendations,detailed_guide,c9b4fe5b-74d3-4f55-a169-679e15acbaff,en,whitehall,2014-01-01T00:00:00.000Z,2014-01-01T00:00:00.000Z,,,9,"Public health,GOV.UK homepage,Health and social care",Public Health England,Public Health England,2010 to 2015 Conservative and Liberal Democrat coalition government,,,
https://www.gov.uk/guidance/ethnographic-study-qualitative-studies,Ethnographic study: qualitative studies,detailed_guide,fe0fbb50-5b24-40f7-b6df-14f130767073,en,whitehall,2020-05-04T15:00:00.000Z,2020-05-04T15:00:00.000Z,,,9,"Health improvement,Health and social care,Public health,GOV.UK homepage,Health protection,Research, testing and standards",Office for Health Improvement and Disparities,Office for Health Improvement and Disparities,2019 to 2022 Johnson Conservative government,,,
https://www.gov.uk/guidance/pontiac-fever,Pontiac fever,detailed_guide,602176a4-7631-11e4-a3cb-005056011aef,en,whitehall,2007-11-22T00:00:00.000Z,2019-07-24T11:11:02.000Z,,,9,"GOV.UK homepage,Health protection,Infectious diseases,Public health,Health and social care",Public Health England,Public Health England,2007 to 2010 Brown Labour government,,,
https://www.gov.uk/guidance/quasi-experimental-study-comparative-studies,Quasi-experimental study: comparative studies,detailed_guide,ea926798-03f8-4090-b70a-d016ba93208d,en,whitehall,2021-09-08T14:20:00.000Z,2021-09-08T14:20:00.000Z,,,9,"Research, testing and standards,GOV.UK homepage,Public health,Health and social care,Health protection,Health improvement",Office for Health Improvement and Disparities,Office for Health Improvement and Disparities,2019 to 2022 Johnson Conservative government,,,
https://www.gov.uk/guidance/mpox-guidance-for-environmental-cleaning-and-decontamination-in-non-healthcare-settings,Mpox: guidance for environmental cleaning and decontamination in non-healthcare settings,detailed_guide,959c7d89-de6b-4d02-8121-3be0a12b58ef,en,whitehall,2024-11-20T00:00:00.000Z,2025-05-15T08:30:08.000Z,,,9,"GOV.UK homepage,Infectious diseases,Health protection,Health and social care,Public health",UK Health Security Agency,UK Health Security Agency,2024 Starmer Labour government,,,
https://www.gov.uk/guidance/enterococcus-species-and-glycopeptide-resistant-enterococci-gre,Enterococcus species and glycopeptide-resistant enterococci (GRE),detailed_guide,6021c24f-7631-11e4-a3cb-005056011aef,en,whitehall,2008-07-21T23:00:00.000Z,2008-07-21T23:00:00.000Z,,,9,"Public health,Health protection,GOV.UK homepage,Health and social care,Infectious diseases",Public Health England,Public Health England,2007 to 2010 Brown Labour government,,,
https://www.gov.uk/guidance/ukhsa-presents,UKHSA Presents,detailed_guide,a981cfc1-440a-4923-9f90-87e5afd955dd,en,whitehall,2024-09-17T23:00:00.000Z,2025-10-29T16:00:21.000Z,,,9,"Health and social care,Research and innovation in health and social care,GOV.UK homepage",UK Health Security Agency,UK Health Security Agency,2024 Starmer Labour government,,,
https://www.gov.uk/guidance/supporting-vulnerable-people-before-and-during-cold-weather-for-adult-social-care-managers,Supporting vulnerable people before and during cold weather: for adult social care managers,detailed_guide,68817a10-40cf-4fec-8d0b-de15df6bfc3c,en,whitehall,2025-09-24T08:30:02.000Z,2025-09-24T08:30:02.000Z,,,9,"GOV.UK homepage,Health and social care,Climate and health,Public health",UK Health Security Agency,"UK Health Security Agency,Centre for Climate and Health Security",2024 Starmer Labour government,,,
https://www.gov.uk/guidance/nhs-injury-costs-recovery-scheme-tariff-and-charges-from-1-october-2025,NHS injury costs recovery scheme: tariff and charges from 1 October 2025,detailed_guide,cc2e17b4-6902-407f-abe2-14ef03cc7a12,en,whitehall,2025-10-07T11:02:13.000Z,2025-10-07T11:02:13.000Z,,,9,"NHS efficiency,GOV.UK homepage,Government efficiency, transparency and accountability,Government,National Health Service,Health and social care",Department of Health and Social Care,Department of Health and Social Care,2024 Starmer Labour government,,,
https://www.gov.uk/guidance/staffordshire-tamworth-probation-centre,Staffordshire: Tamworth Probation Centre,detailed_guide,7876bd8c-ee15-4073-a537-01d48c08747c,en,whitehall,2021-01-20T00:00:00.000Z,2022-11-25T16:15:36.000Z,,,9,"Health and social care,COVID-19,Prisons and probation,GOV.UK homepage,Crime, justice and law",HM Prison and Probation Service,"HM Prison and Probation Service,Probation Service,Ministry of Justice",2019 to 2022 Johnson Conservative government,,,
https://www.gov.uk/guidance/mental-health-and-climate-change-a-quick-guide,Mental health and climate change: a quick guide,detailed_guide,a87c11df-c1de-4ab4-beb6-19bc69223967,en,whitehall,2025-11-12T09:30:02.000Z,2025-11-12T09:30:02.000Z,,,8,"Health and social care,Public health,GOV.UK homepage,Climate and health",UK Health Security Agency,"UK Health Security Agency,Centre for Climate and Health Security",2024 Starmer Labour government,,,
https://www.gov.uk/guidance/guidance-on-mah-and-qppv-location,Guidance on MAH and QPPV location,detailed_guide,db1dcc27-0f12-47c2-bfaf-466737a5d608,en,whitehall,2020-12-31T00:00:00.000Z,2025-01-08T16:31:09.000Z,,,8,"Marketing authorisations, variations and licensing guidance,GOV.UK homepage,Health and social care,Government,Medicines, medical devices,Manufacturing, wholesaling, importing and exporting medicines,Brexit",Medicines and Healthcare products Regulatory Agency,Medicines and Healthcare products Regulatory Agency,2019 to 2022 Johnson Conservative government,,,
https://www.gov.uk/guidance/clostridium-difficile-ribotyping-network-cdrn-guide-to-services,Clostridioides difficile ribotyping network (CDRN): guide to services,detailed_guide,5fe5ddef-7631-11e4-a3cb-005056011aef,en,whitehall,2014-08-07T23:00:00.000Z,2026-01-06T13:11:50.000Z,,,8,"Health protection,Infectious diseases,GOV.UK homepage,Laboratories and reference facilities,Public health,Health and social care",UK Health Security Agency,UK Health Security Agency,2010 to 2015 Conservative and Liberal Democrat coalition government,,,
https://www.gov.uk/guidance/measuring-excess-mortality-a-guide-to-the-main-reports,Measuring excess mortality: a guide to the main reports,detailed_guide,74a6faeb-164a-4cb3-aaed-0f4d5344d832,en,whitehall,2024-02-20T00:00:00.000Z,2025-07-02T08:19:37.000Z,,,8,"Public health,Health and social care,GOV.UK homepage",UK Health Security Agency,"UK Health Security Agency,Office for National Statistics,Office for Health Improvement and Disparities",2022 to 2024 Sunak Conservative government,,,
https://www.gov.uk/guidance/afghanistan-migrant-health-guide,Afghanistan: migrant health guide,detailed_guide,601f3099-7631-11e4-a3cb-005056011aef,en,whitehall,2014-07-30T23:00:00.000Z,2023-12-04T11:32:03.000Z,,,8,"Public health,GOV.UK homepage,Health and social care,Migrant health,Health protection",Office for Health Improvement and Disparities,Office for Health Improvement and Disparities,2010 to 2015 Conservative and Liberal Democrat coalition government,,,
https://www.gov.uk/guidance/tick-awareness-and-toolkit,Tick awareness and toolkit,detailed_guide,4479d464-e557-4f80-a572-2d334b637a9c,en,whitehall,2025-03-06T09:30:11.000Z,2025-03-06T09:30:11.000Z,,,8,"Climate and health,GOV.UK homepage,Public health,Health and social care",UK Health Security Agency,UK Health Security Agency,2024 Starmer Labour government,,,
https://www.gov.uk/guidance/supporting-vulnerable-people-before-and-during-hot-weather-people-experiencing-homelessness-and-sleeping-rough,Supporting vulnerable people before and during hot weather: people experiencing homelessness and sleeping rough,detailed_guide,924a7b01-1010-450d-972e-ac4d480c660e,en,whitehall,2024-12-19T00:00:00.000Z,2024-12-19T00:00:00.000Z,,,8,"Public health,Health protection,Health and social care,Emergency response,GOV.UK homepage",UK Health Security Agency,UK Health Security Agency,2024 Starmer Labour government,,,
https://www.gov.uk/guidance/regulatory-status-of-equipment-being-used-to-help-prevent-coronavirus-covid-19,Regulatory status of equipment being used to help prevent coronavirus (COVID-19),detailed_guide,f6b445b1-a29a-4894-b510-3c61b3146327,en,whitehall,2020-03-26T14:27:00.000Z,2023-07-01T08:30:00.000Z,,,8,"Health and social care,GOV.UK homepage,COVID-19,Medicines, medical devices,Health and wellbeing during COVID-19,Medical devices regulation and safety",Medicines and Healthcare products Regulatory Agency,Medicines and Healthcare products Regulatory Agency,2019 to 2022 Johnson Conservative government,,,
https://www.gov.uk/guidance/check-if-you-need-to-change-your-self-assessment-return-for-seiss,Check if you need to change your Self Assessment return for SEISS,detailed_guide,79716c53-62d7-41c1-adf9-4d9f85b82d7a,en,whitehall,2021-07-02T13:55:00.000Z,2023-09-20T09:52:55.000Z,,,8,"COVID-19,Support for self-employed people and sole traders during COVID-19,GOV.UK homepage,Health and social care,Money,Funding and support for businesses during COVID-19,Support for businesses and self-employed people during COVID-19,Personal tax,Paying your tax bill,Self Assessment,Filing a tax return",HM Revenue & Customs,HM Revenue & Customs,2019 to 2022 Johnson Conservative government,,,
https://www.gov.uk/guidance/distinguishing-aedes-albopictus-the-asian-tiger-mosquito-from-native-british-mosquitoes,"Distinguishing Aedes albopictus, the Asian Tiger mosquito, from native British mosquitoes",detailed_guide,4bf3ad01-ced7-4c94-8905-42b62f900e50,en,whitehall,2025-03-06T09:30:13.000Z,2025-03-06T09:30:13.000Z,,,8,"Climate and health,Health and social care,Public health,GOV.UK homepage",UK Health Security Agency,UK Health Security Agency,2024 Starmer Labour government,,,
https://www.gov.uk/guidance/dhsc-annual-report-and-accounts-timetable,DHSC annual report and accounts timetable,detailed_guide,d6e5332c-9684-4c63-b96d-387fe6ba257b,en,whitehall,2025-12-16T10:31:09.000Z,2025-12-16T10:31:09.000Z,,,8,"Government efficiency, transparency and accountability,Government,GOV.UK homepage,Health and social care",Department of Health and Social Care,Department of Health and Social Care,2024 Starmer Labour government,,,
https://www.gov.uk/guidance/cost-effectiveness-analysis-health-economic-studies,Cost effectiveness analysis: health economic studies,detailed_guide,822f16ec-7b5c-40d3-96eb-30b863a3d21f,en,whitehall,2020-10-13T13:50:00.000Z,2020-10-13T13:50:00.000Z,,,8,"Health and social care,Research, testing and standards,Public health,GOV.UK homepage,Health improvement,Health protection",Office for Health Improvement and Disparities,Office for Health Improvement and Disparities,2019 to 2022 Johnson Conservative government,,,
https://www.gov.uk/guidance/monkeypox-cleaning-sex-on-premises-venues,Mpox: cleaning sex-on-premises venues,detailed_guide,fac0927e-8060-45ad-924b-677ebeac8413,en,whitehall,2022-06-07T23:00:00.000Z,2022-06-07T23:00:00.000Z,,,8,"GOV.UK homepage,Public health,Health protection,Infectious diseases,Health and social care",UK Health Security Agency,UK Health Security Agency,2019 to 2022 Johnson Conservative government,,,
https://www.gov.uk/guidance/high-blood-pressure-plan-and-deliver-effective-services-and-treatment,High blood pressure: plan and deliver effective services and treatment,detailed_guide,602cbe10-7631-11e4-a3cb-005056011aef,en,whitehall,2014-11-18T09:00:00.000Z,2015-03-30T16:00:09.000Z,,,8,"Public health,National Health Service,Health and social care,GOV.UK homepage,Social care,Health conditions",Public Health England,Public Health England,2010 to 2015 Conservative and Liberal Democrat coalition government,,,
https://www.gov.uk/guidance/radiation-products-and-services,Radiation: products and services,detailed_guide,5fec380d-7631-11e4-a3cb-005056011aef,en,whitehall,2014-07-30T23:00:00.000Z,2014-07-30T23:00:00.000Z,,,8,"Health protection,Health and social care,Public health,Radiation protection,GOV.UK homepage",Public Health England,Public Health England,2010 to 2015 Conservative and Liberal Democrat coalition government,,,
https://www.gov.uk/guidance/zika-virus-symptoms-and-complications,Zika virus: symptoms and complications,detailed_guide,b53b7650-ff38-411d-913d-9a2ee34e343b,en,whitehall,2015-12-11T00:00:00.000Z,2017-08-02T18:00:07.000Z,,,8,"Public health,GOV.UK homepage,Health protection,Infectious diseases,Health and social care",Public Health England,Public Health England,2015 to 2016 Cameron Conservative government,,,
https://www.gov.uk/guidance/gram-negative-bacteria-prevention-surveillance-and-epidemiology,"Gram-negative bacteria: prevention, surveillance and epidemiology",detailed_guide,4c486f24-2713-4227-b4a9-800a3256fd30,en,whitehall,2017-07-31T23:00:00.000Z,2017-07-31T23:00:00.000Z,,,8,"GOV.UK homepage,Infectious diseases,Health protection,Health and social care,Public health",Public Health England,Public Health England,2016 to 2019 May Conservative government,,,
https://www.gov.uk/guidance/vat-on-admission-charges-to-attractions,VAT on admission charges to attractions,detailed_guide,25389b85-c692-46a1-8476-5508c4ea6192,en,whitehall,2020-07-09T13:10:00.000Z,2022-12-23T10:44:53.000Z,,,8,"Your responsibilities as an employer during COVID-19,Support for businesses and self-employed people during COVID-19,Paying,COVID-19,Accounting for VAT,Money,GOV.UK homepage,Managing your business during COVID-19,Business tax,VAT,Health and social care,Funding and support for businesses during COVID-19",HM Revenue & Customs,HM Revenue & Customs,2019 to 2022 Johnson Conservative government,,,
https://www.gov.uk/guidance/completed-paediatric-studies-submission-processing-and-assessment,"Completed paediatric studies: submission, processing and assessment",detailed_guide,8b27d7e2-8670-4516-8337-3f1a3b167dc6,en,whitehall,2023-02-01T00:00:00.000Z,2025-02-13T09:54:30.000Z,,,8,"Marketing authorisations, variations and licensing guidance,GOV.UK homepage,Medicines, medical devices,Health and social care",Medicines and Healthcare products Regulatory Agency,Medicines and Healthcare products Regulatory Agency,2022 to 2024 Sunak Conservative government,,,
https://www.gov.uk/guidance/access-ebooks-ukhsa-knowledge-and-library-services,Access eBooks: UKHSA Knowledge and Library Services,detailed_guide,8ba5bc16-7b5c-4936-a043-e156f2313763,en,whitehall,2025-07-27T23:00:00.000Z,2025-07-27T23:00:00.000Z,,,8,"Health protection,GOV.UK homepage,Public health,Health and social care",UK Health Security Agency,UK Health Security Agency,2024 Starmer Labour government,,,
https://www.gov.uk/guidance/services-for-ohid-staff-ukhsa-knowledge-and-library-services,Services for OHID staff: UKHSA Knowledge and Library Services,detailed_guide,804c7f7b-5c00-4ae8-bb42-76e743f992dc,en,whitehall,2025-07-27T23:00:00.000Z,2025-07-27T23:00:00.000Z,,,8,"Health protection,GOV.UK homepage,Public health,Research, testing and standards,Health and social care",UK Health Security Agency,UK Health Security Agency,2024 Starmer Labour government,,,
https://www.gov.uk/guidance/mosquito-surveys,Mosquito surveys,detailed_guide,6af27841-ddd6-4c0a-873a-ceb35cb889d3,en,whitehall,2025-03-06T09:30:14.000Z,2025-03-06T09:30:14.000Z,,,8,"Public health,GOV.UK homepage,Climate and health,Health and social care",UK Health Security Agency,"UK Health Security Agency,Centre for Climate and Health Security",2024 Starmer Labour government,,,
https://www.gov.uk/guidance/nhs-population-screening-identifying-and-reducing-inequalities,NHS population screening: identifying and reducing inequalities,detailed_guide,8e109d67-8298-44d8-9325-dc47807714f0,en,whitehall,2021-03-22T09:54:00.000Z,2022-02-24T15:37:43.000Z,,,8,"Population screening programmes,Health and social care,GOV.UK homepage,Public health",Office for Health Improvement and Disparities,Office for Health Improvement and Disparities,2019 to 2022 Johnson Conservative government,,,
https://www.gov.uk/guidance/pathways-between-climate-change-and-mental-health-conditions,Pathways between climate change and mental health conditions,detailed_guide,d490186b-a34e-4b2d-8277-c8a379e39c01,en,whitehall,2025-11-12T09:30:02.000Z,2025-11-12T09:30:02.000Z,,,8,"Health and social care,Public health,Climate and health,GOV.UK homepage",UK Health Security Agency,"UK Health Security Agency,Centre for Climate and Health Security",2024 Starmer Labour government,,,
https://www.gov.uk/guidance/heat-summary-chapter-7-climate-and-infectious-diseases,Heat summary - Chapter 7: climate and infectious diseases,detailed_guide,7f3a4b35-2726-4099-908d-6f4f6fc2cd73,en,whitehall,2024-12-19T00:00:00.000Z,2024-12-19T00:00:00.000Z,,,8,"Health and social care,Public health,GOV.UK homepage,Health protection,Emergency response",UK Health Security Agency,"UK Health Security Agency,Centre for Climate and Health Security",2024 Starmer Labour government,,,
https://www.gov.uk/guidance/ukhsa-commercial-and-partnerships,UKHSA Commercial and Partnerships,detailed_guide,e0d6011c-c4f9-4073-bdbe-19787a54f3c5,en,whitehall,2022-05-04T23:00:00.000Z,2025-04-30T11:09:43.000Z,,,8,"GOV.UK homepage,Health and social care,Corporate information",UK Health Security Agency,UK Health Security Agency,2019 to 2022 Johnson Conservative government,,,
https://www.gov.uk/guidance/healthcare-in-denmark,Healthcare for UK nationals living in Denmark,detailed_guide,bb908e44-a8cd-43f9-a20e-f5721896e5d0,en,whitehall,2019-09-22T23:00:00.000Z,2021-10-19T13:32:56.000Z,,,8,"Going and being abroad,Living abroad,Government,Brexit,Living in Denmark,Health and social care,Help and services around the world,British nationals overseas,UK help and services in Denmark,GOV.UK homepage",Department of Health and Social Care,"Department of Health and Social Care,Foreign, Commonwealth & Development Office",2019 to 2022 Johnson Conservative government,,,
https://www.gov.uk/guidance/tick-research-projects,Tick research projects,detailed_guide,b11dd19f-05b7-43e8-9e58-3930f260ecdb,en,whitehall,2025-03-06T09:30:11.000Z,2025-03-06T09:30:11.000Z,,,8,"Climate and health,Health and social care,GOV.UK homepage,Public health",UK Health Security Agency,UK Health Security Agency,2024 Starmer Labour government,,,
https://www.gov.uk/guidance/systematic-reviews-ukhsa-knowledge-and-library-services,Systematic reviews: UKHSA Knowledge and Library Services,detailed_guide,a50a65a8-b49c-4370-b759-dc19ef846577,en,whitehall,2025-07-27T23:00:00.000Z,2025-09-17T17:39:30.000Z,,,8,"Public health,Health protection,Health and social care,GOV.UK homepage",UK Health Security Agency,UK Health Security Agency,2024 Starmer Labour government,,,
https://www.gov.uk/guidance/how-to-submit-practitioner-licence-applications-to-arsac,How to submit practitioner licence applications to ARSAC,detailed_guide,b7fe9e5a-42c7-41a7-9c5c-06298b2820c1,en,whitehall,2021-09-14T23:00:00.000Z,2025-05-27T10:02:01.000Z,,,8,"Public health,GOV.UK homepage,Health and social care",Administration of Radioactive Substances Advisory Committee,Administration of Radioactive Substances Advisory Committee,2019 to 2022 Johnson Conservative government,,,
https://www.gov.uk/guidance/childhood-infections-migrant-health-guide,Childhood infections: migrant health guide,detailed_guide,60235742-7631-11e4-a3cb-005056011aef,en,whitehall,2014-07-30T23:00:00.000Z,2025-03-31T13:13:31.000Z,,,8,"Infectious diseases,Public health,Health protection,Health and social care,Children's health and welfare,GOV.UK homepage,Children's health,Parenting, childcare and children's services ,Migrant health",UK Health Security Agency,UK Health Security Agency,2010 to 2015 Conservative and Liberal Democrat coalition government,,,
https://www.gov.uk/guidance/interrupted-time-series-study,Interrupted time series study,detailed_guide,4f62beb7-3d93-420c-b6b2-575e22a6828d,en,whitehall,2020-12-22T16:31:00.000Z,2020-12-22T16:31:00.000Z,,,8,"Health protection,Public health,Health improvement,Health and social care,Research, testing and standards,GOV.UK homepage",Office for Health Improvement and Disparities,Office for Health Improvement and Disparities,2019 to 2022 Johnson Conservative government,,,
https://www.gov.uk/guidance/heat-summary-heat-mortality-monitoring-reports,Heat summary – heat mortality monitoring reports,detailed_guide,f7b3184e-45aa-4932-a398-f6a4c2c68dcb,en,whitehall,2024-12-19T00:00:00.000Z,2025-04-03T08:30:08.000Z,,,8,"Public health,GOV.UK homepage,Emergency response,Health protection,Health and social care",UK Health Security Agency,UK Health Security Agency,2024 Starmer Labour government,,,
https://www.gov.uk/guidance/vaccination-in-pregnancy-vip,Inadvertent vaccination in pregnancy (VIP),detailed_guide,5fa6aea9-7631-11e4-a3cb-005056011aef,en,whitehall,2010-04-30T23:00:00.000Z,2025-12-23T15:23:12.000Z,,,7,"Public health,Vaccinations for COVID-19,GOV.UK homepage,Health and social care,Immunisation,Health protection,Infectious diseases,COVID-19",UK Health Security Agency,UK Health Security Agency,2007 to 2010 Brown Labour government,,,
https://www.gov.uk/guidance/education-and-training-for-screening-related-professionals,Education and training for screening-related professionals,detailed_guide,92d4b183-682f-48fa-8139-674e0625cfa2,en,whitehall,2023-07-10T23:00:00.000Z,2025-01-27T12:49:49.000Z,,,7,"Public health,GOV.UK homepage,Population screening programmes,Health and social care",Office for Health Improvement and Disparities,Office for Health Improvement and Disparities,2022 to 2024 Sunak Conservative government,,,
https://www.gov.uk/guidance/ukhsa-national-patient-safety-alerts,UKHSA National Patient Safety Alerts,detailed_guide,28cad74b-54c7-4160-8d36-e13e37ad079d,en,whitehall,2021-12-08T00:00:00.000Z,2025-06-26T14:16:23.000Z,,,7,"Health and social care,GOV.UK homepage,Health protection,Emergency response,Public health",UK Health Security Agency,UK Health Security Agency,2019 to 2022 Johnson Conservative government,,,
https://www.gov.uk/guidance/applicant-information-and-guidance-for-the-secretary-of-state-for-transports-honorary-medical-advisory-panel-members,Applicant information and guidance for the Secretary of State for Transport's Honorary Medical Advisory Panel Members,detailed_guide,2dca9280-4621-44f0-8a18-4004f9d5f396,en,whitehall,2023-06-13T23:00:00.000Z,2024-07-23T13:36:58.000Z,,,7,"Transport,Health and social care,GOV.UK homepage,Road safety, driving rules and penalties,Careers in transport,Driving and road transport,Driving and medical conditions",Driver and Vehicle Licensing Agency,Driver and Vehicle Licensing Agency,2022 to 2024 Sunak Conservative government,,,
https://www.gov.uk/guidance/weather-health-alerting-wha-system,Weather-Health Alerting (WHA) system,detailed_guide,f2f98d48-df19-4abe-a5c9-6e77da74c967,en,whitehall,2024-12-19T00:00:00.000Z,2024-12-19T00:00:00.000Z,,,7,"Emergency response,Public health,Health protection,GOV.UK homepage,Health and social care",UK Health Security Agency,UK Health Security Agency,2024 Starmer Labour government,,,
https://www.gov.uk/guidance/clinical-audit-descriptive-studies,Clinical audit: descriptive studies,detailed_guide,8aef9f53-9554-402d-8f52-16b79896646f,en,whitehall,2020-05-20T09:45:00.000Z,2020-05-20T09:45:00.000Z,,,7,"GOV.UK homepage,Health protection,Health improvement,Research, testing and standards,Health and social care,Public health",Office for Health Improvement and Disparities,Office for Health Improvement and Disparities,2019 to 2022 Johnson Conservative government,,,
https://www.gov.uk/guidance/information-on-native-mosquitoes,Information on native mosquitoes,detailed_guide,9a6ff0b4-1487-4931-a097-2513925b494b,en,whitehall,2025-03-06T09:30:12.000Z,2025-03-06T09:30:12.000Z,,,7,"GOV.UK homepage,Health and social care,Public health,Climate and health",UK Health Security Agency,UK Health Security Agency,2024 Starmer Labour government,,,
https://www.gov.uk/guidance/register-a-homeopathic-medicine-or-remedy,Register a homeopathic medicine,detailed_guide,767ca09c-967d-4cf5-bcd3-82e09de7c442,en,whitehall,2015-01-20T00:00:00.000Z,2025-12-11T09:20:36.000Z,,,7,"Public health,Herbal and homeopathic medicines,National Health Service,GOV.UK homepage,Health and social care,Patient safety,Medicines, medical devices",Medicines and Healthcare products Regulatory Agency,Medicines and Healthcare products Regulatory Agency,2010 to 2015 Conservative and Liberal Democrat coalition government,,,
https://www.gov.uk/guidance/haemorrhagic-fevers-in-bolivia-origins-reservoirs-transmission-and-guidelines,"Haemorrhagic fevers in Bolivia: origins, reservoirs, transmission and guidelines",detailed_guide,d8e7757b-07e1-431f-90fb-0514d831097e,en,whitehall,2026-02-05T09:30:05.000Z,2026-02-05T09:30:05.000Z,,,7,"Health and social care,GOV.UK homepage,Infectious diseases,Health protection,Public health",UK Health Security Agency,UK Health Security Agency,2024 Starmer Labour government,,,
https://www.gov.uk/guidance/living-in-lebanon,Living in Lebanon,detailed_guide,5ef82915-7631-11e4-a3cb-005056011aef,en,whitehall,2025-07-14T23:00:00.000Z,2024-08-05T10:05:33.000Z,,,7,"Living abroad,GOV.UK homepage,Lebanon,Going and being abroad,Health and social care,COVID-19,Countries (Living In),Middle East,Living in Lebanon,UK help and services in Lebanon,Help and services around the world","Foreign, Commonwealth & Development Office","Foreign, Commonwealth & Development Office",2024 Starmer Labour government,,,
https://www.gov.uk/guidance/knowledge-and-evidence-specialists-ukhsa-knowledge-and-library-services,Knowledge and Evidence Specialists: UKHSA Knowledge and Library Services,detailed_guide,fac6f8c6-1d04-4abd-9546-bbe6b44bd37e,en,whitehall,2025-07-27T23:00:00.000Z,2025-07-27T23:00:00.000Z,,,7,"Health and social care,GOV.UK homepage,Health protection,Public health",UK Health Security Agency,UK Health Security Agency,2024 Starmer Labour government,,,
https://www.gov.uk/guidance/economic-evaluation-health-economic-studies,Economic evaluation: health economic studies,detailed_guide,f02df372-4ae1-4357-871a-0f8be526eeda,en,whitehall,2020-07-22T12:11:00.000Z,2021-05-19T09:38:16.000Z,,,7,"Health improvement,Public health,Health and social care,GOV.UK homepage,Research, testing and standards,Health protection",Office for Health Improvement and Disparities,Office for Health Improvement and Disparities,2019 to 2022 Johnson Conservative government,,,
https://www.gov.uk/guidance/sexually-transmitted-infections-reference-laboratory-stirl-clinical-reference-and-surveillance-services,Sexually transmitted infections reference laboratory (STIRL): Clinical reference and surveillance services,detailed_guide,5d8254ad-69ff-42cb-a40c-2aaccd2b13bb,en,whitehall,2024-09-26T23:00:00.000Z,2026-01-21T09:33:54.000Z,,,7,"Health protection,Public health,Laboratories and reference facilities,GOV.UK homepage,Health and social care",UK Health Security Agency,UK Health Security Agency,2024 Starmer Labour government,,,
https://www.gov.uk/guidance/healthcare-in-belgium,Healthcare for UK nationals living in Belgium,detailed_guide,2c75f924-2c21-424c-880e-869fa9ed2c29,en,whitehall,2019-09-22T23:00:00.000Z,2021-10-19T13:31:29.000Z,,,7,"Going and being abroad,Living abroad,UK help and services in Belgium,Help and services around the world,Government,Brexit,British nationals overseas,Health and social care,GOV.UK homepage,Living in Belgium",Department of Health and Social Care,"Department of Health and Social Care,Foreign, Commonwealth & Development Office",2019 to 2022 Johnson Conservative government,,,
https://www.gov.uk/guidance/apply-to-release-a-vaccine-or-a-blood-product-to-market,Apply to release a vaccine or a blood product to market,detailed_guide,baf007ba-0e86-4f2c-a0e0-3a114cfdc3a4,en,whitehall,2018-01-31T00:00:00.000Z,2025-03-11T14:38:40.000Z,,,7,"GOV.UK homepage,Health and social care,Medicines, medical devices,Public health",Medicines and Healthcare products Regulatory Agency,Medicines and Healthcare products Regulatory Agency,2016 to 2019 May Conservative government,,,
https://www.gov.uk/guidance/sri-lanka-migrant-health-guide,Sri Lanka: migrant health guide,detailed_guide,602bb7bf-7631-11e4-a3cb-005056011aef,en,whitehall,2014-07-30T23:00:00.000Z,2016-04-18T14:30:37.000Z,,,7,"Health and social care,Health protection,Public health,Visas and entry clearance,Tuberculosis (TB) testing,Migrant health,GOV.UK homepage,Entering and staying in the UK",Public Health England,Public Health England,2010 to 2015 Conservative and Liberal Democrat coalition government,,,
https://www.gov.uk/guidance/supporting-vulnerable-people-before-and-during-hot-weather-healthcare-professionals,Supporting vulnerable people before and during hot weather: healthcare professionals,detailed_guide,6830f578-f37e-4ba2-aefd-588dc9bbae7e,en,whitehall,2024-12-19T00:00:00.000Z,2024-12-19T00:00:00.000Z,,,7,"Health and social care,Health protection,GOV.UK homepage,Public health,Emergency response",UK Health Security Agency,UK Health Security Agency,2024 Starmer Labour government,,,
https://www.gov.uk/guidance/moving-healthcare-closer-to-home,Moving healthcare closer to home,detailed_guide,df6d3d7e-472a-48ed-81fe-ae619e955fb6,en,whitehall,2015-09-09T11:01:00.000Z,2015-09-09T11:01:00.000Z,,,7,"GOV.UK homepage,National Health Service,Health and social care",Monitor,Monitor,2015 to 2016 Cameron Conservative government,,,
https://www.gov.uk/guidance/depleted-uranium-du-general-information-and-toxicology,Depleted uranium (DU): general information and toxicology,detailed_guide,5fda147f-7631-11e4-a3cb-005056011aef,en,whitehall,2007-12-17T00:00:00.000Z,2007-12-17T00:00:00.000Z,,,7,"Health and social care,GOV.UK homepage,Public health,Radiation protection,Health protection",UK Health Security Agency,UK Health Security Agency,2007 to 2010 Brown Labour government,,,
https://www.gov.uk/guidance/crossover-randomised-controlled-trial-comparative-studies,Crossover randomised controlled trial: comparative studies,detailed_guide,99c498b4-1fc0-47f1-8687-8d8f5eba36ab,en,whitehall,2020-05-04T08:30:00.000Z,2020-05-04T08:30:00.000Z,,,7,"Health and social care,Research, testing and standards,GOV.UK homepage,Public health,Health improvement,Health protection",Office for Health Improvement and Disparities,Office for Health Improvement and Disparities,2019 to 2022 Johnson Conservative government,,,
https://www.gov.uk/guidance/clostridium-perfringens,Clostridium perfringens,detailed_guide,6020e0bb-7631-11e4-a3cb-005056011aef,en,whitehall,2008-09-23T23:00:00.000Z,2008-09-23T23:00:00.000Z,,,7,"Infectious diseases,Health protection,Health and social care,GOV.UK homepage,Public health",Public Health England,Public Health England,2007 to 2010 Brown Labour government,,,
https://www.gov.uk/guidance/care-for-elderly-vulnerable-or-disabled-adults-homes-for-ukraine,"Care for elderly, vulnerable or disabled adults: Homes for Ukraine",detailed_guide,3bf6d226-0976-4ff4-b2c2-a6ebf1543a92,en,whitehall,2023-01-16T11:19:00.000Z,2023-01-16T11:19:00.000Z,,,7,"Social care,Health and social care,GOV.UK homepage","Ministry of Housing, Communities and Local Government","Ministry of Housing, Communities and Local Government,Department for Levelling Up, Housing and Communities ",2022 to 2024 Sunak Conservative government,,,
https://www.gov.uk/guidance/supporting-vulnerable-people-before-and-during-cold-weather-for-those-providing-services-to-rough-sleepers,Supporting vulnerable people before and during cold weather: for those providing services to rough sleepers,detailed_guide,d51000be-fe98-4f88-92b5-d03f36a508d3,en,whitehall,2025-09-24T08:30:02.000Z,2025-09-24T08:30:02.000Z,,,7,"Public health,GOV.UK homepage,Health and social care,Climate and health",UK Health Security Agency,"UK Health Security Agency,Centre for Climate and Health Security",2024 Starmer Labour government,,,
https://www.gov.uk/guidance/delivering-the-forward-view-nhs-planning-guidance-for-201617-to-202021,NHS providers: shared planning guidance for 2016/17 to 2020/21,detailed_guide,d7b6f64c-0196-4875-bcd3-43b3f8759f06,en,whitehall,2015-12-22T15:58:00.000Z,2016-05-27T08:50:07.000Z,,,7,"Health and social care,GOV.UK homepage,National Health Service",Monitor,"Monitor,NHS England,NHS Trust Development Authority,Care Quality Commission,National Institute for Health and Care Excellence,Public Health England,Health Education England",2015 to 2016 Cameron Conservative government,,,
https://www.gov.uk/guidance/register-with-a-doctor-and-get-medication-homes-for-ukraine,Register with a doctor and get medication: Homes for Ukraine,detailed_guide,7ac2e5ed-8ea5-4326-9a94-21db3bd6b831,en,whitehall,2023-01-16T11:21:36.000Z,2023-01-16T11:21:36.000Z,,,7,"Community and society,Society and culture,Health and social care,National Health Service,GOV.UK homepage","Ministry of Housing, Communities and Local Government","Ministry of Housing, Communities and Local Government,Department for Levelling Up, Housing and Communities ",2022 to 2024 Sunak Conservative government,,,
https://www.gov.uk/guidance/nhs-injury-costs-recovery-scheme-tariff-and-charges-from-1-april-2022,NHS injury costs recovery scheme: tariff and charges from 1 April 2022,detailed_guide,c8a9a0c6-c72e-48b1-bb24-f5799b2d977c,en,whitehall,2022-04-28T09:11:37.000Z,2022-04-28T09:11:37.000Z,,,7,"Health and social care,GOV.UK homepage,National Health Service",Department of Health and Social Care,Department of Health and Social Care,2019 to 2022 Johnson Conservative government,,,
https://www.gov.uk/guidance/confirmed-cases-of-mpox-clade-ib-in-united-kingdom,Confirmed cases of mpox clade Ib in United Kingdom,detailed_guide,65ad6b49-9f8f-4952-8b9b-8fb08c686f9d,en,whitehall,2024-11-08T00:00:00.000Z,2025-02-13T16:00:04.000Z,,,7,"Health and social care,GOV.UK homepage,Public health,Infectious diseases,Health protection",UK Health Security Agency,UK Health Security Agency,2024 Starmer Labour government,,,
https://www.gov.uk/guidance/cost-consequence-analysis-health-economic-studies,Cost consequence analysis: health economic studies,detailed_guide,e9f91432-82ec-4517-b18e-195391c9428b,en,whitehall,2020-07-22T12:11:00.000Z,2020-07-22T12:11:00.000Z,,,7,"Public health,Health improvement,Health protection,Research, testing and standards,GOV.UK homepage,Health and social care",Office for Health Improvement and Disparities,Office for Health Improvement and Disparities,2019 to 2022 Johnson Conservative government,,,
https://www.gov.uk/guidance/check-if-your-retail-hospitality-or-leisure-business-is-eligible-for-business-rates-relief-due-to-coronavirus-covid-19,"Check if your retail, hospitality or leisure business is eligible for business rates relief due to coronavirus (COVID-19)",detailed_guide,ea0f9e9a-95ed-4e53-9699-9395a97e9f75,en,whitehall,2020-03-18T17:00:00.000Z,2020-03-18T17:00:00.000Z,,,7,"Business and industry,Relief, refunds and rebates,Local government,GOV.UK homepage,Health and social care,Business rates,Business premises and business rates,Managing your business during COVID-19,Support for businesses and self-employed people during COVID-19,Regional and local government,COVID-19,Running a business","Department for Levelling Up, Housing and Communities ","Department for Levelling Up, Housing and Communities ,Ministry of Housing, Communities & Local Government (2018 to 2021)",2019 to 2022 Johnson Conservative government,,,
https://www.gov.uk/guidance/heat-summary-supporting-vulnerable-people-for-all-users,Heat summary - supporting vulnerable people for all users,detailed_guide,d0ac1df9-f40c-443d-9ac9-0c2b389165ab,en,whitehall,2024-12-19T00:00:00.000Z,2024-12-19T00:00:00.000Z,,,7,"Health protection,Health and social care,Emergency response,Public health,GOV.UK homepage",UK Health Security Agency,UK Health Security Agency,2024 Starmer Labour government,,,
https://www.gov.uk/guidance/financial-support-for-voluntary-community-and-social-enterprise-vcse-organisations-to-respond-to-coronavirus-covid-19,"Financial support for voluntary, community and social enterprise (VCSE) organisations to respond to coronavirus (COVID-19)",detailed_guide,829cb3c1-43ff-4f95-9845-d8ea1cac5126,en,whitehall,2020-05-20T16:00:00.000Z,2022-03-10T11:03:06.000Z,,,7,"Support for businesses and self-employed people during COVID-19,GOV.UK homepage,Getting financial support during COVID-19,Charities, volunteering and honours,Work and financial support during COVID-19,Health and social care,Funding and support for businesses during COVID-19,Society and culture,Volunteering and offering help during COVID-19,COVID-19","Department for Culture, Media and Sport","Department for Culture, Media and Sport,Department for Digital, Culture, Media & Sport",2019 to 2022 Johnson Conservative government,,,
https://www.gov.uk/guidance/ghana-migrant-health-guide,Ghana: migrant health guide,detailed_guide,17403147-95ba-4163-8030-6a8db56d4bef,en,whitehall,2014-07-30T23:00:00.000Z,2021-09-15T10:04:35.000Z,,,7,"Visas and entry clearance,Migrant health,Health protection,Tuberculosis (TB) testing,Public health,Entering and staying in the UK,Health and social care,GOV.UK homepage",Public Health England,Public Health England,2010 to 2015 Conservative and Liberal Democrat coalition government,,,
https://www.gov.uk/guidance/healthcare-in-sweden,Healthcare for UK nationals living in Sweden,detailed_guide,81128308-3c35-4900-b4ff-63115a0b0b52,en,whitehall,2019-09-22T23:00:00.000Z,2021-10-22T17:09:18.000Z,,,7,"Brexit,Going and being abroad,Living abroad,Health and social care,Help and services around the world,UK help and services in Sweden,GOV.UK homepage,British nationals overseas,Living in Sweden,Government",Department of Health and Social Care,"Department of Health and Social Care,Foreign, Commonwealth & Development Office",2019 to 2022 Johnson Conservative government,,,
https://www.gov.uk/guidance/electronic-common-technical-document-ectd-submissions-update,Electronic Common Technical Document (eCTD) submissions update,detailed_guide,1dc3a3d8-40f7-41f4-9876-0aee65454f6c,en,whitehall,2025-06-16T23:00:00.000Z,2025-06-16T23:00:00.000Z,,,7,"Health and social care,Medicines, medical devices,GOV.UK homepage",Medicines and Healthcare products Regulatory Agency,Medicines and Healthcare products Regulatory Agency,2024 Starmer Labour government,,,
https://www.gov.uk/guidance/information-on-native-ticks,Information on native ticks,detailed_guide,cbf00bec-a9c4-4d4a-a6f5-e76c436e9a47,en,whitehall,2025-03-06T09:30:10.000Z,2025-03-06T09:30:10.000Z,,,7,"Climate and health,Public health,Health and social care,GOV.UK homepage",UK Health Security Agency,UK Health Security Agency,2024 Starmer Labour government,,,
https://www.gov.uk/guidance/swine-influenza,Swine influenza: how to spot the disease,detailed_guide,5f65cf2a-7631-11e4-a3cb-005056011aef,en,whitehall,2014-08-25T23:00:00.000Z,2023-11-27T11:27:50.000Z,,,6,"Public health,Environment,Infectious diseases,Food and farming,GOV.UK homepage,Health protection,Health and social care","Department for Environment, Food & Rural Affairs","Department for Environment, Food & Rural Affairs,Animal and Plant Health Agency,UK Health Security Agency",2010 to 2015 Conservative and Liberal Democrat coalition government,,,
https://www.gov.uk/guidance/acinetobacter-species,Acinetobacter species,detailed_guide,6021c37f-7631-11e4-a3cb-005056011aef,en,whitehall,2008-07-21T23:00:00.000Z,2008-07-21T23:00:00.000Z,,,6,"Infectious diseases,GOV.UK homepage,Health protection,Health and social care,Public health",Public Health England,Public Health England,2007 to 2010 Brown Labour government,,,
https://www.gov.uk/guidance/rolling-review-for-marketing-authorisation-applications,Rolling review for marketing authorisation applications,detailed_guide,4e66db5a-8c84-452c-947d-034492122045,en,whitehall,2020-12-31T00:00:00.000Z,2025-03-11T11:01:36.000Z,,,6,"Medicines, medical devices,GOV.UK homepage,Brexit,Health and social care,Marketing authorisations, variations and licensing guidance,Government",Medicines and Healthcare products Regulatory Agency,Medicines and Healthcare products Regulatory Agency,2019 to 2022 Johnson Conservative government,,,
https://www.gov.uk/guidance/healthcare-in-switzerland,Healthcare for UK nationals living in Switzerland,detailed_guide,6a8efbe9-596c-4a9c-846b-097484034e07,en,whitehall,2019-09-22T23:00:00.000Z,2021-11-01T00:00:00.000Z,,,6,"GOV.UK homepage,Government,Going and being abroad,British nationals overseas,Brexit,Living in Switzerland,Health and social care,Living abroad,Help and services around the world,UK help and services in Switzerland",Department of Health and Social Care,"Department of Health and Social Care,Foreign, Commonwealth & Development Office",2019 to 2022 Johnson Conservative government,,,
https://www.gov.uk/guidance/rapid-reviews-ukhsa-knowledge-and-library-services,Rapid reviews: UKHSA Knowledge and Library Services,detailed_guide,d90c01a2-9e63-41f3-bf12-a6c5bc264cb1,en,whitehall,2025-07-27T23:00:00.000Z,2025-07-27T23:00:00.000Z,,,6,"GOV.UK homepage,Public health,Health protection,Health and social care",UK Health Security Agency,UK Health Security Agency,2024 Starmer Labour government,,,
https://www.gov.uk/guidance/healthcare-in-lithuania,Healthcare for UK nationals living in Lithuania,detailed_guide,5703283a-5a31-445c-aea8-6d1e5a29947d,en,whitehall,2019-09-22T23:00:00.000Z,2021-10-21T15:29:28.000Z,,,6,"Help and services around the world,British nationals overseas,UK help and services in Lithuania,Living abroad,Living in Lithuania,GOV.UK homepage,Brexit,Health and social care,Government,Going and being abroad",Department of Health and Social Care,"Department of Health and Social Care,Foreign, Commonwealth & Development Office",2019 to 2022 Johnson Conservative government,,,
https://www.gov.uk/guidance/womens-health-migrant-health-guide,Women's health: migrant health guide,detailed_guide,60237ce7-7631-11e4-a3cb-005056011aef,en,whitehall,2014-07-30T23:00:00.000Z,2021-09-21T10:53:32.000Z,,,6,"Sexual and reproductive health,Health protection,Migrant health,Health and social care,Public health,GOV.UK homepage",Office for Health Improvement and Disparities,Office for Health Improvement and Disparities,2010 to 2015 Conservative and Liberal Democrat coalition government,,,
https://www.gov.uk/guidance/subject-by-subject-support-for-gcse-as-and-a-level-students-in-2022,"Subject-by-subject support for GCSE, AS and A level students in 2022",detailed_guide,d04b61b1-9ab0-44b9-9c0a-a8624ce22e78,en,whitehall,2022-02-07T12:00:00.000Z,2022-02-07T17:02:45.000Z,,,6,"Key stage 3 and 4 exam marking, qualifications and results,Key stage 5 (AS and A Levels),Education, universities and childcare during COVID-19,Health and social care,Key stage 5 exam marking, qualifications and results,Closures, exams and managing a school or early years setting during COVID-19,COVID-19,Education, training and skills,GOV.UK homepage,Secondary curriculum, key stage 3 and key stage 4 (GCSEs),School curriculum",Ofqual,Ofqual,2019 to 2022 Johnson Conservative government,,,
https://www.gov.uk/guidance/tick-surveys,Tick surveys,detailed_guide,4888c2f9-61fc-492d-bf3d-24172ab0ccbb,en,whitehall,2025-03-06T09:30:11.000Z,2025-03-06T09:30:11.000Z,,,6,"Health surveillance and reporting programmes,GOV.UK homepage,Public health,Health protection,Health and social care,Climate and health",UK Health Security Agency,UK Health Security Agency,2024 Starmer Labour government,,,
https://www.gov.uk/guidance/andes-hantavirus-epidemiology-outbreaks-and-guidance,"Andes hantavirus: epidemiology, outbreaks and guidance",detailed_guide,75fa7eb3-9a27-4231-8d7c-940959211b8d,en,whitehall,2021-05-10T12:01:00.000Z,2021-05-10T12:01:00.000Z,,,6,"Infectious diseases,Health and social care,GOV.UK homepage,Health protection,Public health",Public Health England,Public Health England,2019 to 2022 Johnson Conservative government,,,
https://www.gov.uk/guidance/borrow-books-ukhsa-knowledge-and-library-services,Borrow books: UKHSA Knowledge and Library Services,detailed_guide,bb1cac1f-f7c1-456c-838a-5cfaa1540c29,en,whitehall,2025-07-27T23:00:00.000Z,2025-07-27T23:00:00.000Z,,,6,"Health and social care,Public health,Health protection,GOV.UK homepage",UK Health Security Agency,UK Health Security Agency,2024 Starmer Labour government,,,
https://www.gov.uk/guidance/antiviral-unit-avu-reference-services,Antiviral unit (AVU): reference services,detailed_guide,5fe59295-7631-11e4-a3cb-005056011aef,en,whitehall,2014-07-31T23:00:00.000Z,2025-10-13T15:02:10.000Z,,,6,"Infectious diseases,Public health,Health protection,Health and social care,GOV.UK homepage",UK Health Security Agency,UK Health Security Agency,2010 to 2015 Conservative and Liberal Democrat coalition government,,,
https://www.gov.uk/guidance/covid-support-force-the-mods-contribution-to-the-coronavirus-response,COVID Support Force: the MOD’s contribution to the coronavirus response,detailed_guide,f749ff9e-14f1-4bc0-847c-2b33c790d90e,en,whitehall,2020-03-23T17:17:00.000Z,2020-06-12T15:07:00.000Z,,,6,"Health and social care,COVID-19,GOV.UK homepage,Defence and armed forces",Ministry of Defence,Ministry of Defence,2019 to 2022 Johnson Conservative government,,,
https://www.gov.uk/guidance/clade-1-mpox-virus-infection,Clade I mpox virus infection,detailed_guide,3b9ae054-e904-4d18-90d6-b53863bc7a52,en,whitehall,2024-08-14T23:00:00.000Z,2024-08-29T10:02:24.000Z,,,6,"Infectious diseases,Health protection,Public health,Health and social care,GOV.UK homepage",UK Health Security Agency,UK Health Security Agency,2024 Starmer Labour government,,,
https://www.gov.uk/guidance/health-effects-of-climate-change-hecc-report-cold,Health Effects of Climate Change (HECC) report: cold,detailed_guide,2878cfdc-9730-4627-84a5-f98c0203da28,en,whitehall,2025-09-24T08:30:01.000Z,2025-09-24T08:30:01.000Z,,,6,"Health and social care,GOV.UK homepage,Public health,Climate and health",UK Health Security Agency,"UK Health Security Agency,Centre for Climate and Health Security",2024 Starmer Labour government,,,
https://www.gov.uk/guidance/adverse-weather-and-health-plan,Adverse Weather and Health Plan,detailed_guide,be47d6b7-2ae2-499c-b4cf-cbca7197dc23,en,whitehall,2024-12-19T00:00:00.000Z,2024-12-19T00:00:00.000Z,,,6,"GOV.UK homepage,Health and social care,Health conditions,Emergency response,Public health,Health protection",UK Health Security Agency,UK Health Security Agency,2024 Starmer Labour government,,,
https://www.gov.uk/guidance/device-specific-vigilance-guidance-cardiac-implantable-electronic-devices-cieds,Device specific vigilance guidance: Cardiac Implantable Electronic Devices (CIEDs),detailed_guide,088f96e5-20ea-484b-8752-902074df2bd2,en,whitehall,2025-06-16T09:00:01.000Z,2025-06-16T09:00:01.000Z,,,6,"Medicines, medical devices,GOV.UK homepage,Health and social care",Medicines and Healthcare products Regulatory Agency,Medicines and Healthcare products Regulatory Agency,2024 Starmer Labour government,,,
https://www.gov.uk/guidance/ukhsa-medical-entomology-support-to-uk-overseas-territories,UKHSA Medical Entomology support to UK Overseas Territories,detailed_guide,22f06f3d-6f52-4c48-893e-dc0ef9dd8de6,en,whitehall,2025-03-06T09:30:14.000Z,2025-03-06T09:30:14.000Z,,,6,"GOV.UK homepage,Health and social care,Public health,Climate and health",UK Health Security Agency,"UK Health Security Agency,Centre for Climate and Health Security",2024 Starmer Labour government,,,
https://www.gov.uk/guidance/hot-weather-advice-mass-gatherings-and-planning-events,Hot weather advice: mass gatherings and planning events,detailed_guide,09bcc233-73d2-41f1-93fd-95af78f6f16a,en,whitehall,2024-12-19T00:00:00.000Z,2024-12-19T00:00:00.000Z,,,6,"Public health,GOV.UK homepage,Health and social care,Emergency response,Health protection",UK Health Security Agency,UK Health Security Agency,2024 Starmer Labour government,,,
https://www.gov.uk/guidance/mrl-reference-diagnostic-and-advisory-services,"Malaria RL: reference, diagnostic and advisory services",detailed_guide,5fe5866c-7631-11e4-a3cb-005056011aef,en,whitehall,2007-11-22T01:01:00.000Z,2023-08-10T14:02:41.000Z,,,6,"Public health,Laboratories and reference facilities,Health protection,GOV.UK homepage,Health and social care",UK Health Security Agency,UK Health Security Agency,2007 to 2010 Brown Labour government,,,
https://www.gov.uk/guidance/infected-blood-compensation-authority-ibca-register-your-interest-to-help-shape-the-service,Infected Blood Compensation Authority community update list,detailed_guide,2e915caf-1338-4e9e-a748-2a951e9dd552,en,whitehall,2024-05-20T23:00:00.000Z,2024-10-10T09:57:45.000Z,,,6,"Health and social care,Blood regulation and safety,GOV.UK homepage",Infected Blood Compensation Authority,Infected Blood Compensation Authority,2022 to 2024 Sunak Conservative government,,,
https://www.gov.uk/guidance/human-t-cell-lymphotropic-virus-htlv-national-register,Human T cell lymphotropic virus (HTLV) National Register,detailed_guide,60262787-7631-11e4-a3cb-005056011aef,en,whitehall,2008-06-03T23:00:00.000Z,2025-12-16T14:30:03.000Z,,,6,"Public health,GOV.UK homepage,Health and social care",UK Health Security Agency,UK Health Security Agency,2007 to 2010 Brown Labour government,,,
https://www.gov.uk/guidance/healthcare-in-iceland,Healthcare for UK nationals living in Iceland,detailed_guide,1aa14f75-d2ea-48b7-b293-0d4ad9bb32bd,en,whitehall,2019-09-22T23:00:00.000Z,2024-01-15T12:07:27.000Z,,,6,"Brexit,Health and social care,Government,GOV.UK homepage,Help and services around the world,Going and being abroad,British nationals overseas,Living abroad,UK help and services in Iceland,Living in Iceland",Department of Health and Social Care,"Department of Health and Social Care,Foreign, Commonwealth & Development Office",2019 to 2022 Johnson Conservative government,,,
https://www.gov.uk/guidance/zika-virus-and-guillain-barre-syndrome,Zika virus and Guillain-Barré syndrome,detailed_guide,6db1a65e-df26-44e6-b4a5-319bd943120a,en,whitehall,2016-02-17T16:48:00.000Z,2017-08-02T18:00:07.000Z,,,6,"Public health,GOV.UK homepage,Health and social care,Infectious diseases,Health protection",Public Health England,Public Health England,2015 to 2016 Cameron Conservative government,,,
https://www.gov.uk/guidance/libya-migrant-health-guide,Libya: migrant health guide,detailed_guide,6020b62a-7631-11e4-a3cb-005056011aef,en,whitehall,2014-07-30T23:00:00.000Z,2016-04-08T12:40:26.000Z,,,,"Health and social care,Tuberculosis (TB) testing,Visas and entry clearance,Public health,Migrant health,GOV.UK homepage,Entering and staying in the UK,Health protection",Public Health England,Public Health England,2010 to 2015 Conservative and Liberal Democrat coalition government,,,
https://www.gov.uk/guidance/exceptional-gmp-flexibilities-for-medicines-imported-from-third-countries-during-the-coronavirus-covid-19-outbreak,Exceptional GMP flexibilities for medicines imported from third countries during the coronavirus (COVID-19) outbreak,detailed_guide,aab42b8e-1bf6-476a-93ab-da2c166cde2b,en,whitehall,2020-03-31T15:08:00.000Z,2020-03-31T15:08:00.000Z,,,,"Good practice, inspections and enforcement,Manufacturing, wholesaling, importing and exporting medicines,Health and social care,Medicines, medical devices,Health and wellbeing during COVID-19,COVID-19,GOV.UK homepage",Medicines and Healthcare products Regulatory Agency,Medicines and Healthcare products Regulatory Agency,2019 to 2022 Johnson Conservative government,,,
https://www.gov.uk/guidance/clinical-impact-awards-2023-outcome-and-appeals,Clinical Impact Awards 2023: outcome and appeals,detailed_guide,66e32e1b-0cfe-439f-a8c5-595cb0f56cc7,en,whitehall,2024-01-18T13:03:26.000Z,2024-01-18T13:03:26.000Z,,,,"National Health Service,Health workforce,GOV.UK homepage,Health and social care",Advisory Committee on Clinical Impact Awards,Advisory Committee on Clinical Impact Awards,2022 to 2024 Sunak Conservative government,,,
https://www.gov.uk/guidance/ebola-category-3-contact-information,Ebola: category 3 contact information,detailed_guide,43afce73-6df7-4f1d-9c36-2264b7c9ced5,en,whitehall,2025-05-01T13:00:07.000Z,2025-05-01T13:00:07.000Z,,,,"GOV.UK homepage,Infectious diseases,Health protection,Health and social care,Public health",UK Health Security Agency,UK Health Security Agency,2024 Starmer Labour government,,,
https://www.gov.uk/guidance/flooding-and-health-national-study,Flooding and health: national study,detailed_guide,241cec9b-1013-43b1-8781-f2384220d599,en,whitehall,2015-03-01T00:00:00.000Z,2020-08-14T08:30:05.000Z,,,,"Emergency preparation, response and recovery,River maintenance, flooding and coastal erosion,Health emergency planning,Health protection,Health and social care,Public health,Environment,GOV.UK homepage,Government",Public Health England,Public Health England,2010 to 2015 Conservative and Liberal Democrat coalition government,,,
https://www.gov.uk/guidance/cote-divoire-ivory-coast-migrant-health-guide,Côte d’Ivoire (Ivory Coast): migrant health guide,detailed_guide,86352feb-870e-4bda-a55a-7dff7e682fb8,en,whitehall,2014-07-30T23:00:00.000Z,2017-10-25T14:56:56.000Z,,,,"Health and social care,Migrant health,Health protection,Public health,GOV.UK homepage",Public Health England,Public Health England,2010 to 2015 Conservative and Liberal Democrat coalition government,,,
https://www.gov.uk/guidance/guidance-on-responding-to-a-gmpgdp-post-inspection-letter,Guidance on responding to a GMP/GDP post inspection letter,detailed_guide,f5c30c69-c674-4ffa-971c-da760e0251b1,en,whitehall,2019-02-12T00:00:00.000Z,2021-01-08T14:23:35.000Z,,,,"GOV.UK homepage,Good practice, inspections and enforcement,Health and social care,Manufacturing, wholesaling, importing and exporting medicines,Medicines, medical devices",Medicines and Healthcare products Regulatory Agency,Medicines and Healthcare products Regulatory Agency,2016 to 2019 May Conservative government,,,
https://www.gov.uk/guidance/covid-19-and-influenza-point-of-care-testing-results-how-to-report,COVID-19 and influenza point-of-care testing results: how to report,detailed_guide,d563028d-be43-409e-bc8f-521c1b6e64af,en,whitehall,2020-10-26T15:00:00.000Z,2020-10-26T15:00:00.000Z,,,,"Public health,Testing for COVID-19,Infectious diseases,Health and social care,GOV.UK homepage,Healthcare workers, carers and care settings during COVID-19,COVID-19,Health protection",UK Health Security Agency,UK Health Security Agency,2019 to 2022 Johnson Conservative government,,,
https://www.gov.uk/guidance/adverse-weather-and-health-plan-equity-review-and-impact-assessment,Adverse Weather and Health Plan equity review and impact assessment,detailed_guide,d03f7824-a291-4ba5-b942-b1eebc8f7285,en,whitehall,2024-12-19T00:00:00.000Z,2024-12-19T00:00:00.000Z,,,,"Health and social care,Emergency response,Public health,Health protection,GOV.UK homepage",UK Health Security Agency,UK Health Security Agency,2024 Starmer Labour government,,,
https://www.gov.uk/guidance/invasive-mosquito-surveillance,Invasive mosquito surveillance,detailed_guide,e5ff45b7-8081-421b-b583-a8fd36c6d5ee,en,whitehall,2025-03-06T00:00:00.000Z,2025-03-06T00:00:00.000Z,,,,"GOV.UK homepage,Health and social care,Climate and health,Public health",UK Health Security Agency,UK Health Security Agency,2024 Starmer Labour government,,,
https://www.gov.uk/guidance/extreme-weather-and-violent-behaviour,Extreme weather and violent behaviour,detailed_guide,78b69dcb-3777-49f5-b259-3d70b5924587,en,whitehall,2025-11-12T09:30:03.000Z,2025-11-12T09:30:03.000Z,,,,"Climate and health,Health and social care,GOV.UK homepage,Public health",UK Health Security Agency,"UK Health Security Agency,Centre for Climate and Health Security",2024 Starmer Labour government,,,
https://www.gov.uk/guidance/submit-a-referee-sample-to-the-government-chemist,Submit a referee sample to the Government Chemist,detailed_guide,5f61fe65-7631-11e4-a3cb-005056011aef,en,whitehall,2014-07-09T23:00:00.000Z,2025-04-17T16:30:00.000Z,,,,"Public health,Food and farming,Health and social care,Environment,GOV.UK homepage",Government Chemist,Government Chemist,2010 to 2015 Conservative and Liberal Democrat coalition government,,,
https://www.gov.uk/guidance/dcyp-covid-19,DCYP COVID-19,detailed_guide,394832f3-4670-4cb2-abba-095483e7ab52,en,whitehall,2020-03-26T15:47:00.000Z,2021-08-16T08:00:06.000Z,,,,"COVID-19,Education, training and skills,Support services for military and defence personnel and their families,Education, universities and childcare during COVID-19,Defence and armed forces,Health and social care,GOV.UK homepage",Ministry of Defence,Ministry of Defence,2019 to 2022 Johnson Conservative government,,,
https://www.gov.uk/guidance/public-health-impact-of-drought-advice-for-the-public,Public health impact of drought: advice for the public,detailed_guide,1530dfcd-3d61-42fc-adaf-8e6c4c54fa58,en,whitehall,2022-07-27T23:00:00.000Z,2024-11-13T11:31:25.000Z,,,,"Health and social care,Public health,Emergency response,GOV.UK homepage,Health protection",UK Health Security Agency,UK Health Security Agency,2019 to 2022 Johnson Conservative government,,,
https://www.gov.uk/guidance/heat-summary-advice-for-staying-safe-at-mass-gatherings,Heat summary -  Advice for staying safe at mass gatherings,detailed_guide,f44cb1b4-8d4b-455b-a5d6-3d077ca8cf6f,en,whitehall,2024-12-19T00:00:00.000Z,2024-12-19T00:00:00.000Z,,,,"Health and social care,GOV.UK homepage,Public health,Health protection,Emergency response",UK Health Security Agency,UK Health Security Agency,2024 Starmer Labour government,,,
https://www.gov.uk/guidance/cchs-page-structure,Centre for Climate and Health Security page structure,detailed_guide,84e43140-089c-451a-b25d-1e2afdf363c6,en,whitehall,2024-12-19T00:00:00.000Z,2024-12-19T00:00:00.000Z,,,,"Health and social care,Emergency response,GOV.UK homepage,Public health,Health protection",UK Health Security Agency,"UK Health Security Agency,Centre for Climate and Health Security",2024 Starmer Labour government,,,
https://www.gov.uk/guidance/heat-health-alerting-system-guidance-for-the-national-government,Heat-Health Alerting system: guidance for the national government,detailed_guide,04ecebbb-67ee-480d-bf65-6e00a7976a10,en,whitehall,2024-12-19T00:00:00.000Z,2024-12-19T00:00:00.000Z,,,,"Public health,Emergency response,Health protection,GOV.UK homepage,Health and social care",UK Health Security Agency,UK Health Security Agency,2024 Starmer Labour government,,,
https://www.gov.uk/guidance/mongolia-migrant-health-guide,Mongolia: migrant health guide,detailed_guide,1274a93c-2cd2-434a-9ef5-2c03f938c8bf,en,whitehall,2014-07-30T23:00:00.000Z,2021-09-21T10:22:49.000Z,,,,"Infectious diseases,GOV.UK homepage,Immunisation,Public health,Health and social care,Health protection,Migrant health",Public Health England,Public Health England,2010 to 2015 Conservative and Liberal Democrat coalition government,,,
https://www.gov.uk/guidance/mental-health-medications-and-extreme-weather,Mental health medications and extreme weather,detailed_guide,e34faff0-142d-480f-b144-5aa2a7c16892,en,whitehall,2025-11-12T09:30:03.000Z,2025-11-12T09:30:03.000Z,,,,"Public health,Health and social care,GOV.UK homepage,Climate and health",UK Health Security Agency,"UK Health Security Agency,Centre for Climate and Health Security",2024 Starmer Labour government,,,
https://www.gov.uk/guidance/guinea-bissau-migrant-health-guide,Guinea-Bissau: migrant health guide,detailed_guide,50d6b81d-9ea8-4ff8-a4a0-d3b1c0a114f0,en,whitehall,2014-07-30T23:00:00.000Z,2021-09-16T10:50:34.000Z,,,,"Visas and entry clearance,Tuberculosis (TB) testing,Migrant health,Public health,GOV.UK homepage,Health and social care,Entering and staying in the UK,Health protection",Public Health England,Public Health England,2010 to 2015 Conservative and Liberal Democrat coalition government,,,
https://www.gov.uk/guidance/competition-law-exclusion-orders-relating-to-coronavirus-covid-19,Competition law exclusion orders relating to coronavirus (COVID-19),detailed_guide,4a918f0e-49c6-4549-ba33-2618689f4622,en,whitehall,2020-05-21T16:15:00.000Z,2022-04-22T12:58:56.000Z,,,,"Business regulation,Business and industry,Competition,GOV.UK homepage,Managing your business during COVID-19,Competition law,COVID-19,Support for businesses and self-employed people during COVID-19,Health and social care",Department for Business and Trade,"Department for Business and Trade,Department for Business, Energy & Industrial Strategy",2019 to 2022 Johnson Conservative government,,,
https://www.gov.uk/guidance/mosquito-research-projects,Mosquito research projects,detailed_guide,411eaebe-f940-491e-aad3-814a8f386339,en,whitehall,2025-03-06T09:30:14.000Z,2025-03-06T09:30:14.000Z,,,,"Public health,GOV.UK homepage,Health and social care,Climate and health",UK Health Security Agency,UK Health Security Agency,2024 Starmer Labour government,,,
https://www.gov.uk/guidance/heat-summary-chapter-5-climate-policies-and-indoor-health,Heat summary - Chapter 5: climate policies and indoor health,detailed_guide,e965fe9b-0842-4f33-b723-28f52f735ece,en,whitehall,2024-12-19T00:00:00.000Z,2024-12-19T00:00:00.000Z,,,,"Emergency response,Public health,Health protection,Health and social care,GOV.UK homepage",UK Health Security Agency,"UK Health Security Agency,Centre for Climate and Health Security",2024 Starmer Labour government,,,
https://www.gov.uk/guidance/heat-summary-chapter-2-temperature-and-mortality,Heat summary - Chapter 2: temperature and mortality,detailed_guide,3066c35e-9468-4ae1-bdc5-a59fcf8bb496,en,whitehall,2024-12-19T00:00:00.000Z,2024-12-19T00:00:00.000Z,,,,"Public health,Health and social care,Health protection,Emergency response,GOV.UK homepage",UK Health Security Agency,"UK Health Security Agency,Centre for Climate and Health Security",2024 Starmer Labour government,,,
https://www.gov.uk/guidance/nhs-trusts-apply-for-nhs-foundation-trust-status,NHS trusts: apply for NHS foundation trust status,detailed_guide,5ef808af-7631-11e4-a3cb-005056011aef,en,whitehall,2014-05-13T10:00:00.000Z,2016-05-06T11:49:26.000Z,,,,"GOV.UK homepage,Health and social care,National Health Service",Monitor,Monitor,2010 to 2015 Conservative and Liberal Democrat coalition government,,,
https://www.gov.uk/guidance/ecological-momentary-assessment,Ecological momentary assessment,detailed_guide,ff366f41-cf84-43b1-abef-892de750f40c,en,whitehall,2020-07-16T11:24:00.000Z,2020-07-16T11:24:00.000Z,,,,"Research, testing and standards,Health protection,Health improvement,Health and social care,Public health,GOV.UK homepage",Office for Health Improvement and Disparities,Office for Health Improvement and Disparities,2019 to 2022 Johnson Conservative government,,,
https://www.gov.uk/guidance/technologies-validation-group-using-tests-to-detect-covid-19,Technologies Validation Group: using tests to detect COVID-19,detailed_guide,1c648e50-7402-4bbe-806f-545b2fe3ab0c,en,whitehall,2021-06-17T14:00:00.000Z,2021-10-19T14:17:23.000Z,,,,"COVID-19,GOV.UK homepage,Health and social care,Testing for COVID-19",Medicines and Healthcare products Regulatory Agency,Medicines and Healthcare products Regulatory Agency,2019 to 2022 Johnson Conservative government,,,
https://www.gov.uk/guidance/hungary-migrant-health-guide,Hungary: migrant health guide,detailed_guide,bc84e599-2ed2-414e-86e1-a5e9def460d9,en,whitehall,2014-07-30T23:00:00.000Z,2021-09-20T12:31:51.000Z,,,,"Infectious diseases,GOV.UK homepage,Public health,Health protection,Migrant health,Health and social care",Public Health England,Public Health England,2010 to 2015 Conservative and Liberal Democrat coalition government,,,
https://www.gov.uk/guidance/necrotising-fasciitis-nf,Necrotising fasciitis (NF),detailed_guide,60206345-7631-11e4-a3cb-005056011aef,en,whitehall,2013-03-31T23:00:00.000Z,2013-03-31T23:00:00.000Z,,,,"Infectious diseases,Public health,Health and social care,GOV.UK homepage,Health protection",Public Health England,Public Health England,2010 to 2015 Conservative and Liberal Democrat coalition government,,,
https://www.gov.uk/guidance/climate-change-and-the-mental-health-of-occupational-groups,Climate change and the mental health of occupational groups,detailed_guide,f17734d0-4e27-4df9-88ca-bdfd3226fb94,en,whitehall,2025-11-12T09:30:03.000Z,2025-11-12T09:30:03.000Z,,,,"Health and social care,GOV.UK homepage,Climate and health,Public health",UK Health Security Agency,"UK Health Security Agency,Centre for Climate and Health Security",2024 Starmer Labour government,,,
https://www.gov.uk/guidance/blood-tissue-and-organ-donors-surveillance-schemes,"Blood, tissue and organ donors: surveillance schemes",detailed_guide,602607e5-7631-11e4-a3cb-005056011aef,en,whitehall,2013-04-06T23:00:00.000Z,2022-03-23T10:34:23.000Z,,,,"GOV.UK homepage,Health and social care,Health surveillance and reporting programmes,Health protection,Public health",UK Health Security Agency,UK Health Security Agency,2010 to 2015 Conservative and Liberal Democrat coalition government,,,
https://www.gov.uk/guidance/botswana-migrant-health-guide,Botswana: migrant health guide,detailed_guide,2959d319-3bb3-4047-a9cf-9526f7d73557,en,whitehall,2014-07-30T23:00:00.000Z,2021-08-26T14:56:49.000Z,,,,"Health protection,Migrant health,Health and social care,GOV.UK homepage,Public health",Public Health England,Public Health England,2010 to 2015 Conservative and Liberal Democrat coalition government,,,
https://www.gov.uk/guidance/yemen-migrant-health-guide,Yemen: migrant health guide,detailed_guide,602df7f9-7631-11e4-a3cb-005056011aef,en,whitehall,2014-07-30T23:00:00.000Z,2016-04-18T15:20:21.000Z,,,,"Health protection,Migrant health,GOV.UK homepage,Health and social care,Public health",Public Health England,Public Health England,2010 to 2015 Conservative and Liberal Democrat coalition government,,,
https://www.gov.uk/guidance/how-to-submit-employer-licence-applications-to-arsac,How to submit employer licence applications to ARSAC,detailed_guide,1c107b74-d24c-42b5-8d9a-667e40175c40,en,whitehall,2022-01-25T00:00:00.000Z,2025-05-27T10:04:13.000Z,,,,"Health and social care,GOV.UK homepage,Public health",Administration of Radioactive Substances Advisory Committee,Administration of Radioactive Substances Advisory Committee,2019 to 2022 Johnson Conservative government,,,
https://www.gov.uk/guidance/access-generic-medicines-work-sharing-initiative,Access Generic Medicines Work Sharing Initiative,detailed_guide,542a68a2-bac5-4ed9-b591-6103083b795d,en,whitehall,2020-12-10T00:00:00.000Z,2025-12-01T13:17:20.000Z,,,,"Health and social care,GOV.UK homepage,Medicines, medical devices",Medicines and Healthcare products Regulatory Agency,Medicines and Healthcare products Regulatory Agency,2019 to 2022 Johnson Conservative government,,,
https://www.gov.uk/guidance/senegal-migrant-health-guide,Senegal: migrant health guide,detailed_guide,a9d11170-db0a-418d-8073-b0544850cf95,en,whitehall,2014-07-30T23:00:00.000Z,2021-11-16T13:18:45.000Z,,,,"Tuberculosis (TB) testing,Migrant health,Health and social care,Public health,Entering and staying in the UK,Visas and entry clearance,Health protection,GOV.UK homepage",Office for Health Improvement and Disparities,Office for Health Improvement and Disparities,2010 to 2015 Conservative and Liberal Democrat coalition government,,,
https://www.gov.uk/guidance/alcohol-licensing-a-guide-for-public-health-teams,Alcohol licensing: a guide for public health teams,detailed_guide,65958bbd-be60-4ed7-8633-7d4259dc7be6,en,whitehall,2017-03-08T14:51:00.000Z,2020-02-06T14:38:49.000Z,,,,"Business and industry,Health and social care,Running a business,Alcohol licensing ,Health improvement,Harmful drinking,Public health,GOV.UK homepage,Business licensing ",Public Health England,Public Health England,2016 to 2019 May Conservative government,,,
https://www.gov.uk/guidance/swaziland-migrant-health-guide,Eswatini (Swaziland): migrant health guide,detailed_guide,2ac3d6f4-a396-4a64-b6a7-bb8a85a0c41b,en,whitehall,2014-07-30T23:00:00.000Z,2019-05-30T15:38:19.000Z,,,,"Migrant health,GOV.UK homepage,Health and social care,Health protection,Entering and staying in the UK,Public health,Visas and entry clearance,Tuberculosis (TB) testing",Public Health England,Public Health England,2010 to 2015 Conservative and Liberal Democrat coalition government,,,
https://www.gov.uk/guidance/covid-19-test-approval-how-to-apply,COVID-19 test approval: how to apply,detailed_guide,825b2f70-dbc7-4cc4-ae4d-ff6fb1fa185d,en,whitehall,2021-07-27T23:00:00.000Z,2024-05-24T14:58:39.000Z,,,,"Testing for COVID-19,COVID-19,GOV.UK homepage,Health and social care",Medicines and Healthcare products Regulatory Agency,Medicines and Healthcare products Regulatory Agency,2019 to 2022 Johnson Conservative government,,,
https://www.gov.uk/guidance/food-botulism-outbreak-in-france-involving-british-nationals,Food botulism: outbreak in France involving British nationals,detailed_guide,387c0450-a2b3-4f0e-ba34-a7494830b4cd,en,whitehall,2023-09-14T16:25:14.000Z,2023-09-14T16:25:14.000Z,,,,"GOV.UK homepage,Health protection,Health and social care,Public health",UK Health Security Agency,UK Health Security Agency,2022 to 2024 Sunak Conservative government,,,
https://www.gov.uk/guidance/services-for-nhs-england-public-health-staff-ukhsa-knowledge-and-library-services,Services for NHS England public health staff: UKHSA Knowledge and Library Services,detailed_guide,7d2d6a37-21b7-4ae7-a10c-85d6eef442a4,en,whitehall,2025-07-27T23:00:00.000Z,2025-07-27T23:00:00.000Z,,,,"Health protection,Public health,Health and social care,GOV.UK homepage,Research, testing and standards",UK Health Security Agency,UK Health Security Agency,2024 Starmer Labour government,,,
https://www.gov.uk/guidance/national-core-studies-programme,National Core Studies programme,detailed_guide,9e7cac79-6df2-4fd8-99f4-8669be0a230e,en,whitehall,2021-07-19T08:27:00.000Z,2022-03-25T13:31:46.000Z,,,,"Business and industry,GOV.UK homepage,Science and innovation,Health and social care,COVID-19",Government Office for Science,Government Office for Science,2019 to 2022 Johnson Conservative government,,,
https://www.gov.uk/guidance/decentralised-and-mutual-recognition-reliance-procedure-for-marketing-authorisations,Decentralised and mutual recognition reliance procedure for marketing authorisations,detailed_guide,ad71be1e-caef-43f2-978c-5f818280f6cd,en,whitehall,2021-01-04T00:00:00.000Z,2021-02-23T11:18:25.000Z,,,,"Government,Health and social care,Brexit,Medicines, medical devices,GOV.UK homepage,Marketing authorisations, variations and licensing guidance",Medicines and Healthcare products Regulatory Agency,Medicines and Healthcare products Regulatory Agency,2019 to 2022 Johnson Conservative government,,,
https://www.gov.uk/guidance/enteric-fevers-migrant-health-guide,Enteric fevers: migrant health guide,detailed_guide,60235411-7631-11e4-a3cb-005056011aef,en,whitehall,2014-07-30T23:00:00.000Z,2025-03-31T13:16:26.000Z,,,,"Health protection,Health and social care,GOV.UK homepage,Infectious diseases,Migrant health,Public health",UK Health Security Agency,UK Health Security Agency,2010 to 2015 Conservative and Liberal Democrat coalition government,,,
https://www.gov.uk/guidance/exceptional-good-distribution-practice-gdp-flexibilities-for-medicines-during-the-coronavirus-covid-19-outbreak,Exceptional good distribution practice (GDP) flexibilities for medicines during the coronavirus (COVID-19) outbreak,detailed_guide,49d640f9-b758-4674-8398-6af5dd42bc6f,en,whitehall,2020-04-01T12:34:00.000Z,2020-04-01T12:34:00.000Z,,,,"Health and social care,GOV.UK homepage,COVID-19,Good practice, inspections and enforcement,Health and wellbeing during COVID-19,Medicines, medical devices",Medicines and Healthcare products Regulatory Agency,Medicines and Healthcare products Regulatory Agency,2019 to 2022 Johnson Conservative government,,,
https://www.gov.uk/guidance/liberia-migrant-health-guide,Liberia: migrant health guide,detailed_guide,60321377-7631-11e4-a3cb-005056011aef,en,whitehall,2014-07-30T23:00:00.000Z,2016-04-08T12:39:20.000Z,,,,"Visas and entry clearance,Health and social care,Entering and staying in the UK,Migrant health,Tuberculosis (TB) testing,Public health,GOV.UK homepage,Health protection",Public Health England,Public Health England,2010 to 2015 Conservative and Liberal Democrat coalition government,,,
https://www.gov.uk/guidance/ebola-returning-workers-scheme,Ebola and Marburg: returning workers scheme (RWS),detailed_guide,212cb50c-de04-4708-86c7-ba661bc32c0d,en,whitehall,2015-07-21T23:00:00.000Z,2026-01-28T11:00:35.000Z,,,,"GOV.UK homepage,Public health,Health and social care,Infectious diseases,Health protection",UK Health Security Agency,UK Health Security Agency,2015 to 2016 Cameron Conservative government,,,
https://www.gov.uk/guidance/evaluation-of-medicines-to-prevent-covid-19,Evaluation of medicines to prevent COVID-19,detailed_guide,aef59d9c-49ad-4b77-b091-e88565bd33fb,en,whitehall,2022-12-14T15:00:00.000Z,2023-03-31T13:15:14.000Z,,,,"Health and social care,GOV.UK homepage,Health and wellbeing during COVID-19,COVID-19",Department of Health and Social Care,Department of Health and Social Care,2022 to 2024 Sunak Conservative government,,,
https://www.gov.uk/guidance/pakistan-migrant-health-guide,Pakistan: migrant health guide,detailed_guide,5d90e7fa-60c3-4209-a2f5-09a2fd013092,en,whitehall,2014-07-30T23:00:00.000Z,2017-06-29T14:24:41.000Z,,,,"Public health,GOV.UK homepage,Health and social care,Migrant health,Health protection",Public Health England,Public Health England,2010 to 2015 Conservative and Liberal Democrat coalition government,,,
https://www.gov.uk/guidance/healthcare-in-croatia,Healthcare for UK nationals living in Croatia,detailed_guide,cc33bb0e-e6aa-4d04-9e5d-18114546ebae,en,whitehall,2019-09-22T23:00:00.000Z,2024-04-29T12:04:46.000Z,,,,"Help and services around the world,British nationals overseas,Brexit,UK help and services in Croatia,Going and being abroad,GOV.UK homepage,Government,Living abroad,Living in Croatia,Health and social care",Department of Health and Social Care,"Department of Health and Social Care,Foreign, Commonwealth & Development Office",2019 to 2022 Johnson Conservative government,,,
https://www.gov.uk/guidance/turkey-migrant-health-guide,Turkey: migrant health guide,detailed_guide,6020b3a6-7631-11e4-a3cb-005056011aef,en,whitehall,2014-07-30T23:00:00.000Z,2016-04-18T14:56:53.000Z,,,,"Health protection,GOV.UK homepage,Health and social care,Public health,Migrant health",Public Health England,Public Health England,2010 to 2015 Conservative and Liberal Democrat coalition government,,,
https://www.gov.uk/guidance/nhs-injury-costs-recovery-scheme-tariff-and-charges-from-1-april-2020,NHS injury costs recovery scheme: tariff and charges from 1 April 2020,detailed_guide,6f1931d8-2260-4aff-aabe-523dc7af2ad4,en,whitehall,2020-03-31T16:13:24.000Z,2020-03-31T16:13:24.000Z,,,,"Health and social care,NHS efficiency,National Health Service,GOV.UK homepage",Department of Health and Social Care,Department of Health and Social Care,2019 to 2022 Johnson Conservative government,,,
https://www.gov.uk/guidance/slovenia-migrant-health-guide,Slovenia: migrant health guide,detailed_guide,5d920028-824f-4ea4-8edf-4091a22db2a0,en,whitehall,2014-07-30T23:00:00.000Z,2023-02-10T11:46:29.000Z,,,,"Migrant health,Public health,Health protection,GOV.UK homepage,Health and social care",Office for Health Improvement and Disparities,Office for Health Improvement and Disparities,2010 to 2015 Conservative and Liberal Democrat coalition government,,,
https://www.gov.uk/guidance/vietnam-migrant-health-guide,Vietnam: migrant health guide,detailed_guide,602de9ed-7631-11e4-a3cb-005056011aef,en,whitehall,2014-07-30T23:00:00.000Z,2016-04-18T15:12:06.000Z,,,,"GOV.UK homepage,Migrant health,Health and social care,Visas and entry clearance,Public health,Health protection,Entering and staying in the UK,Tuberculosis (TB) testing",Public Health England,Public Health England,2010 to 2015 Conservative and Liberal Democrat coalition government,,,
https://www.gov.uk/guidance/heat-health-alerting-system-guidance-for-health-and-social-care-providers,Heat-Health Alerting system: guidance for health and social care providers,detailed_guide,cf162871-fd9e-4583-ba9b-754b444d0c99,en,whitehall,2024-12-19T00:00:00.000Z,2024-12-19T00:00:00.000Z,,,,"Emergency response,Health protection,Public health,GOV.UK homepage,Health and social care",UK Health Security Agency,UK Health Security Agency,2024 Starmer Labour government,,,
https://www.gov.uk/guidance/design-your-evaluation-evaluating-digital-health-products,Design your evaluation: evaluating digital health products,detailed_guide,aaf1e592-66ad-45b7-add6-65c562321039,en,whitehall,2020-01-30T17:00:00.000Z,2020-12-02T13:47:07.000Z,,,,"Research, testing and standards,Health improvement,GOV.UK homepage,Public health,Health protection,Health and social care",Office for Health Improvement and Disparities,Office for Health Improvement and Disparities,2019 to 2022 Johnson Conservative government,,,
https://www.gov.uk/guidance/quality-and-safety-of-human-blood-and-blood-products,Quality and safety of human blood and blood products,detailed_guide,5a827f85-4ab9-4c6a-8cfa-a4be6f043efb,en,whitehall,2020-01-31T12:48:00.000Z,2021-05-27T14:54:39.000Z,,,,"Brexit,Blood regulation and safety,Europe,Health and social care,GOV.UK homepage,European Union laws and regulation,Government",Department of Health and Social Care,Department of Health and Social Care,2019 to 2022 Johnson Conservative government,,,
https://www.gov.uk/guidance/opportunities-for-patients-and-the-public-to-be-involved-in-the-work-of-the-mhra,Opportunities for patients and the public to be involved in the work of the MHRA,detailed_guide,9650a348-4c74-4a82-b135-948063e4128c,en,whitehall,2020-06-14T23:00:00.000Z,2024-10-09T13:25:45.000Z,,,,"Health and social care,GOV.UK homepage,Medicines, medical devices",Medicines and Healthcare products Regulatory Agency,Medicines and Healthcare products Regulatory Agency,2019 to 2022 Johnson Conservative government,,,
https://www.gov.uk/guidance/serological-development-unit-sdu-services,Serological development unit (SDU): services,detailed_guide,5fe5b0d4-7631-11e4-a3cb-005056011aef,en,whitehall,2014-08-07T23:00:00.000Z,2014-08-07T23:00:00.000Z,,,,"Health and social care,GOV.UK homepage,Laboratories and reference facilities,Public health,Research, testing and standards,Health protection",UK Health Security Agency,UK Health Security Agency,2010 to 2015 Conservative and Liberal Democrat coalition government,,,
https://www.gov.uk/guidance/slovakia-migrant-health-guide,Slovakia: migrant health guide,detailed_guide,6585c6d7-a8d8-4690-8369-90fe5fb54ddf,en,whitehall,2014-07-30T23:00:00.000Z,2019-08-13T15:01:03.000Z,,,,"GOV.UK homepage,Public health,Health and social care,Health protection,Migrant health",Public Health England,Public Health England,2010 to 2015 Conservative and Liberal Democrat coalition government,,,
https://www.gov.uk/guidance/healthcare-in-hungary,Healthcare for UK nationals living in Hungary,detailed_guide,5689d46a-2de2-43a6-82c0-46a578adc6e1,en,whitehall,2019-09-22T23:00:00.000Z,2022-01-05T15:42:13.000Z,,,,"Health and social care,UK help and services in Hungary,GOV.UK homepage,Living abroad,Brexit,Government,Help and services around the world,British nationals overseas,Living in Hungary,Going and being abroad",Department of Health and Social Care,"Department of Health and Social Care,Foreign, Commonwealth & Development Office",2019 to 2022 Johnson Conservative government,,,
https://www.gov.uk/guidance/webinars-information-on-how-to-make-submissions-to-the-mhra,Webinars: information on how to make submissions to the MHRA,detailed_guide,096d480f-2c12-419a-971e-66d0685a0ff9,en,whitehall,2020-12-31T23:01:00.000Z,2020-12-31T23:01:00.000Z,,,,"Brexit,Government,Health and social care,Medicines, medical devices,GOV.UK homepage",Medicines and Healthcare products Regulatory Agency,Medicines and Healthcare products Regulatory Agency,2019 to 2022 Johnson Conservative government,,,
https://www.gov.uk/guidance/benin-migrant-health-guide,Benin: migrant health guide,detailed_guide,2ce45a57-6055-4e86-ad21-6d7cd92c1afd,en,whitehall,2014-07-30T23:00:00.000Z,2021-08-26T15:53:54.000Z,,,,"Health and social care,Public health,GOV.UK homepage,Health protection,Migrant health",Public Health England,Public Health England,2010 to 2015 Conservative and Liberal Democrat coalition government,,,
https://www.gov.uk/guidance/barbados-migrant-health-guide,Barbados: migrant health guide,detailed_guide,602e6847-7631-11e4-a3cb-005056011aef,en,whitehall,2014-07-30T23:00:00.000Z,2018-07-27T09:36:02.000Z,,,,"Public health,Health and social care,GOV.UK homepage,Health protection,Migrant health",Public Health England,Public Health England,2010 to 2015 Conservative and Liberal Democrat coalition government,,,
https://www.gov.uk/guidance/uk-hiv-genomics-database,UK HIV Genomics Database,detailed_guide,b844844b-d39c-4ff1-aafb-601e4969b52c,en,whitehall,2025-10-12T23:00:00.000Z,2025-10-12T23:00:00.000Z,,,,"GOV.UK homepage,Health and social care,Public health,Health protection",UK Health Security Agency,UK Health Security Agency,2024 Starmer Labour government,,,
https://www.gov.uk/guidance/brazil-migrant-health-guide,Brazil: migrant health guide,detailed_guide,6020b101-7631-11e4-a3cb-005056011aef,en,whitehall,2014-07-30T23:00:00.000Z,2023-04-11T17:19:53.000Z,,,,"Migrant health,Health and social care,Health protection,Public health,GOV.UK homepage",Office for Health Improvement and Disparities,Office for Health Improvement and Disparities,2010 to 2015 Conservative and Liberal Democrat coalition government,,,
https://www.gov.uk/guidance/coronavirus-covid-19-bereavement-scheme-for-family-members-of-nhs-and-health-and-social-care-workers,Coronavirus (COVID-19): bereavement scheme for family members of NHS and health and social care workers,detailed_guide,589fafcc-bfc7-415e-8980-40c6f5cd0455,en,whitehall,2020-05-20T17:47:00.000Z,2021-06-16T10:09:07.000Z,,,,"COVID-19,Entering and staying in the UK,Permanent stay in the UK,Healthcare workers, carers and care settings during COVID-19,International travel, immigration and repatriation during COVID-19,GOV.UK homepage,Health and social care",Home Office,"Home Office,UK Visas and Immigration",2019 to 2022 Johnson Conservative government,,,
https://www.gov.uk/guidance/comply-with-copyright-ukhsa-knowledge-and-library-services,Comply with copyright: UKHSA Knowledge and Library Services,detailed_guide,fb3db532-a02b-49d7-be1a-c3071194c3c5,en,whitehall,2025-07-27T23:00:00.000Z,2025-07-27T23:00:00.000Z,,,,"Public health,Health and social care,GOV.UK homepage,Health protection",UK Health Security Agency,UK Health Security Agency,2024 Starmer Labour government,,,
https://www.gov.uk/guidance/hepatitis-c-migrant-health-guide,Hepatitis C: migrant health guide,detailed_guide,60541e6f-7631-11e4-a3cb-005056011aef,en,whitehall,2014-07-30T23:00:00.000Z,2025-03-31T13:19:36.000Z,,,,"Migrant health,GOV.UK homepage,Health protection,Health and social care,Infectious diseases,Public health",UK Health Security Agency,UK Health Security Agency,2010 to 2015 Conservative and Liberal Democrat coalition government,,,
https://www.gov.uk/guidance/turkey-mental-health-support-abroad,Turkey: mental health support abroad,detailed_guide,b559d244-aea8-4d51-ad36-2c6d07d28577,en,whitehall,2023-06-05T23:00:00.000Z,2023-06-05T23:00:00.000Z,,,,"Travelling to Turkey,Health and social care,Emergency help for British nationals,GOV.UK homepage,UK help and services in Turkey,Travelling abroad,Public health,Living abroad,Mental health,Emergency help for British nationals in Turkey,Living in Turkey,Help and services around the world","Foreign, Commonwealth & Development Office","Foreign, Commonwealth & Development Office",2022 to 2024 Sunak Conservative government,,,
https://www.gov.uk/guidance/health-app-developers-the-assessment-process,Health app developers: the assessment process,detailed_guide,cae0cf16-5d71-4bb4-90c1-a440ef3d4828,en,whitehall,2017-10-09T16:28:00.000Z,2017-10-09T16:28:00.000Z,,,,"Health and social care,Public health,Technology in health and social care,GOV.UK homepage,Health protection",Public Health England,Public Health England,2016 to 2019 May Conservative government,,,
https://www.gov.uk/guidance/healthcare-in-slovakia,Healthcare for UK nationals living in Slovakia,detailed_guide,42ab7b4b-a922-4821-b06a-a00c2797a058,en,whitehall,2019-09-22T23:00:00.000Z,2021-10-22T17:09:34.000Z,,,,"Living abroad,Going and being abroad,GOV.UK homepage,Help and services around the world,Brexit,UK help and services in Slovakia,Government,Health and social care,Living in Slovakia,British nationals overseas",Department of Health and Social Care,"Department of Health and Social Care,Foreign, Commonwealth & Development Office",2019 to 2022 Johnson Conservative government,,,
https://www.gov.uk/guidance/get-urgent-medical-help-homes-for-ukraine,Get urgent medical help: Homes for Ukraine,detailed_guide,e426ddcd-28b4-4921-8e45-2e8a0e7532a8,en,whitehall,2023-01-16T11:27:39.000Z,2023-01-16T11:27:39.000Z,,,,"National Health Service,GOV.UK homepage,Health and social care,Community and society,Society and culture,Public health","Ministry of Housing, Communities and Local Government","Ministry of Housing, Communities and Local Government,Department for Levelling Up, Housing and Communities ",2022 to 2024 Sunak Conservative government,,,
https://www.gov.uk/guidance/snapshot-survey,Snapshot survey,detailed_guide,5437abe7-ac3a-47b6-97d6-8aae2ecd6fef,en,whitehall,2025-03-06T09:30:14.000Z,2025-03-06T09:30:14.000Z,,,,"Public health,GOV.UK homepage,Health and social care,Climate and health",UK Health Security Agency,UK Health Security Agency,2024 Starmer Labour government,,,
https://www.gov.uk/guidance/belarus-migrant-health-guide,Belarus: migrant health guide,detailed_guide,4dd97c5b-4ece-4d1a-8bf7-abbfad72dc4c,en,whitehall,2014-07-30T23:00:00.000Z,2019-05-30T10:57:17.000Z,,,,"GOV.UK homepage,Migrant health,Health protection,Health and social care,Public health",Public Health England,Public Health England,2010 to 2015 Conservative and Liberal Democrat coalition government,,,
https://www.gov.uk/guidance/breast-implants-patient-perception-of-risk-research,Breast implants – patient perception of risk research,detailed_guide,dcd3dcee-5908-42f4-92d7-1a52ad6dc6f9,en,whitehall,2025-08-25T23:00:00.000Z,2025-08-25T23:00:00.000Z,,,,"Medicines, medical devices,Public health,GOV.UK homepage,Health and social care,Patient safety,National Health Service",Medicines and Healthcare products Regulatory Agency,Medicines and Healthcare products Regulatory Agency,2024 Starmer Labour government,,,
https://www.gov.uk/guidance/reference-management-ukhsa-knowledge-and-library-services,Reference management: UKHSA Knowledge and Library Services,detailed_guide,8d784822-d6ab-40e5-b1ca-9f17d9502800,en,whitehall,2025-07-27T23:00:00.000Z,2025-07-27T23:00:00.000Z,,,,"Health protection,Public health,Health and social care,GOV.UK homepage",UK Health Security Agency,UK Health Security Agency,2024 Starmer Labour government,,,
https://www.gov.uk/guidance/device-specific-vigilance-guidance-artificial-heart-valves,Device specific vigilance guidance: Artificial Heart Valves,detailed_guide,2c120ec2-d334-4d1e-b15c-e704955f8429,en,whitehall,2025-06-16T09:00:01.000Z,2025-06-16T09:00:01.000Z,,,,"Health and social care,Medicines, medical devices,GOV.UK homepage",Medicines and Healthcare products Regulatory Agency,Medicines and Healthcare products Regulatory Agency,2024 Starmer Labour government,,,
https://www.gov.uk/guidance/culture-collections,Culture collections,detailed_guide,5fec0fd0-7631-11e4-a3cb-005056011aef,en,whitehall,2014-07-30T23:00:00.000Z,2023-07-27T14:22:38.000Z,,,,"Public health,GOV.UK homepage,Health protection,Health and social care",UK Health Security Agency,UK Health Security Agency,2010 to 2015 Conservative and Liberal Democrat coalition government,,,
https://www.gov.uk/guidance/central-african-republic-migrant-health-guide,Central African Republic: migrant health guide,detailed_guide,eb9716c4-5525-4c5e-9ce1-5c7aabd1fbf2,en,whitehall,2014-07-30T23:00:00.000Z,2019-05-24T09:43:56.000Z,,,,"Health protection,Health and social care,GOV.UK homepage,Migrant health,Public health",Public Health England,Public Health England,2010 to 2015 Conservative and Liberal Democrat coalition government,,,
