url,title,documentType,contentId,locale,publishing_app,first_published_at,public_updated_at,withdrawn_at,withdrawn_explanation,page_views,taxons,primary_organisation,all_organisations,government,is_political,people,occurrences
https://www.gov.uk/search-property-information-land-registry,Search for land and property information,transaction,321333cd-da30-4c5a-92ef-a9d1abe733c6,en,publisher,2012-09-12T14:52:39.000Z,2024-12-09T00:01:01.265Z,,,64338,"Housing, local and community,Land registration searches, fees and forms,GOV.UK homepage,Owning and renting a property,Land registration,Housing and communities",Government Digital Service,HM Land Registry,,,,
https://www.gov.uk/stamp-duty-land-tax/residential-property-rates,Stamp Duty Land Tax: Residential property rates,guide,8f07fc96-7882-481f-9292-df8044a5cea2,en,publisher,2015-05-05T14:23:56.000Z,2024-10-30T14:07:41.217Z,,,29232,"Stamp duty and other tax on property,Owning and renting a property,Money,Housing and communities,Housing, local and community,Business tax,GOV.UK homepage",Government Digital Service,HM Revenue & Customs,,,,
https://www.gov.uk/search-house-prices,Search sold property prices,transaction,1aa96e6c-6dbf-4960-9049-2fdf6dbb9bc7,en,publisher,2014-08-13T11:50:19.000Z,2015-03-20T15:20:34.000Z,,,12257,"Land registration,Land registration searches, fees and forms,Owning and renting a property,GOV.UK homepage,Housing and communities,Housing, local and community",Government Digital Service,HM Land Registry,,,,
https://www.gov.uk/get-information-about-property-and-land/copies-of-deeds,Get information about property and land: Get a copy of the deeds ,guide,0f2e8c41-78fa-40f9-9eea-857c07bacd80,en,publisher,2014-08-13T12:17:28.000Z,2024-12-09T00:01:01.303Z,,,12194,"Housing and communities,Land registration searches, fees and forms,GOV.UK homepage,Housing, local and community,Owning and renting a property,Land registration",Government Digital Service,HM Land Registry,,,,
https://www.gov.uk/housing-benefit,Housing Benefit,guide,a324ac01-b2da-4bd0-ad41-b33cb37754e8,en,publisher,2012-01-18T10:12:28.000Z,2024-10-17T14:05:33.370Z,,,10603,"Council housing and housing association,Housing, local and community,Heating and housing benefits,GOV.UK homepage,Welfare,Housing and communities",Government Digital Service,Department for Work and Pensions,,,,
https://www.gov.uk/guidance/hm-land-registry-registration-services-fees,HM Land Registry: Registration Services fees,detailed_guide,94737fd3-49c4-47ac-96f6-ae9d0d18ca0a,en,whitehall,2016-03-07T00:00:00.000Z,2025-04-28T10:36:32.000Z,,,9039,"Housing, local and community,Land registration searches, fees and forms,GOV.UK homepage,Land registration,Housing and communities",HM Land Registry,HM Land Registry,2015 to 2016 Cameron Conservative government,,,
https://www.gov.uk/get-new-energy-certificate,Get a new energy certificate,transaction,e6134b0d-7835-449a-8a8b-3faf8fb5c858,en,publisher,2012-09-26T10:34:04.000Z,2015-10-16T16:52:06.000Z,,,6940,"Owning and renting a property,Housing, local and community,Housing and communities,GOV.UK homepage",Government Digital Service,"Department for Business, Energy & Industrial Strategy,Department for Energy Security and Net Zero",,,,
https://www.gov.uk/guidance/assured-tenancy-forms,Assured tenancy forms,detailed_guide,5c7ee0f9-7631-11e4-a3cb-005056011aef,en,whitehall,2012-11-15T00:00:00.000Z,2023-09-15T13:41:33.000Z,,,6881,"GOV.UK homepage,Tenancies and leases,Housing, local and community,Housing and communities","Ministry of Housing, Communities and Local Government","Ministry of Housing, Communities and Local Government",2010 to 2015 Conservative and Liberal Democrat coalition government,,,
https://www.gov.uk/guidance/contact-hm-land-registry,Contact HM Land Registry,detailed_guide,7a7efc20-ff68-49ae-bdcc-8db5c730aa87,en,whitehall,2017-08-29T23:00:00.000Z,2025-12-08T08:48:41.000Z,,,6232,"Land registration,Housing and communities,Housing, local and community,GOV.UK homepage",HM Land Registry,HM Land Registry,2016 to 2019 May Conservative government,,,
https://www.gov.uk/council-housing,Council housing,guide,6459b0e0-37c0-4c02-bcca-f156fbef54ce,en,publisher,2011-11-07T16:50:27.000Z,2019-05-31T10:33:05.563Z,,,5641,"GOV.UK homepage,Housing, local and community,Council housing and housing association,Housing and communities",Government Digital Service,"Ministry of Housing, Communities and Local Government",,,,
https://www.gov.uk/tax-sell-property/work-out-your-gain,Tax when you sell property: Work out your gain,guide,228d15d6-ce1b-49b0-8f8a-ff8d4c59e7f5,en,publisher,2014-10-13T12:00:17.000Z,2015-04-08T08:22:11.000Z,,,5370,"Money,Personal tax,Business tax,Owning and renting a property,Housing and communities,GOV.UK homepage,Property,Housing, local and community,Stamp duty and other tax on property,Capital Gains Tax",Government Digital Service,HM Revenue & Customs,,,,
https://www.gov.uk/affordable-home-ownership-schemes,Affordable home ownership schemes,answer,c2b4b7a0-793d-4edb-b0a5-f42687155e35,en,publisher,2011-11-09T16:16:44.000Z,2014-12-18T11:03:12.000Z,,,4248,"Owning and renting a property,Housing, local and community,Housing and communities,GOV.UK homepage",Government Digital Service,"Ministry of Housing, Communities and Local Government",,,,
https://www.gov.uk/evicting-tenants/section-21-and-section-8-notices,Evicting tenants in England: Section 21 and Section 8 notices,guide,fd824dab-4f80-4a20-a7fd-b48c2c2f70f8,en,publisher,2012-09-27T16:49:36.000Z,2014-11-26T10:40:42.000Z,,,4145,"GOV.UK homepage,Housing and communities,Being a landlord and renting out a room,Housing, local and community",Government Digital Service,"Ministry of Housing, Communities and Local Government,HM Courts & Tribunals Service",,,,
https://www.gov.uk/rent-room-in-your-home/the-rent-a-room-scheme,Rent a room in your home: The Rent a Room Scheme,guide,12f2e1f6-d882-4e4f-8927-613fc7f73e03,en,publisher,2011-12-01T13:00:19.000Z,2015-02-23T15:31:11.000Z,,,3152,"GOV.UK homepage,Being a landlord and renting out a room,Housing, local and community,Housing and communities",Government Digital Service,"HM Revenue & Customs,Ministry of Housing, Communities and Local Government",,,,
https://www.gov.uk/guidance/start-paying-council-tax,Start paying Council Tax,detailed_guide,ef7b21b0-59ec-483d-95f7-39754a4f3205,en,whitehall,2016-01-22T10:10:00.000Z,2016-01-22T10:10:00.000Z,,,2937,"Local government,Regional and local government,Money,GOV.UK homepage,Housing, local and community,Housing and communities",Valuation Office Agency,Valuation Office Agency,2015 to 2016 Cameron Conservative government,,,
https://www.gov.uk/your-property-boundaries,Your property boundaries,guide,6a948ea8-3923-408b-9a9a-716c1552a0c8,en,publisher,2011-11-02T14:31:55.000Z,2015-02-02T10:00:01.000Z,,,2865,"Housing, local and community,Housing and communities,GOV.UK homepage,Owning and renting a property,Land registration,Land registration searches, fees and forms",Government Digital Service,HM Land Registry,,,,
https://www.gov.uk/guidance/renting-out-your-property-guidance-for-landlords-and-letting-agents/giving-notice-of-possession-to-tenants-before-1-may-2026,Giving notice of possession to tenants before 1 May 2026,manual_section,f49fa3be-419c-43f0-9a07-b8e5656a01b0,en,manuals-publisher,2025-11-13T22:59:00.000Z,2025-11-13T22:59:00.000Z,,,2578,"Rented housing sector,Housing and communities,Changes to private renting,GOV.UK homepage,Housing, local and community","Ministry of Housing, Communities and Local Government","Ministry of Housing, Communities and Local Government",,,,
https://www.gov.uk/right-to-buy-buying-your-council-home/discounts,Right to Buy: buying your council home: Discounts,guide,19f966d3-0f10-471c-b518-66e6142fa0db,en,publisher,2012-09-26T10:30:37.000Z,2024-10-31T17:08:48.071Z,,,2561,"Council housing and housing association,Housing and communities,Housing, local and community,GOV.UK homepage",Government Digital Service,"Ministry of Housing, Communities and Local Government",,,,
https://www.gov.uk/housing-association-homes,Housing association homes,guide,b78c2881-25f5-439f-888c-e6b4452ea64f,en,publisher,2011-11-09T10:00:51.000Z,2025-01-27T10:13:42.964Z,,,2360,"GOV.UK homepage,Council housing and housing association,Housing, local and community,Housing and communities",Government Digital Service,"Ministry of Housing, Communities and Local Government",,,,
https://www.gov.uk/help-to-buy-isa,Help to Buy ISA,answer,ac033f07-e58d-4720-b47c-101c324d64d6,en,publisher,2022-01-19T16:15:07.701Z,2022-01-19T16:15:07.430Z,,,2330,"GOV.UK homepage,Owning and renting a property,Housing, local and community,Housing and communities",Government Digital Service,HM Treasury,,,,
https://www.gov.uk/update-property-records-someone-dies,Update property records when someone dies,guide,7d451c79-0088-4547-ab6d-718088412446,en,publisher,2014-08-13T12:36:24.000Z,2015-01-22T14:42:52.000Z,,,2163,"GOV.UK homepage,Housing, local and community,Life circumstances,Land registration searches, fees and forms,Death and bereavement,Owning and renting a property,Land registration,Housing and communities",Government Digital Service,HM Land Registry,,,,
https://www.gov.uk/renting-out-a-property/paying-tax,Renting out your property: Paying tax and National Insurance,guide,3c652521-84be-4665-9d63-68b9e2ebea4e,en,publisher,2012-10-16T12:02:33.000Z,2024-12-12T15:11:39.133Z,,,2153,"Renting,Regional and local government,Housing and communities,Being a landlord and renting out a room,Housing, local and community,Local government,Council Tax,GOV.UK homepage",Government Digital Service,"Ministry of Housing, Communities and Local Government,Valuation Office Agency",,,,
https://www.gov.uk/guidance/planning-appeals-procedural-guide-for-appeals-relating-to-applications-dated-on-or-after-1-april-2026,Planning appeals: procedural guide. For appeals relating to applications dated on or after 1 April 2026.,detailed_guide,afae94a4-5fde-4d1e-93fa-4c6f8f1ab62e,en,whitehall,2026-02-12T17:04:00.000Z,2026-02-12T17:04:00.000Z,,,2044,"Planning and building,GOV.UK homepage,Housing, local and community,Planning permission and appeals",Planning Inspectorate,Planning Inspectorate,2024 Starmer Labour government,,,
https://www.gov.uk/support-for-mortgage-interest,Support for Mortgage Interest (SMI),guide,1eaaf090-0691-437e-9967-8ae561daf77a,en,publisher,2011-11-07T17:50:26.000Z,2024-11-22T08:58:16.768Z,,,1883,"Owning and renting a property,Jobseeker's Allowance and low income benefits,GOV.UK homepage,Housing, local and community,Housing and communities,Welfare",Government Digital Service,Department for Work and Pensions,,,,
https://www.gov.uk/guidance/hm-land-registry-address-for-applications,HM Land Registry address for applications,detailed_guide,04300d86-8550-4e19-9280-ecc5601349f7,en,whitehall,2015-01-14T00:00:00.000Z,2025-11-13T17:13:26.000Z,,,1877,"GOV.UK homepage,Land registration,Housing, local and community,Land registration searches, fees and forms",HM Land Registry,HM Land Registry,2010 to 2015 Conservative and Liberal Democrat coalition government,,,
https://www.gov.uk/appeal-planning-inspectorate,Appeal or search for a planning decision or notice,answer,f693f366-b0c2-4d2b-b08e-b9ab91611c03,en,publisher,2015-09-08T13:29:10.000Z,2015-09-08T13:55:29.000Z,,,1854,"GOV.UK homepage,Housing, local and community,Planning permission and appeals,Planning and building",Government Digital Service,Planning Inspectorate,,,,
https://www.gov.uk/joint-property-ownership,Joint property ownership,guide,8b74473b-a20d-436a-9ab4-776a4c802673,en,publisher,2014-08-11T18:40:02.000Z,2024-10-31T09:51:32.234Z,,,1846,"Owning and renting a property,Land registration searches, fees and forms,Land registration,Housing and communities,Housing, local and community,GOV.UK homepage",Government Digital Service,HM Land Registry,,,,
https://www.gov.uk/guidance/domestic-private-rented-property-minimum-energy-efficiency-standard-landlord-guidance,Domestic private rented property: minimum energy efficiency standard - landlord guidance,detailed_guide,84ee9c8a-1000-4ea3-951b-7ca32dc24482,en,whitehall,2017-09-30T23:00:00.000Z,2025-08-20T08:11:56.000Z,,,1730,"Energy efficiency,Climate change and energy,Rented housing sector,Housing and communities,Environment,GOV.UK homepage,Household energy,Housing, local and community",Department for Energy Security and Net Zero,Department for Energy Security and Net Zero,2016 to 2019 May Conservative government,,,
https://www.gov.uk/guidance/hm-land-registry-processing-times,HM Land Registry: processing times,detailed_guide,ec804039-b908-4dbd-87ba-f081993c5212,en,whitehall,2023-01-11T00:00:00.000Z,2026-01-28T18:00:28.000Z,,,1716,"Land registration,GOV.UK homepage,Housing, local and community",HM Land Registry,HM Land Registry,2022 to 2024 Sunak Conservative government,,,
https://www.gov.uk/get-help-energy-bills,Help with your energy bills,guide,f95337a8-7824-4f2d-8744-80a62a580f23,en,publisher,2023-01-24T16:57:49.914Z,2023-01-24T17:01:56.596Z,,,1708,"GOV.UK homepage,Household energy,Housing, local and community",Government Digital Service,"Department for Business, Energy & Industrial Strategy,Department for Energy Security and Net Zero",,,,
https://www.gov.uk/help-to-buy-equity-loan,Help to Buy: Equity Loan,answer,46e074c5-fdb0-4bc6-9aad-f06a6ae7d539,en,publisher,2022-01-19T16:21:21.496Z,2024-12-10T14:15:57.647Z,,,1649,"Housing, local and community,Owning and renting a property,Housing and communities,GOV.UK homepage",Government Digital Service,Homes England,,,,
https://www.gov.uk/energy-company-obligation,Help from your energy supplier: the Energy Company Obligation,answer,2e89e098-f5a8-4a6c-9dc9-ebe0c7b02ae6,en,publisher,2013-01-21T15:52:04.000Z,2025-01-23T14:00:37.349Z,,,1637,"Housing, local and community,GOV.UK homepage,Household energy",Government Digital Service,"Department for Business, Energy & Industrial Strategy,Department for Energy Security and Net Zero",,,,
https://www.gov.uk/guidance/property-alert,Property Alert,detailed_guide,b7d40c99-8401-4b5c-8a95-f692a9980757,en,whitehall,2014-12-09T00:00:00.000Z,2025-10-10T16:01:00.000Z,,,1568,"Housing, local and community,GOV.UK homepage,Land registration,Crime, justice and law,Housing and communities",HM Land Registry,HM Land Registry,2010 to 2015 Conservative and Liberal Democrat coalition government,,,
https://www.gov.uk/guidance/find-a-high-rise-residential-building,Find a high-rise residential building,detailed_guide,a18971c0-8ed7-40b3-8412-4ec0d6e81c38,en,whitehall,2024-02-08T08:30:02.000Z,2024-02-08T08:30:02.000Z,,,1561,"Housing design and sustainability,Housing, local and community,GOV.UK homepage,Building regulation,Planning and building,Planning reform",Building Safety Regulator,"Building Safety Regulator,Health and Safety Executive",2022 to 2024 Sunak Conservative government,,,
https://www.gov.uk/guidance/understand-how-council-tax-bands-are-assessed,How domestic properties are assessed for Council Tax bands,detailed_guide,de4719a5-ed15-4d2d-8694-4b5b28916c65,en,whitehall,2016-01-22T00:00:00.000Z,2025-10-15T12:54:06.000Z,,,1532,"Local government,Regional and local government,Council Tax,Housing, local and community,GOV.UK homepage,Council Tax bands,Money",Valuation Office Agency,Valuation Office Agency,2015 to 2016 Cameron Conservative government,,,
https://www.gov.uk/guidance/request-an-expedite,Request an expedite,detailed_guide,837d0b2c-2a0f-4579-9cd8-71eb1cc5f135,en,whitehall,2021-02-17T00:00:00.000Z,2023-07-05T10:46:20.000Z,,,1520,"Housing, local and community,GOV.UK homepage,Land registration",HM Land Registry,HM Land Registry,2019 to 2022 Johnson Conservative government,,,
https://www.gov.uk/registering-land-or-property-with-land-registry/transfer-ownership-of-your-property,Registering land or property with HM Land Registry: Change the registered owner name,guide,043e51b8-4252-49d3-8ef8-52fa1e752892,en,publisher,2011-12-08T10:23:53.000Z,2015-02-02T10:00:01.000Z,,,1424,"Owning and renting a property,Land registration,Housing and communities,Housing, local and community,GOV.UK homepage,Land registration searches, fees and forms",Government Digital Service,HM Land Registry,,,,
https://www.gov.uk/guidance/hm-land-registry-information-services-fees,HM Land Registry: Information Services fees,detailed_guide,37224d05-5b05-454a-9f9e-08e438b2820b,en,whitehall,2016-03-07T00:00:00.000Z,2024-12-09T00:01:01.000Z,,,1417,"Land registration,Land registration searches, fees and forms,Housing and communities,Housing, local and community,GOV.UK homepage",HM Land Registry,HM Land Registry,2015 to 2016 Cameron Conservative government,,,
https://www.gov.uk/if-youre-homeless-at-risk-of-homelessness,Help if you’re homeless or about to become homeless,answer,b65f5feb-13d0-4944-8903-5431c3a1ba63,en,publisher,2012-01-26T12:58:23.000Z,2024-10-17T14:22:35.523Z,,,1345,"GOV.UK homepage,Housing and communities,Repossessions, emergency housing and evictions,Housing, local and community",Government Digital Service,"Ministry of Housing, Communities and Local Government",,,,
https://www.gov.uk/building-regulations-approval,Building regulations approval,guide,a46f7f68-0ee3-4a6d-ac59-4eec59170a60,en,publisher,2012-01-26T13:02:52.000Z,2025-01-24T13:52:46.521Z,,,1332,"GOV.UK homepage,Housing, local and community,Building regulation,Planning and building",Government Digital Service,"Ministry of Housing, Communities and Local Government",,,,
https://www.gov.uk/planning-permission-england-wales,Planning permission,guide,366849b0-1c46-439d-9156-aca3e0fb96e0,en,publisher,2012-09-13T11:55:53.000Z,2015-09-28T13:15:25.000Z,,,1314,"Housing, local and community,Planning and building,Running a business,Planning permission and appeals,GOV.UK homepage,Business premises and business rates,Business and industry",Government Digital Service,"Ministry of Housing, Communities and Local Government",,,,
https://www.gov.uk/tenancy-deposit-protection,Tenancy deposit protection,guide,5022bf99-6f69-4b50-8f6a-29688f4e4a73,en,publisher,2011-11-09T15:29:53.000Z,2024-11-05T15:16:55.109Z,,,1194,"Housing and communities,Housing, local and community,Owning and renting a property,GOV.UK homepage",Government Digital Service,"Ministry of Housing, Communities and Local Government",,,,
https://www.gov.uk/selling-a-home/energy-performance-certificates,Selling a home: Energy Performance Certificates,guide,9a6202a7-f9c0-4332-af72-7bf07b9adbe4,en,publisher,2012-01-18T14:34:21.000Z,2014-12-03T13:31:13.000Z,,,1189,"Owning and renting a property,Housing, local and community,GOV.UK homepage,Housing and communities",Government Digital Service,"Ministry of Housing, Communities and Local Government,HM Revenue & Customs",,,,
https://www.gov.uk/set-up-a-social-enterprise,Setting up a social enterprise,answer,2ebb69a0-176a-4a7c-ae2b-880109f3c6c1,en,publisher,2012-10-15T10:09:10.000Z,2015-07-24T15:48:46.000Z,,,1176,"Housing and communities,Business and industry,Housing, local and community,GOV.UK homepage",Government Digital Service,Companies House,,,,
https://www.gov.uk/right-to-acquire-buying-housing-association-home,Right to Acquire: buying your housing association home,guide,8a2e0abe-190e-4a5f-a635-cfed3bce67f1,en,publisher,2012-09-26T10:31:12.000Z,2025-01-23T17:36:18.610Z,,,1132,"Council housing and housing association,Housing and communities,Housing, local and community,GOV.UK homepage",Government Digital Service,"Ministry of Housing, Communities and Local Government",,,,
https://www.gov.uk/guidance/renting-out-your-property-guidance-for-landlords-and-letting-agents/ending-a-tenancy,Ending a tenancy,manual_section,17897bb6-2eab-465c-8602-2362aa310d4c,en,manuals-publisher,2025-11-13T22:59:00.000Z,2025-11-13T22:59:00.000Z,,,1131,"GOV.UK homepage,Changes to private renting,Rented housing sector,Housing, local and community,Housing and communities","Ministry of Housing, Communities and Local Government","Ministry of Housing, Communities and Local Government",,,,
https://www.gov.uk/guidance/tree-preservation-orders-and-trees-in-conservation-areas,Tree Preservation Orders and trees in conservation areas,detailed_guide,b44ef400-44c9-48dc-9fb5-23b702b1b191,en,whitehall,2014-03-06T00:00:00.000Z,2014-03-06T00:00:00.000Z,,,1130,"GOV.UK homepage,Housing, local and community,Planning and building,Planning system","Ministry of Housing, Communities and Local Government","Ministry of Housing, Communities and Local Government,Ministry of Housing, Communities & Local Government (2018 to 2021),Department for Levelling Up, Housing and Communities ",2010 to 2015 Conservative and Liberal Democrat coalition government,,,
https://www.gov.uk/guidance/ending-homelessness-in-communities-fund-prospectus,Ending Homelessness in Communities Fund - prospectus,detailed_guide,3ba1c058-7627-4997-a2d9-833ba0e80f4d,en,whitehall,2026-02-17T09:00:02.000Z,2026-02-17T09:00:02.000Z,,,1062,"Housing and communities,Homelessness and rough sleeping,Housing, local and community,GOV.UK homepage","Ministry of Housing, Communities and Local Government","Ministry of Housing, Communities and Local Government",2024 Starmer Labour government,,,
https://www.gov.uk/guidance/social-and-affordable-homes-programme-sahp-2026-to-2036,Social and Affordable Homes Programme (SAHP) 2026 to 2036,detailed_guide,38a55563-92d4-4eed-8696-2b59371c17e1,en,whitehall,2025-11-07T00:00:00.000Z,2026-02-11T13:58:47.000Z,,,988,"GOV.UK homepage,Housing, local and community,Housing and communities",Homes England,Homes England,2024 Starmer Labour government,,,
https://www.gov.uk/guidance/flood-risk-and-coastal-change,Flood risk and coastal change,detailed_guide,35a94fd4-a30b-42cd-afb0-5d5f181efb6d,en,whitehall,2014-03-06T00:00:00.000Z,2025-09-17T10:53:51.000Z,,,973,"Water management,Environment,Housing, local and community,River maintenance, flooding and coastal erosion,Planning and building,Groundwater,GOV.UK homepage,Planning system","Ministry of Housing, Communities and Local Government","Ministry of Housing, Communities and Local Government,Ministry of Housing, Communities & Local Government (2018 to 2021),Department for Levelling Up, Housing and Communities ",2010 to 2015 Conservative and Liberal Democrat coalition government,,,
https://www.gov.uk/leasehold-property/extending-changing-or-ending-a-lease,"Leasehold property: Extending, changing or ending a lease",guide,f78847f2-a4ae-4032-883f-c4b78e6391d9,en,publisher,2011-12-19T12:24:58.000Z,2015-02-25T12:36:41.000Z,,,939,"Housing, local and community,GOV.UK homepage,Owning and renting a property,Housing and communities",Government Digital Service,"Ministry of Housing, Communities and Local Government",,,,
https://www.gov.uk/guidance/finding-information-held-by-hm-land-registry,Finding information held by HM Land Registry,detailed_guide,43a0dc36-3ba4-431b-bb15-d8075b245800,en,whitehall,2025-07-23T14:37:33.000Z,2025-07-23T14:37:33.000Z,,,886,"GOV.UK homepage,Housing, local and community,Land registration",HM Land Registry,HM Land Registry,2024 Starmer Labour government,,,
https://www.gov.uk/guidance/making-an-application-without-legal-representation,Making an application without legal representation,detailed_guide,58b762a4-5f3d-4984-a829-ff5e35f8a700,en,whitehall,2025-04-01T23:00:00.000Z,2026-01-26T11:08:59.000Z,,,885,"Housing, local and community,GOV.UK homepage,Land registration",HM Land Registry,HM Land Registry,2024 Starmer Labour government,,,
https://www.gov.uk/protect-land-property-from-fraud,Protect your land and property from fraud,answer,608dbe3b-e48f-4f5f-ad72-6a962b651519,en,publisher,2014-08-13T11:04:52.000Z,2014-12-22T00:01:04.000Z,,,869,"Owning and renting a property,Housing and communities,GOV.UK homepage,Housing, local and community",Government Digital Service,HM Land Registry,,,,
https://www.gov.uk/guidance/mapsearch,HM Land Registry MapSearch,detailed_guide,5fa5894c-7631-11e4-a3cb-005056011aef,en,whitehall,2014-07-16T23:00:00.000Z,2014-07-16T23:00:00.000Z,,,866,"Land registration,GOV.UK homepage,Business and industry,Housing and communities,Housing, local and community,Land registration searches, fees and forms",HM Land Registry,HM Land Registry,2010 to 2015 Conservative and Liberal Democrat coalition government,,,
https://www.gov.uk/guidance/renting-out-your-property-guidance-for-landlords-and-letting-agents/if-a-tenant-wants-a-pet-to-live-with-them,If a tenant wants a pet to live with them ,manual_section,600bc2a6-c3a8-44f5-a635-1e8605781486,en,manuals-publisher,2025-11-13T22:59:00.000Z,2025-11-13T22:59:00.000Z,,,861,"GOV.UK homepage,Housing, local and community,Changes to private renting,Housing and communities,Rented housing sector","Ministry of Housing, Communities and Local Government","Ministry of Housing, Communities and Local Government",,,,
https://www.gov.uk/appeal-planning-decision,Appeal a planning decision,guide,ea699ecf-41ec-4a6d-85b9-cda0c631e8ff,en,publisher,2015-09-08T13:28:44.000Z,2015-09-08T14:13:50.000Z,,,861,"Housing and communities,Planning and building,GOV.UK homepage,Housing, local and community,Planning permission and appeals,Local councils and services,Regional and local government",Government Digital Service,Planning Inspectorate,,,,
https://www.gov.uk/check-if-property-is-affected-by-coal-mining,Find out if a property is affected by coal mining,answer,e3566bc9-bda4-46bd-b0a1-ef275ac9680e,en,publisher,2014-09-10T17:18:54.000Z,2024-10-22T14:59:00.602Z,,,860,"Housing and communities,Owning and renting a property,Property and development,Coal,Housing, local and community,Environment,Energy infrastructure,GOV.UK homepage,Oil, gas and coal",Government Digital Service,"Department for Energy Security and Net Zero,Mining Remediation Authority",,,,
https://www.gov.uk/guidance/biodiversity-net-gain,Biodiversity net gain,detailed_guide,f2c38516-4239-4922-925d-1d01994a4d51,en,whitehall,2024-02-14T00:00:00.000Z,2024-05-01T14:53:34.000Z,,,854,"Planning system,Wildlife and habitat conservation,Environment,Wildlife, animals, biodiversity and ecosystems,GOV.UK homepage,Biodiversity and ecosystems,Planning and building,Housing, local and community","Ministry of Housing, Communities and Local Government","Ministry of Housing, Communities and Local Government,Department for Levelling Up, Housing and Communities ",2022 to 2024 Sunak Conservative government,,,
https://www.gov.uk/guidance/when-is-permission-required,When is permission required?,detailed_guide,d4356b81-a6ef-4eeb-8dc4-97c149034da8,en,whitehall,2014-03-06T00:00:00.000Z,2023-07-26T09:21:10.000Z,,,854,"Planning and building,GOV.UK homepage,Housing, local and community,Planning system","Ministry of Housing, Communities and Local Government","Ministry of Housing, Communities and Local Government,Ministry of Housing, Communities & Local Government (2018 to 2021),Department for Levelling Up, Housing and Communities ",2010 to 2015 Conservative and Liberal Democrat coalition government,,,
https://www.gov.uk/guidance/renting-out-your-property-guidance-for-landlords-and-letting-agents/tenancy-agreements-written-information-for-your-tenant,Tenancy agreements: written information for your tenant ,manual_section,00c1fb64-9d85-4eaf-85d8-c8e8babf2d47,en,manuals-publisher,2025-11-13T22:59:00.000Z,2025-11-13T22:59:00.000Z,,,849,"Rented housing sector,GOV.UK homepage,Changes to private renting,Housing, local and community,Housing and communities","Ministry of Housing, Communities and Local Government","Ministry of Housing, Communities and Local Government",,,,
https://www.gov.uk/guidance/community-infrastructure-levy,Community Infrastructure Levy,detailed_guide,af255af2-c829-47c2-b068-113929a9fb04,en,whitehall,2014-06-11T23:00:00.000Z,2024-04-26T09:00:00.000Z,,,846,"GOV.UK homepage,Housing, local and community,Planning system,Planning and building","Ministry of Housing, Communities and Local Government","Ministry of Housing, Communities and Local Government,Ministry of Housing, Communities & Local Government (2018 to 2021),Department for Levelling Up, Housing and Communities ",2010 to 2015 Conservative and Liberal Democrat coalition government,,,
https://www.gov.uk/guidance/apply-for-hm-land-registry-business-e-services,Apply for HM Land Registry Business e-services,detailed_guide,dd72bc49-3dbb-4d5c-ad3b-2c1788a13a6d,en,whitehall,2017-08-30T23:00:00.000Z,2021-07-01T10:35:45.000Z,,,841,"GOV.UK homepage,Housing and communities,Conveyancing services ,Housing, local and community,Land registration,Business and mortgage services",HM Land Registry,HM Land Registry,2016 to 2019 May Conservative government,,,
https://www.gov.uk/guidance/local-housing-allowance,Local Housing Allowance,detailed_guide,e9c97e9f-37c5-464f-b20f-84dc69e81777,en,whitehall,2016-01-22T00:00:00.000Z,2024-11-01T10:56:35.000Z,,,832,"Money,GOV.UK homepage,Housing, local and community,Housing and communities",Valuation Office Agency,Valuation Office Agency,2015 to 2016 Cameron Conservative government,,,
https://www.gov.uk/guidance/renting-out-your-property-guidance-for-landlords-and-letting-agents/renters-rights-act-an-overview-for-landlords,Renters' Rights Act: an overview for landlords ,manual_section,7e0022e6-a390-491d-ae90-3d9202cc84c4,en,manuals-publisher,2025-11-13T22:59:00.000Z,2025-11-13T22:59:00.000Z,,,808,"GOV.UK homepage,Housing, local and community,Rented housing sector,Changes to private renting,Housing and communities","Ministry of Housing, Communities and Local Government","Ministry of Housing, Communities and Local Government",,,,
https://www.gov.uk/guidance/renting-out-your-property-guidance-for-landlords-and-letting-agents/rent-increases,Rent increases,manual_section,7daa0d0b-ddc5-413c-a096-403b01b120b4,en,manuals-publisher,2025-11-13T22:59:00.000Z,2025-11-13T22:59:00.000Z,,,796,"Housing and communities,GOV.UK homepage,Changes to private renting,Rented housing sector,Housing, local and community","Ministry of Housing, Communities and Local Government","Ministry of Housing, Communities and Local Government",,,,
https://www.gov.uk/guidance/land-registry-portal-how-to-request-official-copies,HM Land Registry portal: how to request official copies,detailed_guide,2448d113-368c-4430-bf44-a7dae4269c49,en,whitehall,2015-10-19T23:00:00.000Z,2015-10-30T14:53:15.000Z,,,767,"GOV.UK homepage,Housing, local and community,Housing and communities,Business and industry",HM Land Registry,HM Land Registry,2015 to 2016 Cameron Conservative government,,,
https://www.gov.uk/guidance/public-guidance-dealing-with-land-and-property,Public guidance: dealing with land and property,detailed_guide,6d6da17f-19f7-402e-8467-4911ec80db66,en,whitehall,2024-08-18T23:00:00.000Z,2024-08-18T23:00:00.000Z,,,755,"Housing, local and community,GOV.UK homepage,Land registration",HM Land Registry,HM Land Registry,2024 Starmer Labour government,,,
https://www.gov.uk/possession-claim-online-recover-property,Possession Claim Online: recover property,transaction,5213fede-0e8a-4f0f-a4ee-2151fdcf8b18,en,publisher,2012-07-11T15:22:57.000Z,2024-11-13T10:36:50.583Z,,,747,"Money,Housing, local and community,Being a landlord and renting out a room,Housing and communities,Business debt and bankruptcy,Court claims, debt and bankruptcy,GOV.UK homepage,Running a business,Business and industry",Government Digital Service,"HM Courts & Tribunals Service,Ministry of Housing, Communities and Local Government",,,,
https://www.gov.uk/check-tenant-right-to-rent-documents/how-to-check,Checking your tenant's right to rent: How to do a check,guide,0d203ec7-89cd-494e-b2aa-16e7d6b21074,en,publisher,2015-10-20T10:50:14.000Z,2024-12-11T10:00:02.736Z,,,741,"Housing, local and community,GOV.UK homepage,Housing and communities,Being a landlord and renting out a room",Government Digital Service,UK Visas and Immigration,,,,
https://www.gov.uk/guidance/renting-out-your-property-guidance-for-landlords-and-letting-agents/giving-notice-to-evict-tenants,Giving notice to evict tenants,manual_section,39f7862d-d31e-4d69-a16a-6c9e1a92c312,en,manuals-publisher,2025-11-13T22:59:00.000Z,2025-11-13T22:59:00.000Z,,,724,"Rented housing sector,Housing and communities,GOV.UK homepage,Housing, local and community,Changes to private renting","Ministry of Housing, Communities and Local Government","Ministry of Housing, Communities and Local Government",,,,
https://www.gov.uk/guidance/phone-menu-options-for-hm-land-registry,Phone menu options for HM Land Registry,detailed_guide,4698282a-39e5-417d-974d-66b969891caa,en,whitehall,2019-08-04T23:00:00.000Z,2025-12-19T16:06:02.000Z,,,724,"Land registration,GOV.UK homepage,Housing, local and community,Housing and communities",HM Land Registry,HM Land Registry,2019 to 2022 Johnson Conservative government,,,
https://www.gov.uk/guidance/biodiversity-net-gain-exempt-developments,Biodiversity net gain: exempt developments,detailed_guide,e5402279-7028-483b-bf64-f4037de8be66,en,whitehall,2023-11-29T00:00:00.000Z,2024-08-21T10:05:43.000Z,,,720,"Planning and building,Wildlife and habitat conservation,Wildlife, animals, biodiversity and ecosystems,Environment,Biodiversity and ecosystems,Housing, local and community,GOV.UK homepage","Department for Environment, Food & Rural Affairs","Department for Environment, Food & Rural Affairs",2022 to 2024 Sunak Conservative government,,,
https://www.gov.uk/private-renting-tenancy-agreements,Private renting for tenants: tenancy agreements,guide,ce526d96-8fc8-40b2-8979-54abe309e192,en,publisher,2011-11-30T16:15:56.000Z,2015-09-30T23:02:04.000Z,,,716,"Housing and communities,Housing, local and community,Owning and renting a property,GOV.UK homepage",Government Digital Service,"Ministry of Housing, Communities and Local Government",,,,
https://www.gov.uk/guidance/view-my-applications,View Applications,detailed_guide,9c9cac63-8fc8-4ea5-899b-d7459ba70569,en,whitehall,2020-08-03T23:00:00.000Z,2024-12-11T07:30:02.000Z,,,715,"Housing, local and community,GOV.UK homepage,Land registration",HM Land Registry,HM Land Registry,2019 to 2022 Johnson Conservative government,,,
https://www.gov.uk/guidance/how-to-repay-your-equity-loan-when-you-remortgage,How to repay your equity loan when you remortgage,detailed_guide,f5c26a73-8416-410f-8101-6f64b247280e,en,whitehall,2021-05-04T23:00:00.000Z,2023-11-23T12:00:34.000Z,,,715,"Homebuying,GOV.UK homepage,Housing and communities,Housing, local and community",Homes England,Homes England,2019 to 2022 Johnson Conservative government,,,
https://www.gov.uk/guidance/general-binding-rules-small-sewage-discharge-to-the-ground,General binding rules: small sewage discharge to the ground,detailed_guide,2fe023dd-89f6-4bad-821d-7a0415636bee,en,whitehall,2015-06-15T23:00:00.000Z,2023-10-02T07:00:00.000Z,,,712,"Groundwater,GOV.UK homepage,Housing, local and community,Planning permission and appeals,Pollution and environmental quality,Water quality,Environmental permits,Environment,Planning and building,Water management",Environment Agency,Environment Agency,2015 to 2016 Cameron Conservative government,,,
https://www.gov.uk/party-walls-building-works/when-how-tell-them,Party walls and building work: When and how to tell them,guide,4d0a8f64-9a58-4c7d-be7f-ec840eebc90a,en,publisher,2013-09-23T14:45:10.000Z,2024-10-17T15:48:51.487Z,,,711,"Party walls,Housing, local and community,GOV.UK homepage,Planning permission and appeals,Planning and building",Government Digital Service,"Ministry of Housing, Communities and Local Government",,,,
https://www.gov.uk/guidance/how-to-repay-your-equity-loan-when-you-sell-your-home,How to repay your equity loan when you sell your home,detailed_guide,6a029db5-4d08-456f-97cc-743fea1fadb6,en,whitehall,2021-05-04T23:00:00.000Z,2023-11-23T12:01:12.000Z,,,707,"Housing and communities,Housing, local and community,GOV.UK homepage,Homebuying",Homes England,Homes England,2019 to 2022 Johnson Conservative government,,,
https://www.gov.uk/guidance/renting-out-your-property-guidance-for-landlords-and-letting-agents/repossessing-your-privately-rented-property-on-or-after-1-may-2026,Repossessing your privately rented property on or after 1 May 2026,manual_section,8a19d912-3178-423f-a0a4-7694e4ef0320,en,manuals-publisher,2025-11-13T22:59:00.000Z,2025-11-13T22:59:00.000Z,,,705,"Changes to private renting,Housing and communities,Housing, local and community,GOV.UK homepage,Rented housing sector","Ministry of Housing, Communities and Local Government","Ministry of Housing, Communities and Local Government",,,,
https://www.gov.uk/smoke-control-area-rules,Smoke control areas: the rules,answer,d826ea5a-aa78-439c-873a-1360293e4b01,en,publisher,2012-01-26T09:04:10.000Z,2017-04-12T11:21:47.471Z,,,690,"GOV.UK homepage,Housing, local and community,Safety and the environment in your community,Housing and communities",Government Digital Service,"Department for Environment, Food & Rural Affairs",,,,
https://www.gov.uk/guidance/guidance-and-support-for-property-professionals,Guidance and support for property professionals,detailed_guide,8e068728-2a6f-4223-83ce-9826130e16de,en,whitehall,2024-08-18T23:00:00.000Z,2026-01-30T09:31:46.000Z,,,682,"Land registration,Housing, local and community,GOV.UK homepage",HM Land Registry,HM Land Registry,2024 Starmer Labour government,,,
https://www.gov.uk/guidance/making-an-application,Making an application,detailed_guide,deeac744-67af-45ad-92a3-7dd4a8936e01,en,whitehall,2014-03-06T00:00:00.000Z,2025-05-12T10:45:16.000Z,,,681,"Planning and building,Housing, local and community,GOV.UK homepage,Planning system","Ministry of Housing, Communities and Local Government","Ministry of Housing, Communities and Local Government,Ministry of Housing, Communities & Local Government (2018 to 2021),Department for Levelling Up, Housing and Communities ",2010 to 2015 Conservative and Liberal Democrat coalition government,,,
https://www.gov.uk/guidance/ensuring-effective-enforcement,Enforcement and post-permission matters,detailed_guide,7f9ac6e3-2d75-41fe-a922-a18c896af4ee,en,whitehall,2014-03-06T00:00:00.000Z,2024-08-08T10:47:21.000Z,,,675,"GOV.UK homepage,Planning system,Housing, local and community,Planning and building","Ministry of Housing, Communities and Local Government","Ministry of Housing, Communities and Local Government,Ministry of Housing, Communities & Local Government (2018 to 2021),Department for Levelling Up, Housing and Communities ",2010 to 2015 Conservative and Liberal Democrat coalition government,,,
https://www.gov.uk/guidance/the-building-safety-act,The Building Safety Act,detailed_guide,384c4f2c-2d91-4552-8f68-651a66cae199,en,whitehall,2022-07-24T23:00:00.000Z,2022-07-24T23:00:00.000Z,,,673,"Building regulation,Planning and building,Housing, local and community,GOV.UK homepage","Ministry of Housing, Communities and Local Government","Ministry of Housing, Communities and Local Government,Department for Levelling Up, Housing and Communities ",2019 to 2022 Johnson Conservative government,,,
https://www.gov.uk/guidance/renting-out-your-property-guidance-for-landlords-and-letting-agents/tenancy-agreements-overview,Tenancy agreements overview,manual_section,76381097-5d95-42e4-b5e0-c64687a007e5,en,manuals-publisher,2025-11-13T22:59:00.000Z,2025-11-13T22:59:00.000Z,,,657,"Housing, local and community,GOV.UK homepage,Rented housing sector,Housing and communities,Changes to private renting","Ministry of Housing, Communities and Local Government","Ministry of Housing, Communities and Local Government",,,,
https://www.gov.uk/guidance/leaseholder-protections-deed-of-certificate-frequently-asked-questions,Leaseholder protections: deed of certificate - frequently asked questions,detailed_guide,11eeace7-04d1-4dcb-8610-641d6d506795,en,whitehall,2022-09-29T23:00:00.000Z,2024-02-02T09:47:20.000Z,,,653,"GOV.UK homepage,Freehold and leasehold property,Housing and communities,Housing, local and community","Ministry of Housing, Communities and Local Government","Ministry of Housing, Communities and Local Government,Department for Levelling Up, Housing and Communities ",2022 Truss Conservative government,,,
https://www.gov.uk/guidance/criteria-for-being-a-higher-risk-building-during-the-occupation-phase-of-the-new-higher-risk-regime,Criteria for determining whether a building is a higher-risk building during the occupation phase of the new higher-risk regime,detailed_guide,1cef7e15-5dc2-47b4-80f4-deb683ba0cf2,en,whitehall,2023-06-20T23:00:00.000Z,2025-05-28T15:33:30.000Z,,,645,"GOV.UK homepage,Planning and building,Building regulation,Housing, local and community","Ministry of Housing, Communities and Local Government","Ministry of Housing, Communities and Local Government,Department for Levelling Up, Housing and Communities ",2022 to 2024 Sunak Conservative government,,,
https://www.gov.uk/private-renting-evictions,Private renting for tenants: evictions in England,guide,8cd2adc4-b8f6-4728-83cc-6dfa9a78c2f5,en,publisher,2012-01-19T14:52:41.000Z,2015-10-23T09:52:48.000Z,,,641,"Housing and communities,Housing, local and community,GOV.UK homepage,Repossessions, emergency housing and evictions",Government Digital Service,"Ministry of Housing, Communities and Local Government,HM Courts & Tribunals Service",,,,
https://www.gov.uk/garden-bonfires-rules,Garden bonfires: the rules,answer,b6bae35c-a005-46b8-bba0-0f83dea765f7,en,publisher,2011-11-01T15:15:41.000Z,2018-07-12T14:20:10.087Z,,,627,"Housing, local and community,Housing and communities,Safety and the environment in your community,GOV.UK homepage",Government Digital Service,"Department for Environment, Food & Rural Affairs",,,,
https://www.gov.uk/guidance/competent-person-scheme-current-schemes-and-how-schemes-are-authorised,Competent person scheme - current schemes and how schemes are authorised,detailed_guide,5e0e3c00-7631-11e4-a3cb-005056011aef,en,whitehall,2013-04-03T23:00:00.000Z,2018-03-12T14:27:33.000Z,,,625,"GOV.UK homepage,Planning and building,Building regulation,Housing, local and community","Ministry of Housing, Communities and Local Government","Ministry of Housing, Communities and Local Government,Ministry of Housing, Communities & Local Government (2018 to 2021),Department for Levelling Up, Housing and Communities ",2010 to 2015 Conservative and Liberal Democrat coalition government,,,
https://www.gov.uk/deposit-protection-schemes-and-landlords,Deposit protection schemes and landlords,guide,806a3397-878a-492f-977a-a5a2afbf249c,en,publisher,2012-09-27T16:42:37.000Z,2017-05-12T09:10:25.041Z,,,620,"Housing, local and community,Housing and communities,GOV.UK homepage,Being a landlord and renting out a room",Government Digital Service,"Ministry of Housing, Communities and Local Government",,,,
https://www.gov.uk/guidance/lawful-development-certificates,Lawful development certificates,detailed_guide,f71d7ce9-65f5-4a0f-9144-7a6d0e407187,en,whitehall,2014-03-06T00:00:00.000Z,2014-03-06T00:00:00.000Z,,,608,"Planning and building,Housing, local and community,Planning system,GOV.UK homepage","Ministry of Housing, Communities and Local Government","Ministry of Housing, Communities and Local Government,Ministry of Housing, Communities & Local Government (2018 to 2021),Department for Levelling Up, Housing and Communities ",2010 to 2015 Conservative and Liberal Democrat coalition government,,,
https://www.gov.uk/guidance/environmental-impact-assessment,Environmental Impact Assessment,detailed_guide,c037fbc4-1678-45bd-8249-906167bce5c4,en,whitehall,2014-03-06T00:00:00.000Z,2020-05-13T14:51:48.000Z,,,596,"GOV.UK homepage,Planning system,Housing, local and community,Planning and building","Ministry of Housing, Communities and Local Government","Ministry of Housing, Communities and Local Government,Ministry of Housing, Communities & Local Government (2018 to 2021),Department for Levelling Up, Housing and Communities ",2010 to 2015 Conservative and Liberal Democrat coalition government,,,
https://www.gov.uk/guidance/building-control-approval-for-higher-risk-buildings,Building control approval for higher-risk buildings,detailed_guide,1956341f-ad79-47e9-9c1b-33c25fe74a14,en,whitehall,2025-03-27T00:00:00.000Z,2025-12-18T11:59:03.000Z,,,565,"Building regulation,GOV.UK homepage,Housing, local and community,Planning and building",Building Safety Regulator,"Building Safety Regulator,Health and Safety Executive",2024 Starmer Labour government,,,
https://www.gov.uk/guidance/contact-the-building-safety-regulator,Contact the Building Safety Regulator,detailed_guide,31cb039b-eacc-40eb-9ad5-26e0dd91a649,en,whitehall,2023-09-28T23:00:00.000Z,2024-10-30T14:52:05.000Z,,,563,"Building regulation,Housing, local and community,Housing design and sustainability,GOV.UK homepage,Planning reform,Planning and building",Building Safety Regulator,"Building Safety Regulator,Health and Safety Executive",2022 to 2024 Sunak Conservative government,,,
https://www.gov.uk/guidance/understanding-biodiversity-net-gain,Understanding biodiversity net gain,detailed_guide,4d78a85d-26b9-4986-984c-f961e53cb289,en,whitehall,2023-02-21T00:00:00.000Z,2025-06-26T13:21:51.000Z,,,562,"Environment,Wildlife, animals, biodiversity and ecosystems,GOV.UK homepage,Biodiversity and ecosystems,Housing, local and community,Planning and building,Wildlife and habitat conservation","Department for Environment, Food & Rural Affairs","Department for Environment, Food & Rural Affairs",2022 to 2024 Sunak Conservative government,,,
https://www.gov.uk/guidance/green-belt,Green Belt,detailed_guide,c81b9bae-1972-4c23-b6a9-775793b1958f,en,whitehall,2019-07-21T23:00:00.000Z,2025-02-27T11:32:17.000Z,,,549,"Housing, local and community,Planning system,Planning and building,GOV.UK homepage","Ministry of Housing, Communities and Local Government","Ministry of Housing, Communities and Local Government,Ministry of Housing, Communities & Local Government (2018 to 2021),Department for Levelling Up, Housing and Communities ",2016 to 2019 May Conservative government,,,
https://www.gov.uk/guidance/design-and-building-work-meeting-building-requirements,Design and building work: meeting building requirements,detailed_guide,44f2bf8a-a7d8-4e46-b900-78351862e9f3,en,whitehall,2024-02-27T00:00:00.000Z,2024-03-04T09:10:34.000Z,,,546,"GOV.UK homepage,Planning and building,Housing design and sustainability,Planning reform,Housing, local and community",Building Safety Regulator,"Building Safety Regulator,Health and Safety Executive",2022 to 2024 Sunak Conservative government,,,
https://www.gov.uk/guidance/find-a-registered-building-inspector-in-england,Find a registered building inspector in England,detailed_guide,2781c595-4587-4845-9729-bcbad06957c5,en,whitehall,2024-05-08T23:00:00.000Z,2024-10-01T07:00:06.000Z,,,546,"Planning reform,Building regulation,Planning and building,Housing, local and community,GOV.UK homepage,Housing design and sustainability",Building Safety Regulator,"Building Safety Regulator,Health and Safety Executive",2022 to 2024 Sunak Conservative government,,,
https://www.gov.uk/green-deal,Green Deal,answer,af3f9968-8990-4185-aae5-86f4ada87984,en,publisher,2012-09-27T16:17:40.000Z,2014-12-07T00:01:11.000Z,,,543,"GOV.UK homepage,Waste and environmental impact,Housing, local and community,Household energy,Waste and recycling,Environment,Safety and the environment in your community,Housing and communities",Government Digital Service,"Department for Business, Energy & Industrial Strategy,Department for Energy Security and Net Zero",,,,
https://www.gov.uk/guidance/building-regulations-and-approved-documents-index,The merged Approved Documents,detailed_guide,f1eb8382-9ba9-4742-b309-b8864fa88597,en,whitehall,2020-07-19T23:00:00.000Z,2024-10-01T15:25:52.000Z,,,540,"Housing, local and community,GOV.UK homepage,Building regulation,Planning and building","Ministry of Housing, Communities and Local Government","Ministry of Housing, Communities and Local Government,Ministry of Housing, Communities & Local Government (2018 to 2021),Department for Levelling Up, Housing and Communities ",2019 to 2022 Johnson Conservative government,,,
https://www.gov.uk/guidance/land-registry-portal-make-an-application-enquiry,HM Land Registry portal: make an application enquiry,detailed_guide,4e9c96bd-9230-4bb4-a7de-1ce80fab30bd,en,whitehall,2016-03-14T00:00:00.000Z,2025-05-06T14:04:42.000Z,,,526,"GOV.UK homepage,Housing and communities,Business and industry,Housing, local and community",HM Land Registry,HM Land Registry,2015 to 2016 Cameron Conservative government,,,
https://www.gov.uk/guidance/sign-in-to-your-boiler-upgrade-scheme-installer-account,Sign in to your Boiler Upgrade Scheme installer account,detailed_guide,31949c2d-7a9d-4d1e-84d4-ca1394620b66,en,whitehall,2022-11-28T12:00:00.000Z,2022-11-28T12:00:00.000Z,,,520,"Housing, local and community,Environment,Household energy,GOV.UK homepage,Low carbon technologies,Energy infrastructure",Department for Energy Security and Net Zero,"Department for Energy Security and Net Zero,Ofgem,Department for Business, Energy & Industrial Strategy",2022 to 2024 Sunak Conservative government,,,
https://www.gov.uk/control-dog-public/banned-dogs,Controlling your dog in public: Banned dogs,guide,a20969c3-c749-4e2f-a94d-056c250cb79b,en,publisher,2012-01-23T16:38:28.000Z,2014-11-19T15:22:48.000Z,,,485,"Environment,Safety and the environment in your community,Wildlife, animals, biodiversity and ecosystems,Housing and communities,GOV.UK homepage,Housing, local and community,Pets",Government Digital Service,"Department for Environment, Food & Rural Affairs",,,,
https://www.gov.uk/fireworks-the-law,Fireworks: the law,answer,007b4e35-869f-4de1-b4ab-5345600bfc61,en,publisher,2012-01-26T13:03:32.000Z,2015-12-11T12:01:12.000Z,,,483,"Housing and communities,Housing, local and community,GOV.UK homepage,Safety and the environment in your community",Government Digital Service,"Department for Business and Trade,Department for Business, Energy & Industrial Strategy",,,,
https://www.gov.uk/tenancy-agreements-a-guide-for-landlords/ending-a-tenancy,Tenancy agreements: a guide for landlords (England and Wales): Ending a tenancy,guide,91e43ecb-5ab6-4f95-ba69-5ca2498c8e1d,en,publisher,2012-09-27T17:04:12.000Z,2014-11-26T11:59:26.000Z,,,474,"Housing, local and community,Housing and communities,GOV.UK homepage,Being a landlord and renting out a room",Government Digital Service,"Ministry of Housing, Communities and Local Government",,,,
https://www.gov.uk/how-to-resolve-neighbour-disputes,Resolving neighbour disputes,guide,b445ad62-5c98-4cc1-9885-446faac28cdd,en,publisher,2011-12-08T16:26:29.000Z,2015-07-24T15:57:03.000Z,,,470,"Neighbours, noise and pests,Housing, local and community,Housing and communities,GOV.UK homepage",Government Digital Service,"Ministry of Housing, Communities and Local Government",,,,
https://www.gov.uk/guidance/flood-risk-assessments-climate-change-allowances,Flood risk assessments: climate change allowances,detailed_guide,eafe8254-6b58-4762-91a7-5ef22a09bfa8,en,whitehall,2016-02-19T09:00:00.000Z,2022-05-27T13:17:34.000Z,,,460,"Climate change and energy,GOV.UK homepage,Housing, local and community,River maintenance, flooding and coastal erosion,Climate change adaptation,Environment,Environmental planning,Planning and building",Environment Agency,Environment Agency,2015 to 2016 Cameron Conservative government,,,
https://www.gov.uk/guidance/completing-forms-id1-and-id2,Completing forms ID1 and ID2,detailed_guide,5fe671fc-7631-11e4-a3cb-005056011aef,en,whitehall,2014-08-18T23:00:00.000Z,2024-02-05T06:00:02.000Z,,,460,"GOV.UK homepage,Housing, local and community,Land registration,Housing and communities",HM Land Registry,HM Land Registry,2010 to 2015 Conservative and Liberal Democrat coalition government,,,
https://www.gov.uk/guidance/how-non-domestic-property-including-plant-and-machinery-is-valued,How your property is valued for business rates,detailed_guide,5fe3a3ff-7631-11e4-a3cb-005056011aef,en,whitehall,2014-08-04T23:00:00.000Z,2025-11-26T14:30:01.000Z,,,440,"Business rates,Housing, local and community,GOV.UK homepage,Your rateable value,Regional and local government,Money,Local government",Valuation Office Agency,Valuation Office Agency,2010 to 2015 Conservative and Liberal Democrat coalition government,,,
https://www.gov.uk/guidance/register-or-manage-a-high-rise-residential-building,Register or manage a high-rise residential building,detailed_guide,7516c229-a8be-4667-a6eb-169cddf2762e,en,whitehall,2024-04-03T23:00:00.000Z,2024-04-03T23:00:00.000Z,,,437,"GOV.UK homepage,Building regulation,Planning and building,Housing, local and community",Building Safety Regulator,"Building Safety Regulator,Health and Safety Executive",2022 to 2024 Sunak Conservative government,,,
https://www.gov.uk/guidance/planning-guidance-letters-to-chief-planning-officers,Planning guidance: letters to chief planning officers,detailed_guide,5c7edb16-7631-11e4-a3cb-005056011aef,en,whitehall,2012-11-15T00:00:00.000Z,2026-02-11T09:40:10.000Z,,,434,"GOV.UK homepage,Planning and building,Housing, local and community","Ministry of Housing, Communities and Local Government","Ministry of Housing, Communities and Local Government,Ministry of Housing, Communities & Local Government (2018 to 2021),Department for Levelling Up, Housing and Communities ",2010 to 2015 Conservative and Liberal Democrat coalition government,,,
https://www.gov.uk/guidance/use-of-planning-conditions,Use of planning conditions,detailed_guide,a7ce5e6d-ba1b-463e-8718-e52b2e119963,en,whitehall,2014-03-06T00:00:00.000Z,2019-07-23T09:32:40.000Z,,,429,"Housing, local and community,Planning and building,Planning system,GOV.UK homepage","Ministry of Housing, Communities and Local Government","Ministry of Housing, Communities and Local Government,Ministry of Housing, Communities & Local Government (2018 to 2021),Department for Levelling Up, Housing and Communities ",2010 to 2015 Conservative and Liberal Democrat coalition government,,,
https://www.gov.uk/guidance/using-coal-mining-information,Free of charge coal mining information,detailed_guide,5ff1a6b3-7631-11e4-a3cb-005056011aef,en,whitehall,2014-10-08T23:00:00.000Z,2025-11-13T13:56:10.000Z,,,428,"Planning and building,Housing, local and community,Energy infrastructure,Mining reports and data,GOV.UK homepage,Environment,Oil, gas and coal,Coal",Coal Authority,"Coal Authority,Mining Remediation Authority",2010 to 2015 Conservative and Liberal Democrat coalition government,,,
https://www.gov.uk/guidance/completing-the-evidence-of-identity-panels-on-forms-ap1-fr1-ds2,"Completing the evidence of identity panels on forms AP1, FR1, DS2",detailed_guide,5fe66940-7631-11e4-a3cb-005056011aef,en,whitehall,2014-08-17T23:00:00.000Z,2026-01-12T15:54:42.000Z,,,422,"Housing, local and community,Business and industry,Land registration,GOV.UK homepage",HM Land Registry,HM Land Registry,2010 to 2015 Conservative and Liberal Democrat coalition government,,,
https://www.gov.uk/stay-in-home-during-separation-or-divorce,Staying in your partner's property during a divorce or separation,guide,61989c6d-b80d-4f00-87e4-9942999652aa,en,publisher,2014-08-13T12:12:44.000Z,2015-02-02T10:00:01.000Z,,,416,"Owning and renting a property,Housing and communities,Land registration searches, fees and forms,Housing, local and community,Land registration,GOV.UK homepage",Government Digital Service,HM Land Registry,,,,
https://www.gov.uk/guidance/manage-a-building-control-application-for-a-higher-risk-building,Manage a building control application for a higher-risk building,detailed_guide,a7bd43e6-9538-49d5-b228-e42ee04062d8,en,whitehall,2023-10-01T23:00:00.000Z,2025-03-27T09:53:30.000Z,,,414,"GOV.UK homepage,Building regulation,Planning and building,Housing, local and community",Building Safety Regulator,"Building Safety Regulator,Health and Safety Executive",2022 to 2024 Sunak Conservative government,,,
https://www.gov.uk/check-register-rents,Check the register of fair rents,transaction,eca9020d-2778-4d8d-8af9-07e246d35131,en,publisher,2014-10-29T10:52:35.000Z,2015-09-10T15:58:34.000Z,,,406,"Owning and renting a property,Housing and communities,GOV.UK homepage,Housing, local and community",Government Digital Service,Valuation Office Agency,,,,
https://www.gov.uk/housing-tribunals,Solve a residential property dispute,guide,c9cd3afb-1208-410a-8719-1469db684635,en,publisher,2012-01-16T13:46:05.000Z,2015-02-25T12:33:34.000Z,,,390,"Council housing and housing association,Repossessions, emergency housing and evictions,Crime, justice and law,Housing, local and community,Housing and communities,GOV.UK homepage,Courts, sentencing and tribunals",Government Digital Service,"Ministry of Housing, Communities and Local Government,HM Courts & Tribunals Service,Valuation Office Agency",,,,
https://www.gov.uk/building-regulations-competent-person-schemes,Competent person schemes,answer,e1462298-a8e3-4b57-a158-883ce5bf0a5a,en,publisher,2012-11-14T10:29:10.000Z,2012-12-14T12:27:11.000Z,,,383,"Planning and building,Housing, local and community,GOV.UK homepage,Building regulation",Government Digital Service,"Building Regulations Advisory Committee,Ministry of Housing, Communities and Local Government",,,,
https://www.gov.uk/guidance/registered-building-inspectors,Registered building inspectors,detailed_guide,ffc4cbc8-5161-46ae-861d-f2411869cd8e,en,whitehall,2023-10-04T23:00:00.000Z,2025-09-24T12:32:46.000Z,,,378,"Planning and building,Housing, local and community,GOV.UK homepage,Planning reform,Building regulation,Housing design and sustainability",Building Safety Regulator,"Building Safety Regulator,Health and Safety Executive",2022 to 2024 Sunak Conservative government,,,
https://www.gov.uk/guidance/how-to-get-a-valuation-of-your-help-to-buy-home,How to get a valuation of your Help to Buy home,detailed_guide,06e96edf-17bd-421a-ba78-2c4cd9d0c47b,en,whitehall,2025-08-17T23:00:00.000Z,2025-08-17T23:00:00.000Z,,,373,"Homebuying,Housing and communities,Housing, local and community,GOV.UK homepage",Homes England,Homes England,2024 Starmer Labour government,,,
https://www.gov.uk/guidance/approved-document-b-fire-safety-frequently-asked-questions,Approved Document B: Fire safety - frequently asked questions,detailed_guide,3dc87c23-5b23-40f0-a9ca-6feaef40dd8a,en,whitehall,2022-08-22T23:00:00.000Z,2025-02-21T00:01:03.000Z,,,367,"Housing, local and community,Building regulation,Planning and building,GOV.UK homepage","Ministry of Housing, Communities and Local Government","Ministry of Housing, Communities and Local Government,Building Safety Regulator,Health and Safety Executive,Department for Levelling Up, Housing and Communities ",2019 to 2022 Johnson Conservative government,,,
https://www.gov.uk/guidance/general-binding-rules-small-sewage-discharge-to-a-surface-water,General binding rules: small sewage discharge to a surface water,detailed_guide,f784ffef-f369-45ee-a4b3-94a9e5761cb4,en,whitehall,2015-06-15T23:00:00.000Z,2023-10-02T07:00:00.000Z,,,365,"Planning permission and appeals,Environmental permits,Water quality,Housing, local and community,Planning and building,Water management,GOV.UK homepage,Pollution and environmental quality,Environment",Environment Agency,Environment Agency,2015 to 2016 Cameron Conservative government,,,
https://www.gov.uk/guidance/forces-help-to-buy,Forces Help to Buy: help to get on the property ladder,detailed_guide,5f44ad66-7631-11e4-a3cb-005056011aef,en,whitehall,2014-03-31T23:00:00.000Z,2026-01-09T11:38:10.000Z,,,365,"GOV.UK homepage,Defence and armed forces,Housing and accommodation,Support services for military and defence personnel and their families,Housing, local and community,Housing and communities",Ministry of Defence,Ministry of Defence,2010 to 2015 Conservative and Liberal Democrat coalition government,,,
https://www.gov.uk/guidance/hm-land-registry-estimated-completion-timeframes,HM Land Registry estimated completion timeframes,detailed_guide,073ad04e-146f-4662-9037-fd07161e88ba,en,whitehall,2022-11-16T00:00:00.000Z,2026-01-28T09:56:26.000Z,,,365,"Land registration,Housing, local and community,GOV.UK homepage",HM Land Registry,HM Land Registry,2022 to 2024 Sunak Conservative government,,,
https://www.gov.uk/your-rights-to-housing-if-youre-under-18,Your rights to housing if you're under 18,answer,d7e8e124-dcea-4673-8603-448288aab078,en,publisher,2012-01-26T13:09:28.000Z,2025-01-27T12:05:08.322Z,,,360,"Council housing and housing association,Housing and communities,Repossessions, emergency housing and evictions,GOV.UK homepage,Housing, local and community",Government Digital Service,"Ministry of Housing, Communities and Local Government",,,,
https://www.gov.uk/guidance/about-the-price-paid-data,How to access HM Land Registry Price Paid Data,detailed_guide,5fe5d10c-7631-11e4-a3cb-005056011aef,en,whitehall,2014-08-13T23:00:00.000Z,2016-06-14T08:30:17.000Z,,,346,"GOV.UK homepage,Housing, local and community,Housing and communities,Land Registration Data ,Land registration",HM Land Registry,HM Land Registry,2010 to 2015 Conservative and Liberal Democrat coalition government,,,
https://www.gov.uk/guidance/what-to-do-if-you-have-poor-quality-wall-insulation,What to do if you have poor quality wall insulation,detailed_guide,83fdabde-d886-4f5e-958b-ebd08ff8e3e9,en,whitehall,2025-01-23T00:00:00.000Z,2025-02-18T10:22:12.000Z,,,340,"Housing, local and community,Household energy,GOV.UK homepage",Department for Energy Security and Net Zero,"Department for Energy Security and Net Zero,Ofgem",2024 Starmer Labour government,,,
https://www.gov.uk/guidance/renting-out-your-property-guidance-for-landlords-and-letting-agents/tenancy-types,Tenancy types ,manual_section,f0834e52-8d76-410b-a90e-a3ae99f43a8d,en,manuals-publisher,2025-11-13T22:59:00.000Z,2025-11-13T22:59:00.000Z,,,339,"GOV.UK homepage,Changes to private renting,Housing, local and community,Rented housing sector,Housing and communities","Ministry of Housing, Communities and Local Government","Ministry of Housing, Communities and Local Government",,,,
https://www.gov.uk/guidance/becoming-a-sponsor-homes-for-ukraine,Becoming a sponsor: Homes for Ukraine,detailed_guide,b0dee601-b2b9-4e8d-8382-8655db2e049a,en,whitehall,2023-01-16T00:00:00.000Z,2025-11-03T12:17:18.000Z,,,339,"Community and society,Society and culture,Housing and communities,GOV.UK homepage,Housing, local and community","Ministry of Housing, Communities and Local Government","Ministry of Housing, Communities and Local Government,Department for Levelling Up, Housing and Communities ",2022 to 2024 Sunak Conservative government,,,
https://www.gov.uk/guidance/consultation-and-pre-decision-matters,Consultation and pre-decision matters,detailed_guide,56967673-3e64-4374-a3f1-10a62c28a172,en,whitehall,2014-03-06T00:00:00.000Z,2022-04-01T11:29:36.000Z,,,331,"GOV.UK homepage,Planning and building,Planning system,Housing, local and community","Ministry of Housing, Communities and Local Government","Ministry of Housing, Communities and Local Government,Ministry of Housing, Communities & Local Government (2018 to 2021),Department for Levelling Up, Housing and Communities ",2010 to 2015 Conservative and Liberal Democrat coalition government,,,
https://www.gov.uk/guidance/planning-obligations,Planning obligations,detailed_guide,8f65d955-561e-4eb2-86e1-d257995b43fb,en,whitehall,2016-05-18T23:00:00.000Z,2019-08-31T23:15:17.000Z,,,327,"GOV.UK homepage,Planning and building,Planning system,Housing, local and community","Ministry of Housing, Communities and Local Government","Ministry of Housing, Communities and Local Government,Ministry of Housing, Communities & Local Government (2018 to 2021),Department for Levelling Up, Housing and Communities ",2015 to 2016 Cameron Conservative government,,,
https://www.gov.uk/guidance/fees-for-planning-applications,Fees for planning applications,detailed_guide,a983a935-ab5e-4a44-baf7-0a0abd0a7662,en,whitehall,2014-10-16T23:00:00.000Z,2025-04-16T08:17:56.000Z,,,320,"GOV.UK homepage,Housing, local and community,Planning system,Planning and building","Ministry of Housing, Communities and Local Government","Ministry of Housing, Communities and Local Government,Ministry of Housing, Communities & Local Government (2018 to 2021),Department for Levelling Up, Housing and Communities ",2010 to 2015 Conservative and Liberal Democrat coalition government,,,
https://www.gov.uk/guidance/mandatory-information-required-from-leaseholders-and-building-owners,Mandatory information required from leaseholders and current landlords,detailed_guide,9907137f-2f3e-42fb-b087-8219da423eac,en,whitehall,2022-07-20T23:00:00.000Z,2023-08-10T14:47:41.000Z,,,313,"Building regulation,Planning and building,Housing and communities,Freehold and leasehold property,Housing, local and community,GOV.UK homepage","Ministry of Housing, Communities and Local Government","Ministry of Housing, Communities and Local Government,Department for Levelling Up, Housing and Communities ",2019 to 2022 Johnson Conservative government,,,
https://www.gov.uk/guidance/appeals,Appeals,detailed_guide,a6e877c5-4877-45a1-8f70-f6931a551e8a,en,whitehall,2014-03-03T00:00:00.000Z,2024-04-25T08:30:07.000Z,,,311,"GOV.UK homepage,Planning system,Housing, local and community,Planning and building","Ministry of Housing, Communities and Local Government","Ministry of Housing, Communities and Local Government,Ministry of Housing, Communities & Local Government (2018 to 2021),Department for Levelling Up, Housing and Communities ",2010 to 2015 Conservative and Liberal Democrat coalition government,,,
https://www.gov.uk/guidance/definition-of-relevant-building,Definition of ‘relevant building’,detailed_guide,5b013379-1a88-4e05-ac20-f6aac0ccf1f0,en,whitehall,2022-07-20T23:00:00.000Z,2022-07-20T23:00:00.000Z,,,308,"Housing and communities,Freehold and leasehold property,Building regulation,GOV.UK homepage,Housing, local and community,Planning and building","Ministry of Housing, Communities and Local Government","Ministry of Housing, Communities and Local Government,Department for Levelling Up, Housing and Communities ",2019 to 2022 Johnson Conservative government,,,
https://www.gov.uk/guidance/renting-out-your-property-guidance-for-landlords-and-letting-agents/fees-you-can-charge-as-part-of-a-tenancy,Fees you can charge as part of a tenancy,manual_section,19edf865-db10-49b6-a673-854aebb8ea2c,en,manuals-publisher,2025-11-13T22:59:00.000Z,2025-11-13T22:59:00.000Z,,,305,"Changes to private renting,Housing, local and community,Rented housing sector,GOV.UK homepage,Housing and communities","Ministry of Housing, Communities and Local Government","Ministry of Housing, Communities and Local Government",,,,
https://www.gov.uk/guidance/advertisements,Advertisements,detailed_guide,46e689e4-78ca-4f78-9bb3-6380556cfec6,en,whitehall,2014-03-06T00:00:00.000Z,2019-07-22T16:45:00.000Z,,,293,"Planning system,Planning and building,GOV.UK homepage,Housing, local and community","Ministry of Housing, Communities and Local Government","Ministry of Housing, Communities and Local Government,Ministry of Housing, Communities & Local Government (2018 to 2021),Department for Levelling Up, Housing and Communities ",2010 to 2015 Conservative and Liberal Democrat coalition government,,,
https://www.gov.uk/guidance/help-to-buy-equity-loan-administration-fees,Help to Buy administration fees,detailed_guide,c4438f60-6c9c-43b5-8843-494dbaf47f27,en,whitehall,2022-02-22T00:00:00.000Z,2025-06-23T12:49:18.000Z,,,291,"Homebuying,Housing and communities,Housing, local and community,GOV.UK homepage",Homes England,Homes England,2019 to 2022 Johnson Conservative government,,,
https://www.gov.uk/police-check-someone-involved-with-child,Get a police check on someone that has contact with a child,answer,abaada66-0935-42de-a4cc-656c9511d7e3,en,publisher,2011-10-27T11:28:10.000Z,2021-05-04T16:18:25.739Z,,,290,"Housing, local and community,Life circumstances,Crime, justice and law,GOV.UK homepage,Your rights and the law,Housing and communities,Having a child, parenting and adoption,Safety and the environment in your community",Government Digital Service,"Home Office,Ministry of Justice",,,,
https://www.gov.uk/guidance/hm-land-registry-land-charges-fees,HM Land Registry: Land Charges fees,detailed_guide,08e8358d-52de-4388-a974-c18c2bbaaf67,en,whitehall,2016-03-07T00:00:00.000Z,2024-12-09T00:01:01.000Z,,,287,"Land registration searches, fees and forms,Land registration,GOV.UK homepage,Housing, local and community",HM Land Registry,HM Land Registry,2015 to 2016 Cameron Conservative government,,,
https://www.gov.uk/squatting-law/squatters-rights-to-property,Squatting and the law: Squatters' rights to property,guide,dbecf8a0-5e3e-4097-b9f6-fd2f8f484d26,en,publisher,2012-01-19T15:33:10.000Z,2025-01-29T16:24:58.761Z,,,280,"GOV.UK homepage,Housing and communities,Repossessions, emergency housing and evictions,Housing, local and community",Government Digital Service,"Ministry of Housing, Communities and Local Government,HM Land Registry",,,,
https://www.gov.uk/guidance/how-to-remortgage-your-help-to-buy-home-and-borrow-more-money,How to remortgage your Help to Buy home and borrow more money,detailed_guide,0fe6883e-de50-4752-bc42-cc587e721daa,en,whitehall,2021-05-04T23:00:00.000Z,2022-02-04T12:03:03.000Z,,,279,"Housing and communities,Housing, local and community,Homebuying,GOV.UK homepage",Homes England,Homes England,2019 to 2022 Johnson Conservative government,,,
https://www.gov.uk/guidance/permission-in-principle,Permission in principle,detailed_guide,a20e9e49-7f72-46eb-88e6-068ab70f3c46,en,whitehall,2017-07-28T08:30:00.000Z,2019-03-15T15:11:13.000Z,,,278,"Housing, local and community,Planning system,Planning and building,GOV.UK homepage","Ministry of Housing, Communities and Local Government","Ministry of Housing, Communities and Local Government,Ministry of Housing, Communities & Local Government (2018 to 2021),Department for Levelling Up, Housing and Communities ",2016 to 2019 May Conservative government,,,
https://www.gov.uk/guidance/how-to-repay-your-equity-loan-using-your-own-money,How to repay your equity loan using your own money,detailed_guide,ff300378-7724-4d6f-ab43-ef9172fdab9b,en,whitehall,2021-05-04T23:00:00.000Z,2023-11-23T11:59:44.000Z,,,277,"Housing, local and community,Housing and communities,Homebuying,GOV.UK homepage",Homes England,Homes England,2019 to 2022 Johnson Conservative government,,,
https://www.gov.uk/guidance/hm-land-registry-training-hub,HM Land Registry training hub,detailed_guide,2582723e-8885-4772-8c12-0aab1c1eed2c,en,whitehall,2023-03-09T00:00:00.000Z,2026-02-06T09:31:52.000Z,,,271,"GOV.UK homepage,Land registration,Housing, local and community",HM Land Registry,HM Land Registry,2022 to 2024 Sunak Conservative government,,,
https://www.gov.uk/guidance/applying-for-a-completion-certificate,Applying for a completion certificate,detailed_guide,68ff5dc4-5a87-430e-b8e7-ded7affea85d,en,whitehall,2025-03-27T00:00:00.000Z,2025-03-27T00:00:00.000Z,,,269,"Building regulation,Planning and building,GOV.UK homepage,Housing, local and community",Building Safety Regulator,"Building Safety Regulator,Health and Safety Executive",2024 Starmer Labour government,,,
https://www.gov.uk/guidance/determining-a-planning-application,Determining a planning application,detailed_guide,33897995-0008-4103-a5d5-632bab8d4447,en,whitehall,2014-03-06T00:00:00.000Z,2023-12-06T00:05:04.000Z,,,263,"Housing, local and community,Planning and building,Planning system,GOV.UK homepage","Ministry of Housing, Communities and Local Government","Ministry of Housing, Communities and Local Government,Ministry of Housing, Communities & Local Government (2018 to 2021),Department for Levelling Up, Housing and Communities ",2010 to 2015 Conservative and Liberal Democrat coalition government,,,
https://www.gov.uk/guidance/qualifying-date-qualifying-lease-and-extent,"Qualifying date, qualifying lease and extent",detailed_guide,4f8f43f2-8b5f-4a7f-8d19-bb512f052176,en,whitehall,2022-07-20T23:00:00.000Z,2023-11-16T10:04:47.000Z,,,262,"Housing, local and community,Building regulation,GOV.UK homepage,Freehold and leasehold property,Housing and communities,Planning and building","Ministry of Housing, Communities and Local Government","Ministry of Housing, Communities and Local Government,Department for Levelling Up, Housing and Communities ",2019 to 2022 Johnson Conservative government,,,
https://www.gov.uk/guidance/biodiversity-metric-calculate-the-biodiversity-net-gain-of-a-project-or-development,Calculate biodiversity value with the statutory biodiversity metric,detailed_guide,7c802ef0-b587-459a-bc8a-5d548e2ba0a4,en,whitehall,2021-07-06T23:00:00.000Z,2025-06-26T13:16:03.000Z,,,257,"Biodiversity and ecosystems,Wildlife, animals, biodiversity and ecosystems,GOV.UK homepage,Wildlife and habitat conservation,Environment,Housing, local and community,Planning and building","Department for Environment, Food & Rural Affairs","Department for Environment, Food & Rural Affairs",2019 to 2022 Johnson Conservative government,,,
https://www.gov.uk/guidance/housing-and-economic-development-needs-assessments,Housing and economic needs assessment,detailed_guide,55f7236c-a491-430a-b77b-6edea3f9d8db,en,whitehall,2015-03-20T00:00:00.000Z,2025-02-24T12:16:32.000Z,,,251,"Planning system,Housing, local and community,GOV.UK homepage,Planning and building","Ministry of Housing, Communities and Local Government","Ministry of Housing, Communities and Local Government,Ministry of Housing, Communities & Local Government (2018 to 2021),Department for Levelling Up, Housing and Communities ",2010 to 2015 Conservative and Liberal Democrat coalition government,,,
https://www.gov.uk/guidance/conserving-and-enhancing-the-historic-environment,Historic environment,detailed_guide,3217b1f8-2193-422a-b909-8747fc271265,en,whitehall,2014-04-09T23:00:00.000Z,2019-07-23T09:56:43.000Z,,,251,"Housing, local and community,Planning system,Planning and building,GOV.UK homepage","Ministry of Housing, Communities and Local Government","Ministry of Housing, Communities and Local Government,Ministry of Housing, Communities & Local Government (2018 to 2021),Department for Levelling Up, Housing and Communities ",2010 to 2015 Conservative and Liberal Democrat coalition government,,,
https://www.gov.uk/guidance/search-the-biodiversity-gain-sites-register,Search the biodiversity gain sites register,detailed_guide,11d9fafc-d8ab-4397-8f9c-161676072670,en,whitehall,2024-02-12T00:00:00.000Z,2024-03-18T11:43:21.000Z,,,248,"Planning and building,Wildlife, animals, biodiversity and ecosystems,Biodiversity and ecosystems,Housing, local and community,Environment,Wildlife and habitat conservation,GOV.UK homepage","Department for Environment, Food & Rural Affairs","Department for Environment, Food & Rural Affairs",2022 to 2024 Sunak Conservative government,,,
https://www.gov.uk/guidance/heat-networks,Regulations: heat networks (metering and billing),detailed_guide,602d370b-7631-11e4-a3cb-005056011aef,en,whitehall,2014-12-04T00:00:00.000Z,2026-02-11T14:28:02.000Z,,,244,"Planning and building,Energy efficiency in buildings,Business regulation,GOV.UK homepage,Housing, local and community,Business and industry",Department for Energy Security and Net Zero,Department for Energy Security and Net Zero,2010 to 2015 Conservative and Liberal Democrat coalition government,,,
https://www.gov.uk/guidance/renting-out-your-property-guidance-for-landlords-and-letting-agents/rent-payments-and-deposits,Rent payments and deposits,manual_section,6795b7b0-e851-4044-abb9-8c876a37f6f7,en,manuals-publisher,2025-11-13T22:59:00.000Z,2025-11-13T22:59:00.000Z,,,242,"Changes to private renting,Rented housing sector,GOV.UK homepage,Housing, local and community,Housing and communities","Ministry of Housing, Communities and Local Government","Ministry of Housing, Communities and Local Government",,,,
https://www.gov.uk/guidance/updating-the-register-when-a-property-owner-dies,Updating the register when a property owner dies,detailed_guide,382a283b-06a3-4fe0-b113-51324bd696af,en,whitehall,2025-05-08T23:00:00.000Z,2025-05-08T23:00:00.000Z,,,240,"Housing, local and community,Land registration,GOV.UK homepage",HM Land Registry,HM Land Registry,2024 Starmer Labour government,,,
https://www.gov.uk/pest-control-on-your-property,Pest control on your property,answer,e5162883-ec1e-4d05-b45c-ee656c9185a7,en,publisher,2014-09-30T11:42:50.000Z,2015-04-29T13:54:06.000Z,,,239,"Neighbours, noise and pests,Housing, local and community,GOV.UK homepage,Housing and communities",Government Digital Service,"Department for Environment, Food & Rural Affairs,Natural England",,,,
https://www.gov.uk/council-housing-association-evictions,Council and housing association evictions,guide,c3b5e889-a5f7-4574-a71a-4b5d3799b594,en,publisher,2011-11-08T10:42:18.000Z,2015-03-12T09:58:02.000Z,,,237,"Housing, local and community,Repossessions, emergency housing and evictions,Housing and communities,GOV.UK homepage",Government Digital Service,"Ministry of Housing, Communities and Local Government",,,,
https://www.gov.uk/guidance/viability,Viability,detailed_guide,3ac9043b-0a14-4c93-90f6-e32b2a05d410,en,whitehall,2014-03-06T00:00:00.000Z,2025-12-16T15:37:17.000Z,,,235,"Housing, local and community,GOV.UK homepage,Planning system,Planning and building","Ministry of Housing, Communities and Local Government","Ministry of Housing, Communities and Local Government,Department for Levelling Up, Housing and Communities ",2010 to 2015 Conservative and Liberal Democrat coalition government,,,
https://www.gov.uk/guidance/self-build-and-custom-housebuilding,Self-build and custom housebuilding,detailed_guide,e90b2059-88fb-46c1-a7a8-b2cb81482456,en,whitehall,2016-03-31T23:00:00.000Z,2021-02-08T14:25:12.000Z,,,233,"GOV.UK homepage,Housing, local and community,Planning and building,Planning system","Ministry of Housing, Communities and Local Government","Ministry of Housing, Communities and Local Government,Ministry of Housing, Communities & Local Government (2018 to 2021),Department for Levelling Up, Housing and Communities ",2015 to 2016 Cameron Conservative government,,,
https://www.gov.uk/guidance/30-month-local-plan-process-an-overview,30-month local plan process: an overview,detailed_guide,a4b47015-fa24-4c41-a33a-074c31994c79,en,whitehall,2025-11-27T00:00:00.000Z,2025-11-27T00:00:00.000Z,,,230,"Local Plans,Housing, local and community,Planning and building,GOV.UK homepage","Ministry of Housing, Communities and Local Government","Ministry of Housing, Communities and Local Government",2024 Starmer Labour government,,,
https://www.gov.uk/guidance/gateway-1-what-you-need-to-do,Gateway 1: what you need to do,detailed_guide,6f64572b-f081-4ad4-a7cd-8dc870074cff,en,whitehall,2025-11-27T00:00:00.000Z,2026-02-12T16:57:57.000Z,,,228,"Housing, local and community,Planning and building,Local Plans,GOV.UK homepage","Ministry of Housing, Communities and Local Government","Ministry of Housing, Communities and Local Government",2024 Starmer Labour government,,,
https://www.gov.uk/guidance/appeals-average-timescales-for-arranging-inquiries-and-hearings,Appeals: how long they take,detailed_guide,10e46ebb-489a-4fe9-879a-806388b47a15,en,whitehall,2014-01-01T00:00:00.000Z,2026-01-22T09:30:04.000Z,,,227,"Planning system,Planning permission and appeals,Planning and building,Housing, local and community,GOV.UK homepage",Planning Inspectorate,Planning Inspectorate,2010 to 2015 Conservative and Liberal Democrat coalition government,,,
https://www.gov.uk/guidance/1862-act-register,HM Land Registry: 1862 Act Register,detailed_guide,602cf4e3-7631-11e4-a3cb-005056011aef,en,whitehall,2014-11-07T12:25:00.000Z,2014-11-07T12:25:00.000Z,,,227,"Land registration searches, fees and forms,Housing, local and community,Housing and communities,Land Registration Data ,GOV.UK homepage,Land registration",HM Land Registry,HM Land Registry,2010 to 2015 Conservative and Liberal Democrat coalition government,,,
https://www.gov.uk/guidance/preparing-information-for-a-building-control-approval-application,Preparing information for a building control approval application,detailed_guide,562b19ab-8b39-4c2a-a274-5da1d032ae50,en,whitehall,2025-03-27T00:00:00.000Z,2025-12-18T16:21:52.000Z,,,226,"Planning and building,Housing, local and community,Building regulation,GOV.UK homepage",Building Safety Regulator,"Building Safety Regulator,Health and Safety Executive",2024 Starmer Labour government,,,
https://www.gov.uk/guidance/rentcharges,Rentcharges,detailed_guide,5c7879e2-7631-11e4-a3cb-005056011aef,en,whitehall,2012-11-15T00:00:00.000Z,2025-04-04T14:48:07.000Z,,,220,"Freehold and leasehold property,GOV.UK homepage,Housing, local and community,Housing and communities","Ministry of Housing, Communities and Local Government","Ministry of Housing, Communities and Local Government,Ministry of Housing, Communities & Local Government (2018 to 2021),Department for Levelling Up, Housing and Communities ",2010 to 2015 Conservative and Liberal Democrat coalition government,,,
https://www.gov.uk/right-to-manage-a-guide-for-landlords,Right to Manage: a guide for landlords,guide,b4f916b2-5fe3-432a-8d97-fcf3f744382e,en,publisher,2012-10-03T12:51:50.000Z,2025-01-23T17:01:42.947Z,,,219,"GOV.UK homepage,Housing and communities,Being a landlord and renting out a room,Housing, local and community",Government Digital Service,"Ministry of Housing, Communities and Local Government",,,,
https://www.gov.uk/guidance/flexible-options-for-planning-permissions,Flexible options for planning permissions,detailed_guide,624d787f-b416-4ad2-b88a-b0797ec4caa9,en,whitehall,2014-03-06T00:00:00.000Z,2023-07-26T09:23:24.000Z,,,214,"Planning and building,GOV.UK homepage,Housing, local and community,Planning system","Ministry of Housing, Communities and Local Government","Ministry of Housing, Communities and Local Government,Ministry of Housing, Communities & Local Government (2018 to 2021),Department for Levelling Up, Housing and Communities ",2010 to 2015 Conservative and Liberal Democrat coalition government,,,
https://www.gov.uk/guidance/home-ownership-for-people-with-a-long-term-disability-hold,Home Ownership for people with a long-term disability (HOLD),detailed_guide,a3985b4b-5fa0-4ee4-bd42-d1367eea8031,en,whitehall,2025-12-03T09:00:03.000Z,2025-12-03T09:00:03.000Z,,,212,"Housing and communities,Housing for older and vulnerable people,Housing, local and community,Owning and renting a property,GOV.UK homepage,Homebuying",Homes England,Homes England,2024 Starmer Labour government,,,
https://www.gov.uk/guidance/protected-species-how-to-review-planning-applications,Protected species and development: advice for local planning authorities,detailed_guide,01b6b509-7f5b-41d3-8396-71be6ac599bf,en,whitehall,2014-10-05T23:00:00.000Z,2025-04-07T09:00:01.000Z,,,212,"Planning and building,Wildlife, animals, biodiversity and ecosystems,Land species,Protected sites and species,GOV.UK homepage,Environment,Housing, local and community",Natural England,"Natural England,Department for Environment, Food & Rural Affairs",2010 to 2015 Conservative and Liberal Democrat coalition government,,,
https://www.gov.uk/planning-permissions-for-farms/permitted-development,Planning permission for farms: Permitted development,guide,082408cf-4851-494e-950b-81a306c1f4d8,en,publisher,2012-10-16T21:22:49.000Z,2018-02-12T10:53:40.510Z,,,206,"Environment,Planning permission and appeals,Food and farming,Planning and building,Food and farming industry,Housing, local and community,GOV.UK homepage",Government Digital Service,"Department for Environment, Food & Rural Affairs,Ministry of Housing, Communities and Local Government",,,,
https://www.gov.uk/guidance/older-persons-shared-ownership-opso,Older Persons Shared Ownership (OPSO),detailed_guide,b6f5eeee-d734-494b-9297-c4d6040563ed,en,whitehall,2025-12-03T09:00:03.000Z,2025-12-03T09:00:03.000Z,,,205,"Housing and communities,Housing, local and community,Homebuying,Housing for older and vulnerable people,Owning and renting a property,GOV.UK homepage",Homes England,Homes England,2024 Starmer Labour government,,,
https://www.gov.uk/guidance/gas-meter-readings-and-bill-calculation,Gas meter readings and bill calculation,detailed_guide,5f61eb61-7631-11e4-a3cb-005056011aef,en,whitehall,2014-06-09T23:00:00.000Z,2014-06-09T23:00:00.000Z,,,202,"Consumer rights and issues,Climate change and energy,GOV.UK homepage,Environment,Business and industry,Housing, local and community,Business regulation,Household energy",Office for Product Safety and Standards,Office for Product Safety and Standards,2010 to 2015 Conservative and Liberal Democrat coalition government,,,
https://www.gov.uk/guidance/plan-making,Plan-making,detailed_guide,4304333e-c0f5-44cd-b4d5-055da004e5a6,en,whitehall,2018-09-12T23:00:00.000Z,2025-11-27T12:45:59.000Z,,,202,"Planning system,Housing, local and community,Planning and building,GOV.UK homepage","Ministry of Housing, Communities and Local Government","Ministry of Housing, Communities and Local Government,Ministry of Housing, Communities & Local Government (2018 to 2021),Department for Levelling Up, Housing and Communities ",2016 to 2019 May Conservative government,,,
https://www.gov.uk/pay-challenge-fine-environmental-offence,Pay or challenge a fixed penalty notice for an environmental offence,answer,a995428e-d50b-41e8-a0ef-75f996989fc0,en,publisher,2015-05-11T15:13:38.000Z,2025-01-22T12:38:57.363Z,,,196,"GOV.UK homepage,Local government,Housing, local and community,Regional and local government,Housing and communities,Recycling, rubbish, streets and roads",Government Digital Service,"Department for Environment, Food & Rural Affairs",,,,
https://www.gov.uk/appeal-householder-planning-decision,Appeal a householder planning decision,guide,3cd1e737-6faf-41d9-9427-38503b5f861d,en,publisher,2015-09-08T13:56:03.000Z,2015-09-21T11:15:16.000Z,,,190,"Planning permission and appeals,Housing, local and community,Regional and local government,Housing and communities,Local councils and services,GOV.UK homepage,Planning and building",Government Digital Service,Planning Inspectorate,,,,
https://www.gov.uk/guidance/making-changes-to-the-register,Making changes to the register,detailed_guide,82f7c09b-ff83-44a6-b830-f4f060bc3038,en,whitehall,2025-03-14T00:00:00.000Z,2025-03-14T00:00:00.000Z,,,186,"Housing, local and community,Land registration,GOV.UK homepage",HM Land Registry,HM Land Registry,2024 Starmer Labour government,,,
https://www.gov.uk/guidance/construction-products-regulation-in-great-britain,Construction Products Regulation in Great Britain,detailed_guide,0cfd781f-1f00-40c3-8d4f-ca70e771e5d0,en,whitehall,2020-08-31T23:00:00.000Z,2025-05-21T16:30:00.000Z,,,185,"GOV.UK homepage,Brexit,Housing, local and community,Government,Planning and building,Building regulation","Ministry of Housing, Communities and Local Government","Ministry of Housing, Communities and Local Government,Ministry of Housing, Communities & Local Government (2018 to 2021),Department for Levelling Up, Housing and Communities ",2019 to 2022 Johnson Conservative government,,,
https://www.gov.uk/guidance/guidance-for-members-of-the-public,Guidance for members of the public,detailed_guide,686e41e8-b7a5-49a1-a4e9-7d899f130806,en,whitehall,2025-03-14T00:00:00.000Z,2026-02-06T16:38:07.000Z,,,182,"Land registration,Housing, local and community,GOV.UK homepage",HM Land Registry,HM Land Registry,2024 Starmer Labour government,,,
https://www.gov.uk/guidance/neighbourhood-planning--2,Neighbourhood planning,detailed_guide,10479c0e-0418-4d6c-84df-2c315b064c62,en,whitehall,2014-03-06T00:00:00.000Z,2020-09-25T14:32:16.000Z,,,175,"Planning and building,Housing, local and community,Planning system,GOV.UK homepage","Ministry of Housing, Communities and Local Government","Ministry of Housing, Communities and Local Government,Ministry of Housing, Communities & Local Government (2018 to 2021),Department for Levelling Up, Housing and Communities ",2010 to 2015 Conservative and Liberal Democrat coalition government,,,
https://www.gov.uk/guidance/applying-to-register-a-high-rise-residential-building,Applying to register a high-rise residential building,detailed_guide,55f83782-97fe-4139-9f2d-34c912a87363,en,whitehall,2023-04-11T23:00:00.000Z,2025-03-25T07:54:09.000Z,,,173,"Housing, local and community,Planning system,GOV.UK homepage,Planning and building,Building regulation",Building Safety Regulator,"Building Safety Regulator,Health and Safety Executive",2022 to 2024 Sunak Conservative government,,,
https://www.gov.uk/low-flying-in-your-area/find-out-about-low-flying-in-your-area,Low flying military aircraft: Find out about low flying in your area,guide,73347706-c50b-47f4-bce0-f7224dbec1af,en,publisher,2012-12-12T16:53:00.000Z,2025-01-31T10:24:31.060Z,,,172,"GOV.UK homepage,Neighbours, noise and pests,Housing, local and community,Housing and communities",Government Digital Service,"Military Aviation Authority,Ministry of Defence",,,,
https://www.gov.uk/guidance/first-homes,First Homes,detailed_guide,ee8f7ec1-a579-421e-a711-6f133ea53457,en,whitehall,2021-05-24T16:23:00.000Z,2021-12-23T11:50:16.000Z,,,169,"Planning and building,GOV.UK homepage,Housing, local and community,Planning system","Ministry of Housing, Communities and Local Government","Ministry of Housing, Communities and Local Government,Ministry of Housing, Communities & Local Government (2018 to 2021),Department for Levelling Up, Housing and Communities ",2019 to 2022 Johnson Conservative government,,,
https://www.gov.uk/nominate-community-payback-project,Nominate a Community Payback project,answer,d14a0a9e-e103-4958-8042-984d77b8bf20,en,publisher,2012-01-06T09:05:27.000Z,2019-06-12T12:54:20.608Z,,,162,"Reporting crimes and getting compensation,GOV.UK homepage,Housing, local and community,Safety and the environment in your community,Crime, justice and law,Housing and communities",Government Digital Service,"HM Prison and Probation Service,Ministry of Justice",,,,
https://www.gov.uk/guidance/how-to-remortgage-your-help-to-buy-home-without-borrowing-more-money,How to remortgage your Help to Buy home without borrowing more money,detailed_guide,0ca884b9-5ba0-40df-bf16-8498cf7f3b0e,en,whitehall,2021-05-04T23:00:00.000Z,2022-02-04T12:04:53.000Z,,,161,"Housing and communities,GOV.UK homepage,Homebuying,Housing, local and community",Homes England,Homes England,2019 to 2022 Johnson Conservative government,,,
https://www.gov.uk/guidance/hm-land-registry-portal-request-historical-copies,HM Land Registry portal: request historical copies,detailed_guide,9bed451a-4921-4c84-9a62-8f09531b6033,en,whitehall,2017-09-10T23:00:00.000Z,2019-07-20T23:15:07.000Z,,,161,"Housing, local and community,Housing and communities,GOV.UK homepage,Business and industry",HM Land Registry,HM Land Registry,2016 to 2019 May Conservative government,,,
https://www.gov.uk/guidance/flood-risk-assessment-local-planning-authorities,National flood risk standing advice for local planning authorities,detailed_guide,0f7e1b99-756a-4d56-b63a-87888b344669,en,whitehall,2015-04-14T23:00:00.000Z,2025-10-22T13:56:08.000Z,,,153,"River maintenance, flooding and coastal erosion,Housing, local and community,Environment,GOV.UK homepage,Planning and building",Environment Agency,Environment Agency,2010 to 2015 Conservative and Liberal Democrat coalition government,,,
https://www.gov.uk/guidance/natural-environment,Natural environment,detailed_guide,e7d9b1d0-ade6-454c-bae7-1feeb35e5df4,en,whitehall,2016-01-21T00:00:00.000Z,2025-06-09T17:00:00.000Z,,,152,"Housing, local and community,Planning system,Planning and building,GOV.UK homepage","Ministry of Housing, Communities and Local Government","Ministry of Housing, Communities and Local Government,Ministry of Housing, Communities & Local Government (2018 to 2021),Department for Levelling Up, Housing and Communities ",2015 to 2016 Cameron Conservative government,,,
https://www.gov.uk/guidance/how-to-change-ownership-of-your-help-to-buy-home,How to change ownership of your Help to Buy home,detailed_guide,743e60e1-13f6-456c-a24d-d632dd6218e8,en,whitehall,2021-05-04T23:00:00.000Z,2022-02-04T11:19:43.000Z,,,152,"GOV.UK homepage,Housing, local and community,Homebuying,Housing and communities",Homes England,Homes England,2019 to 2022 Johnson Conservative government,,,
https://www.gov.uk/guidance/preparing-a-safety-case-report,Preparing a safety case report,detailed_guide,52016210-ee01-4d93-87db-c92d402da57b,en,whitehall,2023-09-18T23:00:00.000Z,2024-12-06T09:00:00.000Z,,,151,"Planning and building,Building regulation,Housing design and sustainability,GOV.UK homepage,Housing, local and community,Planning reform",Building Safety Regulator,"Building Safety Regulator,Health and Safety Executive",2022 to 2024 Sunak Conservative government,,,
https://www.gov.uk/park-mobile-homes,Park (mobile) homes,guide,f6fadd45-2d7e-44d4-847e-fcaa76d2e923,en,publisher,2011-11-08T09:52:03.000Z,2025-01-30T13:52:59.772Z,,,150,"Housing, local and community,Being a landlord and renting out a room,Housing and communities,Owning and renting a property,GOV.UK homepage",Government Digital Service,"Ministry of Housing, Communities and Local Government",,,,
https://www.gov.uk/guidance/how-we-approach-regulatory-judgements-and-gradings,How we approach regulatory judgements and gradings,detailed_guide,387de9c5-7939-4fed-8157-5daf6327efc3,en,whitehall,2024-02-29T00:00:00.000Z,2026-02-10T09:30:01.000Z,,,149,"Council housing and housing association,Housing and communities,Housing for older and vulnerable people,Housing, local and community,Housing regulation,Rented housing sector,GOV.UK homepage",Regulator of Social Housing,Regulator of Social Housing,2022 to 2024 Sunak Conservative government,,,
https://www.gov.uk/guidance/land-registry-portal-request-a-search-of-the-index-map,HM Land Registry portal: request a search of the index map,detailed_guide,3026f5d0-3edc-4d2b-9e41-a48a4124bc6b,en,whitehall,2011-01-01T00:00:00.000Z,2025-05-27T10:55:08.000Z,,,148,"Housing, local and community,Housing and communities,GOV.UK homepage,Business and industry",HM Land Registry,HM Land Registry,2010 to 2015 Conservative and Liberal Democrat coalition government,,,
https://www.gov.uk/guidance/remediation-costs-what-leaseholders-do-and-do-not-have-to-pay,Remediation costs: what leaseholders do and do not have to pay,detailed_guide,127debd1-91c1-4e7a-923b-3da4bc9240e2,en,whitehall,2022-07-20T23:00:00.000Z,2024-07-24T08:30:03.000Z,,,147,"Freehold and leasehold property,Housing and communities,Building regulation,Planning and building,Housing, local and community,GOV.UK homepage","Ministry of Housing, Communities and Local Government","Ministry of Housing, Communities and Local Government,Department for Levelling Up, Housing and Communities ",2019 to 2022 Johnson Conservative government,,,
https://www.gov.uk/guidance/local-plans,Local plans: the examination process,detailed_guide,21113166-36ff-4e29-acc1-9b3c3c9c9034,en,whitehall,2012-01-01T00:00:00.000Z,2026-02-12T15:41:07.000Z,,,147,"Housing, local and community,Local Plans,Planning system,Planning and building,GOV.UK homepage",Planning Inspectorate,Planning Inspectorate,2010 to 2015 Conservative and Liberal Democrat coalition government,,,
https://www.gov.uk/guidance/keeping-information-about-a-higher-risk-building-the-golden-thread,Keeping information about a higher-risk building: the golden thread,detailed_guide,f1f0aa3a-7d3b-451c-bcd1-f1e0fb6bc17f,en,whitehall,2024-02-29T00:00:00.000Z,2024-09-18T16:05:14.000Z,,,147,"Housing, local and community,Building regulation,Planning and building,GOV.UK homepage",Building Safety Regulator,"Building Safety Regulator,Health and Safety Executive",2022 to 2024 Sunak Conservative government,,,
https://www.gov.uk/guidance/completing-form-id3,Completing form ID3,detailed_guide,91a246d2-e094-4d6c-9b1d-18ba1fad27c0,en,whitehall,2022-12-08T00:00:00.000Z,2024-02-05T06:00:02.000Z,,,145,"Housing, local and community,Land registration searches, fees and forms,GOV.UK homepage,Land registration",HM Land Registry,HM Land Registry,2022 to 2024 Sunak Conservative government,,,
https://www.gov.uk/guidance/renting-out-your-property-guidance-for-landlords-and-letting-agents/if-your-tenant-wants-to-leave,If your tenant wants to leave ,manual_section,075d6341-75d8-4a89-b1be-182733c8cfd3,en,manuals-publisher,2025-11-13T22:59:00.000Z,2025-11-13T22:59:00.000Z,,,145,"Housing, local and community,Housing and communities,Rented housing sector,GOV.UK homepage,Changes to private renting","Ministry of Housing, Communities and Local Government","Ministry of Housing, Communities and Local Government",,,,
https://www.gov.uk/guidance/creating-a-habitat-management-and-monitoring-plan-for-biodiversity-net-gain,Creating a habitat management and monitoring plan for BNG,detailed_guide,ef6da96d-5e50-45f6-abd0-6f21b28afb9f,en,whitehall,2023-11-29T00:00:00.000Z,2024-04-02T08:54:38.000Z,,,143,"Wildlife, animals, biodiversity and ecosystems,Wildlife and habitat conservation,Biodiversity and ecosystems,GOV.UK homepage,Planning and building,Environment,Housing, local and community","Department for Environment, Food & Rural Affairs","Department for Environment, Food & Rural Affairs,Natural England",2022 to 2024 Sunak Conservative government,,,
https://www.gov.uk/guidance/building-safety-leaseholder-protections-guidance-for-leaseholders,Building safety leaseholder protections: guidance for leaseholders,detailed_guide,f5037ff3-76dc-4c73-9ff8-68e5ce592b84,en,whitehall,2022-07-20T23:00:00.000Z,2024-07-24T08:30:04.000Z,,,142,"GOV.UK homepage,Planning and building,Housing and communities,Freehold and leasehold property,Building regulation,Housing, local and community","Ministry of Housing, Communities and Local Government","Ministry of Housing, Communities and Local Government,Department for Levelling Up, Housing and Communities ",2019 to 2022 Johnson Conservative government,,,
https://www.gov.uk/guidance/safety-in-high-rise-residential-buildings-accountable-persons,Safety in high-rise residential buildings: accountable persons ,detailed_guide,8e4fdb7d-899e-4442-9fbe-8dda1eb94cdc,en,whitehall,2023-04-04T23:00:00.000Z,2024-09-18T16:03:02.000Z,,,141,"Building regulation,Planning reform,Housing design and sustainability,Planning and building,Housing, local and community,GOV.UK homepage",Building Safety Regulator,"Building Safety Regulator,Health and Safety Executive",2022 to 2024 Sunak Conservative government,,,
https://www.gov.uk/guidance/find-a-heat-pump-installer,Find a heat pump installer,detailed_guide,3a8d0b22-1026-4a48-9a45-cbf6196ab9fd,en,whitehall,2022-07-05T08:36:00.000Z,2022-07-05T08:36:00.000Z,,,139,"Climate change and energy,Energy efficiency,Housing, local and community,Environment,GOV.UK homepage,Household energy",Department for Energy Security and Net Zero,"Department for Energy Security and Net Zero,Department for Business, Energy & Industrial Strategy",2019 to 2022 Johnson Conservative government,,,
https://www.gov.uk/guidance/find-a-registered-building-control-approver-in-england,Find a registered building control approver in England,detailed_guide,9c36bc90-5688-4d97-82ff-39b6f047080e,en,whitehall,2024-05-09T08:17:10.000Z,2024-05-09T08:17:10.000Z,,,138,"Housing design and sustainability,Housing, local and community,GOV.UK homepage,Planning and building,Building regulation,Planning reform",Building Safety Regulator,"Building Safety Regulator,Health and Safety Executive",2022 to 2024 Sunak Conservative government,,,
https://www.gov.uk/guidance/coal-mining-records-data-deeds-and-documents,"Coal mining records, data, deeds and documents",detailed_guide,5ff1a86a-7631-11e4-a3cb-005056011aef,en,whitehall,2014-10-08T23:00:00.000Z,2025-07-01T08:00:00.000Z,,,135,"Environment,GOV.UK homepage,Planning and building,Oil, gas and coal,Housing, local and community,Coal,Energy infrastructure,Mining reports and data",Coal Authority,"Coal Authority,Mining Remediation Authority",2010 to 2015 Conservative and Liberal Democrat coalition government,,,
https://www.gov.uk/guidance/sahp-2026-to-2036-bid-for-funding-as-a-strategic-partnership,SAHP 2026 to 2036: Bid for funding as a Strategic Partnership,detailed_guide,e32c9f09-b412-40e4-b26d-dc1347e99eee,en,whitehall,2026-01-16T00:00:00.000Z,2026-01-16T00:00:00.000Z,,,134,"Housing funding programmes,GOV.UK homepage,Housing and communities,Housing, local and community",Homes England,Homes England,2024 Starmer Labour government,,,
https://www.gov.uk/guidance/housing-and-economic-land-availability-assessment,Housing and economic land availability assessment,detailed_guide,80b5c8dd-e677-40f8-9c28-4139b6a869d8,en,whitehall,2014-03-06T00:00:00.000Z,2025-11-27T12:46:15.000Z,,,133,"Planning and building,Housing, local and community,GOV.UK homepage,Planning system","Ministry of Housing, Communities and Local Government","Ministry of Housing, Communities and Local Government,Ministry of Housing, Communities & Local Government (2018 to 2021),Department for Levelling Up, Housing and Communities ",2010 to 2015 Conservative and Liberal Democrat coalition government,,,
https://www.gov.uk/guidance/before-submitting-an-application,Before submitting an application,detailed_guide,d39dfa33-26a1-4c5c-a341-9993b4563a58,en,whitehall,2014-03-06T00:00:00.000Z,2019-03-15T15:24:05.000Z,,,130,"GOV.UK homepage,Housing, local and community,Planning and building,Planning system","Ministry of Housing, Communities and Local Government","Ministry of Housing, Communities and Local Government,Ministry of Housing, Communities & Local Government (2018 to 2021),Department for Levelling Up, Housing and Communities ",2010 to 2015 Conservative and Liberal Democrat coalition government,,,
https://www.gov.uk/guidance/statutory-biodiversity-credit-prices,Statutory biodiversity credit prices,detailed_guide,4d76665e-800f-4441-b81a-430aa1474d88,en,whitehall,2023-07-26T23:00:00.000Z,2025-06-19T08:37:53.000Z,,,129,"Environment,GOV.UK homepage,Housing, local and community,Wildlife, animals, biodiversity and ecosystems,Planning and building,Wildlife and habitat conservation,Biodiversity and ecosystems","Department for Environment, Food & Rural Affairs","Department for Environment, Food & Rural Affairs",2022 to 2024 Sunak Conservative government,,,
https://www.gov.uk/guidance/housing-supply-and-delivery,Housing supply and delivery,detailed_guide,02e61731-0960-4e33-9795-5c7f652b53ac,en,whitehall,2019-07-21T23:00:00.000Z,2024-12-12T11:55:45.000Z,,,128,"Housing, local and community,GOV.UK homepage,Planning system,Planning and building","Ministry of Housing, Communities and Local Government","Ministry of Housing, Communities and Local Government,Ministry of Housing, Communities & Local Government (2018 to 2021),Department for Levelling Up, Housing and Communities ",2016 to 2019 May Conservative government,,,
https://www.gov.uk/repossession,Home repossession,guide,65a6c819-914b-4db3-8e8a-4ea22e74cf23,en,publisher,2011-11-09T09:19:18.000Z,2015-03-17T12:17:58.000Z,,,125,"GOV.UK homepage,Housing, local and community,Housing and communities,Repossessions, emergency housing and evictions",Government Digital Service,"Ministry of Housing, Communities and Local Government,HM Courts & Tribunals Service",,,,
https://www.gov.uk/guidance/renting-out-your-property-guidance-for-landlords-and-letting-agents/evicting-tenants-overview,Evicting tenants overview,manual_section,18003a8e-aab6-4d15-bb28-8cc72cd29bf1,en,manuals-publisher,2025-11-13T22:59:00.000Z,2025-11-13T22:59:00.000Z,,,125,"Changes to private renting,Housing and communities,GOV.UK homepage,Housing, local and community,Rented housing sector","Ministry of Housing, Communities and Local Government","Ministry of Housing, Communities and Local Government",,,,
https://www.gov.uk/guidance/inspire-index-polygons-spatial-data,INSPIRE Index Polygons spatial data,detailed_guide,5f5dc2c1-7631-11e4-a3cb-005056011aef,en,whitehall,2014-08-14T13:09:00.000Z,2020-07-03T13:34:54.000Z,,,123,"Housing, local and community,GOV.UK homepage,Land Registration Data ,Land registration",HM Land Registry,HM Land Registry,2010 to 2015 Conservative and Liberal Democrat coalition government,,,
https://www.gov.uk/guidance/affordable-homes-programme-2021-to-2026,Affordable Homes Programme (AHP) 2021 to 2026,detailed_guide,42396c9d-005b-402d-9af5-1a8a374109c1,en,whitehall,2025-11-07T00:00:00.000Z,2026-02-17T10:56:39.000Z,,,123,"GOV.UK homepage,Housing and communities,Housing, local and community",Homes England,Homes England,2024 Starmer Labour government,,,
https://www.gov.uk/guidance/renting-out-your-property-guidance-for-landlords-and-letting-agents/rental-discrimination-a-guide-for-landlords,Rental discrimination: a guide for landlords,manual_section,776c2055-2fee-44dd-a44a-7ccfed9edd12,en,manuals-publisher,2025-11-13T22:59:00.000Z,2025-11-13T22:59:00.000Z,,,121,"GOV.UK homepage,Housing, local and community,Rented housing sector,Changes to private renting,Housing and communities","Ministry of Housing, Communities and Local Government","Ministry of Housing, Communities and Local Government",,,,
https://www.gov.uk/check-drinking-water-quality,Check the quality of your drinking water,answer,c0c43517-bac8-4a1b-b642-e1744b5f1532,en,publisher,2011-11-17T11:13:17.000Z,2021-03-19T16:42:47.703Z,,,120,"Housing and communities,Safety and the environment in your community,Water quality,Water management,GOV.UK homepage,Housing, local and community,Environment",Government Digital Service,"Department for Environment, Food & Rural Affairs,Environment Agency",,,,
https://www.gov.uk/guidance/making-changes-to-a-higher-risk-building-project,Making changes to a higher-risk building project,detailed_guide,8fc0d7a8-eb3c-4e46-8873-39c1aaa8e30a,en,whitehall,2025-03-27T00:00:00.000Z,2025-03-27T00:00:00.000Z,,,118,"Planning and building,GOV.UK homepage,Housing, local and community,Building regulation",Building Safety Regulator,"Building Safety Regulator,Health and Safety Executive",2024 Starmer Labour government,,,
https://www.gov.uk/guidance/submitting-mandatory-occurrence-notices-and-reports,Submitting mandatory occurrence notices and reports,detailed_guide,58f976fc-dc5d-45fa-b366-7caed7eab27f,en,whitehall,2024-01-31T00:00:00.000Z,2025-09-04T08:15:16.000Z,,,117,"Housing, local and community,Planning and building,Building regulation,GOV.UK homepage",Building Safety Regulator,"Building Safety Regulator,Health and Safety Executive",2022 to 2024 Sunak Conservative government,,,
https://www.gov.uk/guidance/things-you-need-to-consider-before-hosting-or-sponsoring-homes-for-ukraine,Things you need to consider before hosting or sponsoring: Homes for Ukraine,detailed_guide,b1e8fed9-904b-45f7-b121-d895e2663230,en,whitehall,2023-01-16T11:56:45.000Z,2023-01-16T11:56:45.000Z,,,117,"Society and culture,Housing, local and community,GOV.UK homepage,Housing and communities,Community and society","Ministry of Housing, Communities and Local Government","Ministry of Housing, Communities and Local Government,Department for Levelling Up, Housing and Communities ",2022 to 2024 Sunak Conservative government,,,
https://www.gov.uk/guidance/renting-out-your-property-guidance-for-landlords-and-letting-agents/if-someone-who-receives-benefits-wants-to-rent-your-property,If someone who receives benefits wants to rent your property  ,manual_section,86c59a59-dc8a-4b26-a477-82d4b2fbd9ec,en,manuals-publisher,2025-11-13T22:59:00.000Z,2025-11-13T22:59:00.000Z,,,116,"Housing and communities,GOV.UK homepage,Housing, local and community,Rented housing sector,Changes to private renting","Ministry of Housing, Communities and Local Government","Ministry of Housing, Communities and Local Government",,,,
https://www.gov.uk/guidance/how-to-sublet-your-help-to-buy-home,How to sublet your Help to Buy home,detailed_guide,6e3d60e4-53e1-4771-9044-8d80025364ce,en,whitehall,2021-05-04T23:00:00.000Z,2023-09-28T15:55:47.000Z,,,115,"Housing and communities,Housing, local and community,GOV.UK homepage,Homebuying",Homes England,Homes England,2019 to 2022 Johnson Conservative government,,,
https://www.gov.uk/guidance/how-to-make-a-complaint-to-hm-land-registry,How to make a complaint to HM Land Registry,detailed_guide,1a714774-dedb-41f0-b006-76ecead0bf13,en,whitehall,2025-04-21T23:00:00.000Z,2025-04-21T23:00:00.000Z,,,115,"Housing, local and community,GOV.UK homepage,Land registration",HM Land Registry,HM Land Registry,2024 Starmer Labour government,,,
https://www.gov.uk/guidance/giving-notice-of-your-plan-making,Giving notice of your plan-making,detailed_guide,b16b5f56-78b0-43d7-b7e7-c7c18ed07501,en,whitehall,2025-11-27T00:00:00.000Z,2026-02-12T16:58:45.000Z,,,114,"GOV.UK homepage,Local Plans,Planning and building,Housing, local and community","Ministry of Housing, Communities and Local Government","Ministry of Housing, Communities and Local Government",2024 Starmer Labour government,,,
https://www.gov.uk/guidance/renting-out-your-property-guidance-for-landlords-and-letting-agents/dealing-with-antisocial-behaviour,Dealing with antisocial behaviour  ,manual_section,174a8d36-e439-4bac-95b7-1ccb7c94dcd3,en,manuals-publisher,2025-11-13T22:59:00.000Z,2025-11-13T22:59:00.000Z,,,114,"Rented housing sector,Housing and communities,Housing, local and community,Changes to private renting,GOV.UK homepage","Ministry of Housing, Communities and Local Government","Ministry of Housing, Communities and Local Government",,,,
https://www.gov.uk/guidance/register-a-biodiversity-gain-site,Register a biodiversity gain site,detailed_guide,5bed55e6-09b1-4de6-b49d-151e3418e928,en,whitehall,2024-02-12T00:00:00.000Z,2025-06-26T15:30:04.000Z,,,112,"Wildlife and habitat conservation,Wildlife, animals, biodiversity and ecosystems,Planning and building,GOV.UK homepage,Environment,Housing, local and community,Biodiversity and ecosystems","Department for Environment, Food & Rural Affairs","Department for Environment, Food & Rural Affairs,Natural England",2022 to 2024 Sunak Conservative government,,,
https://www.gov.uk/mortgage-rescue-scheme,Mortgage Rescue Scheme,answer,3613e6ff-ef8b-4ab1-bf5c-ef9b875962d2,en,publisher,2011-12-16T16:20:25.000Z,2015-03-24T13:17:08.000Z,,,112,"Owning and renting a property,GOV.UK homepage,Repossessions, emergency housing and evictions,Housing, local and community,Housing and communities",Government Digital Service,"Ministry of Housing, Communities and Local Government",,,,
https://www.gov.uk/guidance/statutory-biodiversity-credits,Statutory biodiversity credits,detailed_guide,a0e47ce9-f8a6-4ee3-945c-66076f82ecb6,en,whitehall,2023-11-29T00:00:00.000Z,2024-02-12T12:31:12.000Z,,,110,"Environment,Wildlife, animals, biodiversity and ecosystems,Biodiversity and ecosystems,Planning and building,Housing, local and community,Wildlife and habitat conservation,GOV.UK homepage","Department for Environment, Food & Rural Affairs","Department for Environment, Food & Rural Affairs",2022 to 2024 Sunak Conservative government,,,
https://www.gov.uk/guidance/criteria-for-determining-whether-a-new-building-that-is-being-designed-and-constructed-is-a-higher-risk-building,"Criteria for determining whether a new building that is being designed and constructed is a ""higher-risk building""",detailed_guide,b1bdf565-f4cf-43ab-8a42-3a50652775f2,en,whitehall,2023-10-18T23:00:00.000Z,2025-05-28T15:34:09.000Z,,,108,"GOV.UK homepage,Planning and building,Building regulation,Housing, local and community","Ministry of Housing, Communities and Local Government","Ministry of Housing, Communities and Local Government,Department for Levelling Up, Housing and Communities ",2022 to 2024 Sunak Conservative government,,,
https://www.gov.uk/guidance/council-tax-band-changes,Council Tax band changes,detailed_guide,c9ea658f-f96a-465c-ac56-965f1eeaaf6e,en,whitehall,2016-01-22T10:09:00.000Z,2020-01-28T12:10:39.000Z,,,108,"Planning and building,Money,GOV.UK homepage,Regional and local government,Housing, local and community,Housing and communities,Local government",Valuation Office Agency,Valuation Office Agency,2015 to 2016 Cameron Conservative government,,,
https://www.gov.uk/appeal-enforcement-notice,Appeal an enforcement notice,guide,ec853178-cf6a-46c2-8ac3-64193658b1f2,en,publisher,2015-09-08T13:56:17.000Z,2015-09-21T11:09:25.000Z,,,108,"GOV.UK homepage,Housing and communities,Planning and building,Housing, local and community,Local councils and services,Planning permission and appeals,Regional and local government",Government Digital Service,Planning Inspectorate,,,,
https://www.gov.uk/guidance/paying-interest-on-your-help-to-buy-equity-loan,Paying interest on your Help to Buy: Equity Loan,detailed_guide,293e7f75-7658-4688-9db4-b1578239b5de,en,whitehall,2024-07-17T23:00:00.000Z,2024-07-17T23:00:00.000Z,,,108,"Housing, local and community,Housing and communities,GOV.UK homepage,Homebuying",Homes England,Homes England,2024 Starmer Labour government,,,
https://www.gov.uk/guidance/control-and-monitor-emissions-for-your-environmental-permit,Control and monitor emissions for your environmental permit,detailed_guide,6234044c-5819-4764-a1a9-c9007de0d210,en,whitehall,2016-02-01T00:00:00.000Z,2025-12-03T16:04:19.000Z,,,106,"Rural development and land management,Rural and countryside,Environment,Neighbours, noise and pests,Environmental permits,Waste and recycling,Pollution,Emissions and emissions trading,Business and industry,Housing, local and community,GOV.UK homepage,Business and the environment,Pollution and environmental quality,Housing and communities,Climate change and energy",Environment Agency,"Environment Agency,Department for Environment, Food & Rural Affairs",2015 to 2016 Cameron Conservative government,,,
https://www.gov.uk/guidance/housing-for-older-and-disabled-people,Housing for older and disabled people,detailed_guide,f8adc4ab-46b2-48e1-a5a9-44011411aab9,en,whitehall,2019-06-26T10:43:00.000Z,2019-06-26T10:43:00.000Z,,,106,"Housing, local and community,Planning system,GOV.UK homepage,Planning and building","Ministry of Housing, Communities and Local Government","Ministry of Housing, Communities and Local Government,Ministry of Housing, Communities & Local Government (2018 to 2021),Department for Levelling Up, Housing and Communities ",2016 to 2019 May Conservative government,,,
https://www.gov.uk/guidance/make-on-site-biodiversity-gains-as-a-developer,Make on-site biodiversity gains as a developer,detailed_guide,c9db073b-2bdf-4486-aaf4-3b6bb5cb7c0f,en,whitehall,2023-11-29T00:00:00.000Z,2024-02-27T15:14:22.000Z,,,105,"GOV.UK homepage,Housing, local and community,Environment,Wildlife and habitat conservation,Planning and building,Biodiversity and ecosystems,Wildlife, animals, biodiversity and ecosystems","Department for Environment, Food & Rural Affairs","Department for Environment, Food & Rural Affairs",2022 to 2024 Sunak Conservative government,,,
https://www.gov.uk/guidance/noise--2,Noise,detailed_guide,4b47a367-60b8-45cf-8c96-eaee09a1c0d0,en,whitehall,2014-03-06T00:00:00.000Z,2019-07-22T22:55:31.000Z,,,104,"Planning system,GOV.UK homepage,Planning and building,Housing, local and community","Ministry of Housing, Communities and Local Government","Ministry of Housing, Communities and Local Government,Ministry of Housing, Communities & Local Government (2018 to 2021),Department for Levelling Up, Housing and Communities ",2010 to 2015 Conservative and Liberal Democrat coalition government,,,
https://www.gov.uk/guidance/compulsory-purchase-and-compensation-guide-1-procedure,Compulsory purchase and compensation: guide 1 - procedure,detailed_guide,9ae98b8e-3660-4c31-a8f6-d995af74fea8,en,whitehall,2021-12-17T00:00:00.000Z,2021-12-17T00:00:00.000Z,,,103,"Housing, local and community,GOV.UK homepage,Planning and building,Planning system","Ministry of Housing, Communities and Local Government","Ministry of Housing, Communities and Local Government,Department for Levelling Up, Housing and Communities ",2019 to 2022 Johnson Conservative government,,,
https://www.gov.uk/guidance/how-to-buy-property-in-spain,Spain: buying and renting property,detailed_guide,5dbaa9ff-7631-11e4-a3cb-005056011aef,en,whitehall,2013-03-22T00:00:00.000Z,2021-05-13T11:35:30.000Z,,,103,"Help and services around the world,Going and being abroad,Housing, local and community,British nationals overseas,GOV.UK homepage,Living abroad,Living in Spain,Travel abroad,UK help and services in Spain",Foreign & Commonwealth Office,"Foreign & Commonwealth Office,Foreign, Commonwealth & Development Office",2010 to 2015 Conservative and Liberal Democrat coalition government,,,
https://www.gov.uk/guidance/sahp-2026-to-2036-bid-for-funding-using-the-cme-route,SAHP 2026 to 2036: Bid for funding using the CME route,detailed_guide,9985e483-517c-4097-a2e9-0b0be38436a5,en,whitehall,2026-01-16T00:00:00.000Z,2026-01-16T00:00:00.000Z,,,102,"Housing funding programmes,Housing and communities,Housing, local and community,GOV.UK homepage",Homes England,Homes England,2024 Starmer Labour government,,,
https://www.gov.uk/guidance/areas-of-outstanding-natural-beauty-aonbs-designation-and-management,Areas of outstanding natural beauty (AONBs): designation and management,detailed_guide,653571fc-db97-4978-b67c-2a9dd8204786,en,whitehall,2017-10-04T23:00:00.000Z,2024-11-19T12:28:51.000Z,,,102,"Protected sites and species,Wildlife, animals, biodiversity and ecosystems,Protected sites,Rural and countryside,Land sites,Landscape,Housing, local and community,Environment,GOV.UK homepage,Planning and building,Rural development and land management",Natural England,Natural England,2016 to 2019 May Conservative government,,,
https://www.gov.uk/guidance/planning-act-2008-content-of-a-development-consent-order-required-for-nationally-significant-infrastructure-projects,Planning Act 2008: Content of a Development Consent Order required for Nationally Significant Infrastructure Projects,detailed_guide,e806bbcf-25b1-44c5-acc9-5a46a02ae22b,en,whitehall,2024-04-30T15:30:02.000Z,2024-04-30T15:30:02.000Z,,,101,"Planning and building,Planning system,GOV.UK homepage,Housing, local and community","Ministry of Housing, Communities and Local Government","Ministry of Housing, Communities and Local Government,Department for Levelling Up, Housing and Communities ",2022 to 2024 Sunak Conservative government,,,
https://www.gov.uk/guidance/using-the-nutrient-neutrality-calculators,Using the nutrient neutrality calculators,detailed_guide,34db257a-b9e6-4367-85e4-73eabb87110a,en,whitehall,2024-02-28T00:00:00.000Z,2025-05-27T09:00:07.000Z,,,101,"Pollution and environmental quality,Wildlife and habitat conservation,Environment,Housing, local and community,Planning and building,Wildlife, animals, biodiversity and ecosystems,GOV.UK homepage",Natural England,"Natural England,Department for Environment, Food & Rural Affairs",2022 to 2024 Sunak Conservative government,,,
https://www.gov.uk/guidance/planning-applications-coal-mining-risk-assessments,Planning applications and Coal Mining Risk Assessments,detailed_guide,5ff00cc2-7631-11e4-a3cb-005056011aef,en,whitehall,2014-09-16T23:00:00.000Z,2025-02-27T15:53:11.000Z,,,99,"GOV.UK homepage,Property and development,Coal,Oil, gas and coal,Energy infrastructure,Environment,Housing, local and community,Planning and building",Coal Authority,"Coal Authority,Mining Remediation Authority",2010 to 2015 Conservative and Liberal Democrat coalition government,,,
https://www.gov.uk/guidance/design,Design: process and tools,detailed_guide,a6e66a97-b1a5-44d8-90b7-2125f3402bd8,en,whitehall,2014-03-06T00:00:00.000Z,2019-10-01T15:16:07.000Z,,,98,"Planning and building,Housing, local and community,Planning system,GOV.UK homepage","Ministry of Housing, Communities and Local Government","Ministry of Housing, Communities and Local Government,Ministry of Housing, Communities & Local Government (2018 to 2021),Department for Levelling Up, Housing and Communities ",2010 to 2015 Conservative and Liberal Democrat coalition government,,,
https://www.gov.uk/guidance/getting-ready-to-prepare-a-new-plan,Getting ready to prepare a new plan,detailed_guide,cd349092-6593-4625-8a2f-a83fd3552e09,en,whitehall,2025-11-27T00:00:00.000Z,2025-11-27T00:00:00.000Z,,,98,"GOV.UK homepage,Housing, local and community,Planning and building,Local Plans","Ministry of Housing, Communities and Local Government","Ministry of Housing, Communities and Local Government",2024 Starmer Labour government,,,
https://www.gov.uk/guidance/land-registry-portal-create-a-user-account,HM Land Registry portal: create a user account,detailed_guide,e50bbfc1-70a1-46da-94d1-841b9750acbd,en,whitehall,2013-07-29T23:00:00.000Z,2021-01-20T06:00:02.000Z,,,98,"Business and industry,Housing, local and community,GOV.UK homepage,Housing and communities",HM Land Registry,HM Land Registry,2010 to 2015 Conservative and Liberal Democrat coalition government,,,
https://www.gov.uk/guidance/renting-out-your-property-guidance-for-landlords-and-letting-agents/standard-possession-claims,Standard possession claims   ,manual_section,95176c49-615c-4b72-a88e-b11030079acf,en,manuals-publisher,2025-11-13T22:59:00.000Z,2025-11-13T22:59:00.000Z,,,97,"Changes to private renting,Housing and communities,Housing, local and community,Rented housing sector,GOV.UK homepage","Ministry of Housing, Communities and Local Government","Ministry of Housing, Communities and Local Government",,,,
https://www.gov.uk/guidance/renting-out-your-property-guidance-for-landlords-and-letting-agents/rental-bidding-a-guide-for-landlords,Rental bidding: a guide for landlords,manual_section,d4cce3f7-a739-464f-a837-e01a3da768df,en,manuals-publisher,2025-11-13T22:59:00.000Z,2025-11-13T22:59:00.000Z,,,96,"Housing, local and community,GOV.UK homepage,Changes to private renting,Rented housing sector,Housing and communities","Ministry of Housing, Communities and Local Government","Ministry of Housing, Communities and Local Government",,,,
https://www.gov.uk/guidance/land-registry-portal-change-of-address-e-coa,HM Land Registry portal: change of address (e-COA),detailed_guide,5f6b42a9-0f82-4aa3-843f-f1f4934b4411,en,whitehall,2015-12-10T00:00:00.000Z,2015-12-10T00:00:00.000Z,,,96,"Business and industry,Housing and communities,Housing, local and community,GOV.UK homepage",HM Land Registry,HM Land Registry,2015 to 2016 Cameron Conservative government,,,
https://www.gov.uk/guidance/definition-of-relevant-defect,Definition of ‘relevant defect’,detailed_guide,bbf64e05-9f30-4245-99d4-89ef8e07a323,en,whitehall,2022-07-20T23:00:00.000Z,2022-07-20T23:00:00.000Z,,,95,"GOV.UK homepage,Housing and communities,Freehold and leasehold property,Building regulation,Planning and building,Housing, local and community","Ministry of Housing, Communities and Local Government","Ministry of Housing, Communities and Local Government,Department for Levelling Up, Housing and Communities ",2019 to 2022 Johnson Conservative government,,,
https://www.gov.uk/guidance/approved-document-f-volume-1-dwellings-frequently-asked-questions,"Approved Document F, Volume 1: Dwellings - frequently asked questions",detailed_guide,247e57f3-5f53-4929-af47-c843d0151e52,en,whitehall,2022-06-15T11:00:00.000Z,2022-06-15T11:00:00.000Z,,,95,"Housing, local and community,Building regulation,GOV.UK homepage,Planning and building","Ministry of Housing, Communities and Local Government","Ministry of Housing, Communities and Local Government,Department for Levelling Up, Housing and Communities ",2019 to 2022 Johnson Conservative government,,,
https://www.gov.uk/guidance/foxes-moles-and-mink-how-to-protect-your-property-from-damage,"Foxes, moles and mink: how to protect your property from damage",detailed_guide,af7b63cd-0627-4d97-a22c-f13552a3de4e,en,whitehall,2015-06-01T14:07:00.000Z,2023-04-19T08:52:52.000Z,,,95,"Environment,Food and farming,Housing, local and community,Housing and communities,Neighbours, noise and pests,GOV.UK homepage,Animal welfare,Wildlife, animals, biodiversity and ecosystems",Natural England,Natural England,2015 to 2016 Cameron Conservative government,,,
https://www.gov.uk/guidance/levelling-up-home-building-fund-development-finance,Home Building Fund — development finance,detailed_guide,44ec1dae-313f-4752-9c2f-89f36d50b53f,en,whitehall,2022-02-02T00:00:00.000Z,2025-05-28T07:27:01.000Z,,,95,"Planning and building,House building,GOV.UK homepage,Housing, local and community",Homes England,Homes England,2019 to 2022 Johnson Conservative government,,,
https://www.gov.uk/guidance/submit-a-biodiversity-gain-plan,Submit a biodiversity gain plan,detailed_guide,8d7f7520-5068-4905-892e-7be5fe5b2cc9,en,whitehall,2023-11-29T00:00:00.000Z,2024-10-09T08:00:04.000Z,,,94,"Housing, local and community,Biodiversity and ecosystems,Wildlife, animals, biodiversity and ecosystems,Wildlife and habitat conservation,GOV.UK homepage,Environment,Planning and building","Department for Environment, Food & Rural Affairs","Department for Environment, Food & Rural Affairs",2022 to 2024 Sunak Conservative government,,,
https://www.gov.uk/guidance/building-safety-newsletter,Building safety newsletter,detailed_guide,2ecfb5ce-10c4-4995-a93a-7e56c664e28a,en,whitehall,2026-01-06T00:00:00.000Z,2026-01-20T11:16:23.000Z,,,94,"Planning and building,GOV.UK homepage,Housing, local and community","Ministry of Housing, Communities and Local Government","Ministry of Housing, Communities and Local Government",2024 Starmer Labour government,,,
https://www.gov.uk/guidance/check-and-challenge-your-business-rates-valuation-privacy-notice,Check and challenge your business rates valuation: privacy notice,detailed_guide,63dbe9e0-e14f-4efd-bde2-5bded6ef974c,en,whitehall,2018-05-23T23:00:00.000Z,2023-03-10T11:09:48.000Z,,,94,"Housing, local and community,Business and industry,Running a business,GOV.UK homepage,Housing and communities",Valuation Office Agency,Valuation Office Agency,2016 to 2019 May Conservative government,,,
https://www.gov.uk/guidance/land-registry-portal-pdf-downloads,HM Land Registry portal: PDF downloads,detailed_guide,abca5609-8ae4-4eec-bccb-1e2db2acbc95,en,whitehall,2015-06-07T23:00:00.000Z,2020-05-11T14:44:43.000Z,,,93,"Housing, local and community,Business and industry,Housing and communities,GOV.UK homepage",HM Land Registry,HM Land Registry,2015 to 2016 Cameron Conservative government,,,
https://www.gov.uk/common-land-village-greens,Common land and village greens,answer,a99cb1b7-3ede-48d6-bb9d-56d5398d107d,en,publisher,2012-01-18T15:01:12.000Z,2015-07-10T15:13:53.000Z,,,92,"Housing and communities,GOV.UK homepage,Safety and the environment in your community,Housing, local and community",Government Digital Service,"Department for Environment, Food & Rural Affairs,Ministry of Housing, Communities and Local Government,Natural England,Planning Inspectorate",,,,
https://www.gov.uk/guidance/leaseholder-protections-on-building-safety-costs-in-england-frequently-asked-questions,Leaseholder protections on building safety costs in England: frequently asked questions,detailed_guide,a0234fec-7dc9-4828-9d5e-8522fae71b1e,en,whitehall,2022-06-27T23:00:00.000Z,2023-12-18T11:31:50.000Z,,,92,"Planning and building,Housing, local and community,Housing and communities,Building regulation,GOV.UK homepage,Freehold and leasehold property","Ministry of Housing, Communities and Local Government","Ministry of Housing, Communities and Local Government,Department for Levelling Up, Housing and Communities ",2019 to 2022 Johnson Conservative government,,,
https://www.gov.uk/guidance/nationally-significant-infrastructure-projects-2024-pre-application-prospectus,Nationally Significant Infrastructure Projects: 2024 Pre-application Prospectus,detailed_guide,5a490fb0-566b-4435-b47d-7aee0bfd0e67,en,whitehall,2024-05-15T23:00:00.000Z,2025-11-04T09:12:43.000Z,,,92,"GOV.UK homepage,Planning and building,Housing, local and community,Planning system,Planning reform",Planning Inspectorate,Planning Inspectorate,2022 to 2024 Sunak Conservative government,,,
https://www.gov.uk/guidance/check-if-your-home-has-cladding-that-may-need-a-specialist-valuation,Check if your home has cladding and needs a specialist valuation,detailed_guide,229d97c1-adeb-4bef-89a0-33873e5776d7,en,whitehall,2021-08-04T14:16:00.000Z,2023-06-16T19:00:01.000Z,,,91,"GOV.UK homepage,Housing, local and community",Homes England,Homes England,2019 to 2022 Johnson Conservative government,,,
https://www.gov.uk/guidance/submit-a-mandatory-occurrence-notice-and-report,Submit a mandatory occurrence notice and report,detailed_guide,965fe63f-a1ac-49e1-8810-c0b1037c9331,en,whitehall,2024-01-31T00:00:00.000Z,2024-01-31T00:00:00.000Z,,,91,"GOV.UK homepage,Housing, local and community,Planning reform,Planning and building,Housing design and sustainability,Building regulation",Building Safety Regulator,"Building Safety Regulator,Health and Safety Executive",2022 to 2024 Sunak Conservative government,,,
https://www.gov.uk/guidance/ai-exemplars-programme,AI Exemplars programme,detailed_guide,8aedab24-deae-4f1e-a45c-daff5a206d8d,en,whitehall,2025-08-16T23:00:00.000Z,2026-01-29T11:01:15.000Z,,,91,"Planning and building,Government efficiency, transparency and accountability,Entering and staying in the UK,Courts, sentencing and tribunals,Education, training and skills,Science and innovation,Economic growth,Government missions,National Health Service,Artificial intelligence,Government,Business and industry,Refugees, asylum and human rights,Housing, local and community,Crime, justice and law,GOV.UK homepage,NHS efficiency,Health and social care","Department for Science, Innovation and Technology","Department for Science, Innovation and Technology",2024 Starmer Labour government,,,
https://www.gov.uk/guidance/land-registry-portal-reply-to-requisition,HM Land Registry portal: reply to requisition,detailed_guide,d78fdcd6-9828-4225-af5c-a1652cf9f2dc,en,whitehall,2016-11-07T00:00:00.000Z,2025-05-06T14:03:53.000Z,,,89,"GOV.UK homepage,Land registration,Housing, local and community",HM Land Registry,HM Land Registry,2016 to 2019 May Conservative government,,,
https://www.gov.uk/guidance/paying-tax-on-rent-to-landlords-abroad,Paying tax on rent on behalf of landlords who are abroad,detailed_guide,60308117-7631-11e4-a3cb-005056011aef,en,whitehall,2014-12-08T00:00:00.000Z,2014-12-08T00:00:00.000Z,,,88,"Money,Personal tax,Non-resident landlord scheme,Housing, local and community,GOV.UK homepage,Housing and communities",HM Revenue & Customs,HM Revenue & Customs,2010 to 2015 Conservative and Liberal Democrat coalition government,,,
https://www.gov.uk/guidance/apply-for-affordable-housing-funding,Apply for affordable housing funding,detailed_guide,64119cd0-d133-4c5a-b5c4-3bb1bf9acff3,en,whitehall,2020-09-09T23:00:00.000Z,2025-11-07T09:00:00.000Z,,,88,"GOV.UK homepage,Housing and communities,Housing funding programmes,Housing, local and community",Homes England,Homes England,2019 to 2022 Johnson Conservative government,,,
https://www.gov.uk/guidance/operating-a-mandatory-occurrence-reporting-system,Operating a mandatory occurrence reporting system,detailed_guide,9763daa6-5d43-453c-8e5b-a739d07145d9,en,whitehall,2024-01-31T00:00:00.000Z,2024-12-06T09:00:00.000Z,,,88,"Planning reform,Housing, local and community,GOV.UK homepage,Planning and building,Housing design and sustainability,Building regulation",Building Safety Regulator,"Building Safety Regulator,Health and Safety Executive",2022 to 2024 Sunak Conservative government,,,
https://www.gov.uk/guidance/hazardous-substances,Hazardous substances,detailed_guide,418bb940-4920-46b0-b220-e0832036ae66,en,whitehall,2016-12-09T00:00:00.000Z,2019-11-01T16:40:36.000Z,,,88,"GOV.UK homepage,Housing, local and community,Planning and building,Planning system","Ministry of Housing, Communities and Local Government","Ministry of Housing, Communities and Local Government,Ministry of Housing, Communities & Local Government (2018 to 2021),Department for Levelling Up, Housing and Communities ",2016 to 2019 May Conservative government,,,
https://www.gov.uk/mortgage-interest-run-on,Mortgage Interest Run On,guide,3009e5fc-d5d8-4c12-9b74-49fe79639226,en,publisher,2012-10-02T11:32:59.000Z,2016-12-28T14:28:05.460Z,,,87,"Owning and renting a property,GOV.UK homepage,Housing and communities,Welfare,Housing, local and community,Jobseeker's Allowance and low income benefits",Government Digital Service,Department for Work and Pensions,,,,
https://www.gov.uk/guidance/legal-agreements-to-secure-your-biodiversity-net-gain,Enter a legal agreement for biodiversity net gain,detailed_guide,fa4e81ee-a30f-44f2-beb1-73966f4ab8a1,en,whitehall,2023-11-29T00:00:00.000Z,2024-10-04T09:47:22.000Z,,,86,"Biodiversity and ecosystems,Wildlife, animals, biodiversity and ecosystems,Planning and building,Wildlife and habitat conservation,GOV.UK homepage,Housing, local and community,Environment","Department for Environment, Food & Rural Affairs","Department for Environment, Food & Rural Affairs",2022 to 2024 Sunak Conservative government,,,
https://www.gov.uk/penalties-illegal-renting,Penalties for illegal renting,answer,4b119605-d351-4d47-84bb-777dc7e33462,en,publisher,2015-10-20T11:11:55.000Z,2015-12-29T17:36:58.000Z,,,86,"Housing, local and community,Being a landlord and renting out a room,Housing and communities,GOV.UK homepage",Government Digital Service,UK Visas and Immigration,,,,
https://www.gov.uk/guidance/nationally-significant-infrastructure-projects-and-the-people-and-organisations-involved-in-the-process,Nationally Significant Infrastructure Projects and the people and organisations involved in the process,detailed_guide,58b7ebab-5ef8-4a88-b3f4-d94188da6652,en,whitehall,2024-08-07T23:00:00.000Z,2024-08-07T23:00:00.000Z,,,84,"Planning system,GOV.UK homepage,Planning and building,Housing, local and community",Planning Inspectorate,Planning Inspectorate,2024 Starmer Labour government,,,
https://www.gov.uk/guidance/renting-out-your-property-guidance-for-landlords-and-letting-agents/if-someone-who-has-children-wants-to-rent-your-property,If someone who has children wants to rent your property  ,manual_section,75ba404e-be84-42f4-9314-151a682239ab,en,manuals-publisher,2025-11-13T22:59:00.000Z,2025-11-13T22:59:00.000Z,,,84,"Changes to private renting,Rented housing sector,Housing, local and community,Housing and communities,GOV.UK homepage","Ministry of Housing, Communities and Local Government","Ministry of Housing, Communities and Local Government",,,,
https://www.gov.uk/guidance/register-as-a-building-inspector,Register as a building inspector,detailed_guide,404b05b7-af92-4e66-aade-3471062bf07c,en,whitehall,2023-10-04T23:00:00.000Z,2025-04-23T15:49:16.000Z,,,84,"Planning and building,Planning permission and appeals,GOV.UK homepage,Planning system,Planning reform,Housing, local and community,Building regulation",Building Safety Regulator,"Building Safety Regulator,Health and Safety Executive",2022 to 2024 Sunak Conservative government,,,
https://www.gov.uk/claim-planning-appeal-costs,Claim planning appeal costs,guide,66bb6b6b-e770-4238-919c-5cb8d092691c,en,publisher,2015-09-08T13:57:29.000Z,2025-01-24T14:16:35.343Z,,,84,"Planning and building,Housing and communities,GOV.UK homepage,Planning permission and appeals,Housing, local and community",Government Digital Service,Planning Inspectorate,,,,
https://www.gov.uk/guidance/eligibility-safeguarding-dbs-and-accommodation-checks-homes-for-ukraine,"Eligibility, safeguarding, Disclosure and Barring Service and accommodation checks: Homes for Ukraine",detailed_guide,ec17d540-4271-4131-8dc4-94feab069019,en,whitehall,2023-01-16T00:00:00.000Z,2025-09-15T08:30:06.000Z,,,83,"GOV.UK homepage,Community and society,Society and culture,Housing and communities,Housing, local and community","Ministry of Housing, Communities and Local Government","Ministry of Housing, Communities and Local Government,Department for Levelling Up, Housing and Communities ",2022 to 2024 Sunak Conservative government,,,
https://www.gov.uk/guidance/your-property-and-council-tax,When to contact your local authority about Council Tax,detailed_guide,02a267e2-1f53-4f7e-96d6-475a29d101fb,en,whitehall,2017-08-07T08:30:00.000Z,2020-01-28T12:10:00.000Z,,,83,"Housing, local and community,Council Tax,Local government,Regional and local government,Money,GOV.UK homepage",Valuation Office Agency,Valuation Office Agency,2016 to 2019 May Conservative government,,,
https://www.gov.uk/guidance/meet-biodiversity-net-gain-requirements-steps-for-developers,Meet biodiversity net gain requirements: steps for developers,detailed_guide,9e8d1caf-f7fa-41c2-985a-46cef953ff1f,en,whitehall,2023-11-29T00:00:00.000Z,2024-02-12T12:30:12.000Z,,,82,"Planning and building,Wildlife and habitat conservation,Wildlife, animals, biodiversity and ecosystems,Environment,GOV.UK homepage,Biodiversity and ecosystems,Housing, local and community","Department for Environment, Food & Rural Affairs","Department for Environment, Food & Rural Affairs",2022 to 2024 Sunak Conservative government,,,
https://www.gov.uk/guidance/renewable-and-low-carbon-energy,Renewable and low carbon energy,detailed_guide,b870c2f7-90ba-46ab-95a3-f688e3c149aa,en,whitehall,2015-06-17T23:00:00.000Z,2023-08-14T11:46:17.000Z,,,82,"Planning and building,Planning system,GOV.UK homepage,Housing, local and community","Ministry of Housing, Communities and Local Government","Ministry of Housing, Communities and Local Government,Ministry of Housing, Communities & Local Government (2018 to 2021),Department for Levelling Up, Housing and Communities ",2015 to 2016 Cameron Conservative government,,,
https://www.gov.uk/guidance/guidance-for-new-entrants-on-applying-for-registration-as-a-provider-of-social-housing,Guidance for new entrants on applying for registration as a provider of social housing,detailed_guide,81a6ddad-9162-4e31-8242-aa300907ae20,en,whitehall,2025-06-10T08:30:02.000Z,2025-06-10T08:30:02.000Z,,,82,"Council housing and housing association,Housing and communities,Housing, local and community,Rented housing sector,Housing regulation,GOV.UK homepage,Housing for older and vulnerable people",Regulator of Social Housing,Regulator of Social Housing,2024 Starmer Labour government,,,
https://www.gov.uk/guidance/using-the-homes-england-land-hub,Using the Homes England Land Hub,detailed_guide,7f634712-244f-47aa-97f6-27a1426fa837,en,whitehall,2023-04-04T15:07:05.000Z,2023-04-04T15:07:05.000Z,,,81,"Housing and communities,Housing, local and community,GOV.UK homepage",Homes England,Homes England,2022 to 2024 Sunak Conservative government,,,
https://www.gov.uk/guidance/gathering-baselining-information-to-inform-a-local-plan,Gathering baselining information to inform a local plan,detailed_guide,639a7c74-69d8-44bc-8a5d-d9cc5fdc6ea3,en,whitehall,2025-11-27T00:00:00.000Z,2025-11-27T00:00:00.000Z,,,81,"Local Plans,Planning and building,GOV.UK homepage,Housing, local and community","Ministry of Housing, Communities and Local Government","Ministry of Housing, Communities and Local Government",2024 Starmer Labour government,,,
https://www.gov.uk/guidance/minerals,Minerals,detailed_guide,2ff62ad2-6d16-48e4-bfa8-07e678500565,en,whitehall,2014-10-16T23:00:00.000Z,2014-10-16T23:00:00.000Z,,,81,"Planning system,GOV.UK homepage,Planning and building,Housing, local and community","Ministry of Housing, Communities and Local Government","Ministry of Housing, Communities and Local Government,Ministry of Housing, Communities & Local Government (2018 to 2021),Department for Levelling Up, Housing and Communities ",2010 to 2015 Conservative and Liberal Democrat coalition government,,,
https://www.gov.uk/guidance/basic-accommodation-needs-homes-for-ukraine,Basic accommodation needs: Homes for Ukraine,detailed_guide,e429b81e-e550-420d-a904-95e641ea45fd,en,whitehall,2023-01-16T00:00:00.000Z,2023-01-16T00:00:00.000Z,,,79,"Housing, local and community,GOV.UK homepage,Society and culture,Housing and communities,Community and society","Ministry of Housing, Communities and Local Government","Ministry of Housing, Communities and Local Government,Department for Levelling Up, Housing and Communities ",2022 to 2024 Sunak Conservative government,,,
https://www.gov.uk/guidance/sell-biodiversity-units-as-a-land-manager,Sell biodiversity units as a land manager,detailed_guide,7dfd185b-9dd8-47b5-adb1-81d32405488d,en,whitehall,2023-02-21T00:00:00.000Z,2025-06-18T13:57:30.000Z,,,79,"Housing, local and community,Planning and building,Wildlife and habitat conservation,Biodiversity and ecosystems,GOV.UK homepage,Environment,Wildlife, animals, biodiversity and ecosystems","Department for Environment, Food & Rural Affairs","Department for Environment, Food & Rural Affairs",2022 to 2024 Sunak Conservative government,,,
https://www.gov.uk/guidance/criteria-for-determining-whether-an-existing-building-is-a-higher-risk-building-during-building-work,Criteria for determining whether an existing building is a higher-risk building during building work,detailed_guide,502c8eda-631e-48f0-b610-a7bd74f81390,en,whitehall,2023-10-18T23:00:00.000Z,2025-05-28T15:33:49.000Z,,,79,"Building regulation,Housing, local and community,Planning and building,GOV.UK homepage","Ministry of Housing, Communities and Local Government","Ministry of Housing, Communities and Local Government,Department for Levelling Up, Housing and Communities ",2022 to 2024 Sunak Conservative government,,,
https://www.gov.uk/guidance/approved-document-o-overheating-frequently-asked-questions,"Approved Document O: Overheating, frequently asked questions",detailed_guide,45f8db36-e464-4fda-bb08-c47f76926653,en,whitehall,2022-06-15T11:00:00.000Z,2022-06-15T11:00:00.000Z,,,79,"Planning and building,GOV.UK homepage,Building regulation,Housing, local and community","Ministry of Housing, Communities and Local Government","Ministry of Housing, Communities and Local Government,Department for Levelling Up, Housing and Communities ",2019 to 2022 Johnson Conservative government,,,
https://www.gov.uk/guidance/fire-safety-and-high-rise-residential-buildings-from-1-august-2021,Fire safety and high-rise residential buildings (from 1 August 2021),detailed_guide,87c98a3c-5c9d-401a-b486-bd51ccc25bd4,en,whitehall,2021-06-24T15:24:00.000Z,2021-08-20T10:48:29.000Z,,,77,"Planning and building,Planning system,Housing, local and community,GOV.UK homepage","Ministry of Housing, Communities and Local Government","Ministry of Housing, Communities and Local Government,Ministry of Housing, Communities & Local Government (2018 to 2021),Department for Levelling Up, Housing and Communities ",2019 to 2022 Johnson Conservative government,,,
https://www.gov.uk/guidance/preparing-a-resident-engagement-strategy,Preparing a resident engagement strategy,detailed_guide,38562332-b549-497e-b1b7-77d83720a43a,en,whitehall,2023-09-18T23:00:00.000Z,2024-12-06T09:00:00.000Z,,,77,"Housing design and sustainability,Planning and building,Housing, local and community,GOV.UK homepage,Building regulation,Planning reform",Building Safety Regulator,"Building Safety Regulator,Health and Safety Executive",2022 to 2024 Sunak Conservative government,,,
https://www.gov.uk/guidance/gradings-under-review-list,Gradings under review list,detailed_guide,8586f174-81bb-40e2-93b8-5f7e717b3dbc,en,whitehall,2024-09-05T23:00:00.000Z,2026-02-11T09:30:07.000Z,,,76,"GOV.UK homepage,Council housing and housing association,Housing, local and community,Housing regulation,Housing for older and vulnerable people,Housing and communities,Rented housing sector",Regulator of Social Housing,Regulator of Social Housing,2024 Starmer Labour government,,,
https://www.gov.uk/check-energy-performance-public-building,Check a public building's Display Energy Certificate,answer,aa309c05-40a7-4054-a698-c81505342450,en,publisher,2012-09-26T10:33:44.000Z,2015-08-12T14:28:04.000Z,,,76,"Housing, local and community,Safety and the environment in your community,Housing and communities,GOV.UK homepage",Government Digital Service,"Department for Energy Security and Net Zero,Department for Business, Energy & Industrial Strategy",,,,
https://www.gov.uk/guidance/paying-sponsors-homes-for-ukraine,Paying sponsors/hosts: Homes for Ukraine,detailed_guide,5cb87381-41d3-4155-bb4f-09e1c242981d,en,whitehall,2023-01-16T00:00:00.000Z,2025-09-15T08:30:08.000Z,,,76,"Housing and communities,Housing, local and community,GOV.UK homepage","Ministry of Housing, Communities and Local Government","Ministry of Housing, Communities and Local Government,Department for Levelling Up, Housing and Communities ",2022 to 2024 Sunak Conservative government,,,
https://www.gov.uk/guidance/preparing-a-local-plan-vision,Preparing a local plan vision,detailed_guide,498af69b-3d5b-4e87-a8cd-d3967e6b94f3,en,whitehall,2025-11-27T00:00:00.000Z,2025-11-27T00:00:00.000Z,,,76,"Local Plans,GOV.UK homepage,Planning and building,Housing, local and community","Ministry of Housing, Communities and Local Government","Ministry of Housing, Communities and Local Government",2024 Starmer Labour government,,,
https://www.gov.uk/guidance/new-homes-accelerator-programme,New Homes Accelerator programme,detailed_guide,d6c91263-e5c7-447f-a0c0-8673c7a0e37e,en,whitehall,2024-08-28T23:00:00.000Z,2026-01-29T09:12:12.000Z,,,75,"GOV.UK homepage,Housing, local and community,Housing and communities","Ministry of Housing, Communities and Local Government","Ministry of Housing, Communities and Local Government",2024 Starmer Labour government,,,
https://www.gov.uk/guidance/make-off-site-biodiversity-gains-as-a-developer,Make off-site biodiversity gains as a developer,detailed_guide,5e25bb26-a814-4dda-a39c-bedc70ded23d,en,whitehall,2023-11-29T00:00:00.000Z,2024-05-08T10:27:10.000Z,,,75,"GOV.UK homepage,Planning and building,Housing, local and community,Wildlife and habitat conservation,Wildlife, animals, biodiversity and ecosystems,Biodiversity and ecosystems,Environment","Department for Environment, Food & Rural Affairs","Department for Environment, Food & Rural Affairs",2022 to 2024 Sunak Conservative government,,,
https://www.gov.uk/guidance/travel-plans-transport-assessments-and-statements,"Travel Plans, Transport Assessments and Statements",detailed_guide,89954b40-02bc-4d31-9f37-51c4e48a47a4,en,whitehall,2014-03-06T00:00:00.000Z,2014-03-06T00:00:00.000Z,,,74,"Planning and building,GOV.UK homepage,Housing, local and community,Planning system","Ministry of Housing, Communities and Local Government","Ministry of Housing, Communities and Local Government,Ministry of Housing, Communities & Local Government (2018 to 2021),Department for Levelling Up, Housing and Communities ",2010 to 2015 Conservative and Liberal Democrat coalition government,,,
https://www.gov.uk/guidance/strategic-environmental-assessment-and-sustainability-appraisal,Strategic environmental assessment and sustainability appraisal,detailed_guide,bbeb7b95-3516-4dbe-801b-f7a33d1b1da5,en,whitehall,2015-02-09T00:00:00.000Z,2020-12-31T20:00:05.000Z,,,74,"GOV.UK homepage,Housing, local and community,Planning system,Planning and building","Ministry of Housing, Communities and Local Government","Ministry of Housing, Communities and Local Government,Ministry of Housing, Communities & Local Government (2018 to 2021),Department for Levelling Up, Housing and Communities ",2010 to 2015 Conservative and Liberal Democrat coalition government,,,
https://www.gov.uk/guidance/commonhold-property,Commonhold property,detailed_guide,812c900a-215b-4b43-a0c4-140211a66fe1,en,whitehall,2022-01-11T00:00:00.000Z,2025-03-03T15:09:33.000Z,,,74,"Housing and communities,Housing, local and community,GOV.UK homepage","Ministry of Housing, Communities and Local Government","Ministry of Housing, Communities and Local Government,Department for Levelling Up, Housing and Communities ",2019 to 2022 Johnson Conservative government,,,
https://www.gov.uk/noise-pollution-road-train-plane,"Noise from roads, trains or planes",guide,ffe10aad-e71b-45c6-8b6a-22b13f434ae1,en,publisher,2011-12-08T09:48:26.000Z,2025-01-24T14:13:33.076Z,,,74,"GOV.UK homepage,Housing, local and community,Safety and the environment in your community,Housing and communities",Government Digital Service,"Department for Transport,Department of Agriculture, Environment and Rural Affairs (Northern Ireland),Highways Agency",,,,
https://www.gov.uk/guidance/irreplaceable-habitats,Irreplaceable habitat,detailed_guide,aa0dd203-c904-4e27-b45f-f71f251563c4,en,whitehall,2024-02-22T00:00:00.000Z,2024-09-04T15:39:22.000Z,,,74,"Biodiversity and ecosystems,Planning and building,Wildlife and habitat conservation,GOV.UK homepage,Housing, local and community,Wildlife, animals, biodiversity and ecosystems,Environment","Department for Environment, Food & Rural Affairs","Department for Environment, Food & Rural Affairs",2022 to 2024 Sunak Conservative government,,,
https://www.gov.uk/guidance/great-crested-newts-district-level-licensing-for-local-planning-authorities,Great crested newts: district level licensing for local planning authorities,detailed_guide,5081fab6-0e34-4efd-a897-b6ed9d5d1855,en,whitehall,2022-07-25T09:57:00.000Z,2022-07-25T09:57:00.000Z,,,73,"Protected sites and species,Environment,Planning and building,Housing, local and community,Wildlife and habitat conservation,Reptiles and amphibians,Environmental planning,GOV.UK homepage,Wildlife, animals, biodiversity and ecosystems",Natural England,"Natural England,Department for Environment, Food & Rural Affairs",2019 to 2022 Johnson Conservative government,,,
https://www.gov.uk/guidance/planning-inspectorate-webinars,Planning Inspectorate webinars,detailed_guide,5c9c87b3-eb3e-434d-957f-912a7b9677b1,en,whitehall,2024-11-06T00:00:00.000Z,2026-01-22T16:03:34.000Z,,,73,"Environment,Countryside,Planning and building,Planning reform,Local Plans,GOV.UK homepage,Rural and countryside,Planning system,Planning permission and appeals,Access to the countryside,Housing, local and community",Planning Inspectorate,Planning Inspectorate,2024 Starmer Labour government,,,
https://www.gov.uk/guidance/waking-watch-replacement-fund-2023,Waking Watch Replacement Fund 2023,detailed_guide,4e793a6b-96fe-475b-8c93-727bf2d6ba77,en,whitehall,2023-05-24T23:00:00.000Z,2025-04-11T16:41:33.000Z,,,73,"Emergency preparation, response and recovery,Fire prevention and rescue,Government,Planning and building,GOV.UK homepage,Building regulation,Housing, local and community","Ministry of Housing, Communities and Local Government","Ministry of Housing, Communities and Local Government,Department for Levelling Up, Housing and Communities ",2022 to 2024 Sunak Conservative government,,,
https://www.gov.uk/guidance/fair-rents,Fair rents,detailed_guide,1e3d9816-c5bc-41ee-bad4-3eb047247069,en,whitehall,2016-01-22T00:00:00.000Z,2023-11-13T07:45:29.000Z,,,72,"GOV.UK homepage,Money,Housing and communities,Housing, local and community",Valuation Office Agency,Valuation Office Agency,2015 to 2016 Cameron Conservative government,,,
https://www.gov.uk/guidance/nationally-significant-infrastructure-projects-national-policy-statements,Nationally Significant Infrastructure Projects: National Policy Statements,detailed_guide,9d9b42db-ab3a-4562-aec0-b923b273bbbe,en,whitehall,2012-01-01T00:00:00.000Z,2025-07-14T13:10:51.000Z,,,71,"Planning system,GOV.UK homepage,Housing, local and community,Planning and building",Planning Inspectorate,Planning Inspectorate,2010 to 2015 Conservative and Liberal Democrat coalition government,,,
https://www.gov.uk/guidance/ensuring-the-vitality-of-town-centres,Town centres and retail,detailed_guide,ddbd79a2-9307-41ac-8500-e3c1cfb62d05,en,whitehall,2014-03-03T00:00:00.000Z,2020-09-18T13:18:40.000Z,,,71,"GOV.UK homepage,Housing, local and community,Planning system,Planning and building","Ministry of Housing, Communities and Local Government","Ministry of Housing, Communities and Local Government,Ministry of Housing, Communities & Local Government (2018 to 2021),Department for Levelling Up, Housing and Communities ",2010 to 2015 Conservative and Liberal Democrat coalition government,,,
https://www.gov.uk/guidance/gaining-possession-of-a-privately-rented-property-let-on-an-assured-shorthold-tenancy,Gaining possession of a privately rented property let on an assured shorthold tenancy,detailed_guide,5c7ede48-7631-11e4-a3cb-005056011aef,en,whitehall,2012-11-14T20:48:00.000Z,2016-02-11T11:32:57.000Z,,,70,"Housing, local and community,GOV.UK homepage,Tenancies and leases,Housing and communities","Ministry of Housing, Communities and Local Government","Ministry of Housing, Communities and Local Government,Ministry of Housing, Communities & Local Government (2018 to 2021),Department for Levelling Up, Housing and Communities ",2010 to 2015 Conservative and Liberal Democrat coalition government,,,
https://www.gov.uk/guidance/hm-land-registry-transaction-data,HM Land Registry: Transaction Data,detailed_guide,aec675e5-c1ef-423f-8faa-6a2627ca5805,en,whitehall,2014-08-13T04:11:00.000Z,2014-08-13T04:11:00.000Z,,,70,"Land registration,GOV.UK homepage,Housing, local and community,Land Registration Data ",HM Land Registry,HM Land Registry,2010 to 2015 Conservative and Liberal Democrat coalition government,,,
https://www.gov.uk/guidance/approved-document-s-infrastructure-for-charging-electric-vehicles-frequently-asked-questions,"Approved Document S: Infrastructure for charging electric vehicles, frequently asked questions",detailed_guide,e0c0fc70-2d97-4604-9c9d-e1d1e6bfcea4,en,whitehall,2023-04-17T13:51:18.000Z,2023-04-17T13:51:18.000Z,,,70,"Planning and building,GOV.UK homepage,Housing, local and community,Building regulation","Ministry of Housing, Communities and Local Government","Ministry of Housing, Communities and Local Government,Department for Levelling Up, Housing and Communities ",2022 to 2024 Sunak Conservative government,,,
https://www.gov.uk/guidance/smart-meters-how-they-work,Smart meters: a guide for households,detailed_guide,5d2789f7-7631-11e4-a3cb-005056011aef,en,whitehall,2013-01-22T00:00:00.000Z,2021-10-13T23:15:04.000Z,,,69,"Housing, local and community,Climate change and energy,Environment,GOV.UK homepage,Energy efficiency in buildings,Energy efficiency,Planning and building,Household energy",Department for Energy Security and Net Zero,"Department for Energy Security and Net Zero,Department for Business, Energy & Industrial Strategy",2010 to 2015 Conservative and Liberal Democrat coalition government,,,
https://www.gov.uk/guidance/assessing-sites-for-local-plans-stage-2,Stage 2: Assessing sites,detailed_guide,7a6f974f-ab2b-4265-bf43-6ad06e5a810e,en,whitehall,2025-11-27T00:00:00.000Z,2025-11-27T00:00:00.000Z,,,69,"Planning and building,GOV.UK homepage,Housing, local and community,Local Plans","Ministry of Housing, Communities and Local Government","Ministry of Housing, Communities and Local Government",2024 Starmer Labour government,,,
https://www.gov.uk/guidance/water-supply-wastewater-and-water-quality,"Water supply, wastewater and water quality",detailed_guide,b52b673b-ebf8-436f-8aef-22c224ba0e64,en,whitehall,2015-03-23T00:00:00.000Z,2019-07-22T16:52:18.000Z,,,69,"Planning and building,Housing, local and community,GOV.UK homepage,Planning system","Ministry of Housing, Communities and Local Government","Ministry of Housing, Communities and Local Government,Ministry of Housing, Communities & Local Government (2018 to 2021),Department for Levelling Up, Housing and Communities ",2010 to 2015 Conservative and Liberal Democrat coalition government,,,
https://www.gov.uk/guidance/apply-to-the-council-housebuilding-support-fund,Apply to the Council Housebuilding Support Fund,detailed_guide,a32c8a14-751a-4858-8949-c3a332e12f63,en,whitehall,2025-07-01T23:00:00.000Z,2026-01-28T12:27:47.000Z,,,69,"Housing, local and community,Housing and communities,GOV.UK homepage",Homes England,Homes England,2024 Starmer Labour government,,,
https://www.gov.uk/guidance/biodiversity-net-gain-what-local-planning-authorities-should-do,Biodiversity net gain: what local planning authorities should do ,detailed_guide,8f9a16d2-af01-451c-9e19-fb57da5748af,en,whitehall,2023-11-29T00:00:00.000Z,2024-11-28T11:56:41.000Z,,,69,"Wildlife, animals, biodiversity and ecosystems,Housing, local and community,Planning and building,Environment,GOV.UK homepage,Biodiversity and ecosystems,Wildlife and habitat conservation","Department for Environment, Food & Rural Affairs","Department for Environment, Food & Rural Affairs",2022 to 2024 Sunak Conservative government,,,
https://www.gov.uk/guidance/use-of-artificial-intelligence-in-casework-evidence,Use of artificial intelligence in casework evidence,detailed_guide,524dc54d-e5a2-4a81-9d79-fad0aa1bef5b,en,whitehall,2024-09-06T09:53:15.000Z,2024-09-06T09:53:15.000Z,,,69,"Planning and building,Local Plans,Planning permission and appeals,Housing, local and community,Planning system,GOV.UK homepage",Planning Inspectorate,Planning Inspectorate,2024 Starmer Labour government,,,
https://www.gov.uk/guidance/hm-land-registry-business-gateway,HM Land Registry: Business Gateway,detailed_guide,22c0f8d9-3cca-42f8-b875-1f7f6d0eb661,en,whitehall,2017-08-30T23:00:00.000Z,2024-05-01T10:56:28.000Z,,,68,"GOV.UK homepage,Housing and communities,Business and industry,Housing, local and community",HM Land Registry,HM Land Registry,2016 to 2019 May Conservative government,,,
https://www.gov.uk/guidance/land-registry-portal-discharge-a-charge-e-ds1,HM Land Registry portal: discharge a charge (e-DS1),detailed_guide,2dd22c7b-89db-4415-90d0-655b08a12020,en,whitehall,2015-09-27T23:00:00.000Z,2023-09-18T05:00:05.000Z,,,67,"GOV.UK homepage,Business and industry,Housing and communities,Housing, local and community",HM Land Registry,HM Land Registry,2015 to 2016 Cameron Conservative government,,,
https://www.gov.uk/guidance/renting-out-your-property-guidance-for-landlords-and-letting-agents/enforcement-measures-for-landlords,Enforcement measures for landlords,manual_section,b34e9bae-dc22-4bf4-829a-42fa59ce97b1,en,manuals-publisher,2025-11-13T22:59:00.000Z,2025-11-13T22:59:00.000Z,,,66,"Rented housing sector,Housing and communities,Changes to private renting,Housing, local and community,GOV.UK homepage","Ministry of Housing, Communities and Local Government","Ministry of Housing, Communities and Local Government",,,,
https://www.gov.uk/guidance/brownfield-land-registers,Brownfield land registers,detailed_guide,f04c5c0f-a32b-4681-8189-626d7481a8b8,en,whitehall,2017-07-28T08:30:00.000Z,2017-07-28T08:30:00.000Z,,,66,"GOV.UK homepage,Housing, local and community,Planning system,Planning and building","Ministry of Housing, Communities and Local Government","Ministry of Housing, Communities and Local Government,Ministry of Housing, Communities & Local Government (2018 to 2021),Department for Levelling Up, Housing and Communities ",2016 to 2019 May Conservative government,,,
https://www.gov.uk/guidance/hm-land-registry-information-services,HM Land Registry Information Services and Land Charges Services,detailed_guide,704b43de-278d-4390-8c8c-fa716a462758,en,whitehall,2014-06-15T23:00:00.000Z,2019-11-13T13:08:32.000Z,,,66,"GOV.UK homepage,Business and mortgage services,Housing, local and community,Land registration,Housing and communities,Conveyancing services ",HM Land Registry,HM Land Registry,2010 to 2015 Conservative and Liberal Democrat coalition government,,,
https://www.gov.uk/guidance/nationally-significant-infrastructure-projects-advice-on-cumulative-effects-assessment,Nationally Significant Infrastructure Projects: Advice on Cumulative Effects Assessment,detailed_guide,9e9a98c7-0479-40ab-b43b-e8cadd1076cb,en,whitehall,2024-09-20T06:50:49.000Z,2025-03-25T14:06:29.000Z,,,66,"GOV.UK homepage,Planning system,Planning and building,Housing, local and community",Planning Inspectorate,Planning Inspectorate,2024 Starmer Labour government,,,
https://www.gov.uk/guidance/contact-homes-england-ahp-2021-to-2026-or-sahp-2026-to-2036,Contact Homes England: AHP 2021 to 2026 or SAHP 2026 to 2036,detailed_guide,c0e306c7-dd39-47eb-ac29-cc944c87ccc6,en,whitehall,2025-11-07T00:00:00.000Z,2026-01-16T10:00:06.000Z,,,65,"Housing and communities,GOV.UK homepage,Housing, local and community",Homes England,Homes England,2024 Starmer Labour government,,,
https://www.gov.uk/guidance/nationally-significant-infrastructure-projects-the-stages-of-the-nsip-process-and-how-you-can-have-your-say,Nationally Significant Infrastructure Projects: The stages of the NSIP process and how you can have your say,detailed_guide,af9f682d-9582-4f36-9965-ff51c5305091,en,whitehall,2024-08-07T23:00:00.000Z,2024-12-16T13:04:44.000Z,,,65,"Planning and building,Planning system,Housing, local and community,GOV.UK homepage",Planning Inspectorate,Planning Inspectorate,2024 Starmer Labour government,,,
https://www.gov.uk/guidance/building-control-practice-guidance-cancellation-notices-transfers-and-reversions,"Building control practice guidance: Cancellation notices, transfers and reversions",detailed_guide,2e26c77f-18da-45ff-9408-f79a48115daf,en,whitehall,2024-08-22T15:44:26.000Z,2024-08-22T15:44:26.000Z,,,64,"Planning and building,GOV.UK homepage,Building regulation,Housing, local and community","Ministry of Housing, Communities and Local Government","Ministry of Housing, Communities and Local Government",2024 Starmer Labour government,,,
https://www.gov.uk/guidance/list-of-developers-who-have-signed-building-safety-repairs-pledge,List of developers who have signed building safety repairs pledge,detailed_guide,f1a369f2-b04d-4eca-b8fd-06dddfab6354,en,whitehall,2022-04-12T23:00:00.000Z,2023-11-01T17:12:41.000Z,,,64,"Government,GOV.UK homepage,Fire prevention and rescue,Planning and building,Emergency preparation, response and recovery,Housing, local and community","Ministry of Housing, Communities and Local Government","Ministry of Housing, Communities and Local Government,Department for Levelling Up, Housing and Communities ",2019 to 2022 Johnson Conservative government,,,
https://www.gov.uk/guidance/electricity-meter-accuracy-disputes,Electricity meters: independent testing of accuracy,detailed_guide,5f193539-7631-11e4-a3cb-005056011aef,en,whitehall,2014-03-13T00:00:00.000Z,2018-07-02T10:33:58.000Z,,,64,"Business and industry,Your rights and the law,Consumer rights and issues,Environment,Crime, justice and law,Climate change and energy,Household energy,Housing, local and community,GOV.UK homepage,Business regulation",Office for Product Safety and Standards,Office for Product Safety and Standards,2010 to 2015 Conservative and Liberal Democrat coalition government,,,
https://www.gov.uk/guidance/open-space-sports-and-recreation-facilities-public-rights-of-way-and-local-green-space,"Open space, sports and recreation facilities, public rights of way and local green space",detailed_guide,591b7871-83da-4887-94bd-a7dff5a61f99,en,whitehall,2014-03-06T00:00:00.000Z,2014-03-06T00:00:00.000Z,,,64,"Planning system,Planning and building,GOV.UK homepage,Housing, local and community","Ministry of Housing, Communities and Local Government","Ministry of Housing, Communities and Local Government,Ministry of Housing, Communities & Local Government (2018 to 2021),Department for Levelling Up, Housing and Communities ",2010 to 2015 Conservative and Liberal Democrat coalition government,,,
https://www.gov.uk/guidance/freehold-estates,​​Freehold estates​,detailed_guide,2d7d4592-55e9-428c-8561-272a17456b71,en,whitehall,2023-11-03T00:00:00.000Z,2023-11-03T00:00:00.000Z,,,63,"Housing and communities,Housing, local and community,GOV.UK homepage,Freehold and leasehold property","Ministry of Housing, Communities and Local Government","Ministry of Housing, Communities and Local Government",2022 to 2024 Sunak Conservative government,,,
https://www.gov.uk/guidance/identifying-sites-for-local-plans-stage-1,Stage 1: Identifying sites,detailed_guide,f8360956-41ec-4c71-bd99-2b0acde6ca48,en,whitehall,2025-11-27T00:00:00.000Z,2025-11-27T00:00:00.000Z,,,62,"Housing, local and community,Planning and building,Local Plans,GOV.UK homepage","Ministry of Housing, Communities and Local Government","Ministry of Housing, Communities and Local Government",2024 Starmer Labour government,,,
https://www.gov.uk/guidance/land-registry-portal-death-of-a-joint-proprietor-e-djp,HM Land Registry portal: death of a joint proprietor (e-DJP),detailed_guide,897e865e-4730-4778-8d15-43c6088918db,en,whitehall,2015-11-30T00:00:00.000Z,2015-11-30T00:00:00.000Z,,,62,"Housing, local and community,Housing and communities,GOV.UK homepage,Business and industry",HM Land Registry,HM Land Registry,2015 to 2016 Cameron Conservative government,,,
https://www.gov.uk/guidance/guide-to-the-renters-reform-bill,Guide to the Renters (Reform) Bill,detailed_guide,d4c3c9c5-2961-4705-887b-6b7056705267,en,whitehall,2023-05-16T23:00:00.000Z,2023-05-16T23:00:00.000Z,,,61,"GOV.UK homepage,Housing, local and community,Rented housing sector,Housing and communities","Department for Levelling Up, Housing and Communities ","Department for Levelling Up, Housing and Communities ",2022 to 2024 Sunak Conservative government,true,,
https://www.gov.uk/guidance/register-your-business-as-a-building-control-approver,Register your business as a building control approver,detailed_guide,f45de9c2-ddb2-4f71-9dd8-e26770257e17,en,whitehall,2023-10-09T23:00:00.000Z,2025-03-26T11:58:13.000Z,,,61,"Housing, local and community,Building regulation,Planning and building,GOV.UK homepage",Building Safety Regulator,"Building Safety Regulator,Health and Safety Executive",2022 to 2024 Sunak Conservative government,,,
https://www.gov.uk/guidance/land-affected-by-contamination,Land affected by contamination,detailed_guide,0e146762-6b15-4db8-be33-bc6dd6a28555,en,whitehall,2014-06-11T23:00:00.000Z,2019-07-22T17:18:13.000Z,,,61,"Planning and building,Planning system,GOV.UK homepage,Housing, local and community","Ministry of Housing, Communities and Local Government","Ministry of Housing, Communities and Local Government,Ministry of Housing, Communities & Local Government (2018 to 2021),Department for Levelling Up, Housing and Communities ",2010 to 2015 Conservative and Liberal Democrat coalition government,,,
https://www.gov.uk/guidance/information-required-from-registered-providers,Information required from registered providers,detailed_guide,b1405449-d211-4227-b87d-9b5ff060d676,en,whitehall,2015-03-30T23:00:00.000Z,2025-03-11T09:30:07.000Z,,,61,"Housing regulation,Housing and communities,GOV.UK homepage,Housing, local and community,Rented housing sector,Housing for older and vulnerable people,Council housing and housing association",Regulator of Social Housing,Regulator of Social Housing,2010 to 2015 Conservative and Liberal Democrat coalition government,,,
https://www.gov.uk/guidance/what-you-can-count-towards-a-developments-biodiversity-net-gain-bng,What you can count towards a development’s biodiversity net gain,detailed_guide,103f41a9-6274-4cda-962e-29462305d328,en,whitehall,2023-05-01T23:00:00.000Z,2024-03-13T14:42:30.000Z,,,61,"Environment,Housing, local and community,Wildlife and habitat conservation,Wildlife, animals, biodiversity and ecosystems,GOV.UK homepage,Biodiversity and ecosystems,Planning and building","Department for Environment, Food & Rural Affairs","Department for Environment, Food & Rural Affairs",2022 to 2024 Sunak Conservative government,,,
https://www.gov.uk/guidance/apply-for-support-through-the-new-homes-accelerator,Apply for support through the New Homes Accelerator,detailed_guide,107b1029-7eb4-46bb-bf36-33bc284f8e60,en,whitehall,2026-01-29T09:10:00.000Z,2026-01-29T09:10:00.000Z,,,60,"GOV.UK homepage,Housing and communities,Housing, local and community,House building,Planning and building","Ministry of Housing, Communities and Local Government","Ministry of Housing, Communities and Local Government",2024 Starmer Labour government,,,
https://www.gov.uk/guidance/how-to-make-structural-alterations-to-your-help-to-buy-home,How to make structural alterations to your Help to Buy home,detailed_guide,32e7eca2-1ca1-4cb1-9943-8a176ce24dee,en,whitehall,2021-05-04T23:00:00.000Z,2022-02-04T11:16:14.000Z,,,60,"Housing, local and community,Homebuying,Housing and communities,GOV.UK homepage",Homes England,Homes England,2019 to 2022 Johnson Conservative government,,,
https://www.gov.uk/scaffolding-rules,Scaffolding rules,answer,a3ec53a6-2569-4f58-91e2-bc4e2b1c15fe,en,publisher,2011-10-19T20:23:41.000Z,2012-05-02T16:26:36.000Z,,,60,"Business premises and business rates,Housing and communities,GOV.UK homepage,Owning and renting a property,Planning and building,Building regulation,Running a business,Business and industry,Housing, local and community",Government Digital Service,"Ministry of Housing, Communities and Local Government",,,,
https://www.gov.uk/guidance/land-registry-portal-electronic-document-registration-service,HM Land Registry portal: electronic Document Registration Service (e-DRS),detailed_guide,85fc839e-df56-46cc-999f-e3c58ce27cff,en,whitehall,2015-11-10T00:00:00.000Z,2020-11-02T06:00:11.000Z,,,59,"Business and industry,Housing and communities,Housing, local and community,GOV.UK homepage",HM Land Registry,HM Land Registry,2015 to 2016 Cameron Conservative government,,,
https://www.gov.uk/guidance/housing-revenue-account,Housing Revenue Account,detailed_guide,933f75b7-037b-4ec8-b48f-8125ef0a70f1,en,whitehall,2019-03-14T00:00:00.000Z,2026-01-28T15:44:26.000Z,,,59,"Housing, local and community,GOV.UK homepage,Rented housing sector,Housing and communities","Ministry of Housing, Communities and Local Government","Ministry of Housing, Communities and Local Government,Ministry of Housing, Communities & Local Government (2018 to 2021),Department for Levelling Up, Housing and Communities ",2016 to 2019 May Conservative government,,,
https://www.gov.uk/guidance/local-planning-authorities-strategic-flood-risk-assessment,How to prepare a strategic flood risk assessment,detailed_guide,f1dd1617-5299-4a77-b6f5-7fa0f72bcf0f,en,whitehall,2013-06-30T23:00:00.000Z,2025-08-27T15:57:49.000Z,,,59,"Environment,Planning and building,GOV.UK homepage,Housing, local and community,River maintenance, flooding and coastal erosion",Environment Agency,Environment Agency,2010 to 2015 Conservative and Liberal Democrat coalition government,,,
https://www.gov.uk/guidance/selecting-identifying-and-assessing-sites-for-local-plans,"Introduction to identifying, assessing and selecting sites",detailed_guide,f3cfcd1c-dc1e-495b-842a-2c8ae011a023,en,whitehall,2025-11-27T00:00:00.000Z,2025-11-27T00:00:00.000Z,,,59,"GOV.UK homepage,Local Plans,Housing, local and community,Planning and building","Ministry of Housing, Communities and Local Government","Ministry of Housing, Communities and Local Government",2024 Starmer Labour government,,,
https://www.gov.uk/guidance/hm-land-registry-electronic-document-registration-service,HM Land Registry electronic Document Registration Service (e-DRS),detailed_guide,e6ffb178-6843-45d5-9614-c070c28840b5,en,whitehall,2014-06-16T11:14:00.000Z,2017-05-04T14:07:12.000Z,,,58,"GOV.UK homepage,Housing, local and community,Land registration,Conveyancing services ,Housing and communities,Business and mortgage services",HM Land Registry,HM Land Registry,2010 to 2015 Conservative and Liberal Democrat coalition government,,,
https://www.gov.uk/guidance/developers-get-environmental-advice-on-your-planning-proposals,Developers: get environmental advice on your planning proposals,detailed_guide,051dc184-6a72-45f7-9eed-d8a273fed10e,en,whitehall,2015-03-29T00:00:00.000Z,2024-07-04T15:33:26.000Z,,,57,"GOV.UK homepage,Environment,Housing, local and community,Planning and building,Environmental planning,Rural and countryside,Rural development and land management",Natural England,"Natural England,Environment Agency,Department for Environment, Food & Rural Affairs",2010 to 2015 Conservative and Liberal Democrat coalition government,,,
https://www.gov.uk/guidance/sahp-2026-to-2036-strategic-priorities-in-established-mayoral-strategic-authority-areas,SAHP 2026 to 2036: Strategic priorities in Established Mayoral Strategic Authority areas,detailed_guide,de348fb4-6429-4d90-af98-fa2ca6ce78e3,en,whitehall,2025-11-07T00:00:00.000Z,2025-11-07T00:00:00.000Z,,,57,"Housing and communities,GOV.UK homepage,Housing, local and community",Homes England,Homes England,2024 Starmer Labour government,,,
https://www.gov.uk/guidance/register-to-sell-and-buy-section-106-affordable-homes,Register to sell and buy Section 106 affordable homes,detailed_guide,f7c1e54e-4e67-4338-93a2-bdb05e426b28,en,whitehall,2024-12-12T00:00:00.000Z,2026-01-28T11:35:37.000Z,,,57,"GOV.UK homepage,Housing and communities,Housing, local and community",Homes England,Homes England,2024 Starmer Labour government,,,
https://www.gov.uk/guidance/construction-near-protected-areas-and-wildlife,Construction near protected areas and wildlife,detailed_guide,5fe2ce54-7631-11e4-a3cb-005056011aef,en,whitehall,2014-10-05T23:00:00.000Z,2023-12-06T16:20:08.000Z,,,56,"Protected sites and species,Land sites,Wildlife, animals, biodiversity and ecosystems,GOV.UK homepage,Planning and building,Housing, local and community,Environment",Natural England,"Natural England,Department for Environment, Food & Rural Affairs",2010 to 2015 Conservative and Liberal Democrat coalition government,,,
https://www.gov.uk/guidance/make-a-marine-licence-application,Make a marine licence application,detailed_guide,602017d5-7631-11e4-a3cb-005056011aef,en,whitehall,2014-10-01T23:00:00.000Z,2024-11-28T15:57:32.000Z,,,56,"Marine,Marine planning,Planning and building,Housing, local and community,Marine licences,Marine environment,GOV.UK homepage,Environment",Marine Management Organisation,Marine Management Organisation,2010 to 2015 Conservative and Liberal Democrat coalition government,,,
https://www.gov.uk/guidance/renting-out-your-property-guidance-for-landlords-and-letting-agents/possession-hearings-and-orders,Possession hearings and orders,manual_section,805cb24a-57ff-402a-8493-9db94be3622f,en,manuals-publisher,2025-11-13T22:59:00.000Z,2025-11-13T22:59:00.000Z,,,56,"Housing, local and community,Housing and communities,Changes to private renting,GOV.UK homepage,Rented housing sector","Ministry of Housing, Communities and Local Government","Ministry of Housing, Communities and Local Government",,,,
https://www.gov.uk/guidance/hm-land-registry-variations-in-names,HM Land Registry variations in names,detailed_guide,a8c06ca1-0404-4260-ae58-ced8b93cb5c1,en,whitehall,2023-03-09T00:00:00.000Z,2026-02-12T15:56:18.000Z,,,56,"Land registration,Housing, local and community,GOV.UK homepage",HM Land Registry,HM Land Registry,2022 to 2024 Sunak Conservative government,,,
https://www.gov.uk/guidance/renting-out-your-property-guidance-for-landlords-and-letting-agents/if-someone-reports-you-for-rental-discrimination,If someone reports you for rental discrimination  ,manual_section,407f9dc5-c54f-46e7-9c49-8e0de1493b6f,en,manuals-publisher,2025-11-13T22:59:00.000Z,2025-11-13T22:59:00.000Z,,,55,"GOV.UK homepage,Housing, local and community,Housing and communities,Changes to private renting,Rented housing sector","Ministry of Housing, Communities and Local Government","Ministry of Housing, Communities and Local Government",,,,
https://www.gov.uk/guidance/the-building-safety-act-secondary-legislation,The Building Safety Act: secondary legislation,detailed_guide,b7e78085-009a-474d-9557-fd7a4b8b58f6,en,whitehall,2022-07-24T23:00:00.000Z,2022-07-24T23:00:00.000Z,,,55,"Planning and building,GOV.UK homepage,Housing, local and community,Building regulation","Ministry of Housing, Communities and Local Government","Ministry of Housing, Communities and Local Government,Department for Levelling Up, Housing and Communities ",2019 to 2022 Johnson Conservative government,,,
https://www.gov.uk/guidance/cladding-and-other-fire-safety-works-information-for-residents,Cladding and other fire safety works – information for residents,detailed_guide,f02b6c6c-11ec-4a40-a015-37fa973e5233,en,whitehall,2022-09-19T23:00:00.000Z,2024-09-23T14:56:37.000Z,,,55,"Building regulation,Government,Planning and building,Fire prevention and rescue,Emergency preparation, response and recovery,Housing, local and community,Freehold and leasehold property,Housing and communities,GOV.UK homepage","Ministry of Housing, Communities and Local Government","Ministry of Housing, Communities and Local Government",2022 Truss Conservative government,,,
https://www.gov.uk/guidance/nationally-significant-infrastructure-projects-advice-on-the-preparation-and-submission-of-application-documents,Nationally Significant Infrastructure Projects: Advice on the Preparation and Submission of Application Documents,detailed_guide,cf3d5fb8-ef4d-45b5-92a7-c96d77faa53a,en,whitehall,2024-08-07T23:00:00.000Z,2025-12-04T15:54:05.000Z,,,55,"Planning system,Planning and building,GOV.UK homepage,Housing, local and community",Planning Inspectorate,Planning Inspectorate,2024 Starmer Labour government,,,
https://www.gov.uk/guidance/appropriate-assessment,Appropriate assessment,detailed_guide,6cdcf0bf-e83e-4ca6-96d0-4b6e43d95e6b,en,whitehall,2019-07-22T17:09:00.000Z,2019-07-22T17:09:00.000Z,,,55,"GOV.UK homepage,Planning system,Housing, local and community,Planning and building","Ministry of Housing, Communities and Local Government","Ministry of Housing, Communities and Local Government,Ministry of Housing, Communities & Local Government (2018 to 2021),Department for Levelling Up, Housing and Communities ",2016 to 2019 May Conservative government,,,
https://www.gov.uk/guidance/waste,Waste,detailed_guide,6fef814b-6d27-4665-b98d-28fbd23f5f9a,en,whitehall,2015-10-14T23:00:00.000Z,2015-10-14T23:00:00.000Z,,,54,"Planning system,Housing, local and community,Planning and building,GOV.UK homepage","Ministry of Housing, Communities and Local Government","Ministry of Housing, Communities and Local Government,Ministry of Housing, Communities & Local Government (2018 to 2021),Department for Levelling Up, Housing and Communities ",2015 to 2016 Cameron Conservative government,,,
https://www.gov.uk/guidance/our-role-and-approach-to-regulating-landlords,Our role and approach to regulating landlords,detailed_guide,2da8129a-1d7d-4220-9493-1a21a1d1e922,en,whitehall,2024-02-29T00:00:00.000Z,2024-02-29T00:00:00.000Z,,,54,"Housing and communities,Housing for older and vulnerable people,Rented housing sector,Housing regulation,GOV.UK homepage,Housing, local and community,Council housing and housing association",Regulator of Social Housing,Regulator of Social Housing,2022 to 2024 Sunak Conservative government,,,
https://www.gov.uk/guidance/housing-needs-of-different-groups,Housing needs of different groups,detailed_guide,7a63c0ad-6d17-4dd1-9c8b-2c9894a63479,en,whitehall,2019-07-22T17:05:00.000Z,2021-05-24T16:23:20.000Z,,,53,"Planning and building,Housing, local and community,Planning system,GOV.UK homepage","Ministry of Housing, Communities and Local Government","Ministry of Housing, Communities and Local Government,Ministry of Housing, Communities & Local Government (2018 to 2021),Department for Levelling Up, Housing and Communities ",2016 to 2019 May Conservative government,,,
https://www.gov.uk/guidance/leaseholder-and-resident-information-on-the-building-safety-fund,Building Safety Fund: Information for leaseholders and residents,detailed_guide,492dfb0f-e4df-426a-9993-245af199d587,en,whitehall,2022-03-11T00:00:00.000Z,2025-09-01T13:01:16.000Z,,,53,"Housing, local and community,Building regulation,Fire prevention and rescue,Government,GOV.UK homepage,Planning and building,Emergency preparation, response and recovery","Ministry of Housing, Communities and Local Government","Ministry of Housing, Communities and Local Government,Department for Levelling Up, Housing and Communities ",2019 to 2022 Johnson Conservative government,,,
https://www.gov.uk/guidance/land-registry-portal-official-search-of-whole-with-priority,HM Land Registry portal: official search of whole with priority,detailed_guide,8e28c29c-1bf8-460a-85f9-3ac02c8a83d0,en,whitehall,2015-10-18T23:00:00.000Z,2015-10-18T23:00:00.000Z,,,53,"GOV.UK homepage,Business and industry,Housing and communities,Housing, local and community",HM Land Registry,HM Land Registry,2015 to 2016 Cameron Conservative government,,,
https://www.gov.uk/guidance/renting-out-your-property-guidance-for-landlords-and-letting-agents/resolving-issues-with-your-tenant,Resolving issues with your tenant ,manual_section,c77ca580-ab05-4205-a342-66616461d17c,en,manuals-publisher,2025-11-13T22:59:00.000Z,2025-11-13T22:59:00.000Z,,,53,"Changes to private renting,Housing and communities,Housing, local and community,Rented housing sector,GOV.UK homepage","Ministry of Housing, Communities and Local Government","Ministry of Housing, Communities and Local Government",,,,
https://www.gov.uk/guidance/climate-change,Climate change,detailed_guide,ef7307f3-4faa-4f69-9d64-c42e87316b15,en,whitehall,2014-06-11T23:00:00.000Z,2019-03-15T15:03:32.000Z,,,53,"Housing, local and community,Planning system,Planning and building,GOV.UK homepage","Ministry of Housing, Communities and Local Government","Ministry of Housing, Communities and Local Government,Ministry of Housing, Communities & Local Government (2018 to 2021),Department for Levelling Up, Housing and Communities ",2010 to 2015 Conservative and Liberal Democrat coalition government,,,
https://www.gov.uk/guidance/leaseholder-contribution-caps,Leaseholder contribution caps,detailed_guide,fc34bb9e-423f-4dad-98b3-55a3b8af1905,en,whitehall,2022-07-20T23:00:00.000Z,2024-07-24T08:30:04.000Z,,,53,"GOV.UK homepage,Planning and building,Housing, local and community,Freehold and leasehold property,Building regulation,Housing and communities","Ministry of Housing, Communities and Local Government","Ministry of Housing, Communities and Local Government,Department for Levelling Up, Housing and Communities ",2019 to 2022 Johnson Conservative government,,,
https://www.gov.uk/guidance/nationally-significant-infrastructure-projects-advice-on-habitats-regulations-assessments,Nationally Significant Infrastructure Projects: Advice on Habitats Regulations Assessments,detailed_guide,625d1fef-3ba1-4fec-b5a1-c8096259951d,en,whitehall,2024-09-20T06:52:20.000Z,2025-03-25T14:12:50.000Z,,,53,"GOV.UK homepage,Housing, local and community,Planning and building,Planning system",Planning Inspectorate,Planning Inspectorate,2024 Starmer Labour government,,,
https://www.gov.uk/object-to-land-register-changes,Object to an application to change the land register,answer,f166cdd0-a3a0-461f-9676-8d98d0aad1b4,en,publisher,2014-08-22T12:37:54.000Z,2017-04-02T23:01:09.226Z,,,52,"Housing, local and community,Housing and communities,GOV.UK homepage,Owning and renting a property",Government Digital Service,HM Land Registry,,,,
https://www.gov.uk/guidance/home-building-fund-infrastructure-loans,Home Building Fund — Infrastructure Loans,detailed_guide,41f1aae5-a1dd-4804-859a-04488f8eb092,en,whitehall,2022-02-02T00:00:00.000Z,2025-04-09T10:02:02.000Z,,,52,"House building,Housing, local and community,GOV.UK homepage,Planning and building",Homes England,Homes England,2019 to 2022 Johnson Conservative government,,,
https://www.gov.uk/guidance/special-development-order-entertainment-resort-complex-and-associated-development-in-bedford,Special Development Order: Entertainment Resort Complex and Associated Development in Bedford,detailed_guide,3bd7f454-37af-4c5a-9c24-21fdb7cf8c6f,en,whitehall,2025-12-17T00:00:00.000Z,2025-12-22T17:21:58.000Z,,,51,"Planning permission and appeals,Housing, local and community,Planning and building,GOV.UK homepage","Ministry of Housing, Communities and Local Government","Ministry of Housing, Communities and Local Government",2024 Starmer Labour government,,,
https://www.gov.uk/guidance/hm-land-registry-local-land-charges-fees,HM Land Registry: Local Land Charges fees,detailed_guide,3cbd6a21-f7b6-4d19-898b-27c50fbe5e04,en,whitehall,2018-06-18T14:46:00.000Z,2021-04-28T14:54:35.000Z,,,50,"Housing, local and community,GOV.UK homepage,Land registration,Land registration searches, fees and forms",HM Land Registry,HM Land Registry,2016 to 2019 May Conservative government,,,
https://www.gov.uk/guidance/land-registry-portal-change-of-name-e-con,HM Land Registry portal: change of name (e-CON),detailed_guide,fb3f5320-ef4c-426d-ad71-d41a7dd29742,en,whitehall,2013-09-23T23:00:00.000Z,2018-09-03T07:18:46.000Z,,,50,"GOV.UK homepage,Housing and communities,Business and industry,Housing, local and community",HM Land Registry,HM Land Registry,2010 to 2015 Conservative and Liberal Democrat coalition government,,,
https://www.gov.uk/guidance/nationally-significant-infrastructure-projects-advice-for-local-authorities,Nationally Significant Infrastructure Projects: Advice for Local Authorities,detailed_guide,99d0f434-1d5f-4d67-89d6-014b6e6208d7,en,whitehall,2024-08-07T23:00:00.000Z,2024-12-16T13:06:46.000Z,,,50,"Housing, local and community,GOV.UK homepage,Planning system,Planning and building",Planning Inspectorate,Planning Inspectorate,2024 Starmer Labour government,,,
https://www.gov.uk/guidance/find-a-registered-building-inspector-in-wales,Find a registered building inspector in Wales,detailed_guide,1e9aa4ca-7c0f-4f6b-8ec7-b0636d7cb2d7,en,whitehall,2024-05-08T23:00:00.000Z,2025-03-19T09:05:03.000Z,,,49,"GOV.UK homepage,Planning reform,Planning and building,Housing, local and community,Building regulation,Housing design and sustainability",Building Safety Regulator,"Building Safety Regulator,Health and Safety Executive",2022 to 2024 Sunak Conservative government,,,
https://www.gov.uk/guidance/what-are-my-building-owners-legal-obligations,What are my building owner’s legal obligations?,detailed_guide,611bf316-3c16-4e32-b265-2cda5824960c,en,whitehall,2022-07-20T23:00:00.000Z,2023-08-10T14:47:15.000Z,,,49,"Planning and building,Housing, local and community,Housing and communities,GOV.UK homepage,Freehold and leasehold property,Building regulation","Ministry of Housing, Communities and Local Government","Ministry of Housing, Communities and Local Government,Department for Levelling Up, Housing and Communities ",2019 to 2022 Johnson Conservative government,,,
https://www.gov.uk/guidance/amendments-to-the-building-safety-act-introduced-through-the-leasehold-freehold-reform-act-2024,Amendments to the Building Safety Act introduced through the Leasehold and Freehold Reform Act 2024,detailed_guide,1b3352d9-a7ac-4eb0-9876-2095940a0f99,en,whitehall,2024-07-23T23:00:00.000Z,2024-11-01T09:46:39.000Z,,,49,"Housing, local and community,Planning and building,GOV.UK homepage,Building regulation","Ministry of Housing, Communities and Local Government","Ministry of Housing, Communities and Local Government",2024 Starmer Labour government,,,
https://www.gov.uk/guidance/hm-land-registry-digital-applications,HM Land Registry: digital applications,detailed_guide,0c97c934-e13d-4332-8239-1e8fe5e578d0,en,whitehall,2021-11-08T17:09:00.000Z,2022-11-15T12:16:21.000Z,,,49,"Housing, local and community,GOV.UK homepage,Land registration",HM Land Registry,HM Land Registry,2019 to 2022 Johnson Conservative government,,,
https://www.gov.uk/guidance/houses-in-multiple-occupation-hmos,Houses in Multiple Occupation (HMOs),detailed_guide,5ba07cd6-db9a-4671-b52d-3da4ada356f0,en,whitehall,2023-12-01T00:00:00.000Z,2024-10-24T13:17:24.000Z,,,48,"Housing, local and community,Housing and communities,GOV.UK homepage",Valuation Office Agency,Valuation Office Agency,2022 to 2024 Sunak Conservative government,,,
https://www.gov.uk/domestic-renewable-heat-incentive,Domestic Renewable Heat Incentive (RHI),answer,21808c37-eb05-49f5-8dca-95201f31929f,en,publisher,2014-05-20T17:28:17.000Z,2015-08-05T18:18:01.000Z,,,48,"Housing, local and community,GOV.UK homepage,Household energy",Government Digital Service,"Department for Business, Energy & Industrial Strategy,Department for Energy Security and Net Zero",,,,
https://www.gov.uk/guidance/hm-land-registry-specialist-support-services-hub,HM Land Registry specialist support services hub,detailed_guide,d975fe52-f55e-4991-9d03-8a3c5a20e1c2,en,whitehall,2023-05-02T23:00:00.000Z,2023-06-14T14:58:48.000Z,,,48,"GOV.UK homepage,Land registration,Housing, local and community",HM Land Registry,HM Land Registry,2022 to 2024 Sunak Conservative government,,,
https://www.gov.uk/guidance/hm-land-registry-plans,HM Land Registry plans,detailed_guide,1cfb169c-e68b-4411-84e2-cdd7f1a9b644,en,whitehall,2023-03-09T00:00:00.000Z,2023-03-09T00:00:00.000Z,,,48,"GOV.UK homepage,Housing, local and community,Land registration",HM Land Registry,HM Land Registry,2022 to 2024 Sunak Conservative government,,,
https://www.gov.uk/guidance/your-garden-walls-better-to-be-safe,Your garden walls: better to be safe,detailed_guide,c5bce5fa-a36f-4590-b4bb-89fe78848c02,en,whitehall,2013-05-12T23:00:00.000Z,2013-05-12T23:00:00.000Z,,,48,"Building regulation,GOV.UK homepage,Planning and building,Housing, local and community","Ministry of Housing, Communities and Local Government","Ministry of Housing, Communities and Local Government,Ministry of Housing, Communities & Local Government (2018 to 2021),Department for Levelling Up, Housing and Communities ",2010 to 2015 Conservative and Liberal Democrat coalition government,,,
https://www.gov.uk/guidance/apply-to-buy-your-freehold-reversion-bvc4,Apply to buy a freehold reversion (BVC4),detailed_guide,5ec02a6c-7631-11e4-a3cb-005056011aef,en,whitehall,2013-12-06T00:00:00.000Z,2024-03-14T14:38:17.000Z,,,47,"Housing and communities,GOV.UK homepage,Housing, local and community,Freehold and leasehold property",Bona Vacantia,"Bona Vacantia,Government Legal Department",2010 to 2015 Conservative and Liberal Democrat coalition government,,,
https://www.gov.uk/guidance/our-approach-to-inspections,Our approach to inspections,detailed_guide,5f0382ee-fdce-439d-881a-c5f0b93fe430,en,whitehall,2024-02-29T00:00:00.000Z,2024-02-29T00:00:00.000Z,,,47,"Housing regulation,Housing and communities,Rented housing sector,GOV.UK homepage,Housing for older and vulnerable people,Council housing and housing association,Housing, local and community",Regulator of Social Housing,Regulator of Social Housing,2022 to 2024 Sunak Conservative government,,,
https://www.gov.uk/guidance/secure-tenancy-forms,Secure tenancy forms,detailed_guide,91843b8b-e30a-4227-b1cf-9cf987fbe36a,en,whitehall,2020-03-26T00:15:00.000Z,2021-09-30T23:15:03.000Z,,,47,"GOV.UK homepage,Tenancies and leases,Housing and communities,Housing, local and community","Ministry of Housing, Communities and Local Government","Ministry of Housing, Communities and Local Government,Ministry of Housing, Communities & Local Government (2018 to 2021),Department for Levelling Up, Housing and Communities ",2019 to 2022 Johnson Conservative government,,,
https://www.gov.uk/guidance/hm-land-registry-uk-companies-that-own-property-in-england-and-wales,HM Land Registry: UK companies that own property in England and Wales,detailed_guide,824e34b9-539f-4a4b-b4b0-34e419770d7f,en,whitehall,2020-05-26T08:52:00.000Z,2020-05-26T08:52:00.000Z,,,46,"Land registration,Housing, local and community,Land Registration Data ,GOV.UK homepage",HM Land Registry,HM Land Registry,2019 to 2022 Johnson Conservative government,,,
https://www.gov.uk/guidance/request-for-planning-permission-for-an-entertainment-resort-complex-and-associated-development-in-bedford-part-5-environmental-statement-non-techn,"Request for planning permission for an Entertainment Resort Complex and associated development in Bedford: part 5 - Environmental Statement, non-technical summary",detailed_guide,e1d0cea1-ffb4-464b-a3c8-80febc7d94c8,en,whitehall,2025-07-03T11:00:03.000Z,2025-07-03T11:00:03.000Z,,,45,"Housing, local and community,GOV.UK homepage,Planning permission and appeals,Planning and building","Ministry of Housing, Communities and Local Government","Ministry of Housing, Communities and Local Government",2024 Starmer Labour government,,,
https://www.gov.uk/appeal-lawful-development-certificate-decision,Appeal a decision about a lawful development certificate,guide,55f28ded-c26c-48d8-8146-1b9c5eaaeabb,en,publisher,2015-09-08T13:54:19.000Z,2015-09-21T11:11:42.000Z,,,45,"Regional and local government,Business premises and business rates,Housing, local and community,Business and industry,Local councils and services,Planning permission and appeals,Planning and building,GOV.UK homepage,Housing and communities,Running a business",Government Digital Service,Planning Inspectorate,,,,
https://www.gov.uk/guidance/land-registry-portal-how-to-make-a-bankruptcy-search,HM Land Registry portal: how to make a bankruptcy search,detailed_guide,e6ecef60-cc78-42f0-be6a-6e9b59998dc8,en,whitehall,2015-10-18T23:00:00.000Z,2015-10-18T23:00:00.000Z,,,45,"Housing and communities,Housing, local and community,Business and industry,GOV.UK homepage",HM Land Registry,HM Land Registry,2015 to 2016 Cameron Conservative government,,,
https://www.gov.uk/guidance/tax-relief-for-national-heritage-assets,Tax relief for national heritage assets,detailed_guide,602afbb2-7631-11e4-a3cb-005056011aef,en,whitehall,2013-11-26T00:00:00.000Z,2022-05-26T07:40:54.000Z,,,44,"Conservation of historic buildings and monuments,Money,Arts and culture,Society and culture,Housing, local and community,Planning and building,Personal tax,Inheritance Tax,Reliefs,GOV.UK homepage",HM Revenue & Customs,HM Revenue & Customs,2010 to 2015 Conservative and Liberal Democrat coalition government,,,
https://www.gov.uk/guidance/marine-licensing-sediment-analysis-and-sample-plans,Marine licensing: Sediment Analysis,detailed_guide,60201820-7631-11e4-a3cb-005056011aef,en,whitehall,2014-10-01T23:00:00.000Z,2025-01-27T09:38:46.000Z,,,44,"Environment,Marine,Marine licences,GOV.UK homepage,Housing, local and community,Planning and building,Marine environment",Marine Management Organisation,Marine Management Organisation,2010 to 2015 Conservative and Liberal Democrat coalition government,,,
https://www.gov.uk/guidance/transport-evidence-bases-in-plan-making-and-decision-taking,Transport evidence bases in plan making and decision taking,detailed_guide,c8e67836-b9cd-492c-8e51-c633ed7852c7,en,whitehall,2015-03-13T00:00:00.000Z,2015-03-13T00:00:00.000Z,,,44,"GOV.UK homepage,Housing, local and community,Planning system,Planning and building","Ministry of Housing, Communities and Local Government","Ministry of Housing, Communities and Local Government,Ministry of Housing, Communities & Local Government (2018 to 2021),Department for Levelling Up, Housing and Communities ",2010 to 2015 Conservative and Liberal Democrat coalition government,,,
https://www.gov.uk/guidance/new-build-connectivity-information-for-developers,New build connectivity: information for developers,detailed_guide,da393237-8504-4468-bff1-cf890836d392,en,whitehall,2023-01-30T14:27:00.000Z,2023-01-30T14:27:00.000Z,,,43,"Planning and building,Housing, local and community,GOV.UK homepage,Local Plans","Department for Digital, Culture, Media & Sport","Department for Digital, Culture, Media & Sport",2022 to 2024 Sunak Conservative government,,,
https://www.gov.uk/apply-for-help-to-build-equity-loan,Help to Build: Equity Loan,guide,1070fd94-441e-45b6-a8b1-36ecfdcf6a37,en,publisher,2022-05-30T07:30:05.319Z,2022-09-27T11:58:09.841Z,,,43,"GOV.UK homepage,Housing and communities,Housing, local and community,Owning and renting a property",Government Digital Service,Homes England,,,,
https://www.gov.uk/guidance/building-control-practice-guidance-reversion-faqs,Building control practice guidance: Reversion FAQs,detailed_guide,8ed4ea3c-65ae-4f6b-aefb-7c32087384be,en,whitehall,2024-10-18T09:24:05.000Z,2024-10-18T09:24:05.000Z,,,43,"Housing, local and community,Planning and building,Building regulation,GOV.UK homepage","Ministry of Housing, Communities and Local Government","Ministry of Housing, Communities and Local Government",2024 Starmer Labour government,,,
https://www.gov.uk/appeal-decision-about-tree-order,Appeal a decision about a tree preservation order,guide,8d6609de-d360-4430-bb6f-98a9c82840ee,en,publisher,2015-09-08T13:57:42.000Z,2015-09-21T11:07:43.000Z,,,43,"Regional and local government,Housing, local and community,Local councils and services,GOV.UK homepage,Housing and communities,Planning permission and appeals,Planning and building,Safety and the environment in your community",Government Digital Service,Planning Inspectorate,,,,
https://www.gov.uk/guidance/preparing-a-building-assessment-certificate-application,Preparing a building assessment certificate application,detailed_guide,8dbb5e2b-7810-4542-a1d9-a560a73a43d7,en,whitehall,2024-04-03T23:00:00.000Z,2025-06-13T12:19:32.000Z,,,42,"Building regulation,Planning and building,GOV.UK homepage,Housing, local and community",Building Safety Regulator,"Building Safety Regulator,Health and Safety Executive",2022 to 2024 Sunak Conservative government,,,
https://www.gov.uk/guidance/compulsory-purchase-and-compensation-guide-4-compensation-to-residential-owners-and-occupiers,Compulsory purchase and compensation: guide 4 - compensation to residential owners and occupiers,detailed_guide,a2cfdbea-54a6-46e6-84c1-3d285e1f86cb,en,whitehall,2021-12-17T00:00:00.000Z,2023-10-02T08:36:54.000Z,,,42,"Housing, local and community,Planning system,Planning and building,GOV.UK homepage","Ministry of Housing, Communities and Local Government","Ministry of Housing, Communities and Local Government,Department for Levelling Up, Housing and Communities ",2019 to 2022 Johnson Conservative government,,,
https://www.gov.uk/guidance/third-party-certification-schemes-for-domestic-electrical-work,Third party certification schemes for domestic electrical work,detailed_guide,5f4305e8-7631-11e4-a3cb-005056011aef,en,whitehall,2014-03-21T00:00:00.000Z,2014-05-14T10:01:53.000Z,,,41,"Building regulation,GOV.UK homepage,Planning and building,Housing, local and community","Ministry of Housing, Communities and Local Government","Ministry of Housing, Communities and Local Government,Ministry of Housing, Communities & Local Government (2018 to 2021),Department for Levelling Up, Housing and Communities ",2010 to 2015 Conservative and Liberal Democrat coalition government,,,
https://www.gov.uk/guidance/determining-your-draft-allocations-for-local-plans-stage-3,Stage 3: Determining your draft allocations,detailed_guide,77e52d29-25fa-4313-ac6e-b46fc91dc647,en,whitehall,2025-11-27T00:00:00.000Z,2025-11-27T00:00:00.000Z,,,41,"Planning and building,Housing, local and community,Local Plans,GOV.UK homepage","Ministry of Housing, Communities and Local Government","Ministry of Housing, Communities and Local Government",2024 Starmer Labour government,,,
https://www.gov.uk/guidance/called-in-planning-applications,Called-in planning applications,detailed_guide,d628c318-b1a8-407d-82ad-6d098640e32d,en,whitehall,2012-01-01T00:00:00.000Z,2025-12-01T08:00:05.000Z,,,41,"Planning permission and appeals,Planning and building,Housing, local and community,GOV.UK homepage,Planning system",Planning Inspectorate,Planning Inspectorate,2010 to 2015 Conservative and Liberal Democrat coalition government,,,
https://www.gov.uk/guidance/building-regulations-determinations,Building regulations: determinations,detailed_guide,5c7871f4-7631-11e4-a3cb-005056011aef,en,whitehall,2012-11-15T00:00:00.000Z,2015-02-25T08:58:43.000Z,,,40,"Building regulation,Housing, local and community,GOV.UK homepage,Planning and building","Ministry of Housing, Communities and Local Government","Ministry of Housing, Communities and Local Government,Ministry of Housing, Communities & Local Government (2018 to 2021),Department for Levelling Up, Housing and Communities ",2010 to 2015 Conservative and Liberal Democrat coalition government,,,
https://www.gov.uk/guidance/brownfield-infrastructure-and-land-fund,"Brownfield, Infrastructure and Land Fund",detailed_guide,4e6ab248-23df-480a-a2da-3148815d892b,en,whitehall,2023-07-23T23:00:00.000Z,2025-04-09T10:10:54.000Z,,,40,"Housing, local and community,Housing funding programmes,Housing and communities,GOV.UK homepage",Homes England,Homes England,2022 to 2024 Sunak Conservative government,,,
https://www.gov.uk/guidance/regulatory-casework-review-2025,Regulatory Casework Review 2025,detailed_guide,b92d948d-ae3b-4108-8c4f-ad7442d85c46,en,whitehall,2025-09-08T23:00:00.000Z,2025-09-08T23:00:00.000Z,,,40,"Housing for older and vulnerable people,Rented housing sector,Housing, local and community,Housing and communities,GOV.UK homepage,Council housing and housing association,Housing regulation",Regulator of Social Housing,Regulator of Social Housing,2024 Starmer Labour government,,,
https://www.gov.uk/guidance/national-character-area-profiles-information-for-local-decision-making,National Character Area profiles: information for local decision making,detailed_guide,ce2a1f4a-c3f8-46b5-af9c-ba13917d6a4d,en,whitehall,2024-05-14T08:50:08.000Z,2024-05-14T08:50:08.000Z,,,40,"GOV.UK homepage,Housing, local and community,Environment,Rural and countryside","Department for Environment, Food & Rural Affairs","Department for Environment, Food & Rural Affairs",2022 to 2024 Sunak Conservative government,,,
https://www.gov.uk/guidance/hm-land-registry-forms,HM Land Registry forms,detailed_guide,4f935c4e-005f-4003-ad02-550afef6d40a,en,whitehall,2023-03-09T00:00:00.000Z,2023-03-09T00:00:00.000Z,,,39,"Land registration,Housing, local and community,GOV.UK homepage",HM Land Registry,HM Land Registry,2022 to 2024 Sunak Conservative government,,,
https://www.gov.uk/guidance/marine-licensing-impact-assessments,Marine licensing: Information you may need to supply to support your marine licence application,detailed_guide,602018b7-7631-11e4-a3cb-005056011aef,en,whitehall,2014-10-01T23:00:00.000Z,2025-01-27T09:39:50.000Z,,,39,"Environment,Marine environment,Marine,Housing, local and community,GOV.UK homepage,Marine licences,Planning and building",Marine Management Organisation,Marine Management Organisation,2010 to 2015 Conservative and Liberal Democrat coalition government,,,
https://www.gov.uk/guidance/meet-your-bng-requirements-steps-to-take-for-land-managers,Meet your BNG requirements: steps to take for land managers,detailed_guide,458c48ab-b5c4-4a4d-9768-2e62504ffd87,en,whitehall,2023-11-29T00:00:00.000Z,2024-02-12T12:29:54.000Z,,,38,"Planning and building,Biodiversity and ecosystems,Wildlife, animals, biodiversity and ecosystems,Wildlife and habitat conservation,Environment,Housing, local and community,GOV.UK homepage","Department for Environment, Food & Rural Affairs","Department for Environment, Food & Rural Affairs",2022 to 2024 Sunak Conservative government,,,
https://www.gov.uk/guidance/renting-out-your-property-guidance-for-landlords-and-letting-agents/if-tenants-do-not-follow-the-possession-order,If tenants do not follow the possession order   ,manual_section,fdc1d165-aae8-4f12-a5dd-5ec6c29ec8d6,en,manuals-publisher,2025-11-13T22:59:00.000Z,2025-11-13T22:59:00.000Z,,,38,"Rented housing sector,Housing and communities,Housing, local and community,GOV.UK homepage,Changes to private renting","Ministry of Housing, Communities and Local Government","Ministry of Housing, Communities and Local Government",,,,
https://www.gov.uk/appeal-listed-building-consent-decision,Appeal a listed building consent decision,guide,7b10249d-adc0-49f3-93aa-2132cc0ca81c,en,publisher,2015-09-08T13:54:33.000Z,2015-09-21T10:52:35.000Z,,,37,"Housing, local and community,Planning permission and appeals,Regional and local government,Planning and building,Housing and communities,GOV.UK homepage,Local councils and services",Government Digital Service,Planning Inspectorate,,,,
https://www.gov.uk/guidance/combining-environmental-payments-biodiversity-net-gain-bng-and-nutrient-mitigation,Combining environmental payments: biodiversity net gain (BNG) and nutrient mitigation,detailed_guide,3a6cf1dd-26fd-4343-9ea1-4e2257344e85,en,whitehall,2023-02-21T00:00:00.000Z,2024-02-12T12:33:48.000Z,,,37,"Housing, local and community,Planning and building,Wildlife and habitat conservation,GOV.UK homepage,Environment,Wildlife, animals, biodiversity and ecosystems","Department for Environment, Food & Rural Affairs","Department for Environment, Food & Rural Affairs,Natural England",2022 to 2024 Sunak Conservative government,,,
https://www.gov.uk/guidance/request-environmental-permit-coordination-for-major-projects,Request environmental permit coordination for major projects,detailed_guide,03883205-2dc9-4cf1-8d4f-73756da4846f,en,whitehall,2025-03-31T23:00:00.000Z,2026-01-09T09:05:00.000Z,,,37,"Rail infrastructure,Planning and building,Environment,Environmental permits,Energy infrastructure,Road infrastructure,Housing, local and community,GOV.UK homepage,Impound (store) water,Transport,Water management,Rail,Abstract (take) water",Environment Agency,Environment Agency,2024 Starmer Labour government,,,
https://www.gov.uk/guidance/eu-construction-products-regulation-and-ce-marking-including-uk-product-contact-point-for-construction-products,"EU Construction Products Regulation and CE marking, including UK product contact point for construction products",detailed_guide,f76017b2-d5d9-4d37-838d-b61ab4bda4b2,en,whitehall,2013-06-30T23:00:00.000Z,2025-05-21T16:30:00.000Z,,,37,"Planning and building,Building regulation,Housing, local and community,GOV.UK homepage","Ministry of Housing, Communities and Local Government","Ministry of Housing, Communities and Local Government,Ministry of Housing, Communities & Local Government (2018 to 2021),Department for Levelling Up, Housing and Communities ",2010 to 2015 Conservative and Liberal Democrat coalition government,,,
https://www.gov.uk/guidance/high-rise-residential-building-information-accountable-persons-must-provide,High-rise residential building information accountable persons must provide,detailed_guide,e6d562c7-7892-407c-83cb-2fe138992cd6,en,whitehall,2024-04-03T23:00:00.000Z,2024-04-03T23:00:00.000Z,,,36,"GOV.UK homepage,Housing, local and community,Planning and building,Building regulation",Building Safety Regulator,"Building Safety Regulator,Health and Safety Executive",2022 to 2024 Sunak Conservative government,,,
https://www.gov.uk/guidance/appeals-casework-portal-documentation,Appeals casework portal documentation,detailed_guide,f7c97d46-e875-4307-ad4a-e325ac3dcf06,en,whitehall,2020-09-14T23:00:00.000Z,2020-09-14T23:00:00.000Z,,,36,"Planning permission and appeals,Housing, local and community,GOV.UK homepage,Planning and building",Planning Inspectorate,Planning Inspectorate,2019 to 2022 Johnson Conservative government,,,
https://www.gov.uk/guidance/guest-eligibility-application-process-and-checks-homes-for-ukraine,"Guest eligibility, application process and checks: Homes for Ukraine",detailed_guide,966e4f36-db48-421c-9698-1592dffbd549,en,whitehall,2023-01-16T00:00:00.000Z,2025-09-15T08:30:07.000Z,,,36,"Entering and staying in the UK,Housing and communities,Housing, local and community,GOV.UK homepage","Ministry of Housing, Communities and Local Government","Ministry of Housing, Communities and Local Government,Department for Levelling Up, Housing and Communities ",2022 to 2024 Sunak Conservative government,,,
https://www.gov.uk/guidance/planning-act-2008-pre-application-stage-for-nationally-significant-infrastructure-projects,Planning Act 2008: Pre-application stage for Nationally Significant Infrastructure Projects,detailed_guide,14dec319-bbbd-4bdf-aa8c-186f619ae148,en,whitehall,2024-04-30T15:30:02.000Z,2024-04-30T15:30:02.000Z,,,36,"Planning system,Planning and building,GOV.UK homepage,Housing, local and community","Ministry of Housing, Communities and Local Government","Ministry of Housing, Communities and Local Government,Department for Levelling Up, Housing and Communities ",2022 to 2024 Sunak Conservative government,,,
https://www.gov.uk/guidance/effective-use-of-land,Effective use of land,detailed_guide,0a766df4-683f-4bfe-8374-4b82603134ee,en,whitehall,2019-07-21T23:00:00.000Z,2025-02-27T11:30:07.000Z,,,36,"Planning system,GOV.UK homepage,Planning and building,Housing, local and community","Ministry of Housing, Communities and Local Government","Ministry of Housing, Communities and Local Government,Ministry of Housing, Communities & Local Government (2018 to 2021),Department for Levelling Up, Housing and Communities ",2016 to 2019 May Conservative government,,,
https://www.gov.uk/guidance/health-and-wellbeing,Healthy and safe communities,detailed_guide,cb47adf8-8da7-4102-a790-fc841859ff20,en,whitehall,2014-03-06T00:00:00.000Z,2022-08-07T08:00:06.000Z,,,36,"Planning and building,Housing, local and community,Planning system,GOV.UK homepage","Ministry of Housing, Communities and Local Government","Ministry of Housing, Communities and Local Government,Ministry of Housing, Communities & Local Government (2018 to 2021),Department for Levelling Up, Housing and Communities ",2010 to 2015 Conservative and Liberal Democrat coalition government,,,
https://www.gov.uk/apply-land-registration-tribunal,Apply to the land registration tribunal,guide,0961a503-06b7-4de4-a56e-87c30f168c93,en,publisher,2014-09-29T14:27:02.000Z,2025-01-17T17:02:23.667Z,,,35,"Owning and renting a property,Housing and communities,Housing, local and community,Courts, sentencing and tribunals,Crime, justice and law,GOV.UK homepage",Government Digital Service,"HM Courts & Tribunals Service,HM Land Registry",,,,
https://www.gov.uk/guidance/hm-land-registry-local-land-charges-search-results,HM Land Registry: local land charges search results,detailed_guide,b8865285-012f-4ac8-a334-0532e1d02dc5,en,whitehall,2023-04-02T23:00:00.000Z,2026-01-28T14:44:50.000Z,,,35,"Land registration,GOV.UK homepage,Housing, local and community",HM Land Registry,HM Land Registry,2022 to 2024 Sunak Conservative government,,,
https://www.gov.uk/guidance/air-quality--3,Air quality,detailed_guide,ff1487f0-2a50-4da6-9234-26d5929e2f27,en,whitehall,2014-03-06T00:00:00.000Z,2019-11-01T16:41:50.000Z,,,35,"Housing, local and community,GOV.UK homepage,Planning system,Planning and building","Ministry of Housing, Communities and Local Government","Ministry of Housing, Communities and Local Government,Ministry of Housing, Communities & Local Government (2018 to 2021),Department for Levelling Up, Housing and Communities ",2010 to 2015 Conservative and Liberal Democrat coalition government,,,
https://www.gov.uk/guidance/get-information-from-hm-land-registry,Get information from HM Land Registry,detailed_guide,e025a109-c598-45d6-aff2-d64da83bbe1e,en,whitehall,2025-03-14T00:00:00.000Z,2025-03-14T00:00:00.000Z,,,35,"GOV.UK homepage,Housing, local and community,Land registration",HM Land Registry,HM Land Registry,2024 Starmer Labour government,,,
https://www.gov.uk/guidance/land-registry-portal-how-to-view-variable-direct-debit-information,HM Land Registry portal: how to view variable direct debit information,detailed_guide,b1ae2674-c5b3-4755-8d29-d8b3a8782509,en,whitehall,2013-02-07T00:00:00.000Z,2013-02-07T00:00:00.000Z,,,35,"Business and industry,Housing and communities,GOV.UK homepage,Housing, local and community",HM Land Registry,HM Land Registry,2010 to 2015 Conservative and Liberal Democrat coalition government,,,
https://www.gov.uk/guidance/cladding-remediation,Cladding remediation,detailed_guide,5956c418-ccb3-4860-ab5a-754054b4c5d3,en,whitehall,2022-07-20T23:00:00.000Z,2022-07-20T23:00:00.000Z,,,35,"GOV.UK homepage,Planning and building,Building regulation,Freehold and leasehold property,Housing and communities,Housing, local and community","Ministry of Housing, Communities and Local Government","Ministry of Housing, Communities and Local Government,Department for Levelling Up, Housing and Communities ",2019 to 2022 Johnson Conservative government,,,
https://www.gov.uk/guidance/transitional-building-control-approval-for-new-higher-risk-buildings,Transitional building control approval for new higher-risk buildings,detailed_guide,8a06f861-d923-4a8a-b9df-1c98f189c8dd,en,whitehall,2024-04-01T23:00:00.000Z,2024-04-01T23:00:00.000Z,,,35,"Planning and building,GOV.UK homepage,Building regulation,Housing, local and community",Building Safety Regulator,"Building Safety Regulator,Health and Safety Executive",2022 to 2024 Sunak Conservative government,,,
https://www.gov.uk/guidance/apply-for-a-building-assessment-certificate,Apply for a building assessment certificate,detailed_guide,2a9dd384-e0be-4df8-93d1-ed5a1d833c37,en,whitehall,2024-04-03T23:00:00.000Z,2025-03-25T07:53:16.000Z,,,35,"Building regulation,Planning and building,Housing, local and community,Housing and communities,GOV.UK homepage",Building Safety Regulator,"Building Safety Regulator,Health and Safety Executive",2022 to 2024 Sunak Conservative government,,,
https://www.gov.uk/guidance/light-pollution,Light pollution,detailed_guide,b53dc210-f708-4704-b1de-8d6d7001b009,en,whitehall,2014-03-06T00:00:00.000Z,2019-11-01T16:41:19.000Z,,,34,"Planning and building,Planning system,GOV.UK homepage,Housing, local and community","Ministry of Housing, Communities and Local Government","Ministry of Housing, Communities and Local Government,Ministry of Housing, Communities & Local Government (2018 to 2021),Department for Levelling Up, Housing and Communities ",2010 to 2015 Conservative and Liberal Democrat coalition government,,,
https://www.gov.uk/guidance/ending-your-hosting-arrangements-and-helping-your-guest-with-their-next-steps-homes-for-ukraine,"Ending your hosting arrangements, and helping your guest with their next steps: Homes for Ukraine",detailed_guide,7ec1284f-63f6-4ca0-9ef0-0c8ed1ec5595,en,whitehall,2023-01-16T00:00:00.000Z,2025-01-21T10:04:00.000Z,,,34,"Housing, local and community,Society and culture,Housing and communities,GOV.UK homepage,Community and society","Ministry of Housing, Communities and Local Government","Ministry of Housing, Communities and Local Government,Department for Levelling Up, Housing and Communities ",2022 to 2024 Sunak Conservative government,,,
https://www.gov.uk/guidance/electricity-meters-high-bills-or-meter-readings,Electricity meters: high bills or meter readings,detailed_guide,a43d4d38-1471-4272-a0cf-ed6c3c7b10f0,en,whitehall,2018-07-01T23:00:00.000Z,2018-07-01T23:00:00.000Z,,,34,"Business and industry,Consumer rights and issues,Housing, local and community,Business regulation,Household energy,GOV.UK homepage",Office for Product Safety and Standards,Office for Product Safety and Standards,2016 to 2019 May Conservative government,,,
https://www.gov.uk/guidance/land-registry-portal-unilateral-notice-e-un1,HM Land Registry portal: unilateral notice (e-UN1),detailed_guide,7c2fda65-9bbd-41c3-bd24-2190f19b2e14,en,whitehall,2014-02-14T00:00:00.000Z,2018-10-26T08:33:29.000Z,,,34,"Housing, local and community,Land registration,Business and mortgage services,GOV.UK homepage",HM Land Registry,HM Land Registry,2010 to 2015 Conservative and Liberal Democrat coalition government,,,
https://www.gov.uk/guidance/children-being-sponsored-by-a-parent-or-legal-guardian-homes-for-ukraine,Children being sponsored by a parent or legal guardian: Homes for Ukraine,detailed_guide,d105964a-e012-4229-b0ec-16d414d9f4cf,en,whitehall,2025-01-31T00:00:00.000Z,2025-09-15T08:30:07.000Z,,,34,"GOV.UK homepage,Housing, local and community,Community and society,Housing and communities,Society and culture","Ministry of Housing, Communities and Local Government","Ministry of Housing, Communities and Local Government",2024 Starmer Labour government,,,
https://www.gov.uk/guidance/build-to-rent,Build to rent,detailed_guide,04c8470e-2453-45d0-8a1e-af9c06edca45,en,whitehall,2018-09-13T10:31:49.000Z,2018-09-13T10:31:49.000Z,,,34,"Planning and building,GOV.UK homepage,Planning system,Housing, local and community","Ministry of Housing, Communities and Local Government","Ministry of Housing, Communities and Local Government,Ministry of Housing, Communities & Local Government (2018 to 2021),Department for Levelling Up, Housing and Communities ",2016 to 2019 May Conservative government,,,
https://www.gov.uk/guidance/appeal-a-community-infrastructure-levy-enforcement-notice,"Appeal a community infrastructure levy notice under Regulation 117, 118 or 119",detailed_guide,ea033533-b4d5-4019-b642-1113d06a2dc9,en,whitehall,2012-01-01T00:00:00.000Z,2025-12-01T08:00:06.000Z,,,34,"Planning system,Planning permission and appeals,Housing, local and community,GOV.UK homepage,Planning and building",Planning Inspectorate,Planning Inspectorate,2010 to 2015 Conservative and Liberal Democrat coalition government,,,
https://www.gov.uk/guidance/valuation-office-agency-rent-officers-lha-historical-rates,Valuation Office Agency Rent Officers: LHA Historical Rates,detailed_guide,1ad88118-ed40-440e-ae62-44260ae3ad30,en,whitehall,2023-10-10T23:00:00.000Z,2026-01-30T12:07:49.000Z,,,34,"GOV.UK homepage,Housing and communities,Housing, local and community",Valuation Office Agency,Valuation Office Agency,2022 to 2024 Sunak Conservative government,,,
https://www.gov.uk/guidance/guidance-for-property-professionals,Guidance for property professionals,detailed_guide,7c5127f5-7353-43b8-b9ef-9dd92bd418cb,en,whitehall,2025-03-14T00:00:00.000Z,2025-03-14T00:00:00.000Z,,,34,"GOV.UK homepage,Land registration,Housing, local and community",HM Land Registry,HM Land Registry,2024 Starmer Labour government,,,
https://www.gov.uk/guidance/request-for-planning-permission-for-an-entertainment-resort-complex-and-associated-development-in-bedford-part-2-environmental-statement-chapters,Request for planning permission for an Entertainment Resort Complex and associated development in Bedford: part 2 - Environmental Statement chapters,detailed_guide,39736c82-aefd-47af-b72b-c4658d48722f,en,whitehall,2025-07-03T11:00:03.000Z,2025-07-03T11:00:03.000Z,,,33,"GOV.UK homepage,Planning and building,Planning permission and appeals,Housing, local and community","Ministry of Housing, Communities and Local Government","Ministry of Housing, Communities and Local Government",2024 Starmer Labour government,,,
https://www.gov.uk/guidance/nationally-significant-infrastructure-projects-advice-on-the-water-framework-directive,Nationally Significant Infrastructure Projects: Advice on the Water Framework Directive,detailed_guide,baa23bee-c401-4234-9912-a69403cf805a,en,whitehall,2024-09-19T23:00:00.000Z,2025-03-25T14:13:38.000Z,,,33,"Planning system,Planning and building,GOV.UK homepage,Housing, local and community",Planning Inspectorate,Planning Inspectorate,2024 Starmer Labour government,,,
https://www.gov.uk/guidance/hm-land-registry-portal-manage-your-organisations-accounts,HM Land Registry Business e-services: manage your organisation’s portal accounts,detailed_guide,a2d47067-bf75-4e07-b8ec-ff62acd614fb,en,whitehall,2017-08-30T23:00:00.000Z,2020-11-09T07:00:00.000Z,,,33,"Housing, local and community,Conveyancing services ,GOV.UK homepage,Land registration,Housing and communities,Business and mortgage services",HM Land Registry,HM Land Registry,2016 to 2019 May Conservative government,,,
https://www.gov.uk/guidance/new-entrants-registration-forms,New entrants registration forms,detailed_guide,e06be587-0726-4b4b-8537-2efc11d4742c,en,whitehall,2025-06-10T08:30:02.000Z,2025-06-10T08:30:02.000Z,,,33,"Rented housing sector,Housing regulation,Housing and communities,GOV.UK homepage,Housing for older and vulnerable people,Council housing and housing association,Housing, local and community",Regulator of Social Housing,Regulator of Social Housing,2024 Starmer Labour government,,,
https://www.gov.uk/guidance/gas-meter-accuracy-and-disputes,Gas meters: independent testing of accuracy,detailed_guide,5f1932e0-7631-11e4-a3cb-005056011aef,en,whitehall,2014-03-13T00:00:00.000Z,2018-07-02T10:34:20.000Z,,,33,"Business regulation,Climate change and energy,Your rights and the law,Housing, local and community,Consumer rights and issues,Environment,GOV.UK homepage,Business and industry,Crime, justice and law,Household energy",Office for Product Safety and Standards,Office for Product Safety and Standards,2010 to 2015 Conservative and Liberal Democrat coalition government,,,
https://www.gov.uk/guidance/how-to-make-a-referral-to-us,How to make a referral to us,detailed_guide,9af425bb-d82f-46e5-b248-3a46d7ba657f,en,whitehall,2024-04-01T23:00:00.000Z,2024-04-01T23:00:00.000Z,,,33,"Council housing and housing association,Housing and communities,Housing for older and vulnerable people,GOV.UK homepage,Housing, local and community,Rented housing sector,Housing regulation",Regulator of Social Housing,Regulator of Social Housing,2022 to 2024 Sunak Conservative government,,,
https://www.gov.uk/guidance/decent-homes-standard-review,Decent Homes Standard: review,detailed_guide,c585cd33-bdd0-4374-a913-d043a024211b,en,whitehall,2021-02-08T00:00:00.000Z,2021-02-08T00:00:00.000Z,,,32,"Rented housing sector,Housing and communities,Housing, local and community,GOV.UK homepage","Department for Levelling Up, Housing and Communities ","Department for Levelling Up, Housing and Communities ,Ministry of Housing, Communities & Local Government (2018 to 2021)",2019 to 2022 Johnson Conservative government,,,
https://www.gov.uk/guidance/hm-land-registry-network-services,HM Land Registry Network Services,detailed_guide,5a38abd2-1fce-48cb-a833-3bd79963d233,en,whitehall,2014-06-16T11:14:00.000Z,2014-06-16T11:14:00.000Z,,,32,"Housing, local and community,GOV.UK homepage,Land registration,Business and mortgage services,Conveyancing services ,Housing and communities",HM Land Registry,HM Land Registry,2010 to 2015 Conservative and Liberal Democrat coalition government,,,
https://www.gov.uk/guidance/how-to-present-your-policies-map,How to present your policies map,detailed_guide,b9aba60b-7b81-4a3e-b032-2012191704d8,en,whitehall,2025-02-27T11:30:07.000Z,2025-02-27T11:30:07.000Z,,,32,"Planning and building,GOV.UK homepage,Housing, local and community,Local Plans","Ministry of Housing, Communities and Local Government","Ministry of Housing, Communities and Local Government",2024 Starmer Labour government,,,
https://www.gov.uk/guidance/submit-complex-commercial-or-infrastructure-development-enquiries-and-transactions-to-hm-land-registry,Submit complex commercial or infrastructure development enquiries and transactions to HM Land Registry,detailed_guide,5de83834-c51c-4ed5-a65f-4c8b3018e40d,en,whitehall,2019-11-03T12:00:00.000Z,2019-11-03T12:00:00.000Z,,,32,"Housing, local and community,Business and mortgage services,GOV.UK homepage,Conveyancing services ,Land registration",HM Land Registry,HM Land Registry,2019 to 2022 Johnson Conservative government,,,
https://www.gov.uk/guidance/building-safety-fund-leaseholder-and-resident-service,Building Safety Fund Leaseholder and Resident Service,detailed_guide,87b73f63-917b-450d-8b44-6bb691fb38ca,en,whitehall,2023-08-16T23:00:00.000Z,2023-10-24T11:30:53.000Z,,,32,"Building regulation,Emergency preparation, response and recovery,Government,Fire prevention and rescue,Planning and building,GOV.UK homepage,Housing, local and community","Ministry of Housing, Communities and Local Government","Ministry of Housing, Communities and Local Government,Department for Levelling Up, Housing and Communities ",2022 to 2024 Sunak Conservative government,,,
https://www.gov.uk/guidance/disclosure-and-barring-service-dbs-checks-homes-for-ukraine,Disclosure and Barring Service (DBS) checks: Homes for Ukraine,detailed_guide,46be7d0d-2802-4313-a26c-49b1d0931b2f,en,whitehall,2023-01-16T00:00:00.000Z,2025-09-15T08:30:07.000Z,,,31,"Housing, local and community,Entering and staying in the UK,Housing and communities,GOV.UK homepage","Ministry of Housing, Communities and Local Government","Ministry of Housing, Communities and Local Government,Department for Levelling Up, Housing and Communities ",2022 to 2024 Sunak Conservative government,,,
https://www.gov.uk/guidance/registrations-de-registrations-and-notifications,"Register, de-register or make a notification",detailed_guide,847c31ff-a168-40e3-ae0b-f8bad1a581c0,en,whitehall,2019-01-18T00:00:00.000Z,2019-01-18T00:00:00.000Z,,,31,"Housing and communities,GOV.UK homepage,Rented housing sector,Housing, local and community,Housing regulation",Regulator of Social Housing,Regulator of Social Housing,2016 to 2019 May Conservative government,,,
https://www.gov.uk/guidance/regular-reviews-between-programmed-inspections,Regular reviews between programmed inspections,detailed_guide,3dfa5268-aaa8-4649-9fda-4bed6e66b862,en,whitehall,2024-02-29T00:00:00.000Z,2026-02-10T09:30:01.000Z,,,31,"Housing regulation,Housing and communities,Housing for older and vulnerable people,Housing, local and community,Rented housing sector,GOV.UK homepage,Council housing and housing association",Regulator of Social Housing,Regulator of Social Housing,2022 to 2024 Sunak Conservative government,,,
https://www.gov.uk/guidance/hm-land-registry-requisitions,HM Land Registry requisitions,detailed_guide,d95d072d-a83f-4660-b1fb-9ff400c4b76e,en,whitehall,2016-10-06T23:00:00.000Z,2022-04-14T08:00:27.000Z,,,31,"Land registration,GOV.UK homepage,Housing, local and community,Business and mortgage services",HM Land Registry,HM Land Registry,2016 to 2019 May Conservative government,,,
https://www.gov.uk/guidance/nationally-significant-infrastructure-projects-technical-advice-page-for-scoping-solar-development,Nationally Significant Infrastructure Projects: Technical Advice Page for Scoping Solar Development,detailed_guide,e7011824-726d-4f41-9102-7f171e48a940,en,whitehall,2024-09-19T23:00:00.000Z,2025-03-27T14:29:42.000Z,,,30,"Housing, local and community,GOV.UK homepage,Planning and building,Planning system",Planning Inspectorate,Planning Inspectorate,2024 Starmer Labour government,,,
https://www.gov.uk/guidance/nationally-significant-infrastructure-projects-terms-commonly-used-in-the-process,Nationally Significant Infrastructure Projects: Terms commonly used in the process,detailed_guide,e172479e-598a-4641-8671-df810d2c46ee,en,whitehall,2025-09-03T23:00:00.000Z,2025-11-03T15:27:35.000Z,,,30,"Planning system,GOV.UK homepage,Housing, local and community,Planning and building",Planning Inspectorate,Planning Inspectorate,2024 Starmer Labour government,,,
https://www.gov.uk/guidance/guidance-on-the-use-of-remediation-orders,Guidance on the use of remediation orders,detailed_guide,5217c841-2fb5-4b6e-87f2-c41e049a70f8,en,whitehall,2023-10-15T23:00:00.000Z,2023-10-15T23:00:00.000Z,,,30,"GOV.UK homepage,Building regulation,Housing, local and community,Freehold and leasehold property,Planning and building,Housing and communities","Ministry of Housing, Communities and Local Government","Ministry of Housing, Communities and Local Government,Department for Levelling Up, Housing and Communities ",2022 to 2024 Sunak Conservative government,,,
https://www.gov.uk/guidance/hm-land-registry-avoiding-requisitions,HM Land Registry avoiding requisitions,detailed_guide,7f02b35f-990b-48b5-88f3-681e480ffa6f,en,whitehall,2023-03-09T00:00:00.000Z,2026-02-13T14:20:32.000Z,,,30,"Housing, local and community,Land registration,GOV.UK homepage",HM Land Registry,HM Land Registry,2022 to 2024 Sunak Conservative government,,,
https://www.gov.uk/guidance/taking-part-in-local-plan-examinations,Local plans: taking part in examinations,detailed_guide,26025025-3785-489a-a290-0ec52313b524,en,whitehall,2022-02-04T00:00:00.000Z,2025-11-27T12:46:51.000Z,,,30,"Housing, local and community,Local Plans,Planning and building,GOV.UK homepage",Planning Inspectorate,Planning Inspectorate,2019 to 2022 Johnson Conservative government,,,
https://www.gov.uk/guidance/confirming-draft-allocations-and-recording-decisions-for-local-plans-stage-4,Stage 4: Confirming your draft allocations and recording your decisions,detailed_guide,ef797279-116f-4dfc-84fa-eadf55fb0364,en,whitehall,2025-11-27T00:00:00.000Z,2025-11-27T00:00:00.000Z,,,30,"Planning and building,Housing, local and community,GOV.UK homepage,Local Plans","Ministry of Housing, Communities and Local Government","Ministry of Housing, Communities and Local Government",2024 Starmer Labour government,,,
https://www.gov.uk/guidance/nationally-significant-infrastructure-projects-advice-for-submitting-representations-or-comments,Nationally Significant Infrastructure Projects: Advice for submitting representations or comments,detailed_guide,23703258-c314-420a-ba8d-eb7e2f5965a5,en,whitehall,2024-08-07T23:00:00.000Z,2025-03-14T12:50:00.000Z,,,30,"Planning and building,Planning system,GOV.UK homepage,Housing, local and community",Planning Inspectorate,Planning Inspectorate,2024 Starmer Labour government,,,
https://www.gov.uk/guidance/sahp-2026-to-2036-after-applying,SAHP 2026 to 2036: After applying,detailed_guide,6ce82e1c-475c-402a-aaa4-bfa84f873c70,en,whitehall,2025-11-07T00:00:00.000Z,2026-01-16T10:00:06.000Z,,,30,"Housing, local and community,GOV.UK homepage,Housing and communities",Homes England,Homes England,2024 Starmer Labour government,,,
https://www.gov.uk/clear-snow-road-path-cycleway,"Clear snow from a road, path or cycleway",answer,7d16c30a-9dca-4d7c-8044-3efb0d88c441,en,publisher,2012-12-04T10:31:55.000Z,2014-11-12T12:26:02.000Z,,,29,"Housing, local and community,Housing and communities,GOV.UK homepage,Recycling, rubbish, streets and roads,Safety and the environment in your community",Government Digital Service,"Department for Transport,Highways England",,,,
https://www.gov.uk/guidance/repair-and-rateable-value,Repair and rateable value,detailed_guide,f5d7d78c-38da-48d7-a574-6706c50950ae,en,whitehall,2016-01-22T10:07:00.000Z,2023-12-20T14:35:21.000Z,,,29,"Housing, local and community,Your rateable value,Regional and local government,GOV.UK homepage,Local government,Business rates,Money",Valuation Office Agency,Valuation Office Agency,2015 to 2016 Cameron Conservative government,,,
https://www.gov.uk/guidance/land-registry-portal-standard-restrictions-e-rx1,HM Land Registry portal: standard restrictions (e-RX1),detailed_guide,5351975b-2f25-4ba2-9360-e2b4c4d73169,en,whitehall,2015-11-30T00:00:00.000Z,2015-11-30T00:00:00.000Z,,,28,"GOV.UK homepage,Housing, local and community,Business and industry,Housing and communities",HM Land Registry,HM Land Registry,2015 to 2016 Cameron Conservative government,,,
https://www.gov.uk/guidance/crown-development,Crown Development and Urgent Crown Development,detailed_guide,e07dce61-1213-4e2f-b14a-44144e6a7714,en,whitehall,2014-03-06T00:00:00.000Z,2025-05-12T10:45:01.000Z,,,28,"Housing, local and community,Planning system,Planning and building,GOV.UK homepage","Ministry of Housing, Communities and Local Government","Ministry of Housing, Communities and Local Government,Ministry of Housing, Communities & Local Government (2018 to 2021),Department for Levelling Up, Housing and Communities ",2010 to 2015 Conservative and Liberal Democrat coalition government,,,
https://www.gov.uk/appeal-high-hedges-decision,Appeal a high hedges decision,guide,dece558f-6cdc-4675-bb2d-4c76602038ed,en,publisher,2015-09-08T13:56:51.000Z,2025-01-24T15:15:47.899Z,,,28,"Regional and local government,Safety and the environment in your community,Local councils and services,GOV.UK homepage,Planning and building,Neighbours, noise and pests,Housing, local and community,Planning permission and appeals,Housing and communities",Government Digital Service,Planning Inspectorate,,,,
https://www.gov.uk/guidance/gas-meters-high-bills-or-meter-readings,Gas meters: high bills or meter readings,detailed_guide,dc118a01-9e0b-4e85-ba19-26018171688a,en,whitehall,2018-07-01T23:00:00.000Z,2018-07-01T23:00:00.000Z,,,28,"Housing, local and community,Household energy,Consumer rights and issues,Business and industry,Business regulation,GOV.UK homepage",Office for Product Safety and Standards,Office for Product Safety and Standards,2016 to 2019 May Conservative government,,,
https://www.gov.uk/guidance/apply-to-join-the-delivery-partner-dynamic-purchasing-system,Apply to join the Delivery Partner Dynamic Purchasing System,detailed_guide,b3bc3e2a-5edc-4584-bd6d-8ea5ab292c22,en,whitehall,2021-05-24T10:39:00.000Z,2023-04-05T11:05:22.000Z,,,28,"Housing, local and community,GOV.UK homepage,Housing and communities",Homes England,Homes England,2019 to 2022 Johnson Conservative government,,,
https://www.gov.uk/guidance/rights-of-way-order-information-start-date-notices-inquiry-hearing-notices-and-rejection-letters-published-in-2024,"Rights of Way order information: start date notices, inquiry & hearing notices and rejection letters published in 2024 and 2025",detailed_guide,a0af81ad-f957-4edb-9df5-69e5fc66160c,en,whitehall,2024-02-27T00:00:00.000Z,2026-01-21T15:34:30.000Z,,,28,"Environment,Countryside,Planning permission and appeals,Rural and countryside,GOV.UK homepage,Planning and building,Access to the countryside,Housing, local and community",Planning Inspectorate,Planning Inspectorate,2022 to 2024 Sunak Conservative government,,,
https://www.gov.uk/guidance/if-you-own-or-rent-your-home-homes-for-ukraine,If you own or rent your home: Homes for Ukraine,detailed_guide,be67e83c-911c-424c-af8a-f6eebecaa852,en,whitehall,2023-01-16T11:57:04.000Z,2023-01-16T11:57:04.000Z,,,28,"Community and society,Housing and communities,Society and culture,GOV.UK homepage,Housing, local and community","Ministry of Housing, Communities and Local Government","Ministry of Housing, Communities and Local Government,Department for Levelling Up, Housing and Communities ",2022 to 2024 Sunak Conservative government,,,
https://www.gov.uk/guidance/request-for-planning-permission-for-an-entertainment-resort-complex-and-associated-development-in-bedford-part-1-introductory-documents,Request for planning permission for an Entertainment Resort Complex and associated development in Bedford: part 1 - Introductory documents,detailed_guide,6a1ffb5f-08d7-4ac9-a4a0-4af7c68b8be7,en,whitehall,2025-07-02T23:00:00.000Z,2025-07-02T23:00:00.000Z,,,28,"Housing, local and community,Planning permission and appeals,Planning and building,GOV.UK homepage","Ministry of Housing, Communities and Local Government","Ministry of Housing, Communities and Local Government",2024 Starmer Labour government,,,
https://www.gov.uk/guidance/hm-land-registry-fees,HM Land Registry fees,detailed_guide,7d561ae9-f1b3-49db-8213-eb0c9d2bbb94,en,whitehall,2023-03-09T00:00:00.000Z,2023-03-09T00:00:00.000Z,,,27,"Land registration,Housing, local and community,GOV.UK homepage",HM Land Registry,HM Land Registry,2022 to 2024 Sunak Conservative government,,,
https://www.gov.uk/guidance/refer-a-commercial-lease-for-disclaimer-bvc3,Refer a commercial lease for disclaimer (BVC3),detailed_guide,5ec028cf-7631-11e4-a3cb-005056011aef,en,whitehall,2013-12-06T14:25:00.000Z,2023-06-12T08:32:37.000Z,,,27,"Tenancies and leases,Housing, local and community,Business and industry,GOV.UK homepage,Housing and communities",Bona Vacantia,"Bona Vacantia,Government Legal Department",2010 to 2015 Conservative and Liberal Democrat coalition government,,,
https://www.gov.uk/guidance/help-to-buy-equity-loan-arrears,Help to Buy: Equity Loan arrears,detailed_guide,486e0d05-d872-47ed-a76b-4cedeaa212a3,en,whitehall,2024-05-19T23:00:00.000Z,2024-05-19T23:00:00.000Z,,,27,"Housing and communities,GOV.UK homepage,Homebuying,Housing, local and community",Homes England,Homes England,2022 to 2024 Sunak Conservative government,,,
https://www.gov.uk/guidance/hosting-someone-already-in-the-uk-rematching-homes-for-ukraine,Hosting someone already in the UK (rematching): Homes for Ukraine,detailed_guide,59e0539f-77c5-478c-8dbe-b34ddcb1e3da,en,whitehall,2023-01-16T00:00:00.000Z,2025-01-21T10:01:41.000Z,,,26,"GOV.UK homepage,Housing, local and community,Community and society,Housing and communities,Society and culture","Ministry of Housing, Communities and Local Government","Ministry of Housing, Communities and Local Government,Department for Levelling Up, Housing and Communities ",2022 to 2024 Sunak Conservative government,,,
https://www.gov.uk/guidance/renting-private-accommodation-homes-for-ukraine,Renting private accommodation: Homes for Ukraine,detailed_guide,584c18bb-4cc4-4a8a-a96c-af3892931143,en,whitehall,2023-01-16T00:00:00.000Z,2025-03-24T15:53:02.000Z,,,26,"Housing and communities,Community and society,GOV.UK homepage,Housing, local and community,Society and culture,Rented housing sector","Ministry of Housing, Communities and Local Government","Ministry of Housing, Communities and Local Government,Department for Levelling Up, Housing and Communities ",2022 to 2024 Sunak Conservative government,,,
https://www.gov.uk/guidance/inspection-plan,Inspection plan ,detailed_guide,40cf7812-9fd3-4014-925d-e7de57a1bce4,en,whitehall,2024-02-29T00:00:00.000Z,2024-02-29T00:00:00.000Z,,,26,"Housing for older and vulnerable people,Housing regulation,Housing and communities,GOV.UK homepage,Rented housing sector,Council housing and housing association,Housing, local and community",Regulator of Social Housing,Regulator of Social Housing,2022 to 2024 Sunak Conservative government,,,
https://www.gov.uk/guidance/housing-optional-technical-standards,Housing: optional technical standards,detailed_guide,ffbecda0-652d-4e72-b752-b3595f3f902e,en,whitehall,2015-03-27T00:00:00.000Z,2015-03-27T00:00:00.000Z,,,26,"Planning system,GOV.UK homepage,Planning and building,Housing, local and community","Ministry of Housing, Communities and Local Government","Ministry of Housing, Communities and Local Government,Ministry of Housing, Communities & Local Government (2018 to 2021),Department for Levelling Up, Housing and Communities ",2010 to 2015 Conservative and Liberal Democrat coalition government,,,
https://www.gov.uk/guidance/remediation-of-non-acm-buildings,Building Safety Fund guidance for applications made in 2020,detailed_guide,893f55f3-7bbd-4fef-aaf3-697129f003b3,en,whitehall,2020-03-11T00:00:00.000Z,2024-03-13T09:16:43.000Z,,,26,"Housing, local and community,Government,Fire prevention and rescue,GOV.UK homepage,Planning and building,Building regulation,Emergency preparation, response and recovery","Ministry of Housing, Communities and Local Government","Ministry of Housing, Communities and Local Government,Department for Levelling Up, Housing and Communities ",2019 to 2022 Johnson Conservative government,,,
https://www.gov.uk/guidance/find-an-organisation-that-sells-shared-ownership-homes-in-england,Find an organisation that sells Shared Ownership homes in England,detailed_guide,6ef7f47e-6324-4e8c-94e2-92ef09f2d171,en,whitehall,2025-12-03T00:00:00.000Z,2025-12-04T10:06:35.000Z,,,26,"Housing and communities,GOV.UK homepage,Housing, local and community",Homes England,Homes England,2024 Starmer Labour government,,,
https://www.gov.uk/guidance/land-registry-portal-official-search-of-part-with-priority,HM Land Registry portal: official search of part with priority,detailed_guide,da477655-1bf6-4511-9c45-b7c85ebed201,en,whitehall,2012-08-06T23:00:00.000Z,2025-05-27T10:54:36.000Z,,,26,"Housing, local and community,Business and industry,GOV.UK homepage,Housing and communities",HM Land Registry,HM Land Registry,2010 to 2015 Conservative and Liberal Democrat coalition government,,,
https://www.gov.uk/guidance/using-community-engagement-platforms-in-planning-consultations,Using community engagement platforms in planning consultations,detailed_guide,f2562658-1e44-42db-a5db-b0f06f7eea5c,en,whitehall,2025-12-19T09:33:01.000Z,2025-12-19T09:33:01.000Z,,,26,"Planning system,GOV.UK homepage,Planning and building,Housing, local and community,Local Plans","Ministry of Housing, Communities and Local Government","Ministry of Housing, Communities and Local Government",2024 Starmer Labour government,,,
https://www.gov.uk/guidance/leasehold-reform-ground-rent-act-2022,Leasehold Reform (Ground Rent) Act 2022,detailed_guide,114317b9-6016-4ca0-90a6-0dce6111edd7,en,whitehall,2022-02-11T00:00:00.000Z,2022-02-11T00:00:00.000Z,,,26,"Housing and communities,GOV.UK homepage,Housing, local and community,Freehold and leasehold property","Ministry of Housing, Communities and Local Government","Ministry of Housing, Communities and Local Government,Department for Levelling Up, Housing and Communities ",2019 to 2022 Johnson Conservative government,,,
https://www.gov.uk/guidance/hm-land-registry-essentials,HM Land Registry Essentials,detailed_guide,d2785b7a-0086-4cff-887d-19cf90b804ad,en,whitehall,2023-07-23T23:00:00.000Z,2023-07-23T23:00:00.000Z,,,26,"Land registration,GOV.UK homepage,Housing, local and community",HM Land Registry,HM Land Registry,2022 to 2024 Sunak Conservative government,,,
https://www.gov.uk/guidance/compulsory-purchase-and-compensation-guide-2-compensation-to-business-owners-and-occupiers,Compulsory purchase and compensation: guide 2 - compensation to business owners and occupiers,detailed_guide,4ce840a7-cf87-47c1-b8e8-448a1f1a69b4,en,whitehall,2021-12-17T00:00:00.000Z,2021-12-17T00:00:00.000Z,,,26,"Planning system,GOV.UK homepage,Planning and building,Housing, local and community","Ministry of Housing, Communities and Local Government","Ministry of Housing, Communities and Local Government,Department for Levelling Up, Housing and Communities ",2019 to 2022 Johnson Conservative government,,,
https://www.gov.uk/financial-help-after-fire,House fires: financial help and fire safety,answer,fd9bccdc-6b89-42fd-8a3e-5879087930be,en,publisher,2012-10-09T19:30:43.000Z,2025-01-10T13:52:07.427Z,,,25,"Safety and the environment in your community,Benefits entitlement,Welfare,Housing, local and community,GOV.UK homepage,Housing and communities",Government Digital Service,Department for Work and Pensions,,,,
https://www.gov.uk/guidance/homes-for-ukraine-guidance-for-parents-or-legal-guardians-children-and-minors-applying-without-parents,Homes for Ukraine: Guidance for parents or legal guardians (children and minors applying without parents),detailed_guide,c9a95e11-d0bb-474a-a49a-f17629a154b8,en,whitehall,2022-07-14T23:00:00.000Z,2025-08-05T10:08:54.000Z,,,25,"GOV.UK homepage,Housing and communities,Housing, local and community","Ministry of Housing, Communities and Local Government","Ministry of Housing, Communities and Local Government,Department for Levelling Up, Housing and Communities ",2019 to 2022 Johnson Conservative government,,,
https://www.gov.uk/guidance/land-registry-portal-withdraw-an-official-search-with-priority,HM Land Registry portal: withdraw an official search with priority,detailed_guide,f4d6d07a-13db-47c6-a985-e40e0f1357f9,en,whitehall,2017-01-09T00:00:00.000Z,2017-01-09T00:00:00.000Z,,,25,"GOV.UK homepage,Housing and communities,Business and industry,Housing, local and community",HM Land Registry,HM Land Registry,2016 to 2019 May Conservative government,,,
https://www.gov.uk/guidance/introduction-to-national-infrastructure-planning-guidance,Introduction to National Infrastructure Planning Guidance,detailed_guide,485e0f61-6a90-45db-b75a-53084a37263d,en,whitehall,2024-04-17T08:30:00.000Z,2024-04-17T08:30:00.000Z,,,25,"Housing, local and community,Planning system,Planning and building,GOV.UK homepage","Ministry of Housing, Communities and Local Government","Ministry of Housing, Communities and Local Government,Department for Levelling Up, Housing and Communities ",2022 to 2024 Sunak Conservative government,,,
https://www.gov.uk/guidance/land-registry-portal-cancel-a-restriction-e-rx3,HM Land Registry portal: cancel a restriction (e-RX3),detailed_guide,00340c50-f6b5-411d-96e3-a732009ceeeb,en,whitehall,2015-12-10T00:00:00.000Z,2015-12-10T00:00:00.000Z,,,25,"GOV.UK homepage,Business and industry,Housing and communities,Housing, local and community",HM Land Registry,HM Land Registry,2015 to 2016 Cameron Conservative government,,,
https://www.gov.uk/guidance/key-principles-scope-and-eligibility-homes-for-ukraine,Rematching: Homes for Ukraine,detailed_guide,d19bb4e5-e475-4931-884d-504487496116,en,whitehall,2023-01-16T00:00:00.000Z,2025-09-15T08:30:08.000Z,,,25,"GOV.UK homepage,Housing and communities,Housing, local and community","Ministry of Housing, Communities and Local Government","Ministry of Housing, Communities and Local Government,Department for Levelling Up, Housing and Communities ",2022 to 2024 Sunak Conservative government,,,
https://www.gov.uk/guidance/when-you-have-sponsored-for-6-months-homes-for-ukraine,When you have sponsored for 6 months: Homes for Ukraine,detailed_guide,dc75550f-b76e-4ad9-a396-49c910d4fb96,en,whitehall,2023-01-16T00:00:00.000Z,2025-01-31T00:01:04.000Z,,,24,"Community and society,Society and culture,Housing and communities,GOV.UK homepage,Housing, local and community","Ministry of Housing, Communities and Local Government","Ministry of Housing, Communities and Local Government,Department for Levelling Up, Housing and Communities ",2022 to 2024 Sunak Conservative government,,,
https://www.gov.uk/guidance/voa-agent-standards,VOA agent standards,detailed_guide,c696bf62-be96-4e61-bc9c-bc24a989b0b7,en,whitehall,2024-01-30T00:00:00.000Z,2024-12-23T10:15:09.000Z,,,24,"Housing, local and community,GOV.UK homepage,Owning and renting a property,Housing and communities",Valuation Office Agency,Valuation Office Agency,2022 to 2024 Sunak Conservative government,,,
https://www.gov.uk/guidance/land-stability,Land stability,detailed_guide,5ae08634-eaa2-4350-8f86-96ed38236952,en,whitehall,2014-03-06T00:00:00.000Z,2019-07-22T16:42:11.000Z,,,24,"Planning and building,GOV.UK homepage,Housing, local and community,Planning system","Ministry of Housing, Communities and Local Government","Ministry of Housing, Communities and Local Government,Ministry of Housing, Communities & Local Government (2018 to 2021),Department for Levelling Up, Housing and Communities ",2010 to 2015 Conservative and Liberal Democrat coalition government,,,
https://www.gov.uk/guidance/land-registry-portal-get-notifications-about-your-documents,HM Land Registry portal: get notifications about your documents,detailed_guide,4daf85ca-286b-4d1f-bd80-c885aa1fc5ff,en,whitehall,2015-12-10T00:00:00.000Z,2016-09-26T08:25:24.000Z,,,24,"Housing, local and community,GOV.UK homepage,Business and industry,Housing and communities",HM Land Registry,HM Land Registry,2015 to 2016 Cameron Conservative government,,,
https://www.gov.uk/guidance/hm-land-registry-leases,HM Land Registry leases,detailed_guide,bfdd10a5-0b3c-4069-8c3d-c5bd97e25de5,en,whitehall,2023-03-09T00:00:00.000Z,2023-03-09T00:00:00.000Z,,,24,"Housing, local and community,Land registration,GOV.UK homepage",HM Land Registry,HM Land Registry,2022 to 2024 Sunak Conservative government,,,
https://www.gov.uk/guidance/my-safety-e-bikes-and-e-scooters-battery-charging,My safety: e-bikes and e-scooters,detailed_guide,90ca3602-9add-439c-8169-94ddd92cccdd,en,whitehall,2023-09-10T23:00:00.000Z,2025-12-08T14:00:09.000Z,,,24,"GOV.UK homepage,Business and industry,Housing, local and community",Office for Product Safety and Standards,Office for Product Safety and Standards,2022 to 2024 Sunak Conservative government,,,
https://www.gov.uk/guidance/open-loop-heat-pump-systems-permits-consents-and-licences,Open loop heat pump systems: apply to install one,detailed_guide,d9e32bd5-a92a-4870-acae-4d6aa8ca5034,en,whitehall,2016-02-01T12:07:00.000Z,2023-10-02T07:00:00.000Z,,,24,"Housing, local and community,Environment,Low carbon technologies,GOV.UK homepage,Groundwater,Energy infrastructure,Planning and building,Environmental permits,Water management",Environment Agency,"Environment Agency,Department for Environment, Food & Rural Affairs",2015 to 2016 Cameron Conservative government,,,
https://www.gov.uk/guidance/valuation-office-agency-rent-officers,Valuation Office Agency Rent Officers,detailed_guide,96b1f00a-21dd-4a30-bfeb-d9627b058c41,en,whitehall,2023-10-10T23:00:00.000Z,2023-10-10T23:00:00.000Z,,,24,"Housing and communities,GOV.UK homepage,Housing, local and community",Valuation Office Agency,Valuation Office Agency,2022 to 2024 Sunak Conservative government,,,
https://www.gov.uk/guidance/building-safety-programme,Building Safety Programme,detailed_guide,4cb1dd18-289c-4d3b-8b09-ec7c32caf5d2,en,whitehall,2017-07-19T23:00:00.000Z,2020-12-22T11:49:50.000Z,,,23,"GOV.UK homepage,Emergency preparation, response and recovery,Housing and communities,Government,Planning and building,Housing, local and community","Ministry of Housing, Communities and Local Government","Ministry of Housing, Communities and Local Government,Ministry of Housing, Communities & Local Government (2018 to 2021),Department for Levelling Up, Housing and Communities ",2016 to 2019 May Conservative government,,,
https://www.gov.uk/guidance/leaseholder-protections-amendments,Leaseholder protections amendments,detailed_guide,8ebc26ea-40b8-4569-85fa-5a5a2a0c234c,en,whitehall,2023-08-10T14:46:52.000Z,2023-08-10T14:46:52.000Z,,,23,"Planning and building,GOV.UK homepage,Freehold and leasehold property,Housing and communities,Housing, local and community,Building regulation","Ministry of Housing, Communities and Local Government","Ministry of Housing, Communities and Local Government,Department for Levelling Up, Housing and Communities ",2022 to 2024 Sunak Conservative government,,,
https://www.gov.uk/guidance/accommodation-for-ex-offenders-scheme-local-authority-funding-allocations-between-july-2021-and-march-2025,Accommodation for Ex-Offenders scheme: local authority funding allocations between July 2021 and March 2025,detailed_guide,ba2e7887-c12d-45f4-b056-12b742c76ca7,en,whitehall,2023-03-22T17:04:33.000Z,2023-03-22T17:04:33.000Z,,,23,"Housing and communities,Housing, local and community,GOV.UK homepage","Department for Levelling Up, Housing and Communities ","Department for Levelling Up, Housing and Communities ",2022 to 2024 Sunak Conservative government,,,
https://www.gov.uk/guidance/request-for-planning-permission-for-an-entertainment-resort-complex-and-associated-development-in-bedford-part-6-other-documents,Request for planning permission for an Entertainment Resort Complex and associated development in Bedford: part 6 - Other documents,detailed_guide,66a638bf-e9c7-4f15-8f65-ed9f5e9a4286,en,whitehall,2025-07-02T23:00:00.000Z,2025-07-02T23:00:00.000Z,,,23,"Housing, local and community,GOV.UK homepage,Planning permission and appeals,Planning and building","Ministry of Housing, Communities and Local Government","Ministry of Housing, Communities and Local Government",2024 Starmer Labour government,,,
https://www.gov.uk/guidance/hm-land-registry-restrictions,HM Land Registry restrictions,detailed_guide,bb204339-e95f-47cb-9a9f-c9705767c1ba,en,whitehall,2023-03-09T00:00:00.000Z,2023-03-09T00:00:00.000Z,,,23,"Housing, local and community,GOV.UK homepage,Land registration",HM Land Registry,HM Land Registry,2022 to 2024 Sunak Conservative government,,,
https://www.gov.uk/guidance/regulator-of-social-housing-and-housing-ombudsman-service-factsheet,Regulator of Social Housing and Housing Ombudsman Service: factsheet,detailed_guide,a20a6fbd-102e-47c5-bb05-36f32169fa90,en,whitehall,2022-03-28T23:15:00.000Z,2023-09-20T08:30:02.000Z,,,23,"Housing for older and vulnerable people,Housing regulation,Housing and communities,Housing, local and community,Rented housing sector,GOV.UK homepage","Ministry of Housing, Communities and Local Government","Ministry of Housing, Communities and Local Government,Housing Ombudsman,Regulator of Social Housing,Department for Levelling Up, Housing and Communities ",2019 to 2022 Johnson Conservative government,,,
https://www.gov.uk/guidance/nationally-significant-infrastructure-projects-advice-on-preparing-applications-for-linear-projects,Nationally Significant Infrastructure Projects:\r\nAdvice on Preparing Applications for Linear Projects,detailed_guide,1cba3486-7da2-4f12-a9f9-c1a9f5235f22,en,whitehall,2025-02-27T00:00:00.000Z,2025-04-15T11:43:14.000Z,,,22,"Planning and building,Housing, local and community,GOV.UK homepage,Planning system",Planning Inspectorate,Planning Inspectorate,2024 Starmer Labour government,,,
https://www.gov.uk/guidance/statutory-guidance-under-s215-of-the-hra-2008,Statutory guidance under s215 of the HRA 2008,detailed_guide,ba2d230c-df14-489f-ae33-994dabc88a48,en,whitehall,2024-02-29T00:00:00.000Z,2024-04-04T08:30:02.000Z,,,22,"Housing for older and vulnerable people,Housing, local and community,Rented housing sector,GOV.UK homepage,Council housing and housing association,Housing regulation,Housing and communities",Regulator of Social Housing,Regulator of Social Housing,2022 to 2024 Sunak Conservative government,,,
https://www.gov.uk/guidance/becoming-a-registered-provider-information-for-intending-applicants,Becoming a registered provider - information for intending applicants,detailed_guide,5b957ef4-6541-46ac-bfeb-d3cb3d0eb9e2,en,whitehall,2019-04-30T23:00:00.000Z,2019-04-30T23:00:00.000Z,,,22,"Council housing and housing association,Housing and communities,Housing for older and vulnerable people,Housing, local and community,GOV.UK homepage,Housing regulation,Rented housing sector",Regulator of Social Housing,Regulator of Social Housing,2016 to 2019 May Conservative government,,,
https://www.gov.uk/guidance/funding-to-support-local-plan-implementation,Funding to support Local Plan implementation,detailed_guide,2579d7af-ac4a-4e82-a6ea-44c2b228fb98,en,whitehall,2026-01-14T00:00:00.000Z,2026-01-14T00:00:00.000Z,,,22,"Housing, local and community,Planning and building,Local Plans,GOV.UK homepage","Ministry of Housing, Communities and Local Government","Ministry of Housing, Communities and Local Government",2024 Starmer Labour government,,,
https://www.gov.uk/guidance/land-registry-portal-non-standard-restrictions-e-rx1,HM Land Registry portal: non-standard restrictions (e-RX1),detailed_guide,d561cba5-88a4-4536-9bbd-79b82627ad2c,en,whitehall,2015-11-30T00:00:00.000Z,2015-11-30T00:00:00.000Z,,,22,"GOV.UK homepage,Housing and communities,Housing, local and community,Business and industry",HM Land Registry,HM Land Registry,2015 to 2016 Cameron Conservative government,,,
https://www.gov.uk/guidance/how-homes-england-sells-land-for-housing-led-developments,How Homes England sells land for housing-led developments,detailed_guide,c309626c-224c-467d-b860-c0b380c124f6,en,whitehall,2019-03-11T00:00:00.000Z,2021-09-06T15:16:57.000Z,,,22,"Housing, local and community,Land and development opportunities,Planning and building,GOV.UK homepage",Homes England,Homes England,2016 to 2019 May Conservative government,,,
https://www.gov.uk/guidance/how-to-report-a-problem-or-make-an-individual-complaint-about-your-social-housing-landlord,How to report a problem or make an individual complaint about your social housing landlord,detailed_guide,fe580e57-2197-4069-b909-6bc89edb1d3b,en,whitehall,2024-04-01T23:00:00.000Z,2024-05-14T08:30:09.000Z,,,21,"GOV.UK homepage,Housing, local and community,Council housing and housing association,Housing for older and vulnerable people,Housing and communities,Housing regulation,Rented housing sector",Regulator of Social Housing,Regulator of Social Housing,2022 to 2024 Sunak Conservative government,,,
https://www.gov.uk/guidance/complain-about-a-building-safety-risk-in-a-high-rise-building,Complain about a building safety risk in a high-rise building,detailed_guide,9b3e3b51-8632-4cfb-bc08-7a1d419ca4f0,en,whitehall,2024-02-09T00:00:00.000Z,2024-10-07T10:33:18.000Z,,,21,"Housing design and sustainability,Planning and building,Planning reform,GOV.UK homepage,Building regulation,Housing, local and community",Building Safety Regulator,"Building Safety Regulator,Health and Safety Executive",2022 to 2024 Sunak Conservative government,,,
https://www.gov.uk/guidance/protected-sites-and-areas-how-to-review-planning-applications,Protected sites and areas: how to review planning applications,detailed_guide,d3b6d3f3-a496-41e3-a667-8a4f2e11e480,en,whitehall,2016-08-04T23:00:00.000Z,2023-12-06T16:18:32.000Z,,,21,"Protected sites and species,Wildlife, animals, biodiversity and ecosystems,Environment,Land sites,GOV.UK homepage,Planning and building,Housing, local and community","Department for Environment, Food & Rural Affairs","Department for Environment, Food & Rural Affairs,Natural England",2016 to 2019 May Conservative government,,,
https://www.gov.uk/check-register-notice-to-quit,Find out if a tenancy has been ended after a tenant's death,answer,f583f483-0e96-46d1-a1cd-1ff5f469ab9e,en,publisher,2014-11-26T12:02:33.000Z,2015-09-24T10:17:51.000Z,,,21,"GOV.UK homepage,Housing and communities,Owning and renting a property,Housing, local and community",Government Digital Service,Official Solicitor and Public Trustee,,,,
https://www.gov.uk/guidance/water-cycle-studies,Water cycle studies,detailed_guide,ad0b989b-f39a-4cb8-bb7a-b66c8ec8ac00,en,whitehall,2021-01-06T13:33:04.000Z,2021-01-06T13:33:04.000Z,,,21,"GOV.UK homepage,Housing, local and community,Environment,Planning and building,Environmental planning",Environment Agency,Environment Agency,2019 to 2022 Johnson Conservative government,,,
https://www.gov.uk/guidance/buying-statutory-biodiversity-credits,Buying statutory biodiversity credits,detailed_guide,21603eed-3eec-4ae7-8fa1-7f4778e9bf1d,en,whitehall,2024-05-20T23:00:00.000Z,2025-09-02T09:18:13.000Z,,,21,"Biodiversity and ecosystems,Planning and building,Wildlife and habitat conservation,Environment,GOV.UK homepage,Housing, local and community,Wildlife, animals, biodiversity and ecosystems","Department for Environment, Food & Rural Affairs","Department for Environment, Food & Rural Affairs",2022 to 2024 Sunak Conservative government,,,
https://www.gov.uk/guidance/planning-applications-s62a,Planning Applications (s62A),detailed_guide,00cc46a6-dbf2-4e6c-99bc-6ea2ff0372b5,en,whitehall,2017-01-01T00:00:00.000Z,2026-01-27T09:38:48.000Z,,,21,"Planning and building,GOV.UK homepage,Planning permission and appeals,Housing, local and community",Planning Inspectorate,Planning Inspectorate,2016 to 2019 May Conservative government,,,
https://www.gov.uk/guidance/valuation-office-agency-rent-officers-private-rented-market-statistics,Valuation Office Agency Rent Officers: Private Rented Market Statistics,detailed_guide,6c30bbb1-eda2-4e6d-a46d-281d6ce3f9a6,en,whitehall,2023-10-10T23:00:00.000Z,2024-05-15T12:00:21.000Z,,,21,"Housing, local and community,Housing and communities,GOV.UK homepage",Valuation Office Agency,Valuation Office Agency,2022 to 2024 Sunak Conservative government,,,
https://www.gov.uk/guidance/hm-land-registry-verify-your-property-data,HM Land Registry: verify your property data,detailed_guide,494751b3-a143-460d-a265-c0134b76a2db,en,whitehall,2016-06-09T07:45:00.000Z,2016-06-09T07:45:00.000Z,,,20,"Ownership verification ,Housing and communities,Housing, local and community,GOV.UK homepage,Land registration,Business and industry,Business and mortgage services",HM Land Registry,HM Land Registry,2015 to 2016 Cameron Conservative government,,,
https://www.gov.uk/guidance/nationally-significant-infrastructure-projects-advice-on-good-design,Nationally Significant Infrastructure Projects: Advice on Good Design,detailed_guide,0c3de629-cc36-4c63-837d-d36ff080d2cb,en,whitehall,2024-10-22T23:00:00.000Z,2025-04-16T10:43:23.000Z,,,20,"Housing, local and community,Planning and building,GOV.UK homepage,Planning system",Planning Inspectorate,Planning Inspectorate,2024 Starmer Labour government,,,
https://www.gov.uk/guidance/register-extract-service,Register Extract Service,detailed_guide,5fe59c97-7631-11e4-a3cb-005056011aef,en,whitehall,2014-08-14T11:13:00.000Z,2014-08-14T11:13:00.000Z,,,20,"Housing and communities,GOV.UK homepage,Business and industry,Housing, local and community",HM Land Registry,HM Land Registry,2010 to 2015 Conservative and Liberal Democrat coalition government,,,
https://www.gov.uk/guidance/nationally-significant-infrastructure-projects-how-to-register-to-have-your-say-and-make-a-relevant-representation,Nationally Significant Infrastructure Projects: How to register to have your say and make a relevant representation,detailed_guide,5e23aa6e-e019-45d6-aff2-4523ff48458d,en,whitehall,2024-08-08T08:30:06.000Z,2025-03-24T16:57:45.000Z,,,20,"GOV.UK homepage,Planning system,Planning and building,Housing, local and community",Planning Inspectorate,Planning Inspectorate,2024 Starmer Labour government,,,
https://www.gov.uk/guidance/land-registry-portal-apply-for-a-full-land-charges-search,HM Land Registry portal: apply for a full land charges search,detailed_guide,994a256d-3633-44a6-b716-31518c3d4f07,en,whitehall,2015-11-13T00:00:00.000Z,2015-11-13T00:00:00.000Z,,,20,"GOV.UK homepage,Business and industry,Housing, local and community,Housing and communities",HM Land Registry,HM Land Registry,2015 to 2016 Cameron Conservative government,,,
https://www.gov.uk/guidance/how-to-check-and-challenge-your-rateable-value-in-wales,How to check and challenge your rateable value in Wales,detailed_guide,153ea8bb-75d5-4209-a512-9fd92d658466,en,whitehall,2017-06-12T12:10:00.000Z,2023-07-17T08:30:03.000Z,,,20,"GOV.UK homepage,Business and industry,Local government,Housing, local and community,Money,Regional and local government",Valuation Office Agency,Valuation Office Agency,2016 to 2019 May Conservative government,,,
https://www.gov.uk/guidance/voa-information-for-local-authorities,Valuation Office Agency: information for local authorities,detailed_guide,4e689748-12d1-4de0-b7f4-aa8f6453c7db,en,whitehall,2012-11-01T00:00:00.000Z,2025-09-03T15:55:32.000Z,,,20,"Money,Housing, local and community,Local government,Regional and local government,GOV.UK homepage",Valuation Office Agency,Valuation Office Agency,2010 to 2015 Conservative and Liberal Democrat coalition government,,,
https://www.gov.uk/guidance/developer-remediation-contract-resident-factsheet,Developer remediation contract: resident factsheet,detailed_guide,1fd000a5-4a8b-428f-92a6-88044b7f01e2,en,whitehall,2023-02-17T00:00:00.000Z,2025-05-01T12:30:11.000Z,,,20,"Building regulation,Planning and building,GOV.UK homepage,Housing, local and community","Ministry of Housing, Communities and Local Government","Ministry of Housing, Communities and Local Government,Department for Levelling Up, Housing and Communities ",2022 to 2024 Sunak Conservative government,,,
https://www.gov.uk/f-gas-fridges-freezers,F gas fridges and freezers,answer,83aa6e1d-833b-4acb-ada1-eb4d9521ed0b,en,publisher,2015-01-14T12:36:37.000Z,2015-01-14T12:36:39.000Z,,,20,"Housing, local and community,Recycling, rubbish, streets and roads,Housing and communities,GOV.UK homepage",Government Digital Service,"Department for Environment, Food & Rural Affairs",,,,
https://www.gov.uk/guidance/operating-a-complaints-system-for-building-safety-in-a-high-rise-residential-building,Operating a complaints system for building safety in a high-rise residential building,detailed_guide,bedd68c4-7b68-4f2d-a85a-9d1d60c2c4cc,en,whitehall,2023-12-20T00:00:00.000Z,2024-03-27T14:30:59.000Z,,,19,"Housing, local and community,Housing design and sustainability,Planning and building,Building regulation,Planning reform,GOV.UK homepage",Building Safety Regulator,"Building Safety Regulator,Health and Safety Executive",2022 to 2024 Sunak Conservative government,,,
https://www.gov.uk/guidance/coal-mining-title-deed-covenants-and-legal-requirements,Coal mining title deed covenants and legal requirements,detailed_guide,6021ca11-7631-11e4-a3cb-005056011aef,en,whitehall,2012-05-31T23:00:00.000Z,2012-05-31T23:00:00.000Z,,,19,"Environment,Oil, gas and coal,Housing, local and community,Coal,Crime, justice and law,Energy infrastructure,Planning and building,GOV.UK homepage",Coal Authority,Coal Authority,2010 to 2015 Conservative and Liberal Democrat coalition government,,,
https://www.gov.uk/guidance/land-registry-portal-update-a-business-unit-account,HM Land Registry portal: update a business unit account,detailed_guide,027dbd29-16c5-43a6-957b-08727201e391,en,whitehall,2010-11-01T00:00:00.000Z,2017-05-22T10:00:31.000Z,,,19,"GOV.UK homepage,Business and industry,Housing, local and community,Housing and communities",HM Land Registry,HM Land Registry,2010 to 2015 Conservative and Liberal Democrat coalition government,,,
https://www.gov.uk/guidance/planning-act-2008-examination-stage-for-nationally-significant-infrastructure-projects,Planning Act 2008: Examination stage for Nationally Significant Infrastructure Projects,detailed_guide,c423cab0-1a68-4bd7-9068-da9188cb6b81,en,whitehall,2024-04-30T15:30:02.000Z,2024-04-30T15:30:02.000Z,,,19,"Planning system,Housing, local and community,GOV.UK homepage,Planning and building","Ministry of Housing, Communities and Local Government","Ministry of Housing, Communities and Local Government,Department for Levelling Up, Housing and Communities ",2022 to 2024 Sunak Conservative government,,,
https://www.gov.uk/guidance/compulsory-purchase-compensation-power-to-remove-hope-value,Compulsory purchase compensation: Power to remove hope value,detailed_guide,733a4cd2-dc52-4097-b7c0-b3d9a4a47545,en,whitehall,2024-10-03T13:09:01.000Z,2024-10-03T13:09:01.000Z,,,19,"GOV.UK homepage,Planning and building,Planning system,Housing, local and community","Ministry of Housing, Communities and Local Government","Ministry of Housing, Communities and Local Government",2024 Starmer Labour government,,,
https://www.gov.uk/guidance/sending-money-due-to-the-crown-under-a-bona-vacantia-mortgage-bvc5,Send money due to the Crown under a bona vacantia mortgage / charge (BVC5),detailed_guide,5ec02d95-7631-11e4-a3cb-005056011aef,en,whitehall,2013-12-06T00:00:00.000Z,2025-05-01T07:28:40.000Z,,,19,"GOV.UK homepage,Freehold and leasehold property,Housing, local and community,Housing and communities",Bona Vacantia,"Bona Vacantia,Government Legal Department",2010 to 2015 Conservative and Liberal Democrat coalition government,,,
https://www.gov.uk/guidance/how-to-buy-property-in-india,How to buy property in India,detailed_guide,5ef86d47-7631-11e4-a3cb-005056011aef,en,whitehall,2014-01-17T07:45:00.000Z,2014-01-17T07:45:00.000Z,,,19,"India,Housing and communities,Asia,Going and being abroad,Housing, local and community,Living in India,Living abroad,GOV.UK homepage,Help and services around the world,Countries (Living In),Owning and renting a property,UK help and services in India",Foreign & Commonwealth Office,"Foreign & Commonwealth Office,Foreign, Commonwealth & Development Office",2010 to 2015 Conservative and Liberal Democrat coalition government,,,
https://www.gov.uk/guidance/building-regulations-appeals--6,Building regulations: appeals,detailed_guide,5c788565-7631-11e4-a3cb-005056011aef,en,whitehall,2012-11-15T00:00:00.000Z,2016-05-10T12:25:09.000Z,,,19,"Housing, local and community,Building regulation,GOV.UK homepage,Planning and building","Ministry of Housing, Communities and Local Government","Ministry of Housing, Communities and Local Government,Ministry of Housing, Communities & Local Government (2018 to 2021),Department for Levelling Up, Housing and Communities ",2010 to 2015 Conservative and Liberal Democrat coalition government,,,
https://www.gov.uk/guidance/nationally-significant-infrastructure-projects-nsip-advice-on-working-with-public-bodies-in-the-infrastructure-planning-process-annex-c-natural-e,"Nationally Significant Infrastructure Projects (NSIP): Advice on working with public bodies in the infrastructure planning process, Annex C: Natural England and the Planning Inspectorate",detailed_guide,9b1490af-38ea-410c-a816-8e58e80a0942,en,whitehall,2025-03-24T00:00:00.000Z,2025-04-01T08:49:59.000Z,,,18,"GOV.UK homepage,Housing, local and community,Planning and building,Planning system",Planning Inspectorate,Planning Inspectorate,2024 Starmer Labour government,,,
https://www.gov.uk/guidance/request-for-planning-permission-for-an-entertainment-resort-complex-and-associated-development-in-bedford-part-4-environmental-statement-appendices,Request for planning permission for an Entertainment Resort Complex and associated development in Bedford: part 4 - Environmental Statement appendices,detailed_guide,044454d9-6415-4e63-bc71-a510baf5f0c5,en,whitehall,2025-07-03T11:00:03.000Z,2025-07-03T11:00:03.000Z,,,18,"Planning and building,Planning permission and appeals,Housing, local and community,GOV.UK homepage","Ministry of Housing, Communities and Local Government","Ministry of Housing, Communities and Local Government",2024 Starmer Labour government,,,
https://www.gov.uk/track-your-part-1-compensation-claim,Track your Part I compensation claim,transaction,9b7231b5-9232-4702-98c8-6838120d1e72,en,publisher,2014-10-02T17:16:28.000Z,2025-01-27T11:36:35.082Z,,,18,"Owning and renting a property,Housing, local and community,GOV.UK homepage,Housing and communities",Government Digital Service,Highways England,,,,
https://www.gov.uk/guidance/registered-building-inspectors-professional-misconduct-and-criminal-offences,Registered building inspectors: professional misconduct and criminal offences,detailed_guide,318cf37e-688b-4a1a-a7fe-05422ab1102b,en,whitehall,2024-10-20T23:00:00.000Z,2025-03-19T09:01:50.000Z,,,18,"GOV.UK homepage,Building regulation,Planning and building,Housing, local and community",Health and Safety Executive,Health and Safety Executive,2024 Starmer Labour government,,,
https://www.gov.uk/guidance/approved-document-b-2022-update,Approved Document B: 2022 update,detailed_guide,015f68ba-e9f0-45cb-9f8a-18bbe8d0726c,en,whitehall,2022-06-01T15:01:00.000Z,2022-06-01T15:01:00.000Z,,,17,"Housing, local and community,Government,Planning and building,Fire prevention and rescue,Emergency preparation, response and recovery,GOV.UK homepage,Building regulation","Ministry of Housing, Communities and Local Government","Ministry of Housing, Communities and Local Government,Department for Levelling Up, Housing and Communities ",2019 to 2022 Johnson Conservative government,,,
https://www.gov.uk/guidance/assessment-criteria-for-the-council-housebuilding-support-fund,Assessment criteria for the Council Housebuilding Support Fund,detailed_guide,6089f87b-abc3-4167-83c2-4132ce554c4f,en,whitehall,2025-07-01T23:00:00.000Z,2025-07-09T15:08:57.000Z,,,17,"Housing, local and community,Housing and communities,GOV.UK homepage",Homes England,Homes England,2024 Starmer Labour government,,,
https://www.gov.uk/guidance/hm-land-registry-request-for-information-requisition-data,HM Land Registry request for information (requisition) data,detailed_guide,345ae7ad-3929-4b37-83aa-721bda64be4f,en,whitehall,2019-03-28T13:00:00.000Z,2022-07-21T08:24:23.000Z,,,17,"GOV.UK homepage,Land registration,Housing, local and community,Land Registration Data ",HM Land Registry,HM Land Registry,2016 to 2019 May Conservative government,,,
https://www.gov.uk/guidance/measuring-property-for-rating-purposes,Business rates: how different properties are measured,detailed_guide,5ff0826b-7631-11e4-a3cb-005056011aef,en,whitehall,2014-11-10T14:25:00.000Z,2016-10-06T08:03:36.000Z,,,17,"Money,Regional and local government,Local government,Housing, local and community,GOV.UK homepage",Valuation Office Agency,Valuation Office Agency,2010 to 2015 Conservative and Liberal Democrat coalition government,,,
https://www.gov.uk/guidance/energy-performance-of-buildings-certificates-notes-and-definitions,Energy Performance of Buildings Certificates: notes and definitions,detailed_guide,5f52aeea-7631-11e4-a3cb-005056011aef,en,whitehall,2014-04-30T08:32:00.000Z,2021-05-25T14:02:51.000Z,,,17,"GOV.UK homepage,Environment,Climate change and energy,Planning and building,Housing, local and community","Ministry of Housing, Communities and Local Government","Ministry of Housing, Communities and Local Government,Ministry of Housing, Communities & Local Government (2018 to 2021),Department for Levelling Up, Housing and Communities ",2010 to 2015 Conservative and Liberal Democrat coalition government,,,
https://www.gov.uk/guidance/local-planning-authorities-get-environmental-advice,Planning and transport authorities: get environmental advice on planning,detailed_guide,daec1c8f-351c-4391-8215-3370f630d4de,en,whitehall,2015-03-29T00:00:00.000Z,2023-12-06T16:17:20.000Z,,,17,"Environmental planning,Protected sites and species,Land sites,Planning and building,Housing, local and community,Environment,Wildlife, animals, biodiversity and ecosystems,GOV.UK homepage",Environment Agency,"Environment Agency,Natural England,Department for Environment, Food & Rural Affairs",2010 to 2015 Conservative and Liberal Democrat coalition government,,,
https://www.gov.uk/claim-for-subsidence-damage-caused-by-coal-mining,Claim for subsidence damage caused by coal mining,answer,6f9d1063-371c-47b1-a6e6-e10262c8c919,en,publisher,2014-09-10T17:19:15.000Z,2024-11-29T18:03:51.817Z,,,17,"Coal,Oil, gas and coal,Environment,Energy infrastructure,Property and development,GOV.UK homepage,Housing, local and community,Owning and renting a property,Housing and communities",Government Digital Service,Mining Remediation Authority,,,,
https://www.gov.uk/guidance/funding-for-councils-homes-for-ukraine,Funding for councils: Homes for Ukraine,detailed_guide,7e7475fc-e5fa-4c63-8040-cffdd66ce53e,en,whitehall,2023-01-16T00:00:00.000Z,2025-09-15T08:30:08.000Z,,,17,"Regional and local government,Housing and communities,Housing, local and community,GOV.UK homepage,Local government","Ministry of Housing, Communities and Local Government","Ministry of Housing, Communities and Local Government,Department for Levelling Up, Housing and Communities ",2022 to 2024 Sunak Conservative government,,,
https://www.gov.uk/guidance/compliance-audit,Compliance Audit: guide for providers and independent auditors,detailed_guide,5f64817a-7631-11e4-a3cb-005056011aef,en,whitehall,2012-08-22T23:00:00.000Z,2025-06-16T23:05:06.000Z,,,17,"Housing, local and community,GOV.UK homepage,Housing and communities,Housing funding programmes",Homes England,Homes England,2010 to 2015 Conservative and Liberal Democrat coalition government,,,
https://www.gov.uk/guidance/new-system-plan-funding,New System Plan Funding,detailed_guide,b5e917fb-3a0f-4752-8b8c-e66768f453b3,en,whitehall,2026-01-14T09:00:05.000Z,2026-01-14T09:00:05.000Z,,,17,"Local Plans,GOV.UK homepage,Planning and building,Housing, local and community","Ministry of Housing, Communities and Local Government","Ministry of Housing, Communities and Local Government",2024 Starmer Labour government,,,
https://www.gov.uk/guidance/wild-birds-surveys-and-monitoring-for-onshore-wind-farms,Wild birds: surveys and monitoring for onshore wind farms,detailed_guide,b07c8702-f7d7-4e04-ae37-8303326812d4,en,whitehall,2015-06-09T08:50:00.000Z,2015-06-09T08:50:00.000Z,,,16,"Birds,Planning and building,Wildlife and habitat conservation,Housing, local and community,Wildlife, animals, biodiversity and ecosystems,Environment,GOV.UK homepage,Environmental planning",Natural England,"Natural England,Department for Environment, Food & Rural Affairs",2015 to 2016 Cameron Conservative government,,,
https://www.gov.uk/guidance/help-to-buy-complaints-procedure,Help to Buy complaints procedure,detailed_guide,7f94a608-e5a7-4031-a2ba-bea028387a01,en,whitehall,2022-11-17T00:00:00.000Z,2023-06-16T19:00:01.000Z,,,16,"Homebuying,Housing, local and community,Housing and communities,GOV.UK homepage",Homes England,Homes England,2022 to 2024 Sunak Conservative government,,,
https://www.gov.uk/guidance/land-registry-portal-update-a-user-account,HM Land Registry portal: update a user account,detailed_guide,e029e10e-6990-48bc-a069-eef149f2c06b,en,whitehall,2015-10-18T23:00:00.000Z,2015-10-18T23:00:00.000Z,,,16,"GOV.UK homepage,Housing, local and community,Business and industry,Housing and communities",HM Land Registry,HM Land Registry,2015 to 2016 Cameron Conservative government,,,
https://www.gov.uk/get-an-exemption-for-an-appliance-to-burn-unauthorised-fuel,Apply for an appliance exemption for use in smoke control areas,transaction,0b60a7d2-8a7d-478c-b5b3-e3e9ec9c896f,en,publisher,2014-08-05T14:42:20.000Z,2014-12-16T15:25:55.000Z,,,16,"GOV.UK homepage,Housing, local and community,Housing and communities,Safety and the environment in your community",Government Digital Service,"Department for Environment, Food & Rural Affairs",,,,
https://www.gov.uk/guidance/nationally-significant-infrastructure-projects-registering-to-speak-at-or-attend-a-nationally-significant-infrastructure-project-event,"Nationally Significant Infrastructure Projects: Registering to speak at, or attend, a Nationally Significant Infrastructure Project event",detailed_guide,c547a6b1-9206-4e26-817d-19b94aa6591c,en,whitehall,2024-08-07T23:00:00.000Z,2025-04-01T08:44:58.000Z,,,16,"Planning system,Planning and building,Housing, local and community,GOV.UK homepage",Planning Inspectorate,Planning Inspectorate,2024 Starmer Labour government,,,
https://www.gov.uk/guidance/schedule-14-decisions-in-2023,"Schedule 14 decisions in 2023, 2024, 2025 and 2026",detailed_guide,1a14b81e-27c7-4d0b-b92c-758d3991f2dc,en,whitehall,2023-01-05T00:00:00.000Z,2026-01-29T10:11:22.000Z,,,16,"Environment,Housing, local and community,Access to the countryside,Countryside,GOV.UK homepage,Rural and countryside",Planning Inspectorate,Planning Inspectorate,2022 to 2024 Sunak Conservative government,,,
https://www.gov.uk/guidance/council-housebuilding-skills-and-capacity-programme,Council Housebuilding Skills and Capacity Programme​     ​,detailed_guide,c3f74a3e-bf68-4bbf-bfbd-cbc3dd54fffe,en,whitehall,2025-07-02T14:10:57.000Z,2025-07-02T14:10:57.000Z,,,16,"Housing and communities,Planning and building,Housing, local and community,Council housing and housing association,House building,GOV.UK homepage","Ministry of Housing, Communities and Local Government","Ministry of Housing, Communities and Local Government",2024 Starmer Labour government,,,
https://www.gov.uk/guidance/top-10-tips-for-tip-top-applications,Top 10 Tips for tip-top applications,detailed_guide,7b9d78e1-05d8-4238-9e66-2442d6fa59c9,en,whitehall,2024-01-22T00:00:00.000Z,2024-01-22T00:00:00.000Z,,,16,"Land registration,GOV.UK homepage,Housing, local and community",HM Land Registry,HM Land Registry,2022 to 2024 Sunak Conservative government,,,
https://www.gov.uk/guidance/community-infrastructure-levy-how-to-make-an-appeal,Community Infrastructure Levy: how to make an appeal,detailed_guide,6020fc28-7631-11e4-a3cb-005056011aef,en,whitehall,2014-11-10T00:00:00.000Z,2025-01-28T15:15:01.000Z,,,16,"GOV.UK homepage,Planning and building,Housing, local and community",Valuation Office Agency,Valuation Office Agency,2010 to 2015 Conservative and Liberal Democrat coalition government,,,
https://www.gov.uk/guidance/rural-housing,Rural housing,detailed_guide,88e895ff-35a6-496a-9173-147d732b3f6f,en,whitehall,2016-05-18T23:00:00.000Z,2016-05-18T23:00:00.000Z,,,15,"Planning and building,Planning system,Housing, local and community,GOV.UK homepage","Ministry of Housing, Communities and Local Government","Ministry of Housing, Communities and Local Government,Ministry of Housing, Communities & Local Government (2018 to 2021),Department for Levelling Up, Housing and Communities ",2015 to 2016 Cameron Conservative government,,,
https://www.gov.uk/guidance/landscape-and-seascape-character-assessments,Landscape and seascape character assessments,detailed_guide,5feae7b3-7631-11e4-a3cb-005056011aef,en,whitehall,2014-10-02T15:44:00.000Z,2014-10-02T15:44:00.000Z,,,15,"Marine,Rural and countryside,GOV.UK homepage,Planning and building,Landscape,Rural development and land management,Marine environment,Housing, local and community,Environment",Natural England,"Natural England,Department for Environment, Food & Rural Affairs",2010 to 2015 Conservative and Liberal Democrat coalition government,,,
https://www.gov.uk/appeal-minor-commercial-development-decision,Appeal a minor commercial development decision,guide,3e49ed9d-974d-4924-bbc7-6834bbdbb525,en,publisher,2015-09-08T13:55:34.000Z,2015-09-21T11:16:02.000Z,,,15,"Planning and building,Planning permission and appeals,GOV.UK homepage,Housing and communities,Regional and local government,Housing, local and community,Local councils and services",Government Digital Service,Planning Inspectorate,,,,
https://www.gov.uk/guidance/price-paid-data-standard-reports,Price Paid Data: Standard reports,detailed_guide,5725422c-a75a-43bb-b1bd-d1fcb2805740,en,whitehall,2014-08-20T23:00:00.000Z,2016-05-03T10:00:05.000Z,,,15,"Housing, local and community,Housing and communities,Business and industry,GOV.UK homepage",HM Land Registry,HM Land Registry,2010 to 2015 Conservative and Liberal Democrat coalition government,,,
https://www.gov.uk/guidance/aluminium-composite-material-cladding,Aluminium composite material cladding,detailed_guide,53be66df-1bd3-4353-b22b-aef18dd30fa6,en,whitehall,2018-11-21T00:00:00.000Z,2023-04-25T15:58:42.000Z,,,15,"Building regulation,Government,Emergency preparation, response and recovery,GOV.UK homepage,Housing, local and community,Housing and communities,Planning and building,Fire prevention and rescue","Ministry of Housing, Communities and Local Government","Ministry of Housing, Communities and Local Government,Ministry of Housing, Communities & Local Government (2018 to 2021),Department for Levelling Up, Housing and Communities ",2016 to 2019 May Conservative government,,,
https://www.gov.uk/guidance/work-and-benefits-homes-for-ukraine,Work and benefits: Homes for Ukraine,detailed_guide,5382b32e-3685-474a-b29b-a54e139ef29a,en,whitehall,2023-01-16T00:00:00.000Z,2025-09-15T08:30:08.000Z,,,15,"GOV.UK homepage,Housing, local and community,Housing and communities","Ministry of Housing, Communities and Local Government","Ministry of Housing, Communities and Local Government,Department for Levelling Up, Housing and Communities ",2022 to 2024 Sunak Conservative government,,,
https://www.gov.uk/guidance/nationally-significant-infrastructure-projects-examples-of-documents-produced-in-the-planning-act-2008-process,Nationally Significant Infrastructure Projects: Examples of documents produced in the Planning Act 2008 process,detailed_guide,9bcf9a40-6f34-4db0-802d-07253b81d37d,en,whitehall,2025-12-18T00:00:00.000Z,2026-01-06T13:47:17.000Z,,,15,"Housing, local and community,Planning and building,GOV.UK homepage,Planning system",Planning Inspectorate,Planning Inspectorate,2024 Starmer Labour government,,,
https://www.gov.uk/guidance/english-housing-survey-information-for-households,English Housing Survey: information for households,detailed_guide,3b56401d-c096-4902-829a-70d906bfbb44,en,whitehall,2012-12-19T00:00:00.000Z,2023-03-03T10:44:29.000Z,,,15,"Housing and communities,Housing, local and community,GOV.UK homepage","Ministry of Housing, Communities and Local Government","Ministry of Housing, Communities and Local Government,Ministry of Housing, Communities & Local Government (2018 to 2021),Department for Levelling Up, Housing and Communities ",2010 to 2015 Conservative and Liberal Democrat coalition government,,,
https://www.gov.uk/guidance/design-code-library,Design Code Library,detailed_guide,67a9b9ae-39b5-4d38-819e-76c5cecaafe4,en,whitehall,2023-02-14T00:00:00.000Z,2024-02-28T10:05:59.000Z,,,15,"Planning reform,GOV.UK homepage,Housing, local and community,Planning and building",Office for Place,Office for Place,2022 to 2024 Sunak Conservative government,,,
https://www.gov.uk/guidance/nationally-significant-infrastructure-projects-advice-on-the-consultation-report,Nationally Significant Infrastructure Projects: Advice on the Consultation Report,detailed_guide,342ca7a3-686d-446f-8e8e-bd58d0ae2b59,en,whitehall,2024-08-07T23:00:00.000Z,2025-03-24T15:51:49.000Z,,,15,"GOV.UK homepage,Housing, local and community,Planning and building,Planning system",Planning Inspectorate,Planning Inspectorate,2024 Starmer Labour government,,,
https://www.gov.uk/guidance/homelessness-data-notes-and-definitions,Homelessness data: notes and definitions,detailed_guide,5d3b7fb0-7631-11e4-a3cb-005056011aef,en,whitehall,2013-02-07T12:03:00.000Z,2018-04-03T09:24:45.000Z,,,14,"Housing, local and community,GOV.UK homepage,Housing and communities","Ministry of Housing, Communities and Local Government","Ministry of Housing, Communities and Local Government,Ministry of Housing, Communities & Local Government (2018 to 2021),Department for Levelling Up, Housing and Communities ",2010 to 2015 Conservative and Liberal Democrat coalition government,,,
https://www.gov.uk/guidance/request-for-planning-permission-for-an-entertainment-resort-complex-and-associated-development-in-bedford-part-3-environmental-statement-figures,"Request for planning permission for an Entertainment Resort Complex and associated development in Bedford: part 3 - Environmental Statement, figures",detailed_guide,95a9690d-b379-4681-861d-3735b06967f9,en,whitehall,2025-07-03T11:00:03.000Z,2025-07-03T11:00:03.000Z,,,14,"Planning permission and appeals,Housing, local and community,GOV.UK homepage,Planning and building","Ministry of Housing, Communities and Local Government","Ministry of Housing, Communities and Local Government",2024 Starmer Labour government,,,
https://www.gov.uk/guidance/energy-performance-certificates-opt-out-of-public-disclosure,Energy Performance Certificates: opt-out of public disclosure,detailed_guide,1692755e-c19b-4d6d-a2b0-b92ca10740e3,en,whitehall,2016-05-11T23:00:00.000Z,2019-07-08T10:55:21.000Z,,,14,"GOV.UK homepage,Energy efficiency in buildings,Planning and building,Housing, local and community","Ministry of Housing, Communities and Local Government","Ministry of Housing, Communities and Local Government,Ministry of Housing, Communities & Local Government (2018 to 2021),Department for Levelling Up, Housing and Communities ",2015 to 2016 Cameron Conservative government,,,
https://www.gov.uk/guidance/compulsory-purchase-and-compensation-guide-3-compensation-to-agricultural-owners-and-occupiers,Compulsory purchase and compensation: guide 3 - compensation to agricultural owners and occupiers,detailed_guide,3f98184a-5f79-464b-b0d0-2d65e6ab068d,en,whitehall,2021-12-17T00:00:00.000Z,2021-12-17T00:00:00.000Z,,,14,"Planning and building,GOV.UK homepage,Planning system,Housing, local and community","Ministry of Housing, Communities and Local Government","Ministry of Housing, Communities and Local Government,Department for Levelling Up, Housing and Communities ",2019 to 2022 Johnson Conservative government,,,
https://www.gov.uk/guidance/tell-homes-england-about-unsafe-cladding-on-a-building,Tell Homes England about unsafe cladding on a building,detailed_guide,57c11c4f-e878-4d0d-80c9-620d7f8c69ce,en,whitehall,2025-07-09T11:41:22.000Z,2025-07-09T11:41:22.000Z,,,14,"Housing and communities,GOV.UK homepage,Housing, local and community",Homes England,Homes England,2024 Starmer Labour government,,,
https://www.gov.uk/guidance/land-registry-portal-make-an-enquiry-by-property-description,HM Land Registry portal: make an enquiry by property description,detailed_guide,4e89ba82-12e4-4992-8779-92b153a727ed,en,whitehall,2015-10-20T23:00:00.000Z,2015-10-20T23:00:00.000Z,,,14,"Housing, local and community,GOV.UK homepage,Business and industry,Housing and communities",HM Land Registry,HM Land Registry,2015 to 2016 Cameron Conservative government,,,
https://www.gov.uk/guidance/finding-a-new-host-rematching-homes-for-ukraine,Finding a new host (rematching): Homes for Ukraine,detailed_guide,63e1d99f-457e-4745-9a8f-99675221a27c,en,whitehall,2023-01-16T00:00:00.000Z,2025-01-21T10:02:28.000Z,,,14,"Society and culture,Housing, local and community,Housing and communities,GOV.UK homepage,Community and society","Ministry of Housing, Communities and Local Government","Ministry of Housing, Communities and Local Government,Department for Levelling Up, Housing and Communities ",2022 to 2024 Sunak Conservative government,,,
https://www.gov.uk/guidance/notify-homes-england-of-a-historical-grant-recovery-or-constitutional-change,Notify Homes England of a historical grant recovery or constitutional change,detailed_guide,f7af11d6-5e85-43da-ac79-b38dc12c537a,en,whitehall,2018-02-22T00:00:00.000Z,2023-06-30T11:07:47.000Z,,,14,"Housing funding programmes,Housing, local and community,Housing and communities,GOV.UK homepage",Homes England,Homes England,2016 to 2019 May Conservative government,,,
https://www.gov.uk/guidance/accommodation-checks-homes-for-ukraine,Accommodation checks: Homes for Ukraine,detailed_guide,705acd35-ee11-4d9a-8694-d68557c5e6d0,en,whitehall,2023-01-16T00:00:00.000Z,2025-09-15T08:30:07.000Z,,,14,"GOV.UK homepage,Housing, local and community,Housing and communities","Ministry of Housing, Communities and Local Government","Ministry of Housing, Communities and Local Government,Department for Levelling Up, Housing and Communities ",2022 to 2024 Sunak Conservative government,,,
https://www.gov.uk/compensation-road-property-value/who-can-claim,Compensation when a road affects your property's value: Who can claim,guide,c2db45a9-2224-406f-b684-804e759b8ef2,en,publisher,2014-10-03T09:48:05.000Z,2025-01-24T14:23:41.965Z,,,14,"Owning and renting a property,Housing, local and community,GOV.UK homepage,Housing and communities",Government Digital Service,Highways England,,,,
https://www.gov.uk/guidance/valuation-office-agency-rent-officers-contact-us,Valuation Office Agency Rent Officers: Contact Us,detailed_guide,da07e718-5af2-417a-89bc-1075719fce6b,en,whitehall,2023-10-10T23:00:00.000Z,2024-07-03T09:26:12.000Z,,,14,"Housing and communities,Housing, local and community,GOV.UK homepage",Valuation Office Agency,Valuation Office Agency,2022 to 2024 Sunak Conservative government,,,
https://www.gov.uk/guidance/using-the-delivery-partner-dps-to-procure-housebuilders,Using the Delivery Partner DPS to procure housebuilders,detailed_guide,f4fad1f2-2461-4fbd-95fa-88b834f588b0,en,whitehall,2021-11-10T00:00:00.000Z,2024-11-14T08:17:17.000Z,,,14,"Planning and building,Housing, local and community,Housing and communities,GOV.UK homepage",Homes England,Homes England,2019 to 2022 Johnson Conservative government,,,
https://www.gov.uk/guidance/help-to-buy-equity-loan-terms-and-conditions,Help to Buy: Equity Loan administrator,detailed_guide,e10e685a-c95a-407b-9895-a341de0d0591,en,whitehall,2016-04-07T23:00:00.000Z,2023-06-16T19:00:01.000Z,,,14,"Housing, local and community,Housing and communities,GOV.UK homepage",Homes England,Homes England,2015 to 2016 Cameron Conservative government,,,
https://www.gov.uk/guidance/definition-of-non-cladding-remediation,Definition of non-cladding remediation,detailed_guide,fa97f0df-f92e-472b-9d7e-05f94633dc78,en,whitehall,2022-07-20T23:00:00.000Z,2022-07-20T23:00:00.000Z,,,14,"GOV.UK homepage,Building regulation,Planning and building,Freehold and leasehold property,Housing and communities,Housing, local and community","Ministry of Housing, Communities and Local Government","Ministry of Housing, Communities and Local Government,Department for Levelling Up, Housing and Communities ",2019 to 2022 Johnson Conservative government,,,
https://www.gov.uk/guidance/digital-checks-included-in-the-digital-registration-service,Digital checks included in the Digital Registration Service,detailed_guide,6545d196-8e43-40cb-8615-d392ac85938d,en,whitehall,2025-02-25T00:00:00.000Z,2025-02-25T00:00:00.000Z,,,13,"Housing, local and community,GOV.UK homepage,Land registration",HM Land Registry,HM Land Registry,2024 Starmer Labour government,,,
https://www.gov.uk/guidance/crown-development-applications,Crown Development Applications,detailed_guide,0daff87c-3fbc-42de-b20c-1bb581c2d281,en,whitehall,2025-04-30T23:00:00.000Z,2025-09-25T09:22:36.000Z,,,13,"Housing, local and community,Planning and building,Planning system,GOV.UK homepage",Planning Inspectorate,Planning Inspectorate,2024 Starmer Labour government,,,
https://www.gov.uk/guidance/nationally-significant-infrastructure-projects-changes-to-an-application-after-it-has-been-accepted-for-examination,Nationally Significant Infrastructure Projects: Changes to an application after it has been accepted for examination,detailed_guide,4489bec6-67b4-4532-8503-122f7f7cf1d7,en,whitehall,2024-08-07T23:00:00.000Z,2025-03-24T15:49:10.000Z,,,13,"Planning and building,GOV.UK homepage,Housing, local and community,Planning system",Planning Inspectorate,Planning Inspectorate,2024 Starmer Labour government,,,
https://www.gov.uk/guidance/social-housing-stock-management-research-privacy-notice,Social Housing Stock Management Research - privacy notice,detailed_guide,63162800-8b65-46a9-90b0-5eff89a5d2fe,en,whitehall,2026-02-11T11:46:24.000Z,2026-02-11T11:46:24.000Z,,,13,"Housing, local and community,Housing and communities,GOV.UK homepage","Ministry of Housing, Communities and Local Government","Ministry of Housing, Communities and Local Government",2024 Starmer Labour government,,,
https://www.gov.uk/guidance/social-housing-complaints-make-things-right,Social housing complaints: make things right,detailed_guide,57effe55-5255-4b85-a2ac-b5085ac24744,en,whitehall,2023-03-06T10:00:00.000Z,2023-05-09T13:22:46.000Z,,,13,"Housing, local and community,Housing and communities,GOV.UK homepage","Ministry of Housing, Communities and Local Government","Ministry of Housing, Communities and Local Government,Department for Levelling Up, Housing and Communities ",2022 to 2024 Sunak Conservative government,,,
https://www.gov.uk/guidance/land-registry-portal-reset-authorised-user-account,HM Land Registry portal: reset authorised user account,detailed_guide,2ac209aa-5313-4340-b774-6370eb642859,en,whitehall,2015-10-18T23:00:00.000Z,2015-10-18T23:00:00.000Z,,,13,"GOV.UK homepage,Business and industry,Housing and communities,Housing, local and community",HM Land Registry,HM Land Registry,2015 to 2016 Cameron Conservative government,,,
https://www.gov.uk/guidance/land-registry-portal-withdraw-restriction-e-rx4,HM Land Registry portal: withdraw restriction (e-RX4),detailed_guide,ac802c4d-aa8f-43f9-ad54-2d416f760466,en,whitehall,2015-12-15T00:00:00.000Z,2015-12-15T00:00:00.000Z,,,13,"Housing, local and community,GOV.UK homepage,Business and industry,Housing and communities",HM Land Registry,HM Land Registry,2015 to 2016 Cameron Conservative government,,,
https://www.gov.uk/guidance/hm-land-registry-volume-register,HM Land Registry: volume register,detailed_guide,a1a4e872-9b34-40eb-8b68-9d45b5d1fc73,en,whitehall,2016-06-07T23:00:00.000Z,2016-06-07T23:00:00.000Z,,,13,"Housing and communities,Land registration,GOV.UK homepage,Business and mortgage services,Business and industry,Housing, local and community,Property portfolio management ",HM Land Registry,HM Land Registry,2015 to 2016 Cameron Conservative government,,,
https://www.gov.uk/guidance/land-registry-portal-reset-password,HM Land Registry portal: reset password,detailed_guide,73847c71-6e77-45cb-9873-c267aaf668fd,en,whitehall,2010-09-30T23:00:00.000Z,2010-09-30T23:00:00.000Z,,,13,"Housing and communities,GOV.UK homepage,Business and industry,Housing, local and community",HM Land Registry,HM Land Registry,2010 to 2015 Conservative and Liberal Democrat coalition government,,,
https://www.gov.uk/guidance/nationally-significant-infrastructure-projects-development-consent-legislation,Nationally Significant Infrastructure Projects: development consent legislation,detailed_guide,cfff40f6-b4e1-45df-ba9b-401dd6400d14,en,whitehall,2012-01-01T00:00:00.000Z,2012-01-01T00:00:00.000Z,,,13,"Planning and building,GOV.UK homepage,Planning system,Housing, local and community",Planning Inspectorate,Planning Inspectorate,2010 to 2015 Conservative and Liberal Democrat coalition government,,,
https://www.gov.uk/guidance/how-to-property-in-cyprus,Cyprus: buying property,detailed_guide,5dc095af-7631-11e4-a3cb-005056011aef,en,whitehall,2013-03-25T11:02:00.000Z,2019-11-27T10:18:09.000Z,,,13,"GOV.UK homepage,Going and being abroad,Housing, local and community,Help and services around the world,UK help and services in Cyprus,British nationals overseas,Living in Cyprus,Living abroad",Foreign & Commonwealth Office,"Foreign & Commonwealth Office,Foreign, Commonwealth & Development Office",2010 to 2015 Conservative and Liberal Democrat coalition government,,,
https://www.gov.uk/guidance/residents-and-owners-of-residential-units-actions-to-keep-your-building-safe,Residents and owners of residential units: actions to keep your building safe,detailed_guide,e12091dc-e4f3-4747-a1bd-24dd54faea11,en,whitehall,2024-03-05T00:00:00.000Z,2024-10-07T10:37:49.000Z,,,13,"Housing and communities,GOV.UK homepage,Housing, local and community,Owning and renting a property",Building Safety Regulator,"Building Safety Regulator,Health and Safety Executive",2022 to 2024 Sunak Conservative government,,,
https://www.gov.uk/guidance/pre-exit-european-assessment-documents-construction-products,‘Pre-Exit’ European Assessment Documents: construction products,detailed_guide,ef9d9995-dcf5-41d8-89d0-25cf35c1aba0,en,whitehall,2021-12-02T00:00:00.000Z,2025-05-21T16:30:00.000Z,,,12,"Housing, local and community,Planning and building,GOV.UK homepage","Department for Levelling Up, Housing and Communities ","Department for Levelling Up, Housing and Communities ",2019 to 2022 Johnson Conservative government,,,
https://www.gov.uk/guidance/publish-your-developer-contributions-data,Publish your developer contributions data,detailed_guide,d8582248-f652-43bb-92d3-2fc9f27cc773,en,whitehall,2019-08-31T23:00:00.000Z,2019-08-31T23:00:00.000Z,,,12,"Planning system,Housing, local and community,GOV.UK homepage,Planning and building","Ministry of Housing, Communities and Local Government","Ministry of Housing, Communities and Local Government,Ministry of Housing, Communities & Local Government (2018 to 2021),Department for Levelling Up, Housing and Communities ",2019 to 2022 Johnson Conservative government,,,
https://www.gov.uk/guidance/social-housing-quality-resident-panel,Social Housing Resident Panel,detailed_guide,fa95b849-a022-442e-82dc-ec6a2b9549d1,en,whitehall,2022-03-28T23:00:00.000Z,2025-07-31T08:30:15.000Z,,,12,"Housing, local and community,Council housing and housing association,Housing and communities,Rented housing sector,GOV.UK homepage,Housing regulation","Ministry of Housing, Communities and Local Government","Ministry of Housing, Communities and Local Government,Department for Levelling Up, Housing and Communities ",2019 to 2022 Johnson Conservative government,,,
https://www.gov.uk/guidance/building-safety-fund-process-guide-for-residents,Building Safety Fund: process guide for residents,detailed_guide,21c7d592-c90f-45f5-8c9c-f24687e5a210,en,whitehall,2024-01-17T00:00:00.000Z,2025-09-01T13:03:16.000Z,,,12,"Freehold and leasehold property,Building regulation,Housing, local and community,GOV.UK homepage,Planning and building,Housing and communities","Ministry of Housing, Communities and Local Government","Ministry of Housing, Communities and Local Government,Department for Levelling Up, Housing and Communities ",2022 to 2024 Sunak Conservative government,,,
https://www.gov.uk/guidance/hm-land-registry-execution-of-deeds,HM Land Registry execution of deeds,detailed_guide,47827306-dda0-4e15-97eb-0d29ad75881c,en,whitehall,2023-03-09T00:00:00.000Z,2023-03-09T00:00:00.000Z,,,12,"Housing, local and community,GOV.UK homepage,Land registration",HM Land Registry,HM Land Registry,2022 to 2024 Sunak Conservative government,,,
https://www.gov.uk/guidance/find-a-registered-building-control-approver-in-wales,Find a registered building control approver in Wales,detailed_guide,a0bddb21-cb7d-4289-ba12-b1d109e5b4eb,en,whitehall,2024-05-08T23:00:00.000Z,2025-03-19T09:04:11.000Z,,,12,"Planning reform,Building regulation,Housing, local and community,GOV.UK homepage,Housing design and sustainability,Planning and building",Building Safety Regulator,"Building Safety Regulator,Health and Safety Executive",2022 to 2024 Sunak Conservative government,,,
https://www.gov.uk/guidance/land-registry-portal-how-to-apply-for-a-land-charges-office-copy,HM Land Registry portal: how to apply for a land charges office copy,detailed_guide,c7f70b64-6ac9-4380-8e5e-d6d2486da075,en,whitehall,2015-10-18T23:00:00.000Z,2015-10-18T23:00:00.000Z,,,12,"GOV.UK homepage,Housing, local and community,Business and industry,Housing and communities",HM Land Registry,HM Land Registry,2015 to 2016 Cameron Conservative government,,,
https://www.gov.uk/guidance/planning-act-2008-fast-track-process-for-nationally-significant-infrastructure-projects,Planning Act 2008: Fast-track process for Nationally Significant Infrastructure Projects,detailed_guide,3d746f2c-2def-4147-8cc5-3c7d070116c6,en,whitehall,2024-04-30T15:30:02.000Z,2024-04-30T15:30:02.000Z,,,12,"Planning system,Housing, local and community,GOV.UK homepage,Planning and building","Ministry of Housing, Communities and Local Government","Ministry of Housing, Communities and Local Government,Department for Levelling Up, Housing and Communities ",2022 to 2024 Sunak Conservative government,,,
https://www.gov.uk/guidance/nationally-significant-infrastructure-project-advice-on-working-with-public-bodies-in-the-infrastructure-planning-process-annexes,Nationally Significant Infrastructure Project - Advice on working with public bodies in the infrastructure planning process Annexes,detailed_guide,e38aa61c-f9eb-4684-8016-75264de340cf,en,whitehall,2012-11-16T00:00:00.000Z,2012-11-16T00:00:00.000Z,,,12,"Planning system,GOV.UK homepage,Housing, local and community,Planning and building",Planning Inspectorate,Planning Inspectorate,2010 to 2015 Conservative and Liberal Democrat coalition government,,,
https://www.gov.uk/guidance/redress-measures-information-sheet,Redress measures: information sheet,detailed_guide,4d1324af-cf02-4a2d-aa91-b203eb707a5c,en,whitehall,2022-10-17T23:00:00.000Z,2022-10-17T23:00:00.000Z,,,12,"Freehold and leasehold property,Planning and building,GOV.UK homepage,Building regulation,Housing, local and community,Housing and communities","Ministry of Housing, Communities and Local Government","Ministry of Housing, Communities and Local Government,Department for Levelling Up, Housing and Communities ",2022 Truss Conservative government,,,
https://www.gov.uk/guidance/local-council-checks-homes-for-ukraine,Council checks: Homes for Ukraine ,detailed_guide,d01c0a58-9443-4c56-9e9e-0086053ca7fb,en,whitehall,2023-01-16T00:00:00.000Z,2025-09-15T08:30:08.000Z,,,12,"Housing and communities,GOV.UK homepage,Regional and local government,Housing, local and community,Local government","Ministry of Housing, Communities and Local Government","Ministry of Housing, Communities and Local Government,Department for Levelling Up, Housing and Communities ",2022 to 2024 Sunak Conservative government,,,
https://www.gov.uk/guidance/urgent-crown-development-application-manston-initial-triage-and-processing-centre-reception-centre-and-training-facility,"Urgent Crown Development application: Manston Initial Triage and Processing Centre, Reception Centre and Training Facility",detailed_guide,75a145c8-0ec8-46f3-986a-387abe0b126d,en,whitehall,2025-10-21T23:00:00.000Z,2025-10-21T23:00:00.000Z,,,12,"Housing, local and community,Planning permission and appeals,Planning and building,GOV.UK homepage","Ministry of Housing, Communities and Local Government","Ministry of Housing, Communities and Local Government",2024 Starmer Labour government,,,
https://www.gov.uk/guidance/how-to-challenge-our-decision-to-list-or-not-list-a-building,How to challenge our decision to list or not list a building,detailed_guide,5d6573c8-7631-11e4-a3cb-005056011aef,en,whitehall,2013-02-27T16:42:00.000Z,2022-04-21T15:42:03.000Z,,,12,"Planning and building,Housing and communities,GOV.UK homepage,Housing, local and community,Building regulation","Department for Culture, Media and Sport","Department for Culture, Media and Sport,Department for Digital, Culture, Media & Sport",2010 to 2015 Conservative and Liberal Democrat coalition government,,,
https://www.gov.uk/guidance/pre-submission-screening-service-advice-on-planning-proposals-affecting-protected-species,Pre-submission screening service: advice on planning proposals affecting protected species,detailed_guide,6027530a-7631-11e4-a3cb-005056011aef,en,whitehall,2014-11-03T09:43:00.000Z,2019-05-03T16:35:51.000Z,,,12,"Environment,Planning and building,Wildlife, animals, biodiversity and ecosystems,Protected sites and species,Land species,GOV.UK homepage,Housing, local and community",Natural England,Natural England,2010 to 2015 Conservative and Liberal Democrat coalition government,,,
https://www.gov.uk/guidance/local-plan-examination-webpages-advice-for-local-planning-authorities,Local Plan Examination webpages - Advice for Local Planning Authorities,detailed_guide,db5a548e-81d8-4737-bbe8-b82ac9cddf83,en,whitehall,2020-10-30T00:00:00.000Z,2025-11-27T12:48:15.000Z,,,11,"GOV.UK homepage,Housing, local and community,Local Plans,Planning and building",Planning Inspectorate,Planning Inspectorate,2019 to 2022 Johnson Conservative government,,,
https://www.gov.uk/guidance/nationally-significant-infrastructure-projects-what-to-expect-at-a-nationally-significant-infrastructure-project-event,Nationally Significant Infrastructure Projects: What to expect at a Nationally Significant Infrastructure Project event,detailed_guide,9b5a8b27-3719-48be-85ee-c4571c6f3486,en,whitehall,2024-08-07T23:00:00.000Z,2024-08-07T23:00:00.000Z,,,11,"GOV.UK homepage,Housing, local and community,Planning and building,Planning system",Planning Inspectorate,Planning Inspectorate,2024 Starmer Labour government,,,
https://www.gov.uk/guidance/first-payment-to-guests-homes-for-ukraine,Welcome payment to guests: Homes for Ukraine,detailed_guide,7e45ad06-af5a-4d68-9a6b-0f11ebeebd3d,en,whitehall,2023-01-16T00:00:00.000Z,2025-09-15T08:30:08.000Z,,,11,"Housing, local and community,GOV.UK homepage,Housing and communities","Ministry of Housing, Communities and Local Government","Ministry of Housing, Communities and Local Government,Department for Levelling Up, Housing and Communities ",2022 to 2024 Sunak Conservative government,,,
https://www.gov.uk/guidance/apply-for-additional-hm-land-registry-business-e-services,Apply for additional HM Land Registry Business e-services,detailed_guide,10744634-452f-4174-a33a-bf1511d07733,en,whitehall,2017-08-31T14:19:00.000Z,2022-01-17T16:14:28.000Z,,,11,"GOV.UK homepage,Housing, local and community,Land registration",HM Land Registry,HM Land Registry,2016 to 2019 May Conservative government,,,
https://www.gov.uk/guidance/leaseholder-and-resident-information-on-the-cladding-safety-scheme-css,Leaseholder and resident information on the Cladding Safety Scheme (CSS),detailed_guide,91aba7cf-5876-4a15-ac83-b849a344bbf1,en,whitehall,2023-07-24T23:00:00.000Z,2024-04-08T08:30:02.000Z,,,11,"Housing and communities,GOV.UK homepage,Housing, local and community","Ministry of Housing, Communities and Local Government","Ministry of Housing, Communities and Local Government,Department for Levelling Up, Housing and Communities ",2022 to 2024 Sunak Conservative government,,,
https://www.gov.uk/guidance/hm-land-registry-overseas-companies-that-own-property-in-england-and-wales,HM Land Registry: Overseas companies that own property in England and Wales,detailed_guide,5721a080-ff91-4865-82fd-683d9daf223b,en,whitehall,2020-05-26T08:51:00.000Z,2020-05-26T08:51:00.000Z,,,11,"GOV.UK homepage,Land registration,Land Registration Data ,Housing, local and community",HM Land Registry,HM Land Registry,2019 to 2022 Johnson Conservative government,,,
https://www.gov.uk/guidance/english-housing-survey-datasets-and-bespoke-analysis,English Housing Survey: datasets,detailed_guide,1e86cf13-c9ed-4571-98f6-43025f37de3d,en,whitehall,2012-12-12T00:00:00.000Z,2016-12-06T14:38:51.000Z,,,11,"GOV.UK homepage,Housing and communities,Housing, local and community","Ministry of Housing, Communities and Local Government","Ministry of Housing, Communities and Local Government,Ministry of Housing, Communities & Local Government (2018 to 2021),Department for Levelling Up, Housing and Communities ",2010 to 2015 Conservative and Liberal Democrat coalition government,,,
https://www.gov.uk/appeal-decision-consent-display-advertisement,Appeal a decision about consent to display an advertisement,guide,d0af3ef6-47ac-4312-aa4a-674d794dcece,en,publisher,2015-09-08T13:55:47.000Z,2015-09-21T11:18:00.000Z,,,11,"GOV.UK homepage,Housing and communities,Planning permission and appeals,Planning and building,Local councils and services,Housing, local and community,Safety and the environment in your community,Regional and local government",Government Digital Service,Planning Inspectorate,,,,
https://www.gov.uk/guidance/voluntary-and-community-frontline-sector-grant-2025-to-2026,​​Voluntary and Community Frontline Sector Grant:​ 2025 to 2026,detailed_guide,b0781f8c-274d-4f0b-8df9-e59c0d207cad,en,whitehall,2025-10-09T23:01:06.000Z,2025-10-09T23:01:06.000Z,,,11,"Housing, local and community,Homelessness and rough sleeping,Housing and communities,GOV.UK homepage","Ministry of Housing, Communities and Local Government","Ministry of Housing, Communities and Local Government",2024 Starmer Labour government,,,
https://www.gov.uk/find-fuel-supplier,Find a sustainable wood fuel supplier,transaction,cddb4da2-82ea-41d3-8220-4e1e8fa24031,en,publisher,2014-09-25T10:38:02.000Z,2015-10-16T16:49:27.000Z,,,10,"Household energy,GOV.UK homepage,Housing, local and community",Government Digital Service,"Department for Energy Security and Net Zero,Department for Business, Energy & Industrial Strategy",,,,
https://www.gov.uk/guidance/levelling-up-and-regeneration-act-2023-progress-on-implementing-build-out-measures,Levelling Up and Regeneration Act 2023: progress on implementing build out measures,detailed_guide,a84b3df7-bfc0-4fdc-8efa-ddcbee14038c,en,whitehall,2024-04-25T14:22:21.000Z,2024-04-25T14:22:21.000Z,,,10,"Planning and building,Housing, local and community,House building,GOV.UK homepage","Department for Levelling Up, Housing and Communities ","Department for Levelling Up, Housing and Communities ",2022 to 2024 Sunak Conservative government,,,
https://www.gov.uk/guidance/if-your-guest-will-be-absent-temporarily-homes-for-ukraine,If your guest will be absent temporarily: Homes for Ukraine,detailed_guide,31453488-678c-4125-bc8f-397299fa7e5d,en,whitehall,2023-01-23T00:00:00.000Z,2025-01-31T00:01:04.000Z,,,10,"Housing and communities,Society and culture,Housing, local and community,Community and society,GOV.UK homepage","Ministry of Housing, Communities and Local Government","Ministry of Housing, Communities and Local Government,Department for Levelling Up, Housing and Communities ",2022 to 2024 Sunak Conservative government,,,
https://www.gov.uk/guidance/hm-land-registry-agricultural-credits-fees,HM Land Registry: Agricultural Credits fees,detailed_guide,db577afd-4d5b-4d1c-86c2-8c04a3b7b3e0,en,whitehall,2016-03-07T00:00:00.000Z,2024-12-09T00:01:01.000Z,,,10,"Land registration searches, fees and forms,GOV.UK homepage,Land registration,Housing, local and community,Housing and communities",HM Land Registry,HM Land Registry,2015 to 2016 Cameron Conservative government,,,
https://www.gov.uk/guidance/welfare-checks-and-follow-up-visits-homes-for-ukraine,Welfare checks and follow up visits: Homes for Ukraine ,detailed_guide,e50296be-3208-4207-a383-a313712b0180,en,whitehall,2023-01-16T00:00:00.000Z,2025-09-15T08:30:08.000Z,,,10,"Housing and communities,Housing, local and community,GOV.UK homepage","Ministry of Housing, Communities and Local Government","Ministry of Housing, Communities and Local Government,Department for Levelling Up, Housing and Communities ",2022 to 2024 Sunak Conservative government,,,
https://www.gov.uk/comment-on-an-alcohol-licence,Comment on an alcohol licence,answer,62e5fd33-abd2-41ef-8973-d8c2985e4c56,en,publisher,2012-10-03T18:21:57.000Z,2012-10-13T11:39:17.000Z,,,10,"Safety and the environment in your community,Housing and communities,GOV.UK homepage,Housing, local and community",Government Digital Service,Home Office,,,,
https://www.gov.uk/guidance/role-of-sponsors-voluntary-and-community-sector-councils-and-where-to-focus-tariff-funding-homes-for-ukraine,"Role of sponsors/hosts, voluntary and community sector, councils, and where to focus tariff funding: Homes for Ukraine",detailed_guide,bfc32893-6172-489d-99fb-abd86491b6bf,en,whitehall,2023-01-16T00:00:00.000Z,2025-09-15T08:30:07.000Z,,,10,"GOV.UK homepage,Housing and communities,Housing, local and community","Ministry of Housing, Communities and Local Government","Ministry of Housing, Communities and Local Government,Department for Levelling Up, Housing and Communities ",2022 to 2024 Sunak Conservative government,,,
https://www.gov.uk/guidance/mining-and-groundwater-constraints-for-development,Mining and groundwater constraints for development,detailed_guide,076ca685-8468-4133-aaf2-7be068c59672,en,whitehall,2018-11-14T00:00:00.000Z,2018-11-14T00:00:00.000Z,,,10,"Housing, local and community,Environment,Pollution and environmental quality,Planning and building,Environmental permits,GOV.UK homepage,Water management,Planning system,Groundwater,Land and development opportunities,Environmental planning",Coal Authority,Coal Authority,2016 to 2019 May Conservative government,,,
https://www.gov.uk/guidance/nationally-significant-infrastructure-projects-advice-on-working-with-public-bodies-in-the-infrastructure-planning-process,Nationally Significant Infrastructure Projects : Advice on working with public bodies in the infrastructure planning process,detailed_guide,f219e0b0-ca35-4749-a8a7-d54cb7d8a30a,en,whitehall,2024-09-19T23:00:00.000Z,2025-03-24T16:00:07.000Z,,,9,"Planning and building,Housing, local and community,Planning system,GOV.UK homepage",Planning Inspectorate,Planning Inspectorate,2024 Starmer Labour government,,,
https://www.gov.uk/guidance/community-infrastructure-levy-notice-under-regulation-117-118-or-119-decisions,"Community infrastructure levy notice under Regulation 117, 118 or 119 decisions",detailed_guide,5eb94152-fa4b-46fc-afba-bc40f06195e3,en,whitehall,2023-07-27T23:00:00.000Z,2026-01-27T14:21:41.000Z,,,9,"GOV.UK homepage,Housing, local and community,Planning and building,Planning permission and appeals,Planning system",Planning Inspectorate,Planning Inspectorate,2022 to 2024 Sunak Conservative government,,,
https://www.gov.uk/guidance/request-environmental-permit-and-coordination-support-for-nature-projects,Request environmental permit and coordination support for nature projects,detailed_guide,63733672-c539-4286-85b8-9bafcc0d9b41,en,whitehall,2026-01-09T00:00:00.000Z,2026-01-09T00:00:00.000Z,,,9,"Water management,GOV.UK homepage,Environment,Abstract (take) water,Rural development and land management,Environmental planning,Rural and countryside,Housing, local and community,Impound (store) water,Environmental permits,Planning and building",Environment Agency,Environment Agency,2024 Starmer Labour government,,,
https://www.gov.uk/guidance/smart-meters-information-for-industry-and-other-stakeholders,Smart meters: information for industry and other stakeholders,detailed_guide,5d278aef-7631-11e4-a3cb-005056011aef,en,whitehall,2013-01-22T12:06:00.000Z,2013-03-05T12:39:13.000Z,,,9,"Planning and building,GOV.UK homepage,Environment,Housing, local and community,Energy efficiency in buildings,Climate change and energy,Energy efficiency",Department for Energy Security and Net Zero,"Department for Energy Security and Net Zero,Ofgem,Department for Business, Energy & Industrial Strategy",2010 to 2015 Conservative and Liberal Democrat coalition government,,,
https://www.gov.uk/guidance/check-and-challenge-group-pre-challenge-review,Check and challenge: group pre-challenge review,detailed_guide,76034039-c60a-40ba-8aad-3eae69ed94fc,en,whitehall,2018-04-29T23:00:00.000Z,2023-12-11T14:37:17.000Z,,,9,"GOV.UK homepage,Housing, local and community",Valuation Office Agency,Valuation Office Agency,2016 to 2019 May Conservative government,,,
https://www.gov.uk/guidance/land-registry-portal-allocate-an-additional-role,HM Land Registry portal: allocate an additional role,detailed_guide,b7c09399-f5c5-4a17-a544-5258a6a64ed5,en,whitehall,2013-07-29T23:00:00.000Z,2013-07-29T23:00:00.000Z,,,9,"Business and industry,Housing, local and community,GOV.UK homepage,Housing and communities",HM Land Registry,HM Land Registry,2010 to 2015 Conservative and Liberal Democrat coalition government,,,
https://www.gov.uk/guidance/regulator-of-social-housing-privacy-notice,Regulator of Social Housing privacy notice,detailed_guide,b4ff4494-5ab3-4400-acef-575274f825df,en,whitehall,2018-05-22T23:00:00.000Z,2025-10-28T12:30:03.000Z,,,9,"Housing, local and community,Housing for older and vulnerable people,Housing and communities,GOV.UK homepage,Housing regulation,Council housing and housing association,Rented housing sector",Regulator of Social Housing,Regulator of Social Housing,2016 to 2019 May Conservative government,,,
https://www.gov.uk/guidance/digital-connectivity-portal,Digital Connectivity Portal,detailed_guide,b3cb9612-52fb-47fd-a2d0-759857841f0c,en,whitehall,2018-12-20T00:00:00.000Z,2024-08-08T14:50:23.000Z,,,9,"GOV.UK homepage,Networking,Networks and telecommunications,Media and communications,Government technology and digital services,Planning and building,Government,Regional and local government,Communications and telecomms,Broadband investment,Telecommunications,Local government,Business and industry,Local Plans,Housing, local and community,Local councils and services","Department for Science, Innovation and Technology","Department for Science, Innovation and Technology,Building Digital UK",2016 to 2019 May Conservative government,,,
https://www.gov.uk/guidance/national-polygon-service,National Polygon Service,detailed_guide,0315da2d-bf61-4aab-ba88-c56e427ca3fa,en,whitehall,2015-11-12T14:05:00.000Z,2020-05-28T14:41:22.000Z,,,9,"Housing, local and community,Land registration,Business and mortgage services,GOV.UK homepage,Business and industry,Land Registration Data ,Housing and communities,Spatial data",HM Land Registry,HM Land Registry,2015 to 2016 Cameron Conservative government,,,
https://www.gov.uk/report-coal-mine-hazard,Report a coal mine hazard,answer,9022a5f8-d554-446d-92ee-d42508811280,en,publisher,2013-05-30T16:53:04.000Z,2024-11-29T18:04:52.076Z,,,9,"GOV.UK homepage,Housing, local and community,Safety and the environment in your community,Environment,Housing and communities",Government Digital Service,"Department for Energy Security and Net Zero,Mining Remediation Authority",,,,
https://www.gov.uk/guidance/third-party-access-to-business-gateway,Third party access to Business Gateway,detailed_guide,0ba9ef31-aeee-4ed0-a693-281cf4686bde,en,whitehall,2024-05-01T10:29:30.000Z,2024-05-01T10:29:30.000Z,,,9,"Land registration,Housing, local and community,GOV.UK homepage",HM Land Registry,HM Land Registry,2022 to 2024 Sunak Conservative government,,,
https://www.gov.uk/guidance/how-rsh-works,How RSH works,detailed_guide,f30e967f-a26f-4544-8e21-5765e098900c,en,whitehall,2025-04-30T23:00:00.000Z,2025-08-06T08:30:02.000Z,,,9,"Housing and communities,Rented housing sector,Housing, local and community,Housing for older and vulnerable people,Council housing and housing association,GOV.UK homepage,Housing regulation",Regulator of Social Housing,Regulator of Social Housing,2024 Starmer Labour government,,,
https://www.gov.uk/guidance/direct-integration-with-business-gateway,Direct integration with Business Gateway,detailed_guide,39fa22d9-2ec2-4e75-9402-ab6359c69dc3,en,whitehall,2024-05-01T10:33:44.000Z,2024-05-01T10:33:44.000Z,,,9,"Land registration,GOV.UK homepage,Housing, local and community",HM Land Registry,HM Land Registry,2022 to 2024 Sunak Conservative government,,,
https://www.gov.uk/guidance/report-fraud-or-economic-crime-to-homes-england,Report fraud or economic crime to Homes England,detailed_guide,9a63fa64-2970-452c-88e7-0984b4bc5e42,en,whitehall,2025-05-14T23:00:00.000Z,2026-01-06T10:45:26.000Z,,,9,"GOV.UK homepage,Housing, local and community,Housing and communities",Homes England,Homes England,2024 Starmer Labour government,,,
https://www.gov.uk/claim-compensation-if-affected-by-hs2,Claim compensation if your property is affected by HS2,guide,fb09deed-7bbc-4ae8-a951-1f0722256b37,en,publisher,2014-12-19T10:53:36.000Z,2014-12-22T22:56:51.000Z,,,9,"GOV.UK homepage,Owning and renting a property,Housing and communities,Housing, local and community",Government Digital Service,"HM Land Registry,High Speed Two (HS2) Limited",,,,
https://www.gov.uk/guidance/grant-conditions-for-scheme-funding-homes-for-ukraine,Grant conditions for scheme funding: Homes for Ukraine,detailed_guide,e6b27f54-575f-4d39-a6c7-2b713b76b4c3,en,whitehall,2023-01-16T00:00:00.000Z,2025-09-15T08:30:08.000Z,,,9,"Housing, local and community,Local government,Regional and local government,GOV.UK homepage,Housing and communities","Ministry of Housing, Communities and Local Government","Ministry of Housing, Communities and Local Government,Department for Levelling Up, Housing and Communities ",2022 to 2024 Sunak Conservative government,,,
https://www.gov.uk/guidance/financial-viability-for-housing-led-projects,Financial viability for housing-led projects,detailed_guide,050c33b0-b233-47f6-909e-cb133f7e66bd,en,whitehall,2021-12-10T00:00:00.000Z,2021-12-10T16:03:15.000Z,,,9,"Housing, local and community,GOV.UK homepage",Homes England,Homes England,2019 to 2022 Johnson Conservative government,,,
https://www.gov.uk/guidance/guidance-note-23-transfer-of-property,Guidance Note 23: Transfer of Property,detailed_guide,2fc8336b-29ba-4d29-8353-1a5e18d43bbd,en,whitehall,2024-04-04T08:30:03.000Z,2024-04-04T08:30:03.000Z,,,9,"Rented housing sector,Housing, local and community,Council housing and housing association,GOV.UK homepage,Housing for older and vulnerable people,Housing regulation,Housing and communities",Regulator of Social Housing,Regulator of Social Housing,2022 to 2024 Sunak Conservative government,,,
https://www.gov.uk/guidance/meet-your-guests-and-help-them-settle-in-homes-for-ukraine,Meet your guests and help them settle in: Homes for Ukraine,detailed_guide,fa0355b7-ac21-4638-b2c0-0336fc7cf4db,en,whitehall,2023-01-16T00:00:00.000Z,2023-01-16T00:00:00.000Z,,,9,"Housing and communities,GOV.UK homepage,Society and culture,Housing, local and community,Community and society","Ministry of Housing, Communities and Local Government","Ministry of Housing, Communities and Local Government,Department for Levelling Up, Housing and Communities ",2022 to 2024 Sunak Conservative government,,,
https://www.gov.uk/guidance/explore-housing-development-learning-events-for-local-government,Explore housing development learning events for local government,detailed_guide,6889518b-54ea-4307-a1cf-b002f10b9cb6,en,whitehall,2021-12-10T00:00:00.000Z,2025-11-28T12:28:36.000Z,,,9,"Housing, local and community,GOV.UK homepage",Homes England,Homes England,2019 to 2022 Johnson Conservative government,,,
https://www.gov.uk/guidance/investigating-and-taking-action-on-serious-failures-in-landlords,Investigating and taking action on serious failures in landlords,detailed_guide,7ca50d5a-b4ce-4ceb-8112-ad2c4d4decbb,en,whitehall,2024-02-29T00:00:00.000Z,2024-02-29T00:00:00.000Z,,,9,"Housing regulation,Rented housing sector,Housing, local and community,GOV.UK homepage,Housing and communities,Council housing and housing association,Housing for older and vulnerable people",Regulator of Social Housing,Regulator of Social Housing,2022 to 2024 Sunak Conservative government,,,
https://www.gov.uk/guidance/closed-loop-ground-source-heating-and-cooling-systems-exemption-conditions,Closed loop ground source heating and cooling systems: exemption conditions,detailed_guide,7f11f8d2-880f-4be6-a9e6-2f2ba8021c28,en,whitehall,2023-10-01T23:00:00.000Z,2024-09-30T13:52:11.000Z,,,9,"Low carbon technologies,Planning and building,Energy infrastructure,Water management,Groundwater,GOV.UK homepage,Environment,Housing, local and community,Environmental permits",Environment Agency,Environment Agency,2022 to 2024 Sunak Conservative government,,,
https://www.gov.uk/guidance/dwelling-stock-data-notes-and-definitions-includes-hfr-full-guidance-notes-and-returns-form,Dwelling stock data: notes and definitions (includes HFR full guidance notes and returns form),detailed_guide,5c81edca-7631-11e4-a3cb-005056011aef,en,whitehall,2012-11-14T00:00:00.000Z,2025-07-08T11:41:29.000Z,,,9,"Housing and communities,Housing, local and community,GOV.UK homepage","Ministry of Housing, Communities and Local Government","Ministry of Housing, Communities and Local Government",2010 to 2015 Conservative and Liberal Democrat coalition government,,,
https://www.gov.uk/guidance/hm-land-registry-information-services-guidance,HM Land Registry Information Services guidance,detailed_guide,7a5dad9b-0d65-42f9-a532-8593665d4c11,en,whitehall,2023-03-09T00:00:00.000Z,2023-03-09T00:00:00.000Z,,,8,"Land registration,GOV.UK homepage,Housing, local and community",HM Land Registry,HM Land Registry,2022 to 2024 Sunak Conservative government,,,
https://www.gov.uk/guidance/guidance-to-all-private-registered-providers-on-submitting-annual-accounts,Guidance to all private registered providers on submitting annual accounts,detailed_guide,382666a8-a40a-4caf-8725-2218c26750d5,en,whitehall,2024-09-19T23:00:00.000Z,2025-12-19T09:30:04.000Z,,,8,"Housing for older and vulnerable people,GOV.UK homepage,Housing and communities,Housing regulation,Rented housing sector,Housing, local and community,Council housing and housing association",Regulator of Social Housing,Regulator of Social Housing,2024 Starmer Labour government,,,
https://www.gov.uk/guidance/making-sure-remediation-work-is-done,Making sure remediation work is done,detailed_guide,5b7f446f-f20b-4862-b987-da84f8200c61,en,whitehall,2022-07-20T23:00:00.000Z,2024-07-24T08:30:03.000Z,,,8,"Building regulation,Planning and building,Freehold and leasehold property,Housing and communities,Housing, local and community,GOV.UK homepage","Ministry of Housing, Communities and Local Government","Ministry of Housing, Communities and Local Government,Department for Levelling Up, Housing and Communities ",2019 to 2022 Johnson Conservative government,,,
https://www.gov.uk/guidance/building-control-bodies-contraventions-and-criminal-offences,Building control bodies: contraventions and criminal offences,detailed_guide,ed64a0a3-1a27-4d5c-b576-76bd5250e5e3,en,whitehall,2024-10-20T23:00:00.000Z,2025-03-19T09:02:33.000Z,,,8,"Housing, local and community,GOV.UK homepage,Building regulation,Planning and building",Building Safety Regulator,"Building Safety Regulator,Health and Safety Executive",2024 Starmer Labour government,,,
https://www.gov.uk/guidance/factors-for-assessing-regulatory-issues,Factors for assessing regulatory issues,detailed_guide,f4a83664-951b-48fa-8362-873820ac0f86,en,whitehall,2024-02-29T00:00:00.000Z,2024-02-29T00:00:00.000Z,,,8,"Housing regulation,Council housing and housing association,Housing and communities,Housing for older and vulnerable people,Rented housing sector,GOV.UK homepage,Housing, local and community",Regulator of Social Housing,Regulator of Social Housing,2022 to 2024 Sunak Conservative government,,,
https://www.gov.uk/guidance/purchase-notices,Purchase notices,detailed_guide,105732e0-13d5-4c19-9254-40bb56dda8b5,en,whitehall,2024-10-03T13:08:51.000Z,2024-10-03T13:08:51.000Z,,,8,"Housing, local and community,Planning and building,Planning system,GOV.UK homepage","Ministry of Housing, Communities and Local Government","Ministry of Housing, Communities and Local Government",2024 Starmer Labour government,,,
https://www.gov.uk/guidance/land-registry-portal-change-contact-details-and-default-vdd-accounts,HM Land Registry portal: change contact details and default VDD accounts,detailed_guide,247727a7-66a8-4cbc-a5d5-4f625b2cda3d,en,whitehall,2015-10-30T00:00:00.000Z,2015-10-30T00:00:00.000Z,,,8,"Housing and communities,Business and industry,GOV.UK homepage,Housing, local and community",HM Land Registry,HM Land Registry,2015 to 2016 Cameron Conservative government,,,
https://www.gov.uk/guidance/nationally-significant-infrastructure-projects-advice-on-eia-notification-and-consultation,Nationally Significant Infrastructure Projects: Advice on EIA Notification and Consultation,detailed_guide,417be2b1-dd55-44ee-8f44-5c958adb676e,en,whitehall,2024-09-20T06:56:33.000Z,2025-03-25T14:14:26.000Z,,,8,"Planning and building,GOV.UK homepage,Housing, local and community,Planning system",Planning Inspectorate,Planning Inspectorate,2024 Starmer Labour government,,,
https://www.gov.uk/guidance/get-emails-about-hm-land-registry,Get emails about HM Land Registry,detailed_guide,014022f9-681c-43b1-981e-ed44b05d8cc3,en,whitehall,2022-12-06T00:00:00.000Z,2022-12-06T00:00:00.000Z,,,8,"Housing, local and community,Land registration,GOV.UK homepage",HM Land Registry,HM Land Registry,2022 to 2024 Sunak Conservative government,,,
https://www.gov.uk/guidance/english-for-speakers-of-other-languages-esol-and-other-skills-support-homes-for-ukraine,English for Speakers of Other Languages (ESOL) and other skills support: Homes for Ukraine,detailed_guide,ebfd738c-405e-418a-8ac9-620521c845d4,en,whitehall,2023-01-16T00:00:00.000Z,2025-11-03T12:17:23.000Z,,,8,"GOV.UK homepage,Housing and communities,Housing, local and community","Ministry of Housing, Communities and Local Government","Ministry of Housing, Communities and Local Government,Department for Levelling Up, Housing and Communities ",2022 to 2024 Sunak Conservative government,,,
https://www.gov.uk/guidance/legacy-system-plan-funding,Legacy System Plan Funding,detailed_guide,1c8972eb-b545-4504-af08-8a7981d9d511,en,whitehall,2026-01-14T09:00:05.000Z,2026-01-14T09:00:05.000Z,,,8,"Planning and building,Local Plans,GOV.UK homepage,Housing, local and community","Ministry of Housing, Communities and Local Government","Ministry of Housing, Communities and Local Government",2024 Starmer Labour government,,,
https://www.gov.uk/guidance/land-registry-portal-view-services-requested,HM Land Registry portal: view services requested,detailed_guide,3ca1fec3-b46e-42ee-845e-94791e9d27b8,en,whitehall,2015-10-20T23:00:00.000Z,2015-10-20T23:00:00.000Z,,,8,"Business and industry,Housing and communities,GOV.UK homepage,Housing, local and community",HM Land Registry,HM Land Registry,2015 to 2016 Cameron Conservative government,,,
https://www.gov.uk/guidance/hm-land-registry-illustrative-plans,HM Land Registry: illustrative plans,detailed_guide,981958b1-7d06-4c55-9350-d2b0b27965b2,en,whitehall,2016-06-07T23:00:00.000Z,2021-04-30T16:10:38.000Z,,,8,"Spatial data,Business and mortgage services,Housing and communities,Land registration,Business and industry,GOV.UK homepage,Housing, local and community",HM Land Registry,HM Land Registry,2015 to 2016 Cameron Conservative government,,,
https://www.gov.uk/guidance/regulatory-standards-procedures-and-guidance,"Regulatory standards, procedures and guidance",detailed_guide,d4e35b97-e025-4e5a-91c2-b3e8b22f91ba,en,whitehall,2019-01-18T15:40:00.000Z,2019-01-18T15:40:00.000Z,,,8,"Housing regulation,Rented housing sector,GOV.UK homepage,Housing, local and community,Housing and communities",Regulator of Social Housing,Regulator of Social Housing,2016 to 2019 May Conservative government,,,
https://www.gov.uk/guidance/nutrient-neutrality-update,Nutrient neutrality: update,detailed_guide,8f07883b-7d97-45d6-abd3-4bb236862218,en,whitehall,2023-09-19T23:00:00.000Z,2024-03-06T13:41:16.000Z,,,8,"GOV.UK homepage,Housing, local and community,Planning and building,Pollution and environmental quality,Environment,House building","Department for Levelling Up, Housing and Communities ","Department for Levelling Up, Housing and Communities ",2022 to 2024 Sunak Conservative government,,,
https://www.gov.uk/guidance/hm-land-registry-lender-services,HM Land Registry Lender Services,detailed_guide,305e0f09-a541-41b0-b317-5f8ba7148647,en,whitehall,2014-06-16T11:12:00.000Z,2014-06-16T11:12:00.000Z,,,8,"GOV.UK homepage,Land registration,Housing, local and community,Business and mortgage services",HM Land Registry,HM Land Registry,2010 to 2015 Conservative and Liberal Democrat coalition government,,,
https://www.gov.uk/guidance/planning-act-2008-pre-examination-stage-for-nationally-significant-infrastructure-projects,Planning Act 2008: Pre-examination stage for Nationally Significant Infrastructure Projects,detailed_guide,3bddacc0-3fbd-49c2-a44b-a6cdd05530a2,en,whitehall,2024-04-30T15:30:02.000Z,2024-04-30T15:30:02.000Z,,,8,"GOV.UK homepage,Planning and building,Housing, local and community,Planning system","Ministry of Housing, Communities and Local Government","Ministry of Housing, Communities and Local Government,Department for Levelling Up, Housing and Communities ",2022 to 2024 Sunak Conservative government,,,
https://www.gov.uk/guidance/hm-land-registry-business-e-services--2,HM Land Registry Business e-services,detailed_guide,7d2d4dc0-ca5c-414f-aa63-b68897fa8c78,en,whitehall,2022-08-10T14:22:00.000Z,2022-08-10T14:22:00.000Z,,,8,"Housing, local and community,Land registration,GOV.UK homepage",HM Land Registry,HM Land Registry,2019 to 2022 Johnson Conservative government,,,
https://www.gov.uk/guidance/appeals-casework-portal-troubleshooting,Appeals casework portal Troubleshooting,detailed_guide,09d135f5-c2d1-4eac-81fe-d49fc781dff7,en,whitehall,2016-03-31T23:00:00.000Z,2016-03-31T23:00:00.000Z,,,7,"Planning and building,Planning permission and appeals,GOV.UK homepage,Housing, local and community",Planning Inspectorate,Planning Inspectorate,2015 to 2016 Cameron Conservative government,,,
https://www.gov.uk/guidance/building-safety-fund-leaseholder-and-resident-service-glossary,Building Safety Fund: Glossary of terms,detailed_guide,2f266d82-4e91-4e65-a44f-d2559620c306,en,whitehall,2022-01-20T10:16:00.000Z,2022-07-27T23:15:06.000Z,,,7,"Emergency preparation, response and recovery,Fire prevention and rescue,GOV.UK homepage,Building regulation,Housing, local and community,Planning and building,Government","Ministry of Housing, Communities and Local Government","Ministry of Housing, Communities and Local Government,Department for Levelling Up, Housing and Communities ",2019 to 2022 Johnson Conservative government,,,
https://www.gov.uk/guidance/appeals-casework-portal-frequently-asked-questions,Appeals casework portal: Frequently Asked Questions,detailed_guide,8143515e-b13a-4f9a-a893-9423693fc236,en,whitehall,2016-03-31T23:00:00.000Z,2016-03-31T23:00:00.000Z,,,7,"GOV.UK homepage,Planning permission and appeals,Planning and building,Housing, local and community",Planning Inspectorate,Planning Inspectorate,2015 to 2016 Cameron Conservative government,,,
https://www.gov.uk/guidance/guidance-note-19-insolvency-and-moratorium-powers,Guidance Note 19: Insolvency and Moratorium Powers,detailed_guide,e79c7766-491c-402d-9084-3c182986fa51,en,whitehall,2024-02-29T00:00:00.000Z,2024-02-29T00:00:00.000Z,,,7,"Council housing and housing association,Rented housing sector,Housing and communities,Housing for older and vulnerable people,Housing, local and community,Housing regulation,GOV.UK homepage",Regulator of Social Housing,Regulator of Social Housing,2022 to 2024 Sunak Conservative government,,,
https://www.gov.uk/guidance/statutory-homelessness-duties-homes-for-ukraine,Statutory homelessness duties: Homes for Ukraine,detailed_guide,f92101ba-e49e-4363-b83f-6b16f728c314,en,whitehall,2023-01-16T00:00:00.000Z,2025-09-15T08:30:08.000Z,,,7,"Housing and communities,Housing, local and community,GOV.UK homepage,Homelessness and rough sleeping","Ministry of Housing, Communities and Local Government","Ministry of Housing, Communities and Local Government,Department for Levelling Up, Housing and Communities ",2022 to 2024 Sunak Conservative government,,,
https://www.gov.uk/guidance/community-infrastructure-levy-plan-examinations,Community Infrastructure Levy Plan Examinations,detailed_guide,8768178a-8334-4fa1-9e3a-0b574b7f1618,en,whitehall,2014-01-01T00:00:00.000Z,2021-09-20T13:44:23.000Z,,,7,"Housing, local and community,Planning and building,Local Plans,GOV.UK homepage,Planning system",Planning Inspectorate,Planning Inspectorate,2010 to 2015 Conservative and Liberal Democrat coalition government,,,
https://www.gov.uk/guidance/nationally-significant-infrastructure-projects-advice-on-working-with-public-bodies-in-the-infrastructure-planning-process-annex-f-nuclear-regula,Nationally Significant Infrastructure Projects - Advice on working with public bodies in the infrastructure planning process - Annex F: Nuclear Regulators,detailed_guide,1cd2a70a-6b00-42b5-85cd-9d3ecb06b66d,en,whitehall,2016-12-16T00:00:00.000Z,2025-04-01T08:57:48.000Z,,,7,"Planning system,GOV.UK homepage,Planning and building,Housing, local and community",Planning Inspectorate,Planning Inspectorate,2016 to 2019 May Conservative government,,,
https://www.gov.uk/guidance/new-funding-to-support-development-management-in-local-planning-authorities,New funding to support development management in local planning authorities,detailed_guide,e3ee7d23-f7f7-40c9-8fe2-3e34c750af0f,en,whitehall,2025-12-16T00:00:00.000Z,2025-12-16T00:00:00.000Z,,,7,"Planning and building,Local Plans,Housing, local and community,GOV.UK homepage","Ministry of Housing, Communities and Local Government","Ministry of Housing, Communities and Local Government",2024 Starmer Labour government,,,
https://www.gov.uk/guidance/appeal-a-modification-or-discharge-of-planning-obligation-application-s106,Appeal a modification or discharge of planning obligation application (S106),detailed_guide,a1207bd0-106a-4dd3-b7cc-4a789181479a,en,whitehall,2014-01-01T00:00:00.000Z,2014-01-01T00:00:00.000Z,,,7,"GOV.UK homepage,Planning system,Planning permission and appeals,Planning and building,Housing, local and community",Planning Inspectorate,Planning Inspectorate,2010 to 2015 Conservative and Liberal Democrat coalition government,,,
https://www.gov.uk/guidance/guide-to-the-leasehold-and-freehold-reform-bill,Guide to the Leasehold and Freehold Reform Bill,detailed_guide,f4ce06ab-c118-49d5-a601-fa8f7c6845dd,en,whitehall,2023-11-27T00:00:00.000Z,2023-11-27T00:00:00.000Z,,,7,"GOV.UK homepage,Housing and communities,Housing, local and community,Freehold and leasehold property","Department for Levelling Up, Housing and Communities ","Department for Levelling Up, Housing and Communities ",2022 to 2024 Sunak Conservative government,true,,
https://www.gov.uk/guidance/nationally-significant-infrastructure-projects-advice-on-working-with-public-bodies-in-the-infrastructure-planning-process-annex-d-environment-ag,Nationally Significant Infrastructure Projects - Advice on working with public bodies in the infrastructure planning process - Annex D: Environment Agency,detailed_guide,9bf1eda9-c183-4751-98e1-1a566ceae5be,en,whitehall,2012-11-16T00:00:00.000Z,2025-04-01T11:42:19.000Z,,,7,"Planning and building,Housing, local and community,Planning system,GOV.UK homepage",Planning Inspectorate,Planning Inspectorate,2010 to 2015 Conservative and Liberal Democrat coalition government,,,
https://www.gov.uk/guidance/requirements-and-approach-for-different-types-of-landlord,Requirements and approach for different types of landlord,detailed_guide,8b021fb2-b21a-474b-84ec-2e00371c99a4,en,whitehall,2024-02-29T00:00:00.000Z,2024-02-29T00:00:00.000Z,,,7,"Rented housing sector,GOV.UK homepage,Housing regulation,Housing and communities,Housing for older and vulnerable people,Council housing and housing association,Housing, local and community",Regulator of Social Housing,Regulator of Social Housing,2022 to 2024 Sunak Conservative government,,,
https://www.gov.uk/guidance/local-land-charges-news,Local land charges news,detailed_guide,df3bd736-ad40-44b8-b16f-1560413cc282,en,whitehall,2024-11-01T00:00:00.000Z,2026-01-15T12:41:40.000Z,,,7,"Land registration,GOV.UK homepage,Housing, local and community",HM Land Registry,HM Land Registry,2024 Starmer Labour government,,,
https://www.gov.uk/guidance/voluntary-and-community-frontline-sector-grant,Voluntary and Community Frontline Sector Grant,detailed_guide,b9449a6e-8834-4f5d-9a9b-498e03bf8ebf,en,whitehall,2022-09-02T23:15:06.000Z,2022-09-02T23:15:06.000Z,,,7,"Housing, local and community,Housing and communities,Homelessness and rough sleeping,GOV.UK homepage","Department for Levelling Up, Housing and Communities ","Department for Levelling Up, Housing and Communities ",2019 to 2022 Johnson Conservative government,,,
https://www.gov.uk/guidance/hm-land-registry-bankruptcy-enquiry-letter-b10a,HM Land Registry bankruptcy enquiry letter B10A,detailed_guide,c09e26b4-62db-4128-bc44-cdda8aa476a3,en,whitehall,2017-06-23T08:59:00.000Z,2017-06-23T08:59:00.000Z,,,7,"Business and industry,Housing, local and community,Housing and communities,GOV.UK homepage",HM Land Registry,HM Land Registry,2016 to 2019 May Conservative government,,,
https://www.gov.uk/guidance/transitional-building-control-approval-for-work-on-existing-higher-risk-buildings,Transitional building control approval for work on existing higher-risk buildings,detailed_guide,c5d74712-3774-4fa9-9496-ba52eee232f0,en,whitehall,2024-04-01T23:00:00.000Z,2024-04-01T23:00:00.000Z,,,7,"Building regulation,GOV.UK homepage,Planning and building,Housing, local and community",Building Safety Regulator,"Building Safety Regulator,Health and Safety Executive",2022 to 2024 Sunak Conservative government,,,
https://www.gov.uk/guidance/land-registry-portal-reset-security-token,HM Land Registry portal: reset security token,detailed_guide,5260c7e8-19c5-4099-a208-bf8e0b90c4a3,en,whitehall,2010-08-31T23:00:00.000Z,2010-08-31T23:00:00.000Z,,,7,"Business and industry,Housing, local and community,GOV.UK homepage,Housing and communities",HM Land Registry,HM Land Registry,2010 to 2015 Conservative and Liberal Democrat coalition government,,,
https://www.gov.uk/guidance/hm-land-registry-portal-first-time-login-for-business-unit-administrators,HM Land Registry portal: first time login for business unit administrators,detailed_guide,b8f63119-2fbf-4310-8ba7-6ad37c783d09,en,whitehall,2018-04-09T23:00:00.000Z,2021-01-20T06:00:02.000Z,,,7,"Land registration,Housing, local and community,GOV.UK homepage",HM Land Registry,HM Land Registry,2016 to 2019 May Conservative government,,,
https://www.gov.uk/guidance/hm-land-registry-public-guidance,HM Land Registry public guidance,detailed_guide,8d9b7743-1dbf-4dcd-94e1-cdcd5fa97ffc,en,whitehall,2023-03-09T00:00:00.000Z,2023-03-09T00:00:00.000Z,,,6,"Land registration,Housing, local and community,GOV.UK homepage",HM Land Registry,HM Land Registry,2022 to 2024 Sunak Conservative government,,,
https://www.gov.uk/guidance/planning-act-2008-acceptance-stage-for-nationally-significant-infrastructure-projects,Planning Act 2008: Acceptance stage for Nationally Significant Infrastructure Projects,detailed_guide,9ddc5b90-77f7-4ad8-97b3-cfe54715d77f,en,whitehall,2024-04-30T15:30:02.000Z,2024-04-30T15:30:02.000Z,,,6,"Housing, local and community,GOV.UK homepage,Planning and building,Planning system","Ministry of Housing, Communities and Local Government","Ministry of Housing, Communities and Local Government,Department for Levelling Up, Housing and Communities ",2022 to 2024 Sunak Conservative government,,,
https://www.gov.uk/guidance/hm-land-registry-email-encryption,HM Land Registry email encryption,detailed_guide,29f8c851-9955-4f25-8d82-d75278bc45d9,en,whitehall,2015-01-21T17:00:00.000Z,2015-01-21T17:00:00.000Z,,,6,"Housing, local and community,Housing and communities,GOV.UK homepage,Business and industry,Land registration",HM Land Registry,HM Land Registry,2010 to 2015 Conservative and Liberal Democrat coalition government,,,
https://www.gov.uk/guidance/guidance-for-successful-applicants-to-the-council-housebuilding-support-fund,Guidance for successful applicants to the Council Housebuilding Support Fund,detailed_guide,215e4973-3ef0-4bc1-83d4-181011141915,en,whitehall,2025-07-01T23:00:00.000Z,2025-08-13T14:21:04.000Z,,,6,"Housing, local and community,GOV.UK homepage,Housing and communities",Homes England,Homes England,2024 Starmer Labour government,,,
https://www.gov.uk/guidance/childcare-and-education-up-to-16-years-old-homes-for-ukraine,Childcare and education up to 16 years old: Homes for Ukraine,detailed_guide,7c6c19a5-d1e2-4416-8e0e-d719fa82b588,en,whitehall,2023-01-16T00:00:00.000Z,2025-09-15T08:30:06.000Z,,,6,"Housing, local and community,GOV.UK homepage,Housing and communities","Ministry of Housing, Communities and Local Government","Ministry of Housing, Communities and Local Government,Department for Levelling Up, Housing and Communities ",2022 to 2024 Sunak Conservative government,,,
https://www.gov.uk/guidance/avoid-hm-land-registry-requisitions-company-charges,Avoid HM Land Registry requisitions: company charges,detailed_guide,3200bcbd-409d-4178-9f6c-817842079da5,en,whitehall,2016-10-06T23:00:00.000Z,2019-01-16T15:32:53.000Z,,,6,"Land registration,GOV.UK homepage,Housing, local and community",HM Land Registry,HM Land Registry,2016 to 2019 May Conservative government,,,
https://www.gov.uk/guidance/building-safety-fund-guidance-for-new-applications-from-july-2022,Building Safety Fund guidance for new applications from July 2022,detailed_guide,1fd3ccbc-b3f0-429a-8258-db38c079a62d,en,whitehall,2022-07-27T23:00:00.000Z,2024-04-02T14:05:58.000Z,,,6,"Planning and building,Fire prevention and rescue,Building regulation,Housing, local and community,Government,GOV.UK homepage,Emergency preparation, response and recovery","Ministry of Housing, Communities and Local Government","Ministry of Housing, Communities and Local Government,Department for Levelling Up, Housing and Communities ",2019 to 2022 Johnson Conservative government,,,
https://www.gov.uk/guidance/horizontal-test-specifications-for-construction-products,Horizontal test specifications for construction products,detailed_guide,fb2894c5-2ecd-444e-a9a9-5ee24518ff0b,en,whitehall,2021-01-27T00:00:00.000Z,2025-05-21T16:30:00.000Z,,,6,"Building regulation,Planning and building,GOV.UK homepage,Housing, local and community","Ministry of Housing, Communities and Local Government","Ministry of Housing, Communities and Local Government,Ministry of Housing, Communities & Local Government (2018 to 2021),Department for Levelling Up, Housing and Communities ",2019 to 2022 Johnson Conservative government,,,
https://www.gov.uk/guidance/providing-your-lettings-information,Providing your lettings information,detailed_guide,b6b2f9e8-0699-4662-b1a1-26a663609fdd,en,whitehall,2024-08-27T08:30:03.000Z,2024-08-27T08:30:03.000Z,,,6,"Housing and communities,Housing, local and community,Rented housing sector,GOV.UK homepage",Valuation Office Agency,Valuation Office Agency,2024 Starmer Labour government,,,
https://www.gov.uk/guidance/land-registry-portal-change-of-organisation-name,HM Land Registry portal: change of organisation name,detailed_guide,3bf00191-c83e-493c-bfc7-1a097e9a0bdf,en,whitehall,2016-05-12T23:00:00.000Z,2016-05-12T23:00:00.000Z,,,6,"Business and industry,Housing, local and community,GOV.UK homepage,Housing and communities",HM Land Registry,HM Land Registry,2015 to 2016 Cameron Conservative government,,,
https://www.gov.uk/guidance/section-62a-planning-application-s62a220006-berden-hall-farm-ginns-road-berden,"Section 62A Planning Application: S62A/22/0006 Berden Hall Farm, Ginns Road, Berden",detailed_guide,00645d51-9a2f-41f5-8c97-b6e735d2a2e4,en,whitehall,2022-08-02T23:00:00.000Z,2023-11-27T14:58:13.000Z,,,6,"Planning and building,Housing, local and community,Planning permission and appeals,GOV.UK homepage",Planning Inspectorate,Planning Inspectorate,2019 to 2022 Johnson Conservative government,,,
https://www.gov.uk/guidance/selling-bona-vacantia-property-using-a-mortgagees-power-of-sale-bvc6,Sell bona vacantia land using a mortgagee's power of sale (BVC6),detailed_guide,5ec02f8a-7631-11e4-a3cb-005056011aef,en,whitehall,2013-12-06T14:21:00.000Z,2013-12-06T14:21:00.000Z,,,6,"Housing and communities,Freehold and leasehold property,Housing, local and community,GOV.UK homepage",Bona Vacantia,"Bona Vacantia,Government Legal Department",2010 to 2015 Conservative and Liberal Democrat coalition government,,,
https://www.gov.uk/guidance/regulating-the-standards-glossary-of-terms,Regulating the standards glossary of terms,detailed_guide,2e51b1cf-b325-4321-9ae9-ccafb6e29b3c,en,whitehall,2024-02-29T07:30:02.000Z,2024-02-29T07:30:02.000Z,,,6,"Housing regulation,GOV.UK homepage,Housing, local and community,Housing for older and vulnerable people,Housing and communities,Council housing and housing association,Rented housing sector",Regulator of Social Housing,Regulator of Social Housing,2022 to 2024 Sunak Conservative government,,,
https://www.gov.uk/guidance/energy-calculation-as-a-service-ecaas-access-the-home-energy-model,Energy calculation as a service (ECaaS): Access the Home Energy Model,detailed_guide,26590f74-15cc-408c-ab2a-152afecf1299,en,whitehall,2025-02-03T00:00:00.000Z,2025-02-03T00:00:00.000Z,,,6,"GOV.UK homepage,Housing, local and community,Household energy","Ministry of Housing, Communities and Local Government","Ministry of Housing, Communities and Local Government",2024 Starmer Labour government,,,
https://www.gov.uk/guidance/notice-of-appeal-sent-to-landowners-for-planning-householder-minor-commercial-and-listed-building-consent-appeals,"Notice of appeal sent to landowners for planning, householder, minor commercial and listed building consent appeals",detailed_guide,692ecc51-c586-438f-9f09-55a309c736da,en,whitehall,2026-02-03T09:54:52.000Z,2026-02-03T09:54:52.000Z,,,6,"Planning permission and appeals,GOV.UK homepage,Planning and building,Housing, local and community",Planning Inspectorate,Planning Inspectorate,2024 Starmer Labour government,,,
https://www.gov.uk/guidance/if-checks-raise-a-concern-homes-for-ukraine,If checks raise a concern: Homes for Ukraine ,detailed_guide,7241a174-3ce6-4150-86d2-04ac932ae806,en,whitehall,2023-01-16T00:00:00.000Z,2025-09-15T08:30:07.000Z,,,6,"GOV.UK homepage,Housing, local and community,Housing and communities","Ministry of Housing, Communities and Local Government","Ministry of Housing, Communities and Local Government,Department for Levelling Up, Housing and Communities ",2022 to 2024 Sunak Conservative government,,,
https://www.gov.uk/guidance/special-development-order-former-raf-scampton-near-lincoln-lincolnshire-ln1-2st,"Special Development Order: Former RAF Scampton, near Lincoln, Lincolnshire, LN1 2ST",detailed_guide,159a7e54-c2bd-46c5-8b44-a8ad6ba29753,en,whitehall,2025-01-24T00:00:00.000Z,2025-05-09T08:26:41.000Z,,,6,"Housing, local and community,GOV.UK homepage,Planning and building,Planning permission and appeals","Ministry of Housing, Communities and Local Government","Ministry of Housing, Communities and Local Government",2024 Starmer Labour government,,,
https://www.gov.uk/guidance/splitting-liability-among-building-owners,Splitting liability among building owners,detailed_guide,23d13a0e-de29-4c3e-a68d-7595a47940af,en,whitehall,2022-07-21T11:55:00.000Z,2022-07-21T11:55:00.000Z,,,6,"Building regulation,Planning and building,Freehold and leasehold property,Housing, local and community,Housing and communities,GOV.UK homepage","Ministry of Housing, Communities and Local Government","Ministry of Housing, Communities and Local Government,Department for Levelling Up, Housing and Communities ",2019 to 2022 Johnson Conservative government,,,
https://www.gov.uk/guidance/business-gateway-developer-pack,Business Gateway developer pack,detailed_guide,5ff003da-7631-11e4-a3cb-005056011aef,en,whitehall,2014-09-19T11:29:00.000Z,2019-04-03T14:43:36.000Z,,,6,"Housing and communities,GOV.UK homepage,Business and industry,Housing, local and community",HM Land Registry,HM Land Registry,2010 to 2015 Conservative and Liberal Democrat coalition government,,,
https://www.gov.uk/guidance/guidance-note-16-sections-266-268-removal-of-officers,Guidance Note 16: Sections 266-268 - Removal of Officers,detailed_guide,8cc977ba-e68f-4f01-a216-f6815c5961a1,en,whitehall,2024-02-29T07:30:03.000Z,2024-02-29T07:30:03.000Z,,,6,"Rented housing sector,Housing and communities,Housing for older and vulnerable people,GOV.UK homepage,Council housing and housing association,Housing regulation,Housing, local and community",Regulator of Social Housing,Regulator of Social Housing,2022 to 2024 Sunak Conservative government,,,
https://www.gov.uk/guidance/ban-on-combustible-materials,Review of the ban on combustible materials,detailed_guide,e32732f3-3f41-452a-872c-a958000ff965,en,whitehall,2018-11-30T16:51:00.000Z,2022-06-01T15:01:18.000Z,,,6,"Building regulation,Government,Housing, local and community,Emergency preparation, response and recovery,Fire prevention and rescue,Housing and communities,GOV.UK homepage,Planning and building","Ministry of Housing, Communities and Local Government","Ministry of Housing, Communities and Local Government,Ministry of Housing, Communities & Local Government (2018 to 2021),Department for Levelling Up, Housing and Communities ",2016 to 2019 May Conservative government,,,
https://www.gov.uk/guidance/hm-land-registry-identity,HM Land Registry identity,detailed_guide,4f393b78-cc1a-4716-a64a-8b1f77f39ac9,en,whitehall,2023-03-09T00:00:00.000Z,2023-03-09T00:00:00.000Z,,,6,"GOV.UK homepage,Land registration,Housing, local and community",HM Land Registry,HM Land Registry,2022 to 2024 Sunak Conservative government,,,
https://www.gov.uk/appeal-right-of-way-decision/comment-on-an-appeal,Appeal against a right of way decision: Comment on an appeal,guide,ffbc6161-14f8-44c3-81e4-0ec903ac4bbe,en,publisher,2015-09-08T13:56:32.000Z,2015-09-21T11:19:37.000Z,,,,"Housing and communities,Countryside,Housing, local and community,Rural and countryside,Environment,Regional and local government,Local councils and services,GOV.UK homepage",Government Digital Service,Planning Inspectorate,,,,
https://www.gov.uk/guidance/protections-for-whistleblowers,Protections for whistleblowers,detailed_guide,57cb43f8-525d-4f89-9ae7-cd58223b9723,en,whitehall,2024-04-02T06:30:00.000Z,2024-04-02T06:30:00.000Z,,,,"Housing regulation,Rented housing sector,Housing for older and vulnerable people,Council housing and housing association,Housing, local and community,Housing and communities,GOV.UK homepage",Regulator of Social Housing,Regulator of Social Housing,2022 to 2024 Sunak Conservative government,,,
https://www.gov.uk/guidance/section-62a-planning-application-s62a2025101-7-belvedere-road-westbury-park-bristol-bs6-7jg,"Section 62A Planning Application: S62A/2025/0101 7 Belvedere Road, Westbury Park, Bristol, BS6 7JG",detailed_guide,68473af0-5e79-4925-8c5f-ff7fd2a5841a,en,whitehall,2025-05-05T23:00:00.000Z,2025-06-24T09:05:56.000Z,,,,"Planning and building,GOV.UK homepage,Housing, local and community,Planning permission and appeals",Planning Inspectorate,Planning Inspectorate,2024 Starmer Labour government,,,
https://www.gov.uk/guidance/national-infrastructure-planning-reform-innovation-and-capacity-fund-round-2,National Infrastructure Planning Reform: Innovation and Capacity Fund (Round 2)​,detailed_guide,c4c3ed30-45d6-498a-89c5-8149a458c68f,en,whitehall,2023-07-25T15:15:00.000Z,2023-08-07T10:37:21.000Z,,,,"Housing, local and community,Planning and building,GOV.UK homepage","Department for Levelling Up, Housing and Communities ","Department for Levelling Up, Housing and Communities ",2022 to 2024 Sunak Conservative government,,,
https://www.gov.uk/guidance/unreasonable-behaviour-by-guests-homes-for-ukraine,Unreasonable behaviour by guests: Homes for Ukraine,detailed_guide,9b87598d-2fb2-476f-93f9-10fd8fa995ce,en,whitehall,2023-04-13T23:00:00.000Z,2025-09-15T08:30:08.000Z,,,,"Housing and communities,Housing, local and community,GOV.UK homepage","Ministry of Housing, Communities and Local Government","Ministry of Housing, Communities and Local Government,Department for Levelling Up, Housing and Communities ",2022 to 2024 Sunak Conservative government,,,
https://www.gov.uk/guidance/section-62a-planning-application-s62a20250108-11-13-high-street-westbury-bristol-city-bristol-bs9-3bf,"Section 62A Planning Application: S62A/2025/0108 11-13 High Street, Westbury, Bristol City, Bristol, BS9 3BF",detailed_guide,bc989275-df6d-4a2a-9a1d-d526423e151d,en,whitehall,2025-06-05T23:00:00.000Z,2025-07-17T11:07:05.000Z,,,,"Housing, local and community,Planning permission and appeals,GOV.UK homepage,Planning and building",Planning Inspectorate,Planning Inspectorate,2024 Starmer Labour government,,,
https://www.gov.uk/guidance/section-62a-planning-application-s62a20250127-6-8-emery-road-brislington-bristol-bs4-5pf,"Section 62A Planning Application: S62A/2025/0127 6-8 Emery Road, Brislington, Bristol, BS4 5PF",detailed_guide,bafc4ca0-919c-423f-8b83-d8f0c7470a57,en,whitehall,2025-10-07T23:00:00.000Z,2025-11-26T17:23:04.000Z,,,,"Planning permission and appeals,Housing, local and community,Planning and building,GOV.UK homepage",Planning Inspectorate,Planning Inspectorate,2024 Starmer Labour government,,,
https://www.gov.uk/guidance/nationally-significant-infrastructure-projects-advice-on-working-with-public-bodies-in-the-infrastructure-planning-process-annex-h-evidence-plans,"Nationally Significant Infrastructure Projects - Advice on working with public bodies in the infrastructure planning process, Annex H: Evidence Plans for Habitats Regulations Assessments of Nationally Significant Infrastructure Projects",detailed_guide,c2408569-dc59-4aa1-ae4b-672361495a6d,en,whitehall,2012-11-16T00:00:00.000Z,2012-11-16T00:00:00.000Z,,,,"Planning system,Planning and building,Housing, local and community,GOV.UK homepage",Planning Inspectorate,Planning Inspectorate,2010 to 2015 Conservative and Liberal Democrat coalition government,,,
https://www.gov.uk/guidance/consulting-on-neighbourhood-plans-and-development-orders,"Get environmental advice on neighbourhood plans, development orders and community right to build orders",detailed_guide,ba9bc955-ab3c-4c27-bb67-79f2c80b8dfd,en,whitehall,2015-03-29T00:00:00.000Z,2016-11-14T16:20:22.000Z,,,,"GOV.UK homepage,Environmental planning,Planning and building,Environment,Rural and countryside,Housing, local and community",Environment Agency,"Environment Agency,Natural England,Department for Environment, Food & Rural Affairs",2010 to 2015 Conservative and Liberal Democrat coalition government,,,
https://www.gov.uk/guidance/hm-land-registry-data-sync-for-mortgage-lenders,HM Land Registry: data sync for mortgage lenders,detailed_guide,3300f4e8-768b-467a-909e-c5e782dcab4b,en,whitehall,2016-06-09T07:49:00.000Z,2016-06-09T07:49:00.000Z,,,,"Land registration,Mortgage services,Business and mortgage services,Business and industry,Housing, local and community,Housing and communities,GOV.UK homepage",HM Land Registry,HM Land Registry,2015 to 2016 Cameron Conservative government,,,
https://www.gov.uk/guidance/guidance-note-6-section-225a-225h-emergency-remedial-action,Guidance Note 6: Section 225A-225H - Emergency Remedial Action,detailed_guide,ca5024d0-b90c-4b05-b67d-0efdf788a1a8,en,whitehall,2024-02-29T07:30:02.000Z,2024-02-29T07:30:02.000Z,,,,"Housing regulation,Housing for older and vulnerable people,Council housing and housing association,Housing, local and community,Rented housing sector,Housing and communities,GOV.UK homepage",Regulator of Social Housing,Regulator of Social Housing,2022 to 2024 Sunak Conservative government,,,
https://www.gov.uk/guidance/february-2023-update-on-governments-work-to-improve-the-quality-of-social-housing,February 2023 – update on government’s work to improve the quality of social housing,detailed_guide,799ccb96-c08b-410c-a614-8ba57b6736c5,en,whitehall,2023-02-28T14:48:34.000Z,2023-02-28T14:48:34.000Z,,,,"Housing and communities,GOV.UK homepage,Council housing and housing association,Housing, local and community","Department for Levelling Up, Housing and Communities ","Department for Levelling Up, Housing and Communities ",2022 to 2024 Sunak Conservative government,,,
https://www.gov.uk/guidance/section-62a-planning-application-s62a20230028-land-off-chelmsford-road-hartford-end-chelmsford-essex,"Section 62A Planning Application: S62A/2023/0028 Land off Chelmsford Road, Hartford End, Chelmsford, Essex",detailed_guide,7acb6457-ee01-439e-bf89-1970406209b2,en,whitehall,2023-12-07T00:00:00.000Z,2024-03-06T10:09:46.000Z,,,,"GOV.UK homepage,Housing, local and community,Planning and building,Planning permission and appeals",Planning Inspectorate,Planning Inspectorate,2022 to 2024 Sunak Conservative government,,,
https://www.gov.uk/guidance/office-for-place-our-vision-and-principles,Office for Place – Our vision and principles,detailed_guide,3bdb209b-91c9-4b42-a665-4adf9c2653f8,en,whitehall,2023-02-14T14:20:39.000Z,2023-02-14T14:20:39.000Z,,,,"Planning and building,Housing, local and community,Planning reform,GOV.UK homepage",Office for Place,Office for Place,2022 to 2024 Sunak Conservative government,,,
https://www.gov.uk/guidance/october-2023-update-on-governments-work-to-improve-the-quality-of-social-housing,October 2023 - update on government’s work to improve the quality of social housing,detailed_guide,40594680-d8d7-4268-bd6b-cc2eb8465b65,en,whitehall,2023-10-31T10:00:01.000Z,2023-10-31T10:00:01.000Z,,,,"Housing, local and community,Housing and communities,Council housing and housing association,GOV.UK homepage","Department for Levelling Up, Housing and Communities ","Department for Levelling Up, Housing and Communities ",2022 to 2024 Sunak Conservative government,,,
https://www.gov.uk/guidance/guidance-note-21-financial-assistance,Guidance Note 21: Financial Assistance,detailed_guide,d24bda33-a44a-4bbb-b04a-2d43233fa10a,en,whitehall,2024-04-04T08:30:02.000Z,2024-04-04T08:30:02.000Z,,,,"Council housing and housing association,GOV.UK homepage,Rented housing sector,Housing and communities,Housing for older and vulnerable people,Housing regulation,Housing, local and community",Regulator of Social Housing,Regulator of Social Housing,2022 to 2024 Sunak Conservative government,,,
https://www.gov.uk/guidance/section-62a-planning-application-s62a20250139-castle-house-brentry-avenue-bristol-bs5-0dl,"Section 62A Planning Application: S62A/2025/0139 Castle House, Brentry Avenue, Bristol, BS5 0DL",detailed_guide,482fbe4f-c287-4d17-a2b3-efa73497acbb,en,whitehall,2025-12-16T00:00:00.000Z,2026-01-28T14:23:19.000Z,,,,"Planning and building,Housing, local and community,Planning permission and appeals,GOV.UK homepage",Planning Inspectorate,Planning Inspectorate,2024 Starmer Labour government,,,
https://www.gov.uk/guidance/sources-of-support-for-sponsors-hosting-people-from-ukraine,Sources of support for sponsors hosting people from Ukraine,detailed_guide,78fc31cf-85f4-4d80-ab29-833841c17854,en,whitehall,2022-08-04T23:00:00.000Z,2022-08-04T23:00:00.000Z,,,,"GOV.UK homepage,Society and culture,Housing, local and community,Community and society","Ministry of Housing, Communities and Local Government","Ministry of Housing, Communities and Local Government,Department for Levelling Up, Housing and Communities ",2019 to 2022 Johnson Conservative government,,,
https://www.gov.uk/guidance/neighbourhood-planning-financial-support-for-local-planning-authorities-in-2024-25,Neighbourhood planning: Financial support for local planning authorities in 2024-25,detailed_guide,16206fa2-9bf4-4e4d-a363-575aec6d3334,en,whitehall,2024-10-31T14:45:27.000Z,2024-10-31T14:45:27.000Z,,,,"Planning system,Planning and building,Housing, local and community,GOV.UK homepage","Ministry of Housing, Communities and Local Government","Ministry of Housing, Communities and Local Government",2024 Starmer Labour government,,,
https://www.gov.uk/guidance/section-62a-planning-application-s62a20250150-265-267-church-road-bristol-bs5-9hu,"Section 62A Planning Application: S62A/2025/0150 265-267 Church Road, Bristol, BS5 9HU",detailed_guide,a097682c-f6a6-474b-82aa-f95f10815ea5,en,whitehall,2026-01-27T13:56:00.000Z,2026-02-06T16:10:50.000Z,,,,"Planning and building,Planning permission and appeals,GOV.UK homepage,Housing, local and community",Planning Inspectorate,Planning Inspectorate,2024 Starmer Labour government,,,
https://www.gov.uk/guidance/section-62a-planning-application-s62a220000004-land-east-of-parsonage-road-and-south-of-hall-road-stansted-essex-cm22-6pl,"Section 62A Planning Application: S62A/22/0000004 Land east of Parsonage Road, and south of Hall Road, Stansted, Essex, CM22 6PL",detailed_guide,41fa75c2-3e22-4b33-ad18-76ad6a05e050,en,whitehall,2022-06-06T08:55:00.000Z,2022-08-24T13:29:57.000Z,,,,"Housing, local and community,Planning and building,GOV.UK homepage,Planning permission and appeals",Planning Inspectorate,Planning Inspectorate,2019 to 2022 Johnson Conservative government,,,
https://www.gov.uk/guidance/section-62a-planning-application-s62a20240050-59-langton-road-brislington-bristol-city-bs4-4er,"Section 62A Planning Application: S62A/2024/0050 59 Langton Road, Brislington, Bristol City, BS4 4ER",detailed_guide,28a9948f-ba86-4fd6-a86f-99ea262a323e,en,whitehall,2024-07-02T23:00:00.000Z,2024-08-22T11:07:04.000Z,,,,"Housing, local and community,GOV.UK homepage,Planning permission and appeals,Planning and building",Planning Inspectorate,Planning Inspectorate,2022 to 2024 Sunak Conservative government,,,
https://www.gov.uk/guidance/nationally-significant-infrastructure-projects-advice-on-transboundary-impacts-and-process,Nationally Significant Infrastructure Projects: Advice on Transboundary Impacts and Process,detailed_guide,7e53f9c1-7e7c-433c-85b0-ef74fa82904f,en,whitehall,2024-09-20T06:51:19.000Z,2025-03-25T14:11:51.000Z,,,,"GOV.UK homepage,Planning system,Planning and building,Housing, local and community",Planning Inspectorate,Planning Inspectorate,2024 Starmer Labour government,,,
https://www.gov.uk/guidance/section-62a-planning-application-s62a20250125-16-elmgrove-road-bristol-bs16-2ax,"Section 62A Planning Application: S62A/2025/0125 16 Elmgrove Road, Bristol, BS16 2AX",detailed_guide,7bbaba32-7ff7-478a-b1d3-aa7ce50442e1,en,whitehall,2025-10-30T00:00:00.000Z,2025-12-12T13:56:58.000Z,,,,"Planning permission and appeals,Housing, local and community,Planning and building,GOV.UK homepage",Planning Inspectorate,Planning Inspectorate,2024 Starmer Labour government,,,
https://www.gov.uk/guidance/section-62a-planning-application-s62a20240057-former-friends-school-field-mount-pleasant-lane-saffron-walden-cb11-3eb,"Section 62A Planning Application: S62A/2024/0057 Former Friends School Field, Mount Pleasant Road, Saffron Walden, CB11 3EB",detailed_guide,877eb91d-c7e8-48af-8df0-29d1847889ae,en,whitehall,2024-08-11T23:00:00.000Z,2024-11-01T13:52:53.000Z,,,,"Housing, local and community,GOV.UK homepage,Planning and building,Planning permission and appeals",Planning Inspectorate,Planning Inspectorate,2024 Starmer Labour government,,,
https://www.gov.uk/guidance/land-registry-portal-change-password,HM Land Registry portal: change password,detailed_guide,d33e980d-41a4-48c9-9240-98d8457f2a02,en,whitehall,2015-10-11T23:00:00.000Z,2015-10-11T23:00:00.000Z,,,,"Business and industry,Housing, local and community,Housing and communities,GOV.UK homepage",HM Land Registry,HM Land Registry,2015 to 2016 Cameron Conservative government,,,
https://www.gov.uk/guidance/section-62a-planning-application-s62a20230021-moors-field-station-road-little-dunmow-essex,"Section 62A Planning Application: S62A/2023/0021 Moors Field, Station Road, Little Dunmow, Essex",detailed_guide,9ecb368f-0a47-49c8-b512-8260f44ee149,en,whitehall,2023-08-14T23:00:00.000Z,2024-09-13T15:37:34.000Z,,,,"Planning and building,Planning permission and appeals,GOV.UK homepage,Housing, local and community",Planning Inspectorate,Planning Inspectorate,2022 to 2024 Sunak Conservative government,,,
https://www.gov.uk/guidance/what-happens-after-you-make-a-referral-to-us,What happens after you make a referral to us,detailed_guide,4e0a34be-04a8-4f6b-9ee3-6b78304f7ffe,en,whitehall,2024-04-02T06:30:00.000Z,2024-04-02T06:30:00.000Z,,,,"GOV.UK homepage,Housing, local and community,Housing for older and vulnerable people,Council housing and housing association,Housing and communities,Rented housing sector,Housing regulation",Regulator of Social Housing,Regulator of Social Housing,2022 to 2024 Sunak Conservative government,,,
https://www.gov.uk/guidance/section-62a-planning-application-s62a20250093-43a-land-adjacent-to-43-ambleside-avenue-bristol,"Section 62A Planning Application: S62A/2025/0093 43a (Land adjacent to 43), Ambleside Avenue, Bristol",detailed_guide,0a179a86-a01b-4b09-999b-269195ce01ba,en,whitehall,2025-03-31T23:00:00.000Z,2025-06-05T10:47:03.000Z,,,,"Housing, local and community,GOV.UK homepage,Planning and building,Planning permission and appeals",Planning Inspectorate,Planning Inspectorate,2024 Starmer Labour government,,,
https://www.gov.uk/guidance/section-62a-planning-application-s62a20250076-land-at-colne-spring-villa-colney-heath-st-albans-al4-0pb,"Section 62A Planning Application: S62A/2025/0076 Land at Colne Spring Villa, Colney Heath, St Albans, AL4 0PB",detailed_guide,103c27ed-df5d-4577-8467-a2354102f770,en,whitehall,2025-01-21T00:00:00.000Z,2025-03-12T13:20:21.000Z,,,,"Planning and building,Planning permission and appeals,Housing, local and community,GOV.UK homepage",Planning Inspectorate,Planning Inspectorate,2024 Starmer Labour government,,,
https://www.gov.uk/guidance/section-62a-planning-application-s62a20240072-8-druid-stoke-avenue-bristol-bs9-1dd,"Section 62A Planning Application: S62A/2024/0072  8 Druid Stoke Avenue, Bristol, BS9 1DD",detailed_guide,e9bc396b-5cb0-4f28-9fce-f5f97df23adf,en,whitehall,2025-01-20T00:00:00.000Z,2025-03-13T09:45:30.000Z,,,,"Planning permission and appeals,Planning and building,Housing, local and community,GOV.UK homepage",Planning Inspectorate,Planning Inspectorate,2024 Starmer Labour government,,,
https://www.gov.uk/guidance/energy-companies-obligation-brokerage,Energy Companies Obligation: brokerage,detailed_guide,5d2b405b-7631-11e4-a3cb-005056011aef,en,whitehall,2013-01-22T12:06:00.000Z,2019-07-31T08:40:37.000Z,,,,"Housing and communities,Government spending,GOV.UK homepage,Housing, local and community,Government,Government funding programmes,Climate change and energy,Energy efficiency,Government efficiency, transparency and accountability,Environment",Department for Energy Security and Net Zero,"Department for Energy Security and Net Zero,Ofgem,Department for Business, Energy & Industrial Strategy",2010 to 2015 Conservative and Liberal Democrat coalition government,,,
https://www.gov.uk/guidance/avoid-hm-land-registry-requisitions-execution-of-deeds-and-powers-of-attorney,Avoid HM Land Registry requisitions: execution of deeds and powers of attorney,detailed_guide,f76c9d1a-aa09-4aca-9f2e-c4dfb4bb4ffb,en,whitehall,2016-10-07T10:57:00.000Z,2016-10-07T10:57:00.000Z,,,,"Housing, local and community,GOV.UK homepage,Land registration",HM Land Registry,HM Land Registry,2016 to 2019 May Conservative government,,,
https://www.gov.uk/guidance/planning-act-2008-guidance-on-the-process-for-carrying-out-a-review-of-existing-national-policy-statements,Planning Act 2008: Guidance on the process for carrying out a review of existing National Policy Statements,detailed_guide,91b37277-83a7-4737-aebf-fb4e097e83cb,en,whitehall,2021-05-20T11:46:46.000Z,2021-05-20T11:46:46.000Z,,,,"Housing, local and community,GOV.UK homepage,Planning and building,Planning system","Ministry of Housing, Communities and Local Government","Ministry of Housing, Communities and Local Government,Ministry of Housing, Communities & Local Government (2018 to 2021),Department for Levelling Up, Housing and Communities ",2019 to 2022 Johnson Conservative government,,,
https://www.gov.uk/guidance/february-2024-update-on-the-governments-work-to-improve-the-quality-of-social-housing,February 2024 – update on the government’s work to improve the quality of social housing,detailed_guide,51aacf2b-d1b4-421a-af1c-a5a4b03e450c,en,whitehall,2024-02-29T11:37:41.000Z,2024-02-29T11:37:41.000Z,,,,"GOV.UK homepage,Housing and communities,Housing, local and community,Council housing and housing association","Department for Levelling Up, Housing and Communities ","Department for Levelling Up, Housing and Communities ",2022 to 2024 Sunak Conservative government,,,
https://www.gov.uk/guidance/section-62a-planning-application-s62a20240046-9a9b-rosebery-avenue-harpenden-al5-2qt,"Section 62A Planning Application: S62A/2024/0046 9a/9b Rosebery Avenue, Harpenden, AL5 2QT",detailed_guide,e9e1c522-07c0-4818-aa88-2154106a5007,en,whitehall,2024-07-09T23:00:00.000Z,2024-08-15T08:51:20.000Z,,,,"Planning permission and appeals,GOV.UK homepage,Planning and building,Housing, local and community",Planning Inspectorate,Planning Inspectorate,2024 Starmer Labour government,,,
https://www.gov.uk/guidance/section-62a-planning-application-s62a20250107-former-friends-school-field-mount-pleasant-road-saffron-walden-cb11-3eb,"Section 62A Planning Application: S62A/2025/0107  Former Friends School Field, Mount Pleasant Road, Saffron Walden, CB11 3EB",detailed_guide,66fd9fcc-87ca-4705-8831-b54fd7bd8d93,en,whitehall,2025-05-29T23:00:00.000Z,2025-09-01T16:59:43.000Z,,,,"Planning and building,GOV.UK homepage,Planning permission and appeals,Housing, local and community",Planning Inspectorate,Planning Inspectorate,2024 Starmer Labour government,,,
https://www.gov.uk/guidance/section-62a-planning-application-s62a20240047-39-43-college-green-bristol-bs1-5sh,"Section 62A Planning Application: S62A/2024/0047 39-43 College Green, Bristol, BS1 5SH",detailed_guide,b10948a3-bfec-4557-9a90-ca118fb595b7,en,whitehall,2024-07-07T23:00:00.000Z,2024-08-27T13:22:17.000Z,,,,"Housing, local and community,GOV.UK homepage,Planning permission and appeals,Planning and building",Planning Inspectorate,Planning Inspectorate,2024 Starmer Labour government,,,
https://www.gov.uk/guidance/section-62a-planning-application-s62a220005-canfield-moat-high-cross-lane-west-little-canfield-dunmow-essex-cm6-1td,"Section 62A Planning Application: S62A/22/0005 Canfield Moat, High Cross Lane West, Little Canfield, Dunmow, Essex, CM6 1TD",detailed_guide,fd804aee-1e4e-4cf7-8c9a-ff8daeee4360,en,whitehall,2022-11-07T00:00:00.000Z,2024-01-15T14:28:28.000Z,,,,"Housing, local and community,GOV.UK homepage,Planning and building,Planning permission and appeals",Planning Inspectorate,Planning Inspectorate,2022 to 2024 Sunak Conservative government,,,
https://www.gov.uk/guidance/section-62a-planning-application-s62a20240064-87-queenshill-road-bristol-bs4-2zq,"Section 62A Planning Application: S62A/2024/0064 87 Queenshill Road, Bristol, BS4 2ZQ",detailed_guide,c1ce0ec8-2186-4959-8163-437101ec0b49,en,whitehall,2024-10-16T23:00:00.000Z,2025-01-17T14:54:37.000Z,,,,"Planning and building,Housing, local and community,Planning permission and appeals,GOV.UK homepage",Planning Inspectorate,Planning Inspectorate,2024 Starmer Labour government,,,
https://www.gov.uk/guidance/section-62a-planning-application-s62a20240065-redcliff-quay-120-redcliff-street-redcliff-bristol-bs1-6hu,"Section 62A Planning Application: S62A/2024/0065 Redcliff Quay, 120 Redcliff Street, Redcliff, Bristol, BS1 6HU",detailed_guide,4b6437e3-c86a-4c7c-9639-5d20a171a67e,en,whitehall,2024-11-01T00:00:00.000Z,2024-12-20T15:26:38.000Z,,,,"GOV.UK homepage,Planning and building,Housing, local and community,Planning permission and appeals",Planning Inspectorate,Planning Inspectorate,2024 Starmer Labour government,,,
https://www.gov.uk/guidance/working-with-local-authorities,Working with local authorities,detailed_guide,0dac3de0-49c4-492f-8af2-5c79e93fb28c,en,whitehall,2018-12-20T15:54:58.000Z,2018-12-20T15:54:58.000Z,,,,"Communications and telecomms,Local Plans,Government,Networks and telecommunications,Local government,Business and industry,Planning and building,Local councils and services,GOV.UK homepage,Broadband investment,Media and communications,Housing, local and community,Government technology and digital services,Telecommunications,Regional and local government","Department for Digital, Culture, Media & Sport","Department for Digital, Culture, Media & Sport",2016 to 2019 May Conservative government,,,
https://www.gov.uk/guidance/safeguarding-homes-for-ukraine,Safeguarding: Homes for Ukraine ,detailed_guide,08fc5185-b55d-4a6f-ad59-39eb81d21f5e,en,whitehall,2023-01-16T00:00:00.000Z,2025-09-15T08:30:08.000Z,,,,"Housing, local and community,Housing and communities,GOV.UK homepage","Ministry of Housing, Communities and Local Government","Ministry of Housing, Communities and Local Government,Department for Levelling Up, Housing and Communities ",2022 to 2024 Sunak Conservative government,,,
https://www.gov.uk/guidance/section-62a-planning-application-s62a20250090-2-merton-road-bristol-bs7-8tl,"Section 62A Planning Application: S62A/2025/0090 2 Merton Road, Bristol, BS7 8TL",detailed_guide,43ba43f8-7f19-463c-8651-70d089e08eea,en,whitehall,2025-06-17T23:00:00.000Z,2025-08-07T11:10:05.000Z,,,,"Planning permission and appeals,GOV.UK homepage,Planning and building,Housing, local and community",Planning Inspectorate,Planning Inspectorate,2024 Starmer Labour government,,,
https://www.gov.uk/guidance/section-62a-planning-application-s62a20250123-13-risdale-road-ashton-bristol-bs3-2qu,"Section 62A Planning Application: S62A/2025/0123 13 Risdale Road, Ashton, Bristol, BS3 2QU",detailed_guide,5481607b-306f-40ed-aa72-f8a45b33c6ba,en,whitehall,2025-09-28T23:00:00.000Z,2025-11-06T14:17:12.000Z,,,,"Housing, local and community,Planning and building,Planning permission and appeals,GOV.UK homepage",Planning Inspectorate,Planning Inspectorate,2024 Starmer Labour government,,,
https://www.gov.uk/guidance/section-62a-planning-application-s62a220006-berden-hall-farm-ginns-road-berden-redetermination,"Section 62A Planning Application: S62A/22/0006 Berden Hall Farm, Ginns Road, Berden (Redetermination)",detailed_guide,1d16290c-4326-41db-b4a9-1b721d52803a,en,whitehall,2023-11-27T00:00:00.000Z,2024-07-18T14:23:24.000Z,,,,"Planning and building,GOV.UK homepage,Housing, local and community,Planning permission and appeals",Planning Inspectorate,Planning Inspectorate,2022 to 2024 Sunak Conservative government,,,
https://www.gov.uk/guidance/section-62a-planning-application-s62a20240063-cotham-school-cotham-lawn-road-cotham-bristol-bs6-6dt,"Section 62A Planning Application: S62A/2024/0063 Cotham School, Cotham Lawn Road, Cotham, Bristol, BS6 6DT",detailed_guide,97569e81-16b9-4b30-8fd6-503e37b50358,en,whitehall,2024-10-24T23:00:00.000Z,2024-12-18T13:55:07.000Z,,,,"GOV.UK homepage,Housing, local and community,Planning permission and appeals,Planning and building",Planning Inspectorate,Planning Inspectorate,2024 Starmer Labour government,,,
https://www.gov.uk/guidance/section-62a-planning-application-s62a20250079-515-517-stockwood-road-brislington-bristol-city-bristol-bs4-5lr,"Section 62A Planning Application: S62A/2025/0079 515-517 Stockwood Road, Brislington, Bristol City, Bristol, BS4 5LR",detailed_guide,e70f2172-0d72-4c3d-ac45-0b9d982f864e,en,whitehall,2025-02-20T00:00:00.000Z,2025-04-14T11:38:52.000Z,,,,"Housing, local and community,Planning permission and appeals,Planning and building,GOV.UK homepage",Planning Inspectorate,Planning Inspectorate,2024 Starmer Labour government,,,
https://www.gov.uk/guidance/march-2023-update-on-governments-work-to-improve-the-quality-of-social-housing,March 2023 – update on government’s work to improve the quality of social housing,detailed_guide,431169d1-2bc4-41ca-baf9-191420d36d6b,en,whitehall,2023-03-31T14:38:54.000Z,2023-03-31T14:38:54.000Z,,,,"Housing and communities,GOV.UK homepage,Housing, local and community,Council housing and housing association","Department for Levelling Up, Housing and Communities ","Department for Levelling Up, Housing and Communities ",2022 to 2024 Sunak Conservative government,,,
https://www.gov.uk/guidance/vulnerability-disclosure-policy-the-planning-inspectorate,Vulnerability disclosure policy: The Planning Inspectorate,detailed_guide,ba6c0bdd-7470-4ead-9394-a00a025e5b50,en,whitehall,2024-06-27T13:29:20.000Z,2024-06-27T13:29:20.000Z,,,,"GOV.UK homepage,Planning and building,Housing, local and community,Cyber security,Planning permission and appeals,Government",Planning Inspectorate,Planning Inspectorate,2022 to 2024 Sunak Conservative government,,,
https://www.gov.uk/guidance/section-62a-planning-application-s62a20250147-land-to-rear-of-372-374-southmead-road-bristol-bs10-5lp,"Section 62A Planning Application: S62A/2025/0147 Land to rear of 372-374 Southmead Road, Bristol, BS10 5LP",detailed_guide,41756756-2bf8-4f38-a1bb-ae15eaa92414,en,whitehall,2026-01-13T00:00:00.000Z,2026-02-17T15:53:25.000Z,,,,"Planning and building,Planning permission and appeals,GOV.UK homepage,Housing, local and community",Planning Inspectorate,Planning Inspectorate,2024 Starmer Labour government,,,
https://www.gov.uk/guidance/land-registry-portal-agreed-notice-to-note-a-charging-order-e-an1,HM Land Registry portal: agreed notice to note a charging order (e-AN1),detailed_guide,bf597f8b-5bd5-48cc-8ae5-8abd32fceaff,en,whitehall,2015-12-11T00:00:00.000Z,2015-12-11T00:00:00.000Z,,,,"GOV.UK homepage,Housing and communities,Business and industry,Housing, local and community",HM Land Registry,HM Land Registry,2015 to 2016 Cameron Conservative government,,,
https://www.gov.uk/guidance/nationally-significant-infrastructure-projects-advice-on-working-with-public-bodies-in-the-infrastructure-planning-process-annex-e-historic-engl,Nationally Significant Infrastructure Projects - Advice on working with public bodies in the infrastructure planning process -  Annex E: Historic England,detailed_guide,4eebc1c2-d181-4f8f-a381-332ce5efaf7a,en,whitehall,2016-12-16T00:00:00.000Z,2025-04-01T09:03:32.000Z,,,,"Planning system,GOV.UK homepage,Housing, local and community,Planning and building",Planning Inspectorate,Planning Inspectorate,2016 to 2019 May Conservative government,,,
https://www.gov.uk/guidance/digital-planning-improvement-fund-privacy-notice,Digital Planning Improvement Fund: privacy notice,detailed_guide,55ace5df-f894-4909-8c04-c8132bd9f9d7,en,whitehall,2023-10-16T23:00:00.000Z,2024-11-27T10:07:04.000Z,,,,"Housing, local and community,Planning and building,Planning system,GOV.UK homepage","Ministry of Housing, Communities and Local Government","Ministry of Housing, Communities and Local Government",2022 to 2024 Sunak Conservative government,,,
https://www.gov.uk/guidance/social-housing-quality-resident-panel-data-on-membership,Social Housing Resident Panel: data on membership,detailed_guide,1d820d82-1557-45d5-8983-5d57776f6316,en,whitehall,2022-08-01T23:00:00.000Z,2022-08-01T23:00:00.000Z,,,,"Housing and communities,Council housing and housing association,GOV.UK homepage,Housing, local and community,Rented housing sector","Ministry of Housing, Communities and Local Government","Ministry of Housing, Communities and Local Government,Department for Levelling Up, Housing and Communities ",2019 to 2022 Johnson Conservative government,,,
https://www.gov.uk/guidance/section-62a-planning-application-s62a20250081-14-marlborough-street-bristol-bs5-6rh,"Section 62A Planning Application: S62A/2025/0081 14 Marlborough Street, Bristol, BS5 6RH",detailed_guide,47f6802e-7461-4b59-9cce-2c50c18f9b67,en,whitehall,2025-02-26T00:00:00.000Z,2025-04-02T12:25:38.000Z,,,,"GOV.UK homepage,Planning permission and appeals,Planning and building,Housing, local and community",Planning Inspectorate,Planning Inspectorate,2024 Starmer Labour government,,,
https://www.gov.uk/guidance/public-request-to-order-disposal-land-owners-cover-letter-and-questionnaire,Public Request to Order Disposal: land owner's cover letter and questionnaire,detailed_guide,5c7edc7f-7631-11e4-a3cb-005056011aef,en,whitehall,2012-11-14T20:15:00.000Z,2012-11-14T20:15:00.000Z,,,,"Society and culture,Public sector land use,Planning and building,Government,Community and society,Housing, local and community,GOV.UK homepage","Ministry of Housing, Communities and Local Government","Ministry of Housing, Communities and Local Government,Ministry of Housing, Communities & Local Government (2018 to 2021),Department for Levelling Up, Housing and Communities ",2010 to 2015 Conservative and Liberal Democrat coalition government,,,
https://www.gov.uk/guidance/grenfell-environmental-checks-stage-1-report,Grenfell environmental checks: stage 1 report,detailed_guide,fd021d29-cbe7-4c9e-acd2-89184ef6beae,en,whitehall,2019-10-10T15:01:00.000Z,2019-10-10T15:01:00.000Z,,,,"Housing, local and community,Housing and communities,GOV.UK homepage,Environment","Ministry of Housing, Communities and Local Government","Ministry of Housing, Communities and Local Government,Ministry of Housing, Communities & Local Government (2018 to 2021),Department for Levelling Up, Housing and Communities ",2019 to 2022 Johnson Conservative government,,,
https://www.gov.uk/guidance/hm-land-registry-key-performance-indicators,HM Land Registry: key performance indicators,detailed_guide,b8f90fc9-bdec-4f0a-ae37-b8764c2536db,en,whitehall,2023-01-11T15:11:21.000Z,2023-01-11T15:11:21.000Z,,,,"GOV.UK homepage,Housing, local and community,Land registration",HM Land Registry,HM Land Registry,2022 to 2024 Sunak Conservative government,,,
https://www.gov.uk/guidance/special-development-order-northwood-headquarters-sandy-lane-northwood-middlesex-ha6-3hp,"Special Development Order: Northwood Headquarters, Sandy Lane, Northwood, Middlesex, HA6 3HP",detailed_guide,08fdb35f-7140-4478-ae17-27a1c283a37e,en,whitehall,2025-01-16T00:00:00.000Z,2025-06-30T11:43:25.000Z,,,,"Planning permission and appeals,Housing, local and community,Planning and building,GOV.UK homepage","Ministry of Housing, Communities and Local Government","Ministry of Housing, Communities and Local Government",2024 Starmer Labour government,,,
https://www.gov.uk/guidance/section-62a-planning-application-s62a20230022-london-stansted-airport-bassingbourn-road-stansted-cm24-1qw,"Section 62A Planning Application: S62A/2023/0022 - London Stansted Airport, Bassingbourn Road, Stansted CM24 1QW",detailed_guide,7f9fff5a-6725-461f-b488-069ed6f5c83d,en,whitehall,2023-08-07T23:00:00.000Z,2023-10-31T09:31:18.000Z,,,,"GOV.UK homepage,Planning permission and appeals,Housing, local and community,Planning and building",Planning Inspectorate,Planning Inspectorate,2022 to 2024 Sunak Conservative government,,,
https://www.gov.uk/guidance/guidance-note-1-sections-199-200-survey,Guidance Note 1: Sections 199-200 Survey,detailed_guide,73b22bc0-9532-426d-a1c8-037324847cd3,en,whitehall,2024-02-29T00:00:00.000Z,2024-02-29T00:00:00.000Z,,,,"Housing for older and vulnerable people,Housing regulation,Housing and communities,Housing, local and community,GOV.UK homepage,Rented housing sector,Council housing and housing association",Regulator of Social Housing,Regulator of Social Housing,2022 to 2024 Sunak Conservative government,,,
https://www.gov.uk/guidance/section-62a-planning-application-s62a20240049-land-south-of-bedwell-road-elsenham,"Section 62A Planning Application: S62A/2024/0049 Land South of Bedwell Road, Elsenham",detailed_guide,8c1e8997-67d1-41c4-a54c-e3c387e90432,en,whitehall,2024-07-07T23:00:00.000Z,2024-11-27T12:25:12.000Z,,,,"Housing, local and community,Planning permission and appeals,Planning and building,GOV.UK homepage",Planning Inspectorate,Planning Inspectorate,2024 Starmer Labour government,,,
https://www.gov.uk/guidance/section-62a-planning-application-s62a20250092-10-melvin-square-and-1-ilminster-avenue-knowle-bristol-city-bristol-bs4-1lz,"Section 62A Planning Application: S62A/2025/0092 10 Melvin Square and 1 Ilminster Avenue, Knowle, Bristol City, Bristol, BS4 1LZ",detailed_guide,bce729cb-41ef-4813-8998-33a10fb09589,en,whitehall,2025-03-28T00:00:00.000Z,2025-05-20T13:32:21.000Z,,,,"GOV.UK homepage,Planning and building,Housing, local and community,Planning permission and appeals",Planning Inspectorate,Planning Inspectorate,2024 Starmer Labour government,,,
https://www.gov.uk/guidance/join-the-business-gateway-community,Join the Business Gateway Community,detailed_guide,f7bd9681-ec52-4f1a-badf-387e6c8cd610,en,whitehall,2021-05-07T10:00:00.000Z,2021-07-19T08:00:05.000Z,,,,"Land registration,Conveyancing services ,GOV.UK homepage,Business and mortgage services,Housing, local and community",HM Land Registry,HM Land Registry,2019 to 2022 Johnson Conservative government,,,
https://www.gov.uk/guidance/may-2023-update-on-governments-work-to-improve-the-quality-of-social-housing,May 2023 – update on government’s work to improve the quality of social housing,detailed_guide,6123287f-3bfb-4814-9b22-6277f0a96f3d,en,whitehall,2023-05-31T09:53:00.000Z,2023-05-31T09:53:00.000Z,,,,"GOV.UK homepage,Housing and communities,Housing, local and community,Council housing and housing association","Department for Levelling Up, Housing and Communities ","Department for Levelling Up, Housing and Communities ",2022 to 2024 Sunak Conservative government,,,
https://www.gov.uk/guidance/section-62a-planning-application-s62a20230019-land-to-the-north-of-roseacres-between-parsonage-road-and-smiths-green-lane-takeley-essex-cm22-6n,"Section 62A Planning Application: S62A/2023/0019 Land to the north of Roseacres, between Parsonage Road and Smiths Green Lane, Takeley, Essex, CM22 6NZ (Land known as Bull Field, Warish Hall Farm, Takeley, Essex)",detailed_guide,c44e31d4-bcc7-4573-b177-19e1d42597eb,en,whitehall,2023-08-01T23:00:00.000Z,2024-11-29T14:23:46.000Z,,,,"GOV.UK homepage,Planning and building,Planning permission and appeals,Housing, local and community",Planning Inspectorate,Planning Inspectorate,2022 to 2024 Sunak Conservative government,,,
https://www.gov.uk/guidance/register-to-host-ukrainians-already-in-the-uk,Register to host Ukrainians already in the UK,detailed_guide,daf4ca46-768d-4f59-9bed-d3f559a7b6ee,en,whitehall,2023-08-23T23:01:05.000Z,2023-08-23T23:01:05.000Z,,,,"GOV.UK homepage,Housing and communities,Housing, local and community","Ministry of Housing, Communities and Local Government","Ministry of Housing, Communities and Local Government,Department for Levelling Up, Housing and Communities ",2022 to 2024 Sunak Conservative government,,,
https://www.gov.uk/guidance/pre-release-access-list-tsm-2024,Pre-release access list (TSM 2024),detailed_guide,66e1266e-b255-46b4-be96-e684e0283f2f,en,whitehall,2024-11-26T09:30:05.000Z,2024-11-26T09:30:05.000Z,,,,"Housing for older and vulnerable people,Council housing and housing association,Housing and communities,Rented housing sector,Housing regulation,GOV.UK homepage,Housing, local and community",Regulator of Social Housing,Regulator of Social Housing,2024 Starmer Labour government,,,
https://www.gov.uk/guidance/section-62a-planning-application-s62a20250096-399-filton-avenue-bristol-bs7-0lh,"Section 62A Planning Application: S62A/2025/0096 399 Filton Avenue, Bristol, BS7 0LH",detailed_guide,d39c1839-2f4f-4583-9dd8-4c2034e713d7,en,whitehall,2025-04-22T23:00:00.000Z,2025-06-10T11:26:48.000Z,,,,"Planning and building,Housing, local and community,GOV.UK homepage,Planning permission and appeals",Planning Inspectorate,Planning Inspectorate,2024 Starmer Labour government,,,
https://www.gov.uk/guidance/hm-land-registry-portal-alternative-despatch-address,HM Land Registry portal: alternative despatch address,detailed_guide,e45ca6c9-dfb4-43a1-bd0d-c48e27d584ea,en,whitehall,2020-05-18T23:00:00.000Z,2020-05-18T23:00:00.000Z,,,,"GOV.UK homepage,Housing, local and community,Land registration",HM Land Registry,HM Land Registry,2019 to 2022 Johnson Conservative government,,,
https://www.gov.uk/guidance/section-62a-planning-application-s62a20250126-2-5-highland-clifton-bristol-bs8-2yb,"Section 62A Planning Application: S62A/2025/0126 2-5 Highland, Clifton, Bristol, BS8 2YB",detailed_guide,b9e86214-ab52-4148-a522-fffa9eb3888d,en,whitehall,2025-09-30T23:00:00.000Z,2025-11-18T15:41:09.000Z,,,,"Planning permission and appeals,GOV.UK homepage,Planning and building,Housing, local and community",Planning Inspectorate,Planning Inspectorate,2024 Starmer Labour government,,,
https://www.gov.uk/guidance/analysis-and-statistical-reports,Analysis and statistical reports,detailed_guide,76b0559e-2cbe-4bdc-8457-2038a19f4d98,en,whitehall,2019-01-18T17:02:00.000Z,2019-01-18T17:02:00.000Z,,,,"Rented housing sector,Housing regulation,GOV.UK homepage,Housing and communities,Housing, local and community,Council housing and housing association",Regulator of Social Housing,Regulator of Social Housing,2016 to 2019 May Conservative government,,,
https://www.gov.uk/guidance/traveller-site-fund-202223-assessment-criteria-guidance,Traveller Site Fund 2022/23: Assessment criteria guidance,detailed_guide,db962f88-cffd-4c35-a782-8aaa8bd52371,en,whitehall,2022-03-20T09:00:03.000Z,2022-03-20T09:00:03.000Z,,,,"Housing, local and community,GOV.UK homepage,Traveller communities,Housing and communities","Department for Levelling Up, Housing and Communities ","Department for Levelling Up, Housing and Communities ",2019 to 2022 Johnson Conservative government,,,
https://www.gov.uk/guidance/responsive-engagement-with-landlords,Responsive engagement with landlords,detailed_guide,c95de602-ad39-486d-bd01-8d3c7bdace32,en,whitehall,2024-02-29T00:00:00.000Z,2024-02-29T00:00:00.000Z,,,,"Housing, local and community,GOV.UK homepage,Housing for older and vulnerable people,Housing regulation,Council housing and housing association,Rented housing sector,Housing and communities",Regulator of Social Housing,Regulator of Social Housing,2022 to 2024 Sunak Conservative government,,,
https://www.gov.uk/guidance/resources-for-communications-network-providers,Resources for communications network providers,detailed_guide,a2cf3e7a-e9e6-45a0-8ba5-32c057afd949,en,whitehall,2018-12-20T00:00:00.000Z,2024-07-26T13:09:58.000Z,,,,"Planning and building,Transport,Government technology and digital services,Broadband investment,GOV.UK homepage,Road works and street works,Housing, local and community,Road infrastructure,Telecommunications,Media and communications,Communications and telecomms,Networks and telecommunications,Business and industry,Government",Building Digital UK,Building Digital UK,2016 to 2019 May Conservative government,,,
https://www.gov.uk/guidance/appeals-casework-portal-accessibility,Accessibility statement for the appeals casework portal,detailed_guide,6b7d2f80-6bf8-483f-95c4-9373df121045,en,whitehall,2020-09-15T08:31:00.000Z,2021-02-26T12:28:25.000Z,,,,"Planning permission and appeals,GOV.UK homepage,Housing, local and community,Planning and building",Planning Inspectorate,Planning Inspectorate,2019 to 2022 Johnson Conservative government,,,
https://www.gov.uk/guidance/january-2023-update-on-governments-work-to-improve-the-quality-of-social-housing,January 2023 – update on government’s work to improve the quality of social housing,detailed_guide,191c4dc0-1d3f-4f6d-9267-aa266b1aa3f9,en,whitehall,2023-01-26T14:42:04.000Z,2023-01-26T14:42:04.000Z,,,,"GOV.UK homepage,Council housing and housing association,Housing, local and community,Housing and communities","Department for Levelling Up, Housing and Communities ","Department for Levelling Up, Housing and Communities ",2022 to 2024 Sunak Conservative government,,,
https://www.gov.uk/guidance/10-criteria-for-effective-design-coding,10 criteria for effective design coding,detailed_guide,b432511e-b38a-484f-8f3b-c2843afd6a8e,en,whitehall,2023-02-14T14:21:35.000Z,2023-02-14T14:21:35.000Z,,,,"Housing, local and community,Planning and building,GOV.UK homepage,Planning reform",Office for Place,Office for Place,2022 to 2024 Sunak Conservative government,,,
https://www.gov.uk/guidance/section-62a-planning-application-s62a20250080-17-clarendon-road-bristol-bs6-7ex,"Section 62A Planning Application: S62A/2025/0080 17 Clarendon Road, Bristol, BS6 7EX",detailed_guide,4d93618a-d8f9-499b-aafb-13be04df1cf9,en,whitehall,2025-02-28T00:00:00.000Z,2025-05-19T12:39:25.000Z,,,,"Housing, local and community,Planning and building,GOV.UK homepage,Planning permission and appeals",Planning Inspectorate,Planning Inspectorate,2024 Starmer Labour government,,,
https://www.gov.uk/guidance/guidance-on-procedural-requirements-for-major-infrastructure-projects,Guidance on procedural requirements for major infrastructure projects,detailed_guide,70941567-06bf-4b4e-a9ee-b1177907d21f,en,whitehall,2020-07-22T08:19:00.000Z,2020-12-31T20:00:05.000Z,,,,"Housing, local and community,Planning and building,GOV.UK homepage,Planning system","Ministry of Housing, Communities and Local Government","Ministry of Housing, Communities and Local Government,Ministry of Housing, Communities & Local Government (2018 to 2021),Department for Levelling Up, Housing and Communities ",2019 to 2022 Johnson Conservative government,,,
https://www.gov.uk/guidance/section-62a-planning-application-s62a20250112-66-church-road-bristol-bs5-9jy,"Section 62A Planning Application: S62A/2025/0112 66 Church Road, Bristol, BS5 9JY",detailed_guide,4131ea5a-027d-4cb7-9a95-36f7838ae4d8,en,whitehall,2025-08-04T23:00:00.000Z,2025-10-06T16:25:30.000Z,,,,"Planning and building,Housing, local and community,Planning permission and appeals,GOV.UK homepage",Planning Inspectorate,Planning Inspectorate,2024 Starmer Labour government,,,
https://www.gov.uk/guidance/what-the-regulator-does,What the Regulator does,detailed_guide,862e9209-4b62-4868-ae6e-bd0aafbe14b5,en,whitehall,2024-04-16T23:00:00.000Z,2024-04-16T23:00:00.000Z,,,,"Council housing and housing association,Housing and communities,Housing for older and vulnerable people,GOV.UK homepage,Rented housing sector,Housing regulation,Housing, local and community",Regulator of Social Housing,Regulator of Social Housing,2022 to 2024 Sunak Conservative government,,,
https://www.gov.uk/guidance/the-building-better-building-beautiful-commission,"The Building Better, Building Beautiful Commission",detailed_guide,4ffeade8-6e27-40ab-94f1-a10926fd5204,en,whitehall,2023-02-14T14:20:57.000Z,2023-02-14T14:20:57.000Z,,,,"Housing, local and community,Planning and building,GOV.UK homepage,Planning reform",Office for Place,Office for Place,2022 to 2024 Sunak Conservative government,,,
https://www.gov.uk/guidance/work-with-us-to-shape-the-future-of-land-registration,Work with us to shape the future of land registration,detailed_guide,9d1b73d9-970c-4d03-a0e3-feea4bd8845e,en,whitehall,2023-08-21T23:00:00.000Z,2023-08-21T23:00:00.000Z,,,,"Housing, local and community,Land registration,GOV.UK homepage",HM Land Registry,HM Land Registry,2022 to 2024 Sunak Conservative government,,,
https://www.gov.uk/guidance/how-will-cladding-costs-be-paid-for,How will cladding costs be paid for?,detailed_guide,70731ad3-b262-4335-929a-5521b910ffdc,en,whitehall,2022-07-20T23:00:00.000Z,2022-07-20T23:00:00.000Z,,,,"Freehold and leasehold property,Planning and building,Housing and communities,Building regulation,GOV.UK homepage,Housing, local and community","Ministry of Housing, Communities and Local Government","Ministry of Housing, Communities and Local Government,Department for Levelling Up, Housing and Communities ",2019 to 2022 Johnson Conservative government,,,
https://www.gov.uk/guidance/guidance-note-17-section-269-appointment-of-new-officers,Guidance Note 17: Section 269 – Appointment of new officers,detailed_guide,59946059-75e0-4539-b7d1-07a66dc8d7ea,en,whitehall,2024-02-29T07:30:03.000Z,2024-02-29T07:30:03.000Z,,,,"Council housing and housing association,Housing for older and vulnerable people,Housing regulation,Housing and communities,Housing, local and community,GOV.UK homepage,Rented housing sector",Regulator of Social Housing,Regulator of Social Housing,2022 to 2024 Sunak Conservative government,,,
https://www.gov.uk/guidance/the-system-for-recognising-eu-qualified-architects-in-the-uk,The system for recognising EU qualified architects in the UK,detailed_guide,2b0a2396-e3c4-441a-b11f-b215d3f7ad0d,en,whitehall,2019-01-24T00:00:00.000Z,2019-01-24T00:00:00.000Z,,,,"Government,Planning and building,GOV.UK homepage,Building regulation,Housing, local and community,Brexit","Ministry of Housing, Communities and Local Government","Ministry of Housing, Communities and Local Government,Ministry of Housing, Communities & Local Government (2018 to 2021),Department for Levelling Up, Housing and Communities ",2016 to 2019 May Conservative government,,,
https://www.gov.uk/guidance/section-62a-planning-application-s62a20250121-land-to-the-rear-of-61-cotmans-walk-lockleaze-bristol-bs7-9ug,"Section 62A Planning Application: S62A/2025/0121 land to the rear of 61 Cotmans Walk, Lockleaze, Bristol, BS7 9UG",detailed_guide,47cd13aa-eaba-4b98-ab96-fd70f15315e4,en,whitehall,2025-10-15T23:00:00.000Z,2025-12-02T14:54:19.000Z,,,,"Planning and building,Planning permission and appeals,GOV.UK homepage,Housing, local and community",Planning Inspectorate,Planning Inspectorate,2024 Starmer Labour government,,,
https://www.gov.uk/guidance/privacy-notice-homes-england-winter-learning-programme-2022,Privacy notice: Homes England Learning Programme,detailed_guide,3ec90f12-7e08-49c5-82df-2492fa70e91a,en,whitehall,2021-12-10T00:00:00.000Z,2024-05-21T09:11:45.000Z,,,,"GOV.UK homepage,Housing, local and community",Homes England,Homes England,2019 to 2022 Johnson Conservative government,,,
https://www.gov.uk/guidance/sponsors-of-children-travelling-to-or-staying-in-the-uk-without-their-parent-or-legal-guardian-homes-for-ukraine,"Sponsors of children travelling to, or staying in the UK without their parent or legal guardian: Homes for Ukraine",detailed_guide,03ccad2f-5f28-4a0d-bbcf-2c334f2f6dc3,en,whitehall,2023-01-16T00:00:00.000Z,2025-01-31T00:01:04.000Z,,,,"Community and society,Housing and communities,Housing, local and community,GOV.UK homepage,Society and culture","Ministry of Housing, Communities and Local Government","Ministry of Housing, Communities and Local Government,Department for Levelling Up, Housing and Communities ",2022 to 2024 Sunak Conservative government,,,
https://www.gov.uk/guidance/section-62a-planning-application-s62a20240032-land-to-the-west-of-mill-lane-hatfield-heath,"Section 62A Planning Application: S62A/2024/0032 Land to the West of Mill Lane, Hatfield Heath",detailed_guide,2247fab8-26be-4201-8dd1-6b912dffd50c,en,whitehall,2024-02-20T00:00:00.000Z,2024-06-19T14:08:38.000Z,,,,"GOV.UK homepage,Planning and building,Planning permission and appeals,Housing, local and community",Planning Inspectorate,Planning Inspectorate,2022 to 2024 Sunak Conservative government,,,
https://www.gov.uk/guidance/2020-rights-of-way-order-information-decisions-and-maps,"Rights of Way order information: Decisions and maps 2020, 2021 and 2022",detailed_guide,6682cf2a-12e1-4702-aa2b-c498b63a56c3,en,whitehall,2020-01-09T00:00:00.000Z,2023-01-25T15:55:43.000Z,,,,"GOV.UK homepage,Countryside,Planning permission and appeals,Rural and countryside,Access to the countryside,Environment,Housing, local and community,Planning and building",Planning Inspectorate,Planning Inspectorate,2019 to 2022 Johnson Conservative government,,,
https://www.gov.uk/guidance/section-62a-planning-application-s62a220007-land-to-the-south-of-henham-road-elsenham-essex,"Section 62A Planning Application: S62A/22/0007 Land to the South of Henham Road, Elsenham, Essex",detailed_guide,35bf3d4e-a89e-401c-8850-dde75a10a6ff,en,whitehall,2022-08-24T12:22:00.000Z,2023-06-15T08:55:44.000Z,,,,"Planning permission and appeals,GOV.UK homepage,Planning and building,Housing, local and community",Planning Inspectorate,Planning Inspectorate,2019 to 2022 Johnson Conservative government,,,
https://www.gov.uk/guidance/working-with-colleagues-applications,Working with colleagues’ applications,detailed_guide,8fe6406b-6fa7-4b56-bc97-e6ba0f5e2327,en,whitehall,2024-01-24T00:00:00.000Z,2024-01-24T00:00:00.000Z,,,,"Housing, local and community,GOV.UK homepage,Land registration searches, fees and forms,Land registration",HM Land Registry,HM Land Registry,2022 to 2024 Sunak Conservative government,,,
https://www.gov.uk/guidance/the-grenfell-assisted-home-ownership-scheme-application-notices,The Grenfell Assisted Home Ownership Scheme: Application notices,detailed_guide,61d7a2b8-3d8e-4f77-b7e9-2df144d952c3,en,whitehall,2024-05-23T23:00:00.000Z,2024-05-23T23:00:00.000Z,,,,"Housing, local and community,GOV.UK homepage","Ministry of Housing, Communities and Local Government","Ministry of Housing, Communities and Local Government,Department for Levelling Up, Housing and Communities ",2022 to 2024 Sunak Conservative government,,,
https://www.gov.uk/guidance/construction-products-regulation-in-northern-ireland,Construction Products Regulation in Northern Ireland,detailed_guide,b318231f-63b2-4510-8071-8f2b5054d555,en,whitehall,2020-11-23T00:00:00.000Z,2025-05-21T16:30:00.000Z,,,,"Planning and building,Government,Building regulation,Brexit,Housing, local and community,GOV.UK homepage","Ministry of Housing, Communities and Local Government","Ministry of Housing, Communities and Local Government,Ministry of Housing, Communities & Local Government (2018 to 2021),Department for Levelling Up, Housing and Communities ",2019 to 2022 Johnson Conservative government,,,
https://www.gov.uk/guidance/section-62a-planning-application-s62a20250110-7-redcatch-road-bristol-bs4-2ep,"Section 62A Planning Application: S62A/2025/0110 7 Redcatch Road, Bristol, BS4 2EP",detailed_guide,a0dc716a-d599-4277-8b44-818b6d773005,en,whitehall,2025-06-30T23:00:00.000Z,2025-08-01T14:56:01.000Z,,,,"Planning and building,Housing, local and community,GOV.UK homepage,Planning permission and appeals",Planning Inspectorate,Planning Inspectorate,2024 Starmer Labour government,,,
https://www.gov.uk/guidance/section-62a-planning-application-s62a20250109-237237a-gloucester-road-bristol-bs7-8nx,"Section 62A Planning Application: S62A/2025/0109 237/237A Gloucester Road,\r\nBristol, BS7 8NX",detailed_guide,7d1dd1c2-5821-4bb7-afa0-d873e90b8523,en,whitehall,2025-06-15T23:00:00.000Z,2025-07-23T09:20:54.000Z,,,,"GOV.UK homepage,Planning and building,Housing, local and community,Planning permission and appeals",Planning Inspectorate,Planning Inspectorate,2024 Starmer Labour government,,,
https://www.gov.uk/guidance/section-62a-planning-application-s62a20250106-land-to-the-rear-of-6-tyndalls-park-road-cotham-bristol-bs8-1py,"Section 62A Planning Application: S62A/2025/0106 Land to the Rear of 6 Tyndalls Park Road, Cotham, Bristol, BS8 1PY",detailed_guide,04462eba-0c00-47b6-abd7-37ce426d51b0,en,whitehall,2025-05-19T23:00:00.000Z,2025-07-02T10:04:12.000Z,,,,"Planning and building,Planning permission and appeals,Housing, local and community,GOV.UK homepage",Planning Inspectorate,Planning Inspectorate,2024 Starmer Labour government,,,
https://www.gov.uk/guidance/hm-land-registry-risk-mitigation-services-for-mortgage-lenders,HM Land Registry: Risk mitigation services for mortgage lenders,detailed_guide,b6aceac7-b6d6-432e-9313-2df305846d8c,en,whitehall,2016-12-15T00:00:00.000Z,2019-08-19T12:58:01.000Z,,,,"Housing, local and community,GOV.UK homepage,Business and mortgage services,Land registration",HM Land Registry,HM Land Registry,2016 to 2019 May Conservative government,,,
https://www.gov.uk/guidance/nationally-significant-infrastructure-projects-advice-on-the-process-for-rights-of-entry-to-land-under-section-53-of-the-planning-act-2008,Nationally Significant Infrastructure Projects: Advice on the process for rights of entry to land (under section 53 of the Planning Act 2008),detailed_guide,9fabdd44-658b-4abd-9032-42ca222427af,en,whitehall,2024-08-08T08:30:06.000Z,2025-03-25T13:40:17.000Z,,,,"GOV.UK homepage,Planning and building,Planning system,Housing, local and community",Planning Inspectorate,Planning Inspectorate,2024 Starmer Labour government,,,
https://www.gov.uk/guidance/how-to-report-suspicions-of-fraud-bribery-or-corruption-at-the-rsh,"How to report suspicions of fraud, bribery or corruption at the RSH",detailed_guide,fb8f2913-c946-4bd5-bee1-98e5f39823fe,en,whitehall,2022-02-28T09:30:04.000Z,2022-02-28T09:30:04.000Z,,,,"Housing regulation,Council housing and housing association,Housing, local and community,Housing and communities,Rented housing sector,GOV.UK homepage",Regulator of Social Housing,Regulator of Social Housing,2019 to 2022 Johnson Conservative government,,,
https://www.gov.uk/guidance/appeals-casework-portal-terms-and-conditions,Appeals casework portal - Terms and Conditions,detailed_guide,d64929e6-1614-43a6-bea2-503c395f1daa,en,whitehall,2020-09-15T09:37:00.000Z,2021-03-17T13:21:51.000Z,,,,"Planning permission and appeals,Planning and building,Housing, local and community,GOV.UK homepage",Planning Inspectorate,Planning Inspectorate,2019 to 2022 Johnson Conservative government,,,
https://www.gov.uk/guidance/section-62a-planning-application-s62a20230016-warish-hall-farm-smiths-green-lane-takeley-essex-cm22-6nz,"Section 62A Planning Application: S62A/2023/0016 Warish Hall Farm, Smiths Green Lane, Takeley, Essex, CM22 6NZ",detailed_guide,06a7d26d-bb1b-4a30-a5aa-9c5f9e0b0f43,en,whitehall,2023-04-26T11:16:00.000Z,2023-08-09T09:09:52.000Z,,,,"Housing, local and community,GOV.UK homepage,Planning permission and appeals,Planning and building",Planning Inspectorate,Planning Inspectorate,2022 to 2024 Sunak Conservative government,,,
https://www.gov.uk/guidance/section-62a-planning-application-s62a20230023-eastfield-stables-may-walk-elsenham-road-stansted-essex-cm24-8ss,"Section 62A Planning Application: S62A/2023/0023 - Eastfield Stables, May Walk, Elsenham Road, Stansted, Essex, CM24 8SS",detailed_guide,78fbcaa6-c52c-4576-9013-d7c5b39a7e9d,en,whitehall,2023-10-16T23:00:00.000Z,2024-03-04T12:42:34.000Z,,,,"GOV.UK homepage,Housing, local and community,Planning permission and appeals,Planning and building",Planning Inspectorate,Planning Inspectorate,2022 to 2024 Sunak Conservative government,,,
https://www.gov.uk/guidance/guidance-note-12-section-252a-appointment-of-advisers-to-local-authorities,Guidance Note 12: Section 252A – Appointment of advisers to local authorities,detailed_guide,c421c9c0-fd96-4bcf-b9d5-c833aec2b3cc,en,whitehall,2024-02-29T07:30:03.000Z,2024-02-29T07:30:03.000Z,,,,"Housing and communities,Council housing and housing association,Rented housing sector,Housing for older and vulnerable people,Housing regulation,GOV.UK homepage,Housing, local and community",Regulator of Social Housing,Regulator of Social Housing,2022 to 2024 Sunak Conservative government,,,
https://www.gov.uk/guidance/section-62a-planning-application-s62a20240057-former-friends-school-field-mount-pleasant-road-saffron-walden-cb11-3eb-additional-documents,"Section 62A Planning Application: S62A/2024/0057 Former Friends School Field, Mount Pleasant Road, Saffron Walden, CB11 3EB - additional documents",detailed_guide,cc7c24a5-bfb6-4f14-87a6-3285d3fad6fc,en,whitehall,2024-09-05T23:00:00.000Z,2024-10-25T08:34:14.000Z,,,,"Planning and building,GOV.UK homepage,Planning permission and appeals,Housing, local and community",Planning Inspectorate,Planning Inspectorate,2024 Starmer Labour government,,,
https://www.gov.uk/guidance/section-62a-planning-application-s62a20250133-stoke-lodge-playing-fields-west-dene-shirehampton-bristol-bs9-2bh-additional-documents,"Section 62A Planning Application: S62A/2025/0133 Stoke Lodge Playing Fields, West Dene, Shirehampton, Bristol BS9 2BH - additional documents",detailed_guide,edd240f6-5588-4650-a453-21adbb3b5e1d,en,whitehall,2025-12-23T00:00:00.000Z,2026-01-08T15:21:33.000Z,,,,"Planning and building,Housing, local and community,GOV.UK homepage,Planning permission and appeals",Planning Inspectorate,Planning Inspectorate,2024 Starmer Labour government,,,
https://www.gov.uk/guidance/nationally-significant-infrastructure-projects-advice-on-working-with-public-bodies-in-the-infrastructure-planning-process-annex-b-marine-manage--2,"Nationally Significant Infrastructure Projects - Advice on working with public bodies in the infrastructure planning process, Annex B: – Marine Management Organisation",detailed_guide,7f52029e-5904-4c66-b1e3-fe5c21c855d0,en,whitehall,2025-03-24T00:00:00.000Z,2025-12-10T13:38:53.000Z,,,,"Planning and building,Housing, local and community,GOV.UK homepage,Planning system",Planning Inspectorate,Planning Inspectorate,2024 Starmer Labour government,,,
https://www.gov.uk/guidance/land-registry-portal-delete-a-user-account,HM Land Registry portal: delete a user account,detailed_guide,fb020d93-4bc6-4305-86af-90e054014edd,en,whitehall,2015-10-12T23:00:00.000Z,2015-10-12T23:00:00.000Z,,,,"Housing, local and community,Housing and communities,Business and industry,GOV.UK homepage",HM Land Registry,HM Land Registry,2015 to 2016 Cameron Conservative government,,,
https://www.gov.uk/guidance/section-62a-planning-application-s62a20220012-land-east-of-station-road-elsenham,"Section 62A Planning Application: S62A/2022/0012 - Land East of Station Road, Elsenham",detailed_guide,7037ea3e-a547-4fbe-abbd-99db7a562773,en,whitehall,2022-10-18T11:50:00.000Z,2023-04-11T13:00:52.000Z,,,,"Housing, local and community,GOV.UK homepage,Planning permission and appeals,Planning and building",Planning Inspectorate,Planning Inspectorate,2022 Truss Conservative government,,,
https://www.gov.uk/guidance/valuation-office-agency-rent-officers-lettings-information,Valuation Office Agency Rent Officers: Lettings Information,detailed_guide,c4c23334-d9a5-41fe-b18c-6db8cc0ed1ca,en,whitehall,2023-10-10T23:00:00.000Z,2024-08-27T08:30:03.000Z,,,,"GOV.UK homepage,Housing and communities,Housing, local and community",Valuation Office Agency,Valuation Office Agency,2022 to 2024 Sunak Conservative government,,,
https://www.gov.uk/guidance/november-2023-update-on-governments-work-to-improve-the-quality-of-social-housing,November 2023 - update on government’s work to improve the quality of social housing,detailed_guide,b5119d0d-1752-4bd3-aafd-94a42c911f9f,en,whitehall,2023-11-30T10:00:02.000Z,2023-11-30T10:00:02.000Z,,,,"Council housing and housing association,Housing and communities,GOV.UK homepage,Housing, local and community","Department for Levelling Up, Housing and Communities ","Department for Levelling Up, Housing and Communities ",2022 to 2024 Sunak Conservative government,,,
https://www.gov.uk/guidance/nationally-significant-infrastructure-projects-advice-on-working-with-public-bodies-in-the-infrastructure-planning-process-annex-g-the-health-and,"Nationally Significant Infrastructure Projects - Advice on working with public bodies in the infrastructure planning process, Annex G: The Health and Safety Executive",detailed_guide,a21234fd-673c-4b39-ad80-7873cd33e3d8,en,whitehall,2012-11-16T00:00:00.000Z,2012-11-16T00:00:00.000Z,,,,"Planning and building,Housing, local and community,Planning system,GOV.UK homepage",Planning Inspectorate,Planning Inspectorate,2010 to 2015 Conservative and Liberal Democrat coalition government,,,
https://www.gov.uk/guidance/section-62a-planning-application-s62a20250141-16-18-cherry-lane-bristol-bs1-3ng,"Section 62A Planning Application: S62A/2025/0141 16-18 Cherry Lane, Bristol, BS1 3NG",detailed_guide,467c0be1-1faa-4b2f-8e76-d7c325f4f70b,en,whitehall,2025-12-22T00:00:00.000Z,2026-02-09T16:49:00.000Z,,,,"Planning permission and appeals,Housing, local and community,GOV.UK homepage,Planning and building",Planning Inspectorate,Planning Inspectorate,2024 Starmer Labour government,,,
https://www.gov.uk/guidance/planning-teams-access-automated-email-responses-for-local-plan-consultations,Planning teams: access automated email responses for local plan consultations,detailed_guide,f0b0ad92-d27d-4ff1-80ad-657e04ffc820,en,whitehall,2025-02-27T11:30:07.000Z,2025-02-27T11:30:07.000Z,,,,"GOV.UK homepage,Housing, local and community,Planning and building,Local Plans","Ministry of Housing, Communities and Local Government","Ministry of Housing, Communities and Local Government",2024 Starmer Labour government,,,
https://www.gov.uk/guidance/guidance-note-15-sections-256-265-powers-available-during-or-following-an-inquiry,Guidance Note 15: Sections 256-265 - Powers available during or following an inquiry,detailed_guide,40a23c1a-fe64-4935-b778-38fcc481fbbc,en,whitehall,2024-02-29T07:30:03.000Z,2024-02-29T07:30:03.000Z,,,,"Rented housing sector,Housing for older and vulnerable people,Housing regulation,Council housing and housing association,Housing and communities,GOV.UK homepage,Housing, local and community",Regulator of Social Housing,Regulator of Social Housing,2022 to 2024 Sunak Conservative government,,,
https://www.gov.uk/guidance/section-62a-planning-application-s62a20240075-land-north-of-thaxted-road-saffron-walden,"Section 62A Planning Application: S62A/2024/0075 Land North of Thaxted Road, Saffron Walden",detailed_guide,dfa5f2b1-0e0e-42c3-9b89-bde9e6f610c7,en,whitehall,2025-01-27T00:00:00.000Z,2025-05-19T12:51:52.000Z,,,,"GOV.UK homepage,Planning permission and appeals,Planning and building,Housing, local and community",Planning Inspectorate,Planning Inspectorate,2024 Starmer Labour government,,,
https://www.gov.uk/guidance/nationally-significant-infrastructure-projects-advice-on-working-with-public-bodies-in-the-infrastructure-planning-process-annex-a-cyfoeth-naturi--2,Nationally Significant Infrastructure Projects - Advice on working with public bodies in the infrastructure planning process: Annex A – Cyfoeth Naturiol Cymru / Natural Resources Wales,detailed_guide,76851c76-eb33-4571-9359-23afc28a3cab,en,whitehall,2025-03-24T00:00:00.000Z,2025-08-08T09:50:10.000Z,,,,"Planning system,Planning and building,GOV.UK homepage,Housing, local and community",Planning Inspectorate,Planning Inspectorate,2024 Starmer Labour government,,,
https://www.gov.uk/guidance/section-62a-planning-application-s62a20250134-11-13-whiteladies-road-bristol-bs8-1pb,"Section 62A Planning Application: S62A/2025/0134 11-13 Whiteladies Road, Bristol, BS8 1PH",detailed_guide,70e33d89-a35e-44b6-ac7c-09154e0ccf1d,en,whitehall,2025-11-11T00:00:00.000Z,2026-01-02T14:56:06.000Z,,,,"Planning permission and appeals,GOV.UK homepage,Planning and building,Housing, local and community",Planning Inspectorate,Planning Inspectorate,2024 Starmer Labour government,,,
https://www.gov.uk/guidance/section-62a-planning-application-s62a20240059-redland-filling-station-hampton-road-redland-bristol-bs6-6ja,"Section 62A Planning Application: S62A/2024/0059 Redland Filling Station, Hampton Road, Redland, Bristol, BS6 6JA",detailed_guide,88d92743-eb0e-4adf-b4d8-be2ef702190a,en,whitehall,2024-09-10T23:00:00.000Z,2024-10-24T11:12:46.000Z,,,,"Planning and building,GOV.UK homepage,Housing, local and community,Planning permission and appeals",Planning Inspectorate,Planning Inspectorate,2024 Starmer Labour government,,,
https://www.gov.uk/guidance/section-62a-planning-application-s62a20250131-land-on-south-west-side-of-strathmore-road-horfield-bristol-bs7-9qq,"Section 62A Planning Application: S62A/2025/0131 Land on South West side of Strathmore Road, Horfield, Bristol, BS7 9QQ",detailed_guide,6f357a41-f32a-4f34-89af-68063c572f5f,en,whitehall,2025-11-13T00:00:00.000Z,2025-12-29T12:37:27.000Z,,,,"Planning permission and appeals,GOV.UK homepage,Planning and building,Housing, local and community",Planning Inspectorate,Planning Inspectorate,2024 Starmer Labour government,,,
https://www.gov.uk/guidance/section-62a-planning-application-s62a20250136-357-filton-avenue-horfield-bristol-bs7-0bd,"Section 62A Planning Application: S62A/2025/0136 357 Filton Avenue, Horfield, Bristol, BS7 0BD",detailed_guide,061af72e-b339-4d98-ad4e-dc8ff22df9c7,en,whitehall,2025-11-25T00:00:00.000Z,2026-01-08T15:06:18.000Z,,,,"Planning and building,Planning permission and appeals,Housing, local and community,GOV.UK homepage",Planning Inspectorate,Planning Inspectorate,2024 Starmer Labour government,,,
https://www.gov.uk/guidance/design-code-pathfinder-programme-support-grant,Design Code Pathfinder Programme Support Grant,detailed_guide,b9955638-13af-4a73-82e0-abe27093ddd2,en,whitehall,2022-06-20T10:53:00.000Z,2022-07-08T15:59:46.000Z,,,,"Housing design and sustainability,GOV.UK homepage,Planning and building,Housing, local and community,Planning system","Department for Levelling Up, Housing and Communities ","Department for Levelling Up, Housing and Communities ",2019 to 2022 Johnson Conservative government,,,
https://www.gov.uk/guidance/section-62a-planning-application-s62a20250137-72-74-gloucester-road-bristol-bs7-8bf,"Section 62A Planning Application: S62A/2025/0137 72-74 Gloucester Road, Bristol, BS7 8BF",detailed_guide,d093ac6c-d72a-4ce2-8d8d-a9e70974eff4,en,whitehall,2025-11-26T00:00:00.000Z,2026-02-05T14:03:00.000Z,,,,"Planning permission and appeals,Housing, local and community,GOV.UK homepage,Planning and building",Planning Inspectorate,Planning Inspectorate,2024 Starmer Labour government,,,
https://www.gov.uk/guidance/section-62a-planning-application-s62a20250102-87a-redland-road-redland-bristol-bs6-6rd,"Section 62A Planning Application: S62A/2025/0102 87A Redland Road, Redland, Bristol, BS6 6RD",detailed_guide,955ff0c4-fdc9-4cb7-833b-0f82dc2c064c,en,whitehall,2025-05-13T23:00:00.000Z,2025-07-01T10:01:42.000Z,,,,"Planning permission and appeals,Housing, local and community,Planning and building,GOV.UK homepage",Planning Inspectorate,Planning Inspectorate,2024 Starmer Labour government,,,
https://www.gov.uk/guidance/2023-rights-of-way-order-information-start-date-notices-inquiry-hearing-notices-and-rejection-letters,"Rights of way order information: start date notices, inquiry & hearing notices and rejection letters published in 2023",detailed_guide,c7b0d4ee-7f0b-4cd4-a800-1599291688bb,en,whitehall,2023-01-03T00:00:00.000Z,2023-12-21T10:04:18.000Z,,,,"Countryside,Housing, local and community,Rural and countryside,Access to the countryside,Planning and building,GOV.UK homepage,Environment",Planning Inspectorate,Planning Inspectorate,2022 to 2024 Sunak Conservative government,,,
https://www.gov.uk/guidance/section-62a-planning-application-s62a20230017-additional-documents,Section 62A Planning Application: S62A/2023/0017 - additional documents,detailed_guide,ceda787c-0a52-42ef-8ee3-08456e422f70,en,whitehall,2023-06-12T11:59:00.000Z,2023-07-07T14:44:48.000Z,,,,"GOV.UK homepage,Planning permission and appeals,Housing, local and community,Planning and building",Planning Inspectorate,Planning Inspectorate,2022 to 2024 Sunak Conservative government,,,
https://www.gov.uk/guidance/hm-land-registry-property-portfolio-consolidator,HM Land Registry: Property Portfolio Consolidator,detailed_guide,d9e103c9-0c12-4d47-8e09-22ce66291274,en,whitehall,2016-06-07T23:00:00.000Z,2023-06-15T14:47:10.000Z,,,,"Housing and communities,Business and mortgage services,Land registration,GOV.UK homepage,Property portfolio management ,Housing, local and community",HM Land Registry,HM Land Registry,2015 to 2016 Cameron Conservative government,,,
https://www.gov.uk/appeal-hedgerow-notice/comment-on-an-appeal,Appeal against a hedgerow notice: Comment on an appeal,guide,6c72aa2b-5620-4e3f-b229-e5bdaa963dad,en,publisher,2015-09-08T13:57:08.000Z,2025-01-24T15:24:57.848Z,,,,"Rural development and land management,Environment,Hedgerows,GOV.UK homepage,Rural and countryside,Local councils and services,Countryside,Regional and local government,Housing, local and community,Housing and communities",Government Digital Service,Planning Inspectorate,,,,
https://www.gov.uk/guidance/adding-and-amending-transferors-and-attorneys-in-drs-applications,Adding and amending transferors and attorneys in DRS applications,detailed_guide,0172260d-a481-4847-a832-8714e944c01c,en,whitehall,2024-09-17T14:31:34.000Z,2024-09-17T14:31:34.000Z,,,,"Land registration,GOV.UK homepage,Housing, local and community",HM Land Registry,HM Land Registry,2024 Starmer Labour government,,,
https://www.gov.uk/guidance/delivery-of-the-inquiries-review-recommendations,Delivery of the Inquiries Review Recommendations,detailed_guide,a553d9de-9863-4f35-9c99-d7fc58415f92,en,whitehall,2019-06-13T15:21:00.000Z,2019-11-21T10:10:52.000Z,,,,"GOV.UK homepage,Housing, local and community,Planning permission and appeals,Planning and building",Planning Inspectorate,Planning Inspectorate,2016 to 2019 May Conservative government,,,
https://www.gov.uk/guidance/section-62a-planning-application-s62a20250151-15-sterncourt-road-stapleton-bristol-bs16-1lb,"Section 62A Planning Application: S62A/2025/0151 15 Sterncourt Road, Stapleton, Bristol, BS16 1LB",detailed_guide,a53e5d1e-cce2-4ba9-a0c1-e28a51a7d126,en,whitehall,2026-01-16T11:46:40.000Z,2026-01-16T11:46:40.000Z,,,,"GOV.UK homepage,Housing, local and community,Planning and building,Planning permission and appeals",Planning Inspectorate,Planning Inspectorate,2024 Starmer Labour government,,,
https://www.gov.uk/guidance/hm-land-registry-searchlight,HM Land Registry: Searchlight,detailed_guide,1655d2a5-9317-4169-8a47-9fd0ac729d4f,en,whitehall,2014-08-12T11:00:00.000Z,2014-08-12T11:00:00.000Z,,,,"Housing and communities,GOV.UK homepage,Business and mortgage services,Land registration,Business and industry,Housing, local and community,Spatial data",HM Land Registry,HM Land Registry,2010 to 2015 Conservative and Liberal Democrat coalition government,,,
https://www.gov.uk/guidance/valuation-office-agency-placement-year-scheme,Valuation Office Agency: placement student programme 2020,detailed_guide,f34c51bd-ed88-438f-b5fc-d87fa28d01ba,en,whitehall,2016-11-18T13:41:00.000Z,2020-02-17T12:22:24.000Z,,,,"GOV.UK homepage,Housing, local and community,Money",Valuation Office Agency,Valuation Office Agency,2016 to 2019 May Conservative government,,,
https://www.gov.uk/guidance/building-planning-capacity-and-capability,Building planning capacity and capability,detailed_guide,42586708-a096-4b67-8691-61d326a08ced,en,whitehall,2023-07-23T23:00:00.000Z,2023-07-23T23:00:00.000Z,,,,"GOV.UK homepage,Planning and building,Planning system,Housing, local and community","Ministry of Housing, Communities and Local Government","Ministry of Housing, Communities and Local Government,Department for Levelling Up, Housing and Communities ",2022 to 2024 Sunak Conservative government,,,
https://www.gov.uk/guidance/data-sharing-and-case-management-system-cms-homes-for-ukraine,Data sharing: Homes for Ukraine,detailed_guide,b074cae0-00b7-43ba-b88b-9ba36e892af8,en,whitehall,2023-01-16T00:00:00.000Z,2025-09-15T08:30:08.000Z,,,,"GOV.UK homepage,Housing, local and community,Housing and communities","Ministry of Housing, Communities and Local Government","Ministry of Housing, Communities and Local Government,Department for Levelling Up, Housing and Communities ",2022 to 2024 Sunak Conservative government,,,
https://www.gov.uk/guidance/guidance-note-2-sections-201-203a-inspections,Guidance Note 2: Sections 201-203A - Inspections,detailed_guide,5b98e3f8-ac9d-4572-9493-90a963688c4d,en,whitehall,2024-02-29T07:30:02.000Z,2024-02-29T07:30:02.000Z,,,,"Council housing and housing association,Rented housing sector,Housing for older and vulnerable people,Housing, local and community,Housing regulation,GOV.UK homepage,Housing and communities",Regulator of Social Housing,Regulator of Social Housing,2022 to 2024 Sunak Conservative government,,,
https://www.gov.uk/guidance/appeals-casework-portal-privacy-cookies,Appeals casework portal - Cookies,detailed_guide,2b982b3e-3ada-4882-992d-908dd577ab46,en,whitehall,2020-09-15T08:53:00.000Z,2022-09-29T10:30:58.000Z,,,,"GOV.UK homepage,Planning and building,Housing, local and community,Planning permission and appeals",Planning Inspectorate,Planning Inspectorate,2019 to 2022 Johnson Conservative government,,,
https://www.gov.uk/guidance/getting-started-with-design-codes,Getting Started with Design Codes,detailed_guide,159ff028-6a1c-4a70-b603-5369f367a497,en,whitehall,2024-07-17T10:50:57.000Z,2024-07-17T10:50:57.000Z,,,,"Planning and building,Housing, local and community,GOV.UK homepage",Office for Place,Office for Place,2024 Starmer Labour government,,,
https://www.gov.uk/guidance/nationally-significant-infrastructure-projects-commitments-register,Nationally Significant Infrastructure Projects: Commitments Register,detailed_guide,121702cd-55a4-4386-8b22-aa9e7e9d1266,en,whitehall,2024-09-20T06:57:12.000Z,2025-03-27T14:45:02.000Z,,,,"Planning and building,Planning system,GOV.UK homepage,Housing, local and community",Planning Inspectorate,Planning Inspectorate,2024 Starmer Labour government,,,
https://www.gov.uk/guidance/operating-principles-for-night-shelters,Operating principles for night shelters,detailed_guide,01a7ed34-ec13-45e0-ae45-8c17bc843486,en,whitehall,2022-08-01T23:00:00.000Z,2025-01-03T12:13:23.000Z,,,,"Housing and communities,GOV.UK homepage,Housing, local and community,Homelessness and rough sleeping","Ministry of Housing, Communities and Local Government","Ministry of Housing, Communities and Local Government,Department for Levelling Up, Housing and Communities ",2019 to 2022 Johnson Conservative government,,,
https://www.gov.uk/guidance/section-62a-planning-application-s62a20230025-land-north-of-eldridge-close-stickling-green-clavering-essex,"Section 62A Planning Application: S62A/2023/0025 Land North of Eldridge Close, Stickling Green, Clavering, Essex",detailed_guide,ec55b57e-0b5a-4659-90c4-1eb138916964,en,whitehall,2023-11-09T00:00:00.000Z,2024-08-02T08:05:44.000Z,,,,"GOV.UK homepage,Planning permission and appeals,Planning and building,Housing, local and community",Planning Inspectorate,Planning Inspectorate,2022 to 2024 Sunak Conservative government,,,
https://www.gov.uk/guidance/research-at-voa,Research at VOA,detailed_guide,95e3fa8b-abad-4456-8afb-7884fb31d892,en,whitehall,2016-05-19T08:44:28.000Z,2016-05-19T08:44:28.000Z,,,,"Housing, local and community,GOV.UK homepage,Money",Valuation Office Agency,Valuation Office Agency,2015 to 2016 Cameron Conservative government,,,
https://www.gov.uk/guidance/section-62a-planning-application-s62a20250082-bull-inn-333-crews-hole-road-bristol-bs5-8bq,"Section 62A Planning Application: S62A/2025/0082 Bull Inn, 333 Crews Hole Road, Bristol, BS5 8BQ",detailed_guide,7e620712-fe7e-470c-80ce-f1b0be722359,en,whitehall,2025-03-17T00:00:00.000Z,2025-05-06T14:37:12.000Z,,,,"Planning and building,GOV.UK homepage,Planning permission and appeals,Housing, local and community",Planning Inspectorate,Planning Inspectorate,2024 Starmer Labour government,,,
https://www.gov.uk/guidance/section-62a-planning-application-s62a20240054-38-briar-road-st-albans-al4-9tl,"Section 62A Planning Application: S62A/2024/0054 38 Briar Road, St Albans, AL4 9TL",detailed_guide,24fa6bf7-ab59-4e01-8871-781e26b57016,en,whitehall,2024-09-04T23:00:00.000Z,2024-10-22T15:37:55.000Z,,,,"Housing, local and community,Planning and building,GOV.UK homepage,Planning permission and appeals",Planning Inspectorate,Planning Inspectorate,2024 Starmer Labour government,,,
https://www.gov.uk/guidance/section-62a-planning-application-s62a20250138-26-sturdon-road-bristol-bristol-bs3-2ba,"Section 62A Planning Application: S62A/2025/0138 26 Sturdon Road, Bristol, Bristol, BS3 2BA",detailed_guide,d9948361-dd2d-42a7-b78a-a5a9e9dba414,en,whitehall,2025-11-27T00:00:00.000Z,2026-01-14T14:44:29.000Z,,,,"Planning permission and appeals,Housing, local and community,Planning and building,GOV.UK homepage",Planning Inspectorate,Planning Inspectorate,2024 Starmer Labour government,,,
https://www.gov.uk/guidance/april-2023-update-on-governments-work-to-improve-the-quality-of-social-housing,April 2023 – update on government’s work to improve the quality of social housing,detailed_guide,e079f242-911e-4d38-8ff9-c3829d75671c,en,whitehall,2023-04-27T23:00:00.000Z,2023-04-27T23:00:00.000Z,,,,"Housing, local and community,GOV.UK homepage,Council housing and housing association,Housing and communities","Department for Levelling Up, Housing and Communities ","Department for Levelling Up, Housing and Communities ",2022 to 2024 Sunak Conservative government,,,
https://www.gov.uk/guidance/community-led-housing-research-privacy-notice,Community-led Housing Research: privacy notice,detailed_guide,f3942eab-52fc-4db5-9a48-bc84c47146ad,en,whitehall,2025-12-09T15:50:55.000Z,2025-12-09T15:50:55.000Z,,,,"Housing and communities,Housing regulation,GOV.UK homepage,Housing, local and community","Ministry of Housing, Communities and Local Government","Ministry of Housing, Communities and Local Government",2024 Starmer Labour government,,,
https://www.gov.uk/guidance/independent-energy-suppliers,Independent energy suppliers,detailed_guide,5ff18f76-7631-11e4-a3cb-005056011aef,en,whitehall,2015-01-13T10:08:00.000Z,2017-08-14T06:22:52.000Z,,,,"GOV.UK homepage,UK energy security,Household energy,Business and the environment,Energy industry and infrastructure licensing and regulation,Housing, local and community,Business and industry,Business regulation",Department for Energy Security and Net Zero,"Department for Energy Security and Net Zero,Ofgem,Department for Business, Energy & Industrial Strategy",2010 to 2015 Conservative and Liberal Democrat coalition government,,,
https://www.gov.uk/guidance/council-tax-notice-of-alteration,Council Tax notice of alteration,detailed_guide,a237107e-ecb0-4f04-95d0-71fcf76bd120,en,whitehall,2017-04-18T07:26:00.000Z,2017-04-18T07:26:00.000Z,,,,"Local government,Housing, local and community,GOV.UK homepage,Council Tax,Planning and building,Money,Regional and local government",Valuation Office Agency,Valuation Office Agency,2016 to 2019 May Conservative government,,,
https://www.gov.uk/guidance/section-62a-planning-application-s62a20220014-land-west-of-thaxted-road-saffron-walden,"Section 62A Planning Application: S62A/2022/0014 Land west of Thaxted Road, Saffron Walden",detailed_guide,6313eef5-b626-48ce-a5bc-c40dee5e63bb,en,whitehall,2022-12-07T16:18:00.000Z,2023-05-30T15:07:34.000Z,,,,"GOV.UK homepage,Planning permission and appeals,Planning and building,Housing, local and community",Planning Inspectorate,Planning Inspectorate,2022 to 2024 Sunak Conservative government,,,
https://www.gov.uk/guidance/section-62a-planning-application-s62a20250084-37-sandholme-road-brislington-bristol-bs4-3rp,"Section 62A Planning Application: S62A/2025/0084 37 Sandholme Road, Brislington, Bristol, BS4 3RP",detailed_guide,031ec098-7bc1-4c8c-a8ba-2f9f1d218518,en,whitehall,2025-03-03T00:00:00.000Z,2025-05-20T13:30:47.000Z,,,,"Planning and building,Housing, local and community,Planning permission and appeals,GOV.UK homepage",Planning Inspectorate,Planning Inspectorate,2024 Starmer Labour government,,,
https://www.gov.uk/guidance/land-registry-portal-suspend-or-unsuspend-an-account,HM Land Registry portal: suspend or unsuspend an account,detailed_guide,15de7249-6ff9-48ba-87b0-821d7e2101de,en,whitehall,2010-09-30T23:00:00.000Z,2021-08-04T10:50:38.000Z,,,,"Land registration,Housing, local and community,GOV.UK homepage",HM Land Registry,HM Land Registry,2010 to 2015 Conservative and Liberal Democrat coalition government,,,
https://www.gov.uk/guidance/grenfell-environmental-checks-stage-2-report,Grenfell environmental checks: Stage 2 report,detailed_guide,851d7a17-4150-4c9d-9488-d7a2160a2ca3,en,whitehall,2021-07-12T13:10:13.000Z,2021-07-12T13:10:13.000Z,,,,"Building regulation,Planning and building,Housing, local and community,GOV.UK homepage,Housing and communities,Environment","Ministry of Housing, Communities and Local Government","Ministry of Housing, Communities and Local Government,Ministry of Housing, Communities & Local Government (2018 to 2021),Department for Levelling Up, Housing and Communities ",2019 to 2022 Johnson Conservative government,,,
https://www.gov.uk/guidance/section-62a-planning-application-s62a20250116-144-whitehall-road-bristol-bs5-9bp,"Section 62A Planning Application: S62A/2025/0116 144 Whitehall Road, Bristol, BS5 9BP",detailed_guide,7801daa6-4124-4845-8f49-d06c8633eb55,en,whitehall,2025-08-14T23:00:00.000Z,2025-10-08T08:13:58.000Z,,,,"Housing, local and community,Planning permission and appeals,Planning and building,GOV.UK homepage",Planning Inspectorate,Planning Inspectorate,2024 Starmer Labour government,,,
https://www.gov.uk/guidance/section-62a-planning-application-s62a20250077-land-west-of-high-street-stebbing,"Section 62A Planning Application: S62A/2025/0077 Land West of High Street, Stebbing",detailed_guide,852bb53b-5998-43d2-b6e9-c46ae391faca,en,whitehall,2025-02-17T00:00:00.000Z,2025-06-11T15:45:31.000Z,,,,"Housing, local and community,GOV.UK homepage,Planning permission and appeals,Planning and building",Planning Inspectorate,Planning Inspectorate,2024 Starmer Labour government,,,
https://www.gov.uk/guidance/section-62a-planning-application-s62a20220011-land-east-of-pelham-substation-maggots-end-manuden,"Section 62A Planning Application: S62A/2022/0011 Land East of Pelham substation, Maggots End Manuden",detailed_guide,25755f8d-057f-418d-bf78-713603a64abd,en,whitehall,2023-01-30T15:33:00.000Z,2023-05-11T13:36:08.000Z,,,,"Housing, local and community,Planning and building,GOV.UK homepage,Planning permission and appeals",Planning Inspectorate,Planning Inspectorate,2022 to 2024 Sunak Conservative government,,,
https://www.gov.uk/guidance/house-building-data-notes-and-definitions-includes-p2-full-guidance-notes-and-returns-form,House building; new build dwellings data: notes and definitions (includes P2 and AIR full guidance notes and returns form),detailed_guide,5c81ec8f-7631-11e4-a3cb-005056011aef,en,whitehall,2012-11-14T00:00:00.000Z,2025-09-30T10:13:51.000Z,,,,"Housing, local and community,Housing and communities,GOV.UK homepage","Ministry of Housing, Communities and Local Government","Ministry of Housing, Communities and Local Government,Ministry of Housing, Communities & Local Government (2018 to 2021),Department for Levelling Up, Housing and Communities ",2010 to 2015 Conservative and Liberal Democrat coalition government,,,
https://www.gov.uk/guidance/section-62a-planning-application-s62a20250135-66-church-road-bristol-bs5-9jy,"Section 62A Planning Application: S62A/2025/0135 66 Church Road, Bristol, BS5 9JY",detailed_guide,5dbda2a2-1d50-4a82-9795-476abfd5de2a,en,whitehall,2025-11-20T00:00:00.000Z,2026-01-06T16:02:26.000Z,,,,"Planning permission and appeals,Housing, local and community,Planning and building,GOV.UK homepage",Planning Inspectorate,Planning Inspectorate,2024 Starmer Labour government,,,
https://www.gov.uk/guidance/generating-energy-offshore,Generating energy offshore,detailed_guide,601a4e38-7631-11e4-a3cb-005056011aef,en,whitehall,2014-09-18T11:29:00.000Z,2014-09-18T11:29:00.000Z,,,,"Planning and building,Marine licences,Marine,GOV.UK homepage,Marine environment,Environment,Housing, local and community",Marine Management Organisation,Marine Management Organisation,2010 to 2015 Conservative and Liberal Democrat coalition government,,,
https://www.gov.uk/guidance/land-registry-portal-create-a-group-of-users,HM Land Registry portal: create a group of users,detailed_guide,5e6a7b05-11b0-4158-bf24-51b41704bd22,en,whitehall,2015-10-11T23:00:00.000Z,2015-10-11T23:00:00.000Z,,,,"Business and industry,Housing, local and community,GOV.UK homepage,Housing and communities",HM Land Registry,HM Land Registry,2015 to 2016 Cameron Conservative government,,,
https://www.gov.uk/guidance/building-safety-programme-announcements,Building Safety Programme: announcements,detailed_guide,4f1cc59c-2753-4dec-9657-362e50292122,en,whitehall,2018-11-21T12:34:00.000Z,2019-05-09T15:46:35.000Z,,,,"Housing, local and community,GOV.UK homepage,Emergency preparation, response and recovery,Government,Building regulation,Fire prevention and rescue,Housing and communities,Planning and building","Ministry of Housing, Communities and Local Government","Ministry of Housing, Communities and Local Government,Ministry of Housing, Communities & Local Government (2018 to 2021),Department for Levelling Up, Housing and Communities ",2016 to 2019 May Conservative government,,,
https://www.gov.uk/guidance/considerations-for-the-local-planning-authority,Guidance for the local planning authority,detailed_guide,49c78df9-e21a-4416-a31a-5c73d5a96ce1,en,whitehall,2018-12-20T15:56:00.000Z,2018-12-20T15:56:00.000Z,,,,"Media and communications,Government,Business and industry,Planning and building,Broadband investment,Government technology and digital services,Networks and telecommunications,Planning system,Road works and street works,Housing, local and community,Road infrastructure,Telecommunications,Land and development opportunities,Local Plans,GOV.UK homepage,Transport,Planning permission and appeals,Communications and telecomms","Department for Digital, Culture, Media & Sport","Department for Digital, Culture, Media & Sport",2016 to 2019 May Conservative government,,,
https://www.gov.uk/guidance/planning-for-the-future-explained,Planning for the future explained,detailed_guide,80d939e8-3380-4fab-9f0a-fd89b20996c4,en,whitehall,2020-08-06T12:51:29.000Z,2020-08-06T12:51:29.000Z,,,,"Planning and building,Housing, local and community,Planning reform,GOV.UK homepage","Department for Levelling Up, Housing and Communities ","Department for Levelling Up, Housing and Communities ,Ministry of Housing, Communities & Local Government (2018 to 2021)",2019 to 2022 Johnson Conservative government,,,
https://www.gov.uk/guidance/section-62a-planning-application-s62a220006-berden-hall-farm-ginns-road-berden-additional-documents,"Section 62A Planning Application: S62A/22/0006 Berden Hall Farm, Ginns Road, Berden - additional documents",detailed_guide,ecd95e6a-c91d-4fa2-835f-23aaf578f42d,en,whitehall,2022-12-20T00:00:00.000Z,2023-11-27T15:06:45.000Z,,,,"Planning permission and appeals,Planning and building,Housing, local and community,GOV.UK homepage",Planning Inspectorate,Planning Inspectorate,2022 to 2024 Sunak Conservative government,,,
https://www.gov.uk/guidance/land-registry-portal-how-to-set-a-collective-email-address,HM Land Registry portal: how to set a collective email address,detailed_guide,56026f61-1220-431f-86fb-054f15a520bb,en,whitehall,2017-03-13T00:00:00.000Z,2017-03-13T00:00:00.000Z,,,,"Housing, local and community,GOV.UK homepage,Business and industry,Housing and communities",HM Land Registry,HM Land Registry,2016 to 2019 May Conservative government,,,
https://www.gov.uk/guidance/non-cladding-remediation-costs-summary,Non-cladding remediation costs: summary,detailed_guide,b9e680e1-5a8c-495b-9d1b-5309d443026b,en,whitehall,2022-07-21T11:56:53.000Z,2022-07-21T11:56:53.000Z,,,,"Planning and building,Freehold and leasehold property,Housing and communities,Housing, local and community,GOV.UK homepage,Building regulation","Ministry of Housing, Communities and Local Government","Ministry of Housing, Communities and Local Government,Department for Levelling Up, Housing and Communities ",2019 to 2022 Johnson Conservative government,,,
https://www.gov.uk/guidance/local-land-charges-programme-podcasts,Local Land Charges Programme podcasts,detailed_guide,965c4d93-5098-4413-af0f-e2f13b42a05d,en,whitehall,2022-05-31T13:49:53.000Z,2022-05-31T13:49:53.000Z,,,,"GOV.UK homepage,Housing, local and community,Land registration",HM Land Registry,HM Land Registry,2019 to 2022 Johnson Conservative government,,,
https://www.gov.uk/guidance/section-62a-planning-application-s62a20230017-land-at-tilekiln-green-stansted-great-hallingbury,"Section 62A Planning Application: S62A/2023/0017 - Land at Tilekiln Green, Start Hill, Great Hallingbury",detailed_guide,999d436d-2a71-4bea-a0d9-62c465f19e78,en,whitehall,2023-04-21T07:04:00.000Z,2023-07-27T09:21:13.000Z,,,,"GOV.UK homepage,Housing, local and community,Planning permission and appeals,Planning and building",Planning Inspectorate,Planning Inspectorate,2022 to 2024 Sunak Conservative government,true,,
https://www.gov.uk/guidance/section-62a-planning-application-s62a20240051-land-west-of-thaxted-road-saffron-walden,Section 62A Planning Application:  S62A/2024/0051 Land West of Thaxted Road Saffron Walden,detailed_guide,5710a512-e287-4b8c-a506-ffbae288c899,en,whitehall,2024-07-29T23:00:00.000Z,2024-09-17T10:12:36.000Z,,,,"Planning permission and appeals,GOV.UK homepage,Planning and building,Housing, local and community",Planning Inspectorate,Planning Inspectorate,2024 Starmer Labour government,,,
https://www.gov.uk/guidance/redetermination-of-section-62a-planning-application-s62a20230019-land-to-the-north-of-roseacres-between-parsonage-road-and-smiths-green-lane-take,"Redetermination of Section 62A Planning Application: S62A/2023/0019 Land to the north of Roseacres, between Parsonage Road and Smiths Green Lane, Takeley, Essex, CM22 6NZ (Land known as Bull Field, Warish Hall Farm, Takeley, Essex)",detailed_guide,c013dde5-79be-4c07-adf6-3162d651b87b,en,whitehall,2024-11-29T00:00:00.000Z,2025-02-21T16:02:50.000Z,,,,"Housing, local and community,Planning and building,GOV.UK homepage,Planning permission and appeals",Planning Inspectorate,Planning Inspectorate,2024 Starmer Labour government,,,
https://www.gov.uk/guidance/section-62a-planning-application-s62a20240040-promenade-house-clifton-down-clifton-bristol,Section 62A Planning Application: S62A/2024/0040 Promenade House Clifton Down Clifton Bristol,detailed_guide,0a2c5fc1-d0c2-4220-9376-ce3664d478e9,en,whitehall,2024-04-10T23:00:00.000Z,2024-07-24T07:04:00.000Z,,,,"Planning and building,Housing, local and community,Planning permission and appeals,GOV.UK homepage",Planning Inspectorate,Planning Inspectorate,2022 to 2024 Sunak Conservative government,,,
https://www.gov.uk/guidance/the-planning-inspectorates-flexible-resource,The Planning Inspectorate's flexible resource,detailed_guide,350a9fe5-b242-4526-9ce8-afe8f5c9347c,en,whitehall,2023-03-21T10:17:00.000Z,2023-09-19T10:25:09.000Z,,,,"Housing, local and community,Planning and building,Planning permission and appeals,GOV.UK homepage",Planning Inspectorate,Planning Inspectorate,2022 to 2024 Sunak Conservative government,,,
https://www.gov.uk/guidance/section-62a-planning-application-s62a20250107-former-friends-school-field-mount-pleasant-road-saffron-walden-cb11-3eb-additional-documents,"Section 62A Planning Application: S62A/2025/0107 Former Friends School Field, Mount Pleasant Road, Saffron Walden, CB11 3EB - additional documents",detailed_guide,f11507cd-f28d-4b27-9b65-dd6a7064597b,en,whitehall,2025-06-23T23:00:00.000Z,2025-07-29T15:28:23.000Z,,,,"GOV.UK homepage,Planning and building,Housing, local and community,Planning permission and appeals",Planning Inspectorate,Planning Inspectorate,2024 Starmer Labour government,,,
https://www.gov.uk/guidance/de-registration-requirements,De-registration requirements,detailed_guide,78cec5bd-f1b0-4a34-b525-93bf6a08460b,en,whitehall,2018-12-01T00:00:00.000Z,2018-12-01T00:00:00.000Z,,,,"GOV.UK homepage,Rented housing sector,Council housing and housing association,Housing, local and community,Housing and communities,Housing for older and vulnerable people,Housing regulation",Regulator of Social Housing,Regulator of Social Housing,2016 to 2019 May Conservative government,,,
https://www.gov.uk/guidance/section-62a-planning-application-s62a20250117-144-whitehall-road-bristol-bs5-9bp,"Section 62A Planning Application: S62A/2025/0117 144 Whitehall Road, Bristol, BS5 9BP",detailed_guide,30db7ea2-2dd9-40c6-84f2-ae02df494355,en,whitehall,2025-08-14T23:00:00.000Z,2025-10-08T08:29:18.000Z,,,,"Planning permission and appeals,GOV.UK homepage,Planning and building,Housing, local and community",Planning Inspectorate,Planning Inspectorate,2024 Starmer Labour government,,,
https://www.gov.uk/guidance/section-62a-planning-application-s62a20240034-and-s62a20240042lbc-57-the-old-port-house-prince-street-city-centre-bristol-bs1-4qh,"Section 62A Planning Application: S62A/2024/0034 and S62A/2024/0042/LBC 57 The Old Port House, Prince Street, City Centre, Bristol BS1 4QH",detailed_guide,0a4aed8c-3668-4c5c-a288-b65ddbdcf4b0,en,whitehall,2024-05-27T23:00:00.000Z,2024-07-08T15:11:36.000Z,,,,"Planning and building,Planning permission and appeals,GOV.UK homepage,Housing, local and community",Planning Inspectorate,Planning Inspectorate,2022 to 2024 Sunak Conservative government,,,
https://www.gov.uk/guidance/working-across-housing-social-care-and-safeguarding-to-tackle-long-term-rough-sleeping-webinar,"Working across housing, social care and safeguarding to tackle long-term rough sleeping: webinar",detailed_guide,883ce866-7316-4b4a-b0a8-875019d05071,en,whitehall,2025-02-06T15:30:20.000Z,2025-02-06T15:30:20.000Z,,,,"GOV.UK homepage,Homelessness and rough sleeping,Housing and communities,Housing, local and community","Ministry of Housing, Communities and Local Government","Ministry of Housing, Communities and Local Government",2024 Starmer Labour government,,,
https://www.gov.uk/guidance/special-development-order-former-raf-airfield-wethersfield-braintree-essex-cm7-4az,"Special Development Order: Former RAF Airfield Wethersfield, Braintree, Essex, CM7 4AZ",detailed_guide,1a0a6f3d-a96a-4598-9317-f2e625f494c4,en,whitehall,2025-01-24T00:00:00.000Z,2025-05-09T08:25:49.000Z,,,,"GOV.UK homepage,Planning permission and appeals,Planning and building,Housing, local and community","Ministry of Housing, Communities and Local Government","Ministry of Housing, Communities and Local Government",2024 Starmer Labour government,,,
https://www.gov.uk/guidance/where-to-send-applications-to-register-or-de-register,Where to send applications to register or de-register,detailed_guide,cb70c7ef-0e01-4cf2-b7cb-6e225c6dd59e,en,whitehall,2025-06-10T08:30:03.000Z,2025-06-10T08:30:03.000Z,,,,"Housing for older and vulnerable people,Council housing and housing association,Rented housing sector,GOV.UK homepage,Housing, local and community,Housing and communities,Housing regulation",Regulator of Social Housing,Regulator of Social Housing,2024 Starmer Labour government,,,
