url,title,documentType,contentId,locale,publishing_app,first_published_at,public_updated_at,withdrawn_at,withdrawn_explanation,page_views,taxons,primary_organisation,all_organisations,government,is_political,people,occurrences
https://www.gov.uk/order-copy-birth-death-marriage-certificate,"Order a birth, death, marriage or civil partnership certificate",answer,17a26e6f-1f1d-4585-a9f6-433272730101,en,publisher,2011-09-09T15:41:16.000Z,2015-06-09T15:45:02.000Z,,,55476,"GOV.UK homepage,Getting married ,Certificates, register offices, changes of name or gender,Life circumstances,Marriage, civil partnership and divorce",Government Digital Service,"Foreign, Commonwealth & Development Office,HM Passport Office",,,,
https://www.gov.uk/child-trust-funds/find-a-child-trust-fund,Child Trust Fund: Find a Child Trust Fund,guide,52c5c69b-ccdc-4960-925f-13a2ad69e366,en,publisher,2012-01-26T13:27:05.000Z,2014-11-27T13:56:55.000Z,,,33680,"Life circumstances,Benefits for families,Tax on savings and investments,Tax efficient savings and investments,Money,Welfare,Having a child, parenting and adoption,GOV.UK homepage,Personal tax",Government Digital Service,HM Revenue & Customs,,,,
https://www.gov.uk/power-of-attorney,"Make, register or end a lasting power of attorney",guide,a7012f53-8697-4358-8331-02d55b54a163,en,publisher,2011-12-02T16:26:59.000Z,2024-12-03T00:01:06.721Z,,,27875,"Life circumstances,Lasting power of attorney, being in care and managing finances,GOV.UK homepage",Government Digital Service,Office of the Public Guardian,,,,
https://www.gov.uk/carers-allowance,Carer's Allowance,guide,f508898d-1ba0-46f7-b150-828166886d97,en,publisher,2012-01-13T10:52:26.000Z,2024-10-17T10:36:05.312Z,,,24037,"Welfare,Lasting power of attorney, being in care and managing finances,Disabled people,GOV.UK homepage,Life circumstances,Carers,Carers and disability benefits,Health and social care",Government Digital Service,Department for Work and Pensions,,,,
https://www.gov.uk/manage-lasting-power-attorney/use-lasting-power-of-attorney,Manage a lasting power of attorney: Use a lasting power of attorney,guide,6fc3dcfe-e208-4d78-bb01-1b6b0967d101,en,publisher,2014-09-30T13:01:18.000Z,2024-10-29T13:32:07.741Z,,,19270,"Life circumstances,Lasting power of attorney, being in care and managing finances,GOV.UK homepage",Government Digital Service,Office of the Public Guardian,,,,
https://www.gov.uk/after-a-death/organisations-you-need-to-contact-and-tell-us-once,What to do after someone dies: Tell Us Once,guide,1b5474c1-54ec-44e3-8319-b805264fe58c,en,publisher,2012-01-26T11:57:55.000Z,2024-12-02T16:35:33.552Z,,,18840,"GOV.UK homepage,Certificates, register offices, changes of name or gender,Death and bereavement,Life circumstances",Government Digital Service,"Department for Work and Pensions,HM Courts & Tribunals Service,HM Revenue & Customs,Ministry of Justice",,,,
https://www.gov.uk/help-with-childcare-costs,Help paying for childcare,guide,1a3d4b71-78dc-41b3-97c9-965405892d2e,en,publisher,2012-01-26T13:15:33.000Z,2015-03-24T16:22:50.000Z,,,16997,"Financial help if you have children,Having a child, parenting and adoption,Life circumstances,Parenting, childcare and children's services ,Welfare,Financial support for childcare,Benefits for families,GOV.UK homepage",Government Digital Service,"Department for Education,Department for Education and Skills,HM Revenue & Customs",,,,
https://www.gov.uk/search-will-probate,Search probate records for documents and wills (England and Wales),transaction,9a4dd98e-6543-476b-b5ae-c97399905028,en,publisher,2014-10-01T00:01:31.000Z,2014-12-12T08:00:01.000Z,,,16816,"Death and bereavement,GOV.UK homepage,Life circumstances",Government Digital Service,"HM Courts & Tribunals Service,HM Revenue & Customs",,,,
https://www.gov.uk/research-family-history,Research your family history using the General Register Office,answer,30dd5f93-abe4-4758-aba2-251f99f14332,en,publisher,2012-10-16T20:31:17.000Z,2016-01-29T15:26:54.000Z,,,15047,"Certificates, register offices, changes of name or gender,GOV.UK homepage,Life circumstances",Government Digital Service,HM Passport Office,,,,
https://www.gov.uk/divorce/file-for-divorce,Get a divorce: How to apply,guide,ae26e9b1-b5ec-451f-a235-87e9f323a921,en,publisher,2011-12-13T14:32:11.000Z,2024-11-12T17:13:31.981Z,,,14888,"Getting separated or divorced,Life circumstances,Marriage, civil partnership and divorce,GOV.UK homepage",Government Digital Service,"Ministry of Justice,HM Courts & Tribunals Service",,,,
https://www.gov.uk/applying-for-probate,Applying for probate,guide,c25b48e9-bdae-4870-845d-5a67c1189fe1,en,publisher,2012-01-09T16:25:23.000Z,2024-11-08T10:58:10.940Z,,,14192,"GOV.UK homepage,Inheritance Tax,Death and bereavement,Money,Life circumstances,Capital Gains Tax,Wills and probate,Personal tax",Government Digital Service,"HM Courts & Tribunals Service,HM Land Registry,HM Revenue & Customs",,,,
https://www.gov.uk/inheritance-tax,"How Inheritance Tax works: thresholds, rules and allowances",guide,e17075dc-cd13-4579-8a91-16ebd0aaf43f,en,publisher,2012-01-26T13:51:00.000Z,2024-11-08T16:22:23.418Z,,,11001,"Life circumstances,GOV.UK homepage,Personal tax,Inheritance Tax,Money,Death and bereavement",Government Digital Service,HM Revenue & Customs,,,,
https://www.gov.uk/get-document-legalised,Get your document legalised,guide,73058592-dedf-4379-9a1d-d8222a796c0a,en,publisher,2013-03-27T16:03:27.000Z,2015-02-25T09:56:08.000Z,,,9293,"Countries (Living In),GOV.UK homepage,Life circumstances,Travel abroad,Help and services around the world,Certificates, register offices, changes of name or gender,Living abroad,Going and being abroad",Government Digital Service,"Foreign, Commonwealth & Development Office",,,,
https://www.gov.uk/change-name-deed-poll,Change your name by deed poll,guide,69f2b891-d6ff-4ef8-9efd-7616520fa878,en,publisher,2012-01-10T15:11:06.000Z,2025-01-01T00:01:06.563Z,,,8577,"Marriage, civil partnership and divorce,Life circumstances,Certificates, register offices, changes of name or gender,Getting married ,GOV.UK homepage",Government Digital Service,HM Courts & Tribunals Service,,,,
https://www.gov.uk/sure-start-maternity-grant,Sure Start Maternity Grant,guide,5b4fb7fa-c986-496e-be54-e6d64ea218b8,en,publisher,2012-01-18T08:54:15.000Z,2015-01-12T15:06:41.000Z,,,8063,"Financial help when having a baby,Help and support if you have children,GOV.UK homepage,Having a child, parenting and adoption,Benefits for families,Marriage, civil partnership and divorce,Welfare,Life circumstances,Financial help if you have children,Parenting, childcare and children's services ",Government Digital Service,Department for Work and Pensions,,,,
https://www.gov.uk/valuing-estate-of-someone-who-died/estimate-estate-value,How to value an estate for Inheritance Tax and report its value: Estimate the estate’s value,guide,21d0d397-18d3-4868-ac77-09bc818fa327,en,publisher,2012-01-26T13:46:10.000Z,2024-11-11T14:27:11.970Z,,,7786,"Death and bereavement,Working out the tax,Money,Personal tax,Life circumstances,Inheritance Tax,GOV.UK homepage",Government Digital Service,HM Revenue & Customs,,,,
https://www.gov.uk/general-register-office,General Register Office,answer,483afb1c-3293-4d14-b5e1-9d4f5fe5ebdf,en,publisher,2012-10-15T21:01:49.000Z,2019-03-04T10:44:55.139Z,,,6878,"Life circumstances,GOV.UK homepage,Certificates, register offices, changes of name or gender",Government Digital Service,HM Passport Office,,,,
https://www.gov.uk/funeral-payments,Get help with funeral costs (Funeral Expenses Payment),guide,28774875-4c69-41f0-a9a3-49abb015b34d,en,publisher,2012-01-17T15:04:46.000Z,2015-01-12T14:56:21.000Z,,,5705,"Welfare,Life circumstances,GOV.UK homepage,Death and benefits,Death and bereavement",Government Digital Service,Department for Work and Pensions,,,,
https://www.gov.uk/marriages-civil-partnerships,Marriages and civil partnerships in England and Wales,guide,f3bbd17c-48e2-403b-96ae-c09cb5d4dc35,en,publisher,2011-12-08T09:27:31.000Z,2014-11-24T12:38:05.000Z,,,5328,"GOV.UK homepage,Getting married ,Certificates, register offices, changes of name or gender,Marriage, civil partnership and divorce,Life circumstances",Government Digital Service,"HM Passport Office,Home Office,Ministry of Justice",,,,
https://www.gov.uk/register-birth,Register a birth,guide,28389deb-8fd3-44dc-95a9-e7d1935ac363,en,publisher,2012-01-11T12:44:51.000Z,2015-06-15T11:11:05.000Z,,,5135,"GOV.UK homepage,Life circumstances,Pregnancy and birth,Certificates, register offices, changes of name or gender,Having a child, parenting and adoption,Parenting, childcare and children's services ,Register the birth of a child",Government Digital Service,HM Passport Office,,,,
https://www.gov.uk/bereavement-support-payment,Bereavement Support Payment,guide,2a647198-680e-481a-815e-04d524210b8a,en,publisher,2017-04-05T23:01:04.051Z,2024-11-09T00:01:05.730Z,,,5006,"Death and bereavement,GOV.UK homepage,Benefits entitlement,Welfare,Death and benefits,Life circumstances",Government Digital Service,Department for Work and Pensions,,,,
https://www.gov.uk/copy-decree-absolute-final-order,Get a copy of a final order or decree absolute,guide,31397e2d-2068-4855-94c5-f8acbdfae0a6,en,publisher,2011-12-01T11:40:05.000Z,2024-11-18T12:00:00.616Z,,,4855,"Getting separated or divorced,GOV.UK homepage,Marriage, civil partnership and divorce,Life circumstances",Government Digital Service,HM Courts & Tribunals Service,,,,
https://www.gov.uk/looking-after-children-divorce/apply-for-court-order,Making child arrangements if you divorce or separate: Apply for a court order,guide,6b18888e-1bd2-4aa5-beac-08adb57f67d8,en,publisher,2011-11-28T12:13:33.000Z,2024-11-26T15:37:16.780Z,,,4806,"Life circumstances,Parenting, childcare and children's services ,GOV.UK homepage,Marriage, civil partnership and divorce,Divorce, separation and legal issues,Child maintenance",Government Digital Service,"Cafcass,HM Courts & Tribunals Service,Ministry of Justice",,,,
https://www.gov.uk/money-property-when-relationship-ends,Money and property when you divorce or separate,guide,373762a3-aa76-4bab-b59c-406cedcfaca7,en,publisher,2011-12-13T15:17:10.000Z,2025-02-11T13:49:10.394Z,,,4524,"Marriage, civil partnership and divorce,Capital Gains Tax,Life circumstances,Getting separated or divorced,Personal tax,GOV.UK homepage,Divorce and separation,Money",Government Digital Service,"HM Courts & Tribunals Service,HM Revenue & Customs,Ministry of Justice",,,,
https://www.gov.uk/how-child-maintenance-is-worked-out,How the Child Maintenance Service works out child maintenance,guide,fcc24c49-45e5-4e17-bb2a-efc9a0fbc34f,en,publisher,2012-08-16T16:08:44.000Z,2016-02-11T15:15:25.000Z,,,4136,"Marriage, civil partnership and divorce,Life circumstances,Having a child, parenting and adoption,Divorce, separation and legal issues,Parenting, childcare and children's services ,GOV.UK homepage,Child maintenance",Government Digital Service,"Child Maintenance and Enforcement Commission,Department for Work and Pensions",,,,
https://www.gov.uk/guidance/using-the-donors-lpa-access-codes-and-view-an-lpa,Using the donor’s LPA: access codes and View an LPA,detailed_guide,86f2aab0-7a2a-4ba0-9b7f-6358240923ce,en,whitehall,2024-05-09T23:00:00.000Z,2025-06-23T10:11:47.000Z,,,3811,"GOV.UK homepage,Lasting power of attorney, being in care and managing finances,Life circumstances",Office of the Public Guardian,Office of the Public Guardian,2022 to 2024 Sunak Conservative government,,,
https://www.gov.uk/certifying-a-document,Certifying a document,answer,19786269-f057-405b-bea4-941b3b194ca4,en,publisher,2012-10-15T16:34:47.000Z,2015-08-27T15:40:46.000Z,,,3637,"Life circumstances,Certificates, register offices, changes of name or gender,GOV.UK homepage",Government Digital Service,HM Passport Office,,,,
https://www.gov.uk/guidance/getting-started-with-use-an-lpa,Getting started with Use an LPA,detailed_guide,4dcdfc40-d305-48b3-8fdc-eacffc8bd796,en,whitehall,2025-10-20T23:00:00.000Z,2025-10-20T23:00:00.000Z,,,3457,"GOV.UK homepage,Life circumstances,Lasting power of attorney, being in care and managing finances",Office of the Public Guardian,Office of the Public Guardian,2024 Starmer Labour government,,,
https://www.gov.uk/parental-leave/entitlement,Unpaid parental leave: Entitlement,guide,bb148231-a649-4ed0-9eb6-8b40965179b7,en,publisher,2011-12-08T11:53:20.000Z,2024-11-08T16:25:42.656Z,,,2856,"Work,Having a child, parenting and adoption,Pregnancy and birth,Finding childcare,Childcare and early years,GOV.UK homepage,Running a business,Working, jobs and pensions,Parenting, childcare and children's services ,Employing people,Business and industry,Holidays, time off, sick leave, maternity and paternity leave,Life circumstances",Government Digital Service,"Department for Business and Trade,HM Revenue & Customs",,,,
https://www.gov.uk/junior-individual-savings-accounts,Junior Individual Savings Accounts (ISA),guide,21a2bfa6-c62b-4280-9682-58c876bef012,en,publisher,2012-09-27T16:35:08.000Z,2015-04-10T16:00:11.000Z,,,2475,"Life circumstances,Tax efficient savings and investments,Parenting, childcare and children's services ,Tax on savings and investments,Personal tax,Having a child, parenting and adoption,Financial help if you have children,Money,GOV.UK homepage,Savings accounts for children",Government Digital Service,HM Revenue & Customs,,,,
https://www.gov.uk/become-appointee-for-someone-claiming-benefits,Become an appointee for someone claiming benefits,answer,5d1d5343-6f23-4f7a-9a42-b4128be70d48,en,publisher,2012-10-14T13:29:52.000Z,2016-03-14T17:25:25.000Z,,,2447,"Benefits and financial help,Disabled people,Lasting power of attorney, being in care and managing finances,Welfare,Life circumstances,Carers and disability benefits,Health and social care,GOV.UK homepage",Government Digital Service,Department for Work and Pensions,,,,
https://www.gov.uk/make-will/writing-your-will,Making a will: Write your will,guide,90eca747-d18e-446f-8796-7f1228b43761,en,publisher,2011-09-09T16:01:14.000Z,2024-11-12T17:11:03.046Z,,,2389,"Life circumstances,Money,Personal tax,Death and bereavement,Inheritance Tax,GOV.UK homepage",Government Digital Service,"HM Courts & Tribunals Service,HM Revenue & Customs",,,,
https://www.gov.uk/guidance/add-an-lpa-to-your-use-an-lpa-account,Add an LPA to your Use an LPA account,detailed_guide,688be963-4d2a-40d2-b5a6-86d57e8ffe5d,en,whitehall,2025-10-20T23:00:00.000Z,2025-10-20T23:00:00.000Z,,,2298,"Life circumstances,GOV.UK homepage,Lasting power of attorney, being in care and managing finances",Office of the Public Guardian,Office of the Public Guardian,2024 Starmer Labour government,,,
https://www.gov.uk/parental-rights-responsibilities,Parental rights and responsibilities,guide,c3589afe-ba37-4580-b0a2-1d6ed3c0277b,en,publisher,2011-07-28T14:23:27.000Z,2015-10-28T00:01:00.000Z,,,2278,"Having a child, parenting and adoption,Life circumstances,GOV.UK homepage",Government Digital Service,"Department for Education,HM Courts & Tribunals Service,HM Passport Office,Ministry of Justice",,,,
https://www.gov.uk/law-on-leaving-your-child-home-alone,The law on leaving your child on their own,answer,3db5234c-a87f-4a30-b058-adee1236329e,en,publisher,2011-07-27T11:15:28.000Z,2015-09-02T13:56:17.000Z,,,2252,"Safeguarding and social care for children,Parenting, childcare and children's services ,GOV.UK homepage,Marriage, civil partnership and divorce,Preventing neglect, abuse and exploitation,Having a child, parenting and adoption,Safeguarding and child protection,Children's health and welfare,Help and support if you have children,Life circumstances",Government Digital Service,Department for Education,,,,
https://www.gov.uk/become-deputy,Deputies: make decisions for someone who lacks capacity,guide,a918d7e7-129b-45f6-9887-831a92833936,en,publisher,2011-12-01T21:38:10.000Z,2024-12-02T13:00:01.632Z,,,2211,"GOV.UK homepage,Lasting power of attorney, being in care and managing finances,Life circumstances",Government Digital Service,"HM Courts & Tribunals Service,Office of the Public Guardian",,,,
https://www.gov.uk/get-copy-military-records-of-service,Get a copy of military records of service,guide,d302eb24-8200-4ae0-b113-418de98ca061,en,publisher,2014-11-25T16:09:51.000Z,2015-09-24T10:14:16.000Z,,,2206,"Armed forces,Certificates, register offices, changes of name or gender,Defence and armed forces,Life circumstances,GOV.UK homepage",Government Digital Service,Ministry of Defence,,,,
https://www.gov.uk/update-property-records-someone-dies,Update property records when someone dies,guide,7d451c79-0088-4547-ab6d-718088412446,en,publisher,2014-08-13T12:36:24.000Z,2015-01-22T14:42:52.000Z,,,2163,"GOV.UK homepage,Housing, local and community,Life circumstances,Land registration searches, fees and forms,Death and bereavement,Owning and renting a property,Land registration,Housing and communities",Government Digital Service,HM Land Registry,,,,
https://www.gov.uk/marriages-civil-partnerships-abroad,Getting married or registering a civil partnership abroad,answer,af82b733-2a44-4902-963c-ba20afdca031,en,publisher,2024-04-15T12:26:18.429Z,2024-06-14T12:59:21.278Z,,,2163,"Travel abroad,Help and services around the world,Birth, death and marriage abroad ,Life circumstances,Living abroad,Going and being abroad,Travelling abroad,Marriage, civil partnership and divorce,GOV.UK homepage,Getting married ,Countries (Living In)",Government Digital Service,"Foreign, Commonwealth & Development Office",,,,
https://www.gov.uk/child-employment,Child employment,guide,89deb1a3-c09c-4795-8439-a4ef4693fb29,en,publisher,2012-01-26T13:24:20.000Z,2015-04-16T21:09:27.000Z,,,1950,"Employing people,Business tax,Running a business,Life circumstances,Working, jobs and pensions,Employees joining, leaving or changing their circumstances,Recruiting and hiring,PAYE,Money,Work,GOV.UK homepage,Business and industry,Having a child, parenting and adoption",Government Digital Service,"Department for Business and Trade,Department for Work and Pensions,HM Revenue & Customs,Department for Business, Energy & Industrial Strategy",,,,
https://www.gov.uk/death-spouse-benefits-tax-pension/pensions,"Your benefits, tax and pension after the death of a partner: Pensions",guide,19820354-dadf-4bc4-b195-d16eb51b953e,en,publisher,2014-12-04T10:20:37.000Z,2015-07-02T10:51:58.000Z,,,1621,"Death and benefits,Welfare,GOV.UK homepage,Death and bereavement,Work,Working, jobs and pensions,Life circumstances,State Pension",Government Digital Service,"Department for Work and Pensions,HM Revenue & Customs",,,,
https://www.gov.uk/find-ofsted-inspection-report,Find an Ofsted inspection report,transaction,a02fa764-c088-4e3c-958b-1627782e0610,en,publisher,2014-11-19T11:51:22.000Z,2014-12-17T10:35:47.000Z,,,1472,"Inspection and performance of schools,School performance tables and Ofsted reports,Childcare and early years,Parenting, childcare and children's services ,Having a child, parenting and adoption,Education, training and skills,Starting and attending school,GOV.UK homepage,Performance data and Ofsted reports of further education providers,Life circumstances,Inspections and performance of education providers,Inspection and performance of further education providers,Finding childcare",Government Digital Service,Ofsted,,,,
https://www.gov.uk/paying-inheritance-tax,Pay your Inheritance Tax bill,guide,e485633d-9aa3-4b67-8525-8d77afa733a4,en,publisher,2012-10-14T16:38:49.000Z,2024-12-31T09:10:32.720Z,,,1461,"Personal tax,Inheritance Tax,Death and bereavement,Dealing with HMRC,Life circumstances,Money,GOV.UK homepage,Paying HMRC",Government Digital Service,HM Revenue & Customs,,,,
https://www.gov.uk/working-when-pregnant-your-rights,Pregnant employees' rights,answer,d9371e84-548c-4dd4-b5aa-503abd38215c,en,publisher,2012-04-10T10:50:10.000Z,2014-12-18T10:27:38.000Z,,,1437,"Parenting, childcare and children's services ,Pregnancy and birth,Having a child, parenting and adoption,Your rights at work and trade unions,Work,GOV.UK homepage,Working and time off when you're having a baby,Trade unions,Working, jobs and pensions,Life circumstances",Government Digital Service,"Department for Work and Pensions,Health and Safety Executive",,,,
https://www.gov.uk/visas-when-you-separate-or-divorce,Visas when you separate or divorce,guide,e43c7691-9414-4689-a6f4-0332c05a7a88,en,publisher,2014-09-10T17:17:45.000Z,2014-11-25T14:35:34.000Z,,,1253,"Life circumstances,Family visas,Visas and entry clearance,Visa sponsorship,Getting separated or divorced,Marriage, civil partnership and divorce,Entering and staying in the UK,GOV.UK homepage",Government Digital Service,UK Visas and Immigration,,,,
https://www.gov.uk/find-someones-attorney-deputy-or-guardian,"Find out if someone has an attorney, deputy or guardian acting for them",answer,136bfef2-354c-474b-bf97-a6d39ec4248b,en,publisher,2011-11-29T14:32:26.000Z,2015-12-11T17:47:20.000Z,,,1200,"Lasting power of attorney, being in care and managing finances,GOV.UK homepage,Life circumstances",Government Digital Service,Office of the Public Guardian,,,,
https://www.gov.uk/childcare-grant,Childcare Grant,guide,871c1c02-7117-43b6-bec7-60ac68156d4d,en,publisher,2012-01-19T11:15:26.000Z,2024-11-08T12:57:30.202Z,,,1127,"Help and support if you have children,Financial help for students who are parents or carers,Financial help if you have children,Education, training and skills,GOV.UK homepage,Having a child, parenting and adoption,Life circumstances,Financial support for childcare,Parenting, childcare and children's services ,Welfare,Benefits for families,Funding and finance for students,Marriage, civil partnership and divorce,Financial help if you're a student with children",Government Digital Service,Student Loans Company,,,,
https://www.gov.uk/guidance/request-an-activation-key,Request an activation key,detailed_guide,d254a1e1-3d23-4b7a-b78d-b7fbfc3fbb11,en,whitehall,2025-10-20T23:00:00.000Z,2025-10-20T23:00:00.000Z,,,1100,"Life circumstances,GOV.UK homepage,Lasting power of attorney, being in care and managing finances",Office of the Public Guardian,Office of the Public Guardian,2024 Starmer Labour government,,,
https://www.gov.uk/alcohol-young-people-law,Alcohol and young people,answer,9b5b9ef2-9201-4ff7-ab5b-a77ed1612c38,en,publisher,2011-09-26T11:44:45.000Z,2016-03-03T14:53:24.000Z,,,1067,"Crime, justice and law,Having a child, parenting and adoption,GOV.UK homepage,Young people and the law,Life circumstances",Government Digital Service,Home Office,,,,
https://www.gov.uk/register-birth-abroad,Register a birth abroad,answer,54889464-3225-4d61-9df7-402fcdce66e8,en,publisher,2023-09-21T11:00:05.532Z,2023-09-21T11:00:05.379Z,,,1008,"Register the birth of a child,Going and being abroad,Birth, death and marriage abroad ,Countries (Living In),Having a child, parenting and adoption,Living abroad,Life circumstances,Certificates, register offices, changes of name or gender,Pregnancy and birth,Travel abroad,GOV.UK homepage,Parenting, childcare and children's services ,Help and services around the world",Government Digital Service,"Foreign, Commonwealth & Development Office",,,,
https://www.gov.uk/guidance/documents-for-british-people-abroad,Documents for British people abroad,detailed_guide,01d949ec-c086-42a1-aa89-fcb5f34a5ec7,en,whitehall,2024-07-24T23:00:00.000Z,2025-07-31T09:29:20.000Z,,,966,"Visa applications,Visas and entry clearance,Getting married ,Going and being abroad,Entering and staying in the UK,GOV.UK homepage,Life circumstances,Marriage, civil partnership and divorce,British nationals overseas,Having a child, parenting and adoption,The Commonwealth,International,Death and bereavement,Passports,Living abroad,Travel abroad","Foreign, Commonwealth & Development Office","Foreign, Commonwealth & Development Office",2024 Starmer Labour government,,,
https://www.gov.uk/legal-separation,Get a legal separation,answer,7545ec48-44af-4ca9-8084-3237773a75a0,en,publisher,2011-12-01T11:49:09.000Z,2024-11-27T14:59:51.518Z,,,804,"Marriage, civil partnership and divorce,GOV.UK homepage,Life circumstances,Getting separated or divorced",Government Digital Service,"Ministry of Justice,HM Courts & Tribunals Service",,,,
https://www.gov.uk/correct-birth-registration,Correct a birth registration,guide,b555a47a-d180-4bc7-979a-e687cf6a16bf,en,publisher,2012-10-16T13:07:56.000Z,2017-03-20T13:48:34.231Z,,,757,"Pregnancy and birth,Register the birth of a child,Parenting, childcare and children's services ,Certificates, register offices, changes of name or gender,Disagreements about parentage,Life circumstances,Divorce, separation and legal issues,GOV.UK homepage",Government Digital Service,HM Passport Office,,,,
https://www.gov.uk/child-adoption,Child adoption,guide,98900bc9-314e-466a-99ad-adc5565921ab,en,publisher,2012-01-26T13:02:55.000Z,2025-01-21T10:15:44.057Z,,,729,"Life circumstances,Having a child, parenting and adoption,Parenting, childcare and children's services ,GOV.UK homepage,Adoption, fostering and surrogacy,Adoption",Government Digital Service,"Department for Education,HM Courts & Tribunals Service",,,,
https://www.gov.uk/parents-learning-allowance,Parents' Learning Allowance,guide,f17a4a04-fea2-4e6b-8f87-84f0560c9cba,en,publisher,2012-01-25T15:21:03.000Z,2025-02-03T10:15:37.625Z,,,712,"Benefits for families,Education, training and skills,Financial help if you have children,Financial help if you're a student with children,Life circumstances,Financial help for students who are parents or carers,Welfare,Funding and finance for students,GOV.UK homepage,Parenting, childcare and children's services ,Having a child, parenting and adoption",Government Digital Service,Student Loans Company,,,,
https://www.gov.uk/help-for-disabled-child,Help if you have a disabled child,guide,16c39c48-c2e5-46e8-a71f-7f1c965f9c51,en,publisher,2012-01-26T13:20:51.000Z,2015-03-13T15:03:48.000Z,,,688,"Having a child, parenting and adoption,Welfare,Financial help if you have children,Parenting, childcare and children's services ,Carers and disability benefits,Children's health and welfare,Life circumstances,GOV.UK homepage,Help for children with a long-term illness or disability,Financial help if you have a disabled child,Carers,Disabled people,Health and social care",Government Digital Service,Department for Work and Pensions,,,,
https://www.gov.uk/tax-property-money-shares-you-inherit,"Tax on property, money and shares you inherit",guide,0aba4ddc-454c-4fd0-95f4-6e20211e56c3,en,publisher,2014-12-11T17:33:48.000Z,2014-12-12T14:11:01.000Z,,,683,"GOV.UK homepage,Money,Personal tax,Death and bereavement,Life circumstances,Inheritance Tax",Government Digital Service,HM Revenue & Customs,,,,
https://www.gov.uk/make-decisions-for-someone,Make decisions on behalf of someone,guide,737f4a55-0895-425f-b39e-d2c0740f1ad9,en,publisher,2014-09-30T13:01:02.000Z,2015-05-28T15:58:40.000Z,,,657,"Life circumstances,GOV.UK homepage,Lasting power of attorney, being in care and managing finances",Government Digital Service,"HM Courts & Tribunals Service,Office of the Public Guardian",,,,
https://www.gov.uk/adoption-records,Adoption records,guide,88b8a05f-2933-4fe6-8e65-124515b25db5,en,publisher,2012-01-26T13:23:35.000Z,2014-11-25T17:41:48.000Z,,,650,"Having a child, parenting and adoption,GOV.UK homepage,Certificates, register offices, changes of name or gender,Life circumstances",Government Digital Service,HM Passport Office,,,,
https://www.gov.uk/report-concern-about-attorney-deputy-guardian,"Report a concern about an attorney, deputy or guardian",answer,9ad48c72-1046-4cbd-9d64-2cbef53624d0,en,publisher,2011-09-13T17:49:47.000Z,2016-02-11T09:59:32.000Z,,,637,"Lasting power of attorney, being in care and managing finances,GOV.UK homepage,Life circumstances",Government Digital Service,Office of the Public Guardian,,,,
https://www.gov.uk/alter-a-will-after-a-death,Change a will after a death,answer,4b9e0144-d5ea-4353-9480-cbdf868e9529,en,publisher,2014-12-09T11:38:18.000Z,2014-12-12T14:11:04.000Z,,,631,"Personal tax,Death and bereavement,GOV.UK homepage,Inheritance Tax,Money,Wills and probate,Life circumstances",Government Digital Service,"HM Courts & Tribunals Service,HM Revenue & Customs",,,,
https://www.gov.uk/apply-gender-recognition-certificate,Apply for a Gender Recognition Certificate,guide,569f9b89-9df9-4190-81ce-5c3dd911800e,en,publisher,2012-01-26T13:08:47.000Z,2024-11-26T14:57:27.442Z,,,600,"GOV.UK homepage,Life circumstances,Certificates, register offices, changes of name or gender",Government Digital Service,"Government Equalities Office,HM Courts & Tribunals Service",,,,
https://www.gov.uk/early-years-foundation-stage,Early years foundation stage,answer,c9de05a3-93a6-4ada-a762-ae3f14ecfb80,en,publisher,2012-11-09T09:59:06.000Z,2015-05-11T09:31:21.000Z,,,593,"Early years curriculum (0 to 5),Parenting, childcare and children's services ,Providing childcare,GOV.UK homepage,Childcare and early years,Life circumstances,Education, training and skills,School curriculum,Early years curriculum,Having a child, parenting and adoption",Government Digital Service,Department for Education,,,,
https://www.gov.uk/business-relief-inheritance-tax,Business Relief for Inheritance Tax,guide,ff7f1aaf-3c7d-489d-a2bd-7a97960b6305,en,publisher,2014-12-09T18:01:13.000Z,2014-12-10T18:05:54.000Z,,,561,"Inheritance Tax,GOV.UK homepage,Money,Personal tax,Life circumstances,Death and bereavement,Reliefs",Government Digital Service,HM Revenue & Customs,,,,
https://www.gov.uk/guidance/pay-for-your-lasting-power-of-attorney-by-card,Pay for your lasting power of attorney online by card,detailed_guide,37927666-f771-45f0-a09b-50a1e92a2383,en,whitehall,2022-10-11T12:01:00.000Z,2022-12-13T15:29:10.000Z,,,558,"Lasting power of attorney, being in care and managing finances,Life circumstances,GOV.UK homepage",Office of the Public Guardian,Office of the Public Guardian,2022 Truss Conservative government,,,
https://www.gov.uk/adding-fathers-name-birth-certificate,Adding a father's name to a birth certificate,answer,d282d35a-2bd2-4e14-a7a6-a04e6b10520f,en,publisher,2012-10-03T13:19:55.000Z,2015-06-03T11:13:44.000Z,,,541,"Disagreements about parentage,Divorce, separation and legal issues,Certificates, register offices, changes of name or gender,GOV.UK homepage,Pregnancy and birth,Register the birth of a child,Life circumstances,Having a child, parenting and adoption,Parenting, childcare and children's services ",Government Digital Service,"HM Passport Office,Ministry of Justice",,,,
https://www.gov.uk/contact-court-funds-office,Contact the Court Funds Office,answer,eb5c02d7-61a9-4190-a88a-ae9187f81c0b,en,publisher,2014-09-01T13:31:16.000Z,2014-12-03T15:10:56.000Z,,,533,"Life circumstances,GOV.UK homepage,Lasting power of attorney, being in care and managing finances",Government Digital Service,"HM Courts & Tribunals Service,Ministry of Justice",,,,
https://www.gov.uk/guardians-allowance,Guardian's Allowance,guide,e2644b6d-2c90-47e3-89b7-bf69be25465b,en,publisher,2012-01-26T12:58:57.000Z,2015-01-12T14:57:27.000Z,,,516,"Child Benefit,Death and bereavement,Death and benefits,Life circumstances,Parenting, childcare and children's services ,Child benefit,Financial help if you have children,GOV.UK homepage,Welfare,Benefits for families",Government Digital Service,HM Revenue & Customs,,,,
https://www.gov.uk/find-unclaimed-court-money,Find and claim money in an unclaimed court money account,answer,323ca888-7b4f-4862-8da1-b57ca6da69aa,en,publisher,2014-08-22T10:44:40.000Z,2015-05-05T16:43:42.000Z,,,514,"Life circumstances,Courts, sentencing and tribunals,Death and bereavement,Crime, justice and law,GOV.UK homepage",Government Digital Service,"HM Courts & Tribunals Service,Ministry of Justice",,,,
https://www.gov.uk/how-to-annul-marriage,Annul a marriage,guide,8f5ecf79-6a69-4c9e-b894-79eb281b41c0,en,publisher,2011-12-01T11:40:56.000Z,2025-02-11T13:45:06.842Z,,,513,"GOV.UK homepage,Marriage, civil partnership and divorce,Getting separated or divorced,Life circumstances",Government Digital Service,"Ministry of Justice,HM Courts & Tribunals Service",,,,
https://www.gov.uk/becoming-foster-parent/help-with-the-cost-of-fostering,Becoming a foster parent in England: Help with the cost of fostering,guide,668f7b53-8546-49be-80de-7685c5350653,en,publisher,2012-01-26T10:33:07.000Z,2015-02-23T15:33:01.000Z,,,502,"Fostering,Having a child, parenting and adoption,Parenting, childcare and children's services ,GOV.UK homepage,Life circumstances,Adoption, fostering and surrogacy",Government Digital Service,"Department for Education,Department for Work and Pensions",,,,
https://www.gov.uk/separation-divorce,Separating or divorcing: what you need to do,answer,4343f2ff-8670-4c6b-8933-d60f2ae6fc41,en,publisher,2016-12-14T10:00:08.734Z,2017-05-17T14:52:19.449Z,,,494,"Life circumstances,GOV.UK homepage,Marriage, civil partnership and divorce,Getting separated or divorced",Government Digital Service,"Department for Work and Pensions,HM Courts & Tribunals Service,Ministry of Justice",,,,
https://www.gov.uk/enduring-power-attorney-duties,Enduring power of attorney: acting as an attorney,guide,ef1207f4-4cec-4448-988d-997d795793af,en,publisher,2014-09-30T13:01:03.000Z,2025-01-09T14:26:41.140Z,,,487,"Lasting power of attorney, being in care and managing finances,GOV.UK homepage,Life circumstances",Government Digital Service,Office of the Public Guardian,,,,
https://www.gov.uk/divorce-missing-husband-wife,Divorce or end a civil partnership if your partner is missing,answer,fc39f52f-8ebd-461e-9971-ee1b6643796d,en,publisher,2012-06-11T10:48:27.000Z,2016-11-21T15:56:26.821Z,,,480,"Getting separated or divorced,Life circumstances,Marriage, civil partnership and divorce,GOV.UK homepage",Government Digital Service,HM Courts & Tribunals Service,,,,
https://www.gov.uk/unclaimed-estates-bona-vacantia,Claim or refer an unclaimed estate,guide,f9240f4a-d34c-4a79-a570-43fee819ce35,en,publisher,2012-01-26T13:53:12.000Z,2015-03-12T09:56:37.000Z,,,468,"GOV.UK homepage,Life circumstances,Death and bereavement",Government Digital Service,"Attorney General's Office,Bona Vacantia",,,,
https://www.gov.uk/widowed-parents-allowance,Widowed Parent's Allowance,guide,bcbf0118-5f54-41c9-a297-09068bacbc0b,en,publisher,2011-09-26T11:43:12.000Z,2015-04-05T23:01:03.000Z,,,413,"Death and benefits,Death and bereavement,Financial help if you have children,GOV.UK homepage,Parenting, childcare and children's services ,Welfare,Life circumstances",Government Digital Service,Department for Work and Pensions,,,,
https://www.gov.uk/national-records-of-scotland,National Records of Scotland,answer,15cb3ceb-8f62-453a-bab9-69de420974b6,en,publisher,2012-10-04T10:45:11.000Z,2015-10-28T11:33:27.000Z,,,410,"Certificates, register offices, changes of name or gender,GOV.UK homepage,Life circumstances",Government Digital Service,HM Passport Office,,,,
https://www.gov.uk/savings-for-children,Interest on savings for children,answer,ed9c17c3-e58e-4c59-a35f-871b0b669a87,en,publisher,2014-11-27T13:09:06.000Z,2014-11-28T15:02:33.000Z,,,384,"Money,Savings accounts for children,Life circumstances,Having a child, parenting and adoption,GOV.UK homepage,Tax on savings,Personal tax,Parenting, childcare and children's services ,Financial help if you have children,Tax on savings and investments",Government Digital Service,HM Revenue & Customs,,,,
https://www.gov.uk/looking-after-someone-elses-child,Looking after someone else's child,answer,7583313c-c51f-4da2-bf77-a332e4c89678,en,publisher,2014-06-16T15:56:42.000Z,2025-01-15T15:01:47.726Z,,,380,"Life circumstances,Having a child, parenting and adoption,GOV.UK homepage,Fostering,Special guardianship,Adoption, fostering and surrogacy,Parenting, childcare and children's services ",Government Digital Service,Department for Education,,,,
https://www.gov.uk/guidance/using-the-view-an-lpa-service,Using the View an LPA service,detailed_guide,4e5b5257-b66c-4e86-aa8c-cdce050ebd8b,en,whitehall,2024-05-09T23:00:00.000Z,2024-05-09T23:00:00.000Z,,,353,"Life circumstances,Lasting power of attorney, being in care and managing finances,GOV.UK homepage",Office of the Public Guardian,Office of the Public Guardian,2022 to 2024 Sunak Conservative government,,,
https://www.gov.uk/child-maintenance-if-one-parent-lives-abroad,Child maintenance if a parent lives abroad,guide,c1e59e21-72cc-451a-9e59-1ff4fff5e07f,en,publisher,2012-08-16T16:07:54.000Z,2024-12-11T14:23:22.217Z,,,351,"Child maintenance,Divorce, separation and legal issues,Having a child, parenting and adoption,Marriage, civil partnership and divorce,Parenting, childcare and children's services ,Life circumstances,GOV.UK homepage",Government Digital Service,"Department for Work and Pensions,HM Courts & Tribunals Service,Official Solicitor and Public Trustee",,,,
https://www.gov.uk/visas-partner-dies,Indefinite leave to remain if your partner dies,guide,eee57171-0a73-4811-91bd-fac035136114,en,publisher,2014-08-18T18:16:03.000Z,2024-12-31T10:00:03.871Z,,,350,"GOV.UK homepage,Life circumstances,Entering and staying in the UK,Settlement,Permanent stay in the UK,Death and bereavement",Government Digital Service,UK Visas and Immigration,,,,
https://www.gov.uk/use-or-cancel-an-enduring-power-of-attorney,Use or cancel an enduring power of attorney,answer,3c62a127-1c02-41ce-86cd-eccfdb9e0ec3,en,publisher,2014-09-30T13:01:18.000Z,2025-01-14T16:56:02.149Z,,,333,"Lasting power of attorney, being in care and managing finances,Life circumstances,GOV.UK homepage",Government Digital Service,Office of the Public Guardian,,,,
https://www.gov.uk/guidance/report-a-concern,Report a concern,detailed_guide,e941c4de-6b2a-42c5-b9ae-c60c2e618f97,en,whitehall,2021-12-17T00:00:00.000Z,2025-10-21T07:51:33.000Z,,,317,"Lasting power of attorney, being in care and managing finances,GOV.UK homepage,Life circumstances",Office of the Public Guardian,Office of the Public Guardian,2019 to 2022 Johnson Conservative government,,,
https://www.gov.uk/guidance/make-a-claim-to-a-deceased-persons-estate,Make a claim to a deceased person's estate,detailed_guide,5ebe84c4-7631-11e4-a3cb-005056011aef,en,whitehall,2013-12-06T00:00:00.000Z,2026-01-12T13:48:27.000Z,,,316,"Death and bereavement,Death registration disclosure,Money,GOV.UK homepage,Life circumstances",Bona Vacantia,Bona Vacantia,2010 to 2015 Conservative and Liberal Democrat coalition government,,,
https://www.gov.uk/guidance/what-to-do-after-a-british-national-dies-abroad,What to do when someone dies abroad,detailed_guide,2439e5b5-c24d-4440-bf84-8b9efc973da6,en,whitehall,2022-08-30T23:00:00.000Z,2025-01-22T16:36:59.000Z,,,316,"Death registration disclosure,British nationals overseas,Travel abroad,Living abroad,Going and being abroad,GOV.UK homepage,Life circumstances,Death and bereavement","Foreign, Commonwealth & Development Office","Foreign, Commonwealth & Development Office",2019 to 2022 Johnson Conservative government,,,
https://www.gov.uk/emergency-court-of-protection,Make an urgent or emergency application to the Court of Protection,answer,cef97170-4afc-46c5-bd95-8ce3b82653c4,en,publisher,2014-12-11T15:42:13.000Z,2015-06-30T23:01:01.000Z,,,312,"Life circumstances,Lasting power of attorney, being in care and managing finances,GOV.UK homepage",Government Digital Service,HM Courts & Tribunals Service,,,,
https://www.gov.uk/verify-apostille,Verify an Apostille,transaction,784c7d4f-e76a-4372-86c2-367710840d98,en,publisher,2013-11-06T12:15:32.000Z,2016-12-16T16:59:40.561Z,,,295,"GOV.UK homepage,Life circumstances,Certificates, register offices, changes of name or gender",Government Digital Service,"Foreign, Commonwealth & Development Office",,,,
https://www.gov.uk/police-check-someone-involved-with-child,Get a police check on someone that has contact with a child,answer,abaada66-0935-42de-a4cc-656c9511d7e3,en,publisher,2011-10-27T11:28:10.000Z,2021-05-04T16:18:25.739Z,,,290,"Housing, local and community,Life circumstances,Crime, justice and law,GOV.UK homepage,Your rights and the law,Housing and communities,Having a child, parenting and adoption,Safety and the environment in your community",Government Digital Service,"Home Office,Ministry of Justice",,,,
https://www.gov.uk/commemorative-marriage-certificate,Order a commemorative marriage certificate,answer,4aa66974-9882-41b5-8519-7c63bc4dcf53,en,publisher,2012-09-20T12:18:20.000Z,2019-02-16T00:01:00.507Z,,,284,"Marriage, civil partnership and divorce,Getting married ,Life circumstances,Certificates, register offices, changes of name or gender,GOV.UK homepage",Government Digital Service,HM Passport Office,,,,
https://www.gov.uk/general-register-office-for-northern-ireland,General Register Office for Northern Ireland,answer,d94eeb58-84a7-455d-8d15-c5b208e30510,en,publisher,2013-01-11T10:42:17.000Z,2016-03-17T16:36:06.000Z,,,269,"GOV.UK homepage,Life circumstances,Certificates, register offices, changes of name or gender",Government Digital Service,HM Passport Office,,,,
https://www.gov.uk/guidance/raise-a-concern,Raise a concern,detailed_guide,2c6649bf-41b9-49f7-936e-075ec6b26f76,en,whitehall,2025-10-14T09:33:25.000Z,2025-10-14T09:33:25.000Z,,,256,"GOV.UK homepage,Lasting power of attorney, being in care and managing finances,Crime, justice and law,Life circumstances",Office of the Public Guardian,Office of the Public Guardian,2024 Starmer Labour government,,,
https://www.gov.uk/end-civil-partnership,End a civil partnership,guide,7ecd4ca4-1e9b-437f-ad66-5493325d261b,en,publisher,2011-12-13T14:32:54.000Z,2016-03-21T00:01:03.439Z,,,243,"Marriage, civil partnership and divorce,GOV.UK homepage,Getting separated or divorced,Life circumstances",Government Digital Service,"Ministry of Justice,HM Courts & Tribunals Service",,,,
https://www.gov.uk/correct-marriage-registration,Correct a marriage or civil partnership registration,guide,cea526cf-bb4e-496a-ae46-9ba87c37e114,en,publisher,2012-10-16T13:07:19.000Z,2017-11-06T13:38:59.116Z,,,224,"Life circumstances,GOV.UK homepage,Certificates, register offices, changes of name or gender",Government Digital Service,HM Passport Office,,,,
https://www.gov.uk/correcting-a-death-registration,Correct a death registration,guide,f6b83826-f294-4a94-bce3-43203c1f017f,en,publisher,2012-10-16T13:07:39.000Z,2017-11-06T13:34:05.375Z,,,212,"GOV.UK homepage,Certificates, register offices, changes of name or gender,Life circumstances",Government Digital Service,HM Passport Office,,,,
https://www.gov.uk/convert-civil-partnership,Convert a same-sex civil partnership into a marriage,guide,a0863fc6-f67f-4aaf-a224-9f196e521b4f,en,publisher,2014-11-03T10:10:07.000Z,2025-01-06T11:38:02.064Z,,,196,"Marriage, civil partnership and divorce,Birth, death and marriage abroad ,UK help and services in Australia,Birth, death and marriage abroad in Australia,Life circumstances,Getting married ,Help and services around the world,GOV.UK homepage",Government Digital Service,"Foreign, Commonwealth & Development Office",,,,
https://www.gov.uk/find-sure-start-childrens-centre,Find a Sure Start Children's Centre,answer,6c0b86c0-95a7-4cb0-8965-b6c75f42602d,en,publisher,2012-10-15T12:18:53.000Z,2015-06-29T15:01:07.000Z,,,195,"Parenting, childcare and children's services ,Life circumstances,Childcare and early years,Marriage, civil partnership and divorce,GOV.UK homepage,Finding childcare,Having a child, parenting and adoption,Help and support if you have children",Government Digital Service,Department for Education,,,,
https://www.gov.uk/contact-grandchild-parents-divorce-separate,Contact with your grandchild if their parents divorce or separate,answer,545789cc-cfae-4c13-b1de-b243683c12ad,en,publisher,2011-10-24T17:40:12.000Z,2016-10-10T13:54:35.456Z,,,194,"Life circumstances,Getting separated or divorced,Marriage, civil partnership and divorce,GOV.UK homepage",Government Digital Service,HM Courts & Tribunals Service,,,,
https://www.gov.uk/claim-child-benefit-behalf-someone-else,Claim and deal with Child Benefit for someone else,guide,0ed58e79-d9f6-4bed-bbe4-c6b5bad1a543,en,publisher,2012-01-26T12:56:40.000Z,2015-02-19T13:45:13.000Z,,,189,"Welfare,Parenting, childcare and children's services ,Child benefit,Life circumstances,Lasting power of attorney, being in care and managing finances,GOV.UK homepage,Financial help if you have children,Child Benefit",Government Digital Service,HM Revenue & Customs,,,,
https://www.gov.uk/guidance/what-to-do-after-a-british-person-dies-in-spain,When someone dies in Spain,detailed_guide,dfd20348-f3b4-46be-a08d-72b04e71ffda,en,whitehall,2021-01-27T00:00:00.000Z,2025-08-21T10:22:42.000Z,,,183,"UK help and services in Spain,Going and being abroad,Birth, death and marriage abroad ,Living abroad,Life circumstances,British nationals overseas,GOV.UK homepage,Emergency help for British nationals in Spain,Death and bereavement,Emergency help for British nationals,Travel abroad,Help and services around the world,Birth, death and marriage abroad in Spain","Foreign, Commonwealth & Development Office","Foreign, Commonwealth & Development Office",2019 to 2022 Johnson Conservative government,,,
https://www.gov.uk/oneoff-decision-personal-welfare,Apply for a one-off decision from the Court of Protection,guide,73609aab-2cce-473c-a56f-31c286991037,en,publisher,2015-03-26T12:00:25.000Z,2015-06-30T23:01:01.000Z,,,173,"Lasting power of attorney, being in care and managing finances,GOV.UK homepage,Life circumstances",Government Digital Service,HM Courts & Tribunals Service,,,,
https://www.gov.uk/register-stillbirth,Register a stillbirth,answer,e8c48e4e-24f0-4d87-bf75-587e986361ac,en,publisher,2012-01-05T16:00:59.000Z,2018-01-05T12:31:06.244Z,,,171,"Life circumstances,Parenting, childcare and children's services ,Death and bereavement,Certificates, register offices, changes of name or gender,Pregnancy and birth,Register the birth of a child,GOV.UK homepage,Having a child, parenting and adoption",Government Digital Service,HM Passport Office,,,,
https://www.gov.uk/legal-rights-when-using-surrogates-and-donors,Surrogacy: legal rights of parents and surrogates,guide,c1f2d495-5d34-4372-bf9a-d61eb92a5222,en,publisher,2012-10-09T19:18:21.000Z,2015-04-05T00:01:07.000Z,,,157,"Life circumstances,Surrogacy,Adoption, fostering and surrogacy,Parenting, childcare and children's services ,Having a child, parenting and adoption,GOV.UK homepage,Adoption",Government Digital Service,"HM Courts & Tribunals Service,Human Fertilisation and Embryology Authority",,,,
https://www.gov.uk/get-court-funds-money-when-you-turn-18,Get your court funds money when you turn 18,answer,6c9d5627-cb61-4dfe-94f7-9cfaef0a28fd,en,publisher,2014-08-22T10:35:58.000Z,2025-01-10T11:40:37.491Z,,,152,"Life circumstances,Lasting power of attorney, being in care and managing finances,GOV.UK homepage",Government Digital Service,"HM Courts & Tribunals Service,Ministry of Justice",,,,
https://www.gov.uk/guidance/register-an-estate-as-a-personal-representative,Register an estate as a personal representative,detailed_guide,6ee22a98-4cc1-496d-a6c3-be63f1a242ad,en,whitehall,2021-08-01T23:00:00.000Z,2025-04-10T13:50:49.000Z,,,150,"Inheritance Tax,GOV.UK homepage,Self Assessment,Income Tax,Money laundering regulations,Death and bereavement,Money,Capital Gains Tax,Personal tax,Life circumstances,Trusts",HM Revenue & Customs,HM Revenue & Customs,2019 to 2022 Johnson Conservative government,,,
https://www.gov.uk/leaving-foster-or-local-authority-care,Leaving foster or local authority care,answer,aa2b6cbb-aaaa-437f-ba03-5e6133c7036a,en,publisher,2011-12-12T12:08:43.000Z,2015-06-12T15:11:16.000Z,,,143,"Local councils and services,Children and young people leaving care,Regional and local government,Lasting power of attorney, being in care and managing finances,GOV.UK homepage,Looked-after children and children in care,Safeguarding and social care for children,Parenting, childcare and children's services ,Life circumstances",Government Digital Service,Department for Education,,,,
https://www.gov.uk/guidance/confirm-youre-free-to-get-married-in-thailand,Confirm you’re free to get married in Thailand,detailed_guide,1e861a30-154d-4188-8508-da1e1829603d,en,whitehall,2024-05-01T23:00:00.000Z,2025-11-06T07:11:16.000Z,,,142,"Getting married ,Going and being abroad,Living abroad,Life circumstances,GOV.UK homepage,British nationals overseas,Marriage, civil partnership and divorce,Travel abroad","Foreign, Commonwealth & Development Office","Foreign, Commonwealth & Development Office",2022 to 2024 Sunak Conservative government,,,
https://www.gov.uk/if-your-child-is-taken-into-care/care-proceedings,If your child is taken into care: Care proceedings,guide,78e342ee-92ad-4f78-8ac0-4392051e1309,en,publisher,2012-10-25T12:29:04.000Z,2015-11-09T14:20:14.000Z,,,142,"Safeguarding and social care for children,GOV.UK homepage,Education, training and skills,Education of disadvantaged children,Life circumstances,Parenting, childcare and children's services ,Looked-after children and children in care,Having a child, parenting and adoption",Government Digital Service,"Cafcass,Department of Health and Social Care,HM Courts & Tribunals Service",,,,
https://www.gov.uk/object-registration-power-attorney,Object to the registration of a power of attorney,guide,f9f7a01c-f925-4de5-b56e-9ff134c175bf,en,publisher,2014-09-30T13:01:03.000Z,2015-02-06T11:25:52.000Z,,,125,"GOV.UK homepage,Life circumstances,Lasting power of attorney, being in care and managing finances",Government Digital Service,Office of the Public Guardian,,,,
https://www.gov.uk/get-declaration-presumed-death,Get a declaration of presumed death,guide,a0514fe9-2dc4-4a3a-b8ff-1070575daed6,en,publisher,2014-11-26T12:25:04.000Z,2024-02-27T11:28:41.591Z,,,123,"Death and bereavement,Life circumstances,GOV.UK homepage",Government Digital Service,HM Courts & Tribunals Service,,,,
https://www.gov.uk/apply-statutory-will,Make a statutory will on behalf of someone else,guide,d514abaf-feb6-4335-8c42-705e2c0dad1d,en,publisher,2015-03-17T16:15:31.000Z,2025-01-17T16:08:39.188Z,,,117,"GOV.UK homepage,Life circumstances,Death and bereavement",Government Digital Service,"HM Courts & Tribunals Service,Ministry of Justice",,,,
https://www.gov.uk/stop-forced-marriage,Forced marriage,answer,3f388b1c-7ce6-4577-838b-b46ec3890041,en,publisher,2011-12-01T11:40:36.000Z,2016-07-13T10:00:41.959Z,,,112,"Travel abroad,Life circumstances,Getting married ,Crime, justice and law,GOV.UK homepage,Going and being abroad,Marriage, civil partnership and divorce,Reporting crimes and getting compensation",Government Digital Service,"Foreign, Commonwealth & Development Office,Home Office",,,,
https://www.gov.uk/mental-health-tribunal,Apply to the Mental Health Tribunal,guide,3b946f09-88ae-4ab2-9783-c9b181d5d850,en,publisher,2012-09-05T13:57:57.000Z,2024-11-06T14:05:37.763Z,,,107,"Life circumstances,GOV.UK homepage,Courts, sentencing and tribunals,Lasting power of attorney, being in care and managing finances,Crime, justice and law",Government Digital Service,"HM Courts & Tribunals Service,Department of Health and Social Care",,,,
https://www.gov.uk/guidance/ordering-and-retaining-medical-certificates-of-cause-of-death-mccds,Ordering and retaining medical certificates of cause of death (MCCDs),detailed_guide,92e480c8-e389-448e-970c-fb7f429847bf,en,whitehall,2024-12-13T00:00:00.000Z,2026-02-18T09:40:21.000Z,,,107,"Public health,Patient safety,Death and bereavement,National Health Service,Life circumstances,Health and social care,GOV.UK homepage",Department of Health and Social Care,Department of Health and Social Care,2024 Starmer Labour government,,,
https://www.gov.uk/guidance/urgent-enquiries-check-if-someone-has-an-attorney-or-deputy,Urgent enquiries: check if someone has an attorney or deputy,detailed_guide,9b8e2594-2424-4965-8f04-986893ff7cee,en,whitehall,2021-03-29T23:00:00.000Z,2021-06-10T14:08:17.000Z,,,94,"Lasting power of attorney, being in care and managing finances,GOV.UK homepage,Life circumstances",Office of the Public Guardian,Office of the Public Guardian,2019 to 2022 Johnson Conservative government,,,
https://www.gov.uk/if-my-child-gets-in-trouble-with-police,What happens if your child gets in trouble with the police,answer,a523b9e0-ae32-44a7-87fe-2dad16b9d0d9,en,publisher,2011-12-16T14:56:35.000Z,2016-11-09T13:46:26.634Z,,,89,"Life circumstances,Marriage, civil partnership and divorce,GOV.UK homepage,Young people and the law,Crime, justice and law",Government Digital Service,Youth Justice Board for England and Wales,,,,
https://www.gov.uk/guidance/living-in-the-philippines,Living in the Philippines,detailed_guide,5e334983-7631-11e4-a3cb-005056011aef,en,whitehall,2013-06-09T23:00:00.000Z,2026-01-27T10:30:30.000Z,,,88,"Asia,Going and being abroad,Life circumstances,Living abroad,British nationals overseas,Travel abroad,Phillippines,GOV.UK homepage,Countries (Living In)","Foreign, Commonwealth & Development Office","Foreign, Commonwealth & Development Office",2010 to 2015 Conservative and Liberal Democrat coalition government,,,
https://www.gov.uk/child-under-10-breaks-law,What happens if a child under 10 breaks the law,answer,63fb4cc8-d695-407b-8203-03651d3ae0d5,en,publisher,2012-04-23T17:07:08.000Z,2018-02-12T21:55:49.264Z,,,87,"Young people and the law,Life circumstances,GOV.UK homepage,Crime, justice and law,Marriage, civil partnership and divorce",Government Digital Service,"Home Office,Ministry of Justice",,,,
https://www.gov.uk/guidance/confirm-youre-free-to-get-married-in-morocco,Confirm you’re free to get married in Morocco,detailed_guide,c3d1c247-6ed7-4bd9-98de-cff85901400d,en,whitehall,2024-06-09T23:00:00.000Z,2024-06-09T23:00:00.000Z,,,87,"GOV.UK homepage,Living abroad,Getting separated or divorced,Marriage, civil partnership and divorce,Going and being abroad,Certificates, register offices, changes of name or gender,Getting married ,British nationals overseas,Life circumstances,Travel abroad","Foreign, Commonwealth & Development Office","Foreign, Commonwealth & Development Office",2022 to 2024 Sunak Conservative government,,,
https://www.gov.uk/return-or-contact-abducted-child,Find help to get your child back from abroad or arrange contact,simple_smart_answer,c0f2b667-1b8e-4a5d-bf94-28fc22e78a08,en,publisher,2014-12-05T12:04:05.000Z,2017-02-15T17:20:00.441Z,,,85,"Child custody,Divorce, separation and legal issues,Life circumstances,Safeguarding and social care for children,Safeguarding and child protection,Having a child, parenting and adoption,Child abduction and cross-border child protection,GOV.UK homepage,Parenting, childcare and children's services ",Government Digital Service,Official Solicitor and Public Trustee,,,,
https://www.gov.uk/public-trustee-executor-will,Appoint the Public Trustee as executor of your estate ,guide,f3a8c931-c259-4441-b41b-32c992d0e7d1,en,publisher,2014-12-05T14:06:59.000Z,2025-01-09T16:55:49.015Z,,,84,"Death and bereavement,Life circumstances,GOV.UK homepage",Government Digital Service,Official Solicitor and Public Trustee,,,,
https://www.gov.uk/guidance/what-to-do-after-a-british-person-dies-in-thailand,When someone dies in Thailand,detailed_guide,790174ba-0633-4307-853e-b561c8e1308a,en,whitehall,2021-01-28T00:00:00.000Z,2024-11-20T07:01:40.000Z,,,78,"Birth, death and marriage abroad in Thailand,Death and bereavement,Going and being abroad,Birth, death and marriage abroad ,Emergency help for British nationals in Thailand,Help and services around the world,Living abroad,Emergency help for British nationals,UK help and services in Thailand,British nationals overseas,GOV.UK homepage,Life circumstances","Foreign, Commonwealth & Development Office","Foreign, Commonwealth & Development Office",2019 to 2022 Johnson Conservative government,,,
https://www.gov.uk/guidance/getting-married-at-a-british-embassy-high-commission-or-consulate,"Getting married at a British embassy, high commission or consulate",detailed_guide,b3fe6d83-bc9f-4c22-ad47-be1328dd54fd,en,whitehall,2024-04-02T23:00:00.000Z,2024-09-10T10:48:26.000Z,,,76,"Going and being abroad,Getting married ,Life circumstances,GOV.UK homepage,British nationals overseas,Marriage, civil partnership and divorce","Foreign, Commonwealth & Development Office","Foreign, Commonwealth & Development Office",2022 to 2024 Sunak Conservative government,,,
https://www.gov.uk/court-funds-office-processes,Deputies: manage a Court Funds Office account,guide,ae9aee27-c568-407b-8739-9883fa74a493,en,publisher,2011-10-19T20:57:46.000Z,2024-12-13T15:16:31.292Z,,,69,"Life circumstances,Lasting power of attorney, being in care and managing finances,GOV.UK homepage",Government Digital Service,"HM Courts & Tribunals Service,Ministry of Justice",,,,
https://www.gov.uk/apply-for-an-exhumation-licence,Apply for an exhumation licence,answer,077050ac-d588-482d-b6ea-41750a8f6607,en,publisher,2012-11-13T14:39:09.000Z,2021-08-31T14:57:38.975Z,,,57,"GOV.UK homepage,Life circumstances,Death and bereavement",Government Digital Service,Ministry of Justice,,,,
https://www.gov.uk/power-of-attorney-refund,Claim a power of attorney refund,answer,c63890f9-2356-4be3-9e07-6cf4b8de7081,en,publisher,2018-02-01T11:00:17.733Z,2018-02-01T12:09:10.132Z,,,56,"GOV.UK homepage,Life circumstances,Lasting power of attorney, being in care and managing finances",Government Digital Service,"Ministry of Justice,Office of the Public Guardian",,,,
https://www.gov.uk/probate-search,Find a soldier's will,transaction,57e0e21d-5758-4f93-b394-b4a7862be0e7,en,publisher,2013-08-29T09:55:10.000Z,2025-01-06T13:39:06.298Z,,,51,"Armed forces,Life circumstances,Death and bereavement,Defence and armed forces,GOV.UK homepage",Government Digital Service,"Ministry of Justice,HM Courts & Tribunals Service",,,,
https://www.gov.uk/guidance/confirm-youre-free-to-get-married-in-japan,Confirm you're free to get married in Japan,detailed_guide,e9cef06f-65d6-4a14-b201-50f4d4fce532,en,whitehall,2024-05-08T23:00:00.000Z,2024-05-08T23:00:00.000Z,,,50,"Getting married ,Living abroad,Life circumstances,GOV.UK homepage,British nationals overseas,Travel abroad,Marriage, civil partnership and divorce,Going and being abroad","Foreign, Commonwealth & Development Office","Foreign, Commonwealth & Development Office",2022 to 2024 Sunak Conservative government,,,
https://www.gov.uk/guidance/refer-a-deceased-persons-estate-to-the-treasury-solicitor,Refer a deceased person's estate to the Treasury Solicitor,detailed_guide,5ebe89fc-7631-11e4-a3cb-005056011aef,en,whitehall,2013-12-06T00:00:00.000Z,2026-01-12T13:47:19.000Z,,,48,"Health and social care,Local government,Death registration disclosure,Death and bereavement,Life circumstances,Community and society,Regional and local government,Society and culture,Public health,GOV.UK homepage",Bona Vacantia,"Bona Vacantia,Government Legal Department",2010 to 2015 Conservative and Liberal Democrat coalition government,,,
https://www.gov.uk/guidance/what-to-do-after-a-british-person-dies-in-france,When someone dies in France,detailed_guide,5053674e-35dc-41dd-9807-ada17ed5c842,en,whitehall,2021-01-28T00:00:00.000Z,2021-01-28T00:00:00.000Z,,,46,"Emergency help for British nationals,British nationals overseas,Travel abroad,Life circumstances,Death and bereavement,GOV.UK homepage,UK help and services in France,Birth, death and marriage abroad ,Emergency help for British nationals in France,Help and services around the world,Going and being abroad,Birth, death and marriage abroad in France,Living abroad","Foreign, Commonwealth & Development Office","Foreign, Commonwealth & Development Office",2019 to 2022 Johnson Conservative government,,,
https://www.gov.uk/guidance/confirm-youre-free-to-get-married-in-china,Confirm you’re free to get married in China,detailed_guide,1b1e0ddb-1830-4f92-a3df-6dfc85da4533,en,whitehall,2024-05-14T23:00:00.000Z,2024-05-14T23:00:00.000Z,,,39,"Getting married ,GOV.UK homepage,Going and being abroad,Living abroad,Travel abroad,Marriage, civil partnership and divorce,British nationals overseas,Life circumstances","Foreign, Commonwealth & Development Office","Foreign, Commonwealth & Development Office",2022 to 2024 Sunak Conservative government,,,
https://www.gov.uk/legal-rights-for-egg-and-sperm-donors,Legal rights for egg and sperm donors,answer,4b71bfc5-3f77-4a8c-b211-77767d200008,en,publisher,2012-10-09T19:33:55.000Z,2017-07-21T14:54:10.133Z,,,33,"Having a child, parenting and adoption,GOV.UK homepage,Life circumstances",Government Digital Service,"Department of Health and Social Care,Human Fertilisation and Embryology Authority",,,,
https://www.gov.uk/guidance/how-we-deal-with-safeguarding-concerns,How we deal with safeguarding concerns,detailed_guide,6eb5036e-c2d2-4092-971b-381dd5a81d63,en,whitehall,2019-07-10T23:00:00.000Z,2024-08-13T13:33:18.000Z,,,31,"Lasting power of attorney, being in care and managing finances,Life circumstances,GOV.UK homepage",Office of the Public Guardian,Office of the Public Guardian,2016 to 2019 May Conservative government,,,
https://www.gov.uk/guidance/panel-deputies-working-in-the-south-east-of-england,Panel deputies working in the south east of England,detailed_guide,9e7fb4c8-87b0-46aa-af8d-babf265aedf9,en,whitehall,2026-01-01T00:00:00.000Z,2026-02-11T15:14:07.000Z,,,31,"Life circumstances,Lasting power of attorney, being in care and managing finances,GOV.UK homepage",Office of the Public Guardian,Office of the Public Guardian,2024 Starmer Labour government,,,
https://www.gov.uk/guidance/guidance-on-making-wills-using-video-conferencing,Guidance on making wills using video-conferencing,detailed_guide,4e151fda-5a77-411e-9fbd-cf0e6c6aa4a3,en,whitehall,2020-07-24T23:00:00.000Z,2022-01-12T10:35:32.000Z,,,30,"Life circumstances,GOV.UK homepage,Health and social care,Death and bereavement,COVID-19",Ministry of Justice,Ministry of Justice,2019 to 2022 Johnson Conservative government,,,
https://www.gov.uk/guidance/when-someone-dies-in-switzerland,When someone dies in Switzerland,detailed_guide,ebc3f153-7dff-40bd-8217-bcf8cf693b31,en,whitehall,2025-03-28T13:01:45.000Z,2025-03-28T13:01:45.000Z,,,30,"Birth, death and marriage abroad ,Help and services around the world,Emergency help for British nationals,GOV.UK homepage,Emergency help for British nationals in Switzerland,British nationals overseas,Death and bereavement,UK help and services in Switzerland,Birth, death and marriage abroad in Switzerland,Going and being abroad,Life circumstances,Living abroad","Foreign, Commonwealth & Development Office","Foreign, Commonwealth & Development Office",2024 Starmer Labour government,,,
https://www.gov.uk/guidance/pay-your-deputyship-fees,Pay your deputyship fees,detailed_guide,606c134c-e31e-402d-851e-7d473656b997,en,whitehall,2023-05-09T23:00:00.000Z,2025-04-28T14:34:27.000Z,,,27,"Life circumstances,GOV.UK homepage,Lasting power of attorney, being in care and managing finances",Office of the Public Guardian,Office of the Public Guardian,2022 to 2024 Sunak Conservative government,,,
https://www.gov.uk/guidance/manage-your-estates-details,Manage your estate's details,detailed_guide,a9d22f9f-715c-4fe0-b9d9-53b01f9270ee,en,whitehall,2021-08-02T07:23:00.000Z,2021-09-27T10:25:10.000Z,,,26,"Life circumstances,Capital Gains Tax,Personal tax,GOV.UK homepage,Death and bereavement,Money laundering regulations,Inheritance Tax,Trusts,Self Assessment,Money,Income Tax",HM Revenue & Customs,HM Revenue & Customs,2019 to 2022 Johnson Conservative government,,,
https://www.gov.uk/guidance/what-to-do-if-opg-cant-investigate-your-concerns,What to do if OPG can't investigate your concerns,detailed_guide,10c8ba4d-064b-4a83-a46f-52d5a20344b1,en,whitehall,2025-10-13T23:00:00.000Z,2025-10-13T23:00:00.000Z,,,26,"Life circumstances,Lasting power of attorney, being in care and managing finances,GOV.UK homepage",Office of the Public Guardian,Office of the Public Guardian,2024 Starmer Labour government,,,
https://www.gov.uk/guidance/panel-deputies-working-in-the-north-of-england,Panel deputies working in the north of England,detailed_guide,f17f08ce-5403-4fab-87ab-5dfc8f0596fc,en,whitehall,2026-01-01T00:00:00.000Z,2026-01-06T15:36:26.000Z,,,25,"Lasting power of attorney, being in care and managing finances,GOV.UK homepage,Life circumstances",Office of the Public Guardian,Office of the Public Guardian,2024 Starmer Labour government,,,
https://www.gov.uk/guidance/investing-for-someone-as-their-attorney-or-deputy,Investing for someone as their attorney or deputy,detailed_guide,4f1522ec-4fa6-4e44-b343-b0ae19b172e0,en,whitehall,2019-05-08T07:35:00.000Z,2019-05-28T09:33:13.000Z,,,25,"Lasting power of attorney, being in care and managing finances,GOV.UK homepage,Life circumstances",Office of the Public Guardian,Office of the Public Guardian,2016 to 2019 May Conservative government,,,
https://www.gov.uk/guidance/check-if-a-message-or-call-youve-received-from-opg-is-genuine,Check if a message or call you’ve received from OPG is genuine,detailed_guide,41cd2a08-d494-4a32-aab2-ee511c4bc810,en,whitehall,2023-08-18T13:59:00.000Z,2023-08-25T12:44:39.000Z,,,23,"Life circumstances,GOV.UK homepage,Lasting power of attorney, being in care and managing finances",Office of the Public Guardian,Office of the Public Guardian,2022 to 2024 Sunak Conservative government,,,
https://www.gov.uk/guidance/registering-a-civil-partnership-at-a-british-embassy-high-commission-or-consulate,"Registering a civil partnership at a British embassy, high commission or consulate",detailed_guide,eb522cce-a2ce-40ec-8028-de7b0d75687f,en,whitehall,2024-04-02T23:00:00.000Z,2024-09-06T15:20:17.000Z,,,20,"Marriage, civil partnership and divorce,Life circumstances,GOV.UK homepage,Going and being abroad,Getting married ,British nationals overseas","Foreign, Commonwealth & Development Office","Foreign, Commonwealth & Development Office",2022 to 2024 Sunak Conservative government,,,
https://www.gov.uk/guidance/what-to-do-after-a-british-person-dies-in-germany,When someone dies in Germany,detailed_guide,d6e5c543-34c1-4b4c-acd7-437078b8708b,en,whitehall,2022-07-14T23:00:00.000Z,2025-09-30T07:42:50.000Z,,,20,"Travel abroad,Death and bereavement,UK help and services in Germany,British nationals overseas,Birth, death and marriage abroad ,Life circumstances,Living abroad,Going and being abroad,Emergency help for British nationals,Birth, death and marriage abroad in Germany,Help and services around the world,GOV.UK homepage,Emergency help for British nationals in Germany","Foreign, Commonwealth & Development Office","Foreign, Commonwealth & Development Office",2019 to 2022 Johnson Conservative government,,,
https://www.gov.uk/guidance/if-a-british-national-dies-abroad-through-murder-or-manslaughter,Support after murder or manslaughter abroad,detailed_guide,01d61d53-7388-42fd-8d9e-366734a6abb8,en,whitehall,2022-08-30T23:00:00.000Z,2023-10-11T13:39:56.000Z,,,19,"Death and bereavement,Going and being abroad,Living abroad,Life circumstances,British nationals overseas,Travel abroad,GOV.UK homepage","Foreign, Commonwealth & Development Office","Foreign, Commonwealth & Development Office",2019 to 2022 Johnson Conservative government,,,
https://www.gov.uk/guidance/what-to-do-after-a-british-person-dies-in-greece,When someone dies in Greece,detailed_guide,746fa9a9-6fa1-4a46-b713-833ce6bb035a,en,whitehall,2022-04-13T23:00:00.000Z,2026-01-30T07:27:50.000Z,,,18,"Living abroad,Travel abroad,GOV.UK homepage,British nationals overseas,Birth, death and marriage abroad ,Help and services around the world,Life circumstances,Going and being abroad,Death and bereavement,UK help and services in Greece,Birth, death and marriage abroad in Greece","Foreign, Commonwealth & Development Office","Foreign, Commonwealth & Development Office",2019 to 2022 Johnson Conservative government,,,
https://www.gov.uk/guidance/panel-deputies-working-in-wales,Panel deputies working in Wales,detailed_guide,fe2fb6ee-1e8b-4f6a-8894-9c727bc6c4f5,en,whitehall,2026-01-01T00:01:00.000Z,2026-02-10T16:12:49.000Z,,,17,"GOV.UK homepage,Lasting power of attorney, being in care and managing finances,Life circumstances",Office of the Public Guardian,Office of the Public Guardian,2024 Starmer Labour government,,,
https://www.gov.uk/guidance/when-someone-dies-in-portugal,When someone dies in Portugal,detailed_guide,fc35a174-b689-444f-9844-d8743ca6722a,en,whitehall,2025-03-21T00:00:00.000Z,2025-03-21T00:00:00.000Z,,,16,"Death and bereavement,Help and services around the world,Life circumstances,Emergency help for British nationals in Portugal,British nationals overseas,Living abroad,Birth, death and marriage abroad in Portugal,Travel abroad,Birth, death and marriage abroad ,Emergency help for British nationals,GOV.UK homepage,UK help and services in Portugal,Going and being abroad","Foreign, Commonwealth & Development Office","Foreign, Commonwealth & Development Office",2024 Starmer Labour government,,,
https://www.gov.uk/dealing-tax-credits-someone-else,Dealing with tax credits for someone else,guide,3b73d6f9-da30-4166-a3ba-ef5316b00803,en,publisher,2012-01-25T14:40:55.000Z,2015-02-18T23:23:29.000Z,,,16,"Parenting, childcare and children's services ,Lasting power of attorney, being in care and managing finances,Life circumstances,Welfare,Financial help if you have children,Tax credits if you have children,GOV.UK homepage,Tax credits",Government Digital Service,HM Revenue & Customs,,,,
https://www.gov.uk/guidance/death-abroad-uk-organisations-that-can-help,Death abroad: UK organisations that can help,detailed_guide,a92cad1b-2dac-42cb-9a68-9594f6486738,en,whitehall,2022-08-31T14:23:00.000Z,2022-08-31T14:23:00.000Z,,,15,"GOV.UK homepage,Death and bereavement,Life circumstances,Going and being abroad,British nationals overseas","Foreign, Commonwealth & Development Office","Foreign, Commonwealth & Development Office",2019 to 2022 Johnson Conservative government,,,
https://www.gov.uk/guidance/panel-deputies-working-in-the-midlands,Panel deputies working in the Midlands,detailed_guide,a5cf267c-cd19-4908-81a7-d7a3b06aa717,en,whitehall,2026-01-01T00:00:00.000Z,2026-02-10T15:21:50.000Z,,,15,"Lasting power of attorney, being in care and managing finances,GOV.UK homepage,Life circumstances",Office of the Public Guardian,Office of the Public Guardian,2024 Starmer Labour government,,,
https://www.gov.uk/challenge-presumption-death-claim,Challenge a presumption of death claim,answer,b4ee4ce2-a9f3-4cc2-a971-c8c5dbbe8346,en,publisher,2014-11-26T11:35:08.000Z,2015-09-24T10:16:04.000Z,,,13,"GOV.UK homepage,Life circumstances,Death and bereavement",Government Digital Service,HM Courts & Tribunals Service,,,,
https://www.gov.uk/guidance/panel-deputies-working-in-the-north-east-of-england,Panel deputies working in the north east of England,detailed_guide,144a418a-5cce-4b1b-a6c1-66e223d9c8c2,en,whitehall,2026-01-01T00:00:00.000Z,2026-01-06T15:12:11.000Z,,,13,"Life circumstances,Lasting power of attorney, being in care and managing finances,GOV.UK homepage",Office of the Public Guardian,Office of the Public Guardian,2024 Starmer Labour government,,,
https://www.gov.uk/guidance/what-to-do-after-a-british-person-dies-in-turkey,When someone dies in Turkey,detailed_guide,5a4ced22-3195-46e4-900b-189c10302a2b,en,whitehall,2022-11-02T17:41:00.000Z,2023-10-05T14:16:26.000Z,,,12,"Going and being abroad,British nationals overseas,Birth, death and marriage abroad in Turkey,Emergency help for British nationals in Turkey,Help and services around the world,GOV.UK homepage,Emergency help for British nationals,Living abroad,UK help and services in Turkey,Life circumstances,Travel abroad,Death and bereavement,Birth, death and marriage abroad ","Foreign, Commonwealth & Development Office","Foreign, Commonwealth & Development Office",2022 to 2024 Sunak Conservative government,,,
https://www.gov.uk/guidance/when-someone-dies-in-tunisia,When someone dies in Tunisia,detailed_guide,0c5346a5-8265-49ac-9574-568a9454f559,en,whitehall,2025-05-09T11:08:33.000Z,2025-05-09T11:08:33.000Z,,,10,"Emergency help for British nationals,Birth, death and marriage abroad ,UK help and services in Tunisia,GOV.UK homepage,Travel abroad,Death and bereavement,Help and services around the world,Life circumstances,Birth, death and marriage abroad in Tunisia,British nationals overseas,Living abroad,Going and being abroad,Emergency help for British nationals in Tunisia","Foreign, Commonwealth & Development Office","Foreign, Commonwealth & Development Office",2024 Starmer Labour government,,,
https://www.gov.uk/guidance/when-someone-dies-in-jamaica,When someone dies in Jamaica,detailed_guide,bccf6a6c-b83f-42f7-a046-6488126628ee,en,whitehall,2023-06-02T13:13:12.000Z,2023-06-02T13:13:12.000Z,,,10,"Going and being abroad,Travel abroad,UK help and services in Jamaica,Help and services around the world,Life circumstances,Living abroad,GOV.UK homepage,Death and bereavement,Birth, death and marriage abroad ,British nationals overseas,Birth, death and marriage abroad in Jamaica,Emergency help for British nationals in Jamaica,Emergency help for British nationals","Foreign, Commonwealth & Development Office","Foreign, Commonwealth & Development Office",2022 to 2024 Sunak Conservative government,,,
https://www.gov.uk/change-cancel-presumption-death-certificate,Change or cancel a presumption of death certificate,guide,47a5ab53-94bf-4c40-91aa-1ebd3f9d7cfd,en,publisher,2014-11-26T11:49:05.000Z,2025-01-09T14:26:23.322Z,,,10,"Life circumstances,Death and bereavement,GOV.UK homepage",Government Digital Service,HM Courts & Tribunals Service,,,,
https://www.gov.uk/guidance/panel-deputies-working-in-the-west-of-england,Panel deputies working in the west of England,detailed_guide,350806f9-841b-4c67-89be-871fed2739db,en,whitehall,2026-01-01T00:00:00.000Z,2026-01-01T00:00:00.000Z,,,9,"Lasting power of attorney, being in care and managing finances,Life circumstances,GOV.UK homepage",Office of the Public Guardian,Office of the Public Guardian,2024 Starmer Labour government,,,
https://www.gov.uk/guidance/when-someone-dies-in-poland,When someone dies in Poland,detailed_guide,026444ed-f82a-432d-a54f-de46af0c5755,en,whitehall,2026-01-29T12:43:35.000Z,2026-01-29T12:43:35.000Z,,,8,"Living abroad,Death and bereavement,Help and services around the world,British nationals overseas,Life circumstances,GOV.UK homepage,Birth, death and marriage abroad in Poland,Going and being abroad,Travel abroad,UK help and services in Poland,Birth, death and marriage abroad ","Foreign, Commonwealth & Development Office","Foreign, Commonwealth & Development Office",2024 Starmer Labour government,,,
https://www.gov.uk/guidance/what-to-do-after-a-british-person-dies-in-mexico,When someone dies in Mexico,detailed_guide,b63da261-68a5-4326-9b9b-894aa5a08c2b,en,whitehall,2024-01-07T00:00:00.000Z,2025-01-09T08:15:41.000Z,,,8,"Emergency help for British nationals,Birth, death and marriage abroad in Mexico,GOV.UK homepage,Life circumstances,Emergency help for British nationals in Mexico,Help and services around the world,International,Death and bereavement,Birth, death and marriage abroad ,UK help and services in Mexico","Foreign, Commonwealth & Development Office","Foreign, Commonwealth & Development Office",2022 to 2024 Sunak Conservative government,,,
https://www.gov.uk/guidance/when-someone-dies-in-indonesia,When someone dies in Indonesia,detailed_guide,8f720eb1-4ad6-42e7-8083-281cac1be2a4,en,whitehall,2023-10-30T00:00:00.000Z,2023-10-30T00:00:00.000Z,,,8,"Death and bereavement,Life circumstances,Going and being abroad,Birth, death and marriage abroad ,UK help and services in Indonesia,GOV.UK homepage,Birth, death and marriage abroad in Indonesia,Help and services around the world,British nationals overseas","Foreign, Commonwealth & Development Office","Foreign, Commonwealth & Development Office",2022 to 2024 Sunak Conservative government,,,
https://www.gov.uk/guidance/when-someone-dies-in-south-africa,When someone dies in South Africa,detailed_guide,ba8a448d-6c92-453f-b2a2-a9b99f6e0e4a,en,whitehall,2023-03-14T15:00:00.000Z,2023-03-14T15:00:00.000Z,,,8,"Going and being abroad,British nationals overseas,Emergency help for British nationals in South Africa,Birth, death and marriage abroad in South Africa,Life circumstances,UK help and services in South Africa,Birth, death and marriage abroad ,Travel abroad,Help and services around the world,Death and bereavement,Emergency help for British nationals,GOV.UK homepage,Living abroad","Foreign, Commonwealth & Development Office","Foreign, Commonwealth & Development Office",2022 to 2024 Sunak Conservative government,,,
https://www.gov.uk/guidance/what-to-do-after-a-british-person-dies-in-bulgaria,When someone dies in Bulgaria,detailed_guide,3a6688ff-0e47-4745-bd02-debb57f1d88c,en,whitehall,2022-11-02T00:00:00.000Z,2024-11-08T13:11:20.000Z,,,7,"Life circumstances,UK help and services in Bulgaria,GOV.UK homepage,Emergency help for British nationals in Bulgaria,Travel abroad,Death and bereavement,Going and being abroad,Living abroad,Birth, death and marriage abroad ,Help and services around the world,Emergency help for British nationals,Birth, death and marriage abroad in Bulgaria,British nationals overseas","Foreign, Commonwealth & Development Office","Foreign, Commonwealth & Development Office",2022 to 2024 Sunak Conservative government,,,
https://www.gov.uk/guidance/when-someone-dies-in-pakistan,When someone dies in Pakistan,detailed_guide,a6f91f1b-358d-47dd-8bde-1d98742e2f31,en,whitehall,2023-06-01T23:00:00.000Z,2024-04-05T09:27:34.000Z,,,7,"Life circumstances,Birth, death and marriage abroad ,Death and bereavement,British nationals overseas,Emergency help for British nationals in Pakistan,Birth, death and marriage abroad in Pakistan,UK help and services in Pakistan,Emergency help for British nationals,GOV.UK homepage,Going and being abroad,Help and services around the world","Foreign, Commonwealth & Development Office","Foreign, Commonwealth & Development Office",2022 to 2024 Sunak Conservative government,,,
https://www.gov.uk/guidance/when-someone-dies-in-new-zealand,When someone dies in New Zealand,detailed_guide,2771827e-2f0f-421b-8c33-33dd2f2e7412,en,whitehall,2026-02-10T10:18:24.000Z,2026-02-10T10:18:24.000Z,,,6,"Death and bereavement,British nationals overseas,Going and being abroad,Living abroad,Life circumstances,Travel abroad,GOV.UK homepage","Foreign, Commonwealth & Development Office","Foreign, Commonwealth & Development Office",2024 Starmer Labour government,,,
https://www.gov.uk/guidance/when-someone-dies-in-china,When someone dies in China,detailed_guide,b7779e89-5034-45fb-92e0-4a8c59c3b784,en,whitehall,2025-12-31T03:27:00.000Z,2025-12-31T03:27:00.000Z,,,6,"GOV.UK homepage,Going and being abroad,British nationals overseas,Death and bereavement,Life circumstances","Foreign, Commonwealth & Development Office","Foreign, Commonwealth & Development Office",2024 Starmer Labour government,,,
https://www.gov.uk/guidance/when-someone-dies-in-cape-verde,When someone dies in Cape Verde,detailed_guide,e5cb4807-f42a-431f-b456-5d14e2380357,en,whitehall,2025-05-11T23:00:00.000Z,2025-06-16T14:28:49.000Z,,,,"Emergency help for British nationals in Cape Verde,UK help and services in Cape Verde,Birth, death and marriage abroad in Cape Verde,Death and bereavement,Emergency help for British nationals,Living abroad,British nationals overseas,Help and services around the world,Travel abroad,Birth, death and marriage abroad ,Going and being abroad,Life circumstances,GOV.UK homepage","Foreign, Commonwealth & Development Office","Foreign, Commonwealth & Development Office",2024 Starmer Labour government,,,
https://www.gov.uk/guidance/when-someone-dies-in-st-vincent-and-the-grenadines,When someone dies in St Vincent and the Grenadines,detailed_guide,292c627e-07e2-4c11-b372-401a08b54516,en,whitehall,2023-06-01T23:00:00.000Z,2026-01-05T10:47:06.000Z,,,,"Death and bereavement,UK help and services in St Vincent and The Grenadines,Life circumstances,Birth, death and marriage abroad ,Going and being abroad,Help and services around the world,Birth, death and marriage abroad in St Vincent and The Grenadines,Living abroad,British nationals overseas,GOV.UK homepage,Travel abroad,Emergency help for British nationals,Emergency help for British nationals in St Vincent and The Grenadines","Foreign, Commonwealth & Development Office","Foreign, Commonwealth & Development Office",2022 to 2024 Sunak Conservative government,,,
https://www.gov.uk/guidance/when-someone-dies-in-senegal,When someone dies in Senegal,detailed_guide,b473280b-8af8-4040-b6b1-5c5cce53a70a,en,whitehall,2023-05-25T23:00:00.000Z,2025-11-10T10:38:25.000Z,,,,"Emergency help for British nationals in Senegal,British nationals overseas,Help and services around the world,Emergency help for British nationals,Life circumstances,Going and being abroad,Living abroad,Birth, death and marriage abroad ,Travel abroad,Death and bereavement,Birth, death and marriage abroad in Senegal,UK help and services in Senegal,GOV.UK homepage","Foreign, Commonwealth & Development Office","Foreign, Commonwealth & Development Office",2022 to 2024 Sunak Conservative government,,,
https://www.gov.uk/guidance/when-someone-dies-in-papua-new-guinea,When someone dies in Papua New Guinea,detailed_guide,ac32b547-6ae0-4af8-b767-b73d78a4a67b,en,whitehall,2025-07-11T10:37:17.000Z,2025-07-11T10:37:17.000Z,,,,"British nationals overseas,Life circumstances,GOV.UK homepage,Going and being abroad,Death and bereavement","Foreign, Commonwealth & Development Office","Foreign, Commonwealth & Development Office",2024 Starmer Labour government,,,
https://www.gov.uk/guidance/what-to-do-after-a-british-person-dies-in-antigua-and-barbuda,When someone dies in Antigua and Barbuda,detailed_guide,1e20735a-4ab8-47c8-9770-3755b4acbe09,en,whitehall,2022-11-16T00:00:00.000Z,2024-04-25T07:30:09.000Z,,,,"Going and being abroad,UK help and services in Antigua and Barbuda,Emergency help for British nationals in Antigua and Barbuda,British nationals overseas,Travel abroad,Death and bereavement,Death registration disclosure,Birth, death and marriage abroad in Antigua and Barbuda,Help and services around the world,Emergency help for British nationals,Living abroad,Life circumstances,Birth, death and marriage abroad ,GOV.UK homepage","Foreign, Commonwealth & Development Office","Foreign, Commonwealth & Development Office",2022 to 2024 Sunak Conservative government,,,
https://www.gov.uk/guidance/when-someone-dies-in-north-macedonia,When someone dies in North Macedonia,detailed_guide,38851d84-b4e7-4291-89b7-c8368163791f,en,whitehall,2023-06-01T23:00:00.000Z,2024-11-08T13:08:16.000Z,,,,"Going and being abroad,Travel abroad,Emergency help for British nationals,Birth, death and marriage abroad ,Living abroad,UK help and services in North Macedonia,Emergency help for British nationals in North Macedonia,British nationals overseas,Help and services around the world,Birth, death and marriage abroad in North Macedonia,GOV.UK homepage,Death and bereavement,Life circumstances","Foreign, Commonwealth & Development Office","Foreign, Commonwealth & Development Office",2022 to 2024 Sunak Conservative government,,,
https://www.gov.uk/guidance/when-someone-dies-in-suriname,When someone dies in Suriname,detailed_guide,b12515ed-ff53-4bd6-a895-2487fb940985,en,whitehall,2023-06-01T23:00:00.000Z,2025-01-20T08:26:18.000Z,,,,"Going and being abroad,UK help and services in Suriname,GOV.UK homepage,Birth, death and marriage abroad ,Emergency help for British nationals in Suriname,Help and services around the world,Birth, death and marriage abroad in Suriname,Death and bereavement,Life circumstances,Emergency help for British nationals","Foreign, Commonwealth & Development Office","Foreign, Commonwealth & Development Office",2022 to 2024 Sunak Conservative government,,,
https://www.gov.uk/guidance/when-someone-dies-in-cuba,When someone dies in Cuba,detailed_guide,4517d745-d5a6-4b75-bdf3-2f4baee4bd40,en,whitehall,2023-05-26T12:25:53.000Z,2023-05-26T12:25:53.000Z,,,,"Living abroad,Help and services around the world,Birth, death and marriage abroad in Cuba,Going and being abroad,Emergency help for British nationals,UK help and services in Cuba,Death and bereavement,GOV.UK homepage,British nationals overseas,Birth, death and marriage abroad ,Life circumstances,Emergency help for British nationals in Cuba,Travel abroad","Foreign, Commonwealth & Development Office","Foreign, Commonwealth & Development Office",2022 to 2024 Sunak Conservative government,,,
https://www.gov.uk/guidance/when-somebody-dies-in-serbia,When somebody dies in Serbia,detailed_guide,787c27b4-cb9a-469b-8325-def763fd61ac,en,whitehall,2025-03-19T10:08:30.000Z,2025-03-19T10:08:30.000Z,,,,"British nationals overseas,Government,Life circumstances,Going and being abroad,Travel abroad,GOV.UK homepage,Death and bereavement","Foreign, Commonwealth & Development Office","Foreign, Commonwealth & Development Office",2024 Starmer Labour government,,,
https://www.gov.uk/guidance/what-to-do-after-a-british-person-dies-in-uganda,When someone dies in Uganda,detailed_guide,0e51ed87-9340-483c-bb6a-2abc94d07be2,en,whitehall,2024-04-09T23:00:00.000Z,2024-10-18T15:05:59.000Z,,,,"Birth, death and marriage abroad ,GOV.UK homepage,Life circumstances,Going and being abroad,Living abroad,Death and bereavement,Help and services around the world,Birth, death and marriage abroad in Uganda,Living in Uganda,UK help and services in Uganda","Foreign, Commonwealth & Development Office","Foreign, Commonwealth & Development Office",2022 to 2024 Sunak Conservative government,,,
https://www.gov.uk/guidance/what-to-do-after-a-british-person-dies-in-zimbabwe,When someone dies in Zimbabwe,detailed_guide,ab32b084-4cba-47eb-88e9-f93245d2684d,en,whitehall,2022-11-30T00:00:00.000Z,2025-01-15T08:10:15.000Z,,,,"GOV.UK homepage,UK help and services in Zimbabwe,British nationals overseas,Emergency help for British nationals,Death and bereavement,Birth, death and marriage abroad ,Help and services around the world,Birth, death and marriage abroad in Zimbabwe,Going and being abroad,Life circumstances,Emergency help for British nationals in Zimbabwe,Travel abroad,Living abroad","Foreign, Commonwealth & Development Office","Foreign, Commonwealth & Development Office",2022 to 2024 Sunak Conservative government,,,
https://www.gov.uk/guidance/bereavement-information-egypt-murder-manslaughter-and-suspicious-deaths,"Egypt bereavement information: murder, manslaughter, and suspicious deaths",detailed_guide,35691708-9e42-46a0-8541-dc94f0b70579,en,whitehall,2017-05-08T06:38:00.000Z,2017-05-08T06:38:00.000Z,,,,"Travel abroad,Life circumstances,Living abroad,Death and bereavement,Going and being abroad,GOV.UK homepage,British nationals overseas",Foreign & Commonwealth Office,"Foreign & Commonwealth Office,Foreign, Commonwealth & Development Office",2016 to 2019 May Conservative government,,,
https://www.gov.uk/guidance/when-someone-dies-in-the-bahamas,When someone dies in The Bahamas,detailed_guide,40697ba1-5a37-4094-a073-4120ad802a76,en,whitehall,2023-05-26T13:04:56.000Z,2023-05-26T13:04:56.000Z,,,,"Life circumstances,Emergency help for British nationals in Bahamas,Travel abroad,Going and being abroad,UK help and services in Bahamas,Death and bereavement,Birth, death and marriage abroad in Bahamas,Emergency help for British nationals,British nationals overseas,Living abroad,Help and services around the world,Birth, death and marriage abroad ,GOV.UK homepage","Foreign, Commonwealth & Development Office","Foreign, Commonwealth & Development Office",2022 to 2024 Sunak Conservative government,,,
https://www.gov.uk/guidance/what-to-do-after-a-british-person-dies-in-malawi,When someone dies in Malawi,detailed_guide,76c372ad-acf6-4c77-b638-a8b7eacef120,en,whitehall,2022-10-12T23:00:00.000Z,2022-10-12T23:00:00.000Z,,,,"Emergency help for British nationals in Malawi,GOV.UK homepage,Life circumstances,Emergency help for British nationals,Help and services around the world,UK help and services in Malawi,Birth, death and marriage abroad ,Living abroad,British nationals overseas,Death and bereavement,Going and being abroad,Birth, death and marriage abroad in Malawi,Travel abroad","Foreign, Commonwealth & Development Office","Foreign, Commonwealth & Development Office",2022 Truss Conservative government,,,
https://www.gov.uk/guidance/when-someone-dies-in-vanuatu,When someone dies in Vanuatu,detailed_guide,b2bbc9af-00ef-4f03-94db-25a12f6c0193,en,whitehall,2025-08-01T07:49:02.000Z,2025-08-01T07:49:02.000Z,,,,"Going and being abroad,Death and bereavement,Living abroad,Travel abroad,Life circumstances,GOV.UK homepage,British nationals overseas","Foreign, Commonwealth & Development Office","Foreign, Commonwealth & Development Office",2024 Starmer Labour government,,,
https://www.gov.uk/guidance/domestic-abuse-information-for-victims-in-jordan,Domestic abuse: information for victims in Jordan,detailed_guide,f2004574-ac3d-4101-bde3-7fb1c35af145,en,whitehall,2023-09-13T09:40:29.000Z,2023-09-13T09:40:29.000Z,,,,"GOV.UK homepage,Life circumstances","Foreign, Commonwealth & Development Office","Foreign, Commonwealth & Development Office",2022 to 2024 Sunak Conservative government,,,
https://www.gov.uk/guidance/what-to-do-after-a-british-person-dies-in-trinidad-and-tobago,When someone dies in Trinidad and Tobago,detailed_guide,445e2939-cc17-45aa-8f6a-6287230d6af5,en,whitehall,2024-12-16T00:00:00.000Z,2026-01-02T15:01:59.000Z,,,,"Birth, death and marriage abroad ,Help and services around the world,Life circumstances,GOV.UK homepage,Birth, death and marriage abroad in Trinidad and Tobago,UK help and services in Trinidad and Tobago,British nationals overseas,Passports,Death and bereavement,Travel abroad,Going and being abroad,Emergency help for British nationals,Emergency help for British nationals in Trinidad and Tobago","Foreign, Commonwealth & Development Office","Foreign, Commonwealth & Development Office",2024 Starmer Labour government,,,
https://www.gov.uk/guidance/what-to-do-after-a-british-person-dies-in-cameroon,When someone dies in Cameroon,detailed_guide,2caee1d6-5a7c-402e-9678-214722433183,en,whitehall,2023-04-14T23:00:00.000Z,2023-04-19T07:34:15.000Z,,,,"Death and bereavement,Going and being abroad,British nationals overseas,Living abroad,Birth, death and marriage abroad ,GOV.UK homepage,Birth, death and marriage abroad in Cameroon,Emergency help for British nationals,UK help and services in Cameroon,Life circumstances,Emergency help for British nationals in Cameroon,Help and services around the world,Travel abroad","Foreign, Commonwealth & Development Office","Foreign, Commonwealth & Development Office",2022 to 2024 Sunak Conservative government,,,
https://www.gov.uk/guidance/what-to-do-after-a-british-person-dies-in-dominica,When someone dies in Dominica,detailed_guide,8958bd44-c922-4018-93df-dc5a0d69f586,en,whitehall,2022-11-16T00:00:00.000Z,2026-01-05T10:42:56.000Z,,,,"Life circumstances,Emergency help for British nationals in Dominica,UK help and services in Dominica,Birth, death and marriage abroad ,Going and being abroad,Travel abroad,Death and bereavement,Help and services around the world,Passports,Birth, death and marriage abroad in Dominica,British nationals overseas,Emergency help for British nationals,GOV.UK homepage","Foreign, Commonwealth & Development Office","Foreign, Commonwealth & Development Office",2022 to 2024 Sunak Conservative government,,,
https://www.gov.uk/guidance/when-someone-dies-in-algeria,When someone dies in Algeria,detailed_guide,b0deccf0-fed6-407d-af9e-7b65c414f357,en,whitehall,2025-06-17T23:00:00.000Z,2025-12-16T09:40:10.000Z,,,,"Life circumstances,Going and being abroad,International,British nationals overseas,Death and bereavement,GOV.UK homepage","Foreign, Commonwealth & Development Office","Foreign, Commonwealth & Development Office",2024 Starmer Labour government,,,
https://www.gov.uk/guidance/when-someone-dies-in-solomon-islands,When someone dies in Solomon Islands,detailed_guide,83bec830-de6d-47bb-a184-97d8732958d1,en,whitehall,2025-07-11T10:28:04.000Z,2025-07-11T10:28:04.000Z,,,,"GOV.UK homepage,Death and bereavement,Life circumstances,British nationals overseas,Going and being abroad","Foreign, Commonwealth & Development Office","Foreign, Commonwealth & Development Office",2024 Starmer Labour government,,,
https://www.gov.uk/guidance/when-someone-dies-in-kosovo,When someone dies in Kosovo,detailed_guide,106a5fe9-1d72-4068-8bcd-ea632fa701c3,en,whitehall,2025-05-16T08:10:01.000Z,2025-05-16T08:10:01.000Z,,,,"Life circumstances,Birth, death and marriage abroad ,Crime, justice and law,Death and bereavement,Living abroad,Birth, death and marriage abroad in Kosovo,British nationals overseas,UK help and services in Kosovo,Travelling to Kosovo,Travelling abroad,Living in Kosovo,Going and being abroad,Help and services around the world,GOV.UK homepage","Foreign, Commonwealth & Development Office","Foreign, Commonwealth & Development Office",2024 Starmer Labour government,,,
https://www.gov.uk/guidance/when-someone-dies-in-austria,When someone dies in Austria,detailed_guide,06f3ad1f-3d16-4692-b323-5540f21d51e8,en,whitehall,2025-05-07T12:25:23.000Z,2025-05-07T12:25:23.000Z,,,,"UK help and services in Austria,Living abroad,Birth, death and marriage abroad in Austria,Going and being abroad,Living in Austria,British nationals overseas,GOV.UK homepage,Help and services around the world,Travelling abroad,Death and bereavement,Life circumstances,Travelling to Austria,Travel abroad,Birth, death and marriage abroad ","Foreign, Commonwealth & Development Office","Foreign, Commonwealth & Development Office",2024 Starmer Labour government,,,
https://www.gov.uk/guidance/when-someone-dies-in-ecuador,When someone dies in Ecuador,detailed_guide,84668205-6bd9-4ced-ae38-47ac067dae1d,en,whitehall,2025-04-13T23:00:00.000Z,2025-04-13T23:00:00.000Z,,,,"Emergency help for British nationals in Ecuador,GOV.UK homepage,Death and bereavement,Living abroad,Life circumstances,Going and being abroad,Help and services around the world,Birth, death and marriage abroad in Ecuador,British nationals overseas,Emergency help for British nationals,Birth, death and marriage abroad ,UK help and services in Ecuador,Travel abroad","Foreign, Commonwealth & Development Office","Foreign, Commonwealth & Development Office",2024 Starmer Labour government,,,
https://www.gov.uk/guidance/when-someone-dies-in-andorra,When someone dies in Andorra,detailed_guide,3a1f907e-aba2-4fb2-a77f-46e748d7eab7,en,whitehall,2025-12-10T09:53:00.000Z,2026-02-06T09:12:40.000Z,,,,"Emergency help for British nationals,Birth, death and marriage abroad ,British nationals overseas,Emergency help for British nationals in Andorra,Living abroad,Living in Andorra,UK help and services in Andorra,Death and bereavement,Going and being abroad,GOV.UK homepage,Help and services around the world,Life circumstances,Birth, death and marriage abroad in Andorra,Travel abroad","Foreign, Commonwealth & Development Office","Foreign, Commonwealth & Development Office",2024 Starmer Labour government,,,
https://www.gov.uk/guidance/when-someone-dies-in-tajikistan,When someone dies in Tajikistan,detailed_guide,6d045349-eb28-4fd4-a776-48c7732af85b,en,whitehall,2025-09-17T14:55:49.000Z,2025-09-17T14:55:49.000Z,,,,"British nationals overseas,Emergency help for British nationals,UK help and services in Tajikistan,Living in Tajikistan,Living abroad,Going and being abroad,Death and bereavement,Emergency help for British nationals in Tajikistan,GOV.UK homepage,Travel abroad,Birth, death and marriage abroad ,Help and services around the world,Life circumstances,Birth, death and marriage abroad in Tajikistan","Foreign, Commonwealth & Development Office","Foreign, Commonwealth & Development Office",2024 Starmer Labour government,,,
https://www.gov.uk/guidance/when-someone-dies-in-haiti,When someone dies in Haiti,detailed_guide,ed94d9db-a590-451d-9d49-f53f429cc525,en,whitehall,2023-06-01T23:00:00.000Z,2025-10-07T12:26:45.000Z,,,,"Passports,Emergency help for British nationals in Haiti,GOV.UK homepage,Death and bereavement,Life circumstances,British nationals overseas,Birth, death and marriage abroad in Haiti,UK help and services in Haiti,Help and services around the world,Birth, death and marriage abroad ,Emergency help for British nationals,Going and being abroad,Travel abroad","Foreign, Commonwealth & Development Office","Foreign, Commonwealth & Development Office",2022 to 2024 Sunak Conservative government,,,
https://www.gov.uk/guidance/when-someone-dies-in-grenada,When someone dies in Grenada,detailed_guide,7f8d5156-175d-459a-a529-74e3358658a3,en,whitehall,2023-05-25T23:00:00.000Z,2026-01-05T10:45:02.000Z,,,,"Help and services around the world,Going and being abroad,Death and bereavement,UK help and services in Grenada,Birth, death and marriage abroad in Grenada,Birth, death and marriage abroad ,British nationals overseas,Emergency help for British nationals,Living abroad,Life circumstances,Travel abroad,Emergency help for British nationals in Grenada,GOV.UK homepage","Foreign, Commonwealth & Development Office","Foreign, Commonwealth & Development Office",2022 to 2024 Sunak Conservative government,,,
https://www.gov.uk/guidance/what-to-do-after-a-british-person-dies-in-malaysia,When someone dies in Malaysia,detailed_guide,9f55bfba-37d0-485e-a9bb-1102f114e30b,en,whitehall,2022-11-02T00:00:00.000Z,2022-11-02T00:00:00.000Z,,,,"Help and services around the world,Emergency help for British nationals in Malaysia,Death and bereavement,British nationals overseas,Travel abroad,Birth, death and marriage abroad ,Living abroad,GOV.UK homepage,Life circumstances,UK help and services in Malaysia,Birth, death and marriage abroad in Malaysia,Going and being abroad,Emergency help for British nationals","Foreign, Commonwealth & Development Office","Foreign, Commonwealth & Development Office",2022 to 2024 Sunak Conservative government,,,
https://www.gov.uk/guidance/when-someone-dies-in-montenegro,When someone dies in Montenegro,detailed_guide,74f8c3b3-8b36-4beb-8051-41b9d872b224,en,whitehall,2025-06-01T23:00:00.000Z,2025-06-01T23:00:00.000Z,,,,"Birth, death and marriage abroad in Montenegro,GOV.UK homepage,Life circumstances,Emergency help for British nationals,Living abroad,Help and services around the world,Travel abroad,Emergency help for British nationals in Montenegro,Birth, death and marriage abroad ,Going and being abroad,British nationals overseas,UK help and services in Montenegro,Death and bereavement","Foreign, Commonwealth & Development Office","Foreign, Commonwealth & Development Office",2024 Starmer Labour government,,,
https://www.gov.uk/guidance/when-someone-dies-in-benin,When someone dies in Benin,detailed_guide,d23b6799-0d5b-4951-990e-cfab989087f2,en,whitehall,2025-02-28T14:19:44.000Z,2025-02-28T14:19:44.000Z,,,,"Life circumstances,Travel abroad,Birth, death and marriage abroad ,Going and being abroad,Birth, death and marriage abroad in Benin,Emergency help for British nationals in Benin,Emergency help for British nationals,Help and services around the world,UK help and services in Benin,British nationals overseas,Death and bereavement,Living abroad,GOV.UK homepage","Foreign, Commonwealth & Development Office","Foreign, Commonwealth & Development Office",2024 Starmer Labour government,,,
https://www.gov.uk/guidance/what-to-do-after-a-british-person-dies-in-romania,When someone dies in Romania,detailed_guide,8cf87017-f5da-4303-9761-66b78574b62a,en,whitehall,2023-03-24T14:16:00.000Z,2023-03-24T14:16:00.000Z,,,,"Living abroad,Emergency help for British nationals in Romania,Birth, death and marriage abroad in Romania,Death and bereavement,GOV.UK homepage,Birth, death and marriage abroad ,British nationals overseas,Travel abroad,Life circumstances,Emergency help for British nationals,UK help and services in Romania,Help and services around the world,Going and being abroad","Foreign, Commonwealth & Development Office","Foreign, Commonwealth & Development Office",2022 to 2024 Sunak Conservative government,,,
https://www.gov.uk/guidance/when-someone-dies-in-russia,When someone dies in Russia,detailed_guide,a97e6382-a433-4d83-879d-c320f375a0f1,en,whitehall,2026-01-22T14:20:52.000Z,2026-01-22T14:20:52.000Z,,,,"Life circumstances,Travel abroad,Birth, death and marriage abroad in Russia,Birth, death and marriage abroad ,UK help and services in Russia,Living in Russia,GOV.UK homepage,Help and services around the world,Death and bereavement,Living abroad,Going and being abroad,British nationals overseas","Foreign, Commonwealth & Development Office","Foreign, Commonwealth & Development Office",2024 Starmer Labour government,,,
https://www.gov.uk/guidance/when-someone-dies-in-st-lucia,When someone dies in St Lucia,detailed_guide,f68c36da-4ef6-4e31-a06a-7d4eb4010343,en,whitehall,2023-05-25T23:00:00.000Z,2026-01-05T10:46:12.000Z,,,,"Birth, death and marriage abroad in St Lucia,UK help and services in St Lucia,Death and bereavement,Birth, death and marriage abroad ,Life circumstances,Living abroad,Emergency help for British nationals,Going and being abroad,GOV.UK homepage,Help and services around the world,British nationals overseas,Emergency help for British nationals in St Lucia,Travel abroad","Foreign, Commonwealth & Development Office","Foreign, Commonwealth & Development Office",2022 to 2024 Sunak Conservative government,,,
https://www.gov.uk/guidance/panel-guardians-a-list-of-court-approved-professionals,Panel guardians: a list of court-approved professionals,detailed_guide,bb9c3c85-e8d8-4627-a679-5ceea5978872,en,whitehall,2021-03-31T14:53:00.000Z,2022-06-14T13:18:35.000Z,,,,"Missing persons,GOV.UK homepage,Life circumstances",Office of the Public Guardian,Office of the Public Guardian,2019 to 2022 Johnson Conservative government,,,
https://www.gov.uk/guidance/when-someone-dies-in-sierra-leone,When someone dies in Sierra Leone,detailed_guide,aae36487-ef61-4255-84c5-c63dca7a7671,en,whitehall,2025-07-02T10:31:45.000Z,2025-07-02T10:31:45.000Z,,,,"Birth, death and marriage abroad in Sierra Leone,Going and being abroad,GOV.UK homepage,Travel abroad,British nationals overseas,Death and bereavement,Life circumstances,Birth, death and marriage abroad ,Living in Sierra Leone,Help and services around the world,UK help and services in Sierra Leone,Living abroad","Foreign, Commonwealth & Development Office","Foreign, Commonwealth & Development Office",2024 Starmer Labour government,,,
https://www.gov.uk/guidance/what-to-do-after-a-british-person-dies-in-botswana,When someone dies in Botswana,detailed_guide,cd6e31ef-e2ab-411a-91a8-55c1f93896e0,en,whitehall,2022-10-12T23:00:00.000Z,2022-10-12T23:00:00.000Z,,,,"UK help and services in Botswana,Emergency help for British nationals,Emergency help for British nationals in Botswana,Travel abroad,GOV.UK homepage,Going and being abroad,Help and services around the world,Birth, death and marriage abroad in Botswana,Birth, death and marriage abroad ,Death and bereavement,Living abroad,British nationals overseas,Life circumstances","Foreign, Commonwealth & Development Office","Foreign, Commonwealth & Development Office",2022 Truss Conservative government,,,
https://www.gov.uk/guidance/when-someone-dies-in-burkina-faso,When someone dies in Burkina Faso,detailed_guide,0e264b24-cb67-4847-a2af-4310d41795f0,en,whitehall,2025-02-28T14:36:26.000Z,2025-02-28T14:36:26.000Z,,,,"Death and bereavement,Birth, death and marriage abroad in Burkina Faso,Going and being abroad,Living abroad,British nationals overseas,Help and services around the world,Travel abroad,Emergency help for British nationals,Birth, death and marriage abroad ,GOV.UK homepage,UK help and services in Burkina Faso,Emergency help for British nationals in Burkina Faso,Life circumstances","Foreign, Commonwealth & Development Office","Foreign, Commonwealth & Development Office",2024 Starmer Labour government,,,
https://www.gov.uk/guidance/when-someone-dies-in-st-kitts-and-nevis,When someone dies in St Kitts and Nevis,detailed_guide,d3075d34-5811-4286-8c1d-22bd2f87cc64,en,whitehall,2023-05-25T23:00:00.000Z,2026-01-05T10:43:52.000Z,,,,"Life circumstances,Living abroad,Death and bereavement,Emergency help for British nationals in St Kitts and Nevis,Going and being abroad,Help and services around the world,Travel abroad,Birth, death and marriage abroad in St Kitts and Nevis,GOV.UK homepage,Birth, death and marriage abroad ,UK help and services in St Kitts and Nevis,British nationals overseas,Emergency help for British nationals","Foreign, Commonwealth & Development Office","Foreign, Commonwealth & Development Office",2022 to 2024 Sunak Conservative government,,,
https://www.gov.uk/guidance/what-to-do-after-a-british-person-dies-in-south-korea,When someone dies in South Korea,detailed_guide,d040352a-a1d4-4f04-bbbf-819a58ac1420,en,whitehall,2024-08-26T23:00:00.000Z,2024-08-26T23:00:00.000Z,,,,"UK help and services in South Korea,Life circumstances,Help and services around the world,Travel abroad,Death and bereavement,British nationals overseas,Birth, death and marriage abroad ,GOV.UK homepage,Going and being abroad,Birth, death and marriage abroad in South Korea,Living abroad","Foreign, Commonwealth & Development Office","Foreign, Commonwealth & Development Office",2024 Starmer Labour government,,,
https://www.gov.uk/get-court-funds-money-when-you-recover,Get court funds money when you recover mental capacity,answer,faa1492b-e7ad-42de-80e3-c5a2c9043972,en,publisher,2014-08-22T10:37:23.000Z,2017-11-27T09:54:48.197Z,,,,"Lasting power of attorney, being in care and managing finances,Life circumstances,GOV.UK homepage",Government Digital Service,"HM Courts & Tribunals Service,Ministry of Justice",,,,
https://www.gov.uk/guidance/when-someone-dies-in-oman,When someone dies in Oman,detailed_guide,b025f7e1-9daa-41c1-99ea-b700167d8967,en,whitehall,2024-12-24T06:22:00.000Z,2026-02-11T12:11:48.000Z,,,,"Help and services around the world,Living abroad,UK help and services in Oman,Travel abroad,GOV.UK homepage,Death and bereavement,British nationals overseas,Birth, death and marriage abroad ,Life circumstances,Birth, death and marriage abroad in Oman,Emergency help for British nationals in Oman,Emergency help for British nationals,Going and being abroad","Foreign, Commonwealth & Development Office","Foreign, Commonwealth & Development Office",2024 Starmer Labour government,,,
https://www.gov.uk/guidance/when-someone-dies-in-liechtenstein,When someone dies in Liechtenstein,detailed_guide,061357b5-f4cc-48bd-ac59-eb4f2fa4a26e,en,whitehall,2025-03-28T13:03:27.000Z,2025-03-28T13:03:27.000Z,,,,"Going and being abroad,UK help and services in Liechtenstein,Birth, death and marriage abroad in Liechtenstein,Emergency help for British nationals in Liechtenstein,Life circumstances,GOV.UK homepage,British nationals overseas,Death and bereavement,Help and services around the world,Emergency help for British nationals,Birth, death and marriage abroad ,Living abroad","Foreign, Commonwealth & Development Office","Foreign, Commonwealth & Development Office",2024 Starmer Labour government,,,
https://www.gov.uk/guidance/when-someone-dies-in-togo,When someone dies in Togo,detailed_guide,902bcf8d-1f39-4226-9971-d4a26711cde8,en,whitehall,2025-02-28T14:02:29.000Z,2025-02-28T14:02:29.000Z,,,,"Going and being abroad,Living abroad,British nationals overseas,Birth, death and marriage abroad in Togo,Travel abroad,Death and bereavement,Birth, death and marriage abroad ,Emergency help for British nationals in Togo,Life circumstances,UK help and services in Togo,Help and services around the world,Emergency help for British nationals,GOV.UK homepage","Foreign, Commonwealth & Development Office","Foreign, Commonwealth & Development Office",2024 Starmer Labour government,,,
https://www.gov.uk/guidance/what-to-do-after-a-british-person-dies-in-eswatini,When someone dies in Eswatini,detailed_guide,bdf00050-2c38-4abd-8224-68bace798737,en,whitehall,2022-10-12T23:00:00.000Z,2022-10-12T23:00:00.000Z,,,,"Going and being abroad,UK help and services in Eswatini,Birth, death and marriage abroad in Eswatini,Travel abroad,Life circumstances,Passports,Help and services around the world,Birth, death and marriage abroad ,GOV.UK homepage,Emergency help for British nationals in Eswatini,British nationals overseas,Death and bereavement,Emergency help for British nationals","Foreign, Commonwealth & Development Office","Foreign, Commonwealth & Development Office",2022 Truss Conservative government,,,
https://www.gov.uk/guidance/what-to-do-after-a-british-person-dies-in-nigeria,When someone dies in Nigeria,detailed_guide,e630abff-1d62-4f12-a113-4a35503f4112,en,whitehall,2025-12-16T00:00:00.000Z,2025-12-17T08:06:34.000Z,,,,"Life circumstances,Death and bereavement,Birth, death and marriage abroad in Nigeria,Birth, death and marriage abroad ,UK help and services in Nigeria,Help and services around the world,Going and being abroad,GOV.UK homepage","Foreign, Commonwealth & Development Office","Foreign, Commonwealth & Development Office",2024 Starmer Labour government,,,
https://www.gov.uk/guidance/when-someone-dies-in-guyana,When someone dies in Guyana,detailed_guide,ee21b461-178b-4f7a-8437-053f6859b5ed,en,whitehall,2023-03-15T00:00:00.000Z,2025-01-20T09:13:42.000Z,,,,"Death and bereavement,UK help and services in Guyana,Life circumstances,Emergency help for British nationals in Guyana,Birth, death and marriage abroad in Guyana,Going and being abroad,Travel abroad,Birth, death and marriage abroad ,British nationals overseas,Living abroad,Emergency help for British nationals,GOV.UK homepage,Help and services around the world","Foreign, Commonwealth & Development Office","Foreign, Commonwealth & Development Office",2022 to 2024 Sunak Conservative government,,,
https://www.gov.uk/guidance/when-someone-dies-in-lesotho,When someone dies in Lesotho,detailed_guide,cf81331f-df4e-4818-bdbe-604ebb91ffcf,en,whitehall,2023-06-02T13:14:36.000Z,2023-06-02T13:14:36.000Z,,,,"Death and bereavement,Emergency help for British nationals in Lesotho,British nationals overseas,Birth, death and marriage abroad ,Help and services around the world,Going and being abroad,Emergency help for British nationals,Birth, death and marriage abroad in Lesotho,UK help and services in Lesotho,Life circumstances,GOV.UK homepage,Living abroad,Travel abroad","Foreign, Commonwealth & Development Office","Foreign, Commonwealth & Development Office",2022 to 2024 Sunak Conservative government,,,
https://www.gov.uk/guidance/what-to-do-after-a-british-person-dies-in-mozambique,When someone dies in Mozambique,detailed_guide,8fcad594-ed4e-4c82-870b-906651ddca58,en,whitehall,2022-12-08T00:00:00.000Z,2022-12-08T00:00:00.000Z,,,,"British nationals overseas,GOV.UK homepage,Death and bereavement,Travel abroad,Life circumstances,Going and being abroad,Living abroad","Foreign, Commonwealth & Development Office","Foreign, Commonwealth & Development Office",2022 to 2024 Sunak Conservative government,,,
https://www.gov.uk/guidance/what-to-do-after-a-british-person-dies-in-japan,When someone dies in Japan,detailed_guide,0100332e-855f-4630-987f-767517150377,en,whitehall,2022-09-29T23:00:00.000Z,2025-11-03T07:49:19.000Z,,,,"Help and services around the world,Going and being abroad,Birth, death and marriage abroad ,Living abroad,Life circumstances,British nationals overseas,Travel abroad,GOV.UK homepage,Emergency help for British nationals,Death and bereavement,Birth, death and marriage abroad in Japan,UK help and services in Japan,Emergency help for British nationals in Japan","Foreign, Commonwealth & Development Office","Foreign, Commonwealth & Development Office",2022 Truss Conservative government,,,
https://www.gov.uk/guidance/when-someone-dies-in-iran,When someone dies in Iran,detailed_guide,4f2a4d46-52ec-48d9-a831-dc0fe7adce68,en,whitehall,2024-12-19T00:00:00.000Z,2024-12-19T00:00:00.000Z,,,,"Going and being abroad,Living abroad,GOV.UK homepage,Travelling to Iran,British nationals overseas,Help and services around the world,Birth, death and marriage abroad in Iran,UK help and services in Iran,Death and bereavement,Birth, death and marriage abroad ,Travelling abroad,Life circumstances,Living in Iran","Foreign, Commonwealth & Development Office","Foreign, Commonwealth & Development Office",2024 Starmer Labour government,,,
https://www.gov.uk/guidance/when-someone-dies-in-ghana,When someone dies in Ghana,detailed_guide,dee1ed89-0460-46fe-97f1-49eed15c7df4,en,whitehall,2025-02-28T00:00:00.000Z,2025-02-28T00:00:00.000Z,,,,"British nationals overseas,Living abroad,Birth, death and marriage abroad in Ghana,Travel abroad,Living in Ghana,Life circumstances,Help and services around the world,GOV.UK homepage,Death and bereavement,Going and being abroad,Birth, death and marriage abroad ,UK help and services in Ghana","Foreign, Commonwealth & Development Office","Foreign, Commonwealth & Development Office",2024 Starmer Labour government,,,
https://www.gov.uk/guidance/information-for-bereaved-families-jamaica-murder-manslaughter-or-suspicious-deaths,"Jamaica: murder, manslaughter or suspicious deaths information",detailed_guide,d13296ee-d37d-4725-98ad-efa9012453f4,en,whitehall,2017-04-18T17:56:00.000Z,2020-09-22T07:36:43.000Z,,,,"Travel abroad,Countries (Living In),Life circumstances,Living abroad,British nationals overseas,Going and being abroad,GOV.UK homepage,Death and bereavement",Foreign & Commonwealth Office,"Foreign & Commonwealth Office,Foreign, Commonwealth & Development Office",2016 to 2019 May Conservative government,,,
https://www.gov.uk/guidance/when-someone-dies-in-qatar,When someone dies in Qatar,detailed_guide,62e3a305-3bfe-4790-92ac-c80dea130cdc,en,whitehall,2025-01-29T11:26:26.000Z,2025-01-29T11:26:26.000Z,,,,"GOV.UK homepage,Emergency help for British nationals,UK help and services in Qatar,British nationals overseas,Travel abroad,Birth, death and marriage abroad ,Birth, death and marriage abroad in Qatar,Help and services around the world,Death and bereavement,Going and being abroad,Emergency help for British nationals in Qatar,Life circumstances,Living abroad","Foreign, Commonwealth & Development Office","Foreign, Commonwealth & Development Office",2024 Starmer Labour government,,,
https://www.gov.uk/guidance/what-to-do-after-a-british-person-dies-in-barbados,When someone dies in Barbados,detailed_guide,d509cd8b-ce50-455c-a8a5-333b3a804b3a,en,whitehall,2022-11-16T00:00:00.000Z,2026-01-05T10:47:58.000Z,,,,"Help and services around the world,Birth, death and marriage abroad in Barbados,Travel abroad,Emergency help for British nationals in Barbados,Birth, death and marriage abroad ,Death registration disclosure,Life circumstances,Death and bereavement,Going and being abroad,UK help and services in Barbados,GOV.UK homepage,British nationals overseas,Emergency help for British nationals,Living abroad","Foreign, Commonwealth & Development Office","Foreign, Commonwealth & Development Office",2022 to 2024 Sunak Conservative government,,,
https://www.gov.uk/guidance/when-someone-dies-in-cote-divoire,When someone dies in Côte d’Ivoire,detailed_guide,c7564517-b6b3-4b99-8455-4abc41580862,en,whitehall,2025-11-17T06:10:15.000Z,2025-11-17T06:10:15.000Z,,,,"Help and services around the world,Living abroad,Life circumstances,Death and bereavement,Birth, death and marriage abroad ,UK help and services in Cote d’Ivoire,Going and being abroad,GOV.UK homepage,British nationals overseas,Living in Cote d’Ivoire,Travel abroad,Birth, death and marriage abroad in Cote d’Ivoire","Foreign, Commonwealth & Development Office","Foreign, Commonwealth & Development Office",2024 Starmer Labour government,,,
https://www.gov.uk/guidance/ffurflenni-a-chanllawiau-ar-gyfer-atwrneiaeth-a-dirprwyon,Ffurflenni a chanllawiau ar gyfer atwrneiaeth a dirprwyon,detailed_guide,6d379474-c640-4791-bb73-ce48c9cd0256,en,whitehall,2016-10-26T11:09:00.000Z,2019-09-04T21:03:00.000Z,,,,"Life circumstances,Lasting power of attorney, being in care and managing finances,GOV.UK homepage",Office of the Public Guardian,Office of the Public Guardian,2016 to 2019 May Conservative government,,,
https://www.gov.uk/guidance/what-to-do-after-a-british-person-dies-in-the-gambia,When someone dies in The Gambia,detailed_guide,8669aeb8-bd40-48c7-8aaa-40e0d346fc55,en,whitehall,2022-10-05T23:00:00.000Z,2024-08-19T09:22:04.000Z,,,,"Help and services around the world,Life circumstances,GOV.UK homepage,Death and bereavement,UK help and services in The Gambia,Going and being abroad,Birth, death and marriage abroad in Gambia,Emergency help for British nationals in Gambia,Emergency help for British nationals,Birth, death and marriage abroad ","Foreign, Commonwealth & Development Office","Foreign, Commonwealth & Development Office",2022 Truss Conservative government,,,
https://www.gov.uk/guidance/change-of-name-guidance-for-uk-nationals-in-italy,Change of name: guidance for UK nationals in Italy,detailed_guide,7c029e7d-c57d-4021-b0dd-7dd6e204930a,en,whitehall,2022-02-11T00:00:00.000Z,2022-02-11T00:00:00.000Z,,,,"Government,European Union laws and regulation,Certificates, register offices, changes of name or gender,Europe,Going and being abroad,Life circumstances,Living abroad,GOV.UK homepage,Passports,British nationals overseas","Foreign, Commonwealth & Development Office","Foreign, Commonwealth & Development Office",2019 to 2022 Johnson Conservative government,,,
