url,title,documentType,contentId,locale,publishing_app,first_published_at,public_updated_at,withdrawn_at,withdrawn_explanation,page_views,taxons,primary_organisation,all_organisations,government,is_political,people,occurrences
https://www.gov.uk/log-in-register-hmrc-online-services,HMRC online services: sign in or set up an account,guide,632d1ae0-0340-4a23-87b0-595bb596e5f4,en,publisher,2014-12-16T17:25:50.000Z,2024-10-21T14:33:49.191Z,,,908690,"Paying HMRC,GOV.UK homepage,Money,Dealing with HMRC",Government Digital Service,HM Revenue & Customs,,,,
https://www.gov.uk/personal-tax-account,Personal tax account: sign in or set up,answer,f4f2c99e-6d0a-4f2f-b3d0-ff2d00e33887,en,publisher,2015-12-07T13:03:43.000Z,2017-10-12T10:04:48.706Z,,,226010,"Income Tax,GOV.UK homepage,Dealing with HMRC,Personal tax,Money,Self Assessment",Government Digital Service,HM Revenue & Customs,,,,
https://www.gov.uk/estimate-income-tax,Estimate your Income Tax for the current year,transaction,3eb1ae4f-3c40-4824-b57b-b7715b8a4bbf,en,publisher,2017-04-05T23:01:22.269Z,2017-04-06T14:00:44.718Z,,,78209,"Income Tax,Money,Personal tax,GOV.UK homepage",Government Digital Service,HM Revenue & Customs,,,,
https://www.gov.uk/guidance/download-the-hmrc-app,Download the HMRC app,detailed_guide,444710db-cec0-42aa-8b6b-d23d173c73ec,en,whitehall,2022-11-04T00:00:00.000Z,2026-02-17T16:31:45.000Z,,,54370,"Money,GOV.UK homepage,Paying HMRC,Tax compliance,Dealing with HMRC",HM Revenue & Customs,HM Revenue & Customs,2022 to 2024 Sunak Conservative government,,,
https://www.gov.uk/check-income-tax-current-year,Check your Income Tax for the current year,answer,36f6dee6-2942-4787-85a5-180a9d71e6e0,en,publisher,2016-04-18T16:54:39.881Z,2017-10-10T15:00:52.052Z,,,52687,"Money,GOV.UK homepage,Income Tax,Personal tax",Government Digital Service,HM Revenue & Customs,,,,
https://www.gov.uk/find-national-insurance-number,Find your National Insurance number ,answer,fb24cc90-bfc0-4744-a160-d28e69079f0d,en,publisher,2012-10-04T18:28:09.000Z,2015-02-17T16:26:40.000Z,,,46937,"National Insurance,National Insurance numbers,Personal tax,Money,GOV.UK homepage",Government Digital Service,"Department for Work and Pensions,HM Revenue & Customs",,,,
https://www.gov.uk/contact-hmrc,Contact HMRC,answer,86f14e34-ba09-4e35-913e-af9e213cff2e,en,publisher,2014-11-24T15:21:11.000Z,2024-11-12T14:00:46.162Z,,,42652,"Money,Dealing with HMRC,GOV.UK homepage,Complaints and appeals",Government Digital Service,HM Revenue & Customs,,,,
https://www.gov.uk/register-for-self-assessment,Check how to register for Self Assessment,simple_smart_answer,d702e58b-d8c6-45de-b92c-9bf938c779c0,en,publisher,2020-11-18T16:36:49.611Z,2020-11-18T15:31:17.060Z,,,38658,"GOV.UK homepage,Self Assessment,Registering for Self Assessment,Personal tax,Money",Government Digital Service,HM Revenue & Customs,,,,
https://www.gov.uk/log-in-file-self-assessment-tax-return,File your Self Assessment tax return online,answer,6a2bf66e-2313-4204-afd5-9940de5e1d66,en,publisher,2015-01-12T15:50:39.000Z,2015-01-15T16:17:28.000Z,,,36387,"GOV.UK homepage,Personal tax,Filing a tax return,Self-employment,Work,Money,Self Assessment",Government Digital Service,HM Revenue & Customs,,,,
https://www.gov.uk/find-pension-contact-details,Find pension contact details,transaction,4541d01b-4401-48d3-945e-86766d02f692,en,publisher,2016-03-09T12:52:17.000Z,2024-10-28T17:12:15.254Z,,,34520,"GOV.UK homepage,Money,Workplace and personal pensions,Work,Pension scheme administration,Working, jobs and pensions,Business tax",Government Digital Service,Department for Work and Pensions,,,,
https://www.gov.uk/child-trust-funds/find-a-child-trust-fund,Child Trust Fund: Find a Child Trust Fund,guide,52c5c69b-ccdc-4960-925f-13a2ad69e366,en,publisher,2012-01-26T13:27:05.000Z,2014-11-27T13:56:55.000Z,,,33680,"Life circumstances,Benefits for families,Tax on savings and investments,Tax efficient savings and investments,Money,Welfare,Having a child, parenting and adoption,GOV.UK homepage,Personal tax",Government Digital Service,HM Revenue & Customs,,,,
https://www.gov.uk/tax-codes,Tax codes,guide,8ec6ea6e-a259-459a-9e5e-ffab399a2e2e,en,publisher,2012-09-20T12:24:04.000Z,2024-11-06T14:13:21.932Z,,,31439,"Personal tax,Money,Income Tax,GOV.UK homepage",Government Digital Service,HM Revenue & Customs,,,,
https://www.gov.uk/income-tax-rates,Income Tax rates and Personal Allowances ,guide,9b8a4862-56dc-47b1-b56b-8a647fdd72e5,en,publisher,2012-01-26T13:01:47.000Z,2024-11-07T14:57:18.587Z,,,30068,"GOV.UK homepage,Rates, allowances and reliefs,Personal tax,Income Tax,Money",Government Digital Service,HM Revenue & Customs,,,,
https://www.gov.uk/check-uk-vat-number,Check a UK VAT number,transaction,b48befb2-2cb1-4f75-9726-f54e5cc0fc05,en,publisher,2020-12-01T09:00:01.511Z,2023-02-28T14:54:53.925Z,,,29968,"GOV.UK homepage,Business tax,Money,VAT",Government Digital Service,HM Revenue & Customs,,,,
https://www.gov.uk/pay-self-assessment-tax-bill,Pay your Self Assessment tax bill,guide,999dd0f5-41d3-4a63-8bb9-f00a68c129a8,en,publisher,2012-10-14T16:11:51.000Z,2024-11-22T15:06:29.363Z,,,29917,"Dealing with HMRC,Paying HMRC,Capital Gains Tax,Self-employment,Paying your tax bill,GOV.UK homepage,Personal tax,Self Assessment,Money,Income Tax and National Insurance,Work",Government Digital Service,HM Revenue & Customs,,,,
https://www.gov.uk/check-national-insurance-record,Check your National Insurance record,transaction,cb366ff9-c541-4497-acc6-8f643c901e85,en,publisher,2014-07-25T11:02:21.000Z,2015-04-24T16:00:51.000Z,,,29513,"Money,National Insurance,Personal tax,GOV.UK homepage,National Insurance numbers",Government Digital Service,"Department for Work and Pensions,HM Revenue & Customs",,,,
https://www.gov.uk/stamp-duty-land-tax/residential-property-rates,Stamp Duty Land Tax: Residential property rates,guide,8f07fc96-7882-481f-9292-df8044a5cea2,en,publisher,2015-05-05T14:23:56.000Z,2024-10-30T14:07:41.217Z,,,29232,"Stamp duty and other tax on property,Owning and renting a property,Money,Housing and communities,Housing, local and community,Business tax,GOV.UK homepage",Government Digital Service,HM Revenue & Customs,,,,
https://www.gov.uk/limited-company-formation/register-your-company,Set up a private limited company: Register your company,guide,e302f576-db9c-4a7f-8693-52c9949fc670,en,publisher,2012-07-03T16:21:39.000Z,2025-02-03T14:30:48.587Z,,,22910,"Corporation Tax,Running a business,Limited companies and partnerships,Business tax,Money,Business and industry,GOV.UK homepage",Government Digital Service,"Companies House,HM Revenue & Customs,Intellectual Property Office",,,,
https://www.gov.uk/guidance/check-when-you-can-expect-a-reply-from-hmrc,Check when you can expect a reply from HMRC,detailed_guide,7103766a-fc9a-4acd-9040-d6cca9e9e7df,en,whitehall,2021-09-28T23:00:00.000Z,2026-02-04T12:21:17.000Z,,,22536,"National Insurance,Tax credits,PAYE,Child Benefit,Money,Business tax,Personal tax,GOV.UK homepage,VAT,Corporation Tax,Welfare,Income Tax,Dealing with HMRC,Tax agent and adviser guidance,Self Assessment",HM Revenue & Customs,HM Revenue & Customs,2019 to 2022 Johnson Conservative government,,,
https://www.gov.uk/claim-tax-refund,Check how to claim a tax refund,simple_smart_answer,2df6d0c1-c3d4-4c44-ae5e-ee046446819e,en,publisher,2012-09-20T12:07:13.000Z,2024-12-17T09:38:48.947Z,,,21951,"Income Tax,GOV.UK homepage,Refunds, appeals and penalties,Overpayments and underpayments,Personal tax,Money,Tax on pensions,Pension scheme administration,Business tax,Self Assessment",Government Digital Service,HM Revenue & Customs,,,,
https://www.gov.uk/self-assessment-tax-returns,Self Assessment tax returns,guide,f29ca4a8-8ed9-4b0f-bb6a-11e373095dee,en,publisher,2012-07-03T15:49:56.000Z,2024-11-05T16:46:12.056Z,,,21613,"Work,Self Assessment,Personal tax,Money,GOV.UK homepage,Self-employment,Income Tax",Government Digital Service,HM Revenue & Customs,,,,
https://www.gov.uk/pay-paye-tax,Pay employers' PAYE,guide,298c4863-7bf4-4148-81ca-73e5d2df7eec,en,publisher,2014-06-25T18:00:38.000Z,2024-10-25T13:12:50.773Z,,,20818,"Business and industry,PAYE,Business tax,Dealing with HMRC,Employing people,Work,Running a business,Payroll,PAYE ,Paying HMRC,Money,GOV.UK homepage,Construction Industry Scheme (through PAYE)",Government Digital Service,HM Revenue & Customs,,,,
https://www.gov.uk/uk-border-control/before-you-leave-for-the-uk,Entering the UK: Before you leave for the UK,guide,435fb04f-2b9f-4f44-8b41-2a962e8c46a8,en,publisher,2013-03-28T12:28:54.000Z,2024-10-31T17:00:08.732Z,,,18950,"GOV.UK homepage,Health and social care,COVID-19,Money,Personal tax,International travel, immigration and repatriation during COVID-19,Coming to the UK",Government Digital Service,"Border Force,HM Revenue & Customs,UK Passport Service,UK Visas and Immigration",,,,
https://www.gov.uk/repaying-your-student-loan/what-you-pay,Repaying your student loan: How much you repay,guide,973b9e46-7c43-42b7-8398-99596ac39d01,en,publisher,2014-12-17T12:01:09.000Z,2024-10-18T12:50:42.896Z,,,17596,"Income Tax,Personal tax,Self Assessment,Money,Education, training and skills,Funding and finance for students,Student jobs and loans,GOV.UK homepage,Student loans",Government Digital Service,"HM Revenue & Customs,Student Loans Company",,,,
https://www.gov.uk/find-utr-number,Find your UTR number,answer,500da0c5-cad1-4f1f-a00b-88c257af682c,en,publisher,2016-06-10T07:37:55.831Z,2017-01-16T15:00:46.394Z,,,16834,"Self Assessment,GOV.UK homepage,Work,Money,Self-employment,Personal tax",Government Digital Service,HM Revenue & Customs,,,,
https://www.gov.uk/applying-for-probate,Applying for probate,guide,c25b48e9-bdae-4870-845d-5a67c1189fe1,en,publisher,2012-01-09T16:25:23.000Z,2024-11-08T10:58:10.940Z,,,14192,"GOV.UK homepage,Inheritance Tax,Death and bereavement,Money,Life circumstances,Capital Gains Tax,Wills and probate,Personal tax",Government Digital Service,"HM Courts & Tribunals Service,HM Land Registry,HM Revenue & Customs",,,,
https://www.gov.uk/sign-in-vat-account,Sign in to your VAT online account,transaction,1ff456ee-52a5-4032-8872-953f553d5f33,en,publisher,2012-09-21T13:13:05.000Z,2024-12-03T17:07:59.512Z,,,13746,"VAT returns,GOV.UK homepage,VAT,Business tax,Money",Government Digital Service,HM Revenue & Customs,,,,
https://www.gov.uk/tell-hmrc-change-address,Tell HMRC when you change your address,transaction,bcab8bcf-17f0-4cf0-8e55-d729a48e4f5c,en,publisher,2016-06-29T16:45:24.811Z,2024-10-31T13:59:30.898Z,,,13623,"GOV.UK homepage,Dealing with HMRC,Personal tax,Money,Income Tax",Government Digital Service,HM Revenue & Customs,,,,
https://www.gov.uk/apply-national-insurance-number/how-to-apply,Apply for a National Insurance number: How to apply,guide,b70531d4-e904-4a95-a480-2dad5c322ca4,en,publisher,2012-01-26T13:00:10.000Z,2024-11-06T11:27:19.685Z,,,13560,"GOV.UK homepage,Personal tax,Money,National Insurance numbers,National Insurance",Government Digital Service,"Department for Work and Pensions,HM Revenue & Customs",,,,
https://www.gov.uk/guidance/starter-checklist-for-paye,Starter checklist for PAYE,detailed_guide,73fabab0-70c5-4b25-aa50-afa645d9bcaa,en,whitehall,2022-10-02T23:00:00.000Z,2024-08-23T09:53:20.000Z,,,12885,"Work,Business tax,GOV.UK homepage,Business and industry,PAYE,Working, jobs and pensions,Money",HM Revenue & Customs,HM Revenue & Customs,2022 Truss Conservative government,,,
https://www.gov.uk/paye-online,PAYE Online for employers,guide,2a47a622-f4f4-46ef-8818-3ae6b3edc2d8,en,publisher,2014-06-12T11:50:04.000Z,2016-07-22T10:41:55.576Z,,,12201,"Employing people,Running a business,Payroll,Work,Registering and getting started,Business tax,PAYE,Business and industry,Money,GOV.UK homepage",Government Digital Service,HM Revenue & Customs,,,,
https://www.gov.uk/guidance/ask-your-employer-for-statutory-sick-pay,Ask your employer for Statutory Sick Pay,detailed_guide,f705f68d-0c51-4a29-bca8-b4f967961364,en,whitehall,2014-07-09T23:00:00.000Z,2014-07-09T23:00:00.000Z,,,12077,"GOV.UK homepage,Business tax,Money,PAYE",HM Revenue & Customs,HM Revenue & Customs,2010 to 2015 Conservative and Liberal Democrat coalition government,,,
https://www.gov.uk/tax-overpayments-and-underpayments/if-youre-due-a-refund,Tax overpayments and underpayments: If your tax calculation letter (P800) says you’re due a refund,guide,ca7ad9db-fb88-4260-b3d5-03a710dc1800,en,publisher,2012-09-20T12:26:25.000Z,2024-11-15T09:27:34.491Z,,,12045,"Personal tax,GOV.UK homepage,Dealing with HMRC,Paying HMRC,Income Tax and National Insurance,Income Tax,Overpayments and underpayments,Money",Government Digital Service,HM Revenue & Customs,,,,
https://www.gov.uk/find-court-tribunal,Find a court or tribunal,transaction,c5e1283c-c254-4c5b-8a67-dded71e1a1aa,en,publisher,2013-08-15T11:47:19.000Z,2019-09-13T10:29:36.889Z,,,11869,"Money,GOV.UK homepage,Court claims, debt and bankruptcy",Government Digital Service,HM Courts & Tribunals Service,,,,
https://www.gov.uk/make-court-claim-for-money,Make a court claim for money,guide,6fc19509-621a-4b61-8294-49a756d24ced,en,publisher,2012-01-19T14:06:01.000Z,2024-11-05T11:00:01.623Z,,,11622,"Money,GOV.UK homepage,Court claims, debt and bankruptcy,Business debt and bankruptcy,Running a business,Business and industry",Government Digital Service,HM Courts & Tribunals Service,,,,
https://www.gov.uk/check-if-you-need-tax-return,Check if you need to send a Self Assessment tax return,simple_smart_answer,3d01627a-1185-4253-b21b-ec379255a717,en,publisher,2018-11-20T09:00:08.277Z,2024-12-17T09:27:06.410Z,,,11253,"GOV.UK homepage,Personal tax,Self Assessment,Money",Government Digital Service,HM Revenue & Customs,,,,
https://www.gov.uk/tell-hmrc-change-of-details,Tell HMRC about a change to your personal details,guide,928572d0-fc25-45f5-8658-beb6adfa42a0,en,publisher,2014-12-01T10:30:10.000Z,2024-11-15T10:59:49.554Z,,,11198,"GOV.UK homepage,National Insurance,Income Tax,Money,Dealing with HMRC,Personal tax",Government Digital Service,HM Revenue & Customs,,,,
https://www.gov.uk/inheritance-tax,"How Inheritance Tax works: thresholds, rules and allowances",guide,e17075dc-cd13-4579-8a91-16ebd0aaf43f,en,publisher,2012-01-26T13:51:00.000Z,2024-11-08T16:22:23.418Z,,,11001,"Life circumstances,GOV.UK homepage,Personal tax,Inheritance Tax,Money,Death and bereavement",Government Digital Service,HM Revenue & Customs,,,,
https://www.gov.uk/pay-corporation-tax,Pay your Corporation Tax bill,guide,b10892cc-e2dc-4ed2-960f-95472053bff7,en,publisher,2012-10-18T14:23:50.000Z,2024-11-22T13:45:08.997Z,,,10727,"Dealing with HMRC,GOV.UK homepage,Business tax,Payments and refunds,Running a business,Paying HMRC,Business and industry,Corporation Tax,Money",Government Digital Service,HM Revenue & Customs,,,,
https://www.gov.uk/marriage-allowance,Marriage Allowance,guide,2cba8c94-666b-4edb-b9f5-73172968a65e,en,publisher,2015-02-19T08:30:02.000Z,2017-11-30T08:32:16.612Z,,,10598,"Income Tax,Personal tax,GOV.UK homepage,Money",Government Digital Service,HM Revenue & Customs,,,,
https://www.gov.uk/apply-tax-free-interest-on-savings,Tax on savings interest,guide,31f0fb2b-7bf2-4e87-968a-ee6faee5f0e1,en,publisher,2012-01-25T21:55:39.000Z,2016-04-05T23:01:11.996Z,,,10537,"GOV.UK homepage,Income Tax,Tax on savings,Tax on savings and investments,Personal tax,Money",Government Digital Service,HM Revenue & Customs,,,,
https://www.gov.uk/child-benefit-tax-charge,High Income Child Benefit Charge,guide,65d2d5b2-22c4-4cfc-9399-9f7bcd145561,en,publisher,2013-08-19T17:46:36.000Z,2024-12-31T16:40:48.824Z,,,9709,"Money,Self Assessment,Welfare,Financial help if you have children,Personal tax,GOV.UK homepage,Child Benefit,Child benefit,High Income Tax Charge,Parenting, childcare and children's services ",Government Digital Service,HM Revenue & Customs,,,,
https://www.gov.uk/guidance/sign-in-to-your-hmrc-business-tax-account,Sign in to your HMRC business tax account,detailed_guide,760e248c-5a74-40d8-b553-a1ef43aaa674,en,whitehall,2020-09-27T23:00:00.000Z,2025-06-13T11:09:29.000Z,,,9687,"Business tax,GOV.UK homepage,Money",HM Revenue & Customs,HM Revenue & Customs,2019 to 2022 Johnson Conservative government,,,
https://www.gov.uk/search-bankruptcy-insolvency-register,Search the bankruptcy and insolvency register,answer,e7ddddd5-58b1-4f6c-b711-1d4c290239a0,en,publisher,2012-01-26T10:17:44.000Z,2015-03-19T13:54:06.000Z,,,9485,"Court claims, debt and bankruptcy,GOV.UK homepage,Money",Government Digital Service,"Department for Business and Trade,The Insolvency Service,Department for Business, Energy & Industrial Strategy",,,,
https://www.gov.uk/simple-assessment/pay-online,Pay your Simple Assessment tax bill: Pay online,guide,9a945506-60bc-44d8-a2ec-0eb2824732d6,en,publisher,2017-09-08T08:56:49.980Z,2024-11-22T14:32:27.448Z,,,9083,"GOV.UK homepage,Paying HMRC,Dealing with HMRC,Personal tax,Money,Income Tax",Government Digital Service,HM Revenue & Customs,,,,
https://www.gov.uk/file-your-company-accounts-and-tax-return,File your accounts and Company Tax Return,transaction,0a8423f3-8f91-4769-85a7-f5e985e69009,en,publisher,2012-07-03T15:09:25.000Z,2014-11-28T10:17:01.000Z,,,7909,"Money,Corporation Tax,GOV.UK homepage,Business tax,Business and industry,Running a business,Filing your return",Government Digital Service,"HM Revenue & Customs,Companies House",,,,
https://www.gov.uk/use-construction-industry-scheme-online,Sign in to the Construction Industry Scheme (CIS) online service,transaction,8811fb88-dbee-4d66-b68f-93ac42cc1151,en,publisher,2012-09-12T14:49:01.000Z,2014-11-19T15:14:02.000Z,,,7856,"GOV.UK homepage,Money,Construction Industry Scheme (CIS),Business tax",Government Digital Service,HM Revenue & Customs,,,,
https://www.gov.uk/valuing-estate-of-someone-who-died/estimate-estate-value,How to value an estate for Inheritance Tax and report its value: Estimate the estate’s value,guide,21d0d397-18d3-4868-ac77-09bc818fa327,en,publisher,2012-01-26T13:46:10.000Z,2024-11-11T14:27:11.970Z,,,7786,"Death and bereavement,Working out the tax,Money,Personal tax,Life circumstances,Inheritance Tax,GOV.UK homepage",Government Digital Service,HM Revenue & Customs,,,,
https://www.gov.uk/check-income-tax-last-year,Check how much Income Tax you paid last year,answer,426457b6-ab89-4f2d-970e-eef3b2f64e3e,en,publisher,2016-08-11T08:46:40.410Z,2017-08-24T09:12:53.406Z,,,7746,"Income Tax,Personal tax,Money,GOV.UK homepage",Government Digital Service,HM Revenue & Customs,,,,
https://www.gov.uk/appeal-benefit-decision/submit-appeal,Appeal a benefit decision: Submit your appeal,guide,d224ee17-f322-4a9b-8de3-718359ea2c79,en,publisher,2018-07-26T15:05:01.921Z,2024-11-08T14:28:51.672Z,,,7626,"Dealing with HMRC,GOV.UK homepage,Money,Complaints and appeals",Government Digital Service,"Department for Work and Pensions,HM Courts & Tribunals Service",,,,
https://www.gov.uk/guidance/find-software-thats-compatible-with-making-tax-digital-for-income-tax,Choose the right software for Making Tax Digital for Income Tax,detailed_guide,cf4b5ec2-a5f4-4745-97b9-8b562dd399b9,en,whitehall,2019-02-25T00:00:00.000Z,2026-02-13T09:28:32.000Z,,,7504,"Tax agent and adviser guidance,GOV.UK homepage,Dealing with HMRC,Money,Income Tax,Personal tax",HM Revenue & Customs,HM Revenue & Customs,2016 to 2019 May Conservative government,,,
https://www.gov.uk/tax-relief-for-employees/uniforms-work-clothing-and-tools,"Claim tax relief for your job expenses: Uniforms, work clothing and tools",guide,16973534-2f5a-4c12-98bb-341907b6b15f,en,publisher,2014-08-06T17:08:27.000Z,2024-10-14T06:59:59.767Z,,,7461,"GOV.UK homepage,Money,Income Tax,Personal tax,Rates, allowances and reliefs",Government Digital Service,HM Revenue & Customs,,,,
https://www.gov.uk/guidance/check-what-your-tax-code-means,Check what your tax code means,detailed_guide,3cbab492-d02e-4a2a-b34a-833be05051d0,en,whitehall,2023-07-24T23:00:00.000Z,2025-09-11T11:14:18.000Z,,,7428,"Personal tax,Income Tax,GOV.UK homepage,Money",HM Revenue & Customs,HM Revenue & Customs,2022 to 2024 Sunak Conservative government,,,
https://www.gov.uk/get-proof-employment-history,Get proof of employment history ,answer,ff5323f2-dadf-45ba-b0e6-e665fa1f5618,en,publisher,2015-09-08T13:44:37.000Z,2016-02-26T12:09:50.000Z,,,7141,"Money,Income Tax,Personal tax,GOV.UK homepage",Government Digital Service,HM Revenue & Customs,,,,
https://www.gov.uk/lifetime-isa,Lifetime ISA,guide,265154c9-b1b4-4c8c-a8ee-0c17b6136609,en,publisher,2017-04-05T23:01:11.715Z,2024-11-08T16:28:27.370Z,,,6965,"Personal tax,Tax on savings and investments,GOV.UK homepage,Money,Income Tax",Government Digital Service,"HM Revenue & Customs,HM Treasury",,,,
https://www.gov.uk/guidance/rates-and-thresholds-for-employers-2025-to-2026,Rates and thresholds for employers 2025 to 2026,detailed_guide,9bb279ec-104c-40a8-9c7b-7c62cfbae6a7,en,whitehall,2025-01-31T00:00:00.000Z,2025-12-01T09:00:25.000Z,,,6884,"GOV.UK homepage,Business tax,Personal tax,PAYE,National Insurance,Money",HM Revenue & Customs,HM Revenue & Customs,2024 Starmer Labour government,,,
https://www.gov.uk/guidance/check-employment-status-for-tax,Check employment status for tax,detailed_guide,e5f5ff4a-b9b8-4f46-9f61-b2c053613a60,en,whitehall,2017-03-02T00:00:00.000Z,2025-04-30T13:00:16.000Z,,,6868,"Money,Business tax,Employment intermediaries,Off-payroll working rules,Self-employment,IR35: working through an intermediary,GOV.UK homepage,Work,Employment status",HM Revenue & Customs,HM Revenue & Customs,2016 to 2019 May Conservative government,,,
https://www.gov.uk/register-for-vat,Register for VAT,guide,708aacf7-6863-4ac3-8c7d-764934789761,en,publisher,2022-05-16T12:30:05.359Z,2024-10-10T16:19:32.130Z,,,6551,"Work,GOV.UK homepage,VAT,Business tax,Self-employment,Money",Government Digital Service,HM Revenue & Customs,,,,
https://www.gov.uk/report-and-pay-your-capital-gains-tax/if-you-sold-a-property-in-the-uk-on-or-after-6-april-2020,Report and pay your Capital Gains Tax: If you sold a property in the UK on or after 6 April 2020,guide,f7897ec6-e55e-4a72-8d0d-9fea3bd45086,en,publisher,2022-06-07T09:32:33.055Z,2024-12-31T09:12:44.653Z,,,6209,"Paying HMRC,Capital Gains Tax,Dealing with HMRC,Money,GOV.UK homepage,Personal tax",Government Digital Service,HM Revenue & Customs,,,,
https://www.gov.uk/guidance/sign-in-to-your-agent-services-account,Sign in to your agent services account,detailed_guide,33db95bf-5b50-4384-91b2-d50745b6e1ab,en,whitehall,2019-02-08T00:00:00.000Z,2019-11-04T09:40:47.000Z,,,6117,"Money,Dealing with HMRC,Tax agent and adviser guidance,GOV.UK homepage",HM Revenue & Customs,HM Revenue & Customs,2016 to 2019 May Conservative government,,,
https://www.gov.uk/difficulties-paying-hmrc/pay-in-instalments,If you cannot pay your tax bill on time: Setting up a payment plan,guide,7a0cd1a5-5492-4c3d-8757-f994c22f69c5,en,publisher,2012-10-15T12:12:27.000Z,2014-12-11T15:45:20.000Z,,,5971,"Complaints and appeals,Paying HMRC,Paying your tax bill,Personal tax,Self Assessment,GOV.UK homepage,Payment problems,Dealing with HMRC,Money",Government Digital Service,HM Revenue & Customs,,,,
https://www.gov.uk/capital-gains-tax,"Capital Gains Tax: what you pay it on, rates and allowances",guide,6bf258e7-2b8e-40e9-9ad7-a0eb66ac8fa2,en,publisher,2012-01-26T13:29:53.000Z,2024-10-30T14:06:47.451Z,,,5892,"Personal tax,Money,GOV.UK homepage,Capital Gains Tax",Government Digital Service,HM Revenue & Customs,,,,
https://www.gov.uk/guidance/check-if-youre-eligible-for-making-tax-digital-for-income-tax,Find out if and when you need to use Making Tax Digital for Income Tax,detailed_guide,e96a1399-812c-47ab-bced-b4b018b0f66e,en,whitehall,2021-09-22T23:00:00.000Z,2026-01-29T13:30:01.000Z,,,5720,"GOV.UK homepage,Money,Business tax",HM Revenue & Customs,HM Revenue & Customs,2019 to 2022 Johnson Conservative government,,,
https://www.gov.uk/individual-savings-accounts/how-isas-work,Individual Savings Accounts (ISAs): How ISAs work,guide,94b8399a-c101-4441-a466-672e2338b727,en,publisher,2014-11-27T13:07:35.000Z,2025-01-08T15:23:26.694Z,,,5638,"Tax on savings and investments,Income Tax,Personal tax,GOV.UK homepage,Money,Tax efficient savings and investments",Government Digital Service,HM Revenue & Customs,,,,
https://www.gov.uk/national-insurance-rates-letters,National Insurance rates and categories,guide,0cdbefbb-257a-40f9-97c4-eaef93e163fa,en,publisher,2014-06-12T11:50:08.000Z,2024-11-08T15:37:34.472Z,,,5585,"Payroll,Running a business,Personal tax,PAYE,Business and industry,National Insurance,Business tax,GOV.UK homepage,Employing people,Money,Work,Rates and classes",Government Digital Service,HM Revenue & Customs,,,,
https://www.gov.uk/sdlt-online,Log in and file your Stamp Duty Land Tax return,transaction,5bc69947-9d23-4e43-860f-c778ca3ce8d2,en,publisher,2014-12-23T17:00:52.000Z,2014-12-24T14:01:34.000Z,,,5466,"Money,Filing a SDLT return,Stamp duty and other tax on property,Business tax,GOV.UK homepage",Government Digital Service,HM Revenue & Customs,,,,
https://www.gov.uk/sa302-tax-calculation,Get your SA302 tax calculation,answer,778f10f6-bc1a-48e2-ad30-516ad9f04ccb,en,publisher,2015-03-19T15:55:14.000Z,2015-06-17T13:42:46.000Z,,,5449,"Money,GOV.UK homepage,Self Assessment,Personal tax,Work,Self-employment",Government Digital Service,HM Revenue & Customs,,,,
https://www.gov.uk/guidance/complete-a-tax-check-for-a-taxi-private-hire-or-scrap-metal-licence,"Complete a tax check for a taxi, private hire or scrap metal licence",detailed_guide,ed568f8b-e7dc-44e5-996d-e5500aeb7c2c,en,whitehall,2022-01-10T00:00:00.000Z,2023-09-11T10:11:48.000Z,,,5429,"GOV.UK homepage,Money,Dealing with HMRC,Tax compliance",HM Revenue & Customs,HM Revenue & Customs,2019 to 2022 Johnson Conservative government,,,
https://www.gov.uk/voluntary-national-insurance-contributions,Voluntary National Insurance,guide,0693ad2b-8185-4e5a-b817-377b0c23a228,en,publisher,2012-07-03T15:22:52.000Z,2025-01-10T15:52:56.445Z,,,5414,"Working, jobs and pensions,National Insurance,Work,Personal tax,GOV.UK homepage,State Pension,Voluntary contributions,Money",Government Digital Service,"Department for Work and Pensions,HM Revenue & Customs",,,,
https://www.gov.uk/tax-sell-property/work-out-your-gain,Tax when you sell property: Work out your gain,guide,228d15d6-ce1b-49b0-8f8a-ff8d4c59e7f5,en,publisher,2014-10-13T12:00:17.000Z,2015-04-08T08:22:11.000Z,,,5370,"Money,Personal tax,Business tax,Owning and renting a property,Housing and communities,GOV.UK homepage,Property,Housing, local and community,Stamp duty and other tax on property,Capital Gains Tax",Government Digital Service,HM Revenue & Customs,,,,
https://www.gov.uk/pay-vat,Pay your VAT bill,guide,a484eaea-eeb6-48fa-92a7-b67c6cd414f6,en,publisher,2012-10-14T16:34:19.000Z,2024-12-13T12:36:37.177Z,,,5358,"Paying,Money,GOV.UK homepage,VAT,Paying HMRC,Business tax,Work,Dealing with HMRC,Self-employment",Government Digital Service,HM Revenue & Customs,,,,
https://www.gov.uk/apply-marriage-allowance,Apply for Marriage Allowance online,transaction,58784f96-26e0-444d-ab77-21f102c5f3fd,en,publisher,2016-05-16T15:11:47.585Z,2017-11-30T08:32:11.657Z,,,5329,"GOV.UK homepage,Dealing with HMRC,Tax agent and adviser guidance,Money,Income Tax,Personal tax",Government Digital Service,HM Revenue & Customs,,,,
https://www.gov.uk/guidance/advisory-fuel-rates,Advisory fuel rates,detailed_guide,2402bb51-bd99-4e6c-aee5-50189c96abd4,en,whitehall,2020-07-20T23:00:00.000Z,2025-11-21T12:41:21.000Z,,,5322,"PAYE,Expenses and benefits,Expenses and employee benefits,Business tax,GOV.UK homepage,Money",HM Revenue & Customs,HM Revenue & Customs,2019 to 2022 Johnson Conservative government,,,
https://www.gov.uk/guidance/manage-your-trusts-registration-service,Manage your trust's details,detailed_guide,1814ef71-0f27-480c-809a-adba1c24ad33,en,whitehall,2020-04-02T23:00:00.000Z,2025-02-18T11:46:25.000Z,,,5295,"Dealing with HMRC,Personal tax,Trusts,Money,GOV.UK homepage",HM Revenue & Customs,HM Revenue & Customs,2019 to 2022 Johnson Conservative government,,,
https://www.gov.uk/what-is-the-construction-industry-scheme,Construction Industry Scheme (CIS),answer,ed0624e2-9c8e-4523-9e62-2f02b43fefd2,en,publisher,2012-09-12T14:49:40.000Z,2014-11-21T14:14:47.000Z,,,5140,"Working, jobs and pensions,Money,Contracts and working hours,Business tax,Construction Industry Scheme (CIS),GOV.UK homepage,Work",Government Digital Service,HM Revenue & Customs,,,,
https://www.gov.uk/guidance/claim-tax-relief-on-your-private-pension-payments,Claim tax relief on your private pension payments,detailed_guide,48ae03e1-70b5-4071-ac39-200040683f76,en,whitehall,2025-02-03T00:00:00.000Z,2025-08-31T23:05:00.000Z,,,5088,"GOV.UK homepage,Money,Income Tax,Pensions,Rates, allowances and reliefs,Personal tax",HM Revenue & Customs,HM Revenue & Customs,2024 Starmer Labour government,,,
https://www.gov.uk/report-tax-fraud,Report tax fraud or avoidance to HMRC,answer,62a52181-e087-4bb1-9ec9-8be2366f6b69,en,publisher,2022-04-07T14:02:34.039Z,2022-05-03T10:41:15.818Z,,,4951,"Money,GOV.UK homepage,Income Tax,Personal tax,Tax compliance,Dealing with HMRC,Tax avoidance",Government Digital Service,HM Revenue & Customs,,,,
https://www.gov.uk/calculate-tax-on-company-cars,Calculate tax on employees' company cars,answer,234a00e0-16b9-4936-801e-2eb3e0300fe9,en,publisher,2012-09-13T13:00:47.000Z,2015-04-16T21:11:15.000Z,,,4821,"Work,GOV.UK homepage,Employing people,Expenses and benefits,Personal tax,Vehicle ownership, approval and standards,Business and industry,Vehicle tax,Business tax,Money,Driving and road transport,PAYE,Income Tax,Expenses and employee benefits,Payroll,Transport,Running a business",Government Digital Service,HM Revenue & Customs,,,,
https://www.gov.uk/get-help-hmrc-extra-support,Get help from HMRC if you need extra support,guide,bc4122e8-607e-4eb2-b043-d56fb16e9dcb,en,publisher,2014-07-15T11:40:06.000Z,2014-11-18T11:15:34.000Z,,,4801,"Dealing with HMRC,Money,GOV.UK homepage",Government Digital Service,HM Revenue & Customs,,,,
https://www.gov.uk/guidance/sign-up-your-business-for-making-tax-digital-for-income-tax,Sign up for Making Tax Digital for Income Tax,detailed_guide,7a836fa8-d651-42ec-b363-86836cfb78a2,en,whitehall,2020-02-10T00:00:00.000Z,2025-12-17T10:18:13.000Z,,,4755,"Income Tax,GOV.UK homepage,Personal tax,PAYE,Money,Business tax",HM Revenue & Customs,HM Revenue & Customs,2019 to 2022 Johnson Conservative government,,,
https://www.gov.uk/tax-on-dividends,Tax on dividends,guide,5477b049-8ea9-4b0a-85b0-faa8b16057ec,en,publisher,2012-10-14T16:27:49.000Z,2024-12-02T16:37:01.179Z,,,4688,"Tax on shares,GOV.UK homepage,Income Tax,Self Assessment,Personal tax,Money,Tax on savings and investments",Government Digital Service,HM Revenue & Customs,,,,
https://www.gov.uk/national-insurance-credits,National Insurance credits,guide,84b8f145-e877-41d7-bd51-305b0aeabd00,en,publisher,2012-01-26T13:27:28.000Z,2025-01-21T14:41:58.838Z,,,4630,"Work,Money,Working, jobs and pensions,GOV.UK homepage,State Pension,Personal tax,National Insurance",Government Digital Service,"HM Revenue & Customs,Department for Work and Pensions",,,,
https://www.gov.uk/tax-on-your-private-pension/pension-tax-relief,Tax on your private pension contributions: Tax relief,guide,95d11b6b-0147-4f4c-a3d1-9e67abc0d3c2,en,publisher,2014-09-04T16:35:06.000Z,2024-11-08T15:41:39.609Z,,,4597,"Work,Working, jobs and pensions,Money,Tax on pensions,Income Tax,Workplace and personal pensions,GOV.UK homepage,Tax efficient savings and investments,Pension scheme administration,Tax on savings and investments,Pensions,Business tax,Personal tax",Government Digital Service,HM Revenue & Customs,,,,
https://www.gov.uk/what-you-must-do-as-a-cis-subcontractor/how-to-register,What you must do as a Construction Industry Scheme (CIS) subcontractor: How to register,guide,43fc2b1d-6751-41a3-852d-c081711a75f4,en,publisher,2012-09-12T14:49:23.000Z,2015-08-27T16:22:15.000Z,,,4578,"Tax and National Insurance,Self-employment,Subcontractors,Money,Business tax,GOV.UK homepage,Construction Industry Scheme (CIS),Work",Government Digital Service,"Department for Business and Trade,HM Revenue & Customs",,,,
https://www.gov.uk/tax-on-pension,Tax when you get a pension,guide,60412ad2-e0a7-4000-8517-41e5460419e6,en,publisher,2014-09-04T17:56:23.000Z,2024-11-11T10:01:21.930Z,,,4536,"Pensions,Business tax,Personal tax,Income Tax,Workplace and personal pensions,Pension scheme administration,Working, jobs and pensions,Money,GOV.UK homepage,Tax on pensions,Work",Government Digital Service,"Department for Work and Pensions,HM Revenue & Customs",,,,
https://www.gov.uk/money-property-when-relationship-ends,Money and property when you divorce or separate,guide,373762a3-aa76-4bab-b59c-406cedcfaca7,en,publisher,2011-12-13T15:17:10.000Z,2025-02-11T13:49:10.394Z,,,4524,"Marriage, civil partnership and divorce,Capital Gains Tax,Life circumstances,Getting separated or divorced,Personal tax,GOV.UK homepage,Divorce and separation,Money",Government Digital Service,"HM Courts & Tribunals Service,HM Revenue & Customs,Ministry of Justice",,,,
https://www.gov.uk/running-payroll/paying-hmrc,Running payroll: Paying HMRC,guide,88309f75-af24-42e9-b30d-e36157cf918b,en,publisher,2014-06-12T11:50:05.000Z,2024-10-25T13:12:54.455Z,,,4448,"Payroll,Work,Business and industry,Money,GOV.UK homepage,Running a business,PAYE,Business tax,Employing people",Government Digital Service,HM Revenue & Customs,,,,
https://www.gov.uk/self-assessment-tax-calculator,Estimate your Self Assessment tax bill,transaction,1b3d586c-538d-4983-b61a-c3a16c1efddb,en,publisher,2015-06-03T09:34:21.000Z,2015-06-22T09:00:01.000Z,,,4325,"Personal tax,Money,GOV.UK homepage,Self Assessment",Government Digital Service,HM Revenue & Customs,,,,
https://www.gov.uk/guidance/adjusted-net-income,Personal Allowances: adjusted net income,detailed_guide,5fe2ac30-7631-11e4-a3cb-005056011aef,en,whitehall,2014-08-12T23:00:00.000Z,2025-05-30T12:02:28.000Z,,,4289,"Money,Personal tax,Income Tax,GOV.UK homepage",HM Revenue & Customs,HM Revenue & Customs,2010 to 2015 Conservative and Liberal Democrat coalition government,,,
https://www.gov.uk/guidance/register-a-trust-as-a-trustee,Register a trust as a trustee,detailed_guide,76b0162a-a048-4718-839e-e04b8a30d2be,en,whitehall,2020-05-18T23:00:00.000Z,2023-12-18T12:52:04.000Z,,,4211,"Dealing with HMRC,Trusts,GOV.UK homepage,Personal tax,Money,Money laundering regulations",HM Revenue & Customs,HM Revenue & Customs,2019 to 2022 Johnson Conservative government,,,
https://www.gov.uk/guidance/find-software-that-works-with-making-tax-digital-for-income-tax,Find software that works with Making Tax Digital for Income Tax,detailed_guide,87114f2d-a094-4095-8920-c1688043361b,en,whitehall,2025-07-30T23:00:00.000Z,2025-07-30T23:00:00.000Z,,,4204,"Personal tax,Money,Tax agent and adviser guidance,GOV.UK homepage,Income Tax,Dealing with HMRC",HM Revenue & Customs,HM Revenue & Customs,2024 Starmer Labour government,,,
https://www.gov.uk/guidance/apply-to-pay-voluntary-national-insurance-contributions-when-abroad-cf83,Apply to pay voluntary National Insurance contributions when abroad (CF83),detailed_guide,f3f1c4b6-be91-4b17-a27c-24125c1183c3,en,whitehall,2024-01-15T00:00:00.000Z,2025-11-26T14:10:22.000Z,,,4197,"National Insurance,Personal tax,Money,GOV.UK homepage,Leaving the UK",HM Revenue & Customs,HM Revenue & Customs,2022 to 2024 Sunak Conservative government,,,
https://www.gov.uk/guidance/get-your-postponed-import-vat-statement,Get your postponed import VAT statement,detailed_guide,acd583dd-1ede-4d1d-90d8-3f8ee137922e,en,whitehall,2020-12-10T00:00:00.000Z,2024-07-04T10:40:03.000Z,,,4190,"Customs declarations, duties and tariffs (import and export),Business tax,Trade and investment,Importing,Accounting for VAT,Money,GOV.UK homepage,Importing goods and services,VAT,Business and industry",HM Revenue & Customs,HM Revenue & Customs,2019 to 2022 Johnson Conservative government,,,
https://www.gov.uk/guidance/hmrc-tools-and-calculators,HMRC tools and calculators,detailed_guide,84213cb8-d694-4c81-b08f-47555216da6b,en,whitehall,2010-04-05T23:00:00.000Z,2025-10-03T13:35:35.000Z,,,4145,"Trusts,Coming to the UK,Stamp duty and other tax on property,Off-payroll working rules,Inheritance Tax,Gambling duties,Tax credits,Income Tax,Employment status,IR35: working through an intermediary,Paying HMRC,Leaving the UK,Payroll,Dealing with HMRC,VAT,Capital allowances,Exporting goods and services,Welfare,Work,National Insurance,Compliance checks,Child Benefit,Tax compliance,Business tax,Self Assessment,Tax agent and adviser guidance,Personal tax,PAYE,Alcohol duty,Money,GOV.UK homepage,Capital Gains Tax,Self-employment,Importing goods and services,Benefits entitlement,Corporation Tax",HM Revenue & Customs,HM Revenue & Customs,2007 to 2010 Brown Labour government,,,
https://www.gov.uk/national-insurance,National Insurance: introduction,guide,c995522c-4020-4d54-ae5d-271d4b3a8777,en,publisher,2012-01-26T13:28:35.000Z,2014-12-15T17:11:10.000Z,,,4144,"GOV.UK homepage,Work,Your pay, tax and the National Minimum Wage,Self-employment,National Insurance,Tax and National Insurance,Personal tax,Money,Working, jobs and pensions",Government Digital Service,"HM Revenue & Customs,Department for Work and Pensions",,,,
https://www.gov.uk/carers-credit,Carer's Credit,guide,3d0a1afc-27cc-4bb3-8914-95c9e27f5a1a,en,publisher,2011-12-16T14:31:16.000Z,2024-10-14T08:20:54.471Z,,,4103,"Health and social care,Money,Carers and disability benefits,Welfare,Working, jobs and pensions,GOV.UK homepage,Jobseeker's Allowance and low income benefits,Disabled people,Personal tax,Benefits for families,State Pension,Carers,Work",Government Digital Service,Department for Work and Pensions,,,,
https://www.gov.uk/additional-state-pension,Additional State Pension,guide,e78637eb-3be4-408c-9f9c-d2336635c0ca,en,publisher,2011-12-06T13:10:46.000Z,2015-04-05T23:02:04.000Z,,,3871,"State Pension,Work,National Insurance,Working, jobs and pensions,Money,Personal tax,GOV.UK homepage",Government Digital Service,Department for Work and Pensions,,,,
https://www.gov.uk/guidance/work-out-your-qualifying-income-for-making-tax-digital-for-income-tax,Work out your qualifying income for Making Tax Digital for Income Tax,detailed_guide,690bddb8-efe2-48c0-9ea0-0879b8174fce,en,whitehall,2024-10-15T23:00:00.000Z,2026-01-29T13:27:00.000Z,,,3748,"Business tax,Money,GOV.UK homepage",HM Revenue & Customs,HM Revenue & Customs,2024 Starmer Labour government,,,
https://www.gov.uk/guidance/rates-and-thresholds-for-employers-2026-to-2027,Rates and thresholds for employers 2026 to 2027,detailed_guide,702f1678-48a6-49b1-b8c5-c569d7ec9258,en,whitehall,2026-01-30T10:09:33.000Z,2026-01-30T10:09:33.000Z,,,3490,"National Insurance,PAYE,Business tax,GOV.UK homepage,Personal tax,Money",HM Revenue & Customs,HM Revenue & Customs,2024 Starmer Labour government,,,
https://www.gov.uk/guidance/check-if-the-tax-on-your-payslip-is-correct,Check if the tax on your payslip is correct,detailed_guide,e695bd2b-89ec-484b-b878-a83a3374169d,en,whitehall,2025-01-16T00:00:00.000Z,2025-12-18T11:46:04.000Z,,,3435,"Money,GOV.UK homepage,Personal tax,Income Tax",HM Revenue & Customs,HM Revenue & Customs,2024 Starmer Labour government,,,
https://www.gov.uk/guidance/get-a-certificate-of-residence,How to apply for a certificate of residence to claim tax relief abroad,detailed_guide,7f863784-cbdc-46a7-aa2e-d4838ca23122,en,whitehall,2015-12-02T00:00:00.000Z,2024-06-26T10:51:38.000Z,,,3434,"Corporation Tax,Business tax,GOV.UK homepage,Money,International tax,Personal tax,Double taxation",HM Revenue & Customs,HM Revenue & Customs,2015 to 2016 Cameron Conservative government,,,
https://www.gov.uk/guidance/how-to-complete-your-self-assessment-tax-return-for-last-tax-year,Complete your Self Assessment tax return for the last tax year,detailed_guide,0a71efff-130c-48e0-bd40-09ca5900efc1,en,whitehall,2025-09-30T23:00:00.000Z,2025-09-30T23:00:00.000Z,,,3433,"Self Assessment,Money,GOV.UK homepage,Personal tax",HM Revenue & Customs,HM Revenue & Customs,2024 Starmer Labour government,,,
https://www.gov.uk/tax-sell-shares,Tax when you sell shares,guide,81a34f42-fdf7-4235-8410-58e1b4c7c5e4,en,publisher,2014-10-13T12:00:20.000Z,2014-11-27T13:10:18.000Z,,,3242,"Tax on savings and investments,Capital Gains Tax,Shares and investments,Tax on shares,GOV.UK homepage,Personal tax,Money",Government Digital Service,HM Revenue & Customs,,,,
https://www.gov.uk/respond-to-court-claim-for-money/respond-to-a-claim-online,Respond to a court claim for money: Respond to a claim online,guide,2cc0ef53-4411-40ad-9a5a-8c67a0cbb747,en,publisher,2012-01-19T11:12:35.000Z,2024-11-05T11:00:01.607Z,,,3204,"Running a business,Money,Court claims, debt and bankruptcy,Business and industry,GOV.UK homepage,Business debt and bankruptcy",Government Digital Service,HM Courts & Tribunals Service,,,,
https://www.gov.uk/stop-being-self-employed,Stop being self-employed,answer,f7a9606f-c239-42d8-b14f-aafb95ece523,en,publisher,2012-10-16T12:46:26.000Z,2014-11-21T12:41:08.000Z,,,3167,"Running a business,GOV.UK homepage,Company closure, administration, liquidation and insolvency ,Business and industry,Limited companies and partnerships,Self-employment,Money,National Insurance,Work,Personal tax,Stopping or selling your business",Government Digital Service,HM Revenue & Customs,,,,
https://www.gov.uk/workplace-pensions,Workplace pensions,guide,b7a61b37-c495-42b3-82ee-9099d80b4889,en,publisher,2012-10-16T18:49:47.000Z,2015-01-26T15:39:01.000Z,,,3159,"Pension scheme administration,Business tax,Money,Paying into a pension scheme,Workplace and personal pensions,Work,PAYE,Working, jobs and pensions,GOV.UK homepage",Government Digital Service,"HM Revenue & Customs,Department for Work and Pensions",,,,
https://www.gov.uk/early-retirement-pension/personal-and-workplace-pensions,"Early retirement, your pension and benefits: Personal and workplace pensions",guide,a3808378-162c-4c5c-9c5f-bbac7e513646,en,publisher,2011-12-08T12:45:05.000Z,2015-04-05T23:01:09.000Z,,,3094,"Working, jobs and pensions,Income Tax,Tax on pensions,State Pension,Business tax,Money,Pensions,Workplace and personal pensions,Personal tax,Work,GOV.UK homepage,Pension scheme administration",Government Digital Service,"HM Revenue & Customs,Department for Work and Pensions",,,,
https://www.gov.uk/guidance/apply-for-marriage-allowance-by-post,Apply for Marriage Allowance by post,detailed_guide,4f899009-a38c-4bc4-b3cb-ead37939831c,en,whitehall,2023-05-17T23:00:00.000Z,2025-07-10T09:18:46.000Z,,,3087,"GOV.UK homepage,Money,Income Tax,Personal tax",HM Revenue & Customs,HM Revenue & Customs,2022 to 2024 Sunak Conservative government,,,
https://www.gov.uk/register-employer,Register as an employer,simple_smart_answer,e9dec029-452d-4008-b363-d56a05e69710,en,publisher,2014-06-12T11:50:03.000Z,2024-11-27T12:03:25.446Z,,,3079,"Business tax,GOV.UK homepage,Payroll,Work,Business and industry,Running a business,Money,PAYE,Employing people,Registering and getting started",Government Digital Service,HM Revenue & Customs,,,,
https://www.gov.uk/self-assessment-tax-return-forms,Self Assessment tax return forms,answer,b005a96f-ebb2-4bb9-a030-b4e59e12918c,en,publisher,2012-07-03T14:59:51.000Z,2024-10-15T10:06:13.374Z,,,3014,"Money,Self Assessment,Filing a tax return,Personal tax,GOV.UK homepage",Government Digital Service,HM Revenue & Customs,,,,
https://www.gov.uk/guidance/send-an-income-tax-relief-claim-for-job-expenses-by-post-or-phone,Claim tax relief for your job expenses by post,detailed_guide,1c1b902b-b226-43e8-9959-286d3315e23d,en,whitehall,2023-09-04T23:00:00.000Z,2025-04-05T23:15:18.000Z,,,3006,"Income Tax,GOV.UK homepage,Expenses and employee benefits,Money,Personal tax",HM Revenue & Customs,HM Revenue & Customs,2022 to 2024 Sunak Conservative government,,,
https://www.gov.uk/paye-forms-p45-p60-p11d,"P45, P60 and P11D forms: workers' guide",guide,5c9ef939-454a-4e8c-80f6-accea000d9b6,en,publisher,2012-01-26T10:20:09.000Z,2024-10-10T10:35:38.994Z,,,2979,"Working, jobs and pensions,Work,Personal tax,Your pay, tax and the National Minimum Wage,GOV.UK homepage,Income Tax,Money",Government Digital Service,HM Revenue & Customs,,,,
https://www.gov.uk/guidance/check-if-a-phone-call-youve-received-from-hmrc-is-genuine,Check if a phone call you've received from HMRC is genuine,detailed_guide,3080496f-1b98-467f-85b6-1362bd0786e3,en,whitehall,2021-07-29T23:00:00.000Z,2025-11-10T15:16:26.000Z,,,2957,"GOV.UK homepage,Money,Dealing with HMRC,Phishing and scams",HM Revenue & Customs,HM Revenue & Customs,2019 to 2022 Johnson Conservative government,,,
https://www.gov.uk/guidance/start-paying-council-tax,Start paying Council Tax,detailed_guide,ef7b21b0-59ec-483d-95f7-39754a4f3205,en,whitehall,2016-01-22T10:10:00.000Z,2016-01-22T10:10:00.000Z,,,2937,"Local government,Regional and local government,Money,GOV.UK homepage,Housing, local and community,Housing and communities",Valuation Office Agency,Valuation Office Agency,2015 to 2016 Cameron Conservative government,,,
https://www.gov.uk/pay-paye-penalty,Pay a PAYE late payment or filing penalty,guide,a0a16869-906d-4b7e-8e43-bee9a60cc853,en,publisher,2014-07-29T17:59:09.000Z,2024-12-31T09:10:59.789Z,,,2928,"GOV.UK homepage,Money,Paying HMRC,Business and industry,PAYE ,Employing people,Business tax,Payroll,Dealing with HMRC,PAYE,Running a business,Work",Government Digital Service,HM Revenue & Customs,,,,
https://www.gov.uk/corporation-tax,Corporation Tax,guide,853feaf2-152c-4aa5-8edb-ba84a88860bf,en,publisher,2014-09-25T11:34:34.000Z,2014-12-15T15:07:46.000Z,,,2919,"Business and industry,Business tax,Running a business,Money,GOV.UK homepage,Corporation Tax",Government Digital Service,HM Revenue & Customs,,,,
https://www.gov.uk/income-tax,Income Tax: introduction,guide,21c81878-c580-454e-9319-eb947ba40aa8,en,publisher,2012-01-26T13:51:57.000Z,2015-02-11T14:42:57.000Z,,,2895,"Personal tax,GOV.UK homepage,Income Tax,Money",Government Digital Service,HM Revenue & Customs,,,,
https://www.gov.uk/expenses-if-youre-self-employed,Expenses if you're self-employed,guide,a59c5e1a-e5ad-447e-9a08-43280d60315f,en,publisher,2014-08-07T17:17:10.000Z,2024-11-08T17:56:44.156Z,,,2884,"Self-employment,Managing expenses,GOV.UK homepage,Work,Business tax,Money",Government Digital Service,HM Revenue & Customs,,,,
https://www.gov.uk/county-court-judgments-ccj-for-debt/ccjs-and-your-credit-rating,County court judgments for debt: CCJs and your credit rating,guide,554200d7-13e7-48bd-bd71-ad3e8f37ff0c,en,publisher,2012-01-13T11:08:25.000Z,2015-07-03T15:39:29.000Z,,,2853,"GOV.UK homepage,Court claims, debt and bankruptcy,Business and industry,Running a business,Money,Business debt and bankruptcy",Government Digital Service,HM Courts & Tribunals Service,,,,
https://www.gov.uk/probate-estate,Dealing with the estate of someone who's died,guide,988fa555-e4ab-45d6-91c9-45de4aa07f5d,en,publisher,2019-08-15T12:00:01.479Z,2020-03-03T13:39:09.050Z,,,2828,"GOV.UK homepage,Money,Personal tax,Wills and probate,Inheritance Tax",Government Digital Service,"HM Courts & Tribunals Service,HM Revenue & Customs",,,,
https://www.gov.uk/guidance/job-expenses-for-uniforms-work-clothing-and-tools,"Check how much tax relief you can claim for uniforms, work clothing and tools",detailed_guide,5a5fd551-778d-4c2c-ae58-3c3507fecd2b,en,whitehall,2015-01-01T00:00:00.000Z,2024-11-14T11:01:31.000Z,,,2802,"Money,Personal tax,Rates, allowances and reliefs,Income Tax,GOV.UK homepage",HM Revenue & Customs,HM Revenue & Customs,2010 to 2015 Conservative and Liberal Democrat coalition government,,,
https://www.gov.uk/scottish-income-tax,Income Tax in Scotland,guide,c5fa93b7-db62-45f4-8c91-fe076b4a3a4d,en,publisher,2015-10-27T11:00:09.000Z,2015-10-27T17:55:41.000Z,,,2787,"Scottish rate of Income Tax,GOV.UK homepage,Income Tax,Personal tax,Money",Government Digital Service,HM Revenue & Customs,,,,
https://www.gov.uk/guidance/apply-for-specified-adult-childcare-credits,Apply for Specified Adult Childcare credits,detailed_guide,db972d47-ae83-481d-bc5e-50d8af33e070,en,whitehall,2023-07-26T23:00:00.000Z,2024-08-20T07:26:47.000Z,,,2762,"National Insurance,Personal tax,GOV.UK homepage,Money",HM Revenue & Customs,HM Revenue & Customs,2022 to 2024 Sunak Conservative government,,,
https://www.gov.uk/guidance/check-when-to-appeal-a-self-assessment-penalty-for-late-filing-or-late-payment,Appeal a Self Assessment penalty for late filing or late payment,detailed_guide,354b8472-9a4b-4f57-ab16-591aa9fa964a,en,whitehall,2024-01-23T00:00:00.000Z,2024-01-23T00:00:00.000Z,,,2734,"Self Assessment,GOV.UK homepage,Personal tax,Money",HM Revenue & Customs,HM Revenue & Customs,2022 to 2024 Sunak Conservative government,,,
https://www.gov.uk/guidance/register-for-self-assessment-if-you-are-not-self-employed,Register for Self Assessment if you are not self-employed,detailed_guide,41cdf596-00a0-4c56-a1c3-b28db868df90,en,whitehall,2023-08-14T23:00:00.000Z,2025-12-16T14:04:58.000Z,,,2712,"Self Assessment,Money,Personal tax,GOV.UK homepage",HM Revenue & Customs,HM Revenue & Customs,2022 to 2024 Sunak Conservative government,,,
https://www.gov.uk/update-company-car-details,Check or update your company car tax,transaction,83193c89-0e12-4b8a-9eac-5a68fd5e6ef4,en,publisher,2014-10-14T12:00:12.000Z,2017-12-19T10:57:06.440Z,,,2685,"Money,Expenses and employee benefits,PAYE,GOV.UK homepage,Business tax",Government Digital Service,HM Revenue & Customs,,,,
https://www.gov.uk/guidance/get-your-income-tax-right-if-youre-leaving-the-uk-p85,Get your Income Tax right if you're leaving the UK (P85),detailed_guide,3a4a0dc8-f235-4c46-8b84-80f1b56af9f6,en,whitehall,2023-08-08T23:00:00.000Z,2024-08-23T13:20:33.000Z,,,2675,"Money,Personal tax,GOV.UK homepage,Income Tax,Leaving the UK",HM Revenue & Customs,HM Revenue & Customs,2022 to 2024 Sunak Conservative government,,,
https://www.gov.uk/guidance/claim-back-tax-on-a-flexibly-accessed-pension-overpayment-p55,Claim back tax on a flexibly accessed pension overpayment (P55),detailed_guide,23d40f1b-1477-4c61-82b6-64ee40fd00da,en,whitehall,2023-09-19T23:00:00.000Z,2025-04-05T23:15:08.000Z,,,2645,"Overpayments and underpayments,Personal tax,Tax on savings and investments,Income Tax,GOV.UK homepage,Money",HM Revenue & Customs,HM Revenue & Customs,2022 to 2024 Sunak Conservative government,,,
https://www.gov.uk/guidance/work-out-an-employees-income-tax,Work out an employee's Income Tax,detailed_guide,6b14c0da-642a-4f6c-b85f-fad0e3b7c022,en,whitehall,2024-03-20T00:15:01.000Z,2024-03-20T00:15:01.000Z,,,2626,"PAYE,GOV.UK homepage,Business tax,Money",HM Revenue & Customs,HM Revenue & Customs,2022 to 2024 Sunak Conservative government,,,
https://www.gov.uk/tax-company-benefits/tax-on-company-cars,Tax on company benefits: Tax on company cars,guide,174b3493-2fc0-4471-8eff-2bff3e308f44,en,publisher,2012-01-26T10:40:11.000Z,2014-12-17T12:23:38.000Z,,,2604,"Work,Income Tax,Working, jobs and pensions,GOV.UK homepage,Company benefits and share schemes,Personal tax,Money,Your pay, tax and the National Minimum Wage",Government Digital Service,HM Revenue & Customs,,,,
https://www.gov.uk/guidance/get-your-national-insurance-number-by-post,Get your National Insurance number by post,detailed_guide,76300394-db4a-40f2-8229-c37e57023fb4,en,whitehall,2024-05-08T14:26:54.000Z,2024-05-08T14:26:54.000Z,,,2521,"GOV.UK homepage,Personal tax,National Insurance numbers,National Insurance,Money",HM Revenue & Customs,HM Revenue & Customs,2022 to 2024 Sunak Conservative government,,,
https://www.gov.uk/junior-individual-savings-accounts,Junior Individual Savings Accounts (ISA),guide,21a2bfa6-c62b-4280-9682-58c876bef012,en,publisher,2012-09-27T16:35:08.000Z,2015-04-10T16:00:11.000Z,,,2475,"Life circumstances,Tax efficient savings and investments,Parenting, childcare and children's services ,Tax on savings and investments,Personal tax,Having a child, parenting and adoption,Financial help if you have children,Money,GOV.UK homepage,Savings accounts for children",Government Digital Service,HM Revenue & Customs,,,,
https://www.gov.uk/guidance/claim-a-tax-refund-when-youve-taken-a-small-pension-lump-sum-p53,Claim a tax refund when you've taken a small pension lump sum (P53),detailed_guide,a8d894d0-4e4e-4e9c-9aa6-8439af57c2e9,en,whitehall,2023-08-22T23:00:00.000Z,2024-08-23T09:53:54.000Z,,,2466,"Money,Income Tax,Personal tax,GOV.UK homepage,Tax on savings and investments",HM Revenue & Customs,HM Revenue & Customs,2022 to 2024 Sunak Conservative government,,,
https://www.gov.uk/guidance/work-out-an-employees-national-insurance-contributions,Work out an employee's National Insurance contributions,detailed_guide,3046dd1a-8b6d-4a36-9c26-d905579ad10e,en,whitehall,2023-12-20T00:00:00.000Z,2024-07-26T14:50:41.000Z,,,2424,"GOV.UK homepage,Money,Personal tax,National Insurance",HM Revenue & Customs,HM Revenue & Customs,2022 to 2024 Sunak Conservative government,,,
https://www.gov.uk/employers-sick-pay,Statutory Sick Pay (SSP): employer guide,guide,0374ee58-fd10-4e16-840e-cdaf6bbd2955,en,publisher,2012-07-03T15:48:32.000Z,2014-11-25T16:37:35.000Z,,,2409,"Business and industry,Running a business,PAYE,Business tax,Employing people,Money,GOV.UK homepage",Government Digital Service,"Department for Work and Pensions,HM Revenue & Customs",,,,
https://www.gov.uk/make-will/writing-your-will,Making a will: Write your will,guide,90eca747-d18e-446f-8796-7f1228b43761,en,publisher,2011-09-09T16:01:14.000Z,2024-11-12T17:11:03.046Z,,,2389,"Life circumstances,Money,Personal tax,Death and bereavement,Inheritance Tax,GOV.UK homepage",Government Digital Service,"HM Courts & Tribunals Service,HM Revenue & Customs",,,,
https://www.gov.uk/understand-self-assessment-bill/payments-on-account,Understand your Self Assessment tax bill: Payments on account,guide,40dab11d-12c3-4c55-a429-74138c6f7132,en,publisher,2015-01-30T14:33:10.000Z,2024-10-29T15:36:42.283Z,,,2375,"Paying your tax bill,GOV.UK homepage,Self Assessment,Money,Personal tax",Government Digital Service,HM Revenue & Customs,,,,
https://www.gov.uk/tax-sell-home,Tax when you sell your home,guide,5681a3a6-4136-4efc-90ff-5aedce2726be,en,publisher,2014-10-13T12:00:14.000Z,2015-06-12T12:08:15.000Z,,,2352,"GOV.UK homepage,Stamp duty and other tax on property,Capital Gains Tax,Business tax,Property,Personal tax,Money",Government Digital Service,HM Revenue & Customs,,,,
https://www.gov.uk/self-employed-national-insurance-rates,Self-employed National Insurance rates,answer,08b4b53d-9f55-495d-a763-1df82f96d873,en,publisher,2012-07-03T15:53:38.000Z,2015-02-10T17:25:05.000Z,,,2350,"GOV.UK homepage,Personal tax,Tax and National Insurance,Work,Self-employment,Rates and classes,Money,National Insurance",Government Digital Service,"HM Revenue & Customs,Department for Work and Pensions",,,,
https://www.gov.uk/personal-pensions-your-rights/how-you-can-take-pension,Personal pensions: How you can take your pension,guide,ebf8eb71-e7d0-40c4-a3bc-b208cdb35750,en,publisher,2012-10-16T14:18:05.000Z,2025-01-16T11:08:26.210Z,,,2345,"Business tax,GOV.UK homepage,Working, jobs and pensions,Money,Work,Workplace and personal pensions,Paying into a pension scheme,Pension scheme administration",Government Digital Service,"Department for Work and Pensions,HM Revenue & Customs",,,,
https://www.gov.uk/guidance/annual-tax-summary,Check how the government spends your taxes — Annual Tax Summary,detailed_guide,5f633ed7-7631-11e4-a3cb-005056011aef,en,whitehall,2014-07-03T23:00:00.000Z,2024-02-13T09:57:56.000Z,,,2335,"Business and industry,Personal tax,Money,GOV.UK homepage,Income Tax,UK economy",HM Revenue & Customs,HM Revenue & Customs,2010 to 2015 Conservative and Liberal Democrat coalition government,,,
https://www.gov.uk/pay-tax-debit-credit-card,Pay your tax bill by debit or corporate credit card,transaction,02f7b151-bcd4-462b-b5dd-b02445b4417c,en,publisher,2014-11-04T14:58:20.000Z,2017-10-12T12:31:37.520Z,,,2334,"Dealing with HMRC,Paying HMRC,GOV.UK homepage,Business tax,Money",Government Digital Service,HM Revenue & Customs,,,,
https://www.gov.uk/paye-for-employers,PAYE and payroll for employers,guide,3dfcfb7f-9537-4d60-b53e-feff56394dad,en,publisher,2012-10-15T10:03:39.000Z,2015-02-09T15:38:39.000Z,,,2281,"Work,Registering and getting started,Business and industry,Employing people,GOV.UK homepage,Payroll,Business tax,Money,PAYE,Running a business",Government Digital Service,HM Revenue & Customs,,,,
https://www.gov.uk/guidance/send-documents-to-support-declarations-for-the-customs-declaration-service,Upload documents and get messages for the Customs Declaration Service,detailed_guide,f282a5e5-e43b-4f16-a472-01f4965f2a37,en,whitehall,2020-12-31T00:00:00.000Z,2024-12-02T10:46:33.000Z,,,2262,"GOV.UK homepage,Trade and investment,Business and industry,Money,Customs declarations, duties and tariffs (import and export),Exporting,Business tax,Importing",HM Revenue & Customs,HM Revenue & Customs,2019 to 2022 Johnson Conservative government,,,
https://www.gov.uk/guidance/apply-for-a-refund-of-the-higher-rates-of-stamp-duty-land-tax,Apply for a refund of the higher rates of Stamp Duty Land Tax,detailed_guide,b5c561a1-8b47-4321-888f-a7d898eec907,en,whitehall,2024-08-28T23:00:00.000Z,2025-03-10T16:49:53.000Z,,,2233,"Business tax,Money,GOV.UK homepage,Personal tax",HM Revenue & Customs,HM Revenue & Customs,2024 Starmer Labour government,,,
https://www.gov.uk/guidance/find-out-if-you-can-get-an-exemption-from-making-tax-digital-for-income-tax,Find out if you can get an exemption from Making Tax Digital for Income Tax,detailed_guide,313ae8a3-d23d-4450-ad4a-8e72846046ce,en,whitehall,2021-09-22T23:00:00.000Z,2026-01-29T13:30:01.000Z,,,2134,"Income Tax,Money,GOV.UK homepage,Business tax,Personal tax",HM Revenue & Customs,HM Revenue & Customs,2019 to 2022 Johnson Conservative government,,,
https://www.gov.uk/guidance/check-how-much-tax-you-pay-on-dividends-and-interest-from-savings,Check how much tax you pay on dividends and interest from savings,detailed_guide,c075e8d3-7209-4fbf-8ea4-e4251e4d7648,en,whitehall,2025-03-03T10:40:21.000Z,2025-03-03T10:40:21.000Z,,,2120,"Income Tax,Tax on savings and investments,GOV.UK homepage,Money,Personal tax",HM Revenue & Customs,HM Revenue & Customs,2024 Starmer Labour government,,,
https://www.gov.uk/guidance/expenses-rates-for-employees-travelling-outside-the-uk,Expenses rates for employees travelling outside the UK,detailed_guide,f22c8a5f-51b0-4c37-a103-77ec529c69a0,en,whitehall,2020-03-26T09:31:00.000Z,2020-03-26T09:31:00.000Z,,,2115,"Business tax,Money,Expenses and benefits,PAYE,GOV.UK homepage",HM Revenue & Customs,HM Revenue & Customs,2019 to 2022 Johnson Conservative government,,,
https://www.gov.uk/guidance/how-to-get-a-debt-relief-order-dro,How to get a Debt Relief Order (DRO),detailed_guide,755b9527-c33c-4ffc-8342-bf29857adb0f,en,whitehall,2023-04-24T23:00:00.000Z,2024-06-27T23:01:01.000Z,,,2109,"Court claims, debt and bankruptcy,GOV.UK homepage,Money",The Insolvency Service,The Insolvency Service,2022 to 2024 Sunak Conservative government,,,
https://www.gov.uk/guidance/capital-gains-tax-rates-and-allowances,Capital Gains Tax rates and allowances,detailed_guide,a254c6f2-e551-4332-9bfc-bbcfa286626b,en,whitehall,2018-06-03T23:00:00.000Z,2025-05-16T12:40:19.000Z,,,2084,"GOV.UK homepage,Capital Gains Tax,Money,Personal tax",HM Revenue & Customs,HM Revenue & Customs,2016 to 2019 May Conservative government,,,
https://www.gov.uk/complain-about-hmrc,Complain about HMRC,answer,33f90aab-1f7f-4aaa-9c14-0aec02db2b71,en,publisher,2018-06-01T09:27:45.972Z,2024-10-10T15:25:40.474Z,,,2077,"GOV.UK homepage,Complaints and appeals,Dealing with HMRC,Money",Government Digital Service,HM Revenue & Customs,,,,
https://www.gov.uk/pay-class-2-national-insurance,Pay voluntary Class 2 National Insurance contributions if you do not pay through Self Assessment,guide,72fb248b-70a8-4fad-95ab-c2400a02411d,en,publisher,2012-10-14T16:42:53.000Z,2015-02-02T12:32:12.000Z,,,2044,"Work,Personal tax,Dealing with HMRC,GOV.UK homepage,National Insurance,Income Tax and National Insurance,Self-employment,Money,Paying HMRC",Government Digital Service,"HM Revenue & Customs,Department for Work and Pensions",,,,
https://www.gov.uk/guidance/get-your-import-vat-certificates,Check how to get your import VAT certificate (C79),detailed_guide,591f86dc-e846-4cf3-b707-6220ded8bedb,en,whitehall,2019-09-12T23:00:00.000Z,2024-11-13T16:03:59.000Z,,,2041,"Importing,Business tax,VAT,Trade and investment,Business and industry,Money,GOV.UK homepage",HM Revenue & Customs,HM Revenue & Customs,2019 to 2022 Johnson Conservative government,,,
https://www.gov.uk/employee-tax-codes/letters,Understanding your employees' tax codes: What the letters mean,guide,a96d18d7-f571-4814-9719-6d9f0868cca7,en,publisher,2014-06-12T11:50:18.000Z,2015-04-16T21:07:15.000Z,,,1973,"Business tax,PAYE,Work,Running a business,Payroll,Employing people,Annual PAYE and payroll tasks,GOV.UK homepage,Business and industry,Money",Government Digital Service,HM Revenue & Customs,,,,
https://www.gov.uk/guidance/check-genuine-hmrc-contact-that-uses-more-than-one-communication-method,Check genuine HMRC contact that uses more than one communication method,detailed_guide,8d5b4f1f-56a1-414d-981d-6e9232489b9a,en,whitehall,2021-07-29T23:00:00.000Z,2026-02-18T16:09:11.000Z,,,1956,"GOV.UK homepage,Dealing with HMRC,Phishing and scams,Money",HM Revenue & Customs,HM Revenue & Customs,2019 to 2022 Johnson Conservative government,,,
https://www.gov.uk/child-employment,Child employment,guide,89deb1a3-c09c-4795-8439-a4ef4693fb29,en,publisher,2012-01-26T13:24:20.000Z,2015-04-16T21:09:27.000Z,,,1950,"Employing people,Business tax,Running a business,Life circumstances,Working, jobs and pensions,Employees joining, leaving or changing their circumstances,Recruiting and hiring,PAYE,Money,Work,GOV.UK homepage,Business and industry,Having a child, parenting and adoption",Government Digital Service,"Department for Business and Trade,Department for Work and Pensions,HM Revenue & Customs,Department for Business, Energy & Industrial Strategy",,,,
https://www.gov.uk/guidance/pay-taxes-penalties-and-enquiry-settlements,"Pay taxes, penalties or enquiry settlements",detailed_guide,602707db-7631-11e4-a3cb-005056011aef,en,whitehall,2014-11-05T00:00:00.000Z,2025-03-31T11:03:43.000Z,,,1922,"GOV.UK homepage,Dealing with HMRC,Money,Business tax,Personal tax,Paying HMRC",HM Revenue & Customs,HM Revenue & Customs,2010 to 2015 Conservative and Liberal Democrat coalition government,,,
https://www.gov.uk/tax-help,Get help with tax,answer,91fef6f6-3a59-42ab-a14d-42c4e5eee1a1,en,publisher,2014-04-15T17:42:42.000Z,2024-11-03T10:54:30.020Z,,,1893,"Self Assessment,Tax and National Insurance,Dealing with HMRC,Self-employment,Work,Money,Income Tax,National Insurance,Personal tax,GOV.UK homepage",Government Digital Service,HM Revenue & Customs,,,,
https://www.gov.uk/check-simple-assessment,Check your Simple Assessment tax bill,answer,55f78653-7733-4d11-87ad-b3de904061ec,en,publisher,2022-02-21T13:00:41.248Z,2023-01-04T14:45:51.073Z,,,1841,"Money,GOV.UK homepage,Income Tax,Personal tax",Government Digital Service,HM Revenue & Customs,,,,
https://www.gov.uk/employers-maternity-pay-leave,Statutory Maternity Pay and Leave: employer guide,guide,d397279e-2c1b-456a-8b26-8e075232b463,en,publisher,2012-08-03T15:58:41.000Z,2015-02-18T22:42:44.000Z,,,1816,"Running a business,Employing people,Business tax,GOV.UK homepage,Money,Business and industry,PAYE",Government Digital Service,"Department for Business and Trade,HM Revenue & Customs,Department for Business, Energy & Industrial Strategy",,,,
https://www.gov.uk/guidance/check-if-and-when-you-need-to-register-as-a-tax-adviser-with-hmrc,Check if and when you need to register as a tax adviser with HMRC,detailed_guide,36f0e09d-6b7d-4cc7-8dff-d7279f9757ce,en,whitehall,2026-02-17T09:15:02.000Z,2026-02-17T09:15:02.000Z,,,1816,"Dealing with HMRC,Tax agent and adviser guidance,Money,GOV.UK homepage",HM Revenue & Customs,HM Revenue & Customs,2024 Starmer Labour government,,,
https://www.gov.uk/running-a-limited-company,Running a limited company: your responsibilities,guide,f7c36783-2477-43e0-9b76-04efd7183706,en,publisher,2012-07-03T15:07:20.000Z,2025-01-29T10:10:49.500Z,,,1807,"Money,Running a business,Business tax,GOV.UK homepage,Corporation Tax,Business and industry",Government Digital Service,"Companies House,HM Revenue & Customs",,,,
https://www.gov.uk/guidance/understanding-off-payroll-working-ir35,Understanding off-payroll working (IR35),detailed_guide,89b956dc-ff76-4e3c-bde9-0c09e5168528,en,whitehall,2019-08-21T23:00:00.000Z,2023-12-15T08:54:05.000Z,,,1788,"Tax and National Insurance,Off-payroll working rules,Work,IR35: working through an intermediary,Money,GOV.UK homepage,Self-employment,Business tax",HM Revenue & Customs,HM Revenue & Customs,2019 to 2022 Johnson Conservative government,,,
https://www.gov.uk/guidance/get-a-PDU1-certificate-or-a-national-insurance-contributions-statement,Get a PDU1 certificate or a National Insurance contributions statement,detailed_guide,5caff023-3986-4e14-bf40-6b605f1948b6,en,whitehall,2014-06-01T23:00:00.000Z,2025-02-06T11:58:29.000Z,,,1769,"Money,National Insurance,GOV.UK homepage,Personal tax",HM Revenue & Customs,HM Revenue & Customs,2010 to 2015 Conservative and Liberal Democrat coalition government,,,
https://www.gov.uk/guidance/tell-hmrc-about-underpaid-tax-from-previous-years,Tell HMRC about underpaid tax from previous years,detailed_guide,59a84f25-4d81-430f-a50e-a127c9ab10cc,en,whitehall,2023-04-05T23:00:00.000Z,2025-04-17T15:08:34.000Z,,,1767,"Dealing with HMRC,Money,GOV.UK homepage,Tax compliance,Tax agent and adviser guidance",HM Revenue & Customs,HM Revenue & Customs,2022 to 2024 Sunak Conservative government,,,
https://www.gov.uk/guidance/buildings-and-construction-vat-notice-708,Buildings and construction (VAT Notice 708),detailed_guide,288f1b8d-f789-4069-a586-cd2fab623761,en,whitehall,2014-08-12T23:00:00.000Z,2025-06-26T13:19:13.000Z,,,1758,"GOV.UK homepage,Business tax,Charging VAT,Rules for particular trades,Accounting for VAT,VAT,Money",HM Revenue & Customs,HM Revenue & Customs,2010 to 2015 Conservative and Liberal Democrat coalition government,,,
https://www.gov.uk/dormant-company/dormant-for-corporation-tax,Dormant companies and associations: Dormant for Corporation Tax,guide,e4029c03-6046-4cd7-bb2a-c3603c7e48a6,en,publisher,2015-09-16T17:01:06.000Z,2016-06-29T23:01:01.352Z,,,1754,"Running a business,Corporation Tax,Money,Business and industry,GOV.UK homepage,Business tax",Government Digital Service,"Companies House,HM Revenue & Customs",,,,
https://www.gov.uk/claim-employment-allowance/eligibility,Employment Allowance: Check if you're eligible,guide,a8d43d76-65d0-4502-ab58-f6ff57377008,en,publisher,2014-06-12T11:50:04.000Z,2024-11-18T16:32:22.505Z,,,1747,"PAYE,GOV.UK homepage,Payroll,Registering and getting started,Business and industry,Running a business,Business tax,Money,Work,Employing people",Government Digital Service,HM Revenue & Customs,,,,
https://www.gov.uk/donating-to-charity/gift-aid,Tax relief when you donate to a charity: Gift Aid,guide,cbf9c234-5a9c-4b6c-9085-5778395ed273,en,publisher,2012-01-13T17:02:31.000Z,2014-12-08T15:01:35.000Z,,,1723,"Charities, volunteering and honours,Income Tax,Society and culture,Personal tax,Money,Capital Gains Tax,GOV.UK homepage",Government Digital Service,HM Revenue & Customs,,,,
https://www.gov.uk/basic-paye-tools,Download HMRC's Basic PAYE Tools,answer,acfe2320-09c7-4fad-9afe-3a0b9b8bb0dd,en,publisher,2014-06-12T11:50:11.000Z,2015-03-11T14:51:03.000Z,,,1652,"Payroll,Business and industry,GOV.UK homepage,Business tax,PAYE,Money,Work,Registering and getting started,Employing people,Running a business",Government Digital Service,HM Revenue & Customs,,,,
https://www.gov.uk/options-for-dealing-with-your-debts,Options for dealing with your debts,guide,76b1dd5f-3915-48a6-a570-78f065c1ad0d,en,publisher,2012-01-26T13:03:49.000Z,2024-11-08T16:00:57.594Z,,,1639,"Money,Court claims, debt and bankruptcy,GOV.UK homepage",Government Digital Service,"Department for Business and Trade,The Insolvency Service,Department for Business, Energy & Industrial Strategy",,,,
https://www.gov.uk/business-asset-disposal-relief,Business Asset Disposal Relief,guide,8eebc84f-a2a9-46cf-bb11-2f72e3a43c7f,en,publisher,2012-10-09T19:26:20.000Z,2024-10-30T14:46:15.283Z,,,1630,"Business and industry,GOV.UK homepage,Personal tax,Company closure, administration, liquidation and insolvency ,Capital Gains Tax,Business,Running a business,Limited companies and partnerships,Shares and investments,Money",Government Digital Service,HM Revenue & Customs,,,,
https://www.gov.uk/debt-advice,Get free debt advice,answer,0df6938d-005d-4c00-8ebb-f239af8da458,en,publisher,2012-10-05T12:48:21.000Z,2015-01-29T15:15:39.000Z,,,1628,"GOV.UK homepage,Court claims, debt and bankruptcy,Money",Government Digital Service,The Insolvency Service,,,,
https://www.gov.uk/self-employed-records,Business records if you're self-employed,guide,3dde7d00-fa43-4052-b300-8f5c79cd4dfe,en,publisher,2013-04-08T00:00:53.000Z,2015-01-23T17:05:02.000Z,,,1599,"Personal tax,Work,Self Assessment,Money,Self-employment,GOV.UK homepage",Government Digital Service,HM Revenue & Customs,,,,
https://www.gov.uk/tell-hmrc-your-company-is-dormant-for-corporation-tax,Tell HMRC your company is dormant for Corporation Tax,answer,cfa330bb-91de-4df5-900d-72ea347fec3f,en,publisher,2021-11-10T08:52:03.716Z,2024-05-16T11:31:34.702Z,,,1598,"Changes to your company,GOV.UK homepage,Business tax,Corporation Tax,Money",Government Digital Service,HM Revenue & Customs,,,,
https://www.gov.uk/guidance/check-if-you-meet-hmrcs-conditions-to-register-as-a-tax-adviser,Check if you meet HMRC's conditions to register as a tax adviser,detailed_guide,22b94f6d-20c9-420b-9f73-580c8a333649,en,whitehall,2026-02-17T09:15:02.000Z,2026-02-17T09:15:02.000Z,,,1595,"Dealing with HMRC,Tax agent and adviser guidance,GOV.UK homepage,Money",HM Revenue & Customs,HM Revenue & Customs,2024 Starmer Labour government,,,
https://www.gov.uk/guidance/trusts-and-inheritance-tax,Trusts and Inheritance Tax,detailed_guide,dbdf269b-23e4-41ea-bf12-1fa9564e6c02,en,whitehall,2010-11-08T00:00:00.000Z,2025-04-05T23:15:22.000Z,,,1547,"Personal tax,GOV.UK homepage,Money,Trusts",HM Revenue & Customs,HM Revenue & Customs,2010 to 2015 Conservative and Liberal Democrat coalition government,,,
https://www.gov.uk/guidance/understand-how-council-tax-bands-are-assessed,How domestic properties are assessed for Council Tax bands,detailed_guide,de4719a5-ed15-4d2d-8694-4b5b28916c65,en,whitehall,2016-01-22T00:00:00.000Z,2025-10-15T12:54:06.000Z,,,1532,"Local government,Regional and local government,Council Tax,Housing, local and community,GOV.UK homepage,Council Tax bands,Money",Valuation Office Agency,Valuation Office Agency,2015 to 2016 Cameron Conservative government,,,
https://www.gov.uk/prepare-file-annual-accounts-for-limited-company,Accounts and tax returns for private limited companies,guide,5cb58486-0b00-4da8-8076-382e474b4f03,en,publisher,2012-07-03T17:21:20.000Z,2014-11-24T17:30:19.000Z,,,1529,"GOV.UK homepage,Filing your return,Corporation Tax,Business and industry,Running a business,Business tax,Preparing accounts for Corporation Tax,Money",Government Digital Service,"Companies House,HM Revenue & Customs",,,,
https://www.gov.uk/tax-appeals/penalty,Disagree with a tax decision or penalty: Disagree with a penalty,guide,55ebfdd7-dea5-4158-885c-3e5f13493b6f,en,publisher,2014-04-15T17:42:51.000Z,2014-11-24T15:05:09.000Z,,,1529,"Refunds, appeals and penalties,GOV.UK homepage,Dealing with HMRC,Complaints and appeals,Paying HMRC,Money,Business tax,Personal tax,PAYE,Self Assessment",Government Digital Service,"Department for Work and Pensions,HM Courts & Tribunals Service,HM Revenue & Customs",,,,
https://www.gov.uk/capital-allowances/business-cars,Claim capital allowances: Business cars,guide,f0aa73e9-737e-49c6-8590-8bbb58f2fe71,en,publisher,2012-10-15T14:45:50.000Z,2024-10-22T11:25:39.296Z,,,1526,"Business tax,Personal tax,Capital allowances,Work,Money,Self Assessment,GOV.UK homepage,Self-employment,Corporation Tax,Managing expenses,Reliefs",Government Digital Service,HM Revenue & Customs,,,,
https://www.gov.uk/guidance/register-or-renew-your-money-laundering-supervision-with-hmrc,Register or update your money laundering supervision with HMRC,detailed_guide,236bb724-614d-437f-9be4-25b1fa2eef33,en,whitehall,2019-03-08T00:00:00.000Z,2026-01-28T12:08:31.000Z,,,1493,"Dealing with HMRC,GOV.UK homepage,Tax agent and adviser guidance,Money,Money laundering regulations",HM Revenue & Customs,HM Revenue & Customs,2016 to 2019 May Conservative government,,,
https://www.gov.uk/estimate-income-tax-previous-year,Estimate your Income Tax for a previous tax year,transaction,462e3264-1679-46ec-9647-03a5a4592fb7,en,publisher,2015-03-03T12:04:47.000Z,2024-11-22T14:46:53.080Z,,,1470,"Personal tax,Income Tax,Overpayments and underpayments,GOV.UK homepage,Money",Government Digital Service,HM Revenue & Customs,,,,
https://www.gov.uk/guidance/salary-sacrifice-and-the-effects-on-paye,Salary sacrifice for employers,detailed_guide,5f58d036-7631-11e4-a3cb-005056011aef,en,whitehall,2014-06-12T09:00:00.000Z,2021-07-29T10:08:26.000Z,,,1469,"Employees joining, leaving or changing their circumstances,Business tax,GOV.UK homepage,PAYE,Money",HM Revenue & Customs,HM Revenue & Customs,2010 to 2015 Conservative and Liberal Democrat coalition government,,,
https://www.gov.uk/paying-inheritance-tax,Pay your Inheritance Tax bill,guide,e485633d-9aa3-4b67-8525-8d77afa733a4,en,publisher,2012-10-14T16:38:49.000Z,2024-12-31T09:10:32.720Z,,,1461,"Personal tax,Inheritance Tax,Death and bereavement,Dealing with HMRC,Life circumstances,Money,GOV.UK homepage,Paying HMRC",Government Digital Service,HM Revenue & Customs,,,,
https://www.gov.uk/guidance/find-out-what-to-do-if-you-owe-money-to-hmrc,Find out what to do if you owe money to HMRC,detailed_guide,d919406b-d891-4d96-a916-4ff3e17cedaa,en,whitehall,2025-08-18T08:18:43.000Z,2025-08-18T08:18:43.000Z,,,1460,"Dealing with HMRC,Self Assessment,GOV.UK homepage,Paying your tax bill,Paying HMRC,Money,Personal tax",HM Revenue & Customs,HM Revenue & Customs,2024 Starmer Labour government,,,
https://www.gov.uk/guidance/stamp-duty-land-tax-buying-an-additional-residential-property,Higher rates of Stamp Duty Land Tax,detailed_guide,b974fe46-f4f2-4df9-b84f-23b34dc1b3f6,en,whitehall,2016-03-16T00:00:00.000Z,2025-03-31T23:30:02.000Z,,,1456,"Money,GOV.UK homepage,Stamp duty and other tax on property,Business tax",HM Revenue & Customs,HM Revenue & Customs,2015 to 2016 Cameron Conservative government,,,
https://www.gov.uk/guidance/vat-guide-notice-700,VAT guide (VAT Notice 700),detailed_guide,8cea9cfb-2067-45bb-9938-6d2d14ff842a,en,whitehall,2014-12-17T00:00:00.000Z,2025-09-18T10:14:22.000Z,,,1454,"GOV.UK homepage,Entering and staying in the UK,Accounting for VAT,Dealing with HMRC,VAT,Business tax,Charging VAT,Money",HM Revenue & Customs,HM Revenue & Customs,2010 to 2015 Conservative and Liberal Democrat coalition government,,,
https://www.gov.uk/guidance/inheritance-tax-residence-nil-rate-band,Work out and apply the residence nil rate band for Inheritance Tax,detailed_guide,46b314b8-0965-4f70-8b9f-cfc1e359ecf6,en,whitehall,2016-11-08T15:19:00.000Z,2019-09-05T08:00:01.000Z,,,1444,"Personal tax,GOV.UK homepage,Money,Inheritance Tax",HM Revenue & Customs,HM Revenue & Customs,2016 to 2019 May Conservative government,,,
https://www.gov.uk/guidance/income-tax-when-you-rent-out-a-property-working-out-your-rental-income,Work out your rental income when you let property,detailed_guide,156dfe30-8568-4401-9bf2-f86219d42bd1,en,whitehall,2015-10-18T23:00:00.000Z,2025-03-19T09:08:05.000Z,,,1440,"Business tax,Personal tax,GOV.UK homepage,Stamp duty and other tax on property,Money,Income Tax",HM Revenue & Customs,HM Revenue & Customs,2015 to 2016 Cameron Conservative government,,,
https://www.gov.uk/check-additional-income-tax,Check if you need to tell HMRC about additional income,answer,715f4659-b058-46ec-84c8-cc346c210778,en,publisher,2015-07-24T12:11:15.000Z,2015-07-28T13:35:52.000Z,,,1439,"Personal tax,Income Tax,GOV.UK homepage,Money",Government Digital Service,HM Revenue & Customs,,,,
https://www.gov.uk/guidance/claim-back-income-tax-when-youve-stopped-working,Claim back Income Tax when you've stopped working (P50),detailed_guide,d67a801d-4160-493d-80fe-d3dbfcb1c4d4,en,whitehall,2023-07-12T23:00:00.000Z,2024-08-23T09:53:47.000Z,,,1419,"Money,GOV.UK homepage,Income Tax,Personal tax",HM Revenue & Customs,HM Revenue & Customs,2022 to 2024 Sunak Conservative government,,,
https://www.gov.uk/tax-foreign-income/residence,Tax on foreign income: UK residence and tax,guide,56fa5c5b-593b-42ec-8daf-4156dc1f8ca9,en,publisher,2014-12-08T15:30:05.000Z,2014-12-08T16:14:39.000Z,,,1416,"Help and services around the world,Living and working abroad,Income Tax,Tax compliance,Disclosing offshore income,Living abroad,Dealing with HMRC,Tax, benefits, pensions and working abroad,Countries (Living In),Going and being abroad,Coming to the UK,Money,GOV.UK homepage,Living or working abroad or offshore,Personal tax,Leaving the UK",Government Digital Service,HM Revenue & Customs,,,,
https://www.gov.uk/guidance/vat-place-of-supply-of-services-notice-741a,Place of supply of services (VAT Notice 741A),detailed_guide,3bb536d6-c378-42f3-b710-501b2d7cd2ab,en,whitehall,2010-02-24T00:00:00.000Z,2022-09-29T14:37:49.000Z,,,1379,"VAT,GOV.UK homepage,Money,Business tax,Accounting for VAT,Charging VAT",HM Revenue & Customs,HM Revenue & Customs,2007 to 2010 Brown Labour government,,,
https://www.gov.uk/guidance/stamp-duty-on-shares,Completing a stock transfer form,detailed_guide,095fa2ca-69d3-4fd4-b963-974405069f25,en,whitehall,2014-06-23T23:00:00.000Z,2023-08-10T14:23:08.000Z,,,1378,"Stamp duty on shares,Stamp tax on paper shares,GOV.UK homepage,Business tax,Money",HM Revenue & Customs,HM Revenue & Customs,2010 to 2015 Conservative and Liberal Democrat coalition government,,,
https://www.gov.uk/employment-status/selfemployed-contractor,Employment status: Self-employed and contractor,guide,a42b5782-4b48-4d9e-838c-98fd1e679c2b,en,publisher,2012-01-26T13:11:27.000Z,2015-02-12T10:00:03.000Z,,,1367,"Money,Contracts and working hours,Business tax,GOV.UK homepage,Working, jobs and pensions,PAYE,Work,Registering and getting started",Government Digital Service,"Department for Business and Trade,Department for Work and Pensions,HM Revenue & Customs",,,,
https://www.gov.uk/guidance/hmrc-subject-access-request,Make a subject access request to HMRC,detailed_guide,15eedbaf-25ce-468b-8e59-fe0ea9c99c86,en,whitehall,2016-01-14T00:00:00.000Z,2025-09-16T12:41:15.000Z,,,1366,"GOV.UK homepage,Personal tax,Money,National Insurance",HM Revenue & Customs,HM Revenue & Customs,2015 to 2016 Cameron Conservative government,,,
https://www.gov.uk/your-rights-bailiffs,Bailiff powers when they visit your home,guide,5179386b-b70f-4cf2-a5a7-84515fb726ae,en,publisher,2012-01-13T11:58:43.000Z,2014-12-17T09:49:05.000Z,,,1359,"GOV.UK homepage,Money,Court claims, debt and bankruptcy",Government Digital Service,"HM Courts & Tribunals Service,Ministry of Justice",,,,
https://www.gov.uk/guidance/rates-of-vat-on-different-goods-and-services,VAT rates on different goods and services,detailed_guide,5ef6c7ce-7631-11e4-a3cb-005056011aef,en,whitehall,2014-02-04T00:00:00.000Z,2024-10-30T15:14:20.000Z,,,1357,"VAT,Business tax,Money,GOV.UK homepage",HM Revenue & Customs,HM Revenue & Customs,2010 to 2015 Conservative and Liberal Democrat coalition government,,,
https://www.gov.uk/guidance/sign-up-your-client-for-making-tax-digital-for-income-tax,Sign up your client for Making Tax Digital for Income Tax,detailed_guide,577c8296-3d94-450d-9ca8-dbbe54b9703a,en,whitehall,2020-02-10T00:00:00.000Z,2025-12-17T10:19:15.000Z,,,1353,"Business tax,Money,GOV.UK homepage,PAYE,Income Tax,Personal tax",HM Revenue & Customs,HM Revenue & Customs,2019 to 2022 Johnson Conservative government,,,
https://www.gov.uk/guidance/tell-hmrc-about-employees-going-to-work-in-the-european-economic-area-ca3822,Apply for a certificate confirming you will pay UK National Insurance when working temporarily abroad (CA3822),detailed_guide,f0ab1ed0-b3ca-445f-9e4b-030c7bbdb17d,en,whitehall,2020-11-02T00:00:00.000Z,2024-05-09T11:15:19.000Z,,,1335,"Personal tax,Money,British nationals overseas,Going and being abroad,National Insurance,GOV.UK homepage",HM Revenue & Customs,HM Revenue & Customs,2019 to 2022 Johnson Conservative government,,,
https://www.gov.uk/married-couples-allowance,Married Couple's Allowance,guide,350cdc9b-6d4e-44fd-91b7-56a1f9262d39,en,publisher,2012-01-26T13:04:16.000Z,2015-05-19T10:38:11.000Z,,,1301,"Personal tax,GOV.UK homepage,Rates, allowances and reliefs,Income Tax,Money",Government Digital Service,HM Revenue & Customs,,,,
https://www.gov.uk/guidance/sdlt-transferring-ownership-of-land-or-property,Stamp Duty Land Tax: transfer ownership of land or property,detailed_guide,602e6a11-7631-11e4-a3cb-005056011aef,en,whitehall,2014-01-13T00:00:00.000Z,2022-09-23T11:21:44.000Z,,,1284,"SDLT on specific transactions,Stamp duty and other tax on property,Money,GOV.UK homepage,Business tax",HM Revenue & Customs,HM Revenue & Customs,2010 to 2015 Conservative and Liberal Democrat coalition government,,,
https://www.gov.uk/guidance/claim-a-tax-refund-when-youve-flexibly-accessed-all-of-your-pension-p53z,Claim a tax refund when you've flexibly accessed all of your pension (P53Z),detailed_guide,6af01c86-2634-42ba-b623-f7b6ee680724,en,whitehall,2023-08-22T23:00:00.000Z,2025-04-05T23:15:14.000Z,,,1253,"Overpayments and underpayments,Personal tax,Income Tax,Money,GOV.UK homepage",HM Revenue & Customs,HM Revenue & Customs,2022 to 2024 Sunak Conservative government,,,
https://www.gov.uk/tax-right-retire-abroad-return-to-uk,Tax if you leave the UK to live abroad,answer,090fa2f4-d596-47d4-8bf7-7dceec4ac4f1,en,publisher,2012-01-26T13:29:08.000Z,2014-12-08T15:30:02.000Z,,,1247,"Going and being abroad,Personal tax,Living abroad,Countries (Living In),Money,GOV.UK homepage,Income Tax,Leaving the UK",Government Digital Service,HM Revenue & Customs,,,,
https://www.gov.uk/pay-voluntary-class-3-national-insurance,Pay voluntary Class 3 National Insurance,guide,33703bef-c745-4fa3-9ef4-dd9fd83aec2b,en,publisher,2012-10-16T18:41:48.000Z,2024-11-08T15:50:25.299Z,,,1232,"Money,National Insurance,Personal tax,Dealing with HMRC,Income Tax and National Insurance,Paying HMRC,GOV.UK homepage",Government Digital Service,"Department for Work and Pensions,HM Revenue & Customs",,,,
https://www.gov.uk/guidance/challenge-a-childcare-service-application-decision,Challenge a Childcare Service application decision,detailed_guide,95935ab1-b450-4779-ac91-b55886b40e42,en,whitehall,2020-01-09T00:00:00.000Z,2025-03-14T10:40:56.000Z,,,1226,"Complaints and appeals,Dealing with HMRC,Parenting, childcare and children's services ,Money,GOV.UK homepage",HM Revenue & Customs,HM Revenue & Customs,2019 to 2022 Johnson Conservative government,,,
https://www.gov.uk/submit-vat-return,Sending a VAT Return,guide,467edca6-c89b-4d08-921c-315ac9816516,en,publisher,2022-05-16T12:24:23.834Z,2024-11-26T00:01:00.392Z,,,1215,"Money,Business tax,VAT returns,GOV.UK homepage,VAT",Government Digital Service,HM Revenue & Customs,,,,
https://www.gov.uk/guidance/tax-free-allowances-on-property-and-trading-income,Tax-free allowances on property and trading income,detailed_guide,564aca28-93ea-485f-924c-26ee7f530fa0,en,whitehall,2017-04-06T23:00:00.000Z,2019-05-08T09:04:30.000Z,,,1205,"Money,GOV.UK homepage,Personal tax,Income Tax",HM Revenue & Customs,HM Revenue & Customs,2016 to 2019 May Conservative government,,,
https://www.gov.uk/guidance/apply-for-home-responsibilities-protection,Apply for Home Responsibilities Protection,detailed_guide,e93e5548-b3ad-40b4-9b92-f1e481fbd2bf,en,whitehall,2022-12-16T00:00:00.000Z,2026-02-17T14:49:09.000Z,,,1202,"Personal tax,Money,National Insurance,GOV.UK homepage",HM Revenue & Customs,HM Revenue & Customs,2022 to 2024 Sunak Conservative government,,,
https://www.gov.uk/guidance/how-to-apply-for-a-repayment-of-import-duty-and-vat-if-youve-overpaid-c285,How to claim a repayment of import duty and VAT if you've overpaid,detailed_guide,2da00363-4cff-4e29-9a12-bb89d328e07c,en,whitehall,2019-10-31T00:00:00.000Z,2025-08-18T14:07:01.000Z,,,1180,"GOV.UK homepage,Money,Business tax,Trade and investment,Business and industry,Importing goods and services,VAT,Customs declarations, duties and tariffs (import and export)",HM Revenue & Customs,HM Revenue & Customs,2019 to 2022 Johnson Conservative government,,,
https://www.gov.uk/vat-flat-rate-scheme/how-much-you-pay,VAT Flat Rate Scheme : Work out your flat rate,guide,22bd32dd-ffd8-421d-a9ef-62ba13e1cd4f,en,publisher,2012-10-03T12:44:44.000Z,2024-11-11T15:16:30.089Z,,,1179,"Money,VAT,Business tax,Accounting for VAT,GOV.UK homepage",Government Digital Service,HM Revenue & Customs,,,,
https://www.gov.uk/guidance/authorising-an-agent-to-deal-with-your-tax-affairs,Authorising an agent to deal with your tax affairs,detailed_guide,56c9e10d-32d2-4c7f-90e7-286e384b74f5,en,whitehall,2014-04-03T23:00:00.000Z,2025-12-12T11:50:47.000Z,,,1179,"GOV.UK homepage,Money,Dealing with HMRC",HM Revenue & Customs,HM Revenue & Customs,2010 to 2015 Conservative and Liberal Democrat coalition government,,,
https://www.gov.uk/guidance/get-confirmation-from-hmrc-that-you-are-trading-in-the-uk,Get confirmation from HMRC that you are trading in the UK,detailed_guide,85cda58f-9ced-4faa-8bfc-c611ad01979a,en,whitehall,2020-12-31T23:00:00.000Z,2023-09-26T10:19:37.000Z,,,1162,"VAT,GOV.UK homepage,Business tax,Money",HM Revenue & Customs,HM Revenue & Customs,2019 to 2022 Johnson Conservative government,,,
https://www.gov.uk/guidance/closure-of-the-service-to-file-your-company-accounts-and-tax-return,Closure of the service to file your company accounts and tax return,detailed_guide,957b0d8e-cba4-400c-bcdb-e7aa795af19a,en,whitehall,2025-03-06T00:00:00.000Z,2025-12-01T09:53:38.000Z,,,1154,"GOV.UK homepage,Corporation Tax,Business tax,Money",HM Revenue & Customs,HM Revenue & Customs,2024 Starmer Labour government,,,
https://www.gov.uk/guidance/claim-a-refund-of-construction-industry-scheme-deductions-if-youre-a-limited-company,Claim a refund of Construction Industry Scheme deductions if you're a limited company or an agent,detailed_guide,4d686af3-b3c9-446e-8f0f-62b5e7ee1214,en,whitehall,2017-07-19T23:00:00.000Z,2025-11-14T08:38:09.000Z,,,1153,"GOV.UK homepage,Business tax,Construction Industry Scheme (CIS),Money,Subcontractors",HM Revenue & Customs,HM Revenue & Customs,2016 to 2019 May Conservative government,,,
https://www.gov.uk/tell-hmrc-changed-business-details,Tell HMRC about a change to your business,guide,843a4e0c-c2fa-406d-9d2d-ad0561c53d28,en,publisher,2012-10-14T16:14:56.000Z,2014-11-26T17:01:28.000Z,,,1150,"Money,Changes to the business that affect PAYE,Business tax,PAYE,Dealing with HMRC,GOV.UK homepage,Business and industry,Running a business,Self-employment,Work",Government Digital Service,HM Revenue & Customs,,,,
https://www.gov.uk/report-suspicious-emails-websites-phishing,Avoid and report internet scams and phishing,guide,689a076c-3fcf-4cce-8298-1153c65b7640,en,publisher,2014-02-28T16:31:31.000Z,2024-10-11T11:25:30.876Z,,,1146,"Money,Visas and entry clearance,Government,Dealing with HMRC,Entering and staying in the UK,Online safety,Phishing and scams,GOV.UK homepage,Society and culture,Democracy",Government Digital Service,"Department of Health and Social Care,Driver and Vehicle Licensing Agency,HM Revenue & Customs,National Cyber Security Centre,UK Border Agency",,,,
https://www.gov.uk/guidance/check-if-you-have-unused-annual-allowances-on-your-pension-savings,Check if you have unused annual allowances on your pension savings,detailed_guide,3234c863-7613-4c19-8611-b80c0929a528,en,whitehall,2018-08-09T10:19:00.000Z,2023-04-05T23:15:17.000Z,,,1136,"GOV.UK homepage,Tax on savings and investments,Tax on savings,Money,Personal tax",HM Revenue & Customs,HM Revenue & Customs,2016 to 2019 May Conservative government,,,
https://www.gov.uk/guidance/check-the-recognised-overseas-pension-schemes-notification-list,Check the recognised overseas pension schemes notification list,detailed_guide,6e839a76-0cf2-475d-8e60-ff324af2243b,en,whitehall,2018-06-14T23:00:00.000Z,2026-02-16T09:00:04.000Z,,,1133,"Overseas schemes,Business tax,Money,Pension scheme administration,GOV.UK homepage",HM Revenue & Customs,HM Revenue & Customs,2016 to 2019 May Conservative government,,,
https://www.gov.uk/company-tax-returns,Company Tax Returns,guide,830e403b-7d81-45f1-8862-81dcd55b4ec7,en,publisher,2015-09-16T17:01:06.000Z,2024-11-08T15:02:51.665Z,,,1131,"GOV.UK homepage,Running a business,Business and industry,Business tax,Money,Corporation Tax",Government Digital Service,HM Revenue & Customs,,,,
https://www.gov.uk/trusts-taxes/types-of-trust,Trusts and taxes: Types of trust,guide,e1027041-29dc-4af3-a154-d97633810192,en,publisher,2012-01-26T10:25:27.000Z,2024-10-24T01:11:02.449Z,,,1128,"Capital Gains Tax,Income Tax,GOV.UK homepage,Trusts,Inheritance Tax,Personal tax,Money",Government Digital Service,HM Revenue & Customs,,,,
https://www.gov.uk/guidance/check-if-a-letter-youve-received-from-hmrc-is-genuine,Check if a letter you’ve received from HMRC is genuine,detailed_guide,25e8c69e-4271-4dd8-8528-a490ebe48014,en,whitehall,2021-07-29T23:00:00.000Z,2026-02-04T11:04:54.000Z,,,1123,"Phishing and scams,Money,GOV.UK homepage,Dealing with HMRC",HM Revenue & Customs,HM Revenue & Customs,2019 to 2022 Johnson Conservative government,,,
https://www.gov.uk/guidance/claim-for-a-refund-if-youve-paid-hmrc-too-much-on-your-paye-bill,Claim for a refund if you've paid HMRC too much on your PAYE bill,detailed_guide,40d9e662-b3cb-41e0-a62e-2a2c2bf4f276,en,whitehall,2024-12-23T00:00:00.000Z,2026-01-13T10:22:25.000Z,,,1121,"Running a business,Money,Payroll,GOV.UK homepage,Employing people,Annual PAYE and payroll tasks,Business tax,Work,PAYE,Business and industry",HM Revenue & Customs,HM Revenue & Customs,2024 Starmer Labour government,,,
https://www.gov.uk/plan-retirement-income/get-financial-advice,Plan your retirement income: Get help,guide,95729f07-bc5b-404b-989d-f7741f76baca,en,publisher,2012-08-20T10:38:00.000Z,2015-02-04T00:01:02.000Z,,,1113,"GOV.UK homepage,Workplace and personal pensions,Working, jobs and pensions,Pension scheme administration,Paying into a pension scheme,Business tax,Money,Work",Government Digital Service,"HM Revenue & Customs,Department for Work and Pensions",,,,
https://www.gov.uk/guidance/corporation-tax-marginal-relief,Marginal Relief for Corporation Tax,detailed_guide,601d5a56-7631-11e4-a3cb-005056011aef,en,whitehall,2007-01-01T00:00:00.000Z,2023-01-05T13:10:43.000Z,,,1100,"Business tax,Corporation Tax,GOV.UK homepage,Money,Reliefs",HM Revenue & Customs,HM Revenue & Customs,1997 to 2007 Blair Labour government,,,
https://www.gov.uk/termination-payments-and-tax-when-you-leave-a-job/what-you-pay-tax-and-national-insurance-on,Tax on termination payments: What you pay tax and National Insurance on,guide,9bc3806c-7118-49c9-a9fe-b7f407c28676,en,publisher,2022-02-22T09:00:02.263Z,2024-11-08T15:18:41.033Z,,,1087,"Personal tax,Business tax,Your pay, tax and the National Minimum Wage,Working, jobs and pensions,National Insurance,PAYE,Work,Money,Income Tax,GOV.UK homepage,Redundancies, dismissals and disciplinaries",Government Digital Service,HM Revenue & Customs,,,,
https://www.gov.uk/employer-reporting-expenses-benefits/reporting-and-paying,Expenses and benefits for employers: Reporting and paying,guide,6d40aebf-c225-4d3c-a751-fa8f543e27b8,en,publisher,2012-09-13T12:44:14.000Z,2025-01-10T11:56:33.931Z,,,1086,"Expenses and benefits,Business and industry,Expenses and employee benefits,Business tax,PAYE,Payroll,GOV.UK homepage,Employing people,Work,Running a business,Money",Government Digital Service,HM Revenue & Customs,,,,
https://www.gov.uk/guidance/vat-payments-on-account,VAT payments on account,detailed_guide,6e477160-6f93-4444-8d56-61e7dc5ff8fe,en,whitehall,2017-12-07T00:00:00.000Z,2025-05-22T11:40:55.000Z,,,1082,"Business tax,COVID-19,Support for businesses and self-employed people during COVID-19,VAT,Paying HMRC,GOV.UK homepage,Health and social care,Money,Dealing with HMRC,Paying",HM Revenue & Customs,HM Revenue & Customs,2016 to 2019 May Conservative government,,,
https://www.gov.uk/tax-employee-share-schemes/share-incentive-plans-sips,Tax and Employee Share Schemes: Share Incentive Plans (SIPs),guide,b25d4324-11eb-46c5-bed8-c52a39239d25,en,publisher,2012-01-26T13:26:48.000Z,2016-09-16T15:06:52.424Z,,,1079,"Capital Gains Tax,Money,Income Tax,Shares and investments,GOV.UK homepage,Company benefits and share schemes,Personal tax",Government Digital Service,HM Revenue & Customs,,,,
https://www.gov.uk/guidance/transferring-unused-basic-threshold-for-inheritance-tax,Transferring unused basic threshold for Inheritance Tax,detailed_guide,04b536e7-f799-4aac-a9af-269f1516c9ab,en,whitehall,2022-02-25T15:12:00.000Z,2022-02-25T15:12:00.000Z,,,1044,"Inheritance Tax,GOV.UK homepage,Personal tax,Money",HM Revenue & Customs,HM Revenue & Customs,2019 to 2022 Johnson Conservative government,,,
https://www.gov.uk/bringing-cash-into-uk,Take cash in and out of the UK,answer,aab159ca-a3ff-4846-bfca-745c699e9373,en,publisher,2011-09-14T15:32:59.000Z,2024-10-31T10:12:45.543Z,,,1038,"Personal tax,Money,Coming to the UK,Leaving the UK,Going and being abroad,Travel abroad,GOV.UK homepage",Government Digital Service,"Border Force,HM Revenue & Customs",,,,
https://www.gov.uk/guidance/help-online-for-self-assessment,Help online with Self Assessment,detailed_guide,b46205c0-b021-4550-9214-ad3758a70090,en,whitehall,2023-09-21T23:00:00.000Z,2025-12-16T13:58:43.000Z,,,1033,"Personal tax,Money,Self Assessment,Work,GOV.UK homepage,Registering for Self Assessment,Self-employment",HM Revenue & Customs,HM Revenue & Customs,2022 to 2024 Sunak Conservative government,,,
https://www.gov.uk/guidance/pay-apprenticeship-levy,Pay Apprenticeship Levy,detailed_guide,24d736cd-b807-4314-86cd-a0a3ebd6f374,en,whitehall,2016-12-12T00:00:00.000Z,2025-04-05T23:15:16.000Z,,,1017,"Dealing with HMRC,Apprenticeships, traineeships and internships,Paying HMRC,Business tax,Education, training and skills,GOV.UK homepage,Further and higher education, skills and vocational training,PAYE,Money",HM Revenue & Customs,HM Revenue & Customs,2016 to 2019 May Conservative government,,,
https://www.gov.uk/guidance/register-a-limited-company-as-a-subcontractor-or-apply-for-gross-payment-status,Register a limited company as a subcontractor or apply for gross payment status,detailed_guide,b7a0088f-af4a-484e-ad54-c97075e1b80c,en,whitehall,2014-07-31T23:00:00.000Z,2014-07-31T23:00:00.000Z,,,1016,"Business tax,Money,Construction Industry Scheme (CIS),GOV.UK homepage",HM Revenue & Customs,HM Revenue & Customs,2010 to 2015 Conservative and Liberal Democrat coalition government,,,
https://www.gov.uk/expenses-and-benefits-business-travel-mileage/rules-for-tax,Expenses and benefits: business travel mileage for employees' own vehicles: Rules for tax,guide,45fbc9e2-4edf-4145-813b-ed48dd9432b4,en,publisher,2012-09-27T16:39:23.000Z,2015-02-18T22:55:45.000Z,,,1002,"Business tax,Driving and road transport,Transport,GOV.UK homepage,Money",Government Digital Service,HM Revenue & Customs,,,,
https://www.gov.uk/corporation-tax-rates,Corporation Tax rates and reliefs,guide,d8f74ea1-badf-452f-939b-909a7723e3a9,en,publisher,2012-07-03T15:11:39.000Z,2016-03-31T23:01:07.347Z,,,999,"Money,GOV.UK homepage,Business tax,Corporation Tax,Working out your Corporation Tax",Government Digital Service,HM Revenue & Customs,,,,
https://www.gov.uk/guidance/stamp-duty-land-tax-online-and-paper-returns,Stamp Duty Land Tax online and paper returns,detailed_guide,5033eddb-28d4-4b98-a66b-3c5698dac4dd,en,whitehall,2018-11-28T00:00:00.000Z,2025-01-22T10:30:04.000Z,,,989,"Business tax,GOV.UK homepage,Stamp duty and other tax on property,Money",HM Revenue & Customs,HM Revenue & Customs,2016 to 2019 May Conservative government,,,
https://www.gov.uk/guidance/get-an-hmrc-agent-services-account,Create an agent services account,detailed_guide,111460b6-2115-447c-884a-1f5937f6f3e3,en,whitehall,2018-03-15T00:00:00.000Z,2025-02-07T14:23:53.000Z,,,989,"GOV.UK homepage,Money,Dealing with HMRC,Tax agent and adviser guidance",HM Revenue & Customs,HM Revenue & Customs,2016 to 2019 May Conservative government,,,
https://www.gov.uk/expenses-and-benefits-a-to-z,Expenses and benefits: A to Z,answer,5c6b52a8-9ac3-4964-9dd1-5b3d2498f100,en,publisher,2012-09-13T12:40:13.000Z,2016-05-13T11:13:02.835Z,,,986,"PAYE,Expenses and benefits,Business tax,Money,GOV.UK homepage,Expenses and employee benefits",Government Digital Service,HM Revenue & Customs,,,,
https://www.gov.uk/guidance/pension-administrators-check-a-members-gmp,Pension administrators: check a member's GMP,detailed_guide,db43330f-c742-43d3-880b-a83fa4db265e,en,whitehall,2016-07-18T06:00:00.000Z,2017-06-02T10:50:48.000Z,,,981,"Pension scheme administration,GOV.UK homepage,Business tax,Money",HM Revenue & Customs,HM Revenue & Customs,2016 to 2019 May Conservative government,,,
https://www.gov.uk/simpler-income-tax-simplified-expenses/working-from-home,Simplified expenses if you're self-employed: Working from home,guide,5e05c0a4-a374-4cd8-b650-332299388646,en,publisher,2013-04-08T00:00:57.000Z,2020-08-19T12:20:31.974Z,,,979,"GOV.UK homepage,Managing expenses,Self Assessment,Self-employment,Business tax,Money,Work,Personal tax",Government Digital Service,HM Revenue & Customs,,,,
https://www.gov.uk/guidance/calculate-interest-and-penalties-for-tax-years-ended-5-april-2003-to-5-april-2021,Calculate interest and penalties for tax years ending 5 April 2006 to 5 April 2024,detailed_guide,a591ca55-078e-4837-8d01-128b677af00f,en,whitehall,2022-11-22T00:00:00.000Z,2025-09-09T08:13:10.000Z,,,979,"Money,GOV.UK homepage,Income Tax,Personal tax",HM Revenue & Customs,HM Revenue & Customs,2022 to 2024 Sunak Conservative government,,,
https://www.gov.uk/claim-national-insurance-refund,Check how to claim a National Insurance refund,simple_smart_answer,75bc16ab-5aec-4816-af53-5204c3b24bcc,en,publisher,2014-02-03T14:03:30.000Z,2016-10-31T17:04:43.211Z,,,977,"Refunds,Personal tax,Money,National Insurance,GOV.UK homepage",Government Digital Service,"HM Revenue & Customs,Department for Work and Pensions",,,,
https://www.gov.uk/charge-reclaim-record-vat,"Charge, reclaim and record VAT",guide,05676690-0c16-4f23-b1d8-de8f288c6549,en,publisher,2022-05-16T12:35:58.931Z,2024-10-30T10:18:47.802Z,,,955,"Money,GOV.UK homepage,VAT,Business tax",Government Digital Service,HM Revenue & Customs,,,,
https://www.gov.uk/annual-accounts/microentities-small-and-dormant-companies,"Prepare annual accounts for a private limited company: Micro-entities, small and dormant companies",guide,83ccbe59-7f1e-405c-8ccf-dd83771320d0,en,publisher,2015-09-16T17:01:09.000Z,2017-02-23T14:37:42.132Z,,,949,"Running a business,Corporation Tax,GOV.UK homepage,Money,Business and industry,Business tax",Government Digital Service,Companies House,,,,
https://www.gov.uk/guidance/schedule-spreadsheet-to-claim-back-tax-on-gift-aid-donations,Schedule spreadsheet to claim back tax on Gift Aid donations,detailed_guide,403d23ea-25ac-4c9f-8f68-5e0035a8bf6e,en,whitehall,2014-12-11T00:00:00.000Z,2025-11-28T14:23:22.000Z,,,943,"GOV.UK homepage,Sports and leisure,Charities and social enterprises,Society and culture,Money,Charity money, tax and accounts,Community amateur sports clubs (CASCs),Business and industry",HM Revenue & Customs,HM Revenue & Customs,2010 to 2015 Conservative and Liberal Democrat coalition government,,,
https://www.gov.uk/national-minimum-wage,The National Minimum Wage and Living Wage,guide,44071cd4-7f63-45d2-b774-b22c88ebf763,en,publisher,2012-01-31T09:47:37.000Z,2015-03-02T11:28:57.000Z,,,935,"Your pay, tax and the National Minimum Wage,Employing people,PAYE,Working, jobs and pensions,Recruiting and hiring,Registering and getting started,GOV.UK homepage,Business and industry,Work,Money,Business tax,Running a business",Government Digital Service,"Department for Business and Trade,Department for Work and Pensions,HM Revenue & Customs",,,,
https://www.gov.uk/guidance/money-laundering-regulations-supervised-business-register,Check if a business is registered for money laundering supervision,detailed_guide,31bbe447-6b91-4693-9275-d3d913bbd69c,en,whitehall,2014-05-22T23:00:00.000Z,2026-02-17T10:58:00.000Z,,,926,"GOV.UK homepage,Money laundering regulations,Money",HM Revenue & Customs,HM Revenue & Customs,2010 to 2015 Conservative and Liberal Democrat coalition government,,,
https://www.gov.uk/guidance/rates-and-thresholds-for-employers-2024-to-2025,Rates and thresholds for employers 2024 to 2025,detailed_guide,d757681e-4ff7-43d4-91e4-a287ebf2ef58,en,whitehall,2024-02-06T00:00:00.000Z,2025-10-15T06:00:00.000Z,,,926,"Money,Business tax,GOV.UK homepage,National Insurance,PAYE,Personal tax",HM Revenue & Customs,HM Revenue & Customs,2022 to 2024 Sunak Conservative government,,,
https://www.gov.uk/vat-rates,VAT rates,answer,f838c22a-b2aa-49be-bd95-153f593293a3,en,publisher,2011-09-12T15:43:03.000Z,2014-12-12T14:55:23.000Z,,,922,"Business tax,Money,GOV.UK homepage,VAT",Government Digital Service,HM Revenue & Customs,,,,
https://www.gov.uk/expenses-and-benefits-trivial-benefits,Tax on trivial benefits,answer,c7973b8a-2d29-40cc-8152-eeecd2262985,en,publisher,2012-10-03T13:07:24.000Z,2015-04-01T14:50:09.000Z,,,918,"GOV.UK homepage,Money,Expenses and employee benefits",Government Digital Service,HM Revenue & Customs,,,,
https://www.gov.uk/guidance/reliefs-from-vat-for-disabled-and-older-people-notice-7017,Reliefs from VAT for disabled and older people (VAT Notice 701/7),detailed_guide,68085621-a55d-43be-a8af-544aa8014944,en,whitehall,2014-12-18T00:00:00.000Z,2020-12-31T23:00:56.000Z,,,916,"Accounting for VAT,VAT,Rules for particular trades,GOV.UK homepage,Business tax,Charging VAT,Money",HM Revenue & Customs,HM Revenue & Customs,2010 to 2015 Conservative and Liberal Democrat coalition government,,,
https://www.gov.uk/what-you-must-do-as-a-cis-contractor/how-to-register,What you must do as a Construction Industry Scheme (CIS) contractor: How to register,guide,8e49dcfd-92db-4f5e-8fb2-a600324a9429,en,publisher,2012-09-12T14:50:01.000Z,2015-06-22T14:24:21.000Z,,,909,"Self-employment,Money,Working, jobs and pensions,Contractors,Tax and National Insurance,Construction Industry Scheme (CIS),Work,GOV.UK homepage,Contracts and working hours,Business tax",Government Digital Service,HM Revenue & Customs,,,,
https://www.gov.uk/tax-national-insurance-after-state-pension-age,National Insurance and tax after State Pension age,guide,72a99c12-eada-4b6e-9559-ad2d6778d73c,en,publisher,2012-01-26T10:32:42.000Z,2015-02-02T13:31:51.000Z,,,904,"Work,National Insurance,GOV.UK homepage,State Pension,Income Tax,Money,Working, jobs and pensions,Pensions,Tax on pensions,Business tax,Pension scheme administration,Personal tax",Government Digital Service,"HM Revenue & Customs,Department for Work and Pensions",,,,
https://www.gov.uk/guidance/payrolling-tax-employees-benefits-and-expenses-through-your-payroll,Payrolling: tax employees' benefits and expenses through your payroll,detailed_guide,b3b454cf-443d-4a5b-9133-51974b67869a,en,whitehall,2016-02-05T00:00:00.000Z,2023-12-22T09:04:31.000Z,,,901,"Money,Business tax,PAYE,GOV.UK homepage",HM Revenue & Customs,HM Revenue & Customs,2015 to 2016 Cameron Conservative government,,,
https://www.gov.uk/appoint-tax-agent,Appoint someone to deal with HMRC on your behalf,guide,196d12dc-3d16-49f5-9e4e-66806aa19069,en,publisher,2014-04-15T15:14:23.000Z,2024-11-21T09:49:49.616Z,,,901,"GOV.UK homepage,Work,Money,Dealing with HMRC,Tax and National Insurance,Self-employment",Government Digital Service,HM Revenue & Customs,,,,
https://www.gov.uk/guidance/paying-your-employees-expenses-and-benefits-through-your-payroll,How to use the payrolling benefits and expenses online service,detailed_guide,5f13caf3-7631-11e4-a3cb-005056011aef,en,whitehall,2014-06-11T23:00:00.000Z,2025-07-29T16:05:07.000Z,,,891,"Expenses and benefits,PAYE,GOV.UK homepage,Business tax,Money",HM Revenue & Customs,HM Revenue & Customs,2010 to 2015 Conservative and Liberal Democrat coalition government,,,
https://www.gov.uk/how-vat-works,How VAT works,guide,ada92929-b6f8-4079-ad8a-e0163b41a55e,en,publisher,2022-05-16T12:37:24.412Z,2024-10-24T13:53:32.987Z,,,880,"VAT,Money,GOV.UK homepage,Business tax",Government Digital Service,HM Revenue & Customs,,,,
https://www.gov.uk/guidance/statutory-sick-pay-manually-calculate-your-employees-payments,Work out your employee's Statutory Sick Pay manually,detailed_guide,5efc0f6b-7631-11e4-a3cb-005056011aef,en,whitehall,2014-03-14T00:00:00.000Z,2025-04-05T23:15:21.000Z,,,872,"PAYE,GOV.UK homepage,Statutory pay and leave,Money,Business tax",HM Revenue & Customs,HM Revenue & Customs,2010 to 2015 Conservative and Liberal Democrat coalition government,,,
https://www.gov.uk/income-tax-reliefs,Income tax relief on maintenance payments,answer,8c3879e3-5869-45e8-a1c9-c643fc50b965,en,publisher,2012-10-03T13:13:09.000Z,2015-05-18T09:38:04.000Z,,,871,"Rates, allowances and reliefs,Income Tax,Personal tax,Money,GOV.UK homepage",Government Digital Service,HM Revenue & Customs,,,,
https://www.gov.uk/guidance/opting-to-tax-land-and-buildings-notice-742a,Opting to tax land and buildings (VAT Notice 742A),detailed_guide,ad06f291-8f81-4f18-85d3-6049da745abe,en,whitehall,2014-04-15T23:00:00.000Z,2024-03-08T14:41:51.000Z,,,862,"Business tax,Charging VAT,Accounting for VAT,VAT,GOV.UK homepage,Money",HM Revenue & Customs,HM Revenue & Customs,2010 to 2015 Conservative and Liberal Democrat coalition government,,,
https://www.gov.uk/vat-repayments,VAT repayments,guide,cd103650-96cf-485a-8398-fb6f0a9de3bf,en,publisher,2012-09-21T13:13:23.000Z,2024-11-12T09:32:10.662Z,,,857,"VAT,GOV.UK homepage,Business tax,Paying,Money",Government Digital Service,HM Revenue & Customs,,,,
https://www.gov.uk/guidance/find-out-the-rules-around-individual-lump-sum-allowances,Find out the rules about Individual Lump Sum Allowances,detailed_guide,724a398b-9569-48da-8b51-1ed0e641d249,en,whitehall,2024-04-05T23:00:00.000Z,2024-05-29T10:13:15.000Z,,,845,"Money,GOV.UK homepage,Income Tax,Pensions,Personal tax",HM Revenue & Customs,HM Revenue & Customs,2022 to 2024 Sunak Conservative government,,,
https://www.gov.uk/guidance/pay-stamp-duty-land-tax,Pay Stamp Duty Land Tax,detailed_guide,602470b8-7631-11e4-a3cb-005056011aef,en,whitehall,2014-10-30T00:00:00.000Z,2024-01-29T12:58:22.000Z,,,844,"Business tax,Dealing with HMRC,Stamp duty and other tax on property,GOV.UK homepage,Pay your SDLT bill,Paying HMRC,Property taxes,Money",HM Revenue & Customs,HM Revenue & Customs,2010 to 2015 Conservative and Liberal Democrat coalition government,,,
https://www.gov.uk/guidance/apply-for-an-exemption-from-making-tax-digital-for-income-tax,Apply for an exemption from Making Tax Digital for Income Tax,detailed_guide,515e8924-094a-4700-b286-ec3a0a316ea2,en,whitehall,2026-01-29T13:30:01.000Z,2026-01-29T13:30:01.000Z,,,844,"GOV.UK homepage,Business tax,Money",HM Revenue & Customs,HM Revenue & Customs,2024 Starmer Labour government,,,
https://www.gov.uk/guidance/apply-as-an-individual-to-receive-uk-rental-income-without-uk-tax-deducted,Apply as an individual to receive UK rental income without UK tax deducted,detailed_guide,755b5f19-5b2f-45b2-9016-c6034faed3de,en,whitehall,2024-09-05T12:31:09.000Z,2024-09-05T12:31:09.000Z,,,835,"GOV.UK homepage,Money,Personal tax,Non-resident landlord scheme",HM Revenue & Customs,HM Revenue & Customs,2024 Starmer Labour government,,,
https://www.gov.uk/guidance/local-housing-allowance,Local Housing Allowance,detailed_guide,e9c97e9f-37c5-464f-b20f-84dc69e81777,en,whitehall,2016-01-22T00:00:00.000Z,2024-11-01T10:56:35.000Z,,,832,"Money,GOV.UK homepage,Housing, local and community,Housing and communities",Valuation Office Agency,Valuation Office Agency,2015 to 2016 Cameron Conservative government,,,
https://www.gov.uk/guidance/how-to-correct-vat-errors-and-make-adjustments-or-claims-vat-notice-70045,How to correct VAT errors and make adjustments or claims (VAT Notice 700/45),detailed_guide,e3667b59-3dde-4191-9584-0beb4c147bc5,en,whitehall,2013-07-28T23:00:00.000Z,2025-09-05T12:43:12.000Z,,,822,"GOV.UK homepage,Accounting for VAT,VAT,Business tax,Money",HM Revenue & Customs,HM Revenue & Customs,2010 to 2015 Conservative and Liberal Democrat coalition government,,,
https://www.gov.uk/guidance/check-if-an-email-youve-received-from-hmrc-is-genuine,Check if an email you've received from HMRC is genuine,detailed_guide,8182a40f-bc8e-4a90-8c20-9758b99e1684,en,whitehall,2021-07-29T23:00:00.000Z,2026-02-03T15:04:48.000Z,,,819,"Dealing with HMRC,Phishing and scams,Money,GOV.UK homepage",HM Revenue & Customs,HM Revenue & Customs,2019 to 2022 Johnson Conservative government,,,
https://www.gov.uk/tax-on-pension-death-benefits,Tax on a private pension you inherit,answer,33268dcf-ec4f-4215-9ae5-b53b8615d1b4,en,publisher,2014-09-04T16:35:22.000Z,2016-04-05T23:01:11.284Z,,,818,"Work,Pensions,Income Tax,Workplace and personal pensions,Personal tax,Working, jobs and pensions,Money,Tax on pensions,GOV.UK homepage,Business tax,Pension scheme administration",Government Digital Service,"Department for Work and Pensions,HM Revenue & Customs",,,,
https://www.gov.uk/guidance/claim-a-refund-of-income-tax-deducted-from-savings-and-investments,Claim a refund if you've paid tax on your savings and investments,detailed_guide,87f90cac-1a74-491b-8f89-f6cf72d4e566,en,whitehall,2023-05-10T23:00:00.000Z,2025-11-13T15:41:41.000Z,,,816,"Income Tax,Money,Personal tax,GOV.UK homepage",HM Revenue & Customs,HM Revenue & Customs,2022 to 2024 Sunak Conservative government,,,
https://www.gov.uk/guidance/check-if-you-need-to-tell-hmrc-about-your-income-from-online-platforms,Check if you need to tell HMRC about your income from online platforms,detailed_guide,77beb520-89c2-4c7c-889a-cf79f77f9a37,en,whitehall,2024-11-28T00:00:00.000Z,2025-02-13T12:09:40.000Z,,,809,"Income Tax,Money,GOV.UK homepage,Capital Gains Tax,Self Assessment,Personal tax",HM Revenue & Customs,HM Revenue & Customs,2024 Starmer Labour government,,,
https://www.gov.uk/recover-statutory-payments,Get financial help with statutory pay,guide,abfde1c2-1e08-4eb0-98a4-2d2f65ba2016,en,publisher,2014-03-18T19:33:29.000Z,2015-02-27T16:53:31.000Z,,,793,"Employing people,Business tax,Payroll,Running a business,Money,GOV.UK homepage,Business and industry,Statutory pay and leave,Work,PAYE",Government Digital Service,HM Revenue & Customs,,,,
https://www.gov.uk/late-commercial-payments-interest-debt-recovery/charging-interest-commercial-debt,Late commercial payments: charging interest and debt recovery: Interest on late commercial payments,guide,a6c792aa-9f8a-4c2e-a3e7-d27015213500,en,publisher,2012-07-11T15:22:00.000Z,2016-08-10T12:41:59.219Z,,,788,"GOV.UK homepage,Court claims, debt and bankruptcy,Business and industry,Money,Running a business,Business debt and bankruptcy",Government Digital Service,"Department for Business and Trade,Department for Business, Energy & Industrial Strategy",,,,
https://www.gov.uk/guidance/change-a-charitys-details,Change a charity’s details,detailed_guide,0f86e9c2-7ca4-4d72-b0e5-90dc7fca15bd,en,whitehall,2025-04-30T08:53:32.000Z,2025-04-30T08:53:32.000Z,,,783,"Charity money, tax and accounts,Business and industry,Fundraising,Money,Business tax,Charities and social enterprises,GOV.UK homepage",HM Revenue & Customs,HM Revenue & Customs,2024 Starmer Labour government,,,
https://www.gov.uk/guidance/capital-gains-tax-for-non-residents-uk-residential-property,Tell HMRC about Capital Gains Tax on UK property or land if you’re not a UK resident,detailed_guide,deab5270-9105-48ec-afa3-897af11fffe6,en,whitehall,2015-04-05T23:00:00.000Z,2026-01-13T16:00:57.000Z,,,761,"GOV.UK homepage,Capital Gains Tax,Living or working abroad or offshore,Money,Personal tax,Property",HM Revenue & Customs,HM Revenue & Customs,2010 to 2015 Conservative and Liberal Democrat coalition government,,,
https://www.gov.uk/keeping-your-pay-tax-records,Keeping your pay and tax records,guide,a7aef437-da3d-4d93-90b9-cbb10ab9a7ab,en,publisher,2012-01-26T13:26:17.000Z,2015-03-23T15:44:11.000Z,,,755,"Working, jobs and pensions,Self-employment,Records you must keep,Self Assessment,Personal tax,Your pay, tax and the National Minimum Wage,Money,GOV.UK homepage,Work",Government Digital Service,HM Revenue & Customs,,,,
https://www.gov.uk/tax-credits-overpayments,Tax credits overpayments,guide,24f57ae2-9d84-4f39-9817-1fbc39478668,en,publisher,2012-01-24T10:18:00.000Z,2024-12-18T14:26:26.300Z,,,752,"Money,Dealing with HMRC,Tax credit overpayments,Parenting, childcare and children's services ,Tax credits,GOV.UK homepage,Financial help if you have children,Welfare,Tax credits if you have children,Paying HMRC",Government Digital Service,HM Revenue & Customs,,,,
https://www.gov.uk/possession-claim-online-recover-property,Possession Claim Online: recover property,transaction,5213fede-0e8a-4f0f-a4ee-2151fdcf8b18,en,publisher,2012-07-11T15:22:57.000Z,2024-11-13T10:36:50.583Z,,,747,"Money,Housing, local and community,Being a landlord and renting out a room,Housing and communities,Business debt and bankruptcy,Court claims, debt and bankruptcy,GOV.UK homepage,Running a business,Business and industry",Government Digital Service,"HM Courts & Tribunals Service,Ministry of Housing, Communities and Local Government",,,,
https://www.gov.uk/expenses-and-benefits-travel,Expenses and benefits: travel and subsistence,guide,ac8741a5-ab98-4b84-947c-c8b094970794,en,publisher,2012-10-03T18:08:27.000Z,2015-11-16T11:25:33.000Z,,,738,"GOV.UK homepage,Expenses and employee benefits,Money",Government Digital Service,"Department for Work and Pensions,HM Revenue & Customs",,,,
https://www.gov.uk/nova-log-in,Sign in to use the Notification of Vehicle Arrivals (NOVA) service ,transaction,ecf5a7c2-8587-4f76-8f2a-97b349051131,en,publisher,2014-09-29T15:23:17.000Z,2014-12-10T18:13:00.000Z,,,735,"Customs declarations, duties and tariffs (import and export),Money,GOV.UK homepage,Vehicle ownership, approval and standards,Business tax,Driving and road transport,Business and industry,VAT,Transport,Rules for specific goods and services,Vehicle import and export,Trade and investment",Government Digital Service,"Driver and Vehicle Licensing Agency,HM Revenue & Customs",,,,
https://www.gov.uk/guidance/manage-a-registered-pension-scheme,Manage a registered pension scheme,detailed_guide,1faa6ae3-e210-4b1f-a728-993f937fd3c7,en,whitehall,2018-06-03T23:00:00.000Z,2024-05-09T10:26:50.000Z,,,735,"Administering a pension scheme,Business tax,Pension scheme administration,Money,GOV.UK homepage",HM Revenue & Customs,HM Revenue & Customs,2016 to 2019 May Conservative government,,,
https://www.gov.uk/guidance/vat-reverse-charge-technical-guide,VAT domestic reverse charge technical guide,detailed_guide,30f9c26e-45d1-4dbb-b533-0b21826a4fa5,en,whitehall,2020-09-23T23:00:00.000Z,2024-09-18T13:52:19.000Z,,,726,"Business tax,GOV.UK homepage,VAT,Rules for particular trades,Money",HM Revenue & Customs,HM Revenue & Customs,2019 to 2022 Johnson Conservative government,,,
https://www.gov.uk/guidance/guidelines-for-using-generative-artificial-intelligence-if-youre-a-software-developer,Guidelines for using generative artificial intelligence if you’re a software developer,detailed_guide,4f1b5e9e-cdf0-41cb-9b93-27393ad2a140,en,whitehall,2026-01-28T09:00:05.000Z,2026-01-28T09:00:05.000Z,,,726,"Dealing with HMRC,Money,GOV.UK homepage,Software development for HMRC,Software development support",HM Revenue & Customs,HM Revenue & Customs,2024 Starmer Labour government,,,
https://www.gov.uk/importing-vehicles-into-the-uk,Importing vehicles into the UK,guide,e41f9444-ba8b-4c88-97c3-ba0c9536ba4c,en,publisher,2012-01-26T13:57:15.000Z,2024-12-10T17:11:28.731Z,,,725,"Business and industry,Trade and investment,Paying HMRC,VAT,Business tax,Customs declarations, duties and tariffs (import and export),GOV.UK homepage,Transport,Driving and road transport,Vehicle import and export,Vehicle ownership, approval and standards,Money,Dealing with HMRC",Government Digital Service,"Driver and Vehicle Licensing Agency,HM Revenue & Customs",,,,
https://www.gov.uk/guidance/work-out-inheritance-tax-due-on-gifts,Work out Inheritance Tax due on gifts,detailed_guide,d9267ca7-10b1-4bc4-8cc1-f9b17618fb19,en,whitehall,2021-12-03T00:00:00.000Z,2026-02-11T14:30:50.000Z,,,722,"Inheritance Tax,Working out the tax,Personal tax,Money,GOV.UK homepage",HM Revenue & Customs,HM Revenue & Customs,2019 to 2022 Johnson Conservative government,,,
https://www.gov.uk/guidance/venture-capital-schemes-apply-to-use-the-seed-enterprise-investment-scheme,Apply to use the Seed Enterprise Investment Scheme to raise money for your company,detailed_guide,089d872a-7f21-4eb5-87e4-519abcb0237b,en,whitehall,2017-06-15T23:00:00.000Z,2023-05-25T13:45:48.000Z,,,722,"Business tax reform,Money,GOV.UK homepage,Investment schemes,Business tax,Venture capital schemes",HM Revenue & Customs,HM Revenue & Customs,2016 to 2019 May Conservative government,,,
https://www.gov.uk/guidance/report-your-capital-gains-tax-on-uk-property-by-post,Report your Capital Gains Tax on UK property by post,detailed_guide,dc18adab-c30e-401d-ac62-8d0caeaff6d2,en,whitehall,2024-04-05T23:00:00.000Z,2025-12-11T08:46:55.000Z,,,722,"Capital Gains Tax,Money,GOV.UK homepage,Personal tax",HM Revenue & Customs,HM Revenue & Customs,2022 to 2024 Sunak Conservative government,,,
https://www.gov.uk/guidance/reporting-serious-tax-avoidance-or-evasion,Reporting serious tax avoidance or evasion,detailed_guide,fbcb5575-3be0-4ab1-a52d-3d3b15c5566a,en,whitehall,2025-11-26T00:00:00.000Z,2025-11-26T00:00:00.000Z,,,716,"Dealing with HMRC,Tax evasion and avoidance,Tax avoidance,GOV.UK homepage,Money",HM Revenue & Customs,HM Revenue & Customs,2024 Starmer Labour government,,,
https://www.gov.uk/guidance/vat-on-goods-exported-from-the-uk-notice-703,VAT on goods exported from the UK (VAT Notice 703),detailed_guide,eb3cd169-4c2c-486c-a5b5-d4f0e5448758,en,whitehall,2014-03-24T00:00:00.000Z,2026-02-13T10:02:15.000Z,,,715,"Exporting goods and services,Business and industry,VAT,Business tax,Money,GOV.UK homepage,Trade and investment",HM Revenue & Customs,HM Revenue & Customs,2010 to 2015 Conservative and Liberal Democrat coalition government,,,
https://www.gov.uk/employers-paternity-pay-leave,Statutory Paternity Pay and Leave: employer guide,guide,0f1dbf44-e485-4ec8-a498-029496db01e0,en,publisher,2012-08-03T15:59:11.000Z,2024-11-27T14:04:13.815Z,,,712,"Money,Business and industry,GOV.UK homepage,Employing people,Running a business,PAYE,Business tax",Government Digital Service,"Department for Business and Trade,HM Revenue & Customs",,,,
https://www.gov.uk/guidance/stamp-duty-land-tax-corporate-bodies,Stamp Duty Land Tax: corporate bodies,detailed_guide,c5d4a937-bfec-4192-a946-9ce5c89a71fc,en,whitehall,2015-11-27T00:00:00.000Z,2025-05-02T14:51:18.000Z,,,704,"Tax agent and adviser guidance,Stamp duty and other tax on property,GOV.UK homepage,Dealing with HMRC,Business tax,Money",HM Revenue & Customs,HM Revenue & Customs,2015 to 2016 Cameron Conservative government,,,
https://www.gov.uk/guidance/pay-for-imports-declared-using-the-customs-declaration-service,Pay for imports declared using the Customs Declaration Service,detailed_guide,d433ca57-ee18-413f-870e-b3d380a45d55,en,whitehall,2021-05-04T23:00:00.000Z,2024-09-09T09:12:50.000Z,,,699,"Dealing with HMRC,Paying HMRC,Business and industry,Money,Customs declarations, duties and tariffs (import and export),Trade and investment,GOV.UK homepage",HM Revenue & Customs,HM Revenue & Customs,2019 to 2022 Johnson Conservative government,,,
https://www.gov.uk/employers-workplace-pensions-rules,Workplace pensions - what your employer can and cannot do,answer,02be77e0-f3a0-4e87-a907-99977a27be3a,en,publisher,2012-10-17T16:27:22.000Z,2015-01-26T15:43:39.000Z,,,698,"GOV.UK homepage,Work,Workplace and personal pensions,Pension scheme administration,Paying into a pension scheme,Working, jobs and pensions,Business tax,Money",Government Digital Service,"Department for Work and Pensions,HM Revenue & Customs",,,,
https://www.gov.uk/statutory-demands,"Make and serve a statutory demand, or challenge one ",guide,1a7e9cdc-b808-4640-b83f-6337c51b0bb5,en,publisher,2012-01-26T13:07:06.000Z,2015-10-01T09:12:59.000Z,,,692,"Court claims, debt and bankruptcy,Money,GOV.UK homepage",Government Digital Service,"Department for Business and Trade,HM Courts & Tribunals Service,The Insolvency Service,Department for Business, Energy & Industrial Strategy",,,,
https://www.gov.uk/guidance/what-will-happen-if-you-do-not-pay-your-tax-bill,What will happen if you do not pay your tax bill,detailed_guide,14a5dd34-cffc-4045-9319-9322c433261f,en,whitehall,2021-10-17T23:00:00.000Z,2025-09-11T23:15:05.000Z,,,690,"Dealing with HMRC,Money,GOV.UK homepage,Payment problems,Paying HMRC",HM Revenue & Customs,HM Revenue & Customs,2019 to 2022 Johnson Conservative government,,,
https://www.gov.uk/pay-psa,Pay a PAYE Settlement Agreement,guide,deb19bb5-d151-4037-991f-2201cf278199,en,publisher,2014-07-25T16:20:50.000Z,2024-12-19T16:17:36.303Z,,,688,"Payroll,Employing people,GOV.UK homepage,Business and industry,PAYE ,Running a business,Money,Business tax,Dealing with HMRC,PAYE,Paying HMRC,Work",Government Digital Service,HM Revenue & Customs,,,,
https://www.gov.uk/directors-loans,Director's loans,guide,268b282b-2d22-4b77-9060-d8e883cc767e,en,publisher,2012-10-16T20:13:12.000Z,2015-04-24T09:40:49.000Z,,,686,"Business and industry,Business tax,Running a business,GOV.UK homepage,Working out your Corporation Tax,Money,Corporation Tax",Government Digital Service,HM Revenue & Customs,,,,
https://www.gov.uk/tax-property-money-shares-you-inherit,"Tax on property, money and shares you inherit",guide,0aba4ddc-454c-4fd0-95f4-6e20211e56c3,en,publisher,2014-12-11T17:33:48.000Z,2014-12-12T14:11:01.000Z,,,683,"GOV.UK homepage,Money,Personal tax,Death and bereavement,Life circumstances,Inheritance Tax",Government Digital Service,HM Revenue & Customs,,,,
https://www.gov.uk/guidance/check-if-you-can-get-an-additional-inheritance-tax-threshold,Check if an estate qualifies for the Inheritance Tax residence nil rate band,detailed_guide,2b630981-6bef-4c7f-b6ed-7f8dab6ae55f,en,whitehall,2017-04-05T23:00:00.000Z,2025-04-05T23:15:09.000Z,,,682,"Personal tax,Inheritance Tax,GOV.UK homepage,Money",HM Revenue & Customs,HM Revenue & Customs,2016 to 2019 May Conservative government,,,
https://www.gov.uk/anti-money-laundering-registration,Anti-money laundering registration,answer,bc90b2be-d0e9-4423-8bd6-b7bc9cd41eac,en,publisher,2012-09-26T18:36:07.000Z,2014-12-04T17:13:23.000Z,,,681,"GOV.UK homepage,Dealing with HMRC,Tax compliance,Money",Government Digital Service,HM Revenue & Customs,,,,
https://www.gov.uk/guidance/check-which-countrys-social-security-legislation-applies-to-you-ca8421i,Apply for a certificate to confirm you pay UK National Insurance when working in 2 or more countries (CA8421),detailed_guide,a82e9d34-1ee4-4fdc-9d20-94abcc8cc8eb,en,whitehall,2020-11-02T00:00:00.000Z,2023-12-01T00:00:07.000Z,,,676,"Personal tax,Money,National Insurance,British nationals overseas,GOV.UK homepage,Going and being abroad",HM Revenue & Customs,HM Revenue & Customs,2019 to 2022 Johnson Conservative government,,,
https://www.gov.uk/get-paye-forms-p45-p60,"Getting P45, P60 and other forms: employer guide",answer,b8b5b409-a2cc-4b6c-972d-eb7072c21626,en,publisher,2015-05-13T10:59:14.000Z,2020-07-31T23:01:02.257Z,,,675,"Business tax,Running a business,PAYE,Work,Business and industry,Money,GOV.UK homepage,Employing people,Annual PAYE and payroll tasks,Payroll",Government Digital Service,HM Revenue & Customs,,,,
https://www.gov.uk/guidance/accessing-hmrc-online-services-using-govuk-one-login,Accessing HMRC online services using GOV.UK One Login,detailed_guide,b5afb22c-97da-495c-8b0e-831e2cf1590f,en,whitehall,2024-02-27T00:00:00.000Z,2026-02-09T11:00:09.000Z,,,674,"Business tax,Dealing with HMRC,Personal tax,GOV.UK homepage,Money",HM Revenue & Customs,HM Revenue & Customs,2022 to 2024 Sunak Conservative government,,,
https://www.gov.uk/options-if-youre-owed-money,Options if you're owed money,answer,8491c423-f9d3-41c5-8908-736cb88b9cf2,en,publisher,2012-10-15T15:01:16.000Z,2015-08-21T10:00:42.000Z,,,664,"Court claims, debt and bankruptcy,GOV.UK homepage,Money",Government Digital Service,"HM Courts & Tribunals Service,The Insolvency Service",,,,
https://www.gov.uk/guidance/get-copies-of-your-duty-deferment-statements,Get copies of your duty deferment statements,detailed_guide,ce67f005-aef2-4726-914f-51d7b91027e6,en,whitehall,2019-08-08T23:00:00.000Z,2024-08-12T11:57:44.000Z,,,662,"Trade and investment,Importing,Business and industry,Get goods through customs,Customs declarations, duties and tariffs (import and export),Money,Importing goods and services,Business tax,GOV.UK homepage,VAT",HM Revenue & Customs,HM Revenue & Customs,2019 to 2022 Johnson Conservative government,,,
https://www.gov.uk/guidance/get-help-to-correct-an-employer-paye-bill,Get help to correct an employer PAYE bill,detailed_guide,80664582-116e-4520-90d6-46fcfcc39b46,en,whitehall,2025-08-05T23:00:00.000Z,2026-02-04T13:02:24.000Z,,,659,"Business tax,Running a business,Employing people,PAYE,Money,Payroll,GOV.UK homepage,Business and industry",HM Revenue & Customs,HM Revenue & Customs,2024 Starmer Labour government,,,
https://www.gov.uk/tax-relief-selling-home,Work out tax relief when you sell your home,simple_smart_answer,b92f788f-3e9f-4c4d-b03b-1a696fef9fb2,en,publisher,2014-10-13T12:00:28.000Z,2015-11-17T07:45:09.000Z,,,645,"Money,GOV.UK homepage,Property,Personal tax,Capital Gains Tax",Government Digital Service,HM Revenue & Customs,,,,
https://www.gov.uk/guidance/how-to-enrol-a-tax-service-onto-your-hmrc-online-services-account,Sign in or enrol a tax service onto your HMRC online services for agents account,detailed_guide,4f1b03a3-6613-403b-8f03-06b6f66c37d1,en,whitehall,2022-09-06T23:00:00.000Z,2024-10-24T09:42:27.000Z,,,639,"Tax agent and adviser guidance,Dealing with HMRC,Money,GOV.UK homepage",HM Revenue & Customs,HM Revenue & Customs,2022 Truss Conservative government,,,
https://www.gov.uk/guidance/check-if-a-text-message-youve-received-from-hmrc-is-genuine,Check if a text message you've received from HMRC is genuine,detailed_guide,37681adb-4162-4e0d-b238-2ca962554a3a,en,whitehall,2021-07-29T23:00:00.000Z,2026-02-05T13:49:52.000Z,,,637,"Money,GOV.UK homepage,Dealing with HMRC,Phishing and scams",HM Revenue & Customs,HM Revenue & Customs,2019 to 2022 Johnson Conservative government,,,
https://www.gov.uk/guidance/stamp-duty-land-tax-relief-for-land-or-property-transactions,Stamp Duty Land Tax relief for land or property transactions,detailed_guide,602e54d6-7631-11e4-a3cb-005056011aef,en,whitehall,2014-05-05T23:00:00.000Z,2025-07-09T09:53:10.000Z,,,634,"GOV.UK homepage,Money,Stamp duty and other tax on property,SDLT on specific transactions,Business tax",HM Revenue & Customs,HM Revenue & Customs,2010 to 2015 Conservative and Liberal Democrat coalition government,,,
https://www.gov.uk/alter-a-will-after-a-death,Change a will after a death,answer,4b9e0144-d5ea-4353-9480-cbdf868e9529,en,publisher,2014-12-09T11:38:18.000Z,2014-12-12T14:11:04.000Z,,,631,"Personal tax,Death and bereavement,GOV.UK homepage,Inheritance Tax,Money,Wills and probate,Life circumstances",Government Digital Service,"HM Courts & Tribunals Service,HM Revenue & Customs",,,,
https://www.gov.uk/find-an-insolvency-practitioner,Find an insolvency practitioner,transaction,86e9a768-4162-4d75-9744-f92f56f461ae,en,publisher,2012-10-15T15:18:28.000Z,2014-10-02T15:13:25.000Z,,,623,"Court claims, debt and bankruptcy,Running a business,Money,Business debt and bankruptcy,GOV.UK homepage,Business and industry",Government Digital Service,The Insolvency Service,,,,
https://www.gov.uk/guidance/dedicated-helplines-and-contacts-for-authorised-agents,Dedicated helplines and contacts for tax agents,detailed_guide,658eb0c7-f755-4bd3-80af-40038378a5f6,en,whitehall,2014-01-01T00:00:00.000Z,2024-10-07T07:00:02.000Z,,,619,"Tax agent and adviser guidance,Dealing with HMRC,GOV.UK homepage,Money",HM Revenue & Customs,HM Revenue & Customs,2010 to 2015 Conservative and Liberal Democrat coalition government,,,
https://www.gov.uk/guidance/alcohol-duty-rates,Alcohol Duty rates,detailed_guide,d10cd955-7d62-460b-8e5d-dd03ce89ff8a,en,whitehall,2023-08-22T23:00:00.000Z,2026-02-01T00:15:01.000Z,,,618,"GOV.UK homepage,Money,Business tax,Alcohol duty",HM Revenue & Customs,HM Revenue & Customs,2022 to 2024 Sunak Conservative government,,,
https://www.gov.uk/guidance/apply-for-a-certificate-or-document-if-self-employed-in-the-eu-eea-or-switzerland-ca3837,Apply for a certificate to confirm you will pay UK National Insurance while self-employed abroad temporarily (CA3837),detailed_guide,49683462-ca62-4b4b-a3c1-6355f02eb715,en,whitehall,2020-12-26T00:00:00.000Z,2024-11-11T09:09:43.000Z,,,616,"Going and being abroad,National Insurance,British nationals overseas,Money,Personal tax,GOV.UK homepage",HM Revenue & Customs,HM Revenue & Customs,2019 to 2022 Johnson Conservative government,,,
https://www.gov.uk/guidance/working-through-an-umbrella-company,Working through an umbrella company,detailed_guide,8ea8284a-d340-4a25-acd0-226f93aa702c,en,whitehall,2021-04-28T23:00:00.000Z,2025-09-17T14:00:00.000Z,,,612,"Income Tax,Working, jobs and pensions,Work,Personal tax,Money,GOV.UK homepage,Contracts and working hours",HM Revenue & Customs,HM Revenue & Customs,2019 to 2022 Johnson Conservative government,,,
https://www.gov.uk/staff-redundant,Making staff redundant,guide,ae878ae2-0fa9-420e-ba2e-87c8d855e771,en,publisher,2012-10-24T16:16:10.000Z,2014-12-30T16:54:58.000Z,,,611,"Business tax,Money,Business and industry,Work,Dismissing staff and redundancies,GOV.UK homepage,PAYE,Working, jobs and pensions,Running a business,Changes to the business that affect PAYE,Employing people,Redundancies, dismissals and disciplinaries",Government Digital Service,"Department for Business and Trade,HM Revenue & Customs,Department for Business, Energy & Industrial Strategy",,,,
https://www.gov.uk/guidance/vat-domestic-reverse-charge-for-building-and-construction-services,Check when you must use the VAT domestic reverse charge for building and construction services,detailed_guide,2a8ef792-c1d9-4fff-9641-75df362c7a5c,en,whitehall,2019-06-07T13:49:00.000Z,2020-09-24T09:00:00.000Z,,,607,"Rules for particular trades,Business tax,Money,Dealing with HMRC,VAT,Tax agent and adviser guidance,GOV.UK homepage",HM Revenue & Customs,HM Revenue & Customs,2016 to 2019 May Conservative government,,,
https://www.gov.uk/guidance/submit-detailed-information-before-you-claim-research-and-development-rd-tax-relief,Additional information you must submit before you claim Research and Development tax relief,detailed_guide,27554358-fb6a-4c21-891b-80d6056594bc,en,whitehall,2023-03-31T23:00:00.000Z,2025-09-26T14:39:22.000Z,,,603,"GOV.UK homepage,Money,Science and innovation,Corporation Tax,Scientific research and development,Business tax,Business and industry",HM Revenue & Customs,HM Revenue & Customs,2022 to 2024 Sunak Conservative government,,,
https://www.gov.uk/guidance/tell-hmrc-if-you-have-a-new-job-or-more-than-one-job,Tell HMRC if you have a new job or more than one job,detailed_guide,0d6521a6-6f93-496a-a72c-c71e0657a03c,en,whitehall,2025-01-16T10:00:00.000Z,2025-01-16T12:01:13.000Z,,,600,"Income Tax,Money,Personal tax,GOV.UK homepage",HM Revenue & Customs,HM Revenue & Customs,2024 Starmer Labour government,,,
https://www.gov.uk/change-your-companys-year-end,Change your company's year end,answer,aaf2127f-8658-4fcf-bdaa-8aababbb1c81,en,publisher,2012-10-15T09:55:40.000Z,2015-04-29T16:39:10.000Z,,,592,"GOV.UK homepage,Changes to your company,Business and industry,Business tax,Corporation Tax,Running a business,Money",Government Digital Service,"HM Revenue & Customs,Companies House",,,,
https://www.gov.uk/payslips,Payslips: employee rights,answer,21079ff0-9cd8-4a13-9894-1f37349b7d7a,en,publisher,2011-07-27T11:22:42.000Z,2015-10-21T14:23:10.000Z,,,589,"Personal tax,GOV.UK homepage,Money,Working, jobs and pensions,Your pay, tax and the National Minimum Wage,Work,Income Tax",Government Digital Service,"Department for Business, Innovation & Skills,Department for Work and Pensions,HM Revenue & Customs",,,,
https://www.gov.uk/guidance/check-what-taxes-may-apply-to-you-as-a-sole-trader,Check what taxes may apply to you as a sole trader,detailed_guide,4b589632-db2a-4279-8c80-f24c53e52c3f,en,whitehall,2024-07-30T23:00:00.000Z,2024-07-30T23:00:00.000Z,,,584,"Business tax,GOV.UK homepage,Money",HM Revenue & Customs,HM Revenue & Customs,2024 Starmer Labour government,,,
https://www.gov.uk/guidance/pay-stamp-duty,Pay Stamp Duty on shares,detailed_guide,60242cb8-7631-11e4-a3cb-005056011aef,en,whitehall,2014-10-30T00:00:00.000Z,2022-02-25T00:15:01.000Z,,,582,"Dealing with HMRC,Stamp duty on shares,Business tax,Money,GOV.UK homepage,Paying HMRC,Shares,Stamp tax on paper shares",HM Revenue & Customs,HM Revenue & Customs,2010 to 2015 Conservative and Liberal Democrat coalition government,,,
https://www.gov.uk/national-insurance-if-you-go-abroad,National Insurance if you work abroad,answer,833a9ae0-7045-4209-b817-def774f3dfbf,en,publisher,2012-10-15T17:27:16.000Z,2015-01-27T14:55:17.000Z,,,581,"Living abroad,Countries (Living In),Money,Help and services around the world,GOV.UK homepage,Going and being abroad,Tax, benefits, pensions and working abroad,Personal tax,National Insurance",Government Digital Service,"Department for Work and Pensions,HM Revenue & Customs",,,,
https://www.gov.uk/guidance/calculate-your-public-service-pension-adjustment,Calculate your public service pension adjustment,detailed_guide,8370a361-9d5f-4113-af4f-675384292236,en,whitehall,2023-10-04T23:00:00.000Z,2025-03-21T12:00:14.000Z,,,578,"Business tax,Money,Pension scheme administration,GOV.UK homepage",HM Revenue & Customs,HM Revenue & Customs,2022 to 2024 Sunak Conservative government,,,
https://www.gov.uk/guidance/paying-back-the-winter-fuel-payment,Paying back the Winter Fuel Payment,detailed_guide,200a4547-f8fb-4542-96b7-11e4af62bb0a,en,whitehall,2025-11-12T08:00:00.000Z,2026-02-17T08:37:10.000Z,,,576,"Welfare,Personal tax,Income Tax,Heating and housing benefits,Money,GOV.UK homepage",HM Revenue & Customs,HM Revenue & Customs,2024 Starmer Labour government,,,
https://www.gov.uk/guidance/register-a-partner-for-self-assessment-and-class-2-national-insurance,Register a partner for Self Assessment and Class 2 National Insurance,detailed_guide,88c642cc-af7d-45ca-ba08-be67f664de87,en,whitehall,2024-04-22T23:00:00.000Z,2024-12-17T11:52:20.000Z,,,571,"Money,Personal tax,Self Assessment,GOV.UK homepage",HM Revenue & Customs,HM Revenue & Customs,2022 to 2024 Sunak Conservative government,,,
https://www.gov.uk/object-to-a-limited-company-being-struck-off,Object to a limited company being struck off,guide,84f15ecd-10e2-4aa8-ab61-fdc06b25654a,en,publisher,2014-09-23T11:24:04.000Z,2018-03-20T09:28:04.817Z,,,567,"Money,GOV.UK homepage,Court claims, debt and bankruptcy,Business and industry,Running a business",Government Digital Service,Companies House,,,,
https://www.gov.uk/business-relief-inheritance-tax,Business Relief for Inheritance Tax,guide,ff7f1aaf-3c7d-489d-a2bd-7a97960b6305,en,publisher,2014-12-09T18:01:13.000Z,2014-12-10T18:05:54.000Z,,,561,"Inheritance Tax,GOV.UK homepage,Money,Personal tax,Life circumstances,Death and bereavement,Reliefs",Government Digital Service,HM Revenue & Customs,,,,
https://www.gov.uk/guidance/tell-hmrc-about-a-car-provided-to-an-employee-for-private-use,Tell HMRC about a car provided to an employee for private use,detailed_guide,ca735c2c-cc32-49e6-9933-529a9d0533f2,en,whitehall,2024-12-11T00:00:00.000Z,2024-12-11T00:00:00.000Z,,,560,"Money,GOV.UK homepage,Business tax,PAYE",HM Revenue & Customs,HM Revenue & Customs,2024 Starmer Labour government,,,
https://www.gov.uk/guidance/claim-a-tax-refund-if-youve-stopped-work-and-flexibly-accessed-all-of-your-pension-p50z,Claim a tax refund if you've stopped work and flexibly accessed all of your pension (P50Z),detailed_guide,1145fcbe-0d71-44db-bcca-b029ffffcbf6,en,whitehall,2023-09-28T23:00:00.000Z,2025-05-01T12:01:10.000Z,,,560,"Personal tax,Overpayments and underpayments,Income Tax,Tax on savings and investments,Pensions,Money,GOV.UK homepage",HM Revenue & Customs,HM Revenue & Customs,2022 to 2024 Sunak Conservative government,,,
https://www.gov.uk/simpler-income-tax-cash-basis,Cash basis,guide,9cb9460b-4e27-4d62-a35a-11d087bee1da,en,publisher,2013-04-08T00:00:59.000Z,2021-07-21T11:16:21.984Z,,,560,"Self-employment,Business tax,Personal tax,Self Assessment,GOV.UK homepage,Tax and National Insurance,Work,Money",Government Digital Service,HM Revenue & Customs,,,,
https://www.gov.uk/guidance/send-details-to-support-your-vat-repayment-claim,Send details to support your VAT repayment claim,detailed_guide,64fa6df9-5596-4230-af00-423d0241f98a,en,whitehall,2022-11-02T00:00:00.000Z,2025-12-09T11:46:04.000Z,,,555,"Compliance checks,Tax compliance,Dealing with HMRC,Business tax,Money,GOV.UK homepage,VAT",HM Revenue & Customs,HM Revenue & Customs,2022 to 2024 Sunak Conservative government,,,
https://www.gov.uk/guidance/partial-exemption-vat-notice-706,Partial exemption (VAT Notice 706),detailed_guide,dc55ddc7-e057-42e9-83df-caf4646abfc8,en,whitehall,2011-06-15T23:00:00.000Z,2025-12-16T14:51:57.000Z,,,550,"GOV.UK homepage,Dealing with HMRC,Money,VAT,Business tax",HM Revenue & Customs,HM Revenue & Customs,2010 to 2015 Conservative and Liberal Democrat coalition government,,,
https://www.gov.uk/guidance/venture-capital-schemes-apply-for-the-enterprise-investment-scheme,Apply to use the Enterprise Investment Scheme to raise money for your company,detailed_guide,ebf228b2-0419-480e-a5f1-5e414075487a,en,whitehall,2016-01-01T00:00:00.000Z,2023-01-31T00:15:03.000Z,,,540,"Investment schemes,GOV.UK homepage,Venture capital schemes,Business tax,Money",HM Revenue & Customs,HM Revenue & Customs,2015 to 2016 Cameron Conservative government,,,
https://www.gov.uk/guidance/register-as-a-sole-trader-subcontractor-or-apply-for-gross-payment-status,Register as a sole trader subcontractor or apply for gross payment status,detailed_guide,70bed456-5425-4ce6-9678-834b8c9ff11d,en,whitehall,2009-08-26T23:00:00.000Z,2024-12-20T15:09:49.000Z,,,538,"GOV.UK homepage,Business tax,Construction Industry Scheme (CIS),Money",HM Revenue & Customs,HM Revenue & Customs,2007 to 2010 Brown Labour government,,,
https://www.gov.uk/guidance/find-out-how-to-register-as-a-professional-tax-agent-with-hmrc,Find out how to register as a professional tax agent with HMRC,detailed_guide,14137f8d-5932-479f-b3f1-70eb0657a607,en,whitehall,2022-09-06T23:00:00.000Z,2024-11-28T10:23:59.000Z,,,536,"Tax agent and adviser guidance,GOV.UK homepage,Dealing with HMRC,Money",HM Revenue & Customs,HM Revenue & Customs,2022 Truss Conservative government,,,
https://www.gov.uk/transferring-your-pension,Transferring your pension,guide,fc8cc90a-164d-4b4f-989b-2be237145ebb,en,publisher,2014-09-04T16:35:22.000Z,2024-10-30T14:08:26.154Z,,,536,"Income Tax,Workplace and personal pensions,Pensions,Personal tax,Work,Pension scheme administration,Working, jobs and pensions,Business tax,Money,GOV.UK homepage,Paying into a pension scheme",Government Digital Service,"Department for Work and Pensions,HM Revenue & Customs",,,,
https://www.gov.uk/guidance/vat-on-motoring-expenses-notice-70064,Motoring expenses (VAT Notice 700/64),detailed_guide,824f2e17-0b42-4ae7-b6b4-91baed6026f4,en,whitehall,2014-02-13T00:00:00.000Z,2024-12-19T09:39:53.000Z,,,533,"GOV.UK homepage,VAT returns,VAT,Business tax,Money,Accounting for VAT",HM Revenue & Customs,HM Revenue & Customs,2010 to 2015 Conservative and Liberal Democrat coalition government,,,
https://www.gov.uk/pay-class-1a-national-insurance,Pay employers' Class 1A National Insurance,guide,6602dce6-38c1-4592-882b-e177fd72fe9f,en,publisher,2014-09-17T17:26:00.000Z,2024-12-31T09:13:14.804Z,,,530,"Payroll,Business tax,PAYE,Paying HMRC,Running a business,Employing people,GOV.UK homepage,PAYE ,Business and industry,Work,Money,Dealing with HMRC",Government Digital Service,HM Revenue & Customs,,,,
https://www.gov.uk/guidance/help-and-support-for-making-tax-digital,HMRC videos and webinars for Making Tax Digital for Income Tax,detailed_guide,30c09445-9bd4-4977-8be7-738ff83dcd66,en,whitehall,2018-05-30T23:00:00.000Z,2026-02-06T08:48:44.000Z,,,530,"Tax agent and adviser guidance,GOV.UK homepage,Personal tax,Money,Dealing with HMRC,Working with HMRC - joint initiatives,Income Tax",HM Revenue & Customs,HM Revenue & Customs,2016 to 2019 May Conservative government,,,
https://www.gov.uk/guidance/register-with-hmrc-to-use-an-agent-services-account,Register with HMRC for an agent services account,detailed_guide,88c71cdf-7a15-46b9-a0da-8538a3b9027f,en,whitehall,2019-11-04T00:00:00.000Z,2025-09-14T23:15:00.000Z,,,525,"Dealing with HMRC,GOV.UK homepage,Agent authorisation,Tax agent and adviser guidance,Money",HM Revenue & Customs,HM Revenue & Customs,2019 to 2022 Johnson Conservative government,,,
https://www.gov.uk/guidance/claim-the-residence-nil-rate-band,Claim the residence nil rate band,detailed_guide,8658d4ac-aaaa-4c66-a7ad-261b3b225619,en,whitehall,2023-07-30T23:00:00.000Z,2025-04-05T23:15:22.000Z,,,525,"Money,GOV.UK homepage,Inheritance Tax,Personal tax",HM Revenue & Customs,HM Revenue & Customs,2022 to 2024 Sunak Conservative government,,,
https://www.gov.uk/guidance/money-laundering-regulations-your-responsibilities,Your responsibilities under money laundering supervision,detailed_guide,602e5355-7631-11e4-a3cb-005056011aef,en,whitehall,2013-08-04T23:00:00.000Z,2025-05-23T11:45:24.000Z,,,522,"Your role under the regulations,GOV.UK homepage,Money laundering regulations,Money",HM Revenue & Customs,HM Revenue & Customs,2010 to 2015 Conservative and Liberal Democrat coalition government,,,
https://www.gov.uk/guidance/corporation-tax-paying-in-instalments,Pay Corporation Tax if you’re a large company,detailed_guide,601d5af3-7631-11e4-a3cb-005056011aef,en,whitehall,2007-01-01T00:00:00.000Z,2025-01-27T09:16:47.000Z,,,521,"GOV.UK homepage,Payments and refunds,Dealing with HMRC,Corporation Tax,Business tax,Paying HMRC,Money",HM Revenue & Customs,HM Revenue & Customs,1997 to 2007 Blair Labour government,,,
https://www.gov.uk/tell-hmrc-company-car,Tell HMRC about an employee's company car,answer,4bb125d3-d7b8-425e-8951-710240983dbc,en,publisher,2015-04-07T14:28:23.000Z,2015-05-05T13:55:24.000Z,,,521,"Money,PAYE,Business and industry,GOV.UK homepage,Running a business,Payroll,Business tax,Employing people,Work",Government Digital Service,HM Revenue & Customs,,,,
https://www.gov.uk/guidance/money-laundering-regulations-who-needs-to-register,Who needs to register for money laundering supervision,detailed_guide,602e38d7-7631-11e4-a3cb-005056011aef,en,whitehall,2014-10-22T23:00:00.000Z,2023-08-23T11:26:35.000Z,,,521,"Dealing with HMRC,Money laundering regulations,GOV.UK homepage,Money,Tax agent and adviser guidance",HM Revenue & Customs,HM Revenue & Customs,2010 to 2015 Conservative and Liberal Democrat coalition government,,,
https://www.gov.uk/inheritance-tax-reduced-rate-calculator,Inheritance Tax reduced rate calculator,transaction,83581a55-e071-4f5b-818d-6d8af8319af4,en,publisher,2014-11-27T15:59:07.000Z,2014-11-28T11:54:03.000Z,,,521,"Inheritance Tax,GOV.UK homepage,Money,Working out the tax,Personal tax",Government Digital Service,HM Revenue & Customs,,,,
https://www.gov.uk/payroll-errors/correcting-payments-to-hmrc,Fix problems with running payroll: You paid HMRC the wrong amount,guide,6de2a5b5-5d33-42a4-97bf-35f56a1e1295,en,publisher,2014-06-12T11:50:10.000Z,2024-12-23T08:00:06.836Z,,,516,"Employing people,GOV.UK homepage,Business and industry,PAYE,Business tax,Payroll,Work,Running a business,Money",Government Digital Service,HM Revenue & Customs,,,,
https://www.gov.uk/guidance/flat-rate-scheme-for-small-businesses-vat-notice-733--2,Flat Rate Scheme for small businesses (VAT Notice 733),detailed_guide,dceb6d61-f7aa-4a8f-b0aa-1c14f97486fa,en,whitehall,2022-10-05T23:00:00.000Z,2025-12-18T09:29:07.000Z,,,515,"VAT,GOV.UK homepage,Business tax,Money",HM Revenue & Customs,HM Revenue & Customs,2022 Truss Conservative government,,,
https://www.gov.uk/guidance/confirm-a-tax-check-for-taxi-private-hire-or-scrap-metal-licence-applications,"Confirm a tax check for taxi, private hire or scrap metal licence applications",detailed_guide,67af4b5d-e007-4478-8d24-6e006fc9b612,en,whitehall,2022-01-10T09:59:00.000Z,2023-09-11T10:11:58.000Z,,,509,"Dealing with HMRC,Tax evasion and avoidance,Money,GOV.UK homepage,Tax compliance",HM Revenue & Customs,HM Revenue & Customs,2019 to 2022 Johnson Conservative government,,,
https://www.gov.uk/guidance/food-products-and-vat-notice-70114,Food products (VAT Notice 701/14),detailed_guide,f03ccad0-d45d-4184-9642-d579d8cc4523,en,whitehall,2014-02-10T00:00:00.000Z,2024-05-03T15:12:12.000Z,,,509,"GOV.UK homepage,Money,Business tax,VAT",HM Revenue & Customs,HM Revenue & Customs,2010 to 2015 Conservative and Liberal Democrat coalition government,,,
https://www.gov.uk/guidance/check-if-you-need-to-report-errors-in-your-vat-return,Check how to tell HMRC about VAT Return errors,detailed_guide,10222784-4800-4418-aa6a-611f262436dd,en,whitehall,2023-06-15T23:00:00.000Z,2025-09-08T08:13:42.000Z,,,507,"Money,VAT,Business tax,GOV.UK homepage",HM Revenue & Customs,HM Revenue & Customs,2022 to 2024 Sunak Conservative government,,,
https://www.gov.uk/guidance/money-laundering-regulations-registration-fees,Fees you’ll pay for money laundering supervision,detailed_guide,602e205b-7631-11e4-a3cb-005056011aef,en,whitehall,2014-10-22T23:00:00.000Z,2025-12-22T09:55:16.000Z,,,505,"GOV.UK homepage,Dealing with HMRC,Money,Paying HMRC,Money laundering regulations",HM Revenue & Customs,HM Revenue & Customs,2010 to 2015 Conservative and Liberal Democrat coalition government,,,
https://www.gov.uk/guidance/reclaim-tax-paid-by-close-companies-on-loans-to-participators-l2p,Reclaim tax paid by close companies on loans to participators (L2P),detailed_guide,74bf28ed-c475-4353-9147-1d115314c109,en,whitehall,2023-11-06T00:00:00.000Z,2023-11-06T00:00:00.000Z,,,503,"Corporation Tax,Money,Business tax,GOV.UK homepage",HM Revenue & Customs,HM Revenue & Customs,2022 to 2024 Sunak Conservative government,,,
https://www.gov.uk/tax-uk-income-live-abroad,Tax on your UK income if you live abroad,guide,1e165fdc-0139-434a-ab47-7a6c13a38036,en,publisher,2014-12-08T15:30:08.000Z,2016-06-08T11:21:25.959Z,,,502,"Money,Help and services around the world,Living abroad,Countries (Living In),Going and being abroad,Personal tax,Living or working abroad or offshore,Living and working abroad,GOV.UK homepage,Income Tax,Tax, benefits, pensions and working abroad",Government Digital Service,HM Revenue & Customs,,,,
https://www.gov.uk/guidance/worldwide-disclosure-facility-make-a-disclosure,Make a disclosure using the Worldwide Disclosure Facility,detailed_guide,619d0045-bc95-488e-b69d-3a4c254641d6,en,whitehall,2016-09-04T23:00:00.000Z,2025-04-05T23:30:07.000Z,,,500,"Dealing with HMRC,GOV.UK homepage,Tax agent and adviser guidance,Money,Tax compliance",HM Revenue & Customs,HM Revenue & Customs,2016 to 2019 May Conservative government,,,
https://www.gov.uk/guidance/vat-relief-on-certain-goods-if-you-have-a-disability,Get VAT relief on certain goods if you have a disability,detailed_guide,0777a893-b98e-43ba-9668-d0deadef46a4,en,whitehall,2015-01-06T12:00:00.000Z,2019-01-22T16:55:14.000Z,,,499,"Charging VAT,GOV.UK homepage,Business tax,Health and social care,Disability equipment and transport,Money,Benefits and financial help,Disabled people,VAT",HM Revenue & Customs,HM Revenue & Customs,2010 to 2015 Conservative and Liberal Democrat coalition government,,,
https://www.gov.uk/guidance/once-you-have-a-debt-relief-order-dro,Once you have a Debt Relief Order (DRO),detailed_guide,32dae01f-03f9-4ff9-b284-5a6223d5ad38,en,whitehall,2023-12-19T13:18:18.000Z,2023-12-19T13:18:18.000Z,,,496,"Money,GOV.UK homepage,Court claims, debt and bankruptcy",The Insolvency Service,The Insolvency Service,2022 to 2024 Sunak Conservative government,,,
https://www.gov.uk/blind-persons-allowance,Blind Person's Allowance,guide,cee5d657-3996-43a8-92b1-2f9fe12523bc,en,publisher,2012-01-26T13:22:48.000Z,2016-02-16T16:53:59.000Z,,,494,"Income Tax,Carers and disability benefits,Rates, allowances and reliefs,Welfare,Personal tax,Work and disabled people,GOV.UK homepage,Work,Money",Government Digital Service,"Department for Work and Pensions,HM Revenue & Customs",,,,
https://www.gov.uk/guidance/register-your-clients-trust,Register a trust as an agent,detailed_guide,c230df33-5050-4cfb-b565-9920696a6f30,en,whitehall,2017-11-17T00:00:00.000Z,2023-12-20T00:15:03.000Z,,,491,"Personal tax,GOV.UK homepage,Trusts,Tax agent and adviser guidance,Money,Dealing with HMRC",HM Revenue & Customs,HM Revenue & Customs,2016 to 2019 May Conservative government,,,
https://www.gov.uk/guidance/claim-a-vat-refund-as-an-organisation-not-registered-for-vat,Claim a VAT refund as an organisation not registered for VAT,detailed_guide,5efb0ccd-b72d-40c7-9292-ee61cccaf0dc,en,whitehall,2018-09-03T23:00:00.000Z,2024-09-30T08:16:29.000Z,,,489,"GOV.UK homepage,Business tax,Money,VAT",HM Revenue & Customs,HM Revenue & Customs,2016 to 2019 May Conservative government,,,
https://www.gov.uk/guidance/how-to-apply-for-statutory-notice-pay,How to apply for statutory notice pay,detailed_guide,21e5f2e9-9f36-411f-a7f7-4457f67f2221,en,whitehall,2024-08-28T23:00:00.000Z,2025-04-05T23:01:04.000Z,,,487,"Company closure, administration, liquidation and insolvency ,Running a business,Court claims, debt and bankruptcy,Business and industry,GOV.UK homepage,Money,Limited companies and partnerships",The Insolvency Service,The Insolvency Service,2024 Starmer Labour government,,,
https://www.gov.uk/guidance/how-late-payment-penalties-work-if-you-pay-vat-late,How late payment penalties work if you pay VAT late,detailed_guide,66e16fb4-c2bc-43c6-93ff-52a258362f58,en,whitehall,2023-01-04T00:00:00.000Z,2025-07-10T13:13:02.000Z,,,482,"VAT,Business tax,VAT returns,Money,Paying HMRC,Dealing with HMRC,GOV.UK homepage",HM Revenue & Customs,HM Revenue & Customs,2022 to 2024 Sunak Conservative government,,,
https://www.gov.uk/guidance/vat-on-land-and-property-notice-742,Land and property (VAT Notice 742),detailed_guide,a822dbf4-930e-4a9a-8b04-1b94f106f5d4,en,whitehall,2012-05-29T14:00:00.000Z,2020-12-31T23:01:33.000Z,,,481,"VAT,Accounting for VAT,GOV.UK homepage,Money,Business tax",HM Revenue & Customs,HM Revenue & Customs,2010 to 2015 Conservative and Liberal Democrat coalition government,,,
https://www.gov.uk/guidance/register-for-automatic-exchange-of-information,Register for Automatic Exchange of Information,detailed_guide,a11273bf-0255-4ad3-bf7b-9b433519a07e,en,whitehall,2019-04-15T23:00:00.000Z,2025-10-16T10:58:55.000Z,,,472,"Tax compliance,Money,Dealing with HMRC,GOV.UK homepage",HM Revenue & Customs,HM Revenue & Customs,2016 to 2019 May Conservative government,,,
https://www.gov.uk/guidance/how-to-fill-in-and-submit-your-vat-return-vat-notice-70012,How to fill in and submit your VAT Return (VAT Notice 700/12),detailed_guide,036e63af-49ee-42e0-b2dd-65cd5acf4152,en,whitehall,2018-04-12T23:00:00.000Z,2025-12-19T14:39:18.000Z,,,471,"Charging VAT,VAT,Paying,Accounting for VAT,GOV.UK homepage,VAT returns,Money,Business tax",HM Revenue & Customs,HM Revenue & Customs,2016 to 2019 May Conservative government,,,
https://www.gov.uk/help-friends-family-tax,Help friends or family with their tax,answer,c8cf2a7c-5c13-4f3d-b1ff-6a7eb5533973,en,publisher,2014-11-13T13:54:15.000Z,2015-09-04T16:19:55.000Z,,,471,"Money,Paying HMRC,Dealing with HMRC,GOV.UK homepage",Government Digital Service,HM Revenue & Customs,,,,
https://www.gov.uk/guidance/vat-refunds-for-new-builds-if-youre-a-diy-housebuilder,VAT refunds for new builds if you’re a DIY housebuilder,detailed_guide,83b47a94-9570-456e-abbd-b3b79df5ab84,en,whitehall,2023-12-05T00:00:00.000Z,2025-11-06T15:36:46.000Z,,,471,"Business tax,Dealing with HMRC,GOV.UK homepage,VAT,Money",HM Revenue & Customs,HM Revenue & Customs,2022 to 2024 Sunak Conservative government,,,
https://www.gov.uk/guidance/self-assessment-for-agents-online-service,Find out how to use the Self Assessment for Agents online service,detailed_guide,3a5ea8b5-c96a-4c49-ae76-f11dd80e39cf,en,whitehall,2014-01-01T00:00:00.000Z,2022-05-05T13:06:58.000Z,,,469,"Tax agent and adviser guidance,Dealing with HMRC,GOV.UK homepage,Money",HM Revenue & Customs,HM Revenue & Customs,2010 to 2015 Conservative and Liberal Democrat coalition government,,,
https://www.gov.uk/new-employee/employee-information,Tell HMRC about a new employee: Get employee information,guide,18fca3eb-2975-4b7b-9747-43ef055c63c2,en,publisher,2014-06-12T11:50:03.000Z,2014-12-16T09:55:52.000Z,,,459,"Employees joining, leaving or changing their circumstances,PAYE,Work,Running a business,Money,GOV.UK homepage,Employing people,Payroll,Registering and getting started,Business and industry,Business tax",Government Digital Service,HM Revenue & Customs,,,,
https://www.gov.uk/guidance/record-keeping-for-vat-notice-70021,Record keeping (VAT Notice 700/21),detailed_guide,382e8353-220f-41b2-8f80-5e58ec880211,en,whitehall,2013-09-25T23:00:00.000Z,2024-03-18T11:35:27.000Z,,,455,"GOV.UK homepage,VAT returns,Charging VAT,Money,Accounting for VAT,Business tax,VAT",HM Revenue & Customs,HM Revenue & Customs,2010 to 2015 Conservative and Liberal Democrat coalition government,,,
https://www.gov.uk/guidance/find-software-thats-compatible-with-making-tax-digital-for-vat,Find software that's compatible with Making Tax Digital for VAT,detailed_guide,39c0858c-6fc7-460a-9e21-a2ca79af9ae7,en,whitehall,2019-02-25T00:00:00.000Z,2025-05-01T14:26:50.000Z,,,453,"GOV.UK homepage,Money,VAT,Business tax",HM Revenue & Customs,HM Revenue & Customs,2016 to 2019 May Conservative government,,,
https://www.gov.uk/paye-settlement-agreements,PAYE Settlement Agreements,guide,f6046a19-8312-412c-aeaa-954adebcde8e,en,publisher,2012-10-16T14:45:41.000Z,2015-02-23T15:29:37.000Z,,,453,"GOV.UK homepage,Employing people,Payroll,Business and industry,Expenses and employee benefits,Business tax,Work,Expenses and benefits,Running a business,Money,PAYE",Government Digital Service,HM Revenue & Customs,,,,
https://www.gov.uk/guidance/transfer-a-business-as-a-going-concern-and-vat-notice-7009,Transfer a business as a going concern (VAT Notice 700/9),detailed_guide,1e1ac662-9ce7-4e7a-a1a3-bfaa58d7c121,en,whitehall,2012-12-06T00:00:00.000Z,2025-05-23T07:55:03.000Z,,,448,"Dealing with HMRC,Accounting for VAT,Money,GOV.UK homepage,VAT,Business tax,Paying HMRC,Charging VAT",HM Revenue & Customs,HM Revenue & Customs,2010 to 2015 Conservative and Liberal Democrat coalition government,,,
https://www.gov.uk/corporation-tax-accounting-period,Accounting periods for Corporation Tax,answer,88210aa5-ed5d-4dd0-b51b-35604c3b40fe,en,publisher,2014-10-17T12:20:19.000Z,2024-10-21T15:05:22.633Z,,,448,"Corporation Tax,Business tax,GOV.UK homepage,Preparing accounts for Corporation Tax,Money",Government Digital Service,HM Revenue & Customs,,,,
https://www.gov.uk/payroll-software,Find payroll software,answer,bff8323b-7c15-48a1-b465-4a02d259f5c7,en,publisher,2014-06-12T11:50:09.000Z,2016-08-24T11:39:36.138Z,,,446,"Running a business,Business tax,Money,Registering and getting started,Work,Business and industry,Payroll,PAYE,GOV.UK homepage,Employing people",Government Digital Service,HM Revenue & Customs,,,,
https://www.gov.uk/guidance/send-hmrc-evidence-of-your-personal-details,Send HMRC evidence of your personal details,detailed_guide,ed8913bc-137f-43f3-8f9c-2ecf16aff111,en,whitehall,2024-09-22T23:00:00.000Z,2024-11-15T10:31:55.000Z,,,445,"Money,Dealing with HMRC,GOV.UK homepage",HM Revenue & Customs,HM Revenue & Customs,2024 Starmer Labour government,,,
https://www.gov.uk/guidance/manage-your-import-duties-and-vat-accounts,Manage your import duties and VAT accounts,detailed_guide,9bd1f68f-2047-4ec8-abcd-b5edb8c653df,en,whitehall,2024-04-08T23:00:00.000Z,2025-06-13T09:00:06.000Z,,,444,"Importing,Importing goods and services,Money,Trade and investment,GOV.UK homepage,VAT,Business and industry,Business tax",HM Revenue & Customs,HM Revenue & Customs,2022 to 2024 Sunak Conservative government,,,
https://www.gov.uk/guidance/how-non-domestic-property-including-plant-and-machinery-is-valued,How your property is valued for business rates,detailed_guide,5fe3a3ff-7631-11e4-a3cb-005056011aef,en,whitehall,2014-08-04T23:00:00.000Z,2025-11-26T14:30:01.000Z,,,440,"Business rates,Housing, local and community,GOV.UK homepage,Your rateable value,Regional and local government,Money,Local government",Valuation Office Agency,Valuation Office Agency,2010 to 2015 Conservative and Liberal Democrat coalition government,,,
https://www.gov.uk/guidance/company-car-benefit-the-appropriate-percentage-480-appendix-2,Work out the appropriate percentage for company car benefits (480: Appendix 2),detailed_guide,8b10eb14-e61e-406c-98b5-08277dda8695,en,whitehall,2019-12-30T00:00:00.000Z,2025-04-07T14:54:06.000Z,,,439,"GOV.UK homepage,PAYE,Money,Business tax",HM Revenue & Customs,HM Revenue & Customs,2019 to 2022 Johnson Conservative government,,,
https://www.gov.uk/guidance/pension-schemes-protect-your-lifetime-allowance,Check the protected allowances on your pension savings,detailed_guide,c9abd111-2003-4891-8a55-236589fa8d76,en,whitehall,2016-04-05T23:00:00.000Z,2025-11-17T12:24:34.000Z,,,439,"GOV.UK homepage,Business tax,Tax on pensions,Money,Pension scheme administration",HM Revenue & Customs,HM Revenue & Customs,2015 to 2016 Cameron Conservative government,,,
https://www.gov.uk/guidance/annual-tax-on-enveloped-dwellings-the-basics,Annual Tax on Enveloped Dwellings,detailed_guide,10cc9a65-de3d-471a-9ff5-45d5d5695d98,en,whitehall,2014-03-20T00:00:00.000Z,2025-12-02T15:37:44.000Z,,,431,"Annual Tax on Enveloped Dwellings,Money,GOV.UK homepage,Stamp duty and other tax on property,Business tax",HM Revenue & Customs,HM Revenue & Customs,2010 to 2015 Conservative and Liberal Democrat coalition government,,,
https://www.gov.uk/vat-building-new-home,Reclaim VAT on a self build home,answer,7757ba54-161a-479a-96a2-a50420929f1a,en,publisher,2012-09-13T12:32:40.000Z,2015-02-24T12:47:40.000Z,,,429,"Money,GOV.UK homepage,VAT,Reclaiming VAT on a new home,Business tax",Government Digital Service,HM Revenue & Customs,,,,
https://www.gov.uk/guidance/vat-on-energy-saving-materials-and-heating-equipment-notice-7086,Energy-saving materials and heating equipment (VAT Notice 708/6),detailed_guide,3fcff650-2744-4eb7-86aa-b93930aa98ef,en,whitehall,2014-07-16T23:00:00.000Z,2024-01-31T15:08:23.000Z,,,424,"VAT,Money,Business tax,GOV.UK homepage",HM Revenue & Customs,HM Revenue & Customs,2010 to 2015 Conservative and Liberal Democrat coalition government,,,
https://www.gov.uk/guidance/check-if-you-can-claim-the-4-year-foreign-income-and-gains-regime,Check if you can claim the 4-year foreign income and gains regime,detailed_guide,f48b5328-7b6a-4290-b4be-b4193dc25ec7,en,whitehall,2025-04-05T23:00:00.000Z,2025-04-05T23:00:00.000Z,,,419,"Capital Gains Tax,Income Tax,Personal tax,GOV.UK homepage,Money",HM Revenue & Customs,HM Revenue & Customs,2024 Starmer Labour government,,,
https://www.gov.uk/reduced-national-insurance-married-women,Reduced rate National Insurance for married women,answer,249cd7cd-032c-4207-86c7-299453d9c2b8,en,publisher,2014-07-29T17:49:34.000Z,2015-04-24T16:10:45.000Z,,,417,"Personal tax,National Insurance,Rates and classes,GOV.UK homepage,Money",Government Digital Service,HM Revenue & Customs,,,,
https://www.gov.uk/guidance/the-company-tax-return-guide,Completing your Company Tax Return,detailed_guide,bacecee3-b617-4a69-8b50-772fb63b9535,en,whitehall,2022-09-29T23:00:00.000Z,2025-09-26T12:15:51.000Z,,,416,"GOV.UK homepage,Running a business,Money,Business auditing, accounting and reporting,Corporation Tax,Business tax,Business and industry",HM Revenue & Customs,HM Revenue & Customs,2022 Truss Conservative government,,,
https://www.gov.uk/guidance/find-payroll-software-that-is-recognised-by-hmrc,Find payroll software that is recognised by HMRC,detailed_guide,a1bc5352-af26-45da-8b44-c74e961ec503,en,whitehall,2022-02-23T00:00:00.000Z,2026-02-11T11:41:42.000Z,,,415,"GOV.UK homepage,Money,Business tax,Employing people,Payroll,PAYE,Business and industry,Running a business",HM Revenue & Customs,HM Revenue & Customs,2019 to 2022 Johnson Conservative government,,,
https://www.gov.uk/guidance/vat-on-education-and-vocational-training-notice-70130,Education and vocational training (VAT Notice 701/30),detailed_guide,ffe40d3d-f4d6-434f-9189-fe37683266ee,en,whitehall,2017-04-25T23:00:00.000Z,2025-01-27T16:18:03.000Z,,,414,"Rules for particular trades,VAT,Money,GOV.UK homepage,Accounting for VAT,Business tax",HM Revenue & Customs,HM Revenue & Customs,2016 to 2019 May Conservative government,,,
https://www.gov.uk/guidance/ordinary-commuting-and-private-travel-490-chapter-3,Ordinary commuting and private travel (490: Chapter 3),detailed_guide,bbafb68f-6faf-4142-9343-efa959e1e4c6,en,whitehall,2014-03-28T00:00:00.000Z,2024-04-18T08:33:48.000Z,,,413,"Money,Business tax,GOV.UK homepage,PAYE",HM Revenue & Customs,HM Revenue & Customs,2010 to 2015 Conservative and Liberal Democrat coalition government,,,
https://www.gov.uk/employee-directors,National Insurance for company directors,answer,b3c0809b-9c33-4c17-b893-828beb1221f0,en,publisher,2014-06-12T11:50:05.000Z,2017-04-05T23:01:16.983Z,,,410,"Employees joining, leaving or changing their circumstances,PAYE,Business and industry,Payroll,Running a business,Employing people,Business tax,Work,GOV.UK homepage,Money",Government Digital Service,HM Revenue & Customs,,,,
https://www.gov.uk/guidance/capital-gains-tax-for-non-residents-calculating-taxable-gain-or-loss,Work out your tax if you're a non-resident selling UK property or land,detailed_guide,410cc388-4394-4d0f-9a37-ed193c5195dd,en,whitehall,2015-11-17T07:45:00.000Z,2021-10-27T17:00:00.000Z,,,408,"Living or working abroad or offshore,GOV.UK homepage,Capital Gains Tax,Money,Personal tax",HM Revenue & Customs,HM Revenue & Customs,2015 to 2016 Cameron Conservative government,,,
https://www.gov.uk/guidance/stamp-duty-land-tax-leasehold-purchases,Stamp Duty Land Tax on Leasehold sales,detailed_guide,602eb4b7-7631-11e4-a3cb-005056011aef,en,whitehall,2013-08-18T23:00:00.000Z,2022-09-23T12:54:29.000Z,,,405,"SDLT on specific transactions,GOV.UK homepage,Stamp duty and other tax on property,Money,Business tax",HM Revenue & Customs,HM Revenue & Customs,2010 to 2015 Conservative and Liberal Democrat coalition government,,,
https://www.gov.uk/first-company-accounts-and-return/trading-after-set-up,Your limited company's first accounts and Company Tax Return: You started trading after your company set up,guide,0c4c9aa9-3009-4fbd-b7de-ecca7ccce700,en,publisher,2012-10-15T18:36:09.000Z,2024-10-21T14:58:29.652Z,,,404,"Corporation Tax,GOV.UK homepage,Business tax,Running a business,Money,Business and industry,Preparing accounts for Corporation Tax",Government Digital Service,"Companies House,HM Revenue & Customs",,,,
https://www.gov.uk/guidance/choose-agents-for-making-tax-digital-for-income-tax,Choose agents for Making Tax Digital for Income Tax,detailed_guide,79571712-5b9d-4fff-a7a5-36d7f1b98397,en,whitehall,2025-04-14T23:00:00.000Z,2025-08-28T11:11:41.000Z,,,403,"Tax agent and adviser guidance,Money,Dealing with HMRC,Agent authorisation,Income Tax,Personal tax,GOV.UK homepage",HM Revenue & Customs,HM Revenue & Customs,2024 Starmer Labour government,,,
https://www.gov.uk/stop-employing-staff,Stop being an employer,answer,0ee2a1b5-0e55-4dfe-a6d1-0460da7c6434,en,publisher,2014-06-12T11:50:03.000Z,2024-10-31T15:10:42.416Z,,,402,"Business and industry,Changes to the business that affect PAYE,Payroll,Money,Work,Running a business,GOV.UK homepage,PAYE,Business tax,Employing people",Government Digital Service,HM Revenue & Customs,,,,
https://www.gov.uk/guidance/how-vat-affects-charities-notice-7011,How VAT affects charities (VAT Notice 701/1),detailed_guide,ce6760c5-8450-41f4-a655-8150a5e48ccc,en,whitehall,2014-10-28T00:00:00.000Z,2025-06-18T08:00:04.000Z,,,401,"VAT,GOV.UK homepage,Money,Rules for particular trades,Business tax",HM Revenue & Customs,HM Revenue & Customs,2010 to 2015 Conservative and Liberal Democrat coalition government,,,
https://www.gov.uk/guidance/help-and-support-for-self-assessment,"HMRC email updates, videos and webinars for Self Assessment",detailed_guide,10673e65-387e-4c50-99c8-b550cd2fdcd2,en,whitehall,2017-09-05T23:00:00.000Z,2026-02-18T14:25:35.000Z,,,397,"GOV.UK homepage,Self Assessment,Personal tax,Dealing with HMRC,Money,Paying HMRC",HM Revenue & Customs,HM Revenue & Customs,2016 to 2019 May Conservative government,,,
https://www.gov.uk/pay-self-assessment-penalty,Pay a Self Assessment penalty ,guide,b36ad124-e3e7-43ac-ab8e-e33b382101ea,en,publisher,2023-11-27T11:00:16.388Z,2024-01-30T17:38:18.399Z,,,396,"Money,Paying HMRC,Dealing with HMRC,GOV.UK homepage",Government Digital Service,HM Revenue & Customs,,,,
https://www.gov.uk/guidance/check-if-you-need-to-pay-tax-when-you-sell-cryptoassets,Check if you need to pay tax when you sell cryptoassets,detailed_guide,8eb9a735-d712-45b9-b027-df29d587bae4,en,whitehall,2018-12-19T00:00:00.000Z,2025-05-29T13:32:08.000Z,,,393,"Dealing with HMRC,Paying HMRC,Money,GOV.UK homepage,Capital Gains Tax",HM Revenue & Customs,HM Revenue & Customs,2016 to 2019 May Conservative government,,,
https://www.gov.uk/work-out-capital-allowances/rates-and-pools,Work out your writing down allowances: Rates and pools,guide,978b1c44-6b56-4cae-9d89-b921edec4220,en,publisher,2014-12-05T16:13:12.000Z,2014-12-09T15:56:52.000Z,,,392,"Personal tax,GOV.UK homepage,Business tax,Capital allowances,Self Assessment,Money",Government Digital Service,HM Revenue & Customs,,,,
https://www.gov.uk/guidance/managing-your-clients-capital-gains-tax-on-uk-property-account,Managing your client's Capital Gains Tax on UK property account,detailed_guide,d5220f83-88ca-4367-b6eb-e11c4ca3d1a6,en,whitehall,2020-07-07T23:00:00.000Z,2023-02-01T10:30:26.000Z,,,392,"GOV.UK homepage,Paying HMRC,Tax agent and adviser guidance,Dealing with HMRC,Personal tax,Money,Capital Gains Tax,Agent authorisation",HM Revenue & Customs,HM Revenue & Customs,2019 to 2022 Johnson Conservative government,,,
https://www.gov.uk/gift-holdover-relief,Gift Hold-Over Relief,answer,32c0653a-b379-4fc4-8989-e2dc6b25bf67,en,publisher,2014-10-13T12:00:18.000Z,2018-11-05T22:02:40.743Z,,,391,"Shares and investments,Personal tax,Business,Capital Gains Tax,Money,GOV.UK homepage",Government Digital Service,HM Revenue & Customs,,,,
https://www.gov.uk/guidance/identify-hmrc-related-scam-phone-calls-emails-and-text-messages,"Identify tax scam phone calls, emails and text messages",detailed_guide,ea49758a-52a9-44b8-805b-00f6253c6150,en,whitehall,2020-10-29T00:00:00.000Z,2025-12-15T14:19:57.000Z,,,391,"Phishing and scams,GOV.UK homepage,Dealing with HMRC,Money",HM Revenue & Customs,HM Revenue & Customs,2019 to 2022 Johnson Conservative government,,,
https://www.gov.uk/guidance/corporation-tax-research-and-development-rd-relief,Check if you can claim Research & Development (R&D) tax relief,detailed_guide,601d58cd-7631-11e4-a3cb-005056011aef,en,whitehall,2007-01-01T00:00:00.000Z,2024-05-08T08:35:57.000Z,,,388,"GOV.UK homepage,Science and innovation,Money,Scientific research and development,Corporation Tax,Business and industry,Business tax",HM Revenue & Customs,HM Revenue & Customs,1997 to 2007 Blair Labour government,,,
https://www.gov.uk/guidance/register-as-a-sole-trader-subcontractor-with-payment-under-deduction-by-post,Register as a sole trader subcontractor with payment under deduction by post,detailed_guide,93410dae-74b9-4df5-9aac-f4ece45cae7c,en,whitehall,2024-08-26T23:00:00.000Z,2024-12-19T09:44:55.000Z,,,385,"Construction Industry Scheme (CIS),Business tax,Money,GOV.UK homepage",HM Revenue & Customs,HM Revenue & Customs,2024 Starmer Labour government,,,
https://www.gov.uk/capital-gains-tax-businesses,Capital Gains Tax for business,guide,ccb87f82-fcf6-4dbb-9e72-c3d84f473c72,en,publisher,2014-10-13T12:00:15.000Z,2015-02-10T12:28:47.000Z,,,385,"Limited companies and partnerships,Company closure, administration, liquidation and insolvency ,Money,Capital Gains Tax,Personal tax,Business tax,GOV.UK homepage,Business,Business and industry,Running a business",Government Digital Service,HM Revenue & Customs,,,,
https://www.gov.uk/savings-for-children,Interest on savings for children,answer,ed9c17c3-e58e-4c59-a35f-871b0b669a87,en,publisher,2014-11-27T13:09:06.000Z,2014-11-28T15:02:33.000Z,,,384,"Money,Savings accounts for children,Life circumstances,Having a child, parenting and adoption,GOV.UK homepage,Tax on savings,Personal tax,Parenting, childcare and children's services ,Financial help if you have children,Tax on savings and investments",Government Digital Service,HM Revenue & Customs,,,,
https://www.gov.uk/tax-buy-shares,Tax when you buy shares,guide,a4918092-292f-48c1-b11f-ecc993f1dcfa,en,publisher,2014-10-13T12:00:22.000Z,2014-11-27T13:06:49.000Z,,,377,"Tax on shares,Income Tax,GOV.UK homepage,Stamp duty on shares,Money,Tax on savings and investments,Personal tax,Business tax",Government Digital Service,HM Revenue & Customs,,,,
https://www.gov.uk/guidance/calculate-tax-interest-and-penalties-for-the-tax-years-ended-5-april-2011-to-5-april-2021,"Calculate tax, interest and penalties for the tax years ending 5 April 2010 to 5 April 2024",detailed_guide,85ae604a-218f-4079-bd19-ee179a982bf2,en,whitehall,2022-11-22T00:00:00.000Z,2025-09-09T08:13:13.000Z,,,373,"GOV.UK homepage,Personal tax,Income Tax,Money",HM Revenue & Customs,HM Revenue & Customs,2022 to 2024 Sunak Conservative government,,,
https://www.gov.uk/guidance/register-for-vat,Register for VAT by post,detailed_guide,805c47bd-5fd5-40c8-a857-84c848baec3b,en,whitehall,2014-10-01T23:00:00.000Z,2025-05-20T08:57:16.000Z,,,373,"VAT,Money,GOV.UK homepage,Business tax",HM Revenue & Customs,HM Revenue & Customs,2010 to 2015 Conservative and Liberal Democrat coalition government,,,
https://www.gov.uk/vat-charities/what-qualifies-for-relief,VAT for charities: What qualifies for VAT relief,guide,ffe03767-3130-4903-8579-269edf93377b,en,publisher,2014-11-04T11:37:07.000Z,2024-11-22T17:26:42.567Z,,,372,"GOV.UK homepage,Society and culture,Charities, volunteering and honours,Business tax,Charities and social enterprises,Money,Business and industry,VAT,Charity money, tax and accounts",Government Digital Service,HM Revenue & Customs,,,,
https://www.gov.uk/guidance/how-to-register-your-client-for-a-tax-service-as-an-agent,How to register your client for a tax service as an agent,detailed_guide,2a7642d6-264b-40aa-822b-832b63a73d25,en,whitehall,2022-10-06T13:56:00.000Z,2022-11-25T14:08:52.000Z,,,369,"GOV.UK homepage,Money,Dealing with HMRC,Tax agent and adviser guidance",HM Revenue & Customs,HM Revenue & Customs,2022 Truss Conservative government,,,
https://www.gov.uk/guidance/taking-higher-tax-free-lump-sums-with-lifetime-allowance-protection,Taking higher tax-free lump sums with protected allowances,detailed_guide,d9afaedd-a639-418c-a8c4-5949294f9979,en,whitehall,2023-04-05T23:00:00.000Z,2025-04-05T23:15:21.000Z,,,369,"Business tax,Pension scheme administration,Tax on pensions,Money,GOV.UK homepage",HM Revenue & Customs,HM Revenue & Customs,2022 to 2024 Sunak Conservative government,,,
https://www.gov.uk/guidance/corporation-tax-trading-and-non-trading,Corporation Tax: trading and non-trading,detailed_guide,601f1a83-7631-11e4-a3cb-005056011aef,en,whitehall,2013-09-04T23:00:00.000Z,2020-02-17T11:43:37.000Z,,,365,"Corporation Tax,Business tax,GOV.UK homepage,Changes to your company,Money",HM Revenue & Customs,HM Revenue & Customs,2010 to 2015 Conservative and Liberal Democrat coalition government,,,
https://www.gov.uk/guidance/venture-capital-schemes-apply-for-advance-assurance,Apply for advance assurance on a venture capital scheme,detailed_guide,35f8a20f-c9b2-4645-9310-5580747f0e2f,en,whitehall,2016-11-08T00:00:00.000Z,2024-12-18T09:28:10.000Z,,,363,"GOV.UK homepage,Investment schemes,Venture capital schemes,Money,Business tax",HM Revenue & Customs,HM Revenue & Customs,2016 to 2019 May Conservative government,,,
https://www.gov.uk/guidance/what-happens-if-you-dont-pay-paye-and-national-insurance-on-time,Late payment penalties for PAYE and National Insurance,detailed_guide,5fe394ab-7631-11e4-a3cb-005056011aef,en,whitehall,2014-08-26T13:19:00.000Z,2017-12-13T08:38:19.000Z,,,361,"PAYE ,Paying HMRC,Business tax,Money,PAYE,GOV.UK homepage,Dealing with HMRC",HM Revenue & Customs,HM Revenue & Customs,2010 to 2015 Conservative and Liberal Democrat coalition government,,,
https://www.gov.uk/pay-tax-direct-debit,Pay your tax bill by Direct Debit,transaction,5d3708e7-d348-49f9-8fc6-3665d1570358,en,publisher,2014-11-04T14:54:57.000Z,2017-12-15T16:06:37.154Z,,,359,"Business tax,Paying HMRC,Money,GOV.UK homepage,Dealing with HMRC",Government Digital Service,HM Revenue & Customs,,,,
https://www.gov.uk/guidance/hmrc-secure-data-exchange-service-sdes,HMRC Secure Data Exchange Service,detailed_guide,e6506cc8-437b-40b9-b692-2ff5fea8b95c,en,whitehall,2018-01-24T15:01:00.000Z,2023-10-05T10:00:01.000Z,,,358,"Dealing with HMRC,Business tax,GOV.UK homepage,Software development for HMRC,Money",HM Revenue & Customs,HM Revenue & Customs,2016 to 2019 May Conservative government,,,
https://www.gov.uk/guidance/refunds-of-uk-vat-for-non-uk-businesses-or-eu-vat-for-uk-businesses,Refunds of UK VAT for non-UK businesses (VAT Notice 723A),detailed_guide,e266bbe2-af33-417c-b33e-ba54f1b053c8,en,whitehall,2020-12-31T00:00:00.000Z,2025-05-02T15:02:16.000Z,,,357,"Business tax,Money,GOV.UK homepage,VAT,Overseas businesses and UK VAT",HM Revenue & Customs,HM Revenue & Customs,2019 to 2022 Johnson Conservative government,,,
https://www.gov.uk/guidance/vat-costs-or-disbursements-passed-to-customers,VAT: costs or disbursements passed to customers,detailed_guide,5f1b0571-7631-11e4-a3cb-005056011aef,en,whitehall,2014-06-30T23:00:00.000Z,2014-06-30T23:00:00.000Z,,,357,"Charging VAT,Accounting for VAT,Money,Business tax,VAT,VAT returns,GOV.UK homepage",HM Revenue & Customs,HM Revenue & Customs,2010 to 2015 Conservative and Liberal Democrat coalition government,,,
https://www.gov.uk/guidance/tell-hmrc-that-youre-planning-to-claim-research-and-development-rd-tax-relief,Tell HMRC you want to claim Research and Development (R&D) tax relief,detailed_guide,b0d96e39-09e9-4e75-983e-83b83ff6f8c0,en,whitehall,2023-03-31T23:00:00.000Z,2024-10-31T10:56:55.000Z,,,357,"Money,Scientific research and development,Science and innovation,Business tax,Business and industry,GOV.UK homepage,Corporation Tax",HM Revenue & Customs,HM Revenue & Customs,2022 to 2024 Sunak Conservative government,,,
https://www.gov.uk/guidance/work-out-your-capital-gains-tax-adjustment-for-the-2024-to-2025-tax-year,Work out your Capital Gains Tax adjustment for the 2024 to 2025 tax year,detailed_guide,a155cb4f-25e0-4971-8127-726d60032dfb,en,whitehall,2025-03-17T00:00:00.000Z,2025-08-05T12:16:28.000Z,,,356,"Money,GOV.UK homepage,Capital Gains Tax,Personal tax",HM Revenue & Customs,HM Revenue & Customs,2024 Starmer Labour government,,,
https://www.gov.uk/guidance/money-laundering-regulations-apply-for-the-fit-and-proper-test,The fit and proper test,detailed_guide,602e226a-7631-11e4-a3cb-005056011aef,en,whitehall,2014-02-25T00:00:00.000Z,2026-02-12T12:59:04.000Z,,,353,"Money laundering regulations,Your role under the regulations,GOV.UK homepage,Money",HM Revenue & Customs,HM Revenue & Customs,2010 to 2015 Conservative and Liberal Democrat coalition government,,,
https://www.gov.uk/guidance/get-your-import-vat-and-duty-adjustment-statements,Get your import VAT and duty adjustment statements,detailed_guide,c8e4417c-2ebd-4821-b368-b87aba26854d,en,whitehall,2019-09-12T23:00:00.000Z,2019-09-12T23:00:00.000Z,,,352,"GOV.UK homepage,Money,Trade and investment,Importing,Business and industry,VAT,Business tax,Importing goods and services",HM Revenue & Customs,HM Revenue & Customs,2019 to 2022 Johnson Conservative government,,,
https://www.gov.uk/expenses-and-benefits-company-cars,Expenses and benefits: company cars and fuel,guide,2b22b451-cf73-4abd-a52a-63062012fdf2,en,publisher,2012-09-13T12:45:37.000Z,2024-10-17T14:16:40.252Z,,,345,"Business and industry,Driving and road transport,Transport,Business tax,Employing people,Running a business,Money,Expenses and employee benefits,GOV.UK homepage",Government Digital Service,HM Revenue & Customs,,,,
https://www.gov.uk/unincorporated-associations,Unincorporated associations,answer,d7b847d2-8b83-4e53-86ec-d1747e41ed24,en,publisher,2017-01-24T11:00:13.601Z,2023-11-23T14:24:18.871Z,,,344,"GOV.UK homepage,Business tax,Money",Government Digital Service,"Companies House,Department for Business and Trade,HM Revenue & Customs",,,,
https://www.gov.uk/get-help-insolvency-service,Get help from the Insolvency Service,answer,351d6f60-4002-4664-8b56-38eda39050ac,en,publisher,2012-10-14T16:38:47.000Z,2015-08-31T23:01:07.000Z,,,343,"Court claims, debt and bankruptcy,Running a business,Business debt and bankruptcy,Business and industry,Money,GOV.UK homepage",Government Digital Service,"Department for Business and Trade,The Insolvency Service,Department for Business, Energy & Industrial Strategy",,,,
https://www.gov.uk/guidance/changes-to-tax-relief-for-residential-landlords-how-its-worked-out-including-case-studies,Tax relief for residential landlords: how it's worked out,detailed_guide,fe2379c9-cf56-4348-80c6-06d35674dac4,en,whitehall,2016-07-20T08:30:00.000Z,2017-04-05T23:30:36.000Z,,,336,"Stamp duty and other tax on property,GOV.UK homepage,Income Tax,Personal tax,Non-resident landlord scheme,Money,Business tax",HM Revenue & Customs,HM Revenue & Customs,2016 to 2019 May Conservative government,,,
https://www.gov.uk/expenses-and-benefits-loans-provided-to-employees,Expenses and benefits: loans provided to employees,guide,ccecc610-e364-4393-848e-5a3b8d412a80,en,publisher,2012-10-03T18:03:53.000Z,2015-02-18T23:08:49.000Z,,,327,"GOV.UK homepage,Expenses and employee benefits,Money",Government Digital Service,HM Revenue & Customs,,,,
https://www.gov.uk/guidance/vat-exemption-and-partial-exemption,Exemption and partial exemption from VAT,detailed_guide,5f207190-7631-11e4-a3cb-005056011aef,en,whitehall,2014-06-30T23:00:00.000Z,2022-05-18T15:17:49.000Z,,,327,"Business tax,Money,GOV.UK homepage,VAT,Charging VAT,Accounting for VAT",HM Revenue & Customs,HM Revenue & Customs,2010 to 2015 Conservative and Liberal Democrat coalition government,,,
https://www.gov.uk/expenses-and-benefits-medical-treatment/whats-exempt,Expenses and benefits: medical or dental treatment and insurance: What's exempt,guide,87587607-5811-4a49-b31d-3519a477a538,en,publisher,2012-09-13T12:53:31.000Z,2015-05-27T09:27:23.000Z,,,326,"Business tax,GOV.UK homepage,Money,Expenses and employee benefits",Government Digital Service,HM Revenue & Customs,,,,
https://www.gov.uk/guidance/vat-imports-acquisitions-and-purchases-from-abroad,Paying VAT on imports from outside the UK to Great Britain and from outside the EU to Northern Ireland,detailed_guide,5f5825b8-7631-11e4-a3cb-005056011aef,en,whitehall,2014-06-30T23:00:00.000Z,2020-12-31T23:01:19.000Z,,,318,"Business tax,Importing goods and services,VAT,Money,GOV.UK homepage",HM Revenue & Customs,HM Revenue & Customs,2010 to 2015 Conservative and Liberal Democrat coalition government,,,
https://www.gov.uk/guidance/make-a-claim-to-a-deceased-persons-estate,Make a claim to a deceased person's estate,detailed_guide,5ebe84c4-7631-11e4-a3cb-005056011aef,en,whitehall,2013-12-06T00:00:00.000Z,2026-01-12T13:48:27.000Z,,,316,"Death and bereavement,Death registration disclosure,Money,GOV.UK homepage,Life circumstances",Bona Vacantia,Bona Vacantia,2010 to 2015 Conservative and Liberal Democrat coalition government,,,
https://www.gov.uk/vat-margin-schemes,VAT margin schemes,guide,90d86a20-80f0-4259-9fcf-5dbcd1f82123,en,publisher,2013-07-02T16:03:34.000Z,2015-06-05T11:47:22.000Z,,,316,"GOV.UK homepage,Accounting for VAT,Business tax,VAT,Money",Government Digital Service,HM Revenue & Customs,,,,
https://www.gov.uk/guidance/research-and-development-rd-tax-relief-the-merged-scheme-and-enhanced-rd-intensive-support,Research and Development (R&D) tax relief: the merged R&D expenditure credit scheme and enhanced R&D intensive support,detailed_guide,72318c36-414c-48b7-9163-d7a2ac2f6311,en,whitehall,2024-03-18T00:00:00.000Z,2026-01-08T14:24:18.000Z,,,315,"Money,Business tax,GOV.UK homepage,Corporation Tax",HM Revenue & Customs,HM Revenue & Customs,2022 to 2024 Sunak Conservative government,,,
https://www.gov.uk/guidance/claiming-capital-allowances-for-structures-and-buildings,Claiming capital allowances for structures and buildings,detailed_guide,70ecbc37-88f0-45e2-b0de-e7828971f8be,en,whitehall,2019-08-15T12:30:00.000Z,2020-09-03T12:43:09.000Z,,,314,"Money,GOV.UK homepage,Business tax,Capital allowances",HM Revenue & Customs,HM Revenue & Customs,2019 to 2022 Johnson Conservative government,,,
https://www.gov.uk/guidance/sdlt-shared-ownership-property,Stamp Duty Land Tax: shared ownership property,detailed_guide,6031b6f5-7631-11e4-a3cb-005056011aef,en,whitehall,2013-03-13T00:00:00.000Z,2021-03-08T13:50:05.000Z,,,314,"Money,Business tax,Stamp duty and other tax on property,SDLT on specific transactions,GOV.UK homepage",HM Revenue & Customs,HM Revenue & Customs,2010 to 2015 Conservative and Liberal Democrat coalition government,,,
https://www.gov.uk/capital-gains-tax-personal-possessions,Capital Gains Tax on personal possessions,guide,43446591-3f95-443d-9fb2-56761a93106b,en,publisher,2014-10-13T12:00:18.000Z,2014-11-12T12:26:01.000Z,,,314,"Money,GOV.UK homepage,Personal possessions,Capital Gains Tax,Personal tax",Government Digital Service,HM Revenue & Customs,,,,
https://www.gov.uk/expenses-and-benefits-company-vans,Expenses and benefits: company vans and fuel,guide,424c37b1-aaef-44bd-b35d-30b030d44e5b,en,publisher,2012-10-03T13:08:33.000Z,2015-02-18T23:06:05.000Z,,,313,"Money,Business tax,GOV.UK homepage,Expenses and employee benefits",Government Digital Service,HM Revenue & Customs,,,,
https://www.gov.uk/guidance/tell-hmrc-that-inheritance-tax-is-due-on-a-gift-or-trust-iht100,Tell HMRC that Inheritance Tax is due on a gift or trust (IHT100),detailed_guide,ca259512-15e6-46e5-8fc6-2b2476e21ba5,en,whitehall,2024-08-11T23:00:00.000Z,2024-10-11T11:54:09.000Z,,,312,"GOV.UK homepage,Trusts,Inheritance Tax,Money,Personal tax",HM Revenue & Customs,HM Revenue & Customs,2024 Starmer Labour government,,,
https://www.gov.uk/guidance/the-vat-domestic-reverse-charge-procedure-notice-735,Domestic reverse charge procedure (VAT Notice 735),detailed_guide,99d110c3-6918-4fbc-9fb0-db9fa5a9962a,en,whitehall,2015-04-26T23:00:00.000Z,2025-02-27T13:15:55.000Z,,,312,"Business tax,GOV.UK homepage,Charging VAT,Accounting for VAT,VAT,Money,VAT returns",HM Revenue & Customs,HM Revenue & Customs,2010 to 2015 Conservative and Liberal Democrat coalition government,,,
https://www.gov.uk/guidance/statutory-sick-pay-employee-fitness-to-work,Statutory Sick Pay: employee fitness to work,detailed_guide,5efc0fb9-7631-11e4-a3cb-005056011aef,en,whitehall,2014-03-14T15:37:00.000Z,2022-11-23T12:20:16.000Z,,,308,"GOV.UK homepage,Working, jobs and pensions,Business tax,Money,PAYE,Work,Holidays, time off, sick leave, maternity and paternity leave",HM Revenue & Customs,HM Revenue & Customs,2010 to 2015 Conservative and Liberal Democrat coalition government,,,
https://www.gov.uk/guidance/sdlt-linked-purchases-or-transfers,Stamp Duty Land Tax: linked purchases or transfers,detailed_guide,602e121c-7631-11e4-a3cb-005056011aef,en,whitehall,2013-06-24T23:00:00.000Z,2025-03-31T23:30:02.000Z,,,305,"GOV.UK homepage,Stamp duty and other tax on property,Money,Business tax,SDLT on specific transactions",HM Revenue & Customs,HM Revenue & Customs,2010 to 2015 Conservative and Liberal Democrat coalition government,,,
https://www.gov.uk/guidance/how-to-get-authorised-to-act-as-a-tax-agent-on-behalf-of-your-clients,How to get authorised to act as a tax agent on behalf of your clients,detailed_guide,9bbe4f6e-5c51-458e-bc57-38a16f5f8323,en,whitehall,2022-09-06T23:00:00.000Z,2025-12-12T11:50:45.000Z,,,304,"Agent authorisation,Dealing with HMRC,GOV.UK homepage,Tax agent and adviser guidance,Money",HM Revenue & Customs,HM Revenue & Customs,2022 Truss Conservative government,,,
https://www.gov.uk/guidance/inheritance-tax-transfer-of-threshold,Transferring unused residence nil rate band for Inheritance Tax,detailed_guide,ef35e574-7bf0-45f1-856e-2fb1b4e7ea94,en,whitehall,2016-11-08T15:18:00.000Z,2019-09-05T08:00:01.000Z,,,304,"GOV.UK homepage,Personal tax,Money,Inheritance Tax",HM Revenue & Customs,HM Revenue & Customs,2016 to 2019 May Conservative government,,,
https://www.gov.uk/guidance/statutory-maternity-pay-manually-calculate-your-employees-payments,Work out your employee's payments for Statutory Maternity Pay,detailed_guide,5f118022-7631-11e4-a3cb-005056011aef,en,whitehall,2014-03-18T00:00:00.000Z,2025-04-05T23:15:05.000Z,,,303,"PAYE,Business tax,Money,GOV.UK homepage",HM Revenue & Customs,HM Revenue & Customs,2010 to 2015 Conservative and Liberal Democrat coalition government,,,
https://www.gov.uk/guidance/pension-administrators-annual-and-lifetime-allowance-statements,Information pension scheme administrators must give to members,detailed_guide,5feae734-7631-11e4-a3cb-005056011aef,en,whitehall,2014-09-15T23:00:00.000Z,2024-04-16T11:40:57.000Z,,,300,"Administering a pension scheme,Pension scheme administration,Money,Business tax,GOV.UK homepage",HM Revenue & Customs,HM Revenue & Customs,2010 to 2015 Conservative and Liberal Democrat coalition government,,,
https://www.gov.uk/guidance/add-your-client-authorisations-for-making-tax-digital-for-income-tax,Add your client authorisations for Making Tax Digital for Income Tax,detailed_guide,476747eb-4ae4-4f0b-bc28-c4bbe68a8ce9,en,whitehall,2025-04-02T23:00:00.000Z,2025-12-17T10:20:31.000Z,,,298,"Income Tax,Dealing with HMRC,Agent authorisation,Personal tax,Money,GOV.UK homepage,Tax agent and adviser guidance",HM Revenue & Customs,HM Revenue & Customs,2024 Starmer Labour government,,,
https://www.gov.uk/giving-staff-time-off-jury-service/paying-staff-on-jury-service,Giving staff time off for jury service: Paying staff on jury service,guide,a4fa57a8-8a70-4b66-a7ba-22f5103b6378,en,publisher,2012-07-03T15:15:40.000Z,2016-10-10T15:29:51.063Z,,,298,"Payroll,Running a business,Business and industry,Money,GOV.UK homepage,Work,Employing people,Business tax,PAYE,Employees joining, leaving or changing their circumstances",Government Digital Service,"HM Revenue & Customs,Ministry of Justice",,,,
https://www.gov.uk/guidance/climate-change-levy-rates,Climate Change Levy rates,detailed_guide,c6ebe9cd-1abd-416c-8cfb-d7ede48e5dca,en,whitehall,2016-05-16T23:00:00.000Z,2025-11-27T14:23:14.000Z,,,297,"Business and industry,Dealing with HMRC,Money,GOV.UK homepage,Climate Change Levy,Business regulation,Business and the environment,Tax agent and adviser guidance,Business tax,Energy demand reduction,Energy industry and infrastructure licensing and regulation",HM Revenue & Customs,HM Revenue & Customs,2015 to 2016 Cameron Conservative government,,,
https://www.gov.uk/apply-to-bankrupt-someone,Apply to bankrupt someone who owes you money,guide,73fb6b46-8331-4481-af3e-9e9f3625fcc9,en,publisher,2012-01-25T21:51:18.000Z,2015-09-21T09:01:07.000Z,,,296,"Court claims, debt and bankruptcy,GOV.UK homepage,Money",Government Digital Service,The Insolvency Service,,,,
https://www.gov.uk/tax-come-to-uk,Tax if you come to the UK,answer,16129621-ef67-4e50-8c5d-2715e173c047,en,publisher,2014-12-08T15:30:06.000Z,2024-11-08T15:35:27.292Z,,,295,"Income Tax,GOV.UK homepage,Coming to the UK,Personal tax,Money",Government Digital Service,HM Revenue & Customs,,,,
https://www.gov.uk/guidance/corporation-tax-calculating-and-claiming-a-loss,Work out and claim relief from Corporation Tax trading losses,detailed_guide,601f5c1b-7631-11e4-a3cb-005056011aef,en,whitehall,2013-08-12T23:00:00.000Z,2024-09-04T09:47:23.000Z,,,295,"Business tax,Working out your Corporation Tax,Corporation Tax,GOV.UK homepage,Money",HM Revenue & Customs,HM Revenue & Customs,2010 to 2015 Conservative and Liberal Democrat coalition government,,,
https://www.gov.uk/guidance/check-when-you-can-account-for-import-vat-on-your-vat-return,Check when you can account for import VAT on your VAT Return,detailed_guide,1f9591fb-3322-4d5c-8c52-dff4b82762d8,en,whitehall,2020-07-26T23:00:00.000Z,2025-06-16T13:27:23.000Z,,,294,"Money,Commodity codes and reporting,Trade and investment,Customs declarations, duties and tariffs (import and export),Business and industry,GOV.UK homepage,VAT,Business tax,Importing",HM Revenue & Customs,HM Revenue & Customs,2019 to 2022 Johnson Conservative government,,,
https://www.gov.uk/guidance/rates-and-allowances-for-air-passenger-duty,Rates for Air Passenger Duty,detailed_guide,eb031ebb-7078-4879-a124-33753c4ca0bd,en,whitehall,2018-01-29T00:00:00.000Z,2025-04-01T07:33:28.000Z,,,293,"Dealing with HMRC,Tax agent and adviser guidance,Aviation,Transport,GOV.UK homepage,Air Passenger Duty,Business tax,Money,Air passenger duty",HM Revenue & Customs,HM Revenue & Customs,2016 to 2019 May Conservative government,,,
https://www.gov.uk/guidance/vat-on-fuel-and-power-notice-70119,Fuel and power (VAT Notice 701/19),detailed_guide,eefee2d5-930d-465a-8523-42cf362a0d84,en,whitehall,2016-04-27T23:00:00.000Z,2025-02-05T12:30:43.000Z,,,291,"Tax agent and adviser guidance,VAT,Money,Dealing with HMRC,Importing goods and services,GOV.UK homepage,Exporting goods and services,Business tax",HM Revenue & Customs,HM Revenue & Customs,2015 to 2016 Cameron Conservative government,,,
https://www.gov.uk/guidance/tell-hmrc-about-a-change-to-youremployment-income,Tell HMRC about a change to your employment income ,detailed_guide,f81d8fa2-06bf-4b80-af33-ba1bcfdd4722,en,whitehall,2025-01-16T00:00:00.000Z,2025-01-16T00:00:00.000Z,,,291,"GOV.UK homepage,Personal tax,Money,Income Tax",HM Revenue & Customs,HM Revenue & Customs,2024 Starmer Labour government,,,
https://www.gov.uk/guidance/health-professionals-pharmaceutical-products-and-vat-notice-70157,Health professionals and pharmaceutical products (VAT Notice 701/57),detailed_guide,b27cf095-7cbd-498b-954f-5d704e6d46e8,en,whitehall,2014-07-27T23:00:00.000Z,2025-04-23T14:48:46.000Z,,,290,"VAT,Money,Business tax,GOV.UK homepage,Government,Rules for particular trades,Accounting for VAT,Brexit",HM Revenue & Customs,HM Revenue & Customs,2010 to 2015 Conservative and Liberal Democrat coalition government,,,
https://www.gov.uk/guidance/vat-how-to-work-out-your-place-of-supply-of-services,Work out your place of supply of services for VAT rules,detailed_guide,5f4ac2da-7631-11e4-a3cb-005056011aef,en,whitehall,2014-06-30T23:00:00.000Z,2020-12-31T23:00:30.000Z,,,289,"Exporting goods and services,Business tax,Money,VAT,GOV.UK homepage",HM Revenue & Customs,HM Revenue & Customs,2010 to 2015 Conservative and Liberal Democrat coalition government,,,
https://www.gov.uk/working-abroad,Work in an EU country,guide,12806ea7-f02c-4a2f-acd4-98df5e38ed64,en,publisher,2012-01-26T13:58:47.000Z,2015-02-24T13:52:42.000Z,,,287,"UK help and services in France,UK help and services in Germany,UK help and services in Czechia,UK help and services in Belgium,Tax, benefits, pensions and working abroad in Finland,Tax, benefits, pensions and working abroad in Slovenia,UK help and services in Bulgaria,Tax, benefits, pensions and working abroad in Cyprus,Tax, benefits, pensions and working abroad in Spain,UK help and services in Italy,UK help and services in Norway,Tax, benefits, pensions and working abroad in Italy,UK help and services in Liechtenstein,UK help and services in Slovakia,Tax, benefits, pensions and working abroad in Latvia,GOV.UK homepage,Tax, benefits, pensions and working abroad in Liechtenstein,UK help and services in Finland,UK help and services in Croatia,UK help and services in Netherlands,Tax, benefits, pensions and working abroad in Estonia,UK help and services in Luxembourg,UK help and services in Cyprus,Tax, benefits, pensions and working abroad in Germany,UK help and services in Malta,Tax, benefits, pensions and working abroad in Romania,Tax, benefits, pensions and working abroad in Austria,UK help and services in Hungary,Work,Countries (Living In),Tax, benefits, pensions and working abroad in Slovakia,Tax, benefits, pensions and working abroad in Croatia,Tax, benefits, pensions and working abroad in Lithuania,UK help and services in Slovenia,Tax, benefits, pensions and working abroad in Switzerland,Your pay, tax and the National Minimum Wage,UK help and services in Sweden,Living abroad,Your rights at work and trade unions,UK help and services in Estonia,UK help and services in Portugal,UK help and services in Austria,Tax, benefits, pensions and working abroad,UK help and services in Lithuania,Tax, benefits, pensions and working abroad in Belgium,Tax, benefits, pensions and working abroad in Netherlands,Help and services around the world,UK help and services in Latvia,UK help and services in Greece,Tax, benefits, pensions and working abroad in Sweden,Tax, benefits, pensions and working abroad in Hungary,UK help and services in Switzerland,Working, jobs and pensions,UK help and services in Denmark,Going and being abroad,Money,UK help and services in Spain,Tax, benefits, pensions and working abroad in Denmark,Tax, benefits, pensions and working abroad in Ireland,Tax, benefits, pensions and working abroad in Luxembourg,Tax, benefits, pensions and working abroad in Norway,Brexit,UK help and services in Ireland,Tax, benefits, pensions and working abroad in Poland,Tax, benefits, pensions and working abroad in France,Tax, benefits, pensions and working abroad in Bulgaria,Tax, benefits, pensions and working abroad in Portugal,Government,Tax, benefits, pensions and working abroad in Malta,Tax, benefits, pensions and working abroad in Czechia,Tax, benefits, pensions and working abroad in Greece,UK help and services in Romania,UK help and services in Iceland,UK help and services in Poland,Personal tax,Tax, benefits, pensions and working abroad in Iceland",Government Digital Service,"Foreign, Commonwealth & Development Office,HM Revenue & Customs",,,,
https://www.gov.uk/guidance/hmrc-compliance-checks-help-and-support,HMRC compliance checks: help and support,detailed_guide,44720880-ad52-4a8d-88a0-14338582b6b9,en,whitehall,2021-03-05T00:00:00.000Z,2025-12-12T07:01:35.000Z,,,286,"Money,Tax agent and adviser guidance,Compliance checks,Tax compliance,Dealing with HMRC,GOV.UK homepage",HM Revenue & Customs,HM Revenue & Customs,2019 to 2022 Johnson Conservative government,,,
https://www.gov.uk/guidance/group-and-divisional-registration-vat-notice-7002,Group and divisional registration (VAT Notice 700/2),detailed_guide,7cc43d6b-90d5-465b-836a-94f25beb9bee,en,whitehall,2014-08-07T23:00:00.000Z,2025-12-04T08:32:56.000Z,,,286,"Charging VAT,Business tax,GOV.UK homepage,Money,VAT,VAT returns,Accounting for VAT",HM Revenue & Customs,HM Revenue & Customs,2010 to 2015 Conservative and Liberal Democrat coalition government,,,
https://www.gov.uk/pay-off-debts,Check how you can deal with your debts,simple_smart_answer,4adb5690-f74d-4295-9346-4d5d6f841061,en,publisher,2016-02-26T12:35:29.000Z,2017-08-24T08:47:28.542Z,,,285,"GOV.UK homepage,Court claims, debt and bankruptcy,Money",Government Digital Service,The Insolvency Service,,,,
https://www.gov.uk/charities-and-tax,Charities and tax,guide,8b94940b-8c6a-46f4-a50c-2108414974c9,en,publisher,2012-10-13T12:16:07.000Z,2014-12-08T14:59:54.000Z,,,284,"Business tax,Reliefs,Charities and social enterprises,Business and industry,GOV.UK homepage,Charities, volunteering and honours,Money,Corporation Tax,Society and culture,Charity money, tax and accounts",Government Digital Service,"HM Revenue & Customs,The Charity Commission",,,,
https://www.gov.uk/employee-leaving,What to do when an employee leaves,answer,c0fe9f42-2084-4daf-8c94-361ad908c1a6,en,publisher,2014-06-12T11:50:02.000Z,2015-05-11T14:23:51.000Z,,,284,"Employing people,GOV.UK homepage,Work,PAYE,Business tax,Business and industry,Payroll,Running a business,Money,Employees joining, leaving or changing their circumstances",Government Digital Service,HM Revenue & Customs,,,,
https://www.gov.uk/tax-on-shopping/taxfree-shopping,Tax on shopping and services: Tax-free shopping,guide,ca839010-1a5e-4049-93b5-577a40286701,en,publisher,2012-01-23T13:52:51.000Z,2024-10-30T17:30:03.847Z,,,283,"GOV.UK homepage,VAT,Business tax,Money",Government Digital Service,HM Revenue & Customs,,,,
https://www.gov.uk/guidance/stamp-duty-land-tax-transactions-that-dont-need-a-return,Stamp Duty Land Tax: transactions that don't need a return,detailed_guide,602e8243-7631-11e4-a3cb-005056011aef,en,whitehall,2014-01-03T00:00:00.000Z,2017-12-14T11:27:26.000Z,,,283,"Money,GOV.UK homepage,Business tax,Stamp duty and other tax on property",HM Revenue & Customs,HM Revenue & Customs,2010 to 2015 Conservative and Liberal Democrat coalition government,,,
https://www.gov.uk/wind-up-a-company-that-owes-you-money,Wind up a company that owes you money,guide,64135ddf-7e6d-4d64-a917-77199bfeb34d,en,publisher,2012-10-14T15:53:43.000Z,2015-04-28T15:59:19.000Z,,,279,"Money,Company closure, administration, liquidation and insolvency ,Business and industry,Limited companies and partnerships,Court claims, debt and bankruptcy,Business debt and bankruptcy,GOV.UK homepage,Running a business",Government Digital Service,"Department for Business and Trade,The Insolvency Service,Department for Business, Energy & Industrial Strategy",,,,
https://www.gov.uk/guidance/get-help-if-hmrc-contacts-you-about-a-compliance-check,Get help if HMRC contacts you about a compliance check,detailed_guide,42a2a236-b531-46f2-817f-f959c9264878,en,whitehall,2025-04-29T23:00:00.000Z,2025-09-30T09:08:39.000Z,,,278,"Business tax,Compliance checks,Personal tax,Capital Gains Tax,Money,VAT,Corporation Tax,Income Tax,Dealing with HMRC,GOV.UK homepage,Tax compliance",HM Revenue & Customs,HM Revenue & Customs,2024 Starmer Labour government,,,
https://www.gov.uk/guidance/corporation-tax-use-hmrcs-free-filing-software,Check if you can use the HMRC Corporation Tax online filing service,detailed_guide,602cc111-7631-11e4-a3cb-005056011aef,en,whitehall,2007-01-03T00:00:00.000Z,2022-04-01T15:15:43.000Z,,,278,"Business tax,Money,GOV.UK homepage,Filing your return,Corporation Tax",HM Revenue & Customs,HM Revenue & Customs,1997 to 2007 Blair Labour government,,,
https://www.gov.uk/guidance/claim-personal-allowances-and-tax-refunds-if-you-live-abroad,Claim personal allowances and tax refunds if you live abroad (R43),detailed_guide,43cc3a2e-4089-44e8-aec7-6dbafec43583,en,whitehall,2023-06-05T23:00:00.000Z,2025-12-04T15:31:19.000Z,,,277,"Money,Income Tax,Living or working abroad or offshore,GOV.UK homepage,Personal tax",HM Revenue & Customs,HM Revenue & Customs,2022 to 2024 Sunak Conservative government,,,
https://www.gov.uk/guidance/reporting-rules-for-digital-platforms,Check if you need to register as a digital platform operator,detailed_guide,9b2f656e-d8f1-41cc-8850-a509a4de40a6,en,whitehall,2024-07-31T23:00:00.000Z,2025-10-22T15:08:20.000Z,,,277,"GOV.UK homepage,Business tax,International tax,Money",HM Revenue & Customs,HM Revenue & Customs,2024 Starmer Labour government,,,
https://www.gov.uk/guidance/statutory-sick-pay-how-different-employment-types-affect-what-you-pay,Statutory Sick Pay: how different employment types affect what you pay,detailed_guide,5efc10a3-7631-11e4-a3cb-005056011aef,en,whitehall,2014-03-14T15:37:00.000Z,2021-09-10T15:31:02.000Z,,,275,"Business tax,GOV.UK homepage,PAYE,Money",HM Revenue & Customs,HM Revenue & Customs,2010 to 2015 Conservative and Liberal Democrat coalition government,,,
https://www.gov.uk/guidance/rates-of-stamp-duty-land-tax-for-non-uk-residents,Rates of Stamp Duty Land Tax for non-UK residents,detailed_guide,2fa10743-499a-4728-85dc-36d5a8eb034a,en,whitehall,2021-03-08T00:00:00.000Z,2025-03-31T23:30:02.000Z,,,273,"Money,Stamp duty and other tax on property,Business tax,GOV.UK homepage",HM Revenue & Customs,HM Revenue & Customs,2019 to 2022 Johnson Conservative government,,,
https://www.gov.uk/guidance/how-downsizing-selling-or-gifting-a-home-affects-the-additional-inheritance-tax-threshold,"How downsizing, selling or gifting a home affects the residence nil rate band",detailed_guide,a8f5538f-2ae2-44a7-b31b-c26aa7a3e5ff,en,whitehall,2017-08-11T10:38:00.000Z,2017-08-11T10:38:00.000Z,,,273,"Personal tax,Money,GOV.UK homepage,Inheritance Tax",HM Revenue & Customs,HM Revenue & Customs,2016 to 2019 May Conservative government,,,
https://www.gov.uk/guidance/apply-for-health-care-cover-in-the-european-economic-area-ca8454,"Apply for healthcare cover in the EU, Iceland, Liechtenstein, Norway or Switzerland (CA8454)",detailed_guide,cdadf502-cf83-4df5-b5e0-b11a907df46b,en,whitehall,2020-11-02T00:00:00.000Z,2025-04-25T13:39:28.000Z,,,272,"GOV.UK homepage,Going and being abroad,Personal tax,Money,National Insurance",HM Revenue & Customs,HM Revenue & Customs,2019 to 2022 Johnson Conservative government,,,
https://www.gov.uk/guidance/gift-aid-what-donations-charities-and-cascs-can-claim-on,Gift Aid donation claims for charities and CASCs,detailed_guide,60269d1f-7631-11e4-a3cb-005056011aef,en,whitehall,2014-12-08T15:15:00.000Z,2019-10-22T12:33:57.000Z,,,270,"Charity money, tax and accounts,Charities and social enterprises,Charities, volunteering and honours,Society and culture,Community amateur sports clubs (CASCs),GOV.UK homepage,Money,Business and industry,Sports and leisure",HM Revenue & Customs,HM Revenue & Customs,2010 to 2015 Conservative and Liberal Democrat coalition government,,,
https://www.gov.uk/guidance/relief-from-vat-on-bad-debts-notice-70018,Relief from VAT on bad debts (VAT Notice 700/18),detailed_guide,94a571d5-e85e-4e25-bd0a-ae98297bce3c,en,whitehall,2013-02-07T00:00:00.000Z,2025-09-18T10:15:34.000Z,,,269,"GOV.UK homepage,VAT,Accounting for VAT,Business tax,Money,VAT returns,Charging VAT",HM Revenue & Customs,HM Revenue & Customs,2010 to 2015 Conservative and Liberal Democrat coalition government,,,
https://www.gov.uk/guidance/business-entertainment-and-vat-notice-70065,Business entertainment (VAT Notice 700/65),detailed_guide,cba72478-cd39-4f1b-8baa-3e3536c2adea,en,whitehall,2012-02-29T00:00:00.000Z,2012-02-29T00:00:00.000Z,,,267,"Money,Accounting for VAT,VAT,Business tax,GOV.UK homepage",HM Revenue & Customs,HM Revenue & Customs,2010 to 2015 Conservative and Liberal Democrat coalition government,,,
https://www.gov.uk/guidance/vat-relief-on-certain-building-work-if-you-have-a-disability,VAT relief on certain building work if you have a disability,detailed_guide,0a6be4d3-d35a-49c4-b433-5d788aa5869b,en,whitehall,2015-01-06T00:00:00.000Z,2015-01-06T00:00:00.000Z,,,266,"Paying,Benefits and financial help,Money,Business tax,Disability equipment and transport,Health and social care,VAT,GOV.UK homepage,Disabled people,Charging VAT",HM Revenue & Customs,HM Revenue & Customs,2010 to 2015 Conservative and Liberal Democrat coalition government,,,
https://www.gov.uk/guidance/what-payroll-information-to-report-to-hmrc,Payroll information to report to HMRC,detailed_guide,5f42ce9a-7631-11e4-a3cb-005056011aef,en,whitehall,2014-06-11T23:00:00.000Z,2025-05-02T10:32:16.000Z,,,266,"GOV.UK homepage,Business tax,PAYE,Money",HM Revenue & Customs,HM Revenue & Customs,2010 to 2015 Conservative and Liberal Democrat coalition government,,,
https://www.gov.uk/guidance/apply-for-a-certificate-to-confirm-you-pay-uk-national-insurance-when-working-in-a-country-that-has-a-social-security-agreement-with-the-uk-ca9107,Apply for a certificate to confirm you pay UK National Insurance when working in a country that has a social security agreement with the UK (CA9107),detailed_guide,0567f1b6-10df-4851-ad82-3d6ba53f9f9a,en,whitehall,2024-04-28T23:00:00.000Z,2024-04-28T23:00:00.000Z,,,265,"National Insurance,Personal tax,GOV.UK homepage,Money",HM Revenue & Customs,HM Revenue & Customs,2022 to 2024 Sunak Conservative government,,,
https://www.gov.uk/student-jobs-paying-tax,Student jobs: paying tax,answer,d9a3005e-f498-45fc-947d-49d404465c0e,en,publisher,2012-01-26T13:01:52.000Z,2015-08-21T09:45:11.000Z,,,264,"Working, jobs and pensions,Income Tax,Your pay, tax and the National Minimum Wage,Money,Student jobs and loans,Work,Personal tax,GOV.UK homepage",Government Digital Service,HM Revenue & Customs,,,,
https://www.gov.uk/guidance/special-rules-for-student-loans,Student loan and postgraduate loan repayment guidance for employers,detailed_guide,5f6647ff-7631-11e4-a3cb-005056011aef,en,whitehall,2014-07-14T23:00:00.000Z,2025-10-21T08:49:41.000Z,,,263,"Employees joining, leaving or changing their circumstances,Business tax,GOV.UK homepage,Money,PAYE",HM Revenue & Customs,HM Revenue & Customs,2010 to 2015 Conservative and Liberal Democrat coalition government,,,
https://www.gov.uk/guidance/confirm-your-tax-responsibilities-when-applying-for-a-taxi-private-hire-or-scrap-metal-licence,"Confirm your tax responsibilities when applying for a taxi, private hire or scrap metal licence",detailed_guide,97d4831e-8b03-4f58-b634-5e5448be15be,en,whitehall,2022-01-10T10:00:00.000Z,2023-09-11T10:11:53.000Z,,,261,"Tax evasion and avoidance,Money,Tax compliance,GOV.UK homepage,Dealing with HMRC",HM Revenue & Customs,HM Revenue & Customs,2019 to 2022 Johnson Conservative government,,,
https://www.gov.uk/guidance/catering-takeaway-food-and-vat-notice-7091,"Catering, takeaway food (VAT Notice 709/1)",detailed_guide,c38f9d97-aa27-428a-886a-e58669e7cfb8,en,whitehall,2013-10-06T23:00:00.000Z,2022-08-05T13:33:21.000Z,,,261,"GOV.UK homepage,Business and industry,Money,Rules for particular trades,Charging VAT,Accounting for VAT,International,VAT,Running a business,Business auditing, accounting and reporting,Business tax",HM Revenue & Customs,HM Revenue & Customs,2010 to 2015 Conservative and Liberal Democrat coalition government,,,
https://www.gov.uk/guidance/money-laundering-regulations-accountancy-service-provider-registration,Check if you need to register for money laundering supervision if you're an accountancy service provider,detailed_guide,602d904d-7631-11e4-a3cb-005056011aef,en,whitehall,2014-02-25T00:00:00.000Z,2023-03-16T13:55:23.000Z,,,260,"Dealing with HMRC,Registration for specific business types,Business and industry,Money,GOV.UK homepage,Tax agent and adviser guidance,Money laundering regulations",HM Revenue & Customs,HM Revenue & Customs,2010 to 2015 Conservative and Liberal Democrat coalition government,,,
https://www.gov.uk/guidance/vat-exports-dispatches-and-supplying-goods-abroad,"Exports, sending goods abroad and charging VAT",detailed_guide,5f52e8d4-7631-11e4-a3cb-005056011aef,en,whitehall,2014-06-30T23:00:00.000Z,2020-12-31T23:00:59.000Z,,,260,"Money,GOV.UK homepage,Exporting goods and services,Business tax,VAT",HM Revenue & Customs,HM Revenue & Customs,2010 to 2015 Conservative and Liberal Democrat coalition government,,,
https://www.gov.uk/guidance/late-payment-interest-if-you-do-not-pay-vat-or-penalties-on-time,Late payment interest if you do not pay VAT or penalties on time,detailed_guide,48d40c94-fe6c-4d2a-be6d-3b983ba49b18,en,whitehall,2023-01-04T00:00:00.000Z,2026-02-06T10:02:38.000Z,,,257,"GOV.UK homepage,Money,VAT,Business tax,VAT returns",HM Revenue & Customs,HM Revenue & Customs,2022 to 2024 Sunak Conservative government,,,
https://www.gov.uk/guidance/corporation-tax-research-and-development-tax-relief-for-small-and-medium-sized-enterprises,Research and Development tax relief for small and medium-sized enterprises,detailed_guide,01bb24b3-6d08-4a22-a4dd-3d66a5281954,en,whitehall,2015-12-23T00:00:00.000Z,2026-01-16T12:03:10.000Z,,,256,"GOV.UK homepage,Business tax,Scientific research and development,Money,Science and innovation,Business and industry,Corporation Tax",HM Revenue & Customs,HM Revenue & Customs,2015 to 2016 Cameron Conservative government,,,
https://www.gov.uk/employee-reaches-state-pension-age,What to do when an employee reaches State Pension age,answer,a76ec19d-1cd5-4128-addc-b67647e0441a,en,publisher,2014-06-12T11:50:06.000Z,2016-05-04T11:04:17.566Z,,,255,"Payroll,PAYE,Running a business,Employees joining, leaving or changing their circumstances,Employing people,Business and industry,Work,GOV.UK homepage,Money,Business tax",Government Digital Service,HM Revenue & Customs,,,,
https://www.gov.uk/guidance/check-if-a-qr-code-on-a-letter-youve-received-from-hmrc-is-genuine,Check if a QR code on a letter you've received from HMRC is genuine,detailed_guide,ab7a5697-33de-413a-881c-1f5e7a13d6ea,en,whitehall,2025-10-02T23:00:00.000Z,2026-02-16T15:39:39.000Z,,,254,"Money,Dealing with HMRC,Phishing and scams,GOV.UK homepage",HM Revenue & Customs,HM Revenue & Customs,2024 Starmer Labour government,,,
https://www.gov.uk/tax-return-uk,Tax if you return to the UK,answer,74b61c64-b284-43f6-8f81-be03a85b82d1,en,publisher,2014-12-08T15:30:07.000Z,2014-12-09T11:26:18.000Z,,,254,"Money,GOV.UK homepage,Coming to the UK,Income Tax,Personal tax",Government Digital Service,HM Revenue & Customs,,,,
https://www.gov.uk/new-employee-tax-code,Work out your new employee's tax code,simple_smart_answer,04bbc2e6-b2c0-4c4b-a93d-850c5aa08b47,en,publisher,2014-06-12T11:50:17.000Z,2017-04-05T23:01:16.717Z,,,254,"PAYE,Business and industry,Payroll,Employing people,Business tax,Employees joining, leaving or changing their circumstances,GOV.UK homepage,Running a business,Money,Work",Government Digital Service,HM Revenue & Customs,,,,
https://www.gov.uk/expenses-and-benefits-relocation/whats-exempt,Expenses and benefits: relocation costs: What you do not have to report,guide,98ae02e3-a3ab-4817-ad89-40cb3b274dff,en,publisher,2012-09-13T13:07:49.000Z,2015-02-18T23:11:19.000Z,,,253,"Business tax,Money,Running a business,Business and industry,Expenses and employee benefits,Employing people,GOV.UK homepage",Government Digital Service,HM Revenue & Customs,,,,
https://www.gov.uk/guidance/penalty-points-and-penalties-if-you-submit-your-vat-return-late,Penalty points and penalties if you submit your VAT Return late,detailed_guide,24f1b28a-8187-480e-b4c3-3410a7f4ec0c,en,whitehall,2023-01-04T09:00:00.000Z,2023-03-01T08:49:32.000Z,,,250,"GOV.UK homepage,Paying HMRC,VAT returns,Dealing with HMRC,Business tax,Money,VAT",HM Revenue & Customs,HM Revenue & Customs,2022 to 2024 Sunak Conservative government,,,
https://www.gov.uk/guidance/submit-your-alcohol-duty-return,Submit your Alcohol Duty return,detailed_guide,3be38ed4-fb3e-4426-958e-f28dcf19150b,en,whitehall,2024-12-11T00:00:00.000Z,2025-11-18T12:09:50.000Z,,,248,"Money,Alcohol duty,Business tax,GOV.UK homepage",HM Revenue & Customs,HM Revenue & Customs,2024 Starmer Labour government,,,
https://www.gov.uk/guidance/trusts-and-capital-gains-tax,Trusts and Capital Gains: work out your tax,detailed_guide,9c7fa542-aef9-4fb6-9f22-91b05f286e81,en,whitehall,2008-08-11T23:00:00.000Z,2025-04-05T23:15:12.000Z,,,246,"GOV.UK homepage,Personal tax,Capital Gains Tax,Trusts,Money",HM Revenue & Customs,HM Revenue & Customs,2007 to 2010 Brown Labour government,,,
https://www.gov.uk/guidance/pay-less-import-duty-and-vat-when-re-importing-goods-to-the-uk-and-eu,Pay less import duty and VAT when re-importing goods to the UK,detailed_guide,4a85c33e-adba-42a8-9012-33bcbca178d4,en,whitehall,2020-09-02T23:00:00.000Z,2024-11-26T15:03:12.000Z,,,245,"GOV.UK homepage,Importing goods and services,Customs declarations, duties and tariffs (import and export),Exporting goods and services,Business tax,Money,Trade and investment,Business and industry,VAT",HM Revenue & Customs,HM Revenue & Customs,2019 to 2022 Johnson Conservative government,,,
https://www.gov.uk/guidance/business-promotions-and-vat-notice-7007,Business promotions (VAT Notice 700/7),detailed_guide,b5bfb66e-d230-47a8-b2b8-bfdb8091f825,en,whitehall,2012-05-27T23:00:00.000Z,2026-02-13T08:59:11.000Z,,,243,"VAT,GOV.UK homepage,Business tax,Money",HM Revenue & Customs,HM Revenue & Customs,2010 to 2015 Conservative and Liberal Democrat coalition government,,,
https://www.gov.uk/guidance/registration-guide-for-estate-agency-businesses,Money laundering supervision for estate agency businesses,detailed_guide,5f4aba0e-7631-11e4-a3cb-005056011aef,en,whitehall,2014-04-02T09:31:00.000Z,2021-01-26T14:52:24.000Z,,,243,"GOV.UK homepage,Money,Business and industry,Registration for specific business types,Money laundering regulations",HM Revenue & Customs,HM Revenue & Customs,2010 to 2015 Conservative and Liberal Democrat coalition government,,,
https://www.gov.uk/guidance/goods-and-services-you-can-claim-for-under-the-vat-diy-scheme,Goods and services you can claim for under the VAT DIY Scheme,detailed_guide,458e9313-54e2-4542-b01e-609d72706c85,en,whitehall,2019-08-28T23:00:00.000Z,2025-03-17T14:50:03.000Z,,,243,"GOV.UK homepage,VAT,Money,Business tax",HM Revenue & Customs,HM Revenue & Customs,2019 to 2022 Johnson Conservative government,,,
https://www.gov.uk/guidance/vat-and-overseas-goods-sold-directly-to-customers-in-the-uk,VAT and overseas goods sold directly to customers in the UK,detailed_guide,a91d1f7d-7d4d-4476-9ce2-3f789e4fa348,en,whitehall,2020-11-20T14:33:00.000Z,2022-05-13T08:09:05.000Z,,,241,"Brexit,VAT,Government,GOV.UK homepage,Importing goods and services,Money,Overseas businesses and UK VAT,Business tax",HM Revenue & Customs,HM Revenue & Customs,2019 to 2022 Johnson Conservative government,,,
https://www.gov.uk/repay-child-benefit-overpayments,Repay Child Benefit overpayments,answer,51bc92b9-5f12-45c0-99c1-1f3bdea9e369,en,publisher,2014-08-12T17:03:27.000Z,2015-04-08T16:45:07.000Z,,,239,"Money,GOV.UK homepage,Child benefit,Welfare,Parenting, childcare and children's services ,Financial help if you have children,Child Benefit,Dealing with HMRC,Paying HMRC,Child Benefit overpayments",Government Digital Service,HM Revenue & Customs,,,,
https://www.gov.uk/guidance/apply-for-an-account-to-defer-duty-payments-when-you-import-or-release-goods-into-great-britain,Apply for an account to defer duty payments when you import or release goods into Great Britain,detailed_guide,d42f8080-0353-478f-8a68-a7709c4ad98f,en,whitehall,2020-10-29T00:00:00.000Z,2025-03-31T10:37:12.000Z,,,239,"Customs declarations, duties and tariffs (import and export),Business tax,Business and industry,VAT,Importing,Money,Importing goods and services,GOV.UK homepage,Trade and investment",HM Revenue & Customs,HM Revenue & Customs,2019 to 2022 Johnson Conservative government,,,
https://www.gov.uk/guidance/agricultural-relief-on-inheritance-tax,Agricultural Relief for Inheritance Tax,detailed_guide,602a1e44-7631-11e4-a3cb-005056011aef,en,whitehall,2013-06-16T23:00:00.000Z,2024-04-05T23:45:02.000Z,,,237,"GOV.UK homepage,Personal tax,Reliefs,Money,Inheritance Tax",HM Revenue & Customs,HM Revenue & Customs,2010 to 2015 Conservative and Liberal Democrat coalition government,,,
https://www.gov.uk/guidance/check-if-you-need-to-register-for-plastic-packaging-tax,Plastic Packaging Tax: steps to take,detailed_guide,1eb1192e-b800-4094-b2e9-f76f3ec471ba,en,whitehall,2021-11-04T00:00:00.000Z,2026-02-12T14:11:52.000Z,,,236,"GOV.UK homepage,Business tax,Money",HM Revenue & Customs,HM Revenue & Customs,2019 to 2022 Johnson Conservative government,,,
https://www.gov.uk/guidance/claim-a-vat-refund-for-a-new-home-or-charity-building-if-youre-a-diy-housebuilder,Claim a VAT refund for a new home or charity building if you're a DIY housebuilder,detailed_guide,cbb0a630-6e71-4f18-906a-d0c27b34cc80,en,whitehall,2023-12-05T00:00:00.000Z,2025-02-25T16:40:56.000Z,,,233,"GOV.UK homepage,Dealing with HMRC,VAT,Money,Business tax",HM Revenue & Customs,HM Revenue & Customs,2022 to 2024 Sunak Conservative government,,,
https://www.gov.uk/guidance/work-out-your-allowances-if-youve-flexibly-accessed-your-pension,Check if you’ve gone above the money purchase annual allowance,detailed_guide,8cf6b6d7-5fa1-4c8a-89fd-d9e4a38ed2ca,en,whitehall,2019-01-11T14:31:00.000Z,2023-04-05T23:15:17.000Z,,,231,"Tax on savings and investments,GOV.UK homepage,Workplace and personal pensions,Money,Work,Working, jobs and pensions,Tax on savings,Personal tax",HM Revenue & Customs,HM Revenue & Customs,2016 to 2019 May Conservative government,,,
https://www.gov.uk/guidance/tell-hmrc-about-land-and-property-supplies-youre-making,Tell HMRC about land and property supplies you're making,detailed_guide,1a5a9448-af38-48d9-a8e5-41898e0cbc8e,en,whitehall,2022-12-08T09:35:00.000Z,2023-05-10T09:18:54.000Z,,,231,"VAT,Money,Business tax,GOV.UK homepage",HM Revenue & Customs,HM Revenue & Customs,2022 to 2024 Sunak Conservative government,,,
https://www.gov.uk/guidance/tour-operators-margin-scheme-for-vat-notice-7095,Tour Operators' Margin Scheme (VAT Notice 709/5),detailed_guide,1e3218d7-2769-4476-b420-b1a077cbc488,en,whitehall,2009-12-14T00:00:00.000Z,2024-04-18T07:59:40.000Z,,,231,"Business and industry,VAT,GOV.UK homepage,Paying HMRC,Dealing with HMRC,VAT returns,Business tax,Charging VAT,Money,Running a business,Rules for particular trades,Business finance and support,Accounting for VAT",HM Revenue & Customs,HM Revenue & Customs,2007 to 2010 Brown Labour government,,,
https://www.gov.uk/expenses-benefits-meals-employees-directors,Expenses and benefits: meals for employees and directors,guide,72bb9ad4-13c1-4e17-bf97-01bd26e8e41e,en,publisher,2012-10-03T18:04:53.000Z,2015-02-18T23:14:35.000Z,,,230,"GOV.UK homepage,Expenses and employee benefits,Money",Government Digital Service,HM Revenue & Customs,,,,
https://www.gov.uk/guidance/zero-rating-books-and-printed-matter-for-vat-notice-70110,Zero rating books and printed matter (VAT Notice 701/10),detailed_guide,7e0faa75-0a5d-45db-9866-be4f45ab1ec5,en,whitehall,2016-12-13T00:00:00.000Z,2020-07-31T15:10:42.000Z,,,230,"Money,GOV.UK homepage,Tax agent and adviser guidance,Accounting for VAT,VAT,Business tax,Dealing with HMRC,Charging VAT",HM Revenue & Customs,HM Revenue & Customs,2016 to 2019 May Conservative government,,,
https://www.gov.uk/guidance/claim-to-reduce-payments-on-account,Claim to reduce payments on account,detailed_guide,daf8c248-c38d-4adc-a146-ad8906dc5d4b,en,whitehall,2024-05-08T23:00:00.000Z,2024-05-08T23:00:00.000Z,,,229,"Self Assessment,Personal tax,GOV.UK homepage,Money",HM Revenue & Customs,HM Revenue & Customs,2022 to 2024 Sunak Conservative government,,,
https://www.gov.uk/guidance/understanding-tax-and-your-pension,Understanding tax and your pension,detailed_guide,84d2e2ff-7761-4bcb-9b6a-98d9aae2ef4d,en,whitehall,2025-03-27T00:00:00.000Z,2025-07-28T13:00:09.000Z,,,229,"Money,Pensions,Personal tax,Dealing with HMRC,Paying HMRC,GOV.UK homepage,Income Tax,Pension schemes",HM Revenue & Customs,HM Revenue & Customs,2024 Starmer Labour government,,,
https://www.gov.uk/guidance/living-in-cyprus,Living in Cyprus,detailed_guide,5d8c3ddf-7631-11e4-a3cb-005056011aef,en,whitehall,2013-03-22T00:00:00.000Z,2026-02-05T10:42:13.000Z,,,229,"Living in Cyprus,Going and being abroad,British nationals overseas,Personal tax,GOV.UK homepage,Driving and road transport,Help and services around the world,Driving licences,Passports,Money,Transport,Travel abroad,Living abroad,UK help and services in Cyprus,Health and social care,National Health Service,Leaving the UK,Driving abroad","Foreign, Commonwealth & Development Office","Foreign, Commonwealth & Development Office",2010 to 2015 Conservative and Liberal Democrat coalition government,,,
https://www.gov.uk/guidance/insolvency-and-vat-notice-70056,Insolvency (VAT Notice 700/56),detailed_guide,8b94af6c-a1d3-4d2f-a948-8c3948abcecc,en,whitehall,2014-03-31T23:00:00.000Z,2025-10-23T13:50:34.000Z,,,229,"Accounting for VAT,VAT,GOV.UK homepage,Business tax,Money",HM Revenue & Customs,HM Revenue & Customs,2010 to 2015 Conservative and Liberal Democrat coalition government,,,
https://www.gov.uk/guidance/check-what-research-and-development-rd-costs-you-can-claim,Check what Research and Development (R&D) costs you can claim,detailed_guide,9dec3121-e9e2-44c8-80a0-80c07343b9b3,en,whitehall,2024-10-31T00:00:00.000Z,2024-10-31T00:00:00.000Z,,,228,"Corporation Tax,Scientific research and development,Money,GOV.UK homepage,Business and industry,Business tax,Science and innovation",HM Revenue & Customs,HM Revenue & Customs,2024 Starmer Labour government,,,
https://www.gov.uk/guidance/vat-road-fuel-scale-charges-from-1-may-2025-to-30-april-2026,VAT road fuel scale charges from 1 May 2025 to 30 April 2026,detailed_guide,25c01405-2ecd-45e6-9812-5d5ba74d2f21,en,whitehall,2025-04-16T13:38:58.000Z,2025-04-16T13:38:58.000Z,,,228,"Money,Fuel Duty,Business tax,GOV.UK homepage",HM Revenue & Customs,HM Revenue & Customs,2024 Starmer Labour government,,,
https://www.gov.uk/guidance/venture-capital-schemes-tax-relief-for-investors,Tax relief for investors using venture capital schemes,detailed_guide,f0317664-b708-4dff-94a6-b09b189e4fcc,en,whitehall,2016-01-01T00:00:00.000Z,2023-10-06T13:29:47.000Z,,,225,"Business tax,Venture capital schemes,GOV.UK homepage,Investment schemes,Money",HM Revenue & Customs,HM Revenue & Customs,2015 to 2016 Cameron Conservative government,,,
https://www.gov.uk/guidance/manage-additional-permitted-subscriptions-into-an-isa,How to manage additional permitted subscriptions,detailed_guide,997a9a85-573d-43c1-a34a-3df71df1c570,en,whitehall,2018-04-04T23:00:00.000Z,2024-04-05T23:15:03.000Z,,,225,"Tax on savings and investments,Money,Personal tax,GOV.UK homepage",HM Revenue & Customs,HM Revenue & Customs,2016 to 2019 May Conservative government,,,
https://www.gov.uk/guidance/non-statutory-clearance-service-guidance,Find out about the Non-Statutory Clearance Service,detailed_guide,605517d2-7631-11e4-a3cb-005056011aef,en,whitehall,2013-08-07T23:00:00.000Z,2023-12-01T14:14:53.000Z,,,225,"GOV.UK homepage,Dealing with HMRC,Tax compliance,Money,Clearances and approvals",HM Revenue & Customs,HM Revenue & Customs,2010 to 2015 Conservative and Liberal Democrat coalition government,,,
https://www.gov.uk/guidance/statutory-maternity-pay-employee-circumstances-that-affect-payment,Statutory Maternity Pay: employee circumstances that affect payment,detailed_guide,5f116d28-7631-11e4-a3cb-005056011aef,en,whitehall,2014-03-18T00:00:00.000Z,2023-12-18T12:27:29.000Z,,,221,"Money,PAYE,GOV.UK homepage,Business tax",HM Revenue & Customs,HM Revenue & Customs,2010 to 2015 Conservative and Liberal Democrat coalition government,,,
https://www.gov.uk/guidance/help-and-support-for-employing-people,"HMRC email updates, videos and webinars for employing people",detailed_guide,8bf5aeb4-69fb-499b-b410-813fb56c1ed9,en,whitehall,2017-10-05T23:00:00.000Z,2025-12-31T10:01:37.000Z,,,221,"Paying HMRC,Self Assessment,Business tax,Dealing with HMRC,Personal tax,National Insurance,PAYE,GOV.UK homepage,Money",HM Revenue & Customs,HM Revenue & Customs,2016 to 2019 May Conservative government,,,
https://www.gov.uk/guidance/payecis-for-agents-online-service,How to use the PAYE for Agents online service,detailed_guide,2189d84c-0d75-4817-a391-60d6443893b9,en,whitehall,2014-01-01T00:00:00.000Z,2024-11-20T08:58:20.000Z,,,219,"Dealing with HMRC,Business tax,Money,Tax agent and adviser guidance,GOV.UK homepage,PAYE",HM Revenue & Customs,HM Revenue & Customs,2010 to 2015 Conservative and Liberal Democrat coalition government,,,
https://www.gov.uk/guidance/manage-your-clients-details-for-vat,Manage your client's details for VAT,detailed_guide,09d57353-af0c-4ff1-b3d9-669f3cc9ed85,en,whitehall,2018-10-15T23:00:00.000Z,2022-04-01T13:31:27.000Z,,,219,"Dealing with HMRC,Money,Business tax,Tax agent and adviser guidance,GOV.UK homepage,VAT",HM Revenue & Customs,HM Revenue & Customs,2016 to 2019 May Conservative government,,,
https://www.gov.uk/guidance/hotels-holiday-accommodation-and-vat-notice-7093,Hotels and holiday accommodation (VAT Notice 709/3),detailed_guide,3c960adb-a770-4a87-aae1-ad09618cfca7,en,whitehall,2013-06-07T23:00:00.000Z,2022-08-05T13:31:22.000Z,,,218,"GOV.UK homepage,Money,Business tax,VAT,Rules for particular trades",HM Revenue & Customs,HM Revenue & Customs,2010 to 2015 Conservative and Liberal Democrat coalition government,,,
https://www.gov.uk/guidance/the-vat-rules-if-you-supply-digital-services-to-private-consumers,VAT rules for supplies of digital services to consumers,detailed_guide,5e93ebca-8f0e-41af-902a-5493733b928a,en,whitehall,2014-12-19T00:00:00.000Z,2022-03-28T10:14:30.000Z,,,218,"VAT,Rules for particular trades,Accounting for VAT,GOV.UK homepage,Business tax,Charging VAT,Money",HM Revenue & Customs,HM Revenue & Customs,2010 to 2015 Conservative and Liberal Democrat coalition government,,,
https://www.gov.uk/tax-limited-company-gives-to-charity,Tax when your limited company gives to charity,guide,09e853b5-ef91-4e9e-94a7-ccc6e82f5a6c,en,publisher,2014-11-04T11:37:12.000Z,2014-12-08T14:58:56.000Z,,,218,"Society and culture,Reliefs,Money,Corporation Tax,GOV.UK homepage,Charities, volunteering and honours,Business tax",Government Digital Service,HM Revenue & Customs,,,,
https://www.gov.uk/guidance/carry-forward-corporation-tax-losses,Carry forward Corporation Tax losses,detailed_guide,d45a7179-5ad7-4e89-8f5a-97740a1ebb43,en,whitehall,2013-08-12T23:00:00.000Z,2020-06-22T13:34:48.000Z,,,218,"Money,Business tax,GOV.UK homepage,Preparing accounts for Corporation Tax,Dealing with HMRC,Corporation Tax,Working out your Corporation Tax",HM Revenue & Customs,HM Revenue & Customs,2010 to 2015 Conservative and Liberal Democrat coalition government,,,
https://www.gov.uk/guidance/help-with-self-employment-on-your-self-assessment-tax-return,Help with self-employment on your Self Assessment tax return,detailed_guide,cd783802-dd67-4512-8d86-097575296435,en,whitehall,2025-05-27T23:00:00.000Z,2025-09-11T11:16:09.000Z,,,216,"Self Assessment,GOV.UK homepage,Personal tax,Money,Filing a tax return",HM Revenue & Customs,HM Revenue & Customs,2024 Starmer Labour government,,,
https://www.gov.uk/guidance/stamp-duty-reliefs-and-exemptions-on-paper-shares,Stamp Duty reliefs and exemptions on share transfers,detailed_guide,0c4f12da-96d5-436e-82a4-b7cb6227fd5b,en,whitehall,2014-07-11T23:00:00.000Z,2022-02-25T00:15:01.000Z,,,215,"Business tax,GOV.UK homepage,Money,Stamp tax on paper shares,Stamp duty on shares",HM Revenue & Customs,HM Revenue & Customs,2010 to 2015 Conservative and Liberal Democrat coalition government,,,
https://www.gov.uk/guidance/register-for-the-annual-tax-on-enveloped-dwellings-online-service,Submit your Annual Tax on Enveloped Dwellings return,detailed_guide,bf2aaca5-124f-4fca-9d2a-6e89cd372e9f,en,whitehall,2017-01-24T00:00:00.000Z,2025-06-27T15:10:01.000Z,,,215,"GOV.UK homepage,Stamp duty and other tax on property,Business tax,Annual Tax on Enveloped Dwellings,Money",HM Revenue & Customs,HM Revenue & Customs,2016 to 2019 May Conservative government,,,
https://www.gov.uk/tax-tribunal,Appeal to the tax tribunal,guide,000c3ffa-6e21-49e4-b283-2650f0187e82,en,publisher,2012-09-05T13:58:16.000Z,2015-02-12T11:59:36.000Z,,,215,"Courts, sentencing and tribunals,Dealing with HMRC,GOV.UK homepage,Crime, justice and law,Money,Business tax,Complaints and appeals",Government Digital Service,"Border Force,HM Courts & Tribunals Service,HM Revenue & Customs",,,,
https://www.gov.uk/pay-construction-industry-scheme-cis-late-filing-penalty,Pay a Construction Industry Scheme (CIS) late filing penalty,guide,53b9c81d-ec9d-4517-afef-93d1a2e8d4c3,en,publisher,2014-09-19T14:45:56.000Z,2024-12-31T09:13:41.561Z,,,214,"Payments,Money,Construction Industry Scheme (CIS),Paying HMRC,Construction Industry Scheme (through PAYE),Dealing with HMRC,Business tax,GOV.UK homepage",Government Digital Service,HM Revenue & Customs,,,,
https://www.gov.uk/guidance/apply-for-an-exception-from-registering-for-vat,Apply for an exception from registering for VAT,detailed_guide,3a2ab0fd-e58b-4004-abc0-05ea17fd2e49,en,whitehall,2025-05-20T08:57:08.000Z,2025-05-20T08:57:08.000Z,,,212,"Business tax,GOV.UK homepage,VAT,Money",HM Revenue & Customs,HM Revenue & Customs,2024 Starmer Labour government,,,
https://www.gov.uk/guidance/apply-for-refund-of-class-1-national-insurance-contributions,Apply for a refund of Class 1 National Insurance contributions,detailed_guide,55a0bf56-5549-46c5-944b-a97b6708e942,en,whitehall,2024-02-05T00:00:00.000Z,2025-08-08T11:40:58.000Z,,,209,"Money,National Insurance,Personal tax,GOV.UK homepage,Refunds",HM Revenue & Customs,HM Revenue & Customs,2022 to 2024 Sunak Conservative government,,,
https://www.gov.uk/welsh-income-tax,Income Tax in Wales,answer,77c98bfc-0539-4002-a550-70f1716b9cec,en,publisher,2018-10-18T23:01:03.775Z,2018-11-01T15:57:56.073Z,,,209,"GOV.UK homepage,Welsh rate of Income Tax,Personal tax,Money,Income Tax",Government Digital Service,"HM Revenue & Customs,Welsh Government",,,,
https://www.gov.uk/tax-live-abroad-sell-uk-home,Tax if you live abroad and sell your UK home ,guide,bab7ee0b-c6e0-4afc-bb94-87e1d31f82eb,en,publisher,2015-11-17T07:45:11.000Z,2016-02-22T12:46:06.000Z,,,209,"GOV.UK homepage,Money,Personal tax,Capital Gains Tax",Government Digital Service,HM Revenue & Customs,,,,
https://www.gov.uk/guidance/seafarers-earnings-deduction-tax-relief-if-you-work-on-a-ship,Seafarers Earnings Deduction: tax relief if you work on a ship,detailed_guide,601fb0b2-7631-11e4-a3cb-005056011aef,en,whitehall,2014-10-02T07:29:00.000Z,2022-06-17T09:47:44.000Z,,,208,"GOV.UK homepage,Living or working abroad or offshore,Personal tax,Rules for specific occupations,Money",HM Revenue & Customs,HM Revenue & Customs,2010 to 2015 Conservative and Liberal Democrat coalition government,,,
https://www.gov.uk/workplace-pensions-employers,Set up and manage a workplace pension scheme,guide,ea49d95b-2f33-409d-a5be-c5881dcce09e,en,publisher,2012-10-17T08:45:28.000Z,2015-09-03T08:18:30.000Z,,,207,"Business tax,Personal tax,Income Tax,Pension scheme administration,Money,GOV.UK homepage,Pensions",Government Digital Service,"Department for Work and Pensions,HM Revenue & Customs",,,,
https://www.gov.uk/guidance/manage-isa-subscriptions-for-your-investors,How to manage ISA subscriptions,detailed_guide,bf2fe684-1966-426e-b7d5-e637b83eded6,en,whitehall,2018-04-04T23:00:00.000Z,2025-09-18T11:48:07.000Z,,,205,"Personal tax,Tax on savings and investments,GOV.UK homepage,Money",HM Revenue & Customs,HM Revenue & Customs,2016 to 2019 May Conservative government,,,
https://www.gov.uk/vat-cash-accounting-scheme,VAT Cash Accounting Scheme,guide,cb6b99d8-2779-4c1c-8c20-66e86bd464b9,en,publisher,2012-09-13T12:30:40.000Z,2018-02-08T11:58:07.898Z,,,205,"GOV.UK homepage,Accounting for VAT,VAT,Money,Business tax",Government Digital Service,HM Revenue & Customs,,,,
https://www.gov.uk/guidance/rates-and-thresholds-for-employers-2022-to-2023,Rates and thresholds for employers 2022 to 2023,detailed_guide,394599a9-d7b4-4adc-9036-cf8b0b914e21,en,whitehall,2022-02-07T00:00:00.000Z,2025-10-15T06:00:00.000Z,,,204,"Business tax,Money,PAYE,GOV.UK homepage",HM Revenue & Customs,HM Revenue & Customs,2019 to 2022 Johnson Conservative government,,,
https://www.gov.uk/guidance/complete-your-vat-return-to-account-for-import-vat,Complete your VAT Return to account for import VAT,detailed_guide,d6e8ac21-ab9a-4328-aaf3-65da02b06c89,en,whitehall,2020-07-26T23:00:00.000Z,2023-03-10T09:17:37.000Z,,,203,"Customs declarations, duties and tariffs (import and export),GOV.UK homepage,Business tax,Trade and investment,Business and industry,Commodity codes and reporting,Importing,VAT,Money",HM Revenue & Customs,HM Revenue & Customs,2019 to 2022 Johnson Conservative government,,,
https://www.gov.uk/guidance/ask-hmrc-for-information-about-a-trust,Ask HMRC for information about a trust,detailed_guide,11ac5d4b-5561-461b-b86c-89faa2708eb9,en,whitehall,2022-08-31T23:00:00.000Z,2023-06-16T12:55:40.000Z,,,202,"Money,Trusts,GOV.UK homepage,Personal tax",HM Revenue & Customs,HM Revenue & Customs,2019 to 2022 Johnson Conservative government,,,
https://www.gov.uk/guidance/apply-for-vat-group-registration,Apply for VAT group registration,detailed_guide,f0e3bbdd-20fa-4b2b-a866-01ae8bebd2e8,en,whitehall,2025-04-13T23:00:00.000Z,2025-05-07T07:46:12.000Z,,,202,"Money,Business tax,VAT,GOV.UK homepage",HM Revenue & Customs,HM Revenue & Customs,2024 Starmer Labour government,,,
https://www.gov.uk/guidance/report-suspicious-activity-happening-in-your-hmrc-online-account,Report suspicious activity happening in your HMRC online account,detailed_guide,138493ff-52bb-4346-86f8-3a41c81e04fe,en,whitehall,2025-12-11T00:00:00.000Z,2025-12-11T00:00:00.000Z,,,200,"GOV.UK homepage,Phishing and scams,Money,Dealing with HMRC",HM Revenue & Customs,HM Revenue & Customs,2024 Starmer Labour government,,,
https://www.gov.uk/guidance/paye-rules-for-labour-supply-chains-that-include-umbrella-companies-from-6-april-2026,PAYE rules for labour supply chains that include umbrella companies from 6 April 2026,detailed_guide,ab5c19d7-c33a-4d1d-b726-7c203161f571,en,whitehall,2025-09-16T23:00:00.000Z,2025-09-16T23:00:00.000Z,,,200,"Dealing with HMRC,Money,GOV.UK homepage,Tax compliance",HM Revenue & Customs,HM Revenue & Customs,2024 Starmer Labour government,,,
https://www.gov.uk/guidance/using-rebated-fuels-in-vehicles-and-machines-excise-notice-75,Using rebated fuels in vehicles and machines (Excise Notice 75),detailed_guide,49ebecec-eec9-4111-881e-fb98ed424b68,en,whitehall,2023-05-02T23:00:00.000Z,2024-01-18T15:17:02.000Z,,,200,"Business tax,GOV.UK homepage,Fuel Duty,Money",HM Revenue & Customs,HM Revenue & Customs,2022 to 2024 Sunak Conservative government,,,
https://www.gov.uk/guidance/sport-supplies-that-are-vat-exempt-notice-70145,Sport supplies that are VAT exempt (VAT Notice 701/45),detailed_guide,d4b11a33-6d5b-420a-b11b-e4e1b375294b,en,whitehall,2011-08-01T23:00:00.000Z,2011-08-01T23:00:00.000Z,,,199,"Business tax,GOV.UK homepage,Accounting for VAT,VAT,Charging VAT,Money,Rules for particular trades",HM Revenue & Customs,HM Revenue & Customs,2010 to 2015 Conservative and Liberal Democrat coalition government,,,
https://www.gov.uk/vat-on-services-from-abroad,VAT on services from abroad,answer,1638b70c-a9d0-43d6-963e-aa14742ea022,en,publisher,2020-01-06T16:26:39.726Z,2020-01-31T23:00:05.826Z,,,199,"VAT,Money,Business tax,Importing goods and services,GOV.UK homepage",Government Digital Service,HM Revenue & Customs,,,,
https://www.gov.uk/guidance/change-or-remove-your-tax-agents-authorisation,Change or remove your tax agent's authorisation,detailed_guide,28dd57fa-4023-42e6-be4a-29c2bc241d71,en,whitehall,2021-07-06T23:00:00.000Z,2025-08-28T07:55:08.000Z,,,199,"Dealing with HMRC,Tax agent and adviser guidance,Agent authorisation,Money,GOV.UK homepage",HM Revenue & Customs,HM Revenue & Customs,2019 to 2022 Johnson Conservative government,,,
https://www.gov.uk/guidance/applying-for-client-authorisation-using-hmrc-paper-forms,Agent authorisation: apply using HMRC paper forms,detailed_guide,de75080b-13ab-4bf1-86fe-348c88f59da2,en,whitehall,2014-01-01T00:00:00.000Z,2025-05-12T07:26:57.000Z,,,196,"Dealing with HMRC,Agent authorisation,Tax agent and adviser guidance,Money,GOV.UK homepage",HM Revenue & Customs,HM Revenue & Customs,2010 to 2015 Conservative and Liberal Democrat coalition government,,,
https://www.gov.uk/guidance/capital-goods-scheme-notice-7062,Capital Goods Scheme (VAT Notice 706/2),detailed_guide,160b0a58-db97-429a-b992-b75e8da89109,en,whitehall,2011-10-18T23:00:00.000Z,2020-12-29T09:04:07.000Z,,,196,"Business tax,Money,VAT,GOV.UK homepage",HM Revenue & Customs,HM Revenue & Customs,2010 to 2015 Conservative and Liberal Democrat coalition government,,,
https://www.gov.uk/guidance/what-happens-if-you-dont-report-payroll-information-on-time,What happens if you do not report payroll information on time,detailed_guide,5fe3af71-7631-11e4-a3cb-005056011aef,en,whitehall,2014-08-26T13:17:00.000Z,2019-07-11T13:29:58.000Z,,,195,"PAYE,Money,GOV.UK homepage,Business tax",HM Revenue & Customs,HM Revenue & Customs,2010 to 2015 Conservative and Liberal Democrat coalition government,,,
https://www.gov.uk/moving-to-uk,Moving personal belongings to the UK,answer,ed93b87a-89b0-4593-9f25-fbc6b856b47d,en,publisher,2014-11-25T13:49:05.000Z,2014-12-04T14:50:52.000Z,,,194,"Money,Coming to the UK,Personal tax,GOV.UK homepage",Government Digital Service,HM Revenue & Customs,,,,
https://www.gov.uk/expenses-and-benefits-mobile-phones/what-to-report-and-pay,Expenses and benefits: mobile phones: What to report and pay,guide,29f3d9b8-375f-4e66-92a8-866088251aad,en,publisher,2012-09-27T16:39:45.000Z,2016-04-05T23:01:25.146Z,,,192,"Money,GOV.UK homepage,Expenses and employee benefits",Government Digital Service,HM Revenue & Customs,,,,
https://www.gov.uk/expenses-and-benefits-long-service-awards/whats-exempt,Expenses and benefits: long-service awards: What’s exempt,guide,29182d19-797d-448e-8ae7-2fe5b30d886e,en,publisher,2012-09-13T12:52:31.000Z,2016-07-08T16:48:43.717Z,,,191,"Money,Business tax,GOV.UK homepage",Government Digital Service,HM Revenue & Customs,,,,
https://www.gov.uk/guidance/manage-team-members-using-your-hmrc-business-tax-account,Manage team members using your HMRC business tax account,detailed_guide,76f1d4c8-cd7e-4f7a-b5ef-8371b41eec1c,en,whitehall,2022-09-29T13:35:00.000Z,2023-03-27T08:28:43.000Z,,,189,"Business tax,GOV.UK homepage,Money",HM Revenue & Customs,HM Revenue & Customs,2022 Truss Conservative government,,,
https://www.gov.uk/guidance/rates-and-thresholds-for-employers-2023-to-2024,Rates and thresholds for employers 2023 to 2024,detailed_guide,967caf7c-a4eb-4cec-9a37-a29be057738e,en,whitehall,2023-02-27T00:00:00.000Z,2025-10-15T06:00:00.000Z,,,189,"GOV.UK homepage,Money,Business tax,PAYE",HM Revenue & Customs,HM Revenue & Customs,2022 to 2024 Sunak Conservative government,,,
https://www.gov.uk/tax-compliance-checks,Tax compliance checks ,answer,ecb67ea9-35bd-45c3-92bd-7101a7c3999d,en,publisher,2014-07-15T11:29:18.000Z,2014-12-11T10:45:18.000Z,,,188,"GOV.UK homepage,Business tax,Dealing with HMRC,Compliance checks,Tax compliance,Money",Government Digital Service,HM Revenue & Customs,,,,
https://www.gov.uk/vat-annual-accounting-scheme,VAT Annual Accounting Scheme,guide,4ca07301-3e27-41ad-bf99-ac36bdbf4a1c,en,publisher,2012-09-21T13:13:43.000Z,2015-02-24T12:44:51.000Z,,,186,"VAT,Business tax,Accounting for VAT,Money,GOV.UK homepage",Government Digital Service,HM Revenue & Customs,,,,
https://www.gov.uk/vat-builders/new-homes,VAT for builders: Building new homes,guide,80e111c1-9dae-498b-bb26-ac4d3e81498c,en,publisher,2013-07-26T16:26:39.000Z,2015-05-15T16:45:16.000Z,,,184,"Rules for particular trades,GOV.UK homepage,VAT,Money,Business tax",Government Digital Service,HM Revenue & Customs,,,,
https://www.gov.uk/guidance/authorise-an-agent-to-deal-with-certain-tax-services-for-you,Authorise an agent for taxes that use the digital handshake,detailed_guide,b2d0d258-e048-4718-8af4-67bcaca43247,en,whitehall,2020-10-06T23:00:00.000Z,2025-09-18T13:28:32.000Z,,,182,"Money,Dealing with HMRC,Agent authorisation,Tax agent and adviser guidance,GOV.UK homepage",HM Revenue & Customs,HM Revenue & Customs,2019 to 2022 Johnson Conservative government,,,
https://www.gov.uk/business-asset-rollover-relief,Business Asset Rollover Relief,answer,e28c65b7-903a-4aae-ab2b-62ff7c0d9a05,en,publisher,2014-10-13T12:00:28.000Z,2019-10-29T16:36:04.949Z,,,181,"GOV.UK homepage,Business,Personal tax,Money,Capital Gains Tax",Government Digital Service,HM Revenue & Customs,,,,
https://www.gov.uk/undeclared-income,If you have not told HMRC about income ,answer,a1c420b7-11d7-4b9c-a97e-406fb73c0200,en,publisher,2014-12-23T15:12:46.000Z,2015-06-01T08:04:06.000Z,,,181,"Dealing with HMRC,Tax compliance,Money,Disclosing offshore income,GOV.UK homepage",Government Digital Service,HM Revenue & Customs,,,,
https://www.gov.uk/guidance/help-and-support-for-landlords,"HMRC email updates, videos and webinars for landlords",detailed_guide,3401bc22-a9e7-4299-8263-78f5880ec094,en,whitehall,2017-09-04T23:00:00.000Z,2025-12-04T11:51:34.000Z,,,180,"GOV.UK homepage,Income Tax,Personal tax,Money",HM Revenue & Customs,HM Revenue & Customs,2016 to 2019 May Conservative government,,,
https://www.gov.uk/guidance/register-your-clients-estate,Register your client’s estate,detailed_guide,ca3a075c-1226-41fd-a5d2-e5da7f6850e9,en,whitehall,2017-11-17T00:00:00.000Z,2025-04-10T14:04:29.000Z,,,180,"Income Tax,Money,GOV.UK homepage,Tax agent and adviser guidance,Personal tax,Capital Gains Tax,Dealing with HMRC,Trusts,Inheritance Tax",HM Revenue & Customs,HM Revenue & Customs,2016 to 2019 May Conservative government,,,
https://www.gov.uk/guidance/migrating-your-pension-scheme-to-the-managing-pension-schemes-service,Migrating your pension scheme to the Managing Pension Schemes service,detailed_guide,68899138-0329-46c0-8c75-e519b2f1d92e,en,whitehall,2021-11-18T09:25:00.000Z,2022-04-11T09:30:05.000Z,,,180,"Dealing with HMRC,Administering a pension scheme,Personal tax,GOV.UK homepage,Pensions,Pension scheme administration,Money,Paying HMRC,Pension schemes,Business tax,Income Tax",HM Revenue & Customs,HM Revenue & Customs,2019 to 2022 Johnson Conservative government,,,
https://www.gov.uk/guidance/reclaim-or-tell-hmrc-vat-is-due-when-vat-registration-is-cancelled,Reclaim or tell HMRC VAT is due when VAT registration is cancelled,detailed_guide,19f1274a-35e5-42c3-be64-302f90e301fc,en,whitehall,2025-09-17T23:00:00.000Z,2025-09-17T23:00:00.000Z,,,179,"Money,VAT,Business tax,GOV.UK homepage",HM Revenue & Customs,HM Revenue & Customs,2024 Starmer Labour government,,,
https://www.gov.uk/fuel-scale-charge,Work out your VAT fuel scale charge,simple_smart_answer,01dc7fd6-5e24-4615-8d8f-3df9bfca9b2f,en,publisher,2014-05-30T16:59:03.000Z,2017-04-24T14:28:39.903Z,,,179,"VAT returns,VAT,Business tax,GOV.UK homepage,Money",Government Digital Service,HM Revenue & Customs,,,,
https://www.gov.uk/guidance/accessibility-statement-for-hmrc-interactive-forms,Accessibility statement for HMRC interactive forms,detailed_guide,61bdc851-185d-443b-9bbd-f45622fda216,en,whitehall,2020-12-17T00:00:00.000Z,2020-12-17T00:00:00.000Z,,,178,"GOV.UK homepage,Dealing with HMRC,Money",HM Revenue & Customs,HM Revenue & Customs,2019 to 2022 Johnson Conservative government,,,
https://www.gov.uk/guidance/double-taxation-treaty-passport-scheme,Double Taxation Treaty Passport Scheme,detailed_guide,5faa055d-7631-11e4-a3cb-005056011aef,en,whitehall,2013-03-26T00:00:00.000Z,2023-10-20T14:32:16.000Z,,,178,"Business tax,Money,International tax,Double taxation,GOV.UK homepage",HM Revenue & Customs,HM Revenue & Customs,2010 to 2015 Conservative and Liberal Democrat coalition government,,,
https://www.gov.uk/guidance/clubs-and-associations-vat-responsibilities-notice-7015,Clubs and associations' VAT responsibilities (VAT Notice 701/5),detailed_guide,3d04c1f3-d72c-447a-b8d1-9debf1df9015,en,whitehall,2013-10-15T23:00:00.000Z,2020-12-31T23:01:02.000Z,,,177,"VAT,Business tax,Rules for particular trades,Money,GOV.UK homepage,Accounting for VAT",HM Revenue & Customs,HM Revenue & Customs,2010 to 2015 Conservative and Liberal Democrat coalition government,,,
https://www.gov.uk/guidance/check-hmrcs-current-performance-and-service-levels,Check HMRC’s current performance and service levels,detailed_guide,77e16a5a-4d59-4e1a-926f-ddca6b439126,en,whitehall,2022-06-28T23:00:00.000Z,2023-09-13T11:26:16.000Z,,,176,"Money,GOV.UK homepage,Dealing with HMRC,Tax agent and adviser guidance",HM Revenue & Customs,HM Revenue & Customs,2019 to 2022 Johnson Conservative government,,,
https://www.gov.uk/guidance/close-void-or-repair-an-isa-if-youre-an-isa-manager,"How to close, void or repair an ISA",detailed_guide,63dd563a-e67b-41cf-8375-13e136d4f912,en,whitehall,2018-04-04T23:00:00.000Z,2025-03-27T11:23:35.000Z,,,175,"Tax on savings and investments,GOV.UK homepage,Personal tax,Money",HM Revenue & Customs,HM Revenue & Customs,2016 to 2019 May Conservative government,,,
https://www.gov.uk/guidance/tell-hmrc-that-youll-operate-paye-on-a-proportion-of-an-employees-income,Tell HMRC that you'll operate PAYE on a proportion of an employee's income,detailed_guide,823ba0a7-514e-4251-ac8f-7295c8d7a426,en,whitehall,2025-04-05T23:00:00.000Z,2025-04-05T23:00:00.000Z,,,174,"Business tax,PAYE,GOV.UK homepage,Money",HM Revenue & Customs,HM Revenue & Customs,2024 Starmer Labour government,,,
https://www.gov.uk/get-refund-interest-corporation-tax,Get a refund or interest on your Corporation Tax,answer,b5764cb9-77a5-49d6-9ee9-c4fdd6f88990,en,publisher,2014-09-25T11:23:09.000Z,2014-12-18T12:09:24.000Z,,,173,"Corporation Tax,Running a business,GOV.UK homepage,Payments and refunds,Business tax,Money,Business and industry",Government Digital Service,HM Revenue & Customs,,,,
https://www.gov.uk/guidance/negligible-value-agreements,Negligible value claims and agreements,detailed_guide,0c0e065f-cf06-4a6d-840b-2f2700a76004,en,whitehall,2014-06-24T23:00:00.000Z,2026-01-27T15:37:09.000Z,,,173,"GOV.UK homepage,Capital Gains Tax,Shares and investments,Personal tax,Paying HMRC,Dealing with HMRC,Money",HM Revenue & Customs,HM Revenue & Customs,2010 to 2015 Conservative and Liberal Democrat coalition government,,,
https://www.gov.uk/guidance/using-the-vat-margin-scheme-for-second-hand-vehicles,Using the VAT margin scheme for second-hand vehicles,detailed_guide,f0a9b2ea-f3f8-4684-8ed6-d42cbcdd99ef,en,whitehall,2021-12-23T13:28:23.000Z,2021-12-23T13:28:23.000Z,,,173,"Charging VAT,Accounting for VAT,VAT,Business tax,Money,GOV.UK homepage",HM Revenue & Customs,HM Revenue & Customs,2019 to 2022 Johnson Conservative government,,,
https://www.gov.uk/guidance/stamp-duty-land-tax-the-amount-used-to-calculate-whats-payable,What to include in a Stamp Duty Land Tax calculation,detailed_guide,60321e56-7631-11e4-a3cb-005056011aef,en,whitehall,2013-03-13T00:00:00.000Z,2022-10-26T12:19:54.000Z,,,173,"Business tax,Stamp duty and other tax on property,Money,Filing a SDLT return,GOV.UK homepage",HM Revenue & Customs,HM Revenue & Customs,2010 to 2015 Conservative and Liberal Democrat coalition government,,,
https://www.gov.uk/guidance/penalties-an-overview-for-agents-and-advisers,Penalties: an overview for agents and advisers,detailed_guide,97810517-4520-4844-88a3-47ac40e4effb,en,whitehall,2014-01-01T00:00:00.000Z,2023-01-13T09:15:20.000Z,,,173,"Money,Dealing with HMRC,GOV.UK homepage,Appeals and penalties,Tax agent and adviser guidance",HM Revenue & Customs,HM Revenue & Customs,2010 to 2015 Conservative and Liberal Democrat coalition government,,,
https://www.gov.uk/guidance/venture-capital-schemes-raise-money-by-offering-tax-reliefs-to-investors,Use a venture capital scheme to raise money for your company,detailed_guide,18642931-8602-4432-adcd-0163f9340d0d,en,whitehall,2016-01-01T00:00:00.000Z,2023-05-25T13:53:49.000Z,,,172,"GOV.UK homepage,Business tax,Venture capital schemes,Investment schemes,Money",HM Revenue & Customs,HM Revenue & Customs,2015 to 2016 Cameron Conservative government,,,
https://www.gov.uk/expenses-and-benefits-gifts-to-employees,Expenses and benefits: gifts to employees,answer,84878c7d-6004-47e2-a9bb-c417a3eebd40,en,publisher,2012-09-13T12:50:19.000Z,2012-10-03T17:00:46.000Z,,,172,"Money,GOV.UK homepage,Expenses and employee benefits",Government Digital Service,HM Revenue & Customs,,,,
https://www.gov.uk/guidance/pay-corporation-tax-if-youre-a-very-large-company,Pay Corporation Tax if you're a very large company,detailed_guide,dc983e2f-e353-43c4-a501-45f682c3514e,en,whitehall,2019-12-04T15:17:00.000Z,2023-04-12T10:07:54.000Z,,,172,"GOV.UK homepage,Money,Dealing with HMRC,Corporation Tax,Tax agent and adviser guidance,Business tax",HM Revenue & Customs,HM Revenue & Customs,2019 to 2022 Johnson Conservative government,,,
https://www.gov.uk/guidance/alcohol-wholesaler-registration-scheme-awrs-apply-to-register,Alcohol Wholesaler Registration Scheme: register as an alcohol wholesaler or producer,detailed_guide,e5b75cb3-762b-4adf-ad8d-e57ba2b88517,en,whitehall,2016-10-11T12:42:00.000Z,2017-10-27T12:14:51.000Z,,,171,"Alcohol duty,Business tax,Money,GOV.UK homepage",HM Revenue & Customs,HM Revenue & Customs,2016 to 2019 May Conservative government,,,
https://www.gov.uk/guidance/penalties-for-income-tax-self-assessment-volunteers,Penalties for Making Tax Digital for Income Tax volunteers,detailed_guide,7b678bc8-9f7e-48e1-9267-fd13b53f14a7,en,whitehall,2024-04-04T23:00:00.000Z,2025-11-26T14:24:44.000Z,,,169,"Dealing with HMRC,Paying HMRC,Tax agent and adviser guidance,GOV.UK homepage,Appeals and penalties,Money",HM Revenue & Customs,HM Revenue & Customs,2022 to 2024 Sunak Conservative government,,,
https://www.gov.uk/what-to-do-when-an-employee-dies/paying-employee-died,What to do when an employee dies: Paying an employee who has died,guide,58bf381b-d87f-46e5-a4d9-b48b65016666,en,publisher,2012-07-03T15:13:19.000Z,2025-02-06T14:52:13.106Z,,,169,"Work,Money,Payroll,Employing people,Employees joining, leaving or changing their circumstances,PAYE,Running a business,GOV.UK homepage,Business and industry,Business tax",Government Digital Service,"HM Revenue & Customs,Health and Safety Executive",,,,
https://www.gov.uk/guidance/support-your-claim-for-creative-industry-tax-reliefs,Support your claim for creative industry tax reliefs,detailed_guide,596380d8-f175-4fed-93dd-99d1cf12752d,en,whitehall,2022-01-31T00:00:00.000Z,2025-11-27T14:26:55.000Z,,,169,"Reliefs,Money,GOV.UK homepage,Corporation Tax,Business tax",HM Revenue & Customs,HM Revenue & Customs,2019 to 2022 Johnson Conservative government,,,
https://www.gov.uk/contact-official-receiver,Contact an official receiver,answer,3df36f15-f10f-4f89-9bff-7a12a7ae89a7,en,publisher,2012-01-26T10:12:33.000Z,2014-12-30T13:57:49.000Z,,,169,"Money,GOV.UK homepage,Court claims, debt and bankruptcy",Government Digital Service,"Department for Business and Trade,The Insolvency Service,Department for Business, Energy & Industrial Strategy",,,,
https://www.gov.uk/guidance/inheritance-tax-if-youre-a-long-term-uk-resident,Inheritance Tax if you’re a long-term UK resident,detailed_guide,038870f9-3366-49e6-aef2-4da9c4dcc786,en,whitehall,2025-04-05T23:15:20.000Z,2025-04-05T23:15:20.000Z,,,168,"Money,Personal tax,GOV.UK homepage,Inheritance Tax",HM Revenue & Customs,HM Revenue & Customs,2024 Starmer Labour government,,,
https://www.gov.uk/guidance/corporation-tax-research-and-development-tax-relief-for-large-companies,R&D expenditure credit for large companies and small and medium-sized enterprises,detailed_guide,b9839afb-56ae-4915-8260-3809856a000f,en,whitehall,2007-01-01T00:00:00.000Z,2024-11-21T10:56:31.000Z,,,168,"Corporation Tax,Business tax,GOV.UK homepage,Money",HM Revenue & Customs,HM Revenue & Customs,1997 to 2007 Blair Labour government,,,
https://www.gov.uk/guidance/money-laundering-regulations-risk-assessments,Risk assess your business for money laundering supervision,detailed_guide,602e4f75-7631-11e4-a3cb-005056011aef,en,whitehall,2014-10-22T23:00:00.000Z,2025-11-14T10:20:48.000Z,,,166,"Money,Money laundering regulations,GOV.UK homepage,Your role under the regulations",HM Revenue & Customs,HM Revenue & Customs,2010 to 2015 Conservative and Liberal Democrat coalition government,,,
https://www.gov.uk/au-pairs-employment-law,Employing someone to work in your home,guide,61289398-23be-4fad-b7c0-0da35e512148,en,publisher,2012-12-04T10:51:03.000Z,2024-10-22T11:35:57.980Z,,,166,"Finding childcare,Income Tax,Childcare and early years,Personal tax,Money,Parenting, childcare and children's services ,Contracts and working hours,Working, jobs and pensions,GOV.UK homepage,Work",Government Digital Service,"Department for Business and Trade,Department for Business, Energy & Industrial Strategy,Department for Work and Pensions,HM Revenue & Customs",,,,
https://www.gov.uk/guidance/gift-aid-declarations-claiming-tax-back-on-donations,Gift Aid declarations: claiming tax back on donations,detailed_guide,6054195d-7631-11e4-a3cb-005056011aef,en,whitehall,2014-11-27T16:25:00.000Z,2016-01-20T13:20:55.000Z,,,165,"Community amateur sports clubs (CASCs),GOV.UK homepage,Charity money, tax and accounts,Society and culture,Business and industry,Money,Sports and leisure,Charities and social enterprises",HM Revenue & Customs,HM Revenue & Customs,2010 to 2015 Conservative and Liberal Democrat coalition government,,,
https://www.gov.uk/guidance/how-to-work-out-the-benefit-of-a-company-car-480-chapter-12,How to work out the benefit of a company car (480: Chapter 12),detailed_guide,ae1e3b95-237f-4e2c-b334-f99983fae3f3,en,whitehall,2019-12-30T14:58:00.000Z,2021-04-15T09:14:37.000Z,,,165,"GOV.UK homepage,Money,PAYE,Expenses and benefits,Business tax",HM Revenue & Customs,HM Revenue & Customs,2019 to 2022 Johnson Conservative government,,,
https://www.gov.uk/claiming-money-or-property-from-dissolved-company/restore-company-court-order,Claiming money or property from a dissolved company: Get a court order to restore a company,guide,4900326b-1dc4-4017-87e2-ac05177e7ecf,en,publisher,2012-10-17T07:09:13.000Z,2014-11-18T11:59:16.000Z,,,165,"GOV.UK homepage,Business debt and bankruptcy,Limited companies and partnerships,Company closure, administration, liquidation and insolvency ,Money,Court claims, debt and bankruptcy,Running a business,Business and industry",Government Digital Service,"Department for Business and Trade,The Insolvency Service,Department for Business, Energy & Industrial Strategy",,,,
https://www.gov.uk/guidance/non-resident-trusts,Non-resident trusts,detailed_guide,8800a765-ab7a-4156-8407-15b7234a7d01,en,whitehall,2013-06-16T23:00:00.000Z,2025-12-11T08:47:02.000Z,,,164,"GOV.UK homepage,Trusts,Personal tax,Living and working abroad,Living or working abroad or offshore,Money",HM Revenue & Customs,HM Revenue & Customs,2010 to 2015 Conservative and Liberal Democrat coalition government,,,
https://www.gov.uk/guidance/use-of-company-pooled-cars-or-vans-480-chapter-15,Use of company pooled cars or vans (480: Chapter 15),detailed_guide,0ce1bf40-1427-4c71-ad46-2454306f4500,en,whitehall,2019-12-30T14:58:00.000Z,2019-12-30T14:58:00.000Z,,,164,"Money,PAYE,Business tax,GOV.UK homepage",HM Revenue & Customs,HM Revenue & Customs,2019 to 2022 Johnson Conservative government,,,
https://www.gov.uk/guidance/amend-a-vat-group,Amend a VAT group,detailed_guide,7fea45cf-882b-4385-83ef-842b00e1c564,en,whitehall,2025-04-13T23:00:00.000Z,2025-04-13T23:00:00.000Z,,,163,"Business tax,Money,VAT,GOV.UK homepage",HM Revenue & Customs,HM Revenue & Customs,2024 Starmer Labour government,,,
https://www.gov.uk/guidance/how-to-use-your-duty-deferment-account,How to use your duty deferment account,detailed_guide,f3b17c3d-52ec-4eb1-997b-31253e02c7c6,en,whitehall,2019-04-01T23:00:00.000Z,2025-07-24T14:45:15.000Z,,,160,"GOV.UK homepage,Customs declarations, duties and tariffs (import and export),Trade and investment,Exporting goods and services,VAT,Importing goods and services,Money,Business and industry,Business tax",HM Revenue & Customs,HM Revenue & Customs,2016 to 2019 May Conservative government,,,
https://www.gov.uk/guidance/work-out-directors-national-insurance-contributions,Work out a director's National Insurance contributions,detailed_guide,926948db-ffd4-4375-9edd-4b33a3358e3d,en,whitehall,2023-12-20T00:00:00.000Z,2024-07-26T14:52:26.000Z,,,160,"GOV.UK homepage,Personal tax,National Insurance,Money",HM Revenue & Customs,HM Revenue & Customs,2022 to 2024 Sunak Conservative government,,,
https://www.gov.uk/guidance/double-taxation-relief-for-companies,Claiming Double Taxation Relief for companies and other concerns,detailed_guide,5fa90030-7631-11e4-a3cb-005056011aef,en,whitehall,2013-04-22T23:00:00.000Z,2024-01-22T15:32:27.000Z,,,159,"Double taxation,Business tax,International tax,Money,GOV.UK homepage",HM Revenue & Customs,HM Revenue & Customs,2010 to 2015 Conservative and Liberal Democrat coalition government,,,
https://www.gov.uk/guidance/receive-goods-into-and-remove-goods-from-an-excise-warehouse-excise-notice-197,Receive goods into and remove goods from an excise warehouse (Excise Notice 197),detailed_guide,b7dca156-9e58-4911-822f-1dcc0feb6d20,en,whitehall,2012-10-01T23:00:00.000Z,2025-11-18T12:10:49.000Z,,,159,"Customs declarations, duties and tariffs (import and export),Money,Business tax,Trade and investment,GOV.UK homepage,Fuel Duty,Business and industry,Gambling duties,Alcohol duty",HM Revenue & Customs,HM Revenue & Customs,2010 to 2015 Conservative and Liberal Democrat coalition government,,,
https://www.gov.uk/guidance/vat-refunds-for-conversions-if-youre-a-diy-housebuilder,VAT refunds for conversions if you’re a DIY housebuilder,detailed_guide,c5a2b229-b446-4c0a-9560-668a58698e81,en,whitehall,2023-12-05T00:00:00.000Z,2025-11-06T15:36:40.000Z,,,159,"Money,Dealing with HMRC,Business tax,GOV.UK homepage,VAT",HM Revenue & Customs,HM Revenue & Customs,2022 to 2024 Sunak Conservative government,,,
https://www.gov.uk/guidance/ships-aircraft-and-associated-services-notice-744c,"Ships, trains, aircraft and associated services (VAT Notice 744C)",detailed_guide,f544d38e-270a-4b27-b1ce-9a74bed84f8e,en,whitehall,2018-01-29T00:00:00.000Z,2020-12-31T23:01:41.000Z,,,159,"VAT,Exporting goods and services,Tax agent and adviser guidance,Money,GOV.UK homepage,Dealing with HMRC,Business tax,Importing goods and services",HM Revenue & Customs,HM Revenue & Customs,2016 to 2019 May Conservative government,,,
https://www.gov.uk/expenses-and-benefits-entertainment,Expenses and benefits: entertainment,guide,6c6f6615-aac1-48ee-aee7-e4785eb0f10b,en,publisher,2012-09-13T12:49:05.000Z,2016-04-05T23:01:19.069Z,,,158,"Expenses and employee benefits,Money,GOV.UK homepage",Government Digital Service,HM Revenue & Customs,,,,
https://www.gov.uk/guidance/help-and-support-if-youre-self-employed,"HMRC email updates, videos and webinars if you’re self-employed",detailed_guide,bfc1cc08-58a3-4df9-9274-5879e8b5a1cb,en,whitehall,2017-10-10T23:00:00.000Z,2026-01-05T14:45:05.000Z,,,156,"Work,Self-employment,Dealing with HMRC,Personal tax,Self Assessment,GOV.UK homepage,Money,Paying HMRC",HM Revenue & Customs,HM Revenue & Customs,2016 to 2019 May Conservative government,,,
https://www.gov.uk/guidance/pay-tax-on-payments-to-foreign-performers,Pay tax on payments to foreign entertainers and sportspersons,detailed_guide,6031b655-7631-11e4-a3cb-005056011aef,en,whitehall,2014-12-08T14:59:00.000Z,2017-07-31T12:40:22.000Z,,,155,"GOV.UK homepage,Money,Foreign entertainer tax rules,Personal tax",HM Revenue & Customs,HM Revenue & Customs,2010 to 2015 Conservative and Liberal Democrat coalition government,,,
https://www.gov.uk/expenses-and-benefits-accommodation/whats-exempt,Expenses and benefits: accommodation: What's exempt,guide,83a9f06c-e467-48b1-a843-038655bbf830,en,publisher,2012-10-03T13:08:53.000Z,2015-06-16T10:35:26.000Z,,,155,"Business tax,GOV.UK homepage,Business and industry,Employing people,Expenses and employee benefits,Running a business,Money",Government Digital Service,HM Revenue & Customs,,,,
https://www.gov.uk/guidance/submit-your-return-as-a-registered-dealer-in-controlled-oils-ho5,Submit your return as a registered dealer in controlled oils (HO5),detailed_guide,2ce2d32e-5b56-4555-8c80-41268d5c692c,en,whitehall,2023-04-02T23:15:00.000Z,2023-04-02T23:15:00.000Z,,,154,"Business tax,Money,Fuel Duty,GOV.UK homepage",HM Revenue & Customs,HM Revenue & Customs,2022 to 2024 Sunak Conservative government,,,
https://www.gov.uk/guidance/how-to-get-an-agent-code-for-corporation-tax-or-self-assessment,How to get an agent code for Corporation Tax or Self Assessment,detailed_guide,1a9f29bd-8aa4-49ad-bc6c-b2e1a59782be,en,whitehall,2022-09-06T23:00:00.000Z,2025-09-14T23:15:00.000Z,,,153,"Money,Dealing with HMRC,GOV.UK homepage,Tax agent and adviser guidance",HM Revenue & Customs,HM Revenue & Customs,2022 Truss Conservative government,,,
https://www.gov.uk/expenses-and-benefits-vouchers/what-to-report-and-pay,Expenses and benefits: vouchers: What to report and pay,guide,a3d06a44-064d-45a1-897f-9f21d9152c5a,en,publisher,2012-09-13T12:57:37.000Z,2015-04-01T14:51:49.000Z,,,153,"Running a business,GOV.UK homepage,Employing people,Expenses and employee benefits,Working, jobs and pensions,Money,Work,Business and industry,Business tax",Government Digital Service,HM Revenue & Customs,,,,
https://www.gov.uk/guidance/national-insurance-for-workers-from-the-uk-working-in-the-eea-or-switzerland,"Paying National Insurance if you're going to work in the EU, Gibraltar, Iceland, Liechtenstein, Norway, or Switzerland",detailed_guide,3dd4d8b0-3956-4bae-b4f5-f7e11f22067a,en,whitehall,2020-12-26T00:00:00.000Z,2024-01-17T15:55:32.000Z,,,153,"Brexit,Money,Government,GOV.UK homepage,British nationals overseas,Personal tax,Going and being abroad,National Insurance",HM Revenue & Customs,HM Revenue & Customs,2019 to 2022 Johnson Conservative government,,,
https://www.gov.uk/debt-payments-from-your-wages/check-debt-amount,Having debt repayments taken from your wages: Check how much you owe,guide,adc5c710-73ae-46bb-ae13-a0ce19c1a316,en,publisher,2016-03-11T17:16:31.000Z,2018-08-24T15:49:31.702Z,,,152,"Money,Court claims, debt and bankruptcy,GOV.UK homepage",Government Digital Service,"Department for Work and Pensions,HM Courts & Tribunals Service",,,,
https://www.gov.uk/guidance/tax-credits-working-out-income,Working out your income for tax credits,detailed_guide,5f4406eb-7631-11e4-a3cb-005056011aef,en,whitehall,2014-04-01T23:00:00.000Z,2025-04-05T23:15:17.000Z,,,152,"Tax credits,Welfare,Money,GOV.UK homepage",HM Revenue & Customs,HM Revenue & Customs,2010 to 2015 Conservative and Liberal Democrat coalition government,,,
https://www.gov.uk/guidance/use-software-to-help-complete-your-self-assessment-tax-return,Use software to help complete your Self Assessment tax return,detailed_guide,37858d69-98a3-456a-b34a-4372fa127aff,en,whitehall,2019-05-01T10:33:10.000Z,2019-05-01T10:33:10.000Z,,,151,"Money,Personal tax,Self Assessment,GOV.UK homepage,Filing a tax return",HM Revenue & Customs,HM Revenue & Customs,2016 to 2019 May Conservative government,,,
https://www.gov.uk/guidance/the-vat-treatment-of-passenger-transport-notice-744a,The VAT treatment of passenger transport (VAT Notice 744A),detailed_guide,2896bc5f-b558-42ee-830b-9d3f6595a348,en,whitehall,2009-12-24T00:00:00.000Z,2022-05-18T15:51:31.000Z,,,150,"Accounting for VAT,GOV.UK homepage,Business tax,VAT,Dealing with HMRC,Money,Tax agent and adviser guidance,Rules for particular trades,Charging VAT",HM Revenue & Customs,HM Revenue & Customs,2007 to 2010 Brown Labour government,,,
https://www.gov.uk/guidance/register-an-estate-as-a-personal-representative,Register an estate as a personal representative,detailed_guide,6ee22a98-4cc1-496d-a6c3-be63f1a242ad,en,whitehall,2021-08-01T23:00:00.000Z,2025-04-10T13:50:49.000Z,,,150,"Inheritance Tax,GOV.UK homepage,Self Assessment,Income Tax,Money laundering regulations,Death and bereavement,Money,Capital Gains Tax,Personal tax,Life circumstances,Trusts",HM Revenue & Customs,HM Revenue & Customs,2019 to 2022 Johnson Conservative government,,,
https://www.gov.uk/guidance/apply-to-join-the-vat-flat-rate-scheme,Apply to join the VAT Flat Rate Scheme,detailed_guide,a4772cb5-3ce5-4212-ab7d-b3d7c1f7aa9a,en,whitehall,2014-09-07T23:00:00.000Z,2014-09-07T23:00:00.000Z,,,149,"GOV.UK homepage,Money,VAT,Business tax",HM Revenue & Customs,HM Revenue & Customs,2010 to 2015 Conservative and Liberal Democrat coalition government,,,
https://www.gov.uk/guidance/apply-for-statutory-clearance-for-a-transaction,Apply for statutory clearance for a transaction,detailed_guide,b699dc37-fb0e-4d33-b24f-21d97649d0ac,en,whitehall,2024-10-29T14:42:04.000Z,2024-10-29T14:42:04.000Z,,,149,"Tax compliance,Dealing with HMRC,Money,GOV.UK homepage,Clearances and approvals",HM Revenue & Customs,HM Revenue & Customs,2024 Starmer Labour government,,,
https://www.gov.uk/employers-adoption-pay-leave,Statutory Adoption Pay and Leave: employer guide,guide,789cfc7d-d145-4776-b372-a9415964f14a,en,publisher,2012-08-03T16:00:44.000Z,2015-02-18T22:10:28.000Z,,,148,"Running a business,Business and industry,Money,PAYE,Employing people,Business tax,GOV.UK homepage",Government Digital Service,"Department for Business and Trade,HM Revenue & Customs,Department for Business, Energy & Industrial Strategy",,,,
https://www.gov.uk/guidance/corporation-tax-creative-industry-tax-reliefs,Creative industry tax reliefs for Corporation Tax,detailed_guide,601d59b9-7631-11e4-a3cb-005056011aef,en,whitehall,2007-01-01T00:00:00.000Z,2025-03-13T14:54:14.000Z,,,147,"Corporation Tax,Business tax,Reliefs,GOV.UK homepage,Money",HM Revenue & Customs,HM Revenue & Customs,1997 to 2007 Blair Labour government,,,
https://www.gov.uk/expenses-and-benefits-bikes-for-employees,Expenses and benefits: bikes for employees,answer,ca724471-ab2c-4e64-9ca7-28e4da148c57,en,publisher,2012-10-03T13:08:43.000Z,2017-03-20T09:24:36.986Z,,,145,"Money,Business and industry,Running a business,GOV.UK homepage,Employing people,Expenses and employee benefits",Government Digital Service,HM Revenue & Customs,,,,
https://www.gov.uk/guidance/steps-you-need-to-take-before-registering-as-a-professional-tax-agent,Steps you need to take before registering as a professional tax agent,detailed_guide,a71d6b31-dc07-4d93-8863-77474c21e15c,en,whitehall,2022-07-15T13:28:00.000Z,2022-07-15T13:28:00.000Z,,,144,"Money laundering regulations,Tax agent and adviser guidance,GOV.UK homepage,Dealing with HMRC,Money",HM Revenue & Customs,HM Revenue & Customs,2019 to 2022 Johnson Conservative government,,,
https://www.gov.uk/guidance/paying-employees-working-abroad,Employees working abroad,detailed_guide,5efc04dd-7631-11e4-a3cb-005056011aef,en,whitehall,2014-06-12T09:01:00.000Z,2020-12-31T23:00:37.000Z,,,144,"Business tax,GOV.UK homepage,Money,PAYE,Employees joining, leaving or changing their circumstances",HM Revenue & Customs,HM Revenue & Customs,2010 to 2015 Conservative and Liberal Democrat coalition government,,,
https://www.gov.uk/child-benefit-complaints,Child Benefit complaints,answer,a6c7e355-6c65-437d-a498-d1ac5c8dbcd2,en,publisher,2013-08-19T17:52:01.000Z,2017-11-23T16:35:42.016Z,,,143,"Complaints and appeals,Financial help if you have children,Parenting, childcare and children's services ,Dealing with HMRC,Welfare,Child benefit,Child Benefit,Money,GOV.UK homepage",Government Digital Service,HM Revenue & Customs,,,,
https://www.gov.uk/capital-allowances-sell-asset,Capital allowances when you sell an asset,answer,3a1c9cb6-e856-4fcc-8b22-4332283a8b41,en,publisher,2014-12-05T16:13:12.000Z,2024-11-13T12:12:04.441Z,,,143,"Corporation Tax,Business tax,Money,Self Assessment,GOV.UK homepage,Capital allowances,Personal tax",Government Digital Service,HM Revenue & Customs,,,,
https://www.gov.uk/guidance/get-access-to-the-income-record-viewer-for-agents,Get access to the Income Record Viewer for agents,detailed_guide,63282103-57b5-4e21-a613-d946b3a7497b,en,whitehall,2022-11-16T00:00:00.000Z,2023-02-15T14:54:48.000Z,,,142,"GOV.UK homepage,Money,Agent authorisation,Tax agent and adviser guidance,Dealing with HMRC",HM Revenue & Customs,HM Revenue & Customs,2022 to 2024 Sunak Conservative government,,,
https://www.gov.uk/guidance/claim-an-income-tax-refund-by-post,Claim an Income Tax refund by post,detailed_guide,9eb5ea6e-6604-4ed7-9261-5495e059cba6,en,whitehall,2014-08-14T23:00:00.000Z,2014-08-14T23:00:00.000Z,,,141,"GOV.UK homepage,Income Tax,Money,Personal tax",HM Revenue & Customs,HM Revenue & Customs,2010 to 2015 Conservative and Liberal Democrat coalition government,,,
https://www.gov.uk/guidance/help-with-pensions-on-your-self-assessment-tax-return,Help with pensions on your Self Assessment tax return,detailed_guide,d1d9f225-12fa-4ca0-8581-711e9108408b,en,whitehall,2025-05-06T23:00:00.000Z,2025-09-11T08:24:34.000Z,,,141,"Money,GOV.UK homepage,Self Assessment,Filing a tax return,Personal tax",HM Revenue & Customs,HM Revenue & Customs,2024 Starmer Labour government,,,
https://www.gov.uk/guidance/how-to-report-automatic-exchange-of-information,How to report Automatic Exchange of Information,detailed_guide,93bd80b1-5fba-41c2-8ebc-8b7c5482dbac,en,whitehall,2019-04-15T23:00:00.000Z,2025-10-23T08:21:20.000Z,,,141,"Dealing with HMRC,GOV.UK homepage,Tax compliance,Money",HM Revenue & Customs,HM Revenue & Customs,2016 to 2019 May Conservative government,,,
https://www.gov.uk/guidance/insurance-notice-70136,Insurance (VAT Notice 701/36),detailed_guide,8cbf5e7e-ca69-4e03-a578-726cdf793ca9,en,whitehall,2013-02-12T00:00:00.000Z,2023-08-22T16:00:01.000Z,,,140,"Rules for particular trades,Business tax,VAT,GOV.UK homepage,Money",HM Revenue & Customs,HM Revenue & Customs,2010 to 2015 Conservative and Liberal Democrat coalition government,,,
https://www.gov.uk/guidance/work-out-how-much-alcohol-duty-you-need-to-pay,Work out how much Alcohol Duty you need to pay,detailed_guide,aa87aaf7-91e1-45d7-bd58-23a380d23d30,en,whitehall,2023-06-28T23:00:00.000Z,2026-02-01T00:15:01.000Z,,,140,"GOV.UK homepage,Alcohol duty,Business tax,Business and industry,Moving and storing goods,Money,Payments and reliefs (Alcohol duty)",HM Revenue & Customs,HM Revenue & Customs,2022 to 2024 Sunak Conservative government,,,
https://www.gov.uk/guidance/charities-and-trading,Charities and trading,detailed_guide,602de3ab-7631-11e4-a3cb-005056011aef,en,whitehall,2014-12-09T00:00:00.000Z,2019-06-06T14:17:45.000Z,,,140,"Fundraising,Charity money, tax and accounts,Business and industry,Charities and social enterprises,Money,GOV.UK homepage,Business tax",HM Revenue & Customs,"HM Revenue & Customs,The Charity Commission",2010 to 2015 Conservative and Liberal Democrat coalition government,,,
https://www.gov.uk/guidance/simplified-rates-for-bringing-personal-goods-into-the-uk,Simplified rates for bringing personal goods into the UK,detailed_guide,0e28402e-4da7-4bc7-828b-fee17e6c337b,en,whitehall,2021-05-06T23:00:00.000Z,2026-02-02T07:50:40.000Z,,,140,"Alcohol duty,Payments and reliefs (tobacco products duty),Business tax,Business and industry,Trade and investment,Tobacco Products Duty,Money,Customs declarations, duties and tariffs (import and export),GOV.UK homepage",HM Revenue & Customs,HM Revenue & Customs,2019 to 2022 Johnson Conservative government,,,
https://www.gov.uk/guidance/vat-on-movements-of-goods-between-northern-ireland-and-the-eu,VAT on movements of goods between Northern Ireland and the EU,detailed_guide,bca6ddec-2ffa-4893-96c8-7137f5ecb20c,en,whitehall,2020-12-31T00:00:00.000Z,2025-02-26T10:00:01.000Z,,,139,"Business tax,Accounting for VAT,Overseas businesses and UK VAT,Overseas companies and European companies,Trade and investment,Running a business,Limited companies and partnerships,Business and industry,GOV.UK homepage,Money,VAT",HM Revenue & Customs,HM Revenue & Customs,2019 to 2022 Johnson Conservative government,,,
https://www.gov.uk/expenses-and-benefits-homeworking/homeworking-expenses-and-benefits-that-are-exempt-from-tax,Expenses and benefits: homeworking: Homeworking expenses and benefits that are exempt from tax,guide,8789f4d1-faf7-42bb-9a10-9fea7b5b05c0,en,publisher,2012-09-13T12:51:38.000Z,2015-04-24T16:29:18.000Z,,,139,"Money,GOV.UK homepage,Expenses and employee benefits",Government Digital Service,HM Revenue & Customs,,,,
https://www.gov.uk/guidance/money-laundering-regulations-high-value-dealer-registration,Check if you need to register for money laundering supervision if you're a high value dealers,detailed_guide,602d9879-7631-11e4-a3cb-005056011aef,en,whitehall,2013-06-02T23:00:00.000Z,2022-08-10T11:47:25.000Z,,,138,"Money,GOV.UK homepage,Registration for specific business types,Money laundering regulations",HM Revenue & Customs,HM Revenue & Customs,2010 to 2015 Conservative and Liberal Democrat coalition government,,,
https://www.gov.uk/tax-when-your-company-sells-assets,Corporation Tax when you sell business assets,guide,35b1688c-0b8d-44ad-8e21-7ff2572e8e60,en,publisher,2012-10-16T12:12:54.000Z,2025-01-16T14:20:21.646Z,,,138,"Business and industry,Corporation Tax,Working out your Corporation Tax,Money,GOV.UK homepage,Running a business,Business tax",Government Digital Service,HM Revenue & Customs,,,,
https://www.gov.uk/guidance/pension-administrators-reclaim-tax-relief-using-relief-at-source,Reclaim tax relief for pension scheme members with relief at source,detailed_guide,5fe9e1ba-7631-11e4-a3cb-005056011aef,en,whitehall,2014-09-16T12:01:00.000Z,2023-04-19T10:45:34.000Z,,,137,"Business tax,Money,Administering a pension scheme,GOV.UK homepage,Pension scheme administration",HM Revenue & Customs,HM Revenue & Customs,2010 to 2015 Conservative and Liberal Democrat coalition government,,,
https://www.gov.uk/payroll-giving,Payroll Giving,answer,dac8fb4a-5d85-46ff-906b-c55d4aaf4440,en,publisher,2015-03-19T15:24:31.000Z,2015-03-19T15:24:32.000Z,,,136,"PAYE,Employing people,Money,Business and industry,Personal tax,Charity money, tax and accounts,Income Tax,GOV.UK homepage,Work,Running a business,Business tax,Charities and social enterprises,Payroll",Government Digital Service,HM Revenue & Customs,,,,
https://www.gov.uk/guidance/help-and-support-for-agents,"HMRC email updates, videos and webinars for tax agents and advisers",detailed_guide,91789bbc-6ee9-4e95-80ca-95a2e9da0c2b,en,whitehall,2017-11-30T00:00:00.000Z,2026-02-03T14:20:27.000Z,,,136,"Tax agent and adviser guidance,GOV.UK homepage,Dealing with HMRC,Money",HM Revenue & Customs,HM Revenue & Customs,2016 to 2019 May Conservative government,,,
https://www.gov.uk/guidance/employment-status-employment-intermediaries,Check if you're an employment intermediary,detailed_guide,088ed625-a343-40b8-9af3-edd139b267d2,en,whitehall,2015-09-22T23:00:00.000Z,2025-05-12T09:03:55.000Z,,,136,"Employment intermediaries,GOV.UK homepage,Business tax,PAYE,IR35: working through an intermediary,Money",HM Revenue & Customs,HM Revenue & Customs,2015 to 2016 Cameron Conservative government,,,
https://www.gov.uk/guidance/payroll-what-to-do-if-your-business-merges-or-changes-ownership,Payroll: what to do if your business merges or changes,detailed_guide,5f433a11-7631-11e4-a3cb-005056011aef,en,whitehall,2014-06-11T23:00:00.000Z,2024-03-07T14:43:01.000Z,,,133,"Business tax,PAYE,Money,GOV.UK homepage,Changes to the business that affect PAYE",HM Revenue & Customs,HM Revenue & Customs,2010 to 2015 Conservative and Liberal Democrat coalition government,,,
https://www.gov.uk/guidance/vat-relief-on-adapted-motor-vehicles-for-disabled-people-and-charities-notice-1002,VAT relief on adapted motor vehicles for disabled people and charities (VAT Notice 1002),detailed_guide,bb5f012b-27cd-43b7-a49d-8cf253dc9683,en,whitehall,2017-03-29T23:00:00.000Z,2019-01-28T10:58:53.000Z,,,133,"GOV.UK homepage,Money,VAT,Business tax,Accounting for VAT,Charging VAT",HM Revenue & Customs,HM Revenue & Customs,2016 to 2019 May Conservative government,,,
https://www.gov.uk/guidance/money-laundering-regulations-report-suspicious-activities,Tell us about suspicious activity that may be linked to money laundering,detailed_guide,602e53f1-7631-11e4-a3cb-005056011aef,en,whitehall,2014-10-22T23:00:00.000Z,2021-08-04T10:14:54.000Z,,,132,"Your role under the regulations,Money laundering regulations,Money,GOV.UK homepage",HM Revenue & Customs,HM Revenue & Customs,2010 to 2015 Conservative and Liberal Democrat coalition government,,,
https://www.gov.uk/incorporation-relief,Incorporation Relief,answer,044610a9-d349-4ccd-9fca-18e8c97e8ba8,en,publisher,2014-10-12T12:00:15.000Z,2020-07-13T15:34:30.159Z,,,131,"Business,Capital Gains Tax,Personal tax,Money,GOV.UK homepage",Government Digital Service,HM Revenue & Customs,,,,
https://www.gov.uk/guidance/income-tax-when-you-rent-out-a-property-case-studies,Examples of how to work out Income Tax when you rent out a property,detailed_guide,5956c98f-5441-4414-a724-9c85ff809b7b,en,whitehall,2015-10-19T13:27:00.000Z,2017-04-05T23:30:36.000Z,,,131,"Personal tax,Income Tax,Business tax,GOV.UK homepage,Money,Stamp duty and other tax on property",HM Revenue & Customs,HM Revenue & Customs,2015 to 2016 Cameron Conservative government,,,
https://www.gov.uk/guidance/welfare-services-and-goods-notice-7012,Welfare services and goods (VAT Notice 701/2),detailed_guide,0aa9e0ae-f3e5-4995-a64a-ef2794478ca9,en,whitehall,2011-07-04T23:00:00.000Z,2011-07-04T23:00:00.000Z,,,130,"Rules for particular trades,GOV.UK homepage,VAT,Accounting for VAT,Business tax,Charging VAT,Money",HM Revenue & Customs,HM Revenue & Customs,2010 to 2015 Conservative and Liberal Democrat coalition government,,,
https://www.gov.uk/guidance/provide-information-about-your-banking-and-payments-to-dfe,Provide information about your banking and payments to DfE,detailed_guide,9bad2d0f-8b41-4d4a-8370-a625ba2eae3e,en,whitehall,2018-06-28T23:00:00.000Z,2024-04-12T09:01:51.000Z,,,130,"Corporate information,GOV.UK homepage,School and academy financial management and assurance,Education, training and skills,Money",Department for Education,Department for Education,2016 to 2019 May Conservative government,,,
https://www.gov.uk/pay-machine-games-duty,Pay Machine Games Duty,guide,a8abe4dd-a141-4b17-b72d-96f0df21dcf3,en,publisher,2014-09-24T10:09:38.000Z,2024-12-31T09:13:26.735Z,,,130,"Money,Dealing with HMRC,Gambling duties,Business tax,GOV.UK homepage,Paying HMRC",Government Digital Service,HM Revenue & Customs,,,,
https://www.gov.uk/guidance/inheritance-tax-deemed-domicile-rules,Inheritance Tax deemed domicile rules before 6 April 2025,detailed_guide,b0643e59-c8db-433a-bf6f-34f936145687,en,whitehall,2018-02-02T00:00:00.000Z,2025-04-05T23:15:09.000Z,,,128,"Personal tax,Money,GOV.UK homepage,Inheritance Tax",HM Revenue & Customs,HM Revenue & Customs,2016 to 2019 May Conservative government,,,
https://www.gov.uk/guidance/vat-on-freight-transport-and-associated-services-notice-744b,Freight transport and associated services (VAT Notice 744B),detailed_guide,e6cc4640-bb7f-4618-9ff4-ccf85183663b,en,whitehall,2009-12-24T00:00:00.000Z,2021-03-15T11:35:48.000Z,,,127,"Business tax,Money,Importing goods and services,Exporting goods and services,Charging VAT,VAT,GOV.UK homepage,Accounting for VAT,Overseas businesses and UK VAT",HM Revenue & Customs,HM Revenue & Customs,2007 to 2010 Brown Labour government,,,
https://www.gov.uk/guidance/seeking-clearance-or-approval-for-a-transaction,How to apply for clearance or approval of a transaction from HMRC,detailed_guide,60317b31-7631-11e4-a3cb-005056011aef,en,whitehall,2011-06-27T23:00:00.000Z,2024-11-13T08:58:02.000Z,,,126,"Dealing with HMRC,Tax compliance,Money,GOV.UK homepage",HM Revenue & Customs,HM Revenue & Customs,2010 to 2015 Conservative and Liberal Democrat coalition government,,,
https://www.gov.uk/guidance/vat-when-you-supply-services-or-goods-to-charities-notice-70158,Goods or services supplied to charities (VAT Notice 701/58),detailed_guide,bbc78191-8bf0-4932-9d93-c66f11770531,en,whitehall,2002-03-01T00:00:00.000Z,2022-09-26T11:19:52.000Z,,,126,"Accounting for VAT,Charging VAT,Money,Rules for particular trades,GOV.UK homepage,VAT,Business tax",HM Revenue & Customs,HM Revenue & Customs,1997 to 2007 Blair Labour government,,,
https://www.gov.uk/payroll-funding,Apply for financial help for an employee tax refund,transaction,75ed9f4b-9315-4557-bb1d-94fffba29bc6,en,publisher,2014-06-12T11:50:08.000Z,2014-12-10T17:13:38.000Z,,,125,"Running a business,GOV.UK homepage,Work,Business tax,Payroll,Business and industry,Employing people,PAYE,Money",Government Digital Service,HM Revenue & Customs,,,,
https://www.gov.uk/guidance/corporation-tax-group-payment-arrangements,Group Payment Arrangements for Corporation Tax,detailed_guide,601d5b45-7631-11e4-a3cb-005056011aef,en,whitehall,2007-01-01T00:00:00.000Z,2024-08-09T09:03:06.000Z,,,124,"Money,Corporation Tax,Dealing with HMRC,Business tax,Payments and refunds,GOV.UK homepage",HM Revenue & Customs,HM Revenue & Customs,1997 to 2007 Blair Labour government,,,
https://www.gov.uk/pay-court-funds-office,Pay money into the Court Funds Office,answer,17ff95e3-3ceb-4773-b45a-3a20c89715e9,en,publisher,2014-08-22T10:36:32.000Z,2024-12-13T15:16:40.115Z,,,124,"Court claims, debt and bankruptcy,Money,GOV.UK homepage",Government Digital Service,"HM Courts & Tribunals Service,Ministry of Justice",,,,
https://www.gov.uk/tax-relief-cascs,Tax relief for community amateur sports clubs (CASCs) ,answer,1d7c4fa0-2397-4b48-9048-b8cfd47c8e03,en,publisher,2014-11-04T11:37:09.000Z,2015-06-26T12:28:31.000Z,,,124,"Business tax,Reliefs,Corporation Tax,Sports and leisure,GOV.UK homepage,Society and culture,Money,Charities, volunteering and honours,Community amateur sports clubs (CASCs)",Government Digital Service,HM Revenue & Customs,,,,
https://www.gov.uk/guidance/updating-your-tax-agent-contact-details-with-hmrc,Updating your tax agent contact details with HMRC,detailed_guide,7990aa7e-7e23-438e-9ef8-5a00b0ad0ff4,en,whitehall,2024-04-22T23:00:00.000Z,2025-09-14T23:15:00.000Z,,,123,"Money,GOV.UK homepage,Dealing with HMRC,Tax agent and adviser guidance",HM Revenue & Customs,HM Revenue & Customs,2022 to 2024 Sunak Conservative government,,,
https://www.gov.uk/guidance/charity-funded-equipment-for-medical-and-veterinary-uses-notice-7016,Charity funded equipment for medical and veterinary uses (VAT Notice 701/6),detailed_guide,a3e936a3-0136-492e-bc22-fcec68c6144e,en,whitehall,2014-08-05T23:00:00.000Z,2025-10-23T10:29:13.000Z,,,123,"Business tax,GOV.UK homepage,Money,VAT,Charging VAT,Accounting for VAT",HM Revenue & Customs,HM Revenue & Customs,2010 to 2015 Conservative and Liberal Democrat coalition government,,,
https://www.gov.uk/tax-credits-appeals-complaints/disagree-with-a-tax-credits-decision,Tax credits: appeals and complaints: Disagree with a tax credits decision,guide,33f3c46f-1df5-465d-8013-9731468584fe,en,publisher,2012-10-03T15:03:46.000Z,2024-12-18T14:00:31.687Z,,,122,"Tax credits if you have children,Parenting, childcare and children's services ,GOV.UK homepage,Dealing with HMRC,Financial help if you have children,Money,Complaints and appeals,Welfare,Tax credits",Government Digital Service,HM Revenue & Customs,,,,
https://www.gov.uk/guidance/how-to-use-the-digital-handshake-to-get-authorised-as-a-tax-agent,How to use the digital handshake to get authorised as a tax agent,detailed_guide,47e10924-8c1e-42a3-9c0b-44e67c01606a,en,whitehall,2022-09-06T23:00:00.000Z,2025-09-01T10:18:19.000Z,,,122,"Dealing with HMRC,Agent authorisation,Tax agent and adviser guidance,Money,GOV.UK homepage",HM Revenue & Customs,HM Revenue & Customs,2022 Truss Conservative government,,,
https://www.gov.uk/complain-about-insolvency-practitioner,Complain about an insolvency practitioner,transaction,b340dff3-c147-4e33-b8dc-7bd6d6cbe533,en,publisher,2012-10-12T13:29:04.000Z,2015-08-31T23:01:07.000Z,,,122,"Money,Court claims, debt and bankruptcy,Running a business,Business and industry,GOV.UK homepage,Business debt and bankruptcy",Government Digital Service,The Insolvency Service,,,,
https://www.gov.uk/guidance/how-to-use-the-vat-reverse-charge-if-you-supply-building-and-construction-services,How to use the VAT domestic reverse charge if you supply building and construction services,detailed_guide,f6fd024b-c955-439e-b6b1-7adf75241e81,en,whitehall,2020-09-24T12:32:00.000Z,2020-09-24T12:32:00.000Z,,,122,"Rules for particular trades,Business tax,Money,GOV.UK homepage,VAT",HM Revenue & Customs,HM Revenue & Customs,2019 to 2022 Johnson Conservative government,,,
https://www.gov.uk/guidance/applying-for-a-grant-on-credit-for-inheritance-tax,Apply to postpone payment of Inheritance Tax,detailed_guide,216bb273-3dae-4095-aa97-0014cd5e5c25,en,whitehall,2024-03-31T23:00:00.000Z,2024-03-31T23:00:00.000Z,,,122,"Personal tax,Inheritance Tax,GOV.UK homepage,Money",HM Revenue & Customs,HM Revenue & Customs,2022 to 2024 Sunak Conservative government,,,
https://www.gov.uk/guidance/off-payroll-working-for-intermediaries-and-contractors-providing-services-to-small-clients-in-the-private-sector,Off-payroll working for intermediaries and contractors providing services to small clients in the private sector,detailed_guide,0a30dc8d-daf4-4d58-815f-b3b15bae4e0d,en,whitehall,2023-03-07T08:21:00.000Z,2023-03-09T12:32:40.000Z,,,121,"Off-payroll working rules,Tax agent and adviser guidance,GOV.UK homepage,IR35: working through an intermediary,Business tax,Dealing with HMRC,Money",HM Revenue & Customs,HM Revenue & Customs,2022 to 2024 Sunak Conservative government,,,
https://www.gov.uk/guidance/vat-self-billing-arrangements,VAT: self-billing arrangements,detailed_guide,5f13f7f4-7631-11e4-a3cb-005056011aef,en,whitehall,2014-06-30T23:00:00.000Z,2020-12-31T23:00:42.000Z,,,119,"Accounting for VAT,Money,GOV.UK homepage,Charging VAT,Business tax,VAT",HM Revenue & Customs,HM Revenue & Customs,2010 to 2015 Conservative and Liberal Democrat coalition government,,,
https://www.gov.uk/guidance/register-for-the-vat-import-one-stop-shop-scheme,Register for the VAT Import One Stop Shop Scheme,detailed_guide,a9163348-878e-4a8f-8385-f0f9fec07cbd,en,whitehall,2024-02-19T00:00:00.000Z,2025-03-19T14:01:46.000Z,,,119,"Business tax,GOV.UK homepage,VAT,Money",HM Revenue & Customs,HM Revenue & Customs,2022 to 2024 Sunak Conservative government,,,
https://www.gov.uk/guidance/exemptions-from-climate-change-levy,Exemptions from Climate Change Levy,detailed_guide,1425e43e-c153-4e36-ad66-b699b1d95808,en,whitehall,2016-12-29T00:00:00.000Z,2022-08-04T13:06:08.000Z,,,118,"Money,Business tax,Business and the environment,Business and industry,GOV.UK homepage,Climate Change Levy",HM Revenue & Customs,HM Revenue & Customs,2016 to 2019 May Conservative government,,,
https://www.gov.uk/guidance/work-out-what-part-of-your-estate-pays-inheritance-tax,Report the value of the estate to HMRC for Inheritance Tax,detailed_guide,602c6174-7631-11e4-a3cb-005056011aef,en,whitehall,2005-03-31T23:00:00.000Z,2022-02-09T14:39:16.000Z,,,117,"Working out the tax,Inheritance Tax,GOV.UK homepage,Personal tax,Money",HM Revenue & Customs,HM Revenue & Customs,1997 to 2007 Blair Labour government,,,
https://www.gov.uk/register-creditor-bankruptcy,Register as a creditor in a bankruptcy or liquidation,answer,04698c29-080e-41ae-82d6-35c49748ef72,en,publisher,2012-01-25T15:38:13.000Z,2015-09-21T09:01:30.000Z,,,117,"Business and industry,Court claims, debt and bankruptcy,GOV.UK homepage,Running a business,Money,Business debt and bankruptcy",Government Digital Service,"Department for Business and Trade,The Insolvency Service,Department for Business, Energy & Industrial Strategy",,,,
https://www.gov.uk/guidance/vat-on-young-childrens-clothing-and-footwear-notice-714,Young children's clothing and footwear (VAT Notice 714),detailed_guide,2e0a8163-ad8b-4387-8b50-ce2f941111aa,en,whitehall,2015-03-23T00:00:00.000Z,2022-10-28T09:39:34.000Z,,,115,"Money,Business tax,Accounting for VAT,GOV.UK homepage,VAT,Charging VAT",HM Revenue & Customs,HM Revenue & Customs,2010 to 2015 Conservative and Liberal Democrat coalition government,,,
https://www.gov.uk/guidance/vat-and-overseas-goods-sold-to-customers-in-the-uk-using-online-marketplaces,VAT and overseas goods sold to customers in the UK using online marketplaces,detailed_guide,bf08c2fd-91f9-47ff-a517-673691687641,en,whitehall,2020-11-20T00:00:00.000Z,2022-05-13T08:03:40.000Z,,,115,"Brexit,Money,Business tax,Overseas businesses and UK VAT,VAT,Importing goods and services,Government,GOV.UK homepage",HM Revenue & Customs,HM Revenue & Customs,2019 to 2022 Johnson Conservative government,,,
https://www.gov.uk/guidance/help-with-capital-gains-on-your-self-assessment-tax-return,Help with Capital Gains on your Self Assessment tax return,detailed_guide,3041b01c-2843-4946-a2d7-1bdee0802b10,en,whitehall,2025-01-22T00:00:00.000Z,2025-06-02T13:59:46.000Z,,,115,"Self Assessment,Self-employment,GOV.UK homepage,Dealing with HMRC,Personal tax,Money,Capital Gains Tax,Paying HMRC,Work",HM Revenue & Customs,HM Revenue & Customs,2024 Starmer Labour government,,,
https://www.gov.uk/shared-parental-leave-and-pay-employer-guide,Shared Parental Leave and Pay: employer guide,guide,8514307e-3ffb-440b-87e7-919649984bbd,en,publisher,2014-07-28T11:04:23.000Z,2014-11-19T15:57:15.000Z,,,114,"Business tax,Running a business,Statutory pay and leave,Employing people,Money,PAYE,GOV.UK homepage,Business and industry",Government Digital Service,"Department for Business and Trade,Department for Work and Pensions,HM Revenue & Customs,Department for Business, Energy & Industrial Strategy",,,,
https://www.gov.uk/guidance/the-alcohol-wholesaler-registration-scheme-awrs,Check if you need approval to sell alcoholic products to another business,detailed_guide,889a358d-74eb-42e2-a8d5-0beb4c5522ae,en,whitehall,2015-03-23T00:00:00.000Z,2025-03-06T10:54:57.000Z,,,114,"Alcohol duty,Money,Business tax,GOV.UK homepage",HM Revenue & Customs,HM Revenue & Customs,2010 to 2015 Conservative and Liberal Democrat coalition government,,,
https://www.gov.uk/guidance/inheritance-tax-double-taxation-relief,Inheritance Tax: Double Taxation Relief,detailed_guide,c8aa1e81-e334-4e0c-94ea-dca8212bf10c,en,whitehall,2013-07-22T23:00:00.000Z,2025-04-05T23:15:09.000Z,,,114,"Personal tax,Money,Reliefs,Dealing with HMRC,Inheritance Tax,GOV.UK homepage",HM Revenue & Customs,HM Revenue & Customs,2010 to 2015 Conservative and Liberal Democrat coalition government,,,
https://www.gov.uk/vat-vehicle-sales,VAT when you sell a vehicle,simple_smart_answer,8457205b-fc2f-4a93-bb20-792a57f3ec8e,en,publisher,2014-07-17T12:12:03.000Z,2019-08-30T14:48:25.455Z,,,113,"Business tax,Rules for particular trades,VAT,GOV.UK homepage,Money",Government Digital Service,HM Revenue & Customs,,,,
https://www.gov.uk/guidance/classifying-textile-apparel,Classifying textile apparel for import and export,detailed_guide,5c717a97-7631-11e4-a3cb-005056011aef,en,whitehall,2012-08-03T11:04:00.000Z,2017-04-07T07:57:59.000Z,,,112,"Business and industry,Commodity codes and reporting,Importing,Customs declarations, duties and tariffs (import and export),Trade and investment,Money,UK Trade Tariff and classification of goods,GOV.UK homepage",HM Revenue & Customs,HM Revenue & Customs,2010 to 2015 Conservative and Liberal Democrat coalition government,,,
https://www.gov.uk/guidance/reporting-inheritance-tax-for-excepted-estates,Reporting inheritance tax for excepted estates,detailed_guide,77074f22-094a-4eed-9ea4-1ba2a79ad1c2,en,whitehall,2023-06-20T14:00:07.000Z,2023-06-20T14:00:07.000Z,,,111,"Inheritance Tax,GOV.UK homepage,Money,Personal tax",HM Revenue & Customs,HM Revenue & Customs,2022 to 2024 Sunak Conservative government,,,
https://www.gov.uk/guidance/charging-and-reclaiming-vat-on-goods-and-services-related-to-private-school-fees,Charging and reclaiming VAT on goods and services related to private school fees,detailed_guide,5d11054a-65e6-4b3e-a79b-d1cc81e32c7a,en,whitehall,2024-10-09T23:00:00.000Z,2026-02-05T11:17:40.000Z,,,111,"VAT,Money,Business tax,GOV.UK homepage",HM Revenue & Customs,HM Revenue & Customs,2024 Starmer Labour government,,,
https://www.gov.uk/guidance/personal-export-scheme-notice-707,Personal Export Scheme (VAT Notice 707),detailed_guide,53d02f70-96af-462c-bf3f-bc7b1599ceed,en,whitehall,2014-01-12T00:00:00.000Z,2025-07-17T07:20:44.000Z,,,111,"Accounting for VAT,Business tax,Money,GOV.UK homepage,Exporting goods and services,VAT",HM Revenue & Customs,HM Revenue & Customs,2010 to 2015 Conservative and Liberal Democrat coalition government,,,
https://www.gov.uk/expenses-and-benefits-cash-sum-payments/scale-rate-payments,Expenses and benefits: cash sum payments to employees: Scale rate payments,guide,59bbba61-b2df-4c82-8302-8b4dcdb42d3e,en,publisher,2012-09-13T12:45:25.000Z,2016-04-05T23:01:13.706Z,,,111,"Payroll,Employing people,Money,Running a business,Expenses and employee benefits,Business and industry,Business tax,GOV.UK homepage",Government Digital Service,HM Revenue & Customs,,,,
https://www.gov.uk/guidance/selling-goods-or-services-on-a-digital-platform,Selling goods or services on a digital platform,detailed_guide,cb6dadd3-d1bb-4589-b716-7bb2584b42bc,en,whitehall,2024-07-31T23:00:00.000Z,2025-09-22T17:18:09.000Z,,,111,"Business tax,International tax,Money,Dealing with HMRC,GOV.UK homepage",HM Revenue & Customs,HM Revenue & Customs,2024 Starmer Labour government,,,
https://www.gov.uk/guidance/changes-to-your-tax-code-when-you-start-a-new-job,Changes to your tax code when you start a new job,detailed_guide,c07e2cf4-a76e-4803-946f-3b4c772e9377,en,whitehall,2023-12-01T00:15:02.000Z,2023-12-01T00:15:02.000Z,,,111,"Personal tax,Money,Income Tax,GOV.UK homepage",HM Revenue & Customs,HM Revenue & Customs,2022 to 2024 Sunak Conservative government,,,
https://www.gov.uk/tips-at-work/tips-and-tax,Tips at work: Tips and tax,guide,87cc880b-ec8b-45f7-989e-58f9d2d11080,en,publisher,2011-12-20T11:31:05.000Z,2015-05-18T16:38:26.000Z,,,111,"Work,GOV.UK homepage,Income Tax,Special types of pay,Personal tax,Money,Working, jobs and pensions,Your pay, tax and the National Minimum Wage",Government Digital Service,"Department for Business and Trade,HM Revenue & Customs",,,,
https://www.gov.uk/guidance/animals-and-animal-food-notice-70115,Animals and animal food (VAT Notice 701/15),detailed_guide,a31fa31c-0c2e-4258-8a47-dc6c1e06f04f,en,whitehall,2011-12-09T00:00:00.000Z,2023-02-28T10:49:59.000Z,,,110,"VAT,Business tax,Dealing with HMRC,Money,Tax agent and adviser guidance,GOV.UK homepage",HM Revenue & Customs,HM Revenue & Customs,2010 to 2015 Conservative and Liberal Democrat coalition government,,,
https://www.gov.uk/hmrc-did-not-act,If HMRC did not act on information they were given,answer,a5833aeb-dd36-49e2-8057-1b5b1ab7056f,en,publisher,2017-06-13T13:25:20.297Z,2017-08-15T11:01:35.987Z,,,110,"Dealing with HMRC,Money,GOV.UK homepage",Government Digital Service,HM Revenue & Customs,,,,
https://www.gov.uk/guidance/excise-movement-and-control-system-how-to-register-and-use,How to register and use the Excise Movement and Control System,detailed_guide,40ccfd6f-d70d-492d-8292-4a2a9af46bb9,en,whitehall,2009-11-09T00:00:00.000Z,2025-11-18T12:49:05.000Z,,,110,"Moving and storing goods,Business tax,Fuel Duty,Alcohol duty,GOV.UK homepage,Tobacco Products Duty,Money",HM Revenue & Customs,HM Revenue & Customs,2007 to 2010 Brown Labour government,,,
https://www.gov.uk/guidance/new-employee-coming-to-work-from-abroad,New employee coming to work from abroad,detailed_guide,5efc0229-7631-11e4-a3cb-005056011aef,en,whitehall,2014-06-11T23:00:00.000Z,2025-12-10T11:14:45.000Z,,,110,"Money,Employees joining, leaving or changing their circumstances,PAYE,Business tax,GOV.UK homepage",HM Revenue & Customs,HM Revenue & Customs,2010 to 2015 Conservative and Liberal Democrat coalition government,,,
https://www.gov.uk/check-claims-company-registered,Check if a claims company is registered,transaction,e76e11b2-bb3a-4692-adf5-119fb6fa3df9,en,publisher,2014-06-11T11:10:58.000Z,2019-04-01T09:30:09.457Z,,,109,"Money,Court claims, debt and bankruptcy,GOV.UK homepage",Government Digital Service,Ministry of Justice,,,,
https://www.gov.uk/guidance/council-tax-band-changes,Council Tax band changes,detailed_guide,c9ea658f-f96a-465c-ac56-965f1eeaaf6e,en,whitehall,2016-01-22T10:09:00.000Z,2020-01-28T12:10:39.000Z,,,108,"Planning and building,Money,GOV.UK homepage,Regional and local government,Housing, local and community,Housing and communities,Local government",Valuation Office Agency,Valuation Office Agency,2015 to 2016 Cameron Conservative government,,,
https://www.gov.uk/guidance/apply-for-a-repayment-of-the-non-uk-resident-stamp-duty-land-tax-surcharge,Apply for a repayment of the non-UK Resident Stamp Duty Land Tax surcharge,detailed_guide,6e6fcb0b-d4a2-4774-b5c8-bff8fe520a8d,en,whitehall,2021-03-31T23:00:00.000Z,2022-07-15T10:09:56.000Z,,,108,"Money,Stamp duty and other tax on property,Business tax,GOV.UK homepage",HM Revenue & Customs,HM Revenue & Customs,2019 to 2022 Johnson Conservative government,,,
https://www.gov.uk/check-tax-charging-employee-car,Check if you need to pay tax for charging an employee’s electric car,simple_smart_answer,f4f8d37a-5845-47e5-9460-8daff640380b,en,publisher,2016-09-05T09:30:27.119Z,2016-12-02T15:29:35.743Z,,,108,"Money,Expenses and employee benefits,GOV.UK homepage",Government Digital Service,HM Revenue & Customs,,,,
https://www.gov.uk/guidance/clearance-applications-and-exempt-distribution-when-a-company-purchases-its-own-shares,Clearance applications and exempt distribution when a company purchases its own shares,detailed_guide,4210c390-e2cd-4630-a83a-5d1cf6f6bd2c,en,whitehall,2021-12-03T15:46:00.000Z,2021-12-03T15:46:00.000Z,,,108,"GOV.UK homepage,Dealing with HMRC,Money,Tax compliance,Clearances and approvals",HM Revenue & Customs,HM Revenue & Customs,2019 to 2022 Johnson Conservative government,,,
https://www.gov.uk/guidance/tell-hmrc-about-a-change-to-your-company-benefits,Tell HMRC about a change to your company benefits ,detailed_guide,68e6f95b-ed4d-4379-8e7d-48743a6b3dbd,en,whitehall,2025-01-16T00:00:00.000Z,2025-01-16T00:00:00.000Z,,,108,"Money,GOV.UK homepage,Personal tax,Income Tax",HM Revenue & Customs,HM Revenue & Customs,2024 Starmer Labour government,,,
https://www.gov.uk/guidance/changes-to-2024-to-2025-pension-scheme-return-for-pension-scheme-administrators,Submit a pension scheme return using the Managing pension schemes service,detailed_guide,4ca6e317-8c7b-4016-8788-4feb3b2a8b0b,en,whitehall,2024-02-12T00:00:00.000Z,2025-10-29T15:40:18.000Z,,,107,"Pension scheme administration,Business tax,Money,GOV.UK homepage",HM Revenue & Customs,HM Revenue & Customs,2022 to 2024 Sunak Conservative government,,,
https://www.gov.uk/guidance/stamp-duty-penalties-appeals-and-interest,"Stamp Duty: penalties, appeals and interest",detailed_guide,648a5221-d9a8-4a0e-b96e-713343fceef8,en,whitehall,2014-07-11T23:00:00.000Z,2014-07-11T23:00:00.000Z,,,107,"Stamp tax on paper shares,GOV.UK homepage,Stamp duty on shares,Money,Business tax",HM Revenue & Customs,HM Revenue & Customs,2010 to 2015 Conservative and Liberal Democrat coalition government,,,
https://www.gov.uk/guidance/pay-money-laundering-regulations-fees-and-penalty-charges,Pay money laundering regulations fees,detailed_guide,602136f5-7631-11e4-a3cb-005056011aef,en,whitehall,2014-10-30T00:00:00.000Z,2023-12-01T16:13:25.000Z,,,106,"Money laundering regulation fees,GOV.UK homepage,Money,Dealing with HMRC,Paying HMRC",HM Revenue & Customs,HM Revenue & Customs,2010 to 2015 Conservative and Liberal Democrat coalition government,,,
https://www.gov.uk/guidance/claim-national-insurance-contributions-relief-for-veterans-as-an-employer,Claim National Insurance contributions relief for veterans as an employer,detailed_guide,51e79bfe-3e80-4cb8-820d-e68b375863b1,en,whitehall,2022-02-15T07:00:00.000Z,2022-02-15T07:00:00.000Z,,,106,"GOV.UK homepage,Dealing with HMRC,Paying HMRC,Money,PAYE ",HM Revenue & Customs,HM Revenue & Customs,2019 to 2022 Johnson Conservative government,,,
https://www.gov.uk/guidance/stocks-and-shares-investments-for-isa-managers,Stocks and shares ISA investments for ISA managers,detailed_guide,c001c98a-ff6f-45a8-ac9b-2f3584f6ee2e,en,whitehall,2018-04-04T23:00:00.000Z,2024-11-05T09:00:00.000Z,,,105,"Personal tax,GOV.UK homepage,Tax efficient savings and investments,Money,Tax on savings and investments",HM Revenue & Customs,HM Revenue & Customs,2016 to 2019 May Conservative government,,,
https://www.gov.uk/guidance/corporation-tax-terminal-capital-and-property-income-losses,"Corporation Tax: terminal, capital and property income losses",detailed_guide,c9f37c13-3123-413a-b4f3-02fe5ccd350e,en,whitehall,2018-01-19T14:07:00.000Z,2020-06-22T13:15:08.000Z,,,105,"Working out your Corporation Tax,Corporation Tax,Money,Business tax,GOV.UK homepage,Preparing accounts for Corporation Tax",HM Revenue & Customs,HM Revenue & Customs,2016 to 2019 May Conservative government,,,
https://www.gov.uk/guidance/tell-hmrc-about-a-change-to-yourpension-income,Tell HMRC about a change to your  pension income,detailed_guide,6707ce02-4933-4a8d-a95a-279d66980e6d,en,whitehall,2025-01-16T00:00:00.000Z,2025-01-16T00:00:00.000Z,,,105,"GOV.UK homepage,Money,Personal tax,Income Tax",HM Revenue & Customs,HM Revenue & Customs,2024 Starmer Labour government,,,
https://www.gov.uk/guidance/how-to-calculate-your-scheme-members-guaranteed-minimum-pension,How to calculate your scheme member’s Guaranteed Minimum Pension,detailed_guide,51d5075e-e24f-41d7-8538-57ef0415fcba,en,whitehall,2018-12-19T09:00:01.000Z,2018-12-19T09:00:01.000Z,,,104,"Pension scheme administration,GOV.UK homepage,Business tax,Money",HM Revenue & Customs,HM Revenue & Customs,2016 to 2019 May Conservative government,,,
https://www.gov.uk/guidance/inheritance-tax-grossing-up-calculator,Inheritance Tax grossing up calculator,detailed_guide,f0651fa0-001c-4622-8e14-02112e179eda,en,whitehall,2025-03-05T13:00:02.000Z,2025-03-05T13:00:02.000Z,,,104,"GOV.UK homepage,Working out the tax,Personal tax,Money,Inheritance Tax",HM Revenue & Customs,HM Revenue & Customs,2024 Starmer Labour government,,,
https://www.gov.uk/guidance/how-to-work-out-your-alcohol-duty-rates-if-youre-eligible-for-small-producer-relief,How to work out your Alcohol Duty rates if you’re eligible for Small Producer Relief,detailed_guide,9e8cbb61-ccd9-4ec1-b757-f209be94cadf,en,whitehall,2023-06-28T23:00:00.000Z,2026-02-01T00:15:01.000Z,,,104,"Money,Business tax,Moving and storing goods,Payments and reliefs (Alcohol duty),Alcohol duty,GOV.UK homepage,Business and industry",HM Revenue & Customs,HM Revenue & Customs,2022 to 2024 Sunak Conservative government,,,
https://www.gov.uk/guidance/how-vat-applies-to-taxis-and-private-hire-cars-notice-70025,How VAT applies to taxis and private hire cars (VAT Notice 700/25),detailed_guide,04b1ae8e-39fb-4cbd-8735-6659d2e5954e,en,whitehall,2016-09-18T23:00:00.000Z,2016-09-18T23:00:00.000Z,,,102,"Tax agent and adviser guidance,Dealing with HMRC,Rules for particular trades,VAT,Business tax,Money,GOV.UK homepage",HM Revenue & Customs,HM Revenue & Customs,2016 to 2019 May Conservative government,,,
https://www.gov.uk/guidance/pension-administrators-check-your-members-protection-status,Check a pension scheme member's protected allowance and enhanced protection,detailed_guide,ecd6ed76-736b-4431-a4b9-676191d7e520,en,whitehall,2016-04-05T23:00:00.000Z,2026-01-19T09:00:00.000Z,,,102,"Money,GOV.UK homepage,Administering a pension scheme,Pension scheme administration,Business tax",HM Revenue & Customs,HM Revenue & Customs,2015 to 2016 Cameron Conservative government,,,
https://www.gov.uk/guidance/large-businesses-publish-your-tax-strategy,Publish your large business tax strategy,detailed_guide,4bc73fe5-5ea6-434e-a064-c2bf6a8fbf09,en,whitehall,2016-06-23T23:00:00.000Z,2024-07-30T10:19:40.000Z,,,102,"Large businesses,Business tax,Dealing with HMRC,Tax evasion and avoidance,Large and mid-size business,Money,Tax avoidance,Tax compliance,GOV.UK homepage",HM Revenue & Customs,HM Revenue & Customs,2015 to 2016 Cameron Conservative government,,,
https://www.gov.uk/guidance/send-a-quarterly-return-for-your-non-resident-landlord-tax,Send a quarterly return for your non-resident landlord tax,detailed_guide,74ebb6ea-4681-4453-b4d7-ca5e479cbe5d,en,whitehall,2023-11-07T00:00:00.000Z,2024-08-23T09:54:13.000Z,,,102,"Personal tax,Non-resident landlord scheme,Money,GOV.UK homepage",HM Revenue & Customs,HM Revenue & Customs,2022 to 2024 Sunak Conservative government,,,
https://www.gov.uk/guidance/admitting-tax-fraud-the-contractual-disclosure-facility-cdf,Admit tax fraud to HMRC using the Contractual Disclosure Facility,detailed_guide,b8d8067d-9e97-4f3f-9dc2-f9387f41d48e,en,whitehall,2014-11-27T00:00:00.000Z,2024-09-16T09:08:58.000Z,,,102,"Tax compliance,Money,GOV.UK homepage,Tax agent and adviser guidance,Non-payment and fraud,Dealing with HMRC",HM Revenue & Customs,HM Revenue & Customs,2010 to 2015 Conservative and Liberal Democrat coalition government,,,
https://www.gov.uk/guidance/submit-a-claim-using-the-second-hand-motor-vehicle-payment-scheme-if-you-do-not-have-a-uk-business-establishment,Submit a claim using the second-hand motor vehicle payment scheme if you do not have a UK business establishment,detailed_guide,57403bc4-3e1d-4ec3-b8f0-3aa1017f1cb2,en,whitehall,2023-05-21T23:00:00.000Z,2024-06-12T11:35:22.000Z,,,101,"VAT,GOV.UK homepage,Money,Business tax",HM Revenue & Customs,HM Revenue & Customs,2022 to 2024 Sunak Conservative government,,,
https://www.gov.uk/expenses-and-benefits-club-membership,Expenses and benefits: club membership,guide,b5f4a668-3f30-42c3-b29e-296c0badc039,en,publisher,2012-10-03T17:58:00.000Z,2016-04-05T23:01:14.983Z,,,101,"Money,Expenses and employee benefits,Business tax,GOV.UK homepage",Government Digital Service,HM Revenue & Customs,,,,
https://www.gov.uk/guidance/apply-for-an-alcoholic-products-producer-approval-appa,Apply for an alcoholic products producer approval (APPA),detailed_guide,db81a56a-563b-47a8-9ddf-bf71819ea4f0,en,whitehall,2024-12-11T00:00:00.000Z,2026-01-21T13:25:17.000Z,,,101,"Business tax,Money,GOV.UK homepage,Alcohol duty",HM Revenue & Customs,HM Revenue & Customs,2024 Starmer Labour government,,,
https://www.gov.uk/guidance/transfer-a-business-out-of-a-company,Transfer a business out of a company,detailed_guide,9c72e90b-a4bd-43fe-9c2c-5e71f42cf131,en,whitehall,2025-12-01T08:47:01.000Z,2025-12-01T08:47:01.000Z,,,100,"Money,Business tax,GOV.UK homepage,Corporation Tax",HM Revenue & Customs,HM Revenue & Customs,2024 Starmer Labour government,,,
https://www.gov.uk/tied-rebated-oils-services,Sign in to tied and rebated oils excise services,transaction,e292e1d7-e723-4316-88a1-bd8ea1a19df2,en,publisher,2014-12-08T17:29:19.000Z,2014-12-10T18:23:51.000Z,,,99,"Fuel Duty,GOV.UK homepage,Money,Business tax",Government Digital Service,HM Revenue & Customs,,,,
https://www.gov.uk/defer-national-insurance,Defer your National Insurance,answer,c0b4ee2f-d274-4b90-bf6c-240a34e314b9,en,publisher,2015-04-07T13:43:02.000Z,2024-12-19T15:30:44.662Z,,,99,"Dealing with HMRC,Money,GOV.UK homepage,Paying HMRC,Personal tax,National Insurance",Government Digital Service,HM Revenue & Customs,,,,
https://www.gov.uk/guidance/company-provided-living-accommodation-480-chapter-21,Company provided living accommodation (480: Chapter 21),detailed_guide,65f149c2-a481-4764-8639-8ff0245414c5,en,whitehall,2019-12-30T15:00:00.000Z,2019-12-30T15:00:00.000Z,,,99,"GOV.UK homepage,PAYE,Business tax,Money",HM Revenue & Customs,HM Revenue & Customs,2019 to 2022 Johnson Conservative government,,,
https://www.gov.uk/guidance/registered-dealers-in-controlled-oil-excise-notice-192,Registered dealers in controlled oil (Excise Notice 192),detailed_guide,f0b6550b-45c8-42d5-91e8-5e5ce87a1a2b,en,whitehall,2015-12-17T00:00:00.000Z,2025-11-20T14:19:21.000Z,,,99,"Fuel Duty,Oil and gas licensing,Money,Business tax,Customs declarations, duties and tariffs (import and export),Energy infrastructure,Trade and investment,Oil, gas and coal,Environment,GOV.UK homepage,Business and industry",HM Revenue & Customs,HM Revenue & Customs,2015 to 2016 Cameron Conservative government,,,
https://www.gov.uk/guidance/corporation-tax-the-patent-box,Use the Patent Box to reduce your Corporation Tax on profits,detailed_guide,601d5969-7631-11e4-a3cb-005056011aef,en,whitehall,2007-01-01T00:00:00.000Z,2020-05-07T10:14:02.000Z,,,99,"Reliefs,Corporation Tax,Money,GOV.UK homepage,Business tax",HM Revenue & Customs,HM Revenue & Customs,1997 to 2007 Blair Labour government,,,
https://www.gov.uk/guidance/claiming-theatre-tax-relief-for-corporation-tax,Claiming Theatre Tax Relief for Corporation Tax,detailed_guide,23e80de7-be10-4ab4-b307-9050d67bd8f8,en,whitehall,2020-02-10T00:00:00.000Z,2025-05-21T09:29:11.000Z,,,99,"Money,Reliefs,GOV.UK homepage,Tax agent and adviser guidance,Corporation Tax,Dealing with HMRC,Business tax",HM Revenue & Customs,HM Revenue & Customs,2019 to 2022 Johnson Conservative government,,,
https://www.gov.uk/guidance/close-void-or-withdraw-investments-from-a-junior-isa-as-an-isa-manager,"Close, void or withdraw investments from a Junior ISA as an ISA manager",detailed_guide,d73e4e8f-2ac7-444f-a736-72e777a242e2,en,whitehall,2018-04-05T09:28:00.000Z,2021-03-01T12:48:30.000Z,,,99,"Tax on savings and investments,GOV.UK homepage,Personal tax,Money",HM Revenue & Customs,HM Revenue & Customs,2016 to 2019 May Conservative government,,,
https://www.gov.uk/guidance/tell-hmrc-about-a-student-loan-in-your-tax-return,Tell HMRC about a student or postgraduate loan in your tax return,detailed_guide,06e683e5-f026-4214-819b-7ebd232a884c,en,whitehall,2016-12-29T00:00:00.000Z,2025-06-17T08:06:40.000Z,,,98,"Money,Education, training and skills,Funding and finance for students,GOV.UK homepage,Student loans,Income Tax,Personal tax,Self Assessment",HM Revenue & Customs,HM Revenue & Customs,2016 to 2019 May Conservative government,,,
https://www.gov.uk/guidance/capital-gains-tax-share-reorganisation-takeover-or-merger,"Capital Gains Tax: share reorganisation, takeover or merger",detailed_guide,60288cce-7631-11e4-a3cb-005056011aef,en,whitehall,2014-11-06T14:56:00.000Z,2014-11-06T14:56:00.000Z,,,98,"GOV.UK homepage,Personal tax,Capital Gains Tax,Money,Shares and investments",HM Revenue & Customs,HM Revenue & Customs,2010 to 2015 Conservative and Liberal Democrat coalition government,,,
https://www.gov.uk/guidance/schedule-spreadsheet-for-community-building-gasds-claims,Schedule spreadsheet for community building GASDS claims,detailed_guide,3d975748-6787-4673-9670-6f12fc710d56,en,whitehall,2014-12-11T14:05:00.000Z,2014-12-11T14:05:00.000Z,,,97,"Money,GOV.UK homepage",HM Revenue & Customs,HM Revenue & Customs,2010 to 2015 Conservative and Liberal Democrat coalition government,,,
https://www.gov.uk/guidance/corporate-interest-restriction-on-deductions-for-groups,Restriction on Corporation Tax relief for interest deductions,detailed_guide,bde5e8d6-a90d-4321-8070-0b6a48ad1d90,en,whitehall,2017-12-21T00:00:00.000Z,2025-08-29T08:15:10.000Z,,,97,"Money,GOV.UK homepage,Reliefs,Corporation Tax,Business tax",HM Revenue & Customs,HM Revenue & Customs,2016 to 2019 May Conservative government,,,
https://www.gov.uk/guidance/corporation-tax-interest-charges,Corporation Tax: interest charges,detailed_guide,601f7a38-7631-11e4-a3cb-005056011aef,en,whitehall,2012-01-30T00:00:00.000Z,2012-01-30T00:00:00.000Z,,,97,"Corporation Tax,GOV.UK homepage,Business tax,Money,Payments and refunds",HM Revenue & Customs,HM Revenue & Customs,2010 to 2015 Conservative and Liberal Democrat coalition government,,,
https://www.gov.uk/guidance/gold-acquisitions-imports-investments-and-vat-notice-70121,Gold imports and exports (VAT Notice 701/21),detailed_guide,06928ee2-e391-441a-9e4f-2af5e6438506,en,whitehall,2013-01-30T00:00:00.000Z,2020-12-31T23:01:08.000Z,,,97,"Charging VAT,Overseas businesses and UK VAT,Exporting goods and services,VAT,Accounting for VAT,Money,Rules for particular trades,Business tax,GOV.UK homepage,Importing goods and services",HM Revenue & Customs,HM Revenue & Customs,2010 to 2015 Conservative and Liberal Democrat coalition government,,,
https://www.gov.uk/guidance/check-if-you-have-to-pay-tax-on-your-pension,Check if you have to pay tax on your pension,detailed_guide,bdac5645-daf5-425f-b4cb-3832ade85d17,en,whitehall,2025-03-17T09:16:58.000Z,2025-03-17T09:16:58.000Z,,,97,"Personal tax,GOV.UK homepage,Money,Income Tax",HM Revenue & Customs,HM Revenue & Customs,2024 Starmer Labour government,,,
https://www.gov.uk/machine-game-duty,Machine Games Duty,guide,3f8fa6ae-5d42-4e62-9259-24fc15ff0c9a,en,publisher,2013-02-15T14:00:19.000Z,2014-11-28T10:23:10.000Z,,,97,"Running a business,Money,Business tax,Gambling duties,Business and industry,Business licensing ,GOV.UK homepage,Machine Games Duty",Government Digital Service,HM Revenue & Customs,,,,
https://www.gov.uk/guidance/incidental-overnight-expenses-480-appendix-8,Incidental overnight expenses (480: Appendix 8),detailed_guide,6c5e3590-1dfd-4419-a532-2949e070ac18,en,whitehall,2019-12-30T15:04:52.000Z,2019-12-30T15:04:52.000Z,,,96,"PAYE,GOV.UK homepage,Money,Business tax",HM Revenue & Customs,HM Revenue & Customs,2019 to 2022 Johnson Conservative government,,,
https://www.gov.uk/guidance/companies-that-supply-staff-and-staff-bureaux-vat-notice-70034,Supply of staff and staff bureaux (VAT Notice 700/34),detailed_guide,9a0bd451-5d20-49ba-bd62-673c6f6c0e31,en,whitehall,2012-06-05T23:00:00.000Z,2020-12-31T23:00:24.000Z,,,96,"Accounting for VAT,Money,VAT,GOV.UK homepage,Rules for particular trades,Charging VAT,Business tax",HM Revenue & Customs,HM Revenue & Customs,2010 to 2015 Conservative and Liberal Democrat coalition government,,,
https://www.gov.uk/guidance/annual-tax-on-enveloped-dwellings-reliefs-and-exemptions,Annual Tax on Enveloped Dwellings: reliefs and exemptions,detailed_guide,d801e774-02e0-409b-8754-484229b09b1f,en,whitehall,2015-08-23T23:00:00.000Z,2025-05-02T14:51:07.000Z,,,96,"Stamp duty and other tax on property,Annual Tax on Enveloped Dwellings,GOV.UK homepage,Business tax,Money",HM Revenue & Customs,HM Revenue & Customs,2015 to 2016 Cameron Conservative government,,,
https://www.gov.uk/guidance/go-paperless-for-tax-code-updates,Go paperless for tax code updates,detailed_guide,3484b101-9b87-439c-bb35-a664335443c4,en,whitehall,2025-01-16T10:10:01.000Z,2025-01-16T10:10:01.000Z,,,95,"Dealing with HMRC,GOV.UK homepage,Money",HM Revenue & Customs,HM Revenue & Customs,2024 Starmer Labour government,,,
https://www.gov.uk/get-money-from-court-funds-office,Get money that's been paid into the Court Funds Office,answer,fbca086e-a534-4263-b9c3-a26f3e1c9bf0,en,publisher,2014-08-22T10:37:55.000Z,2017-11-27T09:57:57.111Z,,,94,"GOV.UK homepage,Money,Court claims, debt and bankruptcy",Government Digital Service,"HM Courts & Tribunals Service,Ministry of Justice",,,,
https://www.gov.uk/guidance/tell-hmrc-the-value-of-items-in-your-paye-settlement-agreement,Tell HMRC the value of items in your PAYE Settlement Agreement,detailed_guide,b573bc2b-9ecb-4f27-b012-e11dee585898,en,whitehall,2025-06-04T09:52:13.000Z,2025-06-04T09:52:13.000Z,,,94,"GOV.UK homepage,Business tax,PAYE,Money",HM Revenue & Customs,HM Revenue & Customs,2024 Starmer Labour government,,,
https://www.gov.uk/employment-related-securities-files,Employment related securities: submit returns,transaction,c9adad4c-f458-48c5-a97f-e9137f8958d0,en,publisher,2014-10-31T09:41:32.000Z,2024-12-18T11:00:00.759Z,,,94,"Money,Business tax,PAYE,Employment related securities,GOV.UK homepage,Returns and notifications",Government Digital Service,HM Revenue & Customs,,,,
https://www.gov.uk/guidance/agricultural-flat-rate-scheme-notice-70046,Agricultural Flat Rate Scheme (VAT Notice 700/46),detailed_guide,86b24131-578a-471e-b74c-0ec81b3298eb,en,whitehall,2012-10-17T23:00:00.000Z,2021-06-29T10:33:29.000Z,,,94,"GOV.UK homepage,VAT,Business tax,Rules for particular trades,Money",HM Revenue & Customs,HM Revenue & Customs,2010 to 2015 Conservative and Liberal Democrat coalition government,,,
https://www.gov.uk/guidance/rates-and-thresholds-for-employers-2021-to-2022,Rates and thresholds for employers 2021 to 2022,detailed_guide,f15311fc-5dca-494e-b388-4b3c7f346a19,en,whitehall,2021-02-02T11:19:00.000Z,2022-02-07T15:13:13.000Z,,,94,"PAYE,Business tax,Money,GOV.UK homepage",HM Revenue & Customs,HM Revenue & Customs,2019 to 2022 Johnson Conservative government,,,
https://www.gov.uk/expenses-benefits-subscriptions-professional-fees,Expenses and benefits: subscriptions and professional fees,guide,09cf8bc4-8c1c-4a44-a670-4cfe044fc521,en,publisher,2012-10-03T18:07:31.000Z,2014-11-20T16:03:16.000Z,,,93,"Money,GOV.UK homepage,Expenses and employee benefits",Government Digital Service,HM Revenue & Customs,,,,
https://www.gov.uk/guidance/gilt-edged-securities-exempt-from-capital-gains-tax,Gilt-edged securities exempt from Capital Gains Tax,detailed_guide,5ff1784e-7631-11e4-a3cb-005056011aef,en,whitehall,2014-05-19T23:00:00.000Z,2025-05-20T09:48:32.000Z,,,93,"Personal tax,Shares and investments,GOV.UK homepage,Money,Capital Gains Tax",HM Revenue & Customs,HM Revenue & Customs,2010 to 2015 Conservative and Liberal Democrat coalition government,,,
https://www.gov.uk/guidance/pension-administrators-reporting-to-hmrc,Send pension scheme reports,detailed_guide,5feadab1-7631-11e4-a3cb-005056011aef,en,whitehall,2014-09-15T23:00:00.000Z,2025-12-15T12:00:04.000Z,,,93,"Administering a pension scheme,Money,Pension scheme administration,GOV.UK homepage,Business tax",HM Revenue & Customs,HM Revenue & Customs,2010 to 2015 Conservative and Liberal Democrat coalition government,,,
https://www.gov.uk/guidance/vat-cash-accounting-scheme-notice-731,Cash Accounting Scheme (VAT Notice 731),detailed_guide,b6f1ee24-dc0b-47b4-b44c-8fcac742f671,en,whitehall,2015-03-12T00:00:00.000Z,2023-12-18T14:23:30.000Z,,,93,"Accounting for VAT,VAT,Money,GOV.UK homepage,Business tax",HM Revenue & Customs,HM Revenue & Customs,2010 to 2015 Conservative and Liberal Democrat coalition government,,,
https://www.gov.uk/guidance/vat-refund-scheme-for-charities-notice-1001,VAT Refund Scheme for charities (VAT Notice 1001),detailed_guide,843235a5-db72-4662-bfb5-d2020edbaad1,en,whitehall,2015-04-27T23:00:00.000Z,2023-12-18T09:24:57.000Z,,,92,"Business and industry,Charging VAT,GOV.UK homepage,VAT,Money,Accounting for VAT,Business tax,Charity money, tax and accounts,Rules for particular trades,Charities and social enterprises",HM Revenue & Customs,HM Revenue & Customs,2010 to 2015 Conservative and Liberal Democrat coalition government,,,
https://www.gov.uk/guidance/foreign-currency-transactions-vat-and-tour-operators,Transactions in foreign currencies and VAT,detailed_guide,5f4343f8-7631-11e4-a3cb-005056011aef,en,whitehall,2014-06-30T23:00:00.000Z,2018-06-18T14:14:50.000Z,,,92,"Business tax,VAT,Accounting for VAT,Charging VAT,Money,GOV.UK homepage",HM Revenue & Customs,HM Revenue & Customs,2010 to 2015 Conservative and Liberal Democrat coalition government,,,
https://www.gov.uk/guidance/local-authorities-and-similar-bodies-notice-749,Local authorities and similar bodies (VAT Notice 749),detailed_guide,7963871d-bcef-41dd-bbc3-a5c61e75f28f,en,whitehall,2018-06-25T23:00:00.000Z,2025-06-09T06:44:57.000Z,,,92,"Rules for particular trades,VAT,Business tax,Accounting for VAT,GOV.UK homepage,Money,Charging VAT",HM Revenue & Customs,HM Revenue & Customs,2016 to 2019 May Conservative government,,,
https://www.gov.uk/guidance/overseas-pensions-pension-transfers,Overseas pensions: pension transfers,detailed_guide,16c39d8c-b152-4d01-b826-576516557ade,en,whitehall,2016-12-05T00:00:00.000Z,2025-07-28T23:15:02.000Z,,,92,"Business tax,GOV.UK homepage,Pension scheme administration,Money",HM Revenue & Customs,HM Revenue & Customs,2016 to 2019 May Conservative government,,,
https://www.gov.uk/guidance/claiming-a-top-up-payment-on-small-charitable-donations,Claim top-up payments for the Gift Aid Small Donations Scheme,detailed_guide,602cadf0-7631-11e4-a3cb-005056011aef,en,whitehall,2014-11-26T15:12:00.000Z,2020-02-17T15:56:48.000Z,,,92,"Sports and leisure,Society and culture,Business and industry,Money,GOV.UK homepage,Community amateur sports clubs (CASCs),Charity money, tax and accounts,Charities, volunteering and honours,Charities and social enterprises",HM Revenue & Customs,HM Revenue & Customs,2010 to 2015 Conservative and Liberal Democrat coalition government,,,
https://www.gov.uk/permission-software-tax-information,Manage permissions for tax software,transaction,f5d38591-bf55-4d49-8cc2-4bab241be141,en,publisher,2016-08-18T12:39:40.970Z,2024-12-04T17:54:52.366Z,,,91,"GOV.UK homepage,Personal tax,Money,Dealing with HMRC,Self Assessment",Government Digital Service,HM Revenue & Customs,,,,
https://www.gov.uk/guidance/deemed-domicile-rules,Deemed Domicile rules,detailed_guide,dd2253fd-8ef2-4bc5-8836-cdf3bef5eef6,en,whitehall,2018-01-31T00:00:00.000Z,2025-05-16T12:00:05.000Z,,,91,"Money,GOV.UK homepage,Personal tax",HM Revenue & Customs,HM Revenue & Customs,2016 to 2019 May Conservative government,,,
https://www.gov.uk/guidance/confirm-the-identity-of-someone-representing-hmrc,Confirm the identity of someone representing HMRC,detailed_guide,2c1c5b4b-8732-42a7-8d36-dee5148150c6,en,whitehall,2023-09-04T23:00:00.000Z,2026-01-16T14:27:30.000Z,,,91,"Money,Dealing with HMRC,Paying HMRC,GOV.UK homepage,Tax compliance",HM Revenue & Customs,HM Revenue & Customs,2022 to 2024 Sunak Conservative government,,,
https://www.gov.uk/guidance/sponsorship-and-vat-notice-70141,Sponsorship (VAT Notice 701/41),detailed_guide,80e96af3-9130-47fc-9195-5c58d241873d,en,whitehall,2002-03-01T00:00:00.000Z,2019-05-08T10:10:59.000Z,,,91,"Rules for particular trades,GOV.UK homepage,Money,VAT,Accounting for VAT,Business tax,Charging VAT",HM Revenue & Customs,HM Revenue & Customs,1997 to 2007 Blair Labour government,,,
https://www.gov.uk/guidance/submit-an-enterprise-management-incentives-emi-notification,Submit an Enterprise Management Incentives (EMI) notification,detailed_guide,6026d81f-7631-11e4-a3cb-005056011aef,en,whitehall,2014-03-04T00:00:00.000Z,2024-10-10T12:59:43.000Z,,,90,"Returns and notifications,Money,Business tax,Employment related securities,GOV.UK homepage",HM Revenue & Customs,HM Revenue & Customs,2010 to 2015 Conservative and Liberal Democrat coalition government,,,
https://www.gov.uk/guidance/check-if-the-cost-of-training-could-be-an-allowable-business-expense,Check if the cost of training could be an allowable business expense,detailed_guide,b5c1631f-05ec-4de5-8d41-fdc2ad59c82b,en,whitehall,2024-03-06T12:39:58.000Z,2024-03-06T12:39:58.000Z,,,90,"Business tax,Managing expenses,Work,GOV.UK homepage,Self-employment,Money",HM Revenue & Customs,HM Revenue & Customs,2022 to 2024 Sunak Conservative government,,,
https://www.gov.uk/guidance/paying-vat-and-duties-on-imports,How to pay duties and VAT on imports from outside of the UK,detailed_guide,d56cbd84-a60a-408a-b093-06c9d389cad6,en,whitehall,2019-03-01T00:00:00.000Z,2024-07-19T16:12:08.000Z,,,90,"Dealing with HMRC,Importing,Money,Customs declarations, duties and tariffs (import and export),Business and industry,Business tax,Importing goods and services,GOV.UK homepage,Trade and investment,VAT,Paying HMRC,Paying,Accounting for VAT",HM Revenue & Customs,HM Revenue & Customs,2016 to 2019 May Conservative government,,,
https://www.gov.uk/guidance/help-with-property-on-your-self-assessment-tax-return,Help with property on your Self Assessment tax return,detailed_guide,48397392-ac1d-4aad-b505-19605fb6d4c8,en,whitehall,2025-01-22T00:00:00.000Z,2025-09-11T13:39:22.000Z,,,90,"Self Assessment,Filing a tax return,GOV.UK homepage,Personal tax,Money",HM Revenue & Customs,HM Revenue & Customs,2024 Starmer Labour government,,,
https://www.gov.uk/guidance/register-a-non-resident-company-for-corporation-tax,Corporation Tax for non-UK incorporated companies,detailed_guide,adcde30c-a302-4cb3-b965-464dc0215fe8,en,whitehall,2019-04-07T23:00:00.000Z,2024-12-17T15:47:41.000Z,,,90,"Money,Dealing with HMRC,Paying HMRC,GOV.UK homepage,Business tax,Corporation Tax,Property taxes",HM Revenue & Customs,HM Revenue & Customs,2016 to 2019 May Conservative government,,,
https://www.gov.uk/guidance/vat-capital-goods-scheme-and-capital-assets,The Capital Goods Scheme for VAT,detailed_guide,5f1425fc-7631-11e4-a3cb-005056011aef,en,whitehall,2014-06-30T23:00:00.000Z,2018-06-18T15:30:58.000Z,,,89,"VAT,Money,Accounting for VAT,Business tax,GOV.UK homepage",HM Revenue & Customs,HM Revenue & Customs,2010 to 2015 Conservative and Liberal Democrat coalition government,,,
https://www.gov.uk/guidance/staying-safe-from-scammers,Staying safe from scammers,detailed_guide,4a1c76b6-439c-4450-b77b-8a04c6b183a1,en,whitehall,2024-06-16T23:00:00.000Z,2026-01-26T12:04:26.000Z,,,89,"GOV.UK homepage,Money",Valuation Office Agency,Valuation Office Agency,2022 to 2024 Sunak Conservative government,,,
https://www.gov.uk/payroll-annual-reporting,Payroll: annual reporting and tasks,guide,5dd79407-0213-4675-9754-d6cfd1118f87,en,publisher,2014-06-12T11:50:09.000Z,2015-02-13T15:28:10.000Z,,,89,"Work,Running a business,Business tax,Business and industry,Money,GOV.UK homepage,Payroll,PAYE,Employing people,Annual PAYE and payroll tasks",Government Digital Service,HM Revenue & Customs,,,,
https://www.gov.uk/guidance/valuing-stocks-and-shares-for-inheritance-tax,Valuing stocks and shares for Inheritance Tax,detailed_guide,54a2a9d8-d426-4a9f-8acf-adb5f61b3aa6,en,whitehall,2022-02-01T11:30:53.000Z,2022-02-01T11:30:53.000Z,,,89,"GOV.UK homepage,Money,Inheritance Tax,Working out the tax,Personal tax",HM Revenue & Customs,HM Revenue & Customs,2019 to 2022 Johnson Conservative government,,,
https://www.gov.uk/guidance/register-an-unincorporated-association-for-corporation-tax,Register an unincorporated association for Corporation Tax,detailed_guide,cf6cd3ed-9545-4cc8-904f-38c1f26ddc78,en,whitehall,2024-09-16T23:00:00.000Z,2025-07-11T12:50:54.000Z,,,88,"Dealing with HMRC,Business tax,Corporation Tax,GOV.UK homepage,Money,Paying HMRC,Property taxes",HM Revenue & Customs,HM Revenue & Customs,2024 Starmer Labour government,,,
https://www.gov.uk/guidance/check-if-youre-eligible-for-small-producer-relief-on-alcohol-duty,Check if you’re eligible for Small Producer Relief on Alcohol Duty,detailed_guide,e1a6d803-1085-43bd-b9c6-ad23dc06554c,en,whitehall,2023-06-28T23:00:00.000Z,2023-10-17T09:48:11.000Z,,,88,"Moving and storing goods,Business tax,Money,Payments and reliefs (Alcohol duty),Alcohol duty,GOV.UK homepage,Business and industry",HM Revenue & Customs,HM Revenue & Customs,2022 to 2024 Sunak Conservative government,,,
https://www.gov.uk/guidance/fee-payer-responsibilities-under-the-off-payroll-working-rules,Deemed employer responsibilities under off-payroll working rules,detailed_guide,49fd4ae7-84b2-433a-bb7c-a5ab863a0df2,en,whitehall,2019-08-21T23:00:00.000Z,2024-08-08T13:20:24.000Z,,,88,"IR35: working through an intermediary,Business tax,Money,Off-payroll working rules,GOV.UK homepage",HM Revenue & Customs,HM Revenue & Customs,2019 to 2022 Johnson Conservative government,,,
https://www.gov.uk/guidance/investment-gold-coins-and-vat-notice-70121a,Investment gold coins (VAT Notice 701/21A),detailed_guide,02a2a7fb-3ca4-40dc-929f-e0303949c398,en,whitehall,2012-02-01T00:00:00.000Z,2026-01-30T14:02:55.000Z,,,88,"GOV.UK homepage,Business tax,VAT,Money",HM Revenue & Customs,HM Revenue & Customs,2010 to 2015 Conservative and Liberal Democrat coalition government,,,
https://www.gov.uk/guidance/paying-tax-on-rent-to-landlords-abroad,Paying tax on rent on behalf of landlords who are abroad,detailed_guide,60308117-7631-11e4-a3cb-005056011aef,en,whitehall,2014-12-08T00:00:00.000Z,2014-12-08T00:00:00.000Z,,,88,"Money,Personal tax,Non-resident landlord scheme,Housing, local and community,GOV.UK homepage,Housing and communities",HM Revenue & Customs,HM Revenue & Customs,2010 to 2015 Conservative and Liberal Democrat coalition government,,,
https://www.gov.uk/report-tobacco-or-alcohol-tax-evasion,Report tobacco or alcohol tax evasion,answer,b25448cc-5342-4d9a-ac4c-379119e75164,en,publisher,2012-10-15T14:01:00.000Z,2014-12-12T13:00:32.000Z,,,88,"Customs declarations, duties and tariffs (import and export),Business tax,Tax compliance,Dealing with HMRC,Trade and investment,Money,GOV.UK homepage,Alcohol duty,Reporting tax evasion,Business and industry,Tobacco Products Duty",Government Digital Service,HM Revenue & Customs,,,,
https://www.gov.uk/guidance/information-you-need-from-investors-when-they-apply-for-an-isa,Information you need from investors when they apply for an ISA,detailed_guide,094d8e17-635b-469f-b4cb-3e5623e87906,en,whitehall,2018-04-04T23:00:00.000Z,2025-07-15T14:48:15.000Z,,,88,"Tax on savings and investments,Personal tax,GOV.UK homepage,Money",HM Revenue & Customs,HM Revenue & Customs,2016 to 2019 May Conservative government,,,
https://www.gov.uk/guidance/transfer-an-isa-if-youre-an-isa-manager,Transfer an ISA if you're an ISA manager,detailed_guide,510a1fcc-a13d-4ff6-ac8d-00319cea43e8,en,whitehall,2018-04-04T23:00:00.000Z,2025-03-27T10:40:54.000Z,,,87,"Money,Tax on savings and investments,Personal tax,GOV.UK homepage",HM Revenue & Customs,HM Revenue & Customs,2016 to 2019 May Conservative government,,,
https://www.gov.uk/guidance/who-must-pay-the-pensions-annual-allowance-tax-charge,Who must pay the pensions annual allowance tax charge,detailed_guide,d4ddc979-1f68-43a0-beeb-ca8553d0005a,en,whitehall,2019-10-18T15:15:00.000Z,2023-04-05T23:15:17.000Z,,,87,"Income Tax,Personal tax,GOV.UK homepage,Pensions,Money",HM Revenue & Customs,HM Revenue & Customs,2019 to 2022 Johnson Conservative government,,,
https://www.gov.uk/guidance/check-employment-status-if-you-work-in-hair-and-beauty,Check employment status if you work in hair and beauty,detailed_guide,167329e4-7783-4624-9bd0-f0125b1336f4,en,whitehall,2025-05-08T23:01:00.000Z,2025-05-08T23:01:00.000Z,,,87,"PAYE,Personal tax,GOV.UK homepage,VAT,Business tax,Money",HM Revenue & Customs,HM Revenue & Customs,2024 Starmer Labour government,,,
https://www.gov.uk/expenses-and-benefits-childcare,Expenses and benefits: childcare,guide,a15a0343-6786-4b2e-b3fb-b6ddbe671bab,en,publisher,2012-10-03T17:58:23.000Z,2015-02-17T16:03:50.000Z,,,87,"Expenses and employee benefits,Money,GOV.UK homepage",Government Digital Service,HM Revenue & Customs,,,,
https://www.gov.uk/guidance/using-the-global-accounting-vat-margin-scheme,Using the global accounting VAT margin scheme,detailed_guide,7960be72-b0dd-4dd3-9b79-06633437f751,en,whitehall,2021-12-23T13:28:00.000Z,2021-12-23T13:28:00.000Z,,,86,"Accounting for VAT,Charging VAT,VAT,GOV.UK homepage,Business tax,Money",HM Revenue & Customs,HM Revenue & Customs,2019 to 2022 Johnson Conservative government,,,
https://www.gov.uk/guidance/money-laundering-regulations-trust-or-company-service-provider-registration,Check if you need to register for money laundering supervision if you're a trust or company service provider,detailed_guide,602e31f3-7631-11e4-a3cb-005056011aef,en,whitehall,2014-02-25T00:00:00.000Z,2023-03-16T13:51:56.000Z,,,86,"Money laundering regulations,Registration for specific business types,GOV.UK homepage,Money",HM Revenue & Customs,HM Revenue & Customs,2010 to 2015 Conservative and Liberal Democrat coalition government,,,
https://www.gov.uk/guidance/information-requirements-for-pension-schemes-the-basics,Information requirements for pension schemes,detailed_guide,5febc7a5-7631-11e4-a3cb-005056011aef,en,whitehall,2014-09-15T23:00:00.000Z,2025-12-15T12:00:04.000Z,,,86,"GOV.UK homepage,Money,Business tax,Pension scheme administration",HM Revenue & Customs,HM Revenue & Customs,2010 to 2015 Conservative and Liberal Democrat coalition government,,,
https://www.gov.uk/guidance/work-out-which-packaging-is-subject-to-plastic-packaging-tax,Check which packaging is subject to Plastic Packaging Tax,detailed_guide,d0771c77-c88b-4d9d-87ba-3bfb369a86fe,en,whitehall,2021-11-04T09:30:00.000Z,2023-08-15T14:13:24.000Z,,,85,"GOV.UK homepage,Business tax,Money",HM Revenue & Customs,HM Revenue & Customs,2019 to 2022 Johnson Conservative government,,,
https://www.gov.uk/guidance/corporation-tax-relief-on-goodwill-and-relevant-assets,Corporation Tax relief on goodwill and relevant assets,detailed_guide,1fae2b6a-fcd8-4022-8a04-612466c962e8,en,whitehall,2019-06-04T14:51:00.000Z,2019-06-04T14:51:00.000Z,,,85,"Corporation Tax,Money,Business tax,GOV.UK homepage",HM Revenue & Customs,HM Revenue & Customs,2016 to 2019 May Conservative government,,,
https://www.gov.uk/guidance/help-and-support-for-anti-money-laundering,"HMRC email updates, videos and webinars for money laundering supervision",detailed_guide,fc5d69b2-1b97-4372-9f24-95a6edc655dd,en,whitehall,2017-08-31T23:00:00.000Z,2026-01-08T12:20:52.000Z,,,85,"Dealing with HMRC,Money,Tax avoidance,Money laundering regulations,GOV.UK homepage",HM Revenue & Customs,HM Revenue & Customs,2016 to 2019 May Conservative government,,,
https://www.gov.uk/guidance/authorise-an-agent-for-certain-taxes-through-your-business-tax-account,Authorise an agent for certain taxes through your business tax account,detailed_guide,b0dd86fb-14e3-4daa-a82a-68b2bf8d4769,en,whitehall,2022-10-05T23:00:00.000Z,2025-11-28T15:00:14.000Z,,,84,"Tax agent and adviser guidance,Dealing with HMRC,GOV.UK homepage,Money,Agent authorisation",HM Revenue & Customs,HM Revenue & Customs,2022 Truss Conservative government,,,
https://www.gov.uk/guidance/self-billing-notice-70062,Self-billing (VAT Notice 700/62),detailed_guide,1d10987e-7d38-44c6-98be-048b028b4987,en,whitehall,2014-09-08T23:00:00.000Z,2020-12-31T23:00:55.000Z,,,84,"Business tax,Charging VAT,Rules for particular trades,VAT,Money,GOV.UK homepage",HM Revenue & Customs,HM Revenue & Customs,2010 to 2015 Conservative and Liberal Democrat coalition government,,,
https://www.gov.uk/guidance/money-laundering-supervision-for-letting-agency-businesses,Money laundering supervision for letting agency businesses,detailed_guide,55c5cc70-041b-4bb9-97c9-1da716295bc2,en,whitehall,2021-10-06T13:48:00.000Z,2023-04-04T15:15:22.000Z,,,84,"Business and industry,Registration for specific business types,Money,GOV.UK homepage,Money laundering regulations",HM Revenue & Customs,HM Revenue & Customs,2019 to 2022 Johnson Conservative government,,,
https://www.gov.uk/guidance/completing-your-plastic-packaging-tax-return,Submit your Plastic Packaging Tax return,detailed_guide,2a6eb515-ffdf-49a8-b223-53e8a78afd5d,en,whitehall,2021-11-04T00:00:00.000Z,2024-08-09T14:14:40.000Z,,,84,"GOV.UK homepage,Business tax,Money",HM Revenue & Customs,HM Revenue & Customs,2019 to 2022 Johnson Conservative government,,,
https://www.gov.uk/running-community-amateur-sports-club,Running a community amateur sports club (CASC),guide,fd3b5ae3-cc11-4696-9834-912347d5198d,en,publisher,2014-11-04T11:53:00.000Z,2016-03-15T14:39:42.000Z,,,84,"Money,Charities, volunteering and honours,Society and culture,Business tax,Corporation Tax,Sports and leisure,GOV.UK homepage,Community amateur sports clubs (CASCs)",Government Digital Service,HM Revenue & Customs,,,,
https://www.gov.uk/guidance/corporation-tax-selling-or-closing-your-company,Corporation Tax: selling or closing your company,detailed_guide,60212b0f-7631-11e4-a3cb-005056011aef,en,whitehall,2006-02-13T00:00:00.000Z,2023-03-30T23:15:02.000Z,,,84,"Business tax,Dealing with HMRC,Corporation Tax,Money,GOV.UK homepage,Changes to your company",HM Revenue & Customs,HM Revenue & Customs,1997 to 2007 Blair Labour government,,,
https://www.gov.uk/guidance/check-if-you-can-pay-a-reduced-rate-of-customs-duty,Check if you can pay a reduced amount of Customs Duty,detailed_guide,6f341c7b-8b20-4222-8d27-8e103ac25d7e,en,whitehall,2019-09-15T23:00:00.000Z,2021-08-05T11:29:15.000Z,,,84,"Customs declarations, duties and tariffs (import and export),Business tax,Rules for specific goods and services,Business and industry,VAT,Commodity codes and reporting,Trade and investment,GOV.UK homepage,Importing,UK Trade Tariff and classification of goods,Money,Importing goods and services",HM Revenue & Customs,HM Revenue & Customs,2019 to 2022 Johnson Conservative government,,,
https://www.gov.uk/guidance/tax-disputes-alternative-dispute-resolution-adr,Use alternative dispute resolution to settle a tax dispute,detailed_guide,eff2911d-59b8-4c32-a332-e916cedf417d,en,whitehall,2014-12-08T00:00:00.000Z,2024-01-24T16:09:26.000Z,,,83,"Money,Tax agent and adviser guidance,Dealing with HMRC,Tax compliance,GOV.UK homepage,Disputes,Complaints and appeals",HM Revenue & Customs,HM Revenue & Customs,2010 to 2015 Conservative and Liberal Democrat coalition government,,,
https://www.gov.uk/guidance/your-property-and-council-tax,When to contact your local authority about Council Tax,detailed_guide,02a267e2-1f53-4f7e-96d6-475a29d101fb,en,whitehall,2017-08-07T08:30:00.000Z,2020-01-28T12:10:00.000Z,,,83,"Housing, local and community,Council Tax,Local government,Regional and local government,Money,GOV.UK homepage",Valuation Office Agency,Valuation Office Agency,2016 to 2019 May Conservative government,,,
https://www.gov.uk/guidance/help-and-support-for-vat,"HMRC email updates, videos and webinars for VAT",detailed_guide,175179ce-67bf-4784-a154-8a2b1c946aef,en,whitehall,2017-09-28T23:00:00.000Z,2026-02-03T13:34:54.000Z,,,82,"Business tax,VAT,Self Assessment,Customs declarations, duties and tariffs (import and export),Personal tax,Money,GOV.UK homepage,Trade and investment,Business and industry",HM Revenue & Customs,HM Revenue & Customs,2016 to 2019 May Conservative government,,,
https://www.gov.uk/guidance/recognised-stock-exchanges,Recognised stock exchanges,detailed_guide,605512fc-7631-11e4-a3cb-005056011aef,en,whitehall,2014-06-25T23:00:00.000Z,2025-05-06T12:28:56.000Z,,,82,"Dealing with HMRC,Business tax,Money,GOV.UK homepage,Investment schemes",HM Revenue & Customs,HM Revenue & Customs,2010 to 2015 Conservative and Liberal Democrat coalition government,,,
https://www.gov.uk/guidance/pay-no-import-duty-and-vat-on-importing-commercial-samples,Pay no import duty and VAT on importing commercial samples,detailed_guide,7dcc0957-9dd1-47a7-ae3d-b67b7117fffa,en,whitehall,2020-07-03T12:22:00.000Z,2023-04-14T13:36:57.000Z,,,82,"Importing goods and services,GOV.UK homepage,Business tax,Money,Business and industry,Trade and investment,Importing,Customs declarations, duties and tariffs (import and export),VAT",HM Revenue & Customs,HM Revenue & Customs,2019 to 2022 Johnson Conservative government,,,
https://www.gov.uk/guidance/register-to-report-pillar-2-top-up-taxes,Register to report Pillar 2 Top-up Taxes,detailed_guide,cd44732c-de28-4dd8-90a6-d6fcadcd023d,en,whitehall,2025-08-31T23:00:00.000Z,2025-08-31T23:00:00.000Z,,,82,"Money,Business tax,GOV.UK homepage",HM Revenue & Customs,HM Revenue & Customs,2024 Starmer Labour government,,,
https://www.gov.uk/guidance/changes-in-your-annual-allowance-following-the-public-service-pensions-remedy,Changes in your annual allowance following the public service pensions remedy,detailed_guide,7661676d-7e1f-4207-8629-73d44a0d29ef,en,whitehall,2023-10-04T23:00:00.000Z,2025-05-06T12:29:13.000Z,,,82,"GOV.UK homepage,Income Tax,Personal tax,Money,Pensions",HM Revenue & Customs,HM Revenue & Customs,2022 to 2024 Sunak Conservative government,,,
https://www.gov.uk/guidance/tell-hmrc-about-your-employment-related-securities,Register your employment related securities scheme,detailed_guide,6025aa26-7631-11e4-a3cb-005056011aef,en,whitehall,2014-01-01T00:00:00.000Z,2025-11-28T15:29:47.000Z,,,81,"GOV.UK homepage,Business tax,Money,Employment related securities",HM Revenue & Customs,HM Revenue & Customs,2010 to 2015 Conservative and Liberal Democrat coalition government,,,
https://www.gov.uk/guidance/income-tax-and-national-insurance-contributions,Income tax and National Insurance contributions,detailed_guide,3f4f9758-be78-4597-8249-d3ae844952c5,en,whitehall,2021-03-03T13:26:47.000Z,2021-03-03T13:26:47.000Z,,,81,"Money,GOV.UK homepage,Personal tax,Income Tax",HM Treasury,HM Treasury,2019 to 2022 Johnson Conservative government,,,
https://www.gov.uk/expenses-and-benefits-clothing,Expenses and benefits: clothing,guide,a9eda253-78a3-4822-a9a4-4b51dddf5009,en,publisher,2012-10-03T13:08:38.000Z,2015-04-01T14:53:41.000Z,,,81,"Money,Business tax,Expenses and employee benefits,GOV.UK homepage",Government Digital Service,HM Revenue & Customs,,,,
https://www.gov.uk/guidance/pension-administrators-lump-sum-death-benefit-payments,Tax on lump sum death benefit payments,detailed_guide,ed3061f6-ed8f-4631-9ae1-b180945ff208,en,whitehall,2016-04-05T23:16:00.000Z,2016-04-05T23:16:00.000Z,,,81,"GOV.UK homepage,Business tax,Money,Administering a pension scheme,Pension scheme administration",HM Revenue & Customs,HM Revenue & Customs,2015 to 2016 Cameron Conservative government,,,
https://www.gov.uk/guidance/making-tax-digital-for-vat-as-an-agent-step-by-step,Making Tax Digital for VAT as an agent: step by step,detailed_guide,0ab25fe4-1877-493f-b7f0-99d0569f3b73,en,whitehall,2019-02-08T00:00:00.000Z,2023-03-30T14:30:17.000Z,,,81,"Money,Tax agent and adviser guidance,GOV.UK homepage,VAT,Business tax,Dealing with HMRC",HM Revenue & Customs,HM Revenue & Customs,2016 to 2019 May Conservative government,,,
https://www.gov.uk/guidance/submit-a-pleasure-craft-report,Submit a pleasure craft report,detailed_guide,0422f242-f6ba-444c-b95e-e341be5bee43,en,whitehall,2023-11-20T00:00:00.000Z,2024-11-13T14:22:50.000Z,,,81,"GOV.UK homepage,Business and industry,Trade and investment,Customs declarations, duties and tariffs (import and export),Money,Leaving the UK,Personal tax",HM Revenue & Customs,"HM Revenue & Customs,Border Force",2022 to 2024 Sunak Conservative government,,,
https://www.gov.uk/guidance/repayment-interest-on-vat-credits-or-overpayments,Repayment interest on VAT credits or overpayments,detailed_guide,5d2dbc5a-f35f-439e-b5c4-30d77b7ee1e1,en,whitehall,2023-01-04T00:00:00.000Z,2024-01-30T15:15:04.000Z,,,81,"VAT returns,Money,Business tax,VAT,GOV.UK homepage",HM Revenue & Customs,HM Revenue & Customs,2022 to 2024 Sunak Conservative government,,,
https://www.gov.uk/guidance/check-for-signs-of-payroll-company-fraud,Check for signs of outsourced labour payroll fraud,detailed_guide,80dd6cee-e03c-479c-aedc-5877715476b5,en,whitehall,2022-12-19T00:00:00.000Z,2026-02-04T08:44:16.000Z,,,80,"Tax evasion and avoidance,Dealing with HMRC,Money,PAYE,GOV.UK homepage,Tax compliance,VAT,Business tax",HM Revenue & Customs,HM Revenue & Customs,2022 to 2024 Sunak Conservative government,,,
https://www.gov.uk/guidance/pension-schemes-and-unauthorised-payments,Pension schemes and unauthorised payments,detailed_guide,5feaae2e-7631-11e4-a3cb-005056011aef,en,whitehall,2014-09-16T12:01:00.000Z,2014-09-16T12:01:00.000Z,,,80,"GOV.UK homepage,Money,Pension scheme administration,Business tax",HM Revenue & Customs,HM Revenue & Customs,2010 to 2015 Conservative and Liberal Democrat coalition government,,,
https://www.gov.uk/guidance/losing-your-lifetime-allowance-protection,Losing your pension protected allowances,detailed_guide,de96be42-2f04-4406-9d44-059e5986d7c1,en,whitehall,2023-04-05T23:00:00.000Z,2025-04-05T23:15:21.000Z,,,80,"Business tax,Money,GOV.UK homepage,Pension scheme administration",HM Revenue & Customs,HM Revenue & Customs,2022 to 2024 Sunak Conservative government,,,
https://www.gov.uk/guidance/claim-audio-visual-expenditure-credits-for-corporation-tax,Claiming Audio-Visual Expenditure Credits for Corporation Tax,detailed_guide,997d3964-9e3b-4766-85bb-b5ce95faa00e,en,whitehall,2024-01-19T00:00:00.000Z,2025-05-21T09:44:13.000Z,,,80,"Corporation Tax,Reliefs,Business tax,GOV.UK homepage,Money",HM Revenue & Customs,HM Revenue & Customs,2022 to 2024 Sunak Conservative government,,,
https://www.gov.uk/guidance/claim-a-vat-refund-for-a-conversion-if-youre-a-diy-housebuilder,Claim a VAT refund for a conversion if you're a DIY housebuilder,detailed_guide,fb78daeb-693a-4e2f-83f8-06a41cf7dc10,en,whitehall,2023-12-05T00:00:00.000Z,2024-01-25T10:08:43.000Z,,,80,"Business tax,Money,Dealing with HMRC,GOV.UK homepage,VAT",HM Revenue & Customs,HM Revenue & Customs,2022 to 2024 Sunak Conservative government,,,
https://www.gov.uk/guidance/pension-scheme-administrators-paying-tax,Pay tax as a pension scheme administrator,detailed_guide,601fae54-7631-11e4-a3cb-005056011aef,en,whitehall,2014-10-30T00:00:00.000Z,2022-05-27T14:09:24.000Z,,,79,"Business tax,GOV.UK homepage,Pension scheme administration,Money,Paying HMRC,Dealing with HMRC,Pension schemes",HM Revenue & Customs,HM Revenue & Customs,2010 to 2015 Conservative and Liberal Democrat coalition government,,,
https://www.gov.uk/reduced-rate-election-payroll,Payroll for female employees who pay less National Insurance,answer,526dfb19-605f-438e-9923-3c37c2a482b8,en,publisher,2014-06-12T11:50:10.000Z,2015-02-19T13:27:59.000Z,,,79,"Personal tax,GOV.UK homepage,Employees joining, leaving or changing their circumstances,Business tax,Work,Business and industry,PAYE,Payroll,Money,Employing people,Running a business",Government Digital Service,HM Revenue & Customs,,,,
https://www.gov.uk/guidance/check-which-type-of-account-to-apply-for-to-defer-duty-payments-when-you-import-goods,Check which type of account to apply for to defer duty payments when you import goods or release goods from an excise warehouse,detailed_guide,4a7e0e97-108b-4aad-98cb-4887ca4c3f65,en,whitehall,2020-11-27T19:31:00.000Z,2021-03-18T14:05:44.000Z,,,79,"Importing,Importing goods and services,Business and industry,Business tax,Money,VAT,Customs declarations, duties and tariffs (import and export),Trade and investment,GOV.UK homepage",HM Revenue & Customs,HM Revenue & Customs,2019 to 2022 Johnson Conservative government,,,
https://www.gov.uk/guidance/how-to-use-the-online-agent-authorisation-to-get-authorised-as-a-tax-agent,How to use the Online Agent Authorisation to get authorised as a tax agent,detailed_guide,a30b14b5-8874-4b3d-b9de-d8926569b8fa,en,whitehall,2022-09-06T23:00:00.000Z,2024-01-18T15:55:21.000Z,,,79,"Money,Agent authorisation,GOV.UK homepage,Dealing with HMRC,Tax agent and adviser guidance",HM Revenue & Customs,HM Revenue & Customs,2022 Truss Conservative government,,,
https://www.gov.uk/guidance/apply-to-convert-national-insurance-contributions-you-paid-when-you-worked-abroad,Apply to convert National Insurance contributions you paid when you worked abroad,detailed_guide,d4df2278-13e3-47ed-94f3-5f1e7dde978a,en,whitehall,2025-09-16T13:05:05.000Z,2025-09-16T13:05:05.000Z,,,79,"Personal tax,Money,Rates and classes,Voluntary contributions,National Insurance,GOV.UK homepage",HM Revenue & Customs,HM Revenue & Customs,2024 Starmer Labour government,,,
https://www.gov.uk/guidance/help-with-employment-on-your-self-assessment-tax-return,Help with employment on your Self Assessment tax return,detailed_guide,cb31c87d-0a62-4447-b3a8-d9d48abb9af8,en,whitehall,2025-04-29T23:00:00.000Z,2025-09-10T14:56:42.000Z,,,78,"Self Assessment,Filing a tax return,GOV.UK homepage,Personal tax,Money",HM Revenue & Customs,HM Revenue & Customs,2024 Starmer Labour government,,,
https://www.gov.uk/guidance/commodities-and-terminal-markets-notice-7019,Commodities and terminal markets (VAT Notice 701/9),detailed_guide,7f919c28-da19-4acc-96b5-82fca93103f3,en,whitehall,2011-10-17T23:00:00.000Z,2011-10-17T23:00:00.000Z,,,78,"Money,VAT,GOV.UK homepage,Tax agent and adviser guidance,Business tax,Dealing with HMRC",HM Revenue & Customs,HM Revenue & Customs,2010 to 2015 Conservative and Liberal Democrat coalition government,,,
https://www.gov.uk/guidance/work-out-the-number-of-quarters-when-inheritance-tax-is-charged-on-a-trust-for-certain-chargeable-events,Work out the number of quarters when Inheritance Tax is charged on a trust for certain chargeable events,detailed_guide,4af12df0-f6af-4672-bef7-9948819cee49,en,whitehall,2024-03-28T00:15:11.000Z,2024-03-28T00:15:11.000Z,,,77,"GOV.UK homepage,Trusts,Money,Personal tax",HM Revenue & Customs,HM Revenue & Customs,2022 to 2024 Sunak Conservative government,,,
https://www.gov.uk/guidance/charity-funded-equipment-certificates-notice-7016-supplement,Charity funded equipment certificates (VAT Notice 701/6 supplement),detailed_guide,f3db79a2-1f35-404e-8260-a8e2e6a6bbfd,en,whitehall,1997-03-31T23:00:00.000Z,2024-07-12T14:22:02.000Z,,,77,"GOV.UK homepage,Business tax,VAT,Money,Rules for particular trades",HM Revenue & Customs,HM Revenue & Customs,1990 to 1997 Major Conservative government,,,
https://www.gov.uk/guidance/changes-to-reporting-income-from-self-employment-and-partnerships,Changes to reporting income from self employment and partnerships,detailed_guide,5f31753e-e3a6-4257-8610-f87626e02234,en,whitehall,2023-07-30T23:00:00.000Z,2023-09-11T00:15:10.000Z,,,77,"GOV.UK homepage,Self Assessment,Business tax,Personal tax,Money",HM Revenue & Customs,HM Revenue & Customs,2022 to 2024 Sunak Conservative government,,,
https://www.gov.uk/guidance/insurance-premium-tax,Insurance Premium Tax: guide for insurers,detailed_guide,5f66de39-7631-11e4-a3cb-005056011aef,en,whitehall,2013-12-05T00:00:00.000Z,2019-03-06T15:52:09.000Z,,,77,"GOV.UK homepage,Insurance Premium Tax,Dealing with HMRC,Paying HMRC,Money,Business tax",HM Revenue & Customs,HM Revenue & Customs,2010 to 2015 Conservative and Liberal Democrat coalition government,,,
https://www.gov.uk/guidance/construction-industry-scheme-businesses-based-outside-uk,Construction Industry Scheme for businesses based outside the UK,detailed_guide,602eaec3-7631-11e4-a3cb-005056011aef,en,whitehall,2014-11-21T00:00:00.000Z,2024-04-17T11:40:09.000Z,,,77,"Subcontractors,Money,Tax agent and adviser guidance,Dealing with HMRC,Business tax,Construction Industry Scheme (CIS),GOV.UK homepage",HM Revenue & Customs,HM Revenue & Customs,2010 to 2015 Conservative and Liberal Democrat coalition government,,,
https://www.gov.uk/guidance/admission-charges-to-cultural-events-and-vat-notice-70147,Admission charges to cultural events (VAT Notice 701/47),detailed_guide,d6cc2461-5131-476c-8df1-47d50bc9e734,en,whitehall,2011-08-31T23:00:00.000Z,2020-12-31T23:00:15.000Z,,,77,"Money,Business tax,VAT,GOV.UK homepage",HM Revenue & Customs,HM Revenue & Customs,2010 to 2015 Conservative and Liberal Democrat coalition government,,,
https://www.gov.uk/guidance/check-if-a-project-includes-activities-that-qualify-as-research-and-development-for-tax-purposes,Check if a project includes activities that qualify as Research and Development for tax purposes,detailed_guide,bc581e06-3213-4025-843c-e97a8dd0b8da,en,whitehall,2025-09-30T11:00:04.000Z,2025-09-30T11:00:04.000Z,,,77,"Business and industry,Science and innovation,Corporation Tax,Money,Scientific research and development,Business tax,GOV.UK homepage",HM Revenue & Customs,HM Revenue & Customs,2024 Starmer Labour government,,,
https://www.gov.uk/guidance/make-a-disclosure-about-misusing-your-till-system,Make a disclosure about misusing your till system,detailed_guide,ab73b0dd-0c0e-4afc-94a2-fd1ff258e89d,en,whitehall,2023-01-06T00:00:00.000Z,2024-03-12T12:05:05.000Z,,,76,"GOV.UK homepage,Tax evasion and avoidance,Money",HM Revenue & Customs,HM Revenue & Customs,2022 to 2024 Sunak Conservative government,,,
https://www.gov.uk/guidance/pay-no-import-duties-or-vat-on-inherited-goods,Pay no import duties or VAT on inherited goods,detailed_guide,312f99c7-2677-40b7-a337-fb7bb337bee4,en,whitehall,2020-06-03T23:00:00.000Z,2025-05-14T12:53:44.000Z,,,76,"Customs declarations, duties and tariffs (import and export),Business and industry,Trade and investment,GOV.UK homepage,VAT,Business tax,Money,Importing goods and services,Exporting goods and services",HM Revenue & Customs,HM Revenue & Customs,2019 to 2022 Johnson Conservative government,,,
https://www.gov.uk/guidance/how-to-get-an-agent-reference-number-for-paye,How to get an agent reference number for PAYE,detailed_guide,6d9e1f8d-7193-4eda-99fb-6f44eac7764d,en,whitehall,2022-09-06T23:00:00.000Z,2024-04-22T09:47:26.000Z,,,76,"Dealing with HMRC,Money,Tax agent and adviser guidance,GOV.UK homepage",HM Revenue & Customs,HM Revenue & Customs,2022 Truss Conservative government,,,
https://www.gov.uk/guidance/apply-for-a-customs-comprehensive-guarantee-to-cover-customs-debts,Apply for a customs comprehensive guarantee to cover customs debts,detailed_guide,ee9bd2e6-3c59-489e-85f8-32b24625dcfd,en,whitehall,2019-03-01T00:00:00.000Z,2025-02-03T15:26:34.000Z,,,76,"Money,Business tax,VAT,Trade and investment,Get goods through customs,Business and industry,GOV.UK homepage,Customs declarations, duties and tariffs (import and export),Importing goods and services",HM Revenue & Customs,HM Revenue & Customs,2016 to 2019 May Conservative government,,,
https://www.gov.uk/guidance/vat-on-postage-delivery-and-direct-marketing-notice-70024,"Postage, delivery and direct marketing (VAT Notice 700/24)",detailed_guide,ccdf3144-a7fa-45a9-b563-889828034b93,en,whitehall,2015-06-08T23:00:00.000Z,2022-09-30T12:32:54.000Z,,,75,"GOV.UK homepage,Charging VAT,Rules for particular trades,Business tax,Tax agent and adviser guidance,Dealing with HMRC,Accounting for VAT,VAT,Money",HM Revenue & Customs,HM Revenue & Customs,2015 to 2016 Cameron Conservative government,,,
https://www.gov.uk/get-help-export-query,Get help with your export query,answer,355faef0-1527-4bf0-bed0-e99e5baf6952,en,publisher,2021-07-22T15:46:43.247Z,2024-12-18T14:53:15.127Z,,,75,"Business tax,Exporting goods and services,VAT,GOV.UK homepage,Government,Business and industry,Trade restrictions on exports,Trade and investment,Brexit,Money,Exporting,Customs declarations, duties and tariffs (import and export)",Government Digital Service,"Department for Business and Trade,Department for International Trade",,,,
https://www.gov.uk/guidance/hmrc-approval-checks,HMRC approval checks,detailed_guide,d4598f2a-7712-47cd-8a35-0b33afc1e882,en,whitehall,2023-03-03T09:23:00.000Z,2023-03-03T09:23:00.000Z,,,75,"Your role under the regulations,Business tax,GOV.UK homepage,Registration for specific business types,Money,Money laundering regulations",HM Revenue & Customs,HM Revenue & Customs,2022 to 2024 Sunak Conservative government,,,
https://www.gov.uk/guidance/pension-administrators-register-a-scheme,Apply to register a pension scheme,detailed_guide,5fe9de68-7631-11e4-a3cb-005056011aef,en,whitehall,2014-09-15T23:00:00.000Z,2025-07-09T07:17:30.000Z,,,75,"Administering a pension scheme,Money,Business tax,Pension scheme administration,GOV.UK homepage",HM Revenue & Customs,HM Revenue & Customs,2010 to 2015 Conservative and Liberal Democrat coalition government,,,
https://www.gov.uk/guidance/complain-about-serious-misconduct-by-hm-revenue-and-customs-staff,Complain about serious misconduct by HMRC staff,detailed_guide,602ea9ae-7631-11e4-a3cb-005056011aef,en,whitehall,2014-12-01T00:00:00.000Z,2024-09-03T12:22:38.000Z,,,75,"Money,GOV.UK homepage,Dealing with HMRC,Complaints and appeals",HM Revenue & Customs,HM Revenue & Customs,2010 to 2015 Conservative and Liberal Democrat coalition government,,,
https://www.gov.uk/guidance/stamp-taxes-online-how-to-register,How to register for the Stamp Taxes for Agents online service,detailed_guide,6053f23f-7631-11e4-a3cb-005056011aef,en,whitehall,2014-03-13T00:00:00.000Z,2023-01-11T11:42:19.000Z,,,75,"Money,Stamp duty and other tax on property,Tax agent and adviser guidance,Dealing with HMRC,GOV.UK homepage,Business tax",HM Revenue & Customs,HM Revenue & Customs,2010 to 2015 Conservative and Liberal Democrat coalition government,,,
https://www.gov.uk/guidance/woodland-owners-tax-guidance,Woodland owners: tax guidance,detailed_guide,2571d88a-d1a4-4a20-977f-046cff3451c9,en,whitehall,2018-07-08T23:00:00.000Z,2023-12-15T09:30:07.000Z,,,75,"Forests and woodland,GOV.UK homepage,Environment,Personal tax,Rural and countryside,Money",Forestry Commission,"Forestry Commission,HM Revenue & Customs,Natural England",2016 to 2019 May Conservative government,,,
https://www.gov.uk/guidance/corporation-tax-penalties,Corporation Tax: penalties,detailed_guide,60204813-7631-11e4-a3cb-005056011aef,en,whitehall,2007-01-01T00:00:00.000Z,2007-01-01T00:00:00.000Z,,,75,"Payments and refunds,Business tax,Corporation Tax,Filing your return,GOV.UK homepage,Money,Working out your Corporation Tax",HM Revenue & Customs,HM Revenue & Customs,1997 to 2007 Blair Labour government,,,
https://www.gov.uk/guidance/tell-hmrc-about-changes-to-your-employer-paid-medical-insurance,Tell HMRC about changes to your employer paid medical insurance,detailed_guide,3f38fde8-1760-4ede-a99c-efc2b177630b,en,whitehall,2018-05-03T23:00:00.000Z,2018-05-03T23:00:00.000Z,,,75,"GOV.UK homepage,Income Tax,Personal tax,Money",HM Revenue & Customs,HM Revenue & Customs,2016 to 2019 May Conservative government,,,
https://www.gov.uk/guidance/check-your-payslip-if-you-work-through-an-umbrella-company,Check your payslip is correct if you work through an umbrella company,detailed_guide,b595e4df-f099-442e-a627-bcbce1eca18b,en,whitehall,2021-11-18T00:00:00.000Z,2025-12-03T13:31:23.000Z,,,75,"Tax avoidance,GOV.UK homepage,Dealing with HMRC,Money",HM Revenue & Customs,HM Revenue & Customs,2019 to 2022 Johnson Conservative government,,,
https://www.gov.uk/guidance/transfer-pricing-transactions-between-connected-companies,Transfer pricing: transactions between connected companies,detailed_guide,5fdb2bf5-7631-11e4-a3cb-005056011aef,en,whitehall,2014-04-21T23:00:00.000Z,2014-04-21T23:00:00.000Z,,,74,"International tax,Business tax,Money,GOV.UK homepage",HM Revenue & Customs,HM Revenue & Customs,2010 to 2015 Conservative and Liberal Democrat coalition government,,,
https://www.gov.uk/expenses-and-benefits-assets-bought-sold-or-given,"Expenses and benefits: assets bought, sold or given ",guide,0804e33b-49f0-494c-82d4-de0e240a35b5,en,publisher,2012-09-13T12:44:44.000Z,2016-04-05T23:01:13.308Z,,,74,"GOV.UK homepage,Money,Expenses and employee benefits",Government Digital Service,HM Revenue & Customs,,,,
https://www.gov.uk/guidance/paying-employees-cash-in-hand-or-guaranteed-take-home-pay,Paying employees cash in hand or guaranteed take home pay,detailed_guide,5f158ff0-7631-11e4-a3cb-005056011aef,en,whitehall,2014-06-12T09:01:00.000Z,2014-06-12T09:01:00.000Z,,,74,"GOV.UK homepage,Money,PAYE,Business tax,Special types of employee pay",HM Revenue & Customs,HM Revenue & Customs,2010 to 2015 Conservative and Liberal Democrat coalition government,,,
https://www.gov.uk/guidance/understanding-your-monthly-postponed-import-vat-statements,Understanding your monthly postponed import VAT statements,detailed_guide,98e48781-88b2-4284-bf27-92064c64c127,en,whitehall,2021-09-24T08:11:00.000Z,2021-09-24T08:11:00.000Z,,,74,"Commodity codes and reporting,Money,Customs declarations, duties and tariffs (import and export),Trade and investment,GOV.UK homepage,VAT,Business and industry,Importing,Business tax",HM Revenue & Customs,HM Revenue & Customs,2019 to 2022 Johnson Conservative government,,,
https://www.gov.uk/guidance/cars-and-vans-available-for-private-use-when-a-benefit-charge-is-incurred-480-chapter-11,Cars and vans available for private use – when a benefit charge is incurred (480: Chapter 11),detailed_guide,1a452ddf-cbfd-40a6-915a-37cb1d39d65d,en,whitehall,2019-12-30T14:57:52.000Z,2019-12-30T14:57:52.000Z,,,72,"Money,Business tax,GOV.UK homepage,PAYE",HM Revenue & Customs,HM Revenue & Customs,2019 to 2022 Johnson Conservative government,,,
https://www.gov.uk/guidance/off-payroll-working-for-clients,Off-payroll working for clients,detailed_guide,d01742f9-96c0-498e-8a46-38c73020dfc5,en,whitehall,2023-03-07T00:00:00.000Z,2024-08-30T08:41:47.000Z,,,72,"Business tax,Money,IR35: working through an intermediary,Self-employment,Off-payroll working rules,Work,Tax and National Insurance,GOV.UK homepage",HM Revenue & Customs,HM Revenue & Customs,2022 to 2024 Sunak Conservative government,,,
https://www.gov.uk/guidance/disguised-remuneration-settling-your-tax-affairs,Disguised remuneration: settling your tax affairs,detailed_guide,27b64a52-c472-486c-84e5-f34ddb57a81e,en,whitehall,2017-11-07T00:00:00.000Z,2024-09-03T11:27:20.000Z,,,72,"Dealing with HMRC,Tax avoidance,Money,GOV.UK homepage",HM Revenue & Customs,HM Revenue & Customs,2016 to 2019 May Conservative government,,,
https://www.gov.uk/expenses-and-benefits-bonuses,Expenses and benefits: bonuses,guide,ff27d81a-01a8-4070-89d4-f89455e38293,en,publisher,2012-09-13T12:44:51.000Z,2012-10-03T12:10:32.000Z,,,72,"Business tax,GOV.UK homepage,Expenses and employee benefits,Money",Government Digital Service,HM Revenue & Customs,,,,
https://www.gov.uk/expenses-and-benefits-public-transport,Expenses and benefits: public transport,guide,1763a293-1940-4cd0-826c-e2c60b3e9104,en,publisher,2012-10-03T18:07:17.000Z,2016-07-08T16:47:53.828Z,,,72,"GOV.UK homepage,Expenses and employee benefits,Money",Government Digital Service,HM Revenue & Customs,,,,
https://www.gov.uk/guidance/fair-rents,Fair rents,detailed_guide,1e3d9816-c5bc-41ee-bad4-3eb047247069,en,whitehall,2016-01-22T00:00:00.000Z,2023-11-13T07:45:29.000Z,,,72,"GOV.UK homepage,Money,Housing and communities,Housing, local and community",Valuation Office Agency,Valuation Office Agency,2015 to 2016 Cameron Conservative government,,,
https://www.gov.uk/guidance/classifying-vehicles,"Classifying vehicles, bicycles, parts and accessories",detailed_guide,5c717c14-7631-11e4-a3cb-005056011aef,en,whitehall,2012-08-03T11:52:00.000Z,2021-04-23T14:56:35.000Z,,,71,"Vehicle ownership, approval and standards,Money,Commodity codes and reporting,Driving and road transport,GOV.UK homepage,UK Trade Tariff and classification of goods,Transport,Importing,Vehicle manufacturing and modification,Business and industry,Trade and investment,Customs declarations, duties and tariffs (import and export)",HM Revenue & Customs,HM Revenue & Customs,2010 to 2015 Conservative and Liberal Democrat coalition government,,,
https://www.gov.uk/guidance/how-to-report-sales-of-goods-from-northern-ireland-to-the-eu-for-vat,How to report sales of goods from Northern Ireland to the EU for VAT,detailed_guide,093c9ca8-dbd9-4b3d-910f-50309d14128a,en,whitehall,2020-12-18T00:00:00.000Z,2025-02-26T10:00:01.000Z,,,71,"VAT,Exporting goods and services,Business tax,Money,GOV.UK homepage",HM Revenue & Customs,HM Revenue & Customs,2019 to 2022 Johnson Conservative government,,,
https://www.gov.uk/guidance/top-up-your-duty-deferment-account-using-the-customs-declaration-service,Top-up your Customs Declaration Service duty deferment account,detailed_guide,834dfcd5-d8ac-42c4-90f8-25d90403f2f9,en,whitehall,2020-03-09T00:00:00.000Z,2025-04-09T14:01:19.000Z,,,71,"GOV.UK homepage,Business and industry,Customs declarations, duties and tariffs (import and export),Trade and investment,Dealing with HMRC,Business tax,Money,Paying HMRC",HM Revenue & Customs,HM Revenue & Customs,2019 to 2022 Johnson Conservative government,,,
https://www.gov.uk/guidance/claiming-film-tax-relief-for-corporation-tax,Claiming Film Tax Relief for Corporation Tax,detailed_guide,f37dcc16-3181-4cff-9ebe-70ec38deaf29,en,whitehall,2020-02-10T00:00:00.000Z,2025-05-21T09:35:19.000Z,,,70,"Money,Dealing with HMRC,GOV.UK homepage,Corporation Tax,Reliefs,Business tax,Tax agent and adviser guidance",HM Revenue & Customs,HM Revenue & Customs,2019 to 2022 Johnson Conservative government,,,
https://www.gov.uk/guidance/off-payroll-working-for-agencies,Off-payroll working rules for agencies,detailed_guide,cca2b1d9-4841-4036-a238-d7ba334f3fe8,en,whitehall,2019-08-22T09:55:00.000Z,2023-03-08T15:51:32.000Z,,,70,"GOV.UK homepage,IR35: working through an intermediary,Business tax,Money,Off-payroll working rules",HM Revenue & Customs,HM Revenue & Customs,2019 to 2022 Johnson Conservative government,,,
https://www.gov.uk/guidance/pension-administrators-register-as-an-administrator,Register as a pension scheme administrator,detailed_guide,5fe9de1d-7631-11e4-a3cb-005056011aef,en,whitehall,2014-09-16T12:01:00.000Z,2022-04-11T09:30:05.000Z,,,70,"GOV.UK homepage,Pension scheme administration,Money,Business tax,Administering a pension scheme",HM Revenue & Customs,HM Revenue & Customs,2010 to 2015 Conservative and Liberal Democrat coalition government,,,
https://www.gov.uk/send-employment-intermediary-report,Submit an employment intermediary report,transaction,eed1c39e-523c-4e54-8025-eed301b61e62,en,publisher,2015-04-06T09:00:02.000Z,2015-08-24T13:49:48.000Z,,,69,"GOV.UK homepage,Running a business,Business and industry,Business tax,Work,Payroll,Employing people,Money,PAYE",Government Digital Service,HM Revenue & Customs,,,,
https://www.gov.uk/guidance/report-a-trust-discrepancy-to-hmrc,Report a trust discrepancy to HMRC,detailed_guide,74e2f28a-00d7-4847-aa07-9f8edd48e0bf,en,whitehall,2022-09-01T09:00:00.000Z,2023-04-17T14:57:38.000Z,,,69,"Trusts,GOV.UK homepage,Personal tax,Money",HM Revenue & Customs,HM Revenue & Customs,2019 to 2022 Johnson Conservative government,,,
https://www.gov.uk/guidance/check-if-you-need-to-tell-hmrc-about-your-rental-income,Check if you need to tell HMRC about your rental income,detailed_guide,6de54a01-04f5-4dab-a871-a099e06379aa,en,whitehall,2024-10-23T23:00:00.000Z,2025-03-19T08:43:06.000Z,,,69,"Money,Personal tax,GOV.UK homepage,Income Tax",HM Revenue & Customs,HM Revenue & Customs,2024 Starmer Labour government,,,
https://www.gov.uk/guidance/how-to-work-out-the-value-of-a-vehicle-for-the-second-hand-motor-vehicle-payment-scheme,How to work out the value of a vehicle for the second-hand motor vehicle payment scheme,detailed_guide,04d42b45-8d14-4bda-bfe8-a79ba75e005b,en,whitehall,2023-01-25T14:00:00.000Z,2023-01-25T14:00:00.000Z,,,68,"Money,GOV.UK homepage,Business tax,VAT",HM Revenue & Customs,HM Revenue & Customs,2022 to 2024 Sunak Conservative government,,,
https://www.gov.uk/guidance/benefit-charge-on-company-vans-available-for-private-use-480-chapter-14,Benefit charge on company vans available for private use (480: Chapter 14),detailed_guide,24b5270d-591d-479c-8729-1cad4b6dec2f,en,whitehall,2019-12-30T14:58:00.000Z,2021-05-10T13:31:31.000Z,,,68,"Business tax,Money,GOV.UK homepage,PAYE",HM Revenue & Customs,HM Revenue & Customs,2019 to 2022 Johnson Conservative government,,,
https://www.gov.uk/guidance/relocation-expenses-480-appendix-7,Relocation expenses (480: Appendix 7),detailed_guide,1d28a2f7-23f3-4047-a290-4e8874903e9e,en,whitehall,2019-12-30T15:04:42.000Z,2019-12-30T15:04:42.000Z,,,68,"Money,Business tax,PAYE,GOV.UK homepage",HM Revenue & Customs,HM Revenue & Customs,2019 to 2022 Johnson Conservative government,,,
https://www.gov.uk/green-taxes-and-reliefs/climate-change-levy,"Environmental taxes, reliefs and schemes for businesses: Climate Change Levy",guide,31064e41-95ab-4f21-b464-c0722c329277,en,publisher,2012-10-14T22:51:33.000Z,2024-10-18T12:48:55.748Z,,,68,"Business tax,Money,Waste and environmental impact,Climate Change Levy,GOV.UK homepage,Waste and recycling,Environment,Aggregates Levy,Landfill Tax",Government Digital Service,"Department for Energy Security and Net Zero,Environment Agency,HM Revenue & Customs",,,,
https://www.gov.uk/expenses-benefits-incidental-overnight-expenses/whats-exempt,Expenses and benefits: incidental overnight expenses: What's exempt,guide,abe42bce-67e1-47b0-b4c2-adb59df5c7d9,en,publisher,2012-09-13T12:54:06.000Z,2016-07-08T16:46:08.264Z,,,68,"Personal tax,Money,GOV.UK homepage",Government Digital Service,HM Revenue & Customs,,,,
https://www.gov.uk/guidance/how-employment-related-securities-work-if-youre-an-employer,How employment related securities work if you're an employer,detailed_guide,02e2742b-1b35-437f-8c0d-6d6db40cf11e,en,whitehall,2024-10-09T23:00:00.000Z,2025-11-28T15:20:50.000Z,,,68,"Money,Business tax,Employment related securities,GOV.UK homepage",HM Revenue & Customs,HM Revenue & Customs,2024 Starmer Labour government,,,
https://www.gov.uk/guidance/electronic-invoicing-notice-70063,Electronic invoicing (VAT Notice 700/63),detailed_guide,83cd22c4-7f92-4f97-9856-21ae752b01ee,en,whitehall,2015-05-18T23:00:00.000Z,2022-05-26T10:32:05.000Z,,,68,"VAT,Business tax,Dealing with HMRC,GOV.UK homepage,Accounting for VAT,Tax agent and adviser guidance,Money",HM Revenue & Customs,HM Revenue & Customs,2015 to 2016 Cameron Conservative government,,,
https://www.gov.uk/guidance/hmrc-email-updates-videos-and-webinars-about-creative-industries-reliefs-and-expenditure-credits,"HMRC email updates, videos and webinars about creative industries reliefs and expenditure credits",detailed_guide,c38210c6-cb04-4fc7-9ac6-25146b01afe2,en,whitehall,2026-02-17T14:12:03.000Z,2026-02-17T14:12:03.000Z,,,67,"Money,GOV.UK homepage,Corporation Tax,Business tax,Reliefs",HM Revenue & Customs,HM Revenue & Customs,2024 Starmer Labour government,,,
https://www.gov.uk/guidance/working-out-the-vat-value-using-the-customs-value-of-the-imported-goods,Working out the VAT value using the customs value of the imported goods,detailed_guide,e6a27bfb-4aed-4c7b-9db9-971128e7163a,en,whitehall,2022-11-03T00:00:00.000Z,2025-09-26T14:28:46.000Z,,,67,"GOV.UK homepage,Trade and investment,Money,Customs declarations, duties and tariffs (import and export),Business tax,Importing,Business and industry,VAT",HM Revenue & Customs,HM Revenue & Customs,2022 to 2024 Sunak Conservative government,,,
https://www.gov.uk/guidance/interest-on-late-payment-of-paye-and-cis-employer-guide,Interest on late payment of PAYE and CIS for employers,detailed_guide,5fe89ff1-7631-11e4-a3cb-005056011aef,en,whitehall,2014-09-11T23:00:00.000Z,2024-03-27T08:33:56.000Z,,,67,"Paying HMRC,Business tax,Money,PAYE,GOV.UK homepage",HM Revenue & Customs,HM Revenue & Customs,2010 to 2015 Conservative and Liberal Democrat coalition government,,,
https://www.gov.uk/guidance/schedule-spreadsheet-to-reclaim-tax-on-interest-and-other-income,Schedule spreadsheet to reclaim tax on interest and other income,detailed_guide,63d06ba2-f109-4b53-93bf-bec0e65d4a4d,en,whitehall,2014-12-11T15:48:00.000Z,2014-12-11T15:48:00.000Z,,,66,"GOV.UK homepage,Money,Business tax",HM Revenue & Customs,HM Revenue & Customs,2010 to 2015 Conservative and Liberal Democrat coalition government,,,
https://www.gov.uk/guidance/work-out-your-research-and-development-tax-relief,Work out your Research and Development tax relief,detailed_guide,b7df5d90-0ced-4c37-a90b-c8eac596321f,en,whitehall,2024-10-31T00:00:00.000Z,2024-10-31T00:00:00.000Z,,,66,"Business and industry,Scientific research and development,Corporation Tax,Money,Science and innovation,GOV.UK homepage,Business tax",HM Revenue & Customs,HM Revenue & Customs,2024 Starmer Labour government,,,
https://www.gov.uk/guidance/find-out-your-alcohol-duty-rates-if-youre-eligible-for-small-producer-relief,Find out your Alcohol Duty rates if you’re eligible for Small Producer Relief,detailed_guide,3b693597-5971-4640-ab8b-303d1a0d9c97,en,whitehall,2023-10-17T09:51:37.000Z,2023-10-17T09:51:37.000Z,,,66,"Money,Business tax,Alcohol duty,Payments and reliefs (Alcohol duty),GOV.UK homepage,Moving and storing goods",HM Revenue & Customs,HM Revenue & Customs,2022 to 2024 Sunak Conservative government,,,
https://www.gov.uk/guidance/import-alcohol-into-the-uk,Import alcoholic products into the UK,detailed_guide,60555f01-7631-11e4-a3cb-005056011aef,en,whitehall,2009-11-09T00:00:00.000Z,2025-05-01T06:30:00.000Z,,,65,"Alcohol duty,Business tax,Money,Moving and storing goods,GOV.UK homepage",HM Revenue & Customs,HM Revenue & Customs,2007 to 2010 Brown Labour government,,,
https://www.gov.uk/guidance/off-payroll-working-for-intermediaries-and-contractors-providing-services-to-the-public-sector-or-medium-and-large-clients-in-the-private-sector,Off-payroll working for intermediaries and contractors providing services to the public sector or medium and large clients in the private sector,detailed_guide,d911f360-8b2a-4924-899b-d5f0fedf6456,en,whitehall,2023-03-07T08:22:00.000Z,2023-03-09T11:09:56.000Z,,,65,"Dealing with HMRC,Tax agent and adviser guidance,IR35: working through an intermediary,Money,Off-payroll working rules,Business tax,GOV.UK homepage",HM Revenue & Customs,HM Revenue & Customs,2022 to 2024 Sunak Conservative government,,,
https://www.gov.uk/guidance/how-to-complete-your-statutory-notice-return,How to complete your statutory notice return,detailed_guide,3f283939-df50-4f34-8ffa-e0e2f4e00d0c,en,whitehall,2017-10-31T14:22:00.000Z,2018-04-05T23:15:23.000Z,,,65,"Business tax,GOV.UK homepage,Money",HM Revenue & Customs,HM Revenue & Customs,2016 to 2019 May Conservative government,,,
https://www.gov.uk/guidance/late-registration-penalty-for-vat-notice-70041,Late VAT registration penalty (VAT Notice 700/41),detailed_guide,431faf0d-70f9-4ca7-a4ba-c933cec2514c,en,whitehall,2012-11-06T00:00:00.000Z,2012-11-06T00:00:00.000Z,,,65,"Dealing with HMRC,Paying HMRC,Accounting for VAT,Money,VAT,Business tax,GOV.UK homepage",HM Revenue & Customs,HM Revenue & Customs,2010 to 2015 Conservative and Liberal Democrat coalition government,,,
https://www.gov.uk/guidance/pay-stamp-duty-reserve-tax,Pay Stamp Duty Reserve Tax,detailed_guide,602512ea-7631-11e4-a3cb-005056011aef,en,whitehall,2014-10-30T00:00:00.000Z,2021-12-16T11:10:25.000Z,,,64,"Stamp duty on shares,Paying HMRC,Money,Shares,Dealing with HMRC,GOV.UK homepage,Business tax,Stamp tax on electronic shares",HM Revenue & Customs,HM Revenue & Customs,2010 to 2015 Conservative and Liberal Democrat coalition government,,,
https://www.gov.uk/complain-about-claims-company,Complain about a claims company,answer,034f63bb-2b02-436d-8072-90ffffaab549,en,publisher,2011-12-01T11:20:34.000Z,2015-01-28T00:01:00.000Z,,,64,"GOV.UK homepage,Running a business,Business debt and bankruptcy,Money,Court claims, debt and bankruptcy,Business and industry",Government Digital Service,Ministry of Justice,,,,
https://www.gov.uk/guidance/submit-a-corporate-interest-restriction-return,Submit a Corporate Interest Restriction return,detailed_guide,6cf6f803-8311-41e2-ad5a-724cfdb7185f,en,whitehall,2018-09-16T23:00:00.000Z,2024-01-26T11:35:57.000Z,,,63,"Corporation Tax,Money,Business tax,GOV.UK homepage",HM Revenue & Customs,HM Revenue & Customs,2016 to 2019 May Conservative government,,,
https://www.gov.uk/guidance/how-to-report-pillar-2-top-up-taxes,How to report Pillar 2 Top-up Taxes,detailed_guide,c1d16907-8487-4950-bf64-d09f2b4363ba,en,whitehall,2025-08-31T23:00:00.000Z,2025-08-31T23:00:00.000Z,,,63,"GOV.UK homepage,Business tax,Money",HM Revenue & Customs,HM Revenue & Customs,2024 Starmer Labour government,,,
https://www.gov.uk/guidance/check-if-you-need-to-report-pillar-2-top-up-taxes,Check if you need to report Pillar 2 Top-up Taxes,detailed_guide,0d9c7b2f-5a4c-43e5-b060-5b02ec27131f,en,whitehall,2025-08-31T23:00:00.000Z,2025-08-31T23:00:00.000Z,,,63,"Money,GOV.UK homepage,Business tax",HM Revenue & Customs,HM Revenue & Customs,2024 Starmer Labour government,,,
https://www.gov.uk/guidance/sdlt-hmrc-compliance-checks,Stamp Duty Land Tax: HM Revenue and Customs compliance checks,detailed_guide,602e4fc5-7631-11e4-a3cb-005056011aef,en,whitehall,2014-06-05T23:00:00.000Z,2022-12-14T13:18:32.000Z,,,62,"Business tax,Filing a SDLT return,Money,GOV.UK homepage,Stamp duty and other tax on property",HM Revenue & Customs,HM Revenue & Customs,2010 to 2015 Conservative and Liberal Democrat coalition government,,,
https://www.gov.uk/guidance/corporation-tax-for-agents-online-service,Find out how to use the Corporation Tax for Agents online service,detailed_guide,ccea696b-2153-4d07-a568-8661f4977fff,en,whitehall,2014-01-01T00:00:00.000Z,2022-05-05T13:07:38.000Z,,,62,"Business tax,Corporation Tax,Dealing with HMRC,Tax agent and adviser guidance,Money,GOV.UK homepage",HM Revenue & Customs,HM Revenue & Customs,2010 to 2015 Conservative and Liberal Democrat coalition government,,,
https://www.gov.uk/guidance/check-if-you-must-register-for-vat-if-you-receive-private-school-fees,Check if you must register for VAT if you receive private school fees,detailed_guide,1c86dfee-38d4-42b2-a8b2-2e33ffcc9d90,en,whitehall,2024-10-09T23:00:00.000Z,2025-03-04T11:30:20.000Z,,,62,"VAT,GOV.UK homepage,Business tax,Money",HM Revenue & Customs,HM Revenue & Customs,2024 Starmer Labour government,,,
https://www.gov.uk/guidance/trusts-and-income-tax,"Find out about taxable items, tax pools and deductions for trusts and Income Tax",detailed_guide,0519237c-7e2e-4ac8-9cbe-e0adc299bb78,en,whitehall,2008-08-11T23:00:00.000Z,2024-04-05T23:15:04.000Z,,,62,"GOV.UK homepage,Trusts,Income Tax,Personal tax,Money",HM Revenue & Customs,HM Revenue & Customs,2007 to 2010 Brown Labour government,,,
https://www.gov.uk/guidance/money-laundering-regulations-money-service-business-registration,Money laundering supervision for money service businesses,detailed_guide,602d9e28-7631-11e4-a3cb-005056011aef,en,whitehall,2014-02-25T00:00:00.000Z,2023-08-18T10:31:32.000Z,,,62,"Money laundering regulations,GOV.UK homepage,Money,Registration for specific business types",HM Revenue & Customs,HM Revenue & Customs,2010 to 2015 Conservative and Liberal Democrat coalition government,,,
https://www.gov.uk/guidance/how-vat-applies-to-betting-gaming-and-lotteries-notice-70129,"Betting, gaming and lotteries (VAT Notice 701/29)",detailed_guide,5914691b-9616-4e5c-8aea-3c566d53b66c,en,whitehall,2017-03-30T23:00:00.000Z,2017-03-30T23:00:00.000Z,,,61,"Business tax,General Betting Duty, Pool Betting Duty and Remote Gaming Duty,Money,GOV.UK homepage,Machine Games Duty,Gambling duties,Gaming Duty,Lottery Duty,Bingo Duty,VAT,Accounting for VAT,Paying HMRC",HM Revenue & Customs,HM Revenue & Customs,2016 to 2019 May Conservative government,,,
https://www.gov.uk/guidance/protective-equipment-and-vat-notice-70123,Protective equipment (VAT Notice 701/23),detailed_guide,b5089754-1ed4-46f6-95d9-128c3d66d3a1,en,whitehall,2011-07-03T23:00:00.000Z,2022-11-04T17:19:52.000Z,,,61,"Business tax,Accounting for VAT,VAT,GOV.UK homepage,Money",HM Revenue & Customs,HM Revenue & Customs,2010 to 2015 Conservative and Liberal Democrat coalition government,,,
https://www.gov.uk/guidance/when-hmrc-will-issue-a-penalty-charge-for-not-registering-or-maintaining-a-trust,When HMRC will issue a penalty charge for not registering or maintaining a trust,detailed_guide,8d8f4876-9d7f-4081-ba3e-2c382d778ea4,en,whitehall,2023-01-20T00:00:00.000Z,2023-12-20T00:15:03.000Z,,,61,"GOV.UK homepage,Trusts,Money,Personal tax",HM Revenue & Customs,HM Revenue & Customs,2022 to 2024 Sunak Conservative government,,,
https://www.gov.uk/guidance/non-taxable-payments-and-benefits-480-chapter-5,Non-taxable payments and benefits (480: Chapter 5),detailed_guide,52d76f8a-6f56-4cfb-8130-85d4d8bb2774,en,whitehall,2019-12-30T14:55:00.000Z,2021-03-09T08:56:53.000Z,,,61,"PAYE,GOV.UK homepage,Business tax,Money",HM Revenue & Customs,HM Revenue & Customs,2019 to 2022 Johnson Conservative government,,,
https://www.gov.uk/guidance/vat-registration-for-groups-divisions-and-joint-ventures,"Registering groups, divisions and joint ventures for VAT",detailed_guide,5f154454-7631-11e4-a3cb-005056011aef,en,whitehall,2014-06-30T23:00:00.000Z,2024-02-23T15:18:50.000Z,,,61,"Money,VAT,GOV.UK homepage,Business tax",HM Revenue & Customs,HM Revenue & Customs,2010 to 2015 Conservative and Liberal Democrat coalition government,,,
https://www.gov.uk/guidance/import-and-export-customs-comprehensive-guarantees-ccgs,Check if you need a customs guarantee,detailed_guide,961ca6e0-03dd-42cf-b0f1-a8d9cd59c4f0,en,whitehall,2016-05-22T23:00:00.000Z,2025-09-18T08:00:01.000Z,,,60,"Customs declarations, duties and tariffs (import and export),Business and industry,Money,Business tax,GOV.UK homepage,Trade and investment,Importing",HM Revenue & Customs,HM Revenue & Customs,2015 to 2016 Cameron Conservative government,,,
https://www.gov.uk/guidance/hm-revenue-and-customs-large-business,HMRC's compliance approach for large businesses,detailed_guide,7d362d50-b34c-4592-9a37-6a0204011a27,en,whitehall,2014-11-12T00:00:00.000Z,2024-04-10T09:16:48.000Z,,,60,"Business tax,GOV.UK homepage,Money,Large and mid-size business,Large businesses",HM Revenue & Customs,HM Revenue & Customs,2010 to 2015 Conservative and Liberal Democrat coalition government,,,
https://www.gov.uk/guidance/vat-treatment-of-caravans-and-houseboats-notice-70120,Caravans and houseboats (VAT Notice 701/20),detailed_guide,27d8b02b-2880-4f28-a89b-96a1033e2cd7,en,whitehall,2013-12-27T00:00:00.000Z,2024-10-03T10:35:00.000Z,,,60,"Business tax,Accounting for VAT,GOV.UK homepage,VAT,Money,Charging VAT,Rules for particular trades",HM Revenue & Customs,HM Revenue & Customs,2010 to 2015 Conservative and Liberal Democrat coalition government,,,
https://www.gov.uk/guidance/automatic-exchange-of-information-account-holders,Automatic Exchange of Information if you have an account,detailed_guide,cf7c3338-5c98-429f-8593-637a12114cb1,en,whitehall,2014-12-11T00:00:00.000Z,2025-10-23T09:15:15.000Z,,,60,"GOV.UK homepage,Money,Dealing with HMRC,Tax compliance",HM Revenue & Customs,HM Revenue & Customs,2010 to 2015 Conservative and Liberal Democrat coalition government,,,
https://www.gov.uk/guidance/declare-no-return-of-class-1a-national-insurance-contributions,Declare no return of Class 1A National Insurance contributions,detailed_guide,b1a52c15-b092-4f58-a4ce-71ce2745885a,en,whitehall,2024-06-25T23:00:00.000Z,2025-10-22T07:44:11.000Z,,,60,"Business tax,Money,GOV.UK homepage,PAYE",HM Revenue & Customs,HM Revenue & Customs,2022 to 2024 Sunak Conservative government,,,
https://www.gov.uk/guidance/check-if-you-can-claim-full-expensing-or-50-first-year-allowances,Check if you can claim full expensing or 50% first year allowances,detailed_guide,4b0332e0-a83b-45c9-9b74-152e9b85cc99,en,whitehall,2024-03-20T00:15:01.000Z,2024-03-20T00:15:01.000Z,,,59,"Capital allowances,Money,GOV.UK homepage,Business tax",HM Revenue & Customs,HM Revenue & Customs,2022 to 2024 Sunak Conservative government,,,
https://www.gov.uk/guidance/employment-related-securities-bulletin-63-january-2026,Employment related securities bulletin 63 (January 2026),detailed_guide,b5601c02-b56a-46a5-94f3-e06ad96cd068,en,whitehall,2026-01-30T08:58:36.000Z,2026-01-30T08:58:36.000Z,,,58,"Business tax,GOV.UK homepage,Money,Employment related securities",HM Revenue & Customs,HM Revenue & Customs,2024 Starmer Labour government,,,
https://www.gov.uk/vat-retail-schemes,VAT retail schemes,guide,ba49f3b1-a587-4b79-ad40-0a2dc3f5dd51,en,publisher,2013-09-27T09:17:37.000Z,2013-10-01T16:04:55.000Z,,,58,"Money,Business tax,Accounting for VAT,VAT,GOV.UK homepage",Government Digital Service,HM Revenue & Customs,,,,
https://www.gov.uk/guidance/contact-hmrcs-large-business-directorate,Check when to contact HMRC’s Large Business Directorate,detailed_guide,6ada21a1-6146-40e9-a220-b65fd42af0a9,en,whitehall,2024-04-01T23:00:00.000Z,2025-07-31T12:02:09.000Z,,,57,"GOV.UK homepage,Money,Large businesses,Business tax,Large and mid-size business",HM Revenue & Customs,HM Revenue & Customs,2022 to 2024 Sunak Conservative government,,,
https://www.gov.uk/guidance/fulfilment-house-due-diligence-scheme,Apply for the Fulfilment House Due Diligence Scheme,detailed_guide,ec9d9b20-0cf0-42e6-be2c-051d0d9b3381,en,whitehall,2017-11-06T00:00:00.000Z,2022-12-06T13:56:29.000Z,,,57,"Business and industry,VAT,Customs declarations, duties and tariffs (import and export),Money,Business tax,Trade and investment,GOV.UK homepage",HM Revenue & Customs,HM Revenue & Customs,2016 to 2019 May Conservative government,,,
https://www.gov.uk/guidance/national-insurance-number-applying-for-a-number-for-a-looked-after-child,Get a National Insurance number for a looked after child,detailed_guide,5fe2a76d-7631-11e4-a3cb-005056011aef,en,whitehall,2014-08-17T23:00:00.000Z,2025-01-02T08:51:10.000Z,,,57,"Money,National Insurance,National Insurance numbers,GOV.UK homepage,Personal tax",HM Revenue & Customs,HM Revenue & Customs,2010 to 2015 Conservative and Liberal Democrat coalition government,,,
https://www.gov.uk/guidance/make-a-claim-for-rd-tax-relief-on-your-company-tax-return,Make a claim for R&D tax relief on your company tax return,detailed_guide,b777100c-9d43-4295-b922-585fb837997c,en,whitehall,2024-10-31T00:00:00.000Z,2025-10-03T07:15:06.000Z,,,57,"Scientific research and development,Money,Business and industry,Corporation Tax,Science and innovation,Business tax,GOV.UK homepage",HM Revenue & Customs,HM Revenue & Customs,2024 Starmer Labour government,,,
https://www.gov.uk/guidance/help-with-foreign-income-on-your-self-assessment-tax-return,Help with foreign income on your Self Assessment tax return,detailed_guide,5854d8b2-fb6a-4c00-846f-295492f20c38,en,whitehall,2025-04-21T23:00:00.000Z,2025-04-21T23:00:00.000Z,,,57,"Money,Self Assessment,GOV.UK homepage,Filing a tax return,Personal tax",HM Revenue & Customs,HM Revenue & Customs,2024 Starmer Labour government,,,
https://www.gov.uk/guidance/remove-penalty-points-youve-received-after-submitting-your-vat-return-late,Remove penalty points you’ve received after submitting your VAT Return late,detailed_guide,0ccee0e3-c95d-461a-8faa-03c005bd75b1,en,whitehall,2023-01-04T00:00:00.000Z,2023-02-15T14:08:28.000Z,,,57,"VAT returns,Paying HMRC,Business tax,Dealing with HMRC,VAT,GOV.UK homepage,Money",HM Revenue & Customs,HM Revenue & Customs,2022 to 2024 Sunak Conservative government,,,
https://www.gov.uk/guidance/payrolling-changes-affecting-benefits-and-expenses,Payrolling: changes affecting benefits and expenses,detailed_guide,9891c2f9-bf56-4b93-b453-3a2f611a8f5b,en,whitehall,2016-02-05T00:00:00.000Z,2017-05-16T14:45:33.000Z,,,57,"Business tax,GOV.UK homepage,Money,PAYE",HM Revenue & Customs,HM Revenue & Customs,2015 to 2016 Cameron Conservative government,,,
https://www.gov.uk/guidance/money-laundering-supervision-for-art-market-participants,Money laundering supervision for art market participants,detailed_guide,4a7a45ec-9e8e-43a4-bd52-4fc3b9138bf5,en,whitehall,2020-02-07T00:00:00.000Z,2024-08-06T11:51:26.000Z,,,56,"Money laundering regulation fees,Money,Paying HMRC,Dealing with HMRC,Money laundering regulations,Registration for specific business types,GOV.UK homepage,Tax agent and adviser guidance",HM Revenue & Customs,HM Revenue & Customs,2019 to 2022 Johnson Conservative government,,,
https://www.gov.uk/expenses-benefits-assets-available-to-employee,Expenses and benefits: assets made available to an employee,guide,9ffe425a-6e09-4d96-b6eb-bb51d89c3dec,en,publisher,2012-09-27T16:40:11.000Z,2016-04-05T23:01:25.295Z,,,56,"Running a business,Payroll,Employing people,Business tax,GOV.UK homepage,Money,Business and industry",Government Digital Service,HM Revenue & Customs,,,,
https://www.gov.uk/guidance/help-with-other-uk-income-on-your-self-assessment-tax-return,Help with other UK income on your Self Assessment tax return,detailed_guide,8622a749-2dd6-40c0-b785-01d82e6085fd,en,whitehall,2025-04-22T23:00:00.000Z,2025-09-11T08:15:41.000Z,,,56,"Money,Personal tax,Self Assessment,Filing a tax return,GOV.UK homepage",HM Revenue & Customs,HM Revenue & Customs,2024 Starmer Labour government,,,
https://www.gov.uk/guidance/annual-tax-on-enveloped-dwellings-returns,Annual Tax on Enveloped Dwellings: returns,detailed_guide,7cc22ad9-0f85-43e4-aada-19df82a8ed1a,en,whitehall,2015-08-23T23:00:00.000Z,2025-03-14T13:34:13.000Z,,,56,"Money,GOV.UK homepage,Stamp duty and other tax on property,Annual Tax on Enveloped Dwellings,Business tax",HM Revenue & Customs,HM Revenue & Customs,2015 to 2016 Cameron Conservative government,,,
https://www.gov.uk/guidance/apply-for-a-refund-of-class-2-national-insurance-contributions,Apply for a refund of Class 2 National Insurance contributions,detailed_guide,f8d56f2f-7758-4956-ad82-f7ed825b6eda,en,whitehall,2025-05-28T23:00:00.000Z,2025-05-28T23:00:00.000Z,,,56,"Voluntary contributions,Money,National Insurance,Personal tax,GOV.UK homepage,Refunds",HM Revenue & Customs,HM Revenue & Customs,2024 Starmer Labour government,,,
https://www.gov.uk/guidance/tax-avoidance-an-introduction,Introduction to tax avoidance,detailed_guide,8c192c37-dfe9-47ae-a609-23a341513657,en,whitehall,2016-09-06T12:54:00.000Z,2022-05-26T14:31:55.000Z,,,55,"Tax avoidance,GOV.UK homepage,Identifying avoidance schemes,Money,Dealing with HMRC",HM Revenue & Customs,HM Revenue & Customs,2016 to 2019 May Conservative government,,,
https://www.gov.uk/guidance/rates-and-thresholds-for-employers-2020-to-2021,Rates and thresholds for employers 2020 to 2021,detailed_guide,38f74cbd-814f-46d6-8d9a-b1ef79aa79a9,en,whitehall,2020-02-25T08:29:00.000Z,2020-03-27T16:28:35.000Z,,,55,"Money,GOV.UK homepage,Business tax,PAYE",HM Revenue & Customs,HM Revenue & Customs,2019 to 2022 Johnson Conservative government,,,
https://www.gov.uk/guidance/receiving-storing-and-moving-excise-goods,"Receiving, storing and moving excise goods",detailed_guide,5c7827bd-7631-11e4-a3cb-005056011aef,en,whitehall,2009-11-09T00:00:00.000Z,2025-11-18T12:49:46.000Z,,,55,"Tobacco Products Duty,Fuel Duty,Alcohol duty,Money,Moving and storing goods,Business tax,GOV.UK homepage",HM Revenue & Customs,HM Revenue & Customs,2007 to 2010 Brown Labour government,,,
https://www.gov.uk/guidance/check-if-you-need-an-alcoholic-products-producer-approval-appa,Check if you need an alcoholic products producer approval (APPA),detailed_guide,fd4a593f-75f3-4089-b2eb-80fffe14fe5d,en,whitehall,2024-12-11T00:00:00.000Z,2025-03-01T00:15:04.000Z,,,55,"Money,Business tax,Alcohol duty,GOV.UK homepage",HM Revenue & Customs,HM Revenue & Customs,2024 Starmer Labour government,,,
https://www.gov.uk/expenses-and-benefits-food-and-groceries,Expenses and benefits: food and groceries,answer,b65500a0-d21d-47fa-9207-a5592b3477f5,en,publisher,2012-09-27T16:40:36.000Z,2016-07-08T16:40:03.681Z,,,55,"Business tax,Business and industry,GOV.UK homepage,Money",Government Digital Service,HM Revenue & Customs,,,,
https://www.gov.uk/guidance/vat-eu-country-codes-vat-numbers-and-vat-in-other-languages,"EU country codes, VAT numbers and enquiry letters for EC Sales Lists",detailed_guide,5f5d5cea-7631-11e4-a3cb-005056011aef,en,whitehall,2014-06-30T23:00:00.000Z,2020-12-18T14:05:17.000Z,,,55,"VAT,VAT returns,Money,GOV.UK homepage,Business tax,Exporting goods and services",HM Revenue & Customs,HM Revenue & Customs,2010 to 2015 Conservative and Liberal Democrat coalition government,,,
https://www.gov.uk/guidance/apply-as-a-company-to-receive-uk-rental-income-with-no-uk-tax-deducted,Apply as a company to receive UK rental income with no UK tax deducted,detailed_guide,2259f835-0c7f-46d8-888a-8b1cd3c0873c,en,whitehall,2014-04-29T23:00:00.000Z,2024-09-17T08:10:46.000Z,,,55,"Personal tax,Money,GOV.UK homepage,Non-resident landlord scheme",HM Revenue & Customs,HM Revenue & Customs,2010 to 2015 Conservative and Liberal Democrat coalition government,,,
https://www.gov.uk/report-loan-shark,Report a loan shark,answer,87dec961-80b5-4336-a5b1-a0b71b577870,en,publisher,2011-12-02T15:12:06.000Z,2015-02-05T16:49:11.000Z,,,54,"Court claims, debt and bankruptcy,Business debt and bankruptcy,Crime, justice and law,GOV.UK homepage,Money,Reporting crimes and getting compensation,Business and industry,Running a business",Government Digital Service,"Department for Business and Trade,Department for Business, Energy & Industrial Strategy",,,,
https://www.gov.uk/guidance/shares-and-assets-valuations-for-tax,Shares and assets valuations for tax,detailed_guide,65b51236-ec7b-4e77-90ac-39c0b99a06be,en,whitehall,2019-05-07T12:28:00.000Z,2019-05-07T12:28:00.000Z,,,54,"Stamp duty and other tax on property,Stamp duty on shares,Capital Gains Tax,GOV.UK homepage,Personal tax,Money,Business tax",HM Revenue & Customs,HM Revenue & Customs,2016 to 2019 May Conservative government,,,
https://www.gov.uk/guidance/returns-of-information-for-isa-managers,Submitting returns of information for ISA managers,detailed_guide,bb306fb2-5ea0-4687-a909-f4035c46fd34,en,whitehall,2018-04-04T23:00:00.000Z,2024-10-07T08:31:53.000Z,,,54,"Tax on savings and investments,Personal tax,GOV.UK homepage,Money",HM Revenue & Customs,HM Revenue & Customs,2016 to 2019 May Conservative government,,,
https://www.gov.uk/guidance/transfer-lifetime-isas-between-managers,Transfer Lifetime ISAs between managers,detailed_guide,272d8a93-e02a-4ad9-adc9-2ab22b79e795,en,whitehall,2020-03-12T13:31:33.000Z,2020-03-12T13:31:33.000Z,,,54,"Personal tax,Money,Tax on savings,Tax on savings and investments,GOV.UK homepage",HM Revenue & Customs,HM Revenue & Customs,2019 to 2022 Johnson Conservative government,,,
https://www.gov.uk/guidance/vat-refunds-for-non-eu-businesses-visiting-the-uk,Refunds of VAT for businesses visiting the UK,detailed_guide,5f42ffc8-7631-11e4-a3cb-005056011aef,en,whitehall,2014-06-30T23:00:00.000Z,2025-10-22T10:03:41.000Z,,,54,"VAT,Overseas businesses and UK VAT,Business tax,GOV.UK homepage,Money",HM Revenue & Customs,HM Revenue & Customs,2010 to 2015 Conservative and Liberal Democrat coalition government,,,
https://www.gov.uk/guidance/change-or-remove-your-authorisations-as-a-tax-agent,Change or remove your authorisations as a tax agent,detailed_guide,ec862287-3e89-4626-bb40-543ed306c83c,en,whitehall,2021-07-06T23:00:00.000Z,2025-07-18T10:03:46.000Z,,,54,"Tax agent and adviser guidance,Dealing with HMRC,Money,Agent authorisation,GOV.UK homepage",HM Revenue & Customs,HM Revenue & Customs,2019 to 2022 Johnson Conservative government,,,
https://www.gov.uk/guidance/zero-rating-certain-seeds-and-plants-for-vat-notice-70138,Seeds and plants that can be zero-rated (VAT Notice 701/38),detailed_guide,cf3a0ca9-7ece-41c4-acaa-07eed0160ff5,en,whitehall,2011-11-07T00:00:00.000Z,2021-09-22T09:01:59.000Z,,,53,"Business tax,GOV.UK homepage,VAT,Money,Accounting for VAT",HM Revenue & Customs,HM Revenue & Customs,2010 to 2015 Conservative and Liberal Democrat coalition government,,,
https://www.gov.uk/guidance/vat-instalments-deposits-credit-sales,"VAT: instalments, deposits, credit sales",detailed_guide,5f182905-7631-11e4-a3cb-005056011aef,en,whitehall,2014-06-30T23:00:00.000Z,2019-02-28T09:17:00.000Z,,,53,"Business tax,Accounting for VAT,GOV.UK homepage,VAT,Money,Charging VAT",HM Revenue & Customs,HM Revenue & Customs,2010 to 2015 Conservative and Liberal Democrat coalition government,,,
https://www.gov.uk/guidance/tell-hmrc-about-unpaid-tax-on-cryptoassets,Tell HMRC about unpaid tax on cryptoassets,detailed_guide,ed1d70e7-21f5-4948-808b-a648b0ccc2bb,en,whitehall,2023-11-29T00:00:00.000Z,2024-01-15T15:33:31.000Z,,,53,"Capital Gains Tax,Money,GOV.UK homepage,Personal tax,Paying HMRC",HM Revenue & Customs,HM Revenue & Customs,2022 to 2024 Sunak Conservative government,,,
https://www.gov.uk/guidance/lifetime-isa-withdrawals-for-a-first-time-residential-purchase,Lifetime ISA withdrawals for a first time residential purchase,detailed_guide,f7adbb39-2c3b-42f8-8d7b-8520233d0fe4,en,whitehall,2020-03-12T00:00:00.000Z,2024-04-10T08:07:34.000Z,,,53,"Money,Tax on savings,Tax on savings and investments,Personal tax,GOV.UK homepage",HM Revenue & Customs,HM Revenue & Customs,2019 to 2022 Johnson Conservative government,,,
https://www.gov.uk/guidance/statutory-maternity-pay-how-different-employment-types-affect-what-you-pay,Statutory Maternity Pay: how different employment types affect what you pay,detailed_guide,5f114075-7631-11e4-a3cb-005056011aef,en,whitehall,2014-03-18T17:39:00.000Z,2017-09-01T14:08:51.000Z,,,53,"GOV.UK homepage,Business tax,Money,PAYE",HM Revenue & Customs,HM Revenue & Customs,2010 to 2015 Conservative and Liberal Democrat coalition government,,,
https://www.gov.uk/guidance/claiming-museums-and-galleries-exhibition-tax-relief-for-corporation-tax,Claiming Museums and Galleries Exhibition Tax Relief for Corporation Tax,detailed_guide,9b24b3a1-805a-4d31-9694-422e37ca4bb0,en,whitehall,2020-02-10T00:00:00.000Z,2025-05-21T09:31:10.000Z,,,53,"GOV.UK homepage,Tax agent and adviser guidance,Dealing with HMRC,Reliefs,Business tax,Money,Corporation Tax",HM Revenue & Customs,HM Revenue & Customs,2019 to 2022 Johnson Conservative government,,,
https://www.gov.uk/guidance/changes-to-employment-allowance,Changes to Employment Allowance,detailed_guide,a7f858a9-f23c-459d-a9e5-319939c10ed2,en,whitehall,2020-02-10T09:00:00.000Z,2020-02-10T09:00:00.000Z,,,53,"Employing people,Money,Tax agent and adviser guidance,Running a business,PAYE,State aid,Business and industry,Business tax,GOV.UK homepage,Payroll,Dealing with HMRC,Business regulation",HM Revenue & Customs,HM Revenue & Customs,2019 to 2022 Johnson Conservative government,,,
https://www.gov.uk/guidance/apply-for-a-refund-of-class-3-national-insurance-contributions,Apply for a refund of Class 3 National Insurance contributions,detailed_guide,bbfe02fa-e024-4b83-a24e-ad9ff07764eb,en,whitehall,2025-05-29T09:41:39.000Z,2025-05-29T09:41:39.000Z,,,53,"Voluntary contributions,National Insurance,GOV.UK homepage,Money,Refunds,Personal tax",HM Revenue & Customs,HM Revenue & Customs,2024 Starmer Labour government,,,
https://www.gov.uk/guidance/how-to-choose-a-tax-agent,How to choose a tax agent,detailed_guide,f34a5f12-1625-4b62-83c8-8cf0a0b89d60,en,whitehall,2022-09-21T23:00:00.000Z,2024-07-23T10:30:52.000Z,,,53,"Dealing with HMRC,GOV.UK homepage,Money,Tax agent and adviser guidance",HM Revenue & Customs,HM Revenue & Customs,2022 Truss Conservative government,,,
https://www.gov.uk/guidance/child-tax-credit-exceptions-to-the-2-child-limit,Child Tax Credit: support for a maximum of 2 children,detailed_guide,6065abef-b0d6-439b-840f-2ba6b01c6da9,en,whitehall,2017-04-05T23:00:00.000Z,2020-08-19T09:46:34.000Z,,,53,"Tax credits,Money,Welfare,GOV.UK homepage",HM Revenue & Customs,HM Revenue & Customs,2016 to 2019 May Conservative government,,,
https://www.gov.uk/guidance/using-the-auctioneers-vat-margin-scheme,Using the auctioneers' VAT margin scheme,detailed_guide,39b66116-7501-449f-8fd7-036ad0f6733d,en,whitehall,2021-12-23T13:28:00.000Z,2021-12-23T13:28:00.000Z,,,53,"Business tax,Money,GOV.UK homepage,Accounting for VAT,VAT,Charging VAT",HM Revenue & Customs,HM Revenue & Customs,2019 to 2022 Johnson Conservative government,,,
https://www.gov.uk/guidance/pay-no-import-duties-and-vat-on-goods-for-charity,Pay no import duties and VAT on goods for charity,detailed_guide,1c942eaa-afae-4192-95f9-8a070fdd7b7a,en,whitehall,2020-07-20T08:38:00.000Z,2020-12-31T23:00:29.000Z,,,52,"VAT,Importing goods and services,GOV.UK homepage,Business tax,Exporting goods and services,Trade and investment,Money,Customs declarations, duties and tariffs (import and export),Business and industry",HM Revenue & Customs,HM Revenue & Customs,2019 to 2022 Johnson Conservative government,,,
https://www.gov.uk/guidance/submit-an-air-passenger-duty-return,Submit an Air Passenger Duty return,detailed_guide,ece47059-f8a3-4c10-b195-78bc1a1d295d,en,whitehall,2022-04-25T23:00:00.000Z,2022-04-25T23:00:00.000Z,,,52,"GOV.UK homepage,Business tax,Aviation,Air Passenger Duty,Transport,Money,Air passenger duty",HM Revenue & Customs,HM Revenue & Customs,2019 to 2022 Johnson Conservative government,,,
https://www.gov.uk/guidance/vat-reduced-rate-for-hospitality-holiday-accommodation-and-attractions,"VAT: reduced rate for hospitality, holiday accommodation and attractions",detailed_guide,70ae9cdd-81e7-4162-bcce-c410907bfe8a,en,whitehall,2020-07-09T13:10:00.000Z,2022-12-23T10:44:44.000Z,,,52,"Support for businesses and self-employed people during COVID-19,Paying,Managing your business during COVID-19,Business tax,Your responsibilities as an employer during COVID-19,GOV.UK homepage,VAT,Funding and support for businesses during COVID-19,COVID-19,Health and social care,Accounting for VAT,Money",HM Revenue & Customs,HM Revenue & Customs,2019 to 2022 Johnson Conservative government,,,
https://www.gov.uk/guidance/register-a-non-uk-incorporated-company-for-corporation-tax-if-youre-a-uk-resident,Register a non-UK incorporated company for Corporation Tax if you're a UK resident,detailed_guide,78608f04-f4b8-4680-86e9-638ad1c43db9,en,whitehall,2024-09-16T23:00:00.000Z,2025-07-11T12:45:48.000Z,,,52,"GOV.UK homepage,Property taxes,Business tax,Money,Dealing with HMRC,Corporation Tax,Paying HMRC",HM Revenue & Customs,HM Revenue & Customs,2024 Starmer Labour government,,,
https://www.gov.uk/guidance/authorise-an-agent-to-register-or-amend-a-vat-group,Authorise an agent to register or amend a VAT group,detailed_guide,41f4dc11-9ab0-49c3-ab29-6b64e7ece27e,en,whitehall,2025-04-14T08:10:59.000Z,2025-04-14T08:10:59.000Z,,,52,"Business tax,VAT,Money,GOV.UK homepage",HM Revenue & Customs,HM Revenue & Customs,2024 Starmer Labour government,,,
https://www.gov.uk/guidance/help-and-support-for-the-construction-industry-scheme,"HMRC email updates, videos and webinars for the Construction Industry Scheme",detailed_guide,c82ce76c-cf56-4c2f-a513-46b622b102cf,en,whitehall,2017-08-31T23:00:00.000Z,2026-01-28T12:56:25.000Z,,,52,"Business tax,Construction Industry Scheme (CIS),Money,GOV.UK homepage,Paying HMRC,Dealing with HMRC",HM Revenue & Customs,HM Revenue & Customs,2016 to 2019 May Conservative government,,,
https://www.gov.uk/guidance/travel-agents-and-vat-notice-7096,Travel agents (VAT Notice 709/6),detailed_guide,6bebf556-09a8-46fe-bc0f-067270a36551,en,whitehall,2002-03-01T00:00:00.000Z,2020-12-31T23:00:53.000Z,,,52,"Accounting for VAT,GOV.UK homepage,VAT,Rules for particular trades,Business tax,Money",HM Revenue & Customs,HM Revenue & Customs,1997 to 2007 Blair Labour government,,,
https://www.gov.uk/guidance/work-out-your-transition-profit,Work out your Basis Period Reform transition profit,detailed_guide,4f175286-9be0-4bff-a075-e8868519ae01,en,whitehall,2024-02-19T00:00:00.000Z,2024-11-05T11:36:36.000Z,,,51,"Business tax,Self Assessment,GOV.UK homepage,Money,Personal tax",HM Revenue & Customs,HM Revenue & Customs,2022 to 2024 Sunak Conservative government,,,
https://www.gov.uk/guidance/contact-the-adjudicators-office-online,Complain to the Adjudicator's Office,detailed_guide,0f03992c-becf-4fde-88c1-6781a798f6e3,en,whitehall,2020-01-08T00:00:00.000Z,2026-01-27T16:31:40.000Z,,,51,"Money,Complaints and appeals,Dealing with HMRC,GOV.UK homepage,Government efficiency, transparency and accountability,Government",The Adjudicator’s Office,The Adjudicator’s Office,2019 to 2022 Johnson Conservative government,,,
https://www.gov.uk/guidance/offshore-disclosure-facilities,Offshore disclosure facilities,detailed_guide,04d069ee-6a71-4468-a6b8-0eba72751baa,en,whitehall,2014-12-15T15:43:00.000Z,2018-01-19T12:28:10.000Z,,,50,"Money,Tax compliance,GOV.UK homepage,Dealing with HMRC,Tax agent and adviser guidance,Disclosing offshore income",HM Revenue & Customs,HM Revenue & Customs,2010 to 2015 Conservative and Liberal Democrat coalition government,,,
https://www.gov.uk/guidance/tobacco-track-and-trace-penalties,Tobacco track and trace penalties,detailed_guide,08958d72-53d8-4343-a723-cc055c516da6,en,whitehall,2023-07-10T07:30:00.000Z,2023-07-18T12:34:17.000Z,,,50,"Money,Tobacco Products Duty,Business tax,GOV.UK homepage",HM Revenue & Customs,HM Revenue & Customs,2022 to 2024 Sunak Conservative government,,,
https://www.gov.uk/guidance/national-insurance-credits-for-partners-of-armed-forces-personnel-overseas,National Insurance credits for partners of armed forces personnel overseas,detailed_guide,a3164064-8ad1-46a0-93c4-5773ab64b504,en,whitehall,2019-05-19T23:15:00.000Z,2019-05-19T23:15:00.000Z,,,50,"Benefits entitlement,Money,Defence and armed forces,Welfare,National Insurance,Work,Pensions and ageing society,GOV.UK homepage,Personal tax",Department for Work and Pensions,"Department for Work and Pensions,HM Revenue & Customs,Ministry of Defence",2016 to 2019 May Conservative government,,,
https://www.gov.uk/guidance/list-of-software-developers-providing-customs-declaration-support,Software developers providing customs declaration software,detailed_guide,dd2d8293-488b-4fb5-8d8c-9ac49b3f8d63,en,whitehall,2020-10-19T23:00:00.000Z,2025-12-08T16:17:44.000Z,,,50,"Dealing with HMRC,Trade and investment,Customs declarations, duties and tariffs (import and export),Software development for HMRC,Money,Software development support,Business and industry,New to HMRC development,GOV.UK homepage",HM Revenue & Customs,HM Revenue & Customs,2019 to 2022 Johnson Conservative government,,,
https://www.gov.uk/guidance/vat-online-services-for-agents,Find out how to use HMRC online services for VAT if you are an agent,detailed_guide,9412d779-85a3-449e-b08e-f2ecd8a99e5f,en,whitehall,2014-01-01T00:00:00.000Z,2024-04-24T10:27:44.000Z,,,50,"Business tax,VAT,Dealing with HMRC,GOV.UK homepage,Tax agent and adviser guidance,Money",HM Revenue & Customs,HM Revenue & Customs,2010 to 2015 Conservative and Liberal Democrat coalition government,,,
https://www.gov.uk/guidance/register-for-climate-change-levy,Register for Climate Change Levy,detailed_guide,2c5c9851-b93e-4ef2-8f32-b459ae92ca2e,en,whitehall,2019-08-28T14:19:00.000Z,2023-05-17T15:03:37.000Z,,,50,"Business tax,Business regulation,GOV.UK homepage,Energy industry and infrastructure licensing and regulation,Climate Change Levy,Business and industry,Money,Business and the environment,Energy demand reduction",HM Revenue & Customs,HM Revenue & Customs,2019 to 2022 Johnson Conservative government,,,
https://www.gov.uk/guidance/money-laundering-regulations-appeals-and-penalties,Money laundering supervision sanctions and appeals,detailed_guide,602e3b39-7631-11e4-a3cb-005056011aef,en,whitehall,2014-02-25T00:00:00.000Z,2026-01-28T13:59:37.000Z,,,50,"Complaints and appeals,Problems and compliance checks,Money,Money laundering regulations,GOV.UK homepage,Dealing with HMRC",HM Revenue & Customs,HM Revenue & Customs,2010 to 2015 Conservative and Liberal Democrat coalition government,,,
https://www.gov.uk/guidance/vat-annual-accounting-notice-732,Annual accounting Scheme (VAT Notice 732),detailed_guide,898d9d53-15a4-461e-a44a-a6843617860b,en,whitehall,2014-04-16T23:00:00.000Z,2024-11-22T13:52:40.000Z,,,50,"Accounting for VAT,VAT,Money,Paying,Business tax,GOV.UK homepage",HM Revenue & Customs,HM Revenue & Customs,2010 to 2015 Conservative and Liberal Democrat coalition government,,,
https://www.gov.uk/guidance/pay-annual-tax-on-enveloped-dwellings,Pay annual tax on enveloped dwellings,detailed_guide,601d1d01-7631-11e4-a3cb-005056011aef,en,whitehall,2014-11-03T00:00:00.000Z,2024-10-31T11:47:58.000Z,,,50,"Annual Tax on Enveloped Dwellings,Paying HMRC,Money,GOV.UK homepage,Stamp duty and other tax on property,Property taxes,Dealing with HMRC,Business tax",HM Revenue & Customs,HM Revenue & Customs,2010 to 2015 Conservative and Liberal Democrat coalition government,,,
https://www.gov.uk/guidance/claiming-video-games-expenditure-credits-for-corporation-tax,Claiming Video Games Expenditure Credits for Corporation Tax,detailed_guide,e3ffd598-b391-4344-849d-b1ea75232412,en,whitehall,2024-01-19T00:00:00.000Z,2025-05-21T09:43:28.000Z,,,50,"GOV.UK homepage,Corporation Tax,Money,Business tax,Reliefs",HM Revenue & Customs,HM Revenue & Customs,2022 to 2024 Sunak Conservative government,,,
https://www.gov.uk/guidance/report-a-transfer-to-a-qualifying-recognised-overseas-pension-scheme,Report a transfer to a qualifying recognised overseas pension scheme,detailed_guide,2ddace19-d305-4d8c-8e8e-f41403276da4,en,whitehall,2025-12-15T00:00:00.000Z,2025-12-15T00:00:00.000Z,,,49,"GOV.UK homepage,Money,Pension scheme administration,Business tax",HM Revenue & Customs,HM Revenue & Customs,2024 Starmer Labour government,,,
https://www.gov.uk/guidance/record-keeping-and-accounts-for-plastic-packaging-tax,Records and accounts you must keep for Plastic Packaging Tax,detailed_guide,fc0cee53-312a-4a41-935e-548e0e984058,en,whitehall,2021-12-17T11:10:00.000Z,2023-02-02T17:32:06.000Z,,,49,"GOV.UK homepage,Business tax,Money",HM Revenue & Customs,HM Revenue & Customs,2019 to 2022 Johnson Conservative government,,,
https://www.gov.uk/guidance/how-to-comply-with-eu-payments-regulation,Information you must send with a transfer of funds to prevent money laundering,detailed_guide,602d97e2-7631-11e4-a3cb-005056011aef,en,whitehall,2014-02-25T00:00:00.000Z,2017-09-14T09:21:39.000Z,,,49,"GOV.UK homepage,Money laundering regulations,Money,Your role under the regulations",HM Revenue & Customs,HM Revenue & Customs,2010 to 2015 Conservative and Liberal Democrat coalition government,,,
https://www.gov.uk/guidance/vat-overseas-businesses-using-an-online-marketplace-to-sell-goods-in-the-uk,Businesses selling goods in the UK using online marketplaces,detailed_guide,44d2d727-93d9-4cb9-8127-8555028c1e1e,en,whitehall,2016-09-15T23:00:00.000Z,2024-04-23T12:41:16.000Z,,,49,"VAT,Money,GOV.UK homepage,Business tax,Overseas businesses and UK VAT",HM Revenue & Customs,HM Revenue & Customs,2016 to 2019 May Conservative government,,,
https://www.gov.uk/guidance/agent-account-managers-in-hmrc,Agent Account Managers service,detailed_guide,7e729418-5622-4174-a392-871b3dd7701b,en,whitehall,2014-01-01T00:00:00.000Z,2018-09-21T14:52:05.000Z,,,49,"Money,GOV.UK homepage,Dealing with HMRC,Tax agent and adviser guidance",HM Revenue & Customs,HM Revenue & Customs,2010 to 2015 Conservative and Liberal Democrat coalition government,,,
https://www.gov.uk/report-red-diesel-used-on-public-roads,Report red diesel used on public roads,answer,132d5c59-1d0f-43f9-a512-8b5591bba615,en,publisher,2012-10-15T17:56:23.000Z,2014-12-24T13:58:24.000Z,,,48,"Transport businesses and vehicle operator licences,GOV.UK homepage,Business tax,Road safety, driving rules and penalties,Transport,Fuel Duty,Driving and road transport,Money",Government Digital Service,HM Revenue & Customs,,,,
https://www.gov.uk/guidance/telling-hmrc-youre-importing-multiple-vehicles,Tell HMRC you’re importing multiple vehicles,detailed_guide,5f58e8ea-7631-11e4-a3cb-005056011aef,en,whitehall,2014-06-26T23:00:00.000Z,2025-02-28T17:00:01.000Z,,,48,"Importing goods and services,Money,GOV.UK homepage,VAT,Business tax",HM Revenue & Customs,HM Revenue & Customs,2010 to 2015 Conservative and Liberal Democrat coalition government,,,
https://www.gov.uk/guidance/trust-record-keeping-for-tax-purposes,Records to keep for trusts,detailed_guide,0cb129e1-c7ce-4621-95c0-418c74646dea,en,whitehall,2012-08-11T23:00:00.000Z,2025-04-05T23:30:07.000Z,,,48,"GOV.UK homepage,Personal tax,Trusts,Money",HM Revenue & Customs,HM Revenue & Customs,2010 to 2015 Conservative and Liberal Democrat coalition government,,,
https://www.gov.uk/guidance/guidance-on-personal-debt-relief-options-company-liquidation-investigation-and-enforcement,"Guidance on personal debt relief options, company liquidation, investigation and enforcement.",detailed_guide,3fb837d2-e4c8-4255-86ea-744c01f161db,en,whitehall,2017-04-06T10:25:00.000Z,2021-12-21T11:45:53.000Z,,,48,"Money,Company closure, administration, liquidation and insolvency ,Running a business,Business and industry,Limited companies and partnerships,Business debt and bankruptcy,GOV.UK homepage",The Insolvency Service,The Insolvency Service,2016 to 2019 May Conservative government,,,
https://www.gov.uk/expenses-and-benefits-training-payments/what-to-report-and-pay,Expenses and benefits: training payments: What to report and pay,guide,5d8adb89-9aac-45b6-8662-78aa4089b7d3,en,publisher,2012-09-13T12:57:30.000Z,2016-04-05T23:01:22.480Z,,,48,"Employing people,Expenses and employee benefits,Money,GOV.UK homepage,Business and industry,Running a business",Government Digital Service,HM Revenue & Customs,,,,
https://www.gov.uk/guidance/get-a-share-scheme-valuation-from-hmrc,Get a share scheme valuation from HMRC,detailed_guide,8ff17271-5b46-4516-948f-f0f3112dbfaf,en,whitehall,2019-05-07T12:33:17.000Z,2019-05-07T12:33:17.000Z,,,48,"Money,GOV.UK homepage,Employment related securities,Stamp duty on shares,Business tax",HM Revenue & Customs,HM Revenue & Customs,2016 to 2019 May Conservative government,,,
https://www.gov.uk/guidance/work-out-taxable-income-for-a-casc,Work out taxable income for a CASC,detailed_guide,60567de3-7631-11e4-a3cb-005056011aef,en,whitehall,2014-12-04T00:00:00.000Z,2025-10-23T07:22:54.000Z,,,48,"Community amateur sports clubs (CASCs),Society and culture,Personal tax,Sports and leisure,GOV.UK homepage,Money",HM Revenue & Customs,HM Revenue & Customs,2010 to 2015 Conservative and Liberal Democrat coalition government,,,
https://www.gov.uk/guidance/supplementary-pages-ct600e-charities-and-community-amateur-sports-clubs,Supplementary pages CT600E: charities and community amateur sports clubs,detailed_guide,efeb2ae8-42cf-4065-850a-b1b31b548406,en,whitehall,2022-09-29T23:00:00.000Z,2024-01-02T12:43:23.000Z,,,48,"Corporation Tax,Money,GOV.UK homepage,Running a business,Business tax,Business and industry,Business auditing, accounting and reporting",HM Revenue & Customs,HM Revenue & Customs,2022 Truss Conservative government,,,
https://www.gov.uk/guidance/sailing-a-pleasure-craft-that-is-arriving-in-the-uk,Sailing a pleasure craft that is arriving in the UK,detailed_guide,94c75a44-3d25-4de2-99d3-4bc5e322917d,en,whitehall,2021-12-29T00:00:00.000Z,2023-11-20T14:13:28.000Z,,,48,"Personal tax,Business and industry,Trade and investment,Customs declarations, duties and tariffs (import and export),Leaving the UK,Money,GOV.UK homepage",HM Revenue & Customs,HM Revenue & Customs,2019 to 2022 Johnson Conservative government,,,
https://www.gov.uk/guidance/special-tax-rules-on-foreign-travel-490-chapter-7,Special tax rules on foreign travel (490: Chapter 7),detailed_guide,7044094a-ee0a-444a-aec6-dd2b7ff0b07c,en,whitehall,2014-03-28T00:00:00.000Z,2025-06-30T11:07:20.000Z,,,48,"Business tax,GOV.UK homepage,Money,PAYE",HM Revenue & Customs,HM Revenue & Customs,2010 to 2015 Conservative and Liberal Democrat coalition government,,,
https://www.gov.uk/guidance/conveyancers-first-time-residential-purchase-with-a-lifetime-isa,Conveyancers: first time residential purchase with a Lifetime ISA,detailed_guide,ae40eb4c-5407-44ba-a70a-7061cc0051be,en,whitehall,2018-03-20T10:47:00.000Z,2018-03-28T12:04:02.000Z,,,47,"Personal tax,GOV.UK homepage,Money,Tax on savings and investments,Business tax",HM Revenue & Customs,HM Revenue & Customs,2016 to 2019 May Conservative government,,,
https://www.gov.uk/guidance/employee-incentive-awards,Employee incentive awards,detailed_guide,5f155f19-7631-11e4-a3cb-005056011aef,en,whitehall,2014-06-12T09:01:00.000Z,2014-06-12T09:01:00.000Z,,,47,"PAYE,GOV.UK homepage,Special types of employee pay,Business tax,Money",HM Revenue & Customs,HM Revenue & Customs,2010 to 2015 Conservative and Liberal Democrat coalition government,,,
https://www.gov.uk/guidance/classifying-iron-and-steel,Classifying iron and steel for import and export,detailed_guide,5c717711-7631-11e4-a3cb-005056011aef,en,whitehall,2012-08-03T09:43:00.000Z,2022-03-07T13:13:36.000Z,,,47,"Trade and investment,GOV.UK homepage,Money,Business and industry",HM Revenue & Customs,HM Revenue & Customs,2010 to 2015 Conservative and Liberal Democrat coalition government,,,
https://www.gov.uk/guidance/vat-liability-of-health-institutions-supplies-notice-70131,Health institutions supplies (VAT Notice 701/31),detailed_guide,95615bc9-ddb9-47b2-8288-6745b1a845ab,en,whitehall,2014-08-21T23:00:00.000Z,2014-08-21T23:00:00.000Z,,,47,"VAT,Tax agent and adviser guidance,Dealing with HMRC,Rules for particular trades,Accounting for VAT,GOV.UK homepage,Business tax,Money",HM Revenue & Customs,HM Revenue & Customs,2010 to 2015 Conservative and Liberal Democrat coalition government,,,
https://www.gov.uk/guidance/who-can-invest-in-an-isa-if-youre-an-isa-manager,Who can invest in an ISA if you're an ISA manager,detailed_guide,61501249-029e-4a3c-b86a-c679e088f23a,en,whitehall,2018-04-04T23:00:00.000Z,2024-11-22T09:35:03.000Z,,,47,"Tax on savings and investments,Money,Personal tax,GOV.UK homepage,Guidance for financial institutions",HM Revenue & Customs,HM Revenue & Customs,2016 to 2019 May Conservative government,,,
https://www.gov.uk/guidance/agencies-and-other-businesses-using-umbrella-companies-who-may-be-operating-avoidance-schemes,Check how to reduce your risk of using an umbrella company who operates a tax avoidance scheme,detailed_guide,8d8ec131-d0dc-451f-814f-f5c566f015c6,en,whitehall,2021-10-10T23:00:00.000Z,2025-09-17T16:00:00.000Z,,,47,"GOV.UK homepage,Money,Dealing with HMRC,Tax avoidance",HM Revenue & Customs,HM Revenue & Customs,2019 to 2022 Johnson Conservative government,,,
https://www.gov.uk/guidance/claiming-video-games-tax-relief-for-corporation-tax,Claiming Video Games Tax Relief for Corporation Tax,detailed_guide,dda9b58c-2a13-441f-b13d-e699d8a49e11,en,whitehall,2020-02-10T00:00:00.000Z,2025-05-21T09:32:42.000Z,,,47,"Business tax,Money,Reliefs,GOV.UK homepage,Tax agent and adviser guidance,Dealing with HMRC,Corporation Tax",HM Revenue & Customs,HM Revenue & Customs,2019 to 2022 Johnson Conservative government,,,
https://www.gov.uk/guidance/agents-self-assessment-and-paye-letter-headings,Agents: Self Assessment and PAYE letter headings,detailed_guide,e0d9d6f8-6cd8-4133-a78b-b1d7d023ae9f,en,whitehall,2013-11-28T00:00:00.000Z,2013-11-28T00:00:00.000Z,,,47,"GOV.UK homepage,Tax agent and adviser guidance,Dealing with HMRC,Money",HM Revenue & Customs,HM Revenue & Customs,2010 to 2015 Conservative and Liberal Democrat coalition government,,,
https://www.gov.uk/guidance/disclosure-of-tax-avoidance-schemes-overview,Disclosure of tax avoidance schemes,detailed_guide,5fe3ca33-7631-11e4-a3cb-005056011aef,en,whitehall,2014-02-04T00:00:00.000Z,2022-07-08T10:25:43.000Z,,,46,"Money,Dealing with HMRC,Disclosing avoidance schemes,GOV.UK homepage,Tax avoidance",HM Revenue & Customs,HM Revenue & Customs,2010 to 2015 Conservative and Liberal Democrat coalition government,,,
https://www.gov.uk/guidance/beneficial-loan-arrangements-480-chapter-17,Beneficial loan arrangements (480: Chapter 17),detailed_guide,9c9f8ea3-d7b8-4ec3-b6a0-647ec51da28c,en,whitehall,2019-12-30T14:59:00.000Z,2019-12-30T14:59:00.000Z,,,46,"GOV.UK homepage,Business tax,Money,PAYE",HM Revenue & Customs,HM Revenue & Customs,2019 to 2022 Johnson Conservative government,,,
https://www.gov.uk/guidance/automatic-exchange-of-information-financial-institutions,Automatic Exchange of Information: financial institutions,detailed_guide,ce279c9c-2f77-44ed-ab3e-dee3d1b6e0bc,en,whitehall,2013-01-01T00:00:00.000Z,2025-10-23T07:41:40.000Z,,,46,"Dealing with HMRC,Money,GOV.UK homepage,Tax compliance",HM Revenue & Customs,HM Revenue & Customs,2010 to 2015 Conservative and Liberal Democrat coalition government,,,
https://www.gov.uk/guidance/pay-alcohol-duty,Pay Alcohol Duty,detailed_guide,a920f4d0-f82b-4208-b3a6-26cd1775bbdd,en,whitehall,2024-12-11T00:00:00.000Z,2025-08-31T23:15:02.000Z,,,46,"Business tax,Business and industry,Alcohol duties,Payments and reliefs (Alcohol duty),Alcohol duty,Paying HMRC,GOV.UK homepage,Money,Dealing with HMRC",HM Revenue & Customs,HM Revenue & Customs,2024 Starmer Labour government,,,
https://www.gov.uk/guidance/relief-from-fuel-duty-for-marine-voyages-notice-263,Relief from fuel duty for marine voyages (Notice 263),detailed_guide,b54a869e-1b1c-4448-9ced-d8e3fba9f628,en,whitehall,2014-11-06T00:00:00.000Z,2025-11-18T12:18:36.000Z,,,46,"Customs declarations, duties and tariffs (import and export),Business and industry,Trade and investment,GOV.UK homepage,Money,Business tax,Fuel Duty",HM Revenue & Customs,HM Revenue & Customs,2010 to 2015 Conservative and Liberal Democrat coalition government,,,
https://www.gov.uk/guidance/rates-and-thresholds-for-employers-2019-to-2020,Rates and thresholds for employers 2019 to 2020,detailed_guide,9022f1f9-87d1-4618-9865-34dfb67a7dad,en,whitehall,2019-01-11T08:58:00.000Z,2020-05-25T23:15:05.000Z,,,46,"Paying HMRC,Business tax,GOV.UK homepage,Money,PAYE",HM Revenue & Customs,HM Revenue & Customs,2016 to 2019 May Conservative government,,,
https://www.gov.uk/guidance/check-what-registering-for-vat-may-mean-for-your-business,Check what registering for VAT may mean for your business,detailed_guide,7964bdb0-ca02-4603-b467-3ff9931ce5d5,en,whitehall,2024-07-09T23:00:00.000Z,2024-07-09T23:00:00.000Z,,,46,"GOV.UK homepage,VAT,Business tax,Money",HM Revenue & Customs,HM Revenue & Customs,2024 Starmer Labour government,,,
https://www.gov.uk/guidance/claiming-orchestra-tax-relief-for-corporation-tax,Claiming Orchestra Tax Relief for Corporation Tax,detailed_guide,e0a0e773-5984-42f4-84d6-ce0274c67a46,en,whitehall,2020-02-10T00:00:00.000Z,2025-05-21T09:30:20.000Z,,,46,"GOV.UK homepage,Tax agent and adviser guidance,Corporation Tax,Dealing with HMRC,Business tax,Reliefs,Money",HM Revenue & Customs,HM Revenue & Customs,2019 to 2022 Johnson Conservative government,,,
https://www.gov.uk/guidance/customs-debt-liability,Customs debt liability,detailed_guide,eb4072f0-6f41-4177-bb3d-bc3777a54545,en,whitehall,2016-04-27T23:00:00.000Z,2024-04-23T13:41:40.000Z,,,45,"Trade and investment,Business tax,Customs declarations, duties and tariffs (import and export),Importing,Business debt and bankruptcy,Money,Dealing with HMRC,Running a business,Exporting,GOV.UK homepage,VAT,Business and industry,Importing goods and services",HM Revenue & Customs,HM Revenue & Customs,2015 to 2016 Cameron Conservative government,,,
https://www.gov.uk/guidance/disposing-of-a-super-deduction-or-special-rate-first-year-allowance-asset,Disposing of a super-deduction or special rate first year allowance asset,detailed_guide,2eb4e6b7-966b-4f9d-b982-7b6add4505c0,en,whitehall,2022-05-27T15:40:00.000Z,2023-07-24T13:56:09.000Z,,,45,"Money,Business tax,Capital allowances,GOV.UK homepage",HM Revenue & Customs,HM Revenue & Customs,2019 to 2022 Johnson Conservative government,,,
https://www.gov.uk/guidance/check-if-you-can-register-for-the-vat-import-one-stop-shop-scheme,Check if you can register for the VAT Import One Stop Shop Scheme,detailed_guide,335f865d-9494-4f27-908a-e2d0e2a1708c,en,whitehall,2024-02-19T00:00:00.000Z,2025-03-19T14:01:53.000Z,,,45,"VAT,Money,Business tax,GOV.UK homepage",HM Revenue & Customs,HM Revenue & Customs,2022 to 2024 Sunak Conservative government,,,
https://www.gov.uk/guidance/your-finances-when-travelling-abroad,Your finances when travelling abroad,detailed_guide,5a631887-fa9d-4e0d-9252-d56b2386c308,en,whitehall,2022-08-30T23:00:00.000Z,2024-07-29T14:22:46.000Z,,,45,"Travel abroad,British nationals overseas,GOV.UK homepage,Money,Going and being abroad","Foreign, Commonwealth & Development Office","Foreign, Commonwealth & Development Office",2019 to 2022 Johnson Conservative government,,,
https://www.gov.uk/guidance/tax-relief-for-national-heritage-assets,Tax relief for national heritage assets,detailed_guide,602afbb2-7631-11e4-a3cb-005056011aef,en,whitehall,2013-11-26T00:00:00.000Z,2022-05-26T07:40:54.000Z,,,44,"Conservation of historic buildings and monuments,Money,Arts and culture,Society and culture,Housing, local and community,Planning and building,Personal tax,Inheritance Tax,Reliefs,GOV.UK homepage",HM Revenue & Customs,HM Revenue & Customs,2010 to 2015 Conservative and Liberal Democrat coalition government,,,
https://www.gov.uk/guidance/manage-your-digital-platform-reporting,Submit your digital platform report,detailed_guide,bea8a241-5754-40b7-a0a6-6047286c54d9,en,whitehall,2024-12-30T00:00:00.000Z,2025-10-22T14:36:18.000Z,,,44,"Business tax,Money,GOV.UK homepage,International tax",HM Revenue & Customs,HM Revenue & Customs,2024 Starmer Labour government,,,
https://www.gov.uk/guidance/classifying-wood,Classifying wood for import and export,detailed_guide,5c717c8d-7631-11e4-a3cb-005056011aef,en,whitehall,2012-08-03T11:57:00.000Z,2023-03-10T13:53:10.000Z,,,44,"Commodity codes and reporting,Money,Business and industry,GOV.UK homepage,Importing,Customs declarations, duties and tariffs (import and export),Trade and investment,UK Trade Tariff and classification of goods",HM Revenue & Customs,HM Revenue & Customs,2010 to 2015 Conservative and Liberal Democrat coalition government,,,
https://www.gov.uk/guidance/how-to-set-up-an-account-to-defer-duty-payments-when-you-import-goods,How to set up an account to defer duty payments when you import goods,detailed_guide,fd94bbbe-f2ae-4b55-9d59-361677444a24,en,whitehall,2019-08-29T23:00:00.000Z,2025-12-05T13:05:57.000Z,,,44,"VAT,Money,Business tax,GOV.UK homepage,Importing,Trade and investment,Importing goods and services,Business and industry,Customs declarations, duties and tariffs (import and export)",HM Revenue & Customs,HM Revenue & Customs,2019 to 2022 Johnson Conservative government,,,
https://www.gov.uk/guidance/tobacco-products-duty,Tobacco Products Duty,detailed_guide,5c71d92f-7631-11e4-a3cb-005056011aef,en,whitehall,2009-11-09T00:00:00.000Z,2025-11-26T20:48:58.000Z,,,44,"GOV.UK homepage,Tobacco Products Duty,Business tax,Money",HM Revenue & Customs,HM Revenue & Customs,2007 to 2010 Brown Labour government,,,
https://www.gov.uk/guidance/register-a-limited-company-as-a-subcontractor-with-payment-under-deduction-by-post,Register a limited company as a subcontractor with payment under deduction by post,detailed_guide,339e43a3-1f6f-4611-8942-ac03af971474,en,whitehall,2024-08-26T23:00:00.000Z,2024-09-02T13:57:44.000Z,,,43,"Construction Industry Scheme (CIS),GOV.UK homepage,Money,Business tax",HM Revenue & Customs,HM Revenue & Customs,2024 Starmer Labour government,,,
https://www.gov.uk/guidance/pay-plastic-packaging-tax,Pay Plastic Packaging Tax,detailed_guide,02057645-bc14-40fb-91cf-eda3a3ae2a89,en,whitehall,2022-06-30T23:00:00.000Z,2025-03-31T14:27:57.000Z,,,43,"Business tax,GOV.UK homepage,Dealing with HMRC,Money,Paying HMRC",HM Revenue & Customs,HM Revenue & Customs,2019 to 2022 Johnson Conservative government,,,
https://www.gov.uk/guidance/automatic-exchange-of-information-introduction,Automatic Exchange of Information: introduction,detailed_guide,64a9bb40-f2e8-45fa-9600-b727d8ab7a18,en,whitehall,2016-04-29T13:34:00.000Z,2020-12-31T23:01:11.000Z,,,43,"GOV.UK homepage,Money,Dealing with HMRC,Tax compliance",HM Revenue & Customs,HM Revenue & Customs,2015 to 2016 Cameron Conservative government,,,
https://www.gov.uk/guidance/check-a-pension-scheme-members-residency-status-for-relief-at-source,Check a pension scheme member's residency status for relief at source,detailed_guide,d2355d40-3f40-4b71-b3db-809bedcc2d88,en,whitehall,2018-01-31T14:45:00.000Z,2019-11-26T12:01:21.000Z,,,43,"Money,Pension scheme administration,GOV.UK homepage,Business tax",HM Revenue & Customs,HM Revenue & Customs,2016 to 2019 May Conservative government,,,
https://www.gov.uk/guidance/hmrc-inspections-of-isa-managers,ISA audits by HMRC,detailed_guide,111cb855-00ff-443e-93e6-5044812eb451,en,whitehall,2018-04-04T23:00:00.000Z,2024-04-05T23:15:05.000Z,,,43,"Money,Tax on savings and investments,GOV.UK homepage,Personal tax",HM Revenue & Customs,HM Revenue & Customs,2016 to 2019 May Conservative government,,,
https://www.gov.uk/expenses-and-benefits-car-parking-charges,Expenses and benefits: car parking charges,guide,45e449f8-86f8-4977-bdcb-a0a7c4faf6dc,en,publisher,2012-10-18T12:29:04.000Z,2016-04-05T23:01:13.294Z,,,42,"Business tax,Money,Expenses and employee benefits,GOV.UK homepage",Government Digital Service,HM Revenue & Customs,,,,
https://www.gov.uk/guidance/default-interest-notice-70043,Default interest (VAT Notice 700/43),detailed_guide,c20bb1fb-b28e-4180-af77-af1e05f500b5,en,whitehall,2010-06-14T11:00:00.000Z,2023-01-06T15:34:01.000Z,,,42,"Money,Business tax,VAT,GOV.UK homepage",HM Revenue & Customs,HM Revenue & Customs,2010 to 2015 Conservative and Liberal Democrat coalition government,,,
https://www.gov.uk/guidance/importing-animal-furs-skins-and-fish,Importing animal furs and skins - export of fish,detailed_guide,5c719f6b-7631-11e4-a3cb-005056011aef,en,whitehall,2012-08-08T16:13:00.000Z,2018-04-05T14:57:56.000Z,,,42,"Business and industry,Trade and investment,Money,Customs declarations, duties and tariffs (import and export),GOV.UK homepage",HM Revenue & Customs,HM Revenue & Customs,2010 to 2015 Conservative and Liberal Democrat coalition government,,,
https://www.gov.uk/guidance/help-and-support-for-off-payroll-working,"HMRC email updates, videos and webinars for off-payroll working",detailed_guide,f16677ed-e599-47ac-bc4c-0acb86d3dd44,en,whitehall,2020-02-24T00:00:00.000Z,2026-02-04T13:51:23.000Z,,,42,"GOV.UK homepage,Off-payroll working rules,IR35: working through an intermediary,Business tax,Money",HM Revenue & Customs,HM Revenue & Customs,2019 to 2022 Johnson Conservative government,,,
https://www.gov.uk/guidance/check-if-your-drink-is-liable-for-the-soft-drinks-industry-levy,Check if your drink is liable for the Soft Drinks Industry Levy,detailed_guide,60a8c3ae-4add-40e3-988c-e044fc41dc08,en,whitehall,2018-04-02T23:00:00.000Z,2025-01-17T09:49:23.000Z,,,42,"Money,Soft Drinks Industry Levy,Business tax,GOV.UK homepage",HM Revenue & Customs,HM Revenue & Customs,2016 to 2019 May Conservative government,,,
https://www.gov.uk/guidance/claim-a-vat-related-payment-if-you-buy-second-hand-motor-vehicles-in-great-britain-and-move-them-to-northern-ireland-for-resale,Claim a VAT-related payment if you buy second-hand motor vehicles in Great Britain and move them to Northern Ireland for resale,detailed_guide,ebc72447-c37e-4ff6-a04d-c07d50a88953,en,whitehall,2023-01-25T00:00:00.000Z,2023-04-30T23:15:02.000Z,,,42,"VAT,GOV.UK homepage,Money,Business tax",HM Revenue & Customs,HM Revenue & Customs,2022 to 2024 Sunak Conservative government,,,
https://www.gov.uk/guidance/claim-a-vat-related-payment-if-you-buy-second-hand-motor-vehicles-in-great-britain-and-export-them-to-the-eu-for-resale,Claim a VAT-related payment if you buy second-hand motor vehicles in Great Britain and export them to the EU for resale,detailed_guide,d73292f1-6705-4f59-b1c5-f6b17e697d51,en,whitehall,2023-01-25T00:00:00.000Z,2025-11-04T11:15:23.000Z,,,42,"Money,Business tax,VAT,GOV.UK homepage",HM Revenue & Customs,HM Revenue & Customs,2022 to 2024 Sunak Conservative government,,,
https://www.gov.uk/guidance/tell-hmrc-your-employment-related-securitiesscheme-has-ended,Tell HMRC your employment related securities scheme has ended,detailed_guide,ac17bb6f-56e0-404d-b538-c2cba9d4d5d3,en,whitehall,2024-10-10T13:00:17.000Z,2024-10-10T13:00:17.000Z,,,41,"Employment related securities,GOV.UK homepage,Money,Business tax",HM Revenue & Customs,HM Revenue & Customs,2024 Starmer Labour government,,,
https://www.gov.uk/guidance/share-fisherman-income-tax-and-national-insurance-contributions,Share fisher: Income Tax and National Insurance contributions,detailed_guide,601bd83b-7631-11e4-a3cb-005056011aef,en,whitehall,2014-09-24T23:00:00.000Z,2025-04-23T12:49:55.000Z,,,41,"Self-employment,Money,Work,GOV.UK homepage,Tax and National Insurance",HM Revenue & Customs,HM Revenue & Customs,2010 to 2015 Conservative and Liberal Democrat coalition government,,,
https://www.gov.uk/guidance/how-to-open-an-isa-as-an-isa-manager,How to open an ISA as an ISA manager,detailed_guide,60cfc7d1-83b1-4deb-b68c-289196581dac,en,whitehall,2018-04-04T23:00:00.000Z,2024-11-22T09:47:40.000Z,,,41,"Personal tax,Money,Tax on savings and investments,GOV.UK homepage",HM Revenue & Customs,HM Revenue & Customs,2016 to 2019 May Conservative government,,,
https://www.gov.uk/guidance/stamp-duty-land-tax-welsh-transactions,Stamp Duty Land Tax: Welsh transactions,detailed_guide,8b1afec8-e8fe-48fa-bb24-ae54ff0fd30f,en,whitehall,2017-12-14T00:00:00.000Z,2023-12-07T10:42:23.000Z,,,41,"Stamp duty and other tax on property,GOV.UK homepage,Business tax,Money",HM Revenue & Customs,HM Revenue & Customs,2016 to 2019 May Conservative government,,,
https://www.gov.uk/guidance/checking-how-to-claim-a-tax-refund-for-negative-earnings,Checking how to claim a tax refund for negative earnings,detailed_guide,f2cf806d-eefd-4ea7-b630-f8968d471e88,en,whitehall,2023-07-23T23:00:00.000Z,2023-07-23T23:00:00.000Z,,,41,"Self Assessment,Money,Personal tax,Income Tax,GOV.UK homepage",HM Revenue & Customs,HM Revenue & Customs,2022 to 2024 Sunak Conservative government,,,
https://www.gov.uk/guidance/money-laundering-regulations-report-changes-to-your-business,Make changes to your money laundering registration or deregister your business,detailed_guide,602e1df4-7631-11e4-a3cb-005056011aef,en,whitehall,2014-02-25T00:00:00.000Z,2023-07-28T08:13:40.000Z,,,41,"Money laundering regulations,GOV.UK homepage,Money",HM Revenue & Customs,HM Revenue & Customs,2010 to 2015 Conservative and Liberal Democrat coalition government,,,
https://www.gov.uk/guidance/work-out-creative-industry-tax-relief-or-expenditure-credits-for-your-production,Work out creative industry tax relief or expenditure credits for your production,detailed_guide,e3d83664-35e1-41dc-8445-25affb8b9104,en,whitehall,2025-05-21T08:37:07.000Z,2025-05-21T08:37:07.000Z,,,40,"Reliefs,Dealing with HMRC,Money,Business tax,GOV.UK homepage,Corporation Tax,Tax agent and adviser guidance",HM Revenue & Customs,HM Revenue & Customs,2024 Starmer Labour government,,,
https://www.gov.uk/guidance/how-to-use-the-vat-reverse-charge-if-you-buy-building-and-construction-services,How to use the VAT domestic reverse charge if you buy building and construction services,detailed_guide,96cd1d4b-8a0c-4736-967d-97137b5e094f,en,whitehall,2020-09-24T12:32:00.000Z,2020-09-24T12:32:00.000Z,,,40,"Business tax,GOV.UK homepage,Rules for particular trades,Money,VAT",HM Revenue & Customs,HM Revenue & Customs,2019 to 2022 Johnson Conservative government,,,
https://www.gov.uk/guidance/check-which-motor-vehicles-are-eligible-for-the-second-hand-motor-vehicle-payment-scheme,Check which motor vehicles are eligible for the second-hand motor vehicle payment scheme,detailed_guide,bb2ae07f-59f4-4bcd-9619-3e5c96440232,en,whitehall,2023-01-25T14:00:00.000Z,2023-01-25T14:00:00.000Z,,,40,"VAT,Business tax,Money,GOV.UK homepage",HM Revenue & Customs,HM Revenue & Customs,2022 to 2024 Sunak Conservative government,,,
https://www.gov.uk/guidance/check-if-you-must-send-a-country-by-country-report,Send a country-by-country report,detailed_guide,8dc1e4cd-1603-4c4f-a42c-b7ed83d63bae,en,whitehall,2017-08-15T10:37:00.000Z,2021-01-07T17:00:08.000Z,,,40,"Corporation Tax,Money,Business tax,GOV.UK homepage,International tax",HM Revenue & Customs,HM Revenue & Customs,2016 to 2019 May Conservative government,,,
https://www.gov.uk/guidance/get-an-economic-code-to-apply-for-inward-processing,Get an economic code to apply for inward processing,detailed_guide,47a08f26-a771-4725-b025-e68bf26d23d5,en,whitehall,2020-08-19T23:00:00.000Z,2024-08-01T12:16:39.000Z,,,39,"Importing,GOV.UK homepage,Business and industry,Trade and investment,VAT,Money,Business tax,Importing goods and services",HM Revenue & Customs,HM Revenue & Customs,2019 to 2022 Johnson Conservative government,,,
https://www.gov.uk/guidance/property-business-arrangements-involving-hybrid-partnerships-spotlight-63,Property business arrangements involving hybrid partnerships (Spotlight 63),detailed_guide,88125733-b507-42a7-b987-59ad274095df,en,whitehall,2023-10-03T23:00:00.000Z,2025-05-16T08:00:00.000Z,,,39,"Tax avoidance,Money,Tax evasion and avoidance,Dealing with HMRC,GOV.UK homepage",HM Revenue & Customs,HM Revenue & Customs,2022 to 2024 Sunak Conservative government,,,
https://www.gov.uk/guidance/tax-avoidance-schemes-aimed-at-contractors-and-agency-workers,Tax avoidance schemes aimed at contractors and agency workers,detailed_guide,05898fb6-4616-4f80-9dbd-c92dac5bb207,en,whitehall,2020-02-27T10:43:00.000Z,2020-02-27T10:43:00.000Z,,,39,"Dealing with HMRC,GOV.UK homepage,Business tax,Money,IR35: working through an intermediary,Tax avoidance",HM Revenue & Customs,HM Revenue & Customs,2019 to 2022 Johnson Conservative government,,,
https://www.gov.uk/guidance/check-if-you-can-claim-national-insurance-relief-in-freeport-tax-sites,Check if you can claim National Insurance relief in UK Freeport or Investment Zone special tax sites,detailed_guide,a65c248d-175f-4e2a-8eb7-7af9fc8e0855,en,whitehall,2022-02-28T00:00:00.000Z,2025-04-05T23:15:14.000Z,,,39,"Exporting,GOV.UK homepage,Trade and investment,Business and industry,Importing,Personal tax,Government,Brexit,Money,National Insurance",HM Revenue & Customs,HM Revenue & Customs,2019 to 2022 Johnson Conservative government,,,
https://www.gov.uk/guidance/apply-for-an-agent-services-account-if-you-are-not-based-in-the-uk,Apply for an agent services account if you're not based in the UK,detailed_guide,36e15b02-c30e-461d-956d-9b2c367f464f,en,whitehall,2019-02-12T00:00:00.000Z,2025-02-07T14:26:29.000Z,,,39,"Dealing with HMRC,GOV.UK homepage,Tax agent and adviser guidance,Money",HM Revenue & Customs,HM Revenue & Customs,2016 to 2019 May Conservative government,,,
https://www.gov.uk/guidance/how-the-isa-scheme-works-for-isa-managers,How the ISA scheme works for ISA managers,detailed_guide,9f4388ba-4e4c-4944-80c2-8bf177124277,en,whitehall,2018-04-04T23:00:00.000Z,2019-02-28T11:31:25.000Z,,,39,"Tax on savings and investments,Tax efficient savings and investments,Money,Guidance for financial institutions,Tax on savings,Personal tax,GOV.UK homepage",HM Revenue & Customs,HM Revenue & Customs,2016 to 2019 May Conservative government,,,
https://www.gov.uk/guidance/sending-car-data-to-hmrc-payrolling-car-benefit,Sending car data to HMRC: payrolling car benefit and car fuel benefit,detailed_guide,3ae3d5a2-6a4e-4e2d-9121-4e7354087635,en,whitehall,2017-02-20T13:44:00.000Z,2020-04-06T14:01:44.000Z,,,39,"Dealing with HMRC,Business tax,Money,PAYE,GOV.UK homepage,Paying HMRC",HM Revenue & Customs,HM Revenue & Customs,2016 to 2019 May Conservative government,,,
https://www.gov.uk/guidance/classifying-ceramics,Classifying ceramics for import and export,detailed_guide,5c717370-7631-11e4-a3cb-005056011aef,en,whitehall,2012-08-02T11:17:00.000Z,2023-03-16T08:47:20.000Z,,,39,"Trade and investment,Business and industry,Commodity codes and reporting,Customs declarations, duties and tariffs (import and export),Importing,GOV.UK homepage,Money,UK Trade Tariff and classification of goods",HM Revenue & Customs,HM Revenue & Customs,2010 to 2015 Conservative and Liberal Democrat coalition government,,,
https://www.gov.uk/guidance/find-out-which-employers-are-exempt-from-online-payroll-reporting,Find out which employers are exempt from online payroll reporting,detailed_guide,5f56eedb-7631-11e4-a3cb-005056011aef,en,whitehall,2014-06-12T09:00:00.000Z,2020-04-06T07:45:36.000Z,,,39,"Money,PAYE,GOV.UK homepage,Business tax",HM Revenue & Customs,HM Revenue & Customs,2010 to 2015 Conservative and Liberal Democrat coalition government,,,
https://www.gov.uk/guidance/using-prepaid-debit-cards-for-profit-extraction-to-reduce-profits-and-disguise-income-spotlight-68,Using prepaid debit cards for profit extraction to reduce profits and disguise income (Spotlight 68),detailed_guide,8c99a99b-6473-4c2a-a0a3-6f1bedddd7c8,en,whitehall,2025-03-30T23:15:00.000Z,2025-03-30T23:15:00.000Z,,,39,"GOV.UK homepage,Dealing with HMRC,Tax avoidance,Tax evasion and avoidance,Money",HM Revenue & Customs,HM Revenue & Customs,2024 Starmer Labour government,,,
https://www.gov.uk/guidance/energy-technology-list,Energy Technology List (ETL),detailed_guide,aeaf6520-d961-42ba-8153-e23f15b16c40,en,whitehall,2015-05-14T23:00:00.000Z,2024-07-10T10:38:52.000Z,,,38,"Environment,Business and the environment,Low carbon technologies,Energy demand reduction,Business and industry,Energy infrastructure,Money,GOV.UK homepage",Department for Energy Security and Net Zero,Department for Energy Security and Net Zero,2015 to 2016 Cameron Conservative government,,,
https://www.gov.uk/guidance/capital-gains-tax-on-high-value-residential-property,Capital Gains Tax on high value residential property,detailed_guide,601f10ec-7631-11e4-a3cb-005056011aef,en,whitehall,2014-11-03T14:59:00.000Z,2019-04-05T23:15:04.000Z,,,38,"Money,Stamp duty and other tax on property,Personal tax,Business tax,Property,Annual Tax on Enveloped Dwellings,Capital Gains Tax,GOV.UK homepage",HM Revenue & Customs,HM Revenue & Customs,2010 to 2015 Conservative and Liberal Democrat coalition government,,,
https://www.gov.uk/vat-visits-inspections,VAT visits and inspections,answer,04ef2e82-10f7-419f-9f19-62fbc56122b8,en,publisher,2012-09-13T12:32:23.000Z,2014-12-11T10:46:48.000Z,,,38,"Money,Compliance checks,Tax compliance,VAT,GOV.UK homepage,Dealing with HMRC,Paying,Business tax",Government Digital Service,HM Revenue & Customs,,,,
https://www.gov.uk/guidance/statutory-sick-pay-employee-circumstances-that-affect-payment,Statutory Sick Pay: employee circumstances that affect payment,detailed_guide,5efc113a-7631-11e4-a3cb-005056011aef,en,whitehall,2014-03-14T15:39:00.000Z,2017-01-19T15:11:03.000Z,,,38,"PAYE,GOV.UK homepage,Money,Business tax",HM Revenue & Customs,HM Revenue & Customs,2010 to 2015 Conservative and Liberal Democrat coalition government,,,
https://www.gov.uk/guidance/get-access-to-the-alcohol-duty-online-service,Get access to the Alcohol Duty online service,detailed_guide,810515ed-93eb-4b4e-8a49-0bc137a175ff,en,whitehall,2024-12-11T00:00:00.000Z,2025-11-18T12:13:34.000Z,,,38,"Money,Alcohol duty,Business tax,GOV.UK homepage",HM Revenue & Customs,HM Revenue & Customs,2024 Starmer Labour government,,,
https://www.gov.uk/guidance/pay-no-customs-duty-or-vat-on-goods-for-disabled-people,Pay no Customs Duty or VAT on goods for disabled people,detailed_guide,ce9eeb6e-f0fc-4af1-9ebe-c5c7edc5be49,en,whitehall,2020-07-17T10:06:00.000Z,2023-04-14T13:37:29.000Z,,,37,"Business and industry,VAT,GOV.UK homepage,Disabled people,Education, training and skills,Importing,Special educational needs and disability (SEND) and high needs,Importing goods and services,Business tax,Money,Trade and investment,Health and social care",HM Revenue & Customs,HM Revenue & Customs,2019 to 2022 Johnson Conservative government,,,
https://www.gov.uk/expenses-and-benefits-congestion-and-clean-air-zone-charges,Expenses and benefits: congestion and clean air zone charges,guide,21ec2a55-31ca-4b2c-be9d-4c7626b0a5e7,en,publisher,2012-10-03T17:57:35.000Z,2016-04-05T23:01:15.609Z,,,37,"Money,GOV.UK homepage,Expenses and employee benefits",Government Digital Service,HM Revenue & Customs,,,,
https://www.gov.uk/guidance/taxable-fuel-provided-for-company-cars-and-vans-480-chapter-13,Taxable fuel provided for company cars and vans (480: Chapter 13),detailed_guide,50ee0aff-5ecb-4e5d-bb96-b49ff92bd959,en,whitehall,2019-12-30T00:00:00.000Z,2025-04-07T14:36:24.000Z,,,37,"PAYE,Money,GOV.UK homepage,Business tax",HM Revenue & Customs,HM Revenue & Customs,2019 to 2022 Johnson Conservative government,,,
https://www.gov.uk/guidance/classifying-plastics,Classifying plastics for import and export,detailed_guide,5c7179a2-7631-11e4-a3cb-005056011aef,en,whitehall,2012-08-03T10:54:00.000Z,2017-04-26T08:57:19.000Z,,,37,"Money,Commodity codes and reporting,Customs declarations, duties and tariffs (import and export),Trade and investment,Importing,UK Trade Tariff and classification of goods,GOV.UK homepage,Business and industry",HM Revenue & Customs,HM Revenue & Customs,2010 to 2015 Conservative and Liberal Democrat coalition government,,,
https://www.gov.uk/guidance/general-betting-duty-pool-betting-duty-and-remote-gaming-duty,"General Betting Duty, Pool Betting Duty and Remote Gaming Duty",detailed_guide,d79b70f8-2ff2-4e53-a8c6-a3aa25e3070e,en,whitehall,2014-08-13T23:00:00.000Z,2024-04-29T16:08:28.000Z,,,37,"General Betting Duty, Pool Betting Duty and Remote Gaming Duty,GOV.UK homepage,Business tax,Gambling duties,Money",HM Revenue & Customs,HM Revenue & Customs,2010 to 2015 Conservative and Liberal Democrat coalition government,,,
https://www.gov.uk/guidance/producing-scotch-whisky,Producing Scotch Whisky,detailed_guide,b21d29f4-1d81-4e86-88e0-fe4dc8945fb7,en,whitehall,2014-09-30T23:00:00.000Z,2025-07-09T11:10:20.000Z,,,37,"Money,GOV.UK homepage,Business tax,Alcohol duty",HM Revenue & Customs,HM Revenue & Customs,2010 to 2015 Conservative and Liberal Democrat coalition government,,,
https://www.gov.uk/guidance/mini-umbrella-company-fraud,Mini umbrella company fraud,detailed_guide,a801aca8-74e3-4bb5-8eb2-a24b423c594b,en,whitehall,2021-05-09T23:00:00.000Z,2025-08-04T12:27:34.000Z,,,37,"PAYE,Paying HMRC,Dealing with HMRC,Business tax,Tax compliance,Money,IR35: working through an intermediary,GOV.UK homepage,Work,PAYE ,VAT,Income Tax and National Insurance,Personal tax,Off-payroll working rules",HM Revenue & Customs,HM Revenue & Customs,2019 to 2022 Johnson Conservative government,,,
https://www.gov.uk/guidance/stamp-duty-land-tax-temporary-reduced-rates,Stamp Duty Land Tax: temporary reduced rates,detailed_guide,317b608f-a77b-493a-a57e-87a6d511953e,en,whitehall,2020-07-08T12:08:00.000Z,2021-06-08T09:19:30.000Z,,,37,"Money,GOV.UK homepage,Business tax,Stamp duty and other tax on property",HM Revenue & Customs,HM Revenue & Customs,2019 to 2022 Johnson Conservative government,,,
https://www.gov.uk/guidance/civil-penalties-for-contraventions-of-customs-law-customs-notice-301,Civil penalties for contraventions of customs law (Customs Notice 301),detailed_guide,93d9a960-e811-4c36-83ad-04c8bbbb9e40,en,whitehall,2021-10-08T11:30:26.000Z,2021-10-08T11:30:26.000Z,,,37,"Trade and investment,Money,Customs declarations, duties and tariffs (import and export),GOV.UK homepage,Business and industry,Dealing with HMRC",HM Revenue & Customs,HM Revenue & Customs,2019 to 2022 Johnson Conservative government,,,
https://www.gov.uk/guidance/how-to-value-goods-for-import-vat,How to value goods for import VAT,detailed_guide,d675df53-0c8c-4b5a-b9f3-0a65a942a0ad,en,whitehall,2021-04-20T23:00:00.000Z,2022-09-30T23:15:01.000Z,,,37,"Money,GOV.UK homepage,Business and industry,Importing goods and services,VAT,Business tax,Trade and investment,Importing",HM Revenue & Customs,HM Revenue & Customs,2019 to 2022 Johnson Conservative government,,,
https://www.gov.uk/guidance/register-a-partnership-as-a-subcontractor-or-apply-for-gross-payment-status,Register a partnership as a subcontractor or apply for gross payment status,detailed_guide,5227dd95-0170-4e5a-b729-ddb17fb52577,en,whitehall,2014-05-31T23:00:00.000Z,2025-02-26T15:07:05.000Z,,,36,"Construction Industry Scheme (CIS),Money,Business tax,GOV.UK homepage",HM Revenue & Customs,HM Revenue & Customs,2010 to 2015 Conservative and Liberal Democrat coalition government,,,
https://www.gov.uk/complain-about-someone-bankrupt,Complain about someone who's bankrupt,answer,542e6815-fb32-4020-910c-3d87e2e2cb12,en,publisher,2012-11-13T16:39:17.000Z,2014-12-18T11:33:29.000Z,,,36,"Court claims, debt and bankruptcy,Money,GOV.UK homepage",Government Digital Service,The Insolvency Service,,,,
https://www.gov.uk/guidance/annual-tax-on-enveloped-dwellings-pre-return-banding-checks,Annual Tax on Enveloped Dwellings: work out the value of your property,detailed_guide,905a6da9-1b0c-4d20-99be-4086750dd72d,en,whitehall,2014-03-03T00:00:00.000Z,2025-06-27T15:14:22.000Z,,,36,"Money,Stamp duty and other tax on property,GOV.UK homepage,Business tax,Annual Tax on Enveloped Dwellings",HM Revenue & Customs,HM Revenue & Customs,2010 to 2015 Conservative and Liberal Democrat coalition government,,,
https://www.gov.uk/guidance/treatment-of-vat-repayment-returns-and-supplements-notice-70058,Treatment of VAT repayment returns and supplements (VAT Notice 700/58),detailed_guide,b66ab8b4-5206-46c2-984e-dca5e8f91cf5,en,whitehall,2010-01-25T00:00:00.000Z,2023-01-06T15:28:57.000Z,,,36,"Charging VAT,GOV.UK homepage,Accounting for VAT,VAT,Business tax,Money",HM Revenue & Customs,HM Revenue & Customs,2007 to 2010 Brown Labour government,,,
https://www.gov.uk/guidance/get-relief-for-mineral-oil-put-to-certain-uses-excise-notice-184a,Get relief for mineral oil put to certain uses (Excise Notice 184A),detailed_guide,e82e8a3a-31d8-4c37-87ba-ac67ee59515c,en,whitehall,2009-07-31T23:00:00.000Z,2025-11-18T12:19:46.000Z,,,35,"Business and industry,Payments and reliefs (Fuel duty),Customs declarations, duties and tariffs (import and export),GOV.UK homepage,Trade and investment,Fuel Duty,Moving and storing goods,Business tax,Importing,Alcohol duty,Exporting,Money",HM Revenue & Customs,HM Revenue & Customs,2007 to 2010 Brown Labour government,,,
https://www.gov.uk/guidance/apply-to-be-an-isa-manager,Applications for ISA manager status,detailed_guide,05d00c06-45bf-4b92-bf4b-913353aa9807,en,whitehall,2018-04-04T23:00:00.000Z,2025-09-22T11:50:24.000Z,,,35,"Guidance for financial institutions,Tax on savings and investments,Personal tax,Money,GOV.UK homepage",HM Revenue & Customs,HM Revenue & Customs,2016 to 2019 May Conservative government,,,
https://www.gov.uk/guidance/changes-and-issues-affecting-the-corporation-tax-online-service,Changes and issues affecting the Corporation Tax online service,detailed_guide,73a38eae-f0a5-4067-87ec-500b994682eb,en,whitehall,2022-03-04T00:00:00.000Z,2026-02-05T11:53:20.000Z,,,35,"Software development for HMRC,Corporation Tax,Dealing with HMRC,Money,GOV.UK homepage,Business tax",HM Revenue & Customs,HM Revenue & Customs,2019 to 2022 Johnson Conservative government,,,
https://www.gov.uk/guidance/innovative-finance-isa-investments-for-isa-managers,Innovative finance ISA investments for ISA managers,detailed_guide,e0bbecf3-56a5-468d-a211-ce8e4e2fb8a3,en,whitehall,2018-04-04T23:00:00.000Z,2024-09-19T13:32:52.000Z,,,35,"Money,GOV.UK homepage,Personal tax,Tax on savings and investments",HM Revenue & Customs,HM Revenue & Customs,2016 to 2019 May Conservative government,,,
https://www.gov.uk/expenses-and-benefits-christmas-bonuses/what-to-report-and-pay,Expenses and benefits: Christmas bonuses: What to report and pay,guide,8243f3b6-d274-42ee-9d89-0bfc7f06c79d,en,publisher,2012-09-13T12:46:46.000Z,2016-04-05T23:01:14.059Z,,,35,"Expenses and employee benefits,Business tax,Money,GOV.UK homepage",Government Digital Service,HM Revenue & Customs,,,,
https://www.gov.uk/guidance/when-travel-qualifies-for-tax-relief-490-chapter-2,When travel qualifies for tax relief (490: Chapter 2),detailed_guide,954b03e7-a84e-4902-90b3-d136ca8f74fa,en,whitehall,2014-03-28T00:00:00.000Z,2014-03-28T00:00:00.000Z,,,35,"PAYE,GOV.UK homepage,Money,Business tax",HM Revenue & Customs,HM Revenue & Customs,2010 to 2015 Conservative and Liberal Democrat coalition government,,,
https://www.gov.uk/guidance/check-when-aggregates-levy-applies,Check when Aggregates Levy applies,detailed_guide,ee21a334-fd7e-477b-a7a1-2c4ead15a6f0,en,whitehall,2020-10-09T14:25:00.000Z,2023-10-01T00:00:05.000Z,,,35,"Business and industry,GOV.UK homepage,Aggregates Levy,Money,Business tax,Business and the environment",HM Revenue & Customs,HM Revenue & Customs,2019 to 2022 Johnson Conservative government,,,
https://www.gov.uk/guidance/information-youll-need-to-give-to-uk-cryptoasset-service-providers,Information you need to give to UK cryptoasset service providers,detailed_guide,52c834c7-b8b2-466a-974a-dd9cc195a2c4,en,whitehall,2025-05-13T23:00:00.000Z,2026-01-01T00:15:01.000Z,,,34,"Money,Personal tax,Paying HMRC,GOV.UK homepage,Dealing with HMRC",HM Revenue & Customs,HM Revenue & Customs,2024 Starmer Labour government,,,
https://www.gov.uk/guidance/get-your-overlap-relief-figure,Get your overlap relief figure,detailed_guide,aae16722-956e-4b2c-a7b9-36bdbb7adbf3,en,whitehall,2023-09-10T23:00:00.000Z,2025-05-13T13:25:43.000Z,,,34,"Self Assessment,Personal tax,GOV.UK homepage,Money",HM Revenue & Customs,HM Revenue & Customs,2022 to 2024 Sunak Conservative government,,,
https://www.gov.uk/guidance/burial-cremation-and-commemoration-of-the-dead-notice-70132,"Burial, cremation and commemoration of the dead (VAT Notice 701/32)",detailed_guide,8c258b62-cdfa-497a-a087-433ec54bb06f,en,whitehall,2012-01-30T00:00:00.000Z,2024-02-29T12:00:03.000Z,,,34,"Rules for particular trades,GOV.UK homepage,Business tax,VAT,Money",HM Revenue & Customs,HM Revenue & Customs,2010 to 2015 Conservative and Liberal Democrat coalition government,,,
https://www.gov.uk/guidance/vat-road-fuel-scale-charges-from-1-may-2024-to-30-april-2025,VAT road fuel scale charges from 1 May 2024 to 30 April 2025,detailed_guide,575d2001-b67f-4859-adec-f9770f34a23b,en,whitehall,2024-04-17T09:00:09.000Z,2024-04-17T09:00:09.000Z,,,34,"Business tax,Fuel Duty,Money,GOV.UK homepage",HM Revenue & Customs,HM Revenue & Customs,2022 to 2024 Sunak Conservative government,,,
https://www.gov.uk/guidance/business-journeys-tax-relief-490-chapter-5,Business journeys tax relief (490: Chapter 5),detailed_guide,48856c55-d0fe-42e2-b698-b680bbfb9b17,en,whitehall,2014-03-28T00:00:00.000Z,2014-03-28T00:00:00.000Z,,,34,"Money,GOV.UK homepage,PAYE,Business tax",HM Revenue & Customs,HM Revenue & Customs,2010 to 2015 Conservative and Liberal Democrat coalition government,,,
https://www.gov.uk/guidance/send-your-aggregates-levy-return-online,Send your Aggregates Levy return online,detailed_guide,2b27fb8a-8df5-4add-bc17-8501d122750d,en,whitehall,2018-09-17T23:00:00.000Z,2024-03-28T15:24:27.000Z,,,33,"GOV.UK homepage,Business tax,Money,Aggregates Levy",HM Revenue & Customs,HM Revenue & Customs,2016 to 2019 May Conservative government,,,
https://www.gov.uk/guidance/employee-gets-tips-gratuities-or-service-charges-through-a-tronc,"Employee gets tips, gratuities or service charges through a tronc",detailed_guide,5f15707f-7631-11e4-a3cb-005056011aef,en,whitehall,2014-06-12T09:01:00.000Z,2014-06-12T09:01:00.000Z,,,33,"PAYE,GOV.UK homepage,Special types of employee pay,Money,Business tax",HM Revenue & Customs,HM Revenue & Customs,2010 to 2015 Conservative and Liberal Democrat coalition government,,,
https://www.gov.uk/guidance/decide-if-you-need-to-register-for-plastic-packaging-tax,Definitions of finished components and substantial modifications for Plastic Packaging Tax,detailed_guide,76b218a9-044c-477b-98e6-0c05b111fd82,en,whitehall,2021-11-04T09:30:00.000Z,2023-09-05T11:43:35.000Z,,,33,"GOV.UK homepage,Money,Business tax",HM Revenue & Customs,HM Revenue & Customs,2019 to 2022 Johnson Conservative government,,,
https://www.gov.uk/guidance/prepare-to-work-out-the-customs-value-of-your-imported-goods,Prepare to work out the customs value of your imported goods,detailed_guide,ffd574e1-92f1-4649-a36d-de530cf64fb0,en,whitehall,2022-11-03T00:00:00.000Z,2024-10-28T11:12:14.000Z,,,33,"Customs declarations, duties and tariffs (import and export),Money,Business and industry,VAT,GOV.UK homepage,Trade and investment,Importing,Business tax",HM Revenue & Customs,HM Revenue & Customs,2022 to 2024 Sunak Conservative government,,,
https://www.gov.uk/guidance/pension-administrators-member-transfers,Transfer a pension scheme member's savings,detailed_guide,5fe9e3c2-7631-11e4-a3cb-005056011aef,en,whitehall,2014-09-15T23:00:00.000Z,2025-12-15T12:00:04.000Z,,,33,"Pension scheme administration,Administering a pension scheme,GOV.UK homepage,Business tax,Money",HM Revenue & Customs,HM Revenue & Customs,2010 to 2015 Conservative and Liberal Democrat coalition government,,,
https://www.gov.uk/guidance/archiving-your-trade-documents,Archiving your trade documents,detailed_guide,5c76593b-7631-11e4-a3cb-005056011aef,en,whitehall,2012-10-07T23:00:00.000Z,2024-08-13T10:13:35.000Z,,,33,"Business and industry,Money,GOV.UK homepage,Customs declarations, duties and tariffs (import and export),Trade and investment,Environment,Rural and countryside",HM Revenue & Customs,HM Revenue & Customs,2010 to 2015 Conservative and Liberal Democrat coalition government,,,
https://www.gov.uk/guidance/register-for-plastic-packaging-tax,Register for Plastic Packaging Tax,detailed_guide,e5ae44c0-70f0-4f5e-a78b-a4922bd74bcf,en,whitehall,2021-11-04T09:30:00.000Z,2023-07-05T14:26:02.000Z,,,33,"Business tax,Money,GOV.UK homepage",HM Revenue & Customs,HM Revenue & Customs,2019 to 2022 Johnson Conservative government,,,
https://www.gov.uk/guidance/transport-document-completion,Transport document completion,detailed_guide,5c71d164-7631-11e4-a3cb-005056011aef,en,whitehall,2012-10-16T09:26:00.000Z,2012-10-16T09:26:00.000Z,,,33,"Customs declarations, duties and tariffs (import and export),Trade and investment,Money,GOV.UK homepage,Business and industry",HM Revenue & Customs,HM Revenue & Customs,2010 to 2015 Conservative and Liberal Democrat coalition government,,,
https://www.gov.uk/vat-motor-dealers,VAT when you buy a vehicle to sell on,answer,3c16cca1-d026-4f78-8721-863f8d3b8582,en,publisher,2014-07-17T12:12:03.000Z,2018-12-10T16:27:16.652Z,,,33,"Money,Business tax,GOV.UK homepage,Rules for particular trades,VAT",Government Digital Service,HM Revenue & Customs,,,,
https://www.gov.uk/expenses-and-benefits-counselling,Expenses and benefits: counselling for employees,answer,94175700-948c-4887-992d-a4a2adc4718b,en,publisher,2012-09-13T12:43:21.000Z,2017-08-15T10:01:24.421Z,,,33,"Expenses and employee benefits,GOV.UK homepage,Money",Government Digital Service,HM Revenue & Customs,,,,
https://www.gov.uk/guidance/basic-guide-for-xml-software-developers,Basic guide for XML software developers,detailed_guide,1e3b957b-2a7e-4739-8c0f-777bf8bca188,en,whitehall,2013-11-27T00:00:00.000Z,2013-11-27T00:00:00.000Z,,,33,"Software development for HMRC,New to HMRC development,Money,Dealing with HMRC,GOV.UK homepage",HM Revenue & Customs,HM Revenue & Customs,2010 to 2015 Conservative and Liberal Democrat coalition government,,,
https://www.gov.uk/guidance/apply-to-join-the-vat-annual-accounting-scheme,Apply to join the VAT Annual Accounting Scheme,detailed_guide,608f0724-d0da-4015-9989-74d816bca7c3,en,whitehall,2024-11-22T00:00:00.000Z,2024-11-22T00:00:00.000Z,,,33,"Money,VAT,GOV.UK homepage,Business tax",HM Revenue & Customs,HM Revenue & Customs,2024 Starmer Labour government,,,
https://www.gov.uk/guidance/keeping-your-hmrc-login-details-safe,Keeping your HMRC sign in details safe,detailed_guide,f869c534-7030-403a-a91d-7c06c2db21cd,en,whitehall,2022-10-27T23:00:00.000Z,2025-12-15T14:19:54.000Z,,,33,"Dealing with HMRC,Money,Phishing and scams,GOV.UK homepage",HM Revenue & Customs,HM Revenue & Customs,2022 to 2024 Sunak Conservative government,,,
https://www.gov.uk/guidance/charging-vat-when-using-an-online-marketplace-to-sell-goods-to-customers-in-the-uk,Charging VAT when using an online marketplace to sell goods to customers in the UK,detailed_guide,1ee970a5-edbe-4b63-aebb-0c5381165933,en,whitehall,2023-03-08T00:00:00.000Z,2025-06-20T13:46:34.000Z,,,33,"GOV.UK homepage,Money,Importing goods and services,VAT,Business tax,Overseas businesses and UK VAT",HM Revenue & Customs,HM Revenue & Customs,2022 to 2024 Sunak Conservative government,,,
https://www.gov.uk/guidance/selling-second-hand-vehicles-using-a-vat-margin-scheme,Selling second-hand vehicles using a VAT margin scheme,detailed_guide,53c54f13-d059-4890-850a-a05c8b27c841,en,whitehall,2021-12-23T13:28:00.000Z,2021-12-23T13:28:00.000Z,,,32,"Charging VAT,Accounting for VAT,VAT,GOV.UK homepage,Business tax,Money",HM Revenue & Customs,HM Revenue & Customs,2019 to 2022 Johnson Conservative government,,,
https://www.gov.uk/guidance/receive-income-tax-or-paye-repayments-on-behalf-of-others,Receive Income Tax or PAYE repayments on behalf of others,detailed_guide,05484009-790c-48ce-943a-615a86e73ee5,en,whitehall,2023-10-30T00:00:00.000Z,2025-04-05T23:15:14.000Z,,,32,"Income Tax,Money,GOV.UK homepage,Tax agent and adviser guidance,Personal tax,Business tax,Dealing with HMRC,PAYE",HM Revenue & Customs,HM Revenue & Customs,2022 to 2024 Sunak Conservative government,,,
https://www.gov.uk/guidance/check-how-to-submit-a-self-assessment-tax-return-using-commercial-software,Check how to submit a Self Assessment tax return using commercial software,detailed_guide,14e90b46-767f-4bb9-8944-a866d432c0bd,en,whitehall,2026-02-09T11:00:00.000Z,2026-02-09T11:00:00.000Z,,,32,"Personal tax,Self Assessment,GOV.UK homepage,Money,Filing a tax return",HM Revenue & Customs,HM Revenue & Customs,2024 Starmer Labour government,,,
https://www.gov.uk/guidance/how-to-manage-an-isa-investment-fund,How to manage an ISA investment fund,detailed_guide,7e1c0919-96ff-4867-896b-0cae1b890ce0,en,whitehall,2018-04-04T23:00:00.000Z,2024-04-30T07:40:07.000Z,,,32,"Money,Tax on savings and investments,GOV.UK homepage,Personal tax",HM Revenue & Customs,HM Revenue & Customs,2016 to 2019 May Conservative government,,,
https://www.gov.uk/guidance/claim-vat-refunds-in-northern-ireland-or-the-eu-if-youre-established-in-northern-ireland-or-in-the-eu,"Claim VAT refunds in Northern Ireland or the EU, if you’re established in Northern Ireland or in the EU",detailed_guide,1dfec44d-5d28-4b62-8649-955d6d25b2ed,en,whitehall,2020-12-31T23:00:00.000Z,2022-11-18T08:28:40.000Z,,,32,"VAT,Government,Business tax,Brexit,GOV.UK homepage,Money",HM Revenue & Customs,HM Revenue & Customs,2019 to 2022 Johnson Conservative government,,,
https://www.gov.uk/guidance/check-if-you-can-claim-super-deduction-or-special-rate-first-year-allowances,Check if you can claim super-deduction or special rate first year allowances,detailed_guide,7fbdab74-0ecf-4598-9d52-0330b2abe8ae,en,whitehall,2022-05-26T23:00:00.000Z,2024-08-06T13:37:35.000Z,,,32,"Money,Business tax,GOV.UK homepage,Capital allowances",HM Revenue & Customs,HM Revenue & Customs,2019 to 2022 Johnson Conservative government,,,
https://www.gov.uk/guidance/mileage-allowance-payments-480-appendix-3,Mileage Allowance Payments (480: Appendix 3),detailed_guide,1eaaa6e5-474d-4714-874b-bce247296d82,en,whitehall,2019-12-30T15:03:06.000Z,2019-12-30T15:03:06.000Z,,,32,"GOV.UK homepage,Business tax,PAYE,Money",HM Revenue & Customs,HM Revenue & Customs,2019 to 2022 Johnson Conservative government,,,
https://www.gov.uk/insolvency-and-your-vat,Insolvency and your VAT,answer,9666a998-bded-4e58-876c-ce8f392fb68e,en,publisher,2012-09-13T12:35:30.000Z,2014-09-24T14:59:20.000Z,,,32,"Paying,GOV.UK homepage,VAT,Money,Business tax",Government Digital Service,HM Revenue & Customs,,,,
https://www.gov.uk/guidance/vat-part-exchanges-barters-and-set-offs,"VAT: part-exchanges, barters and set-offs",detailed_guide,5f142d26-7631-11e4-a3cb-005056011aef,en,whitehall,2014-06-30T23:00:00.000Z,2014-06-30T23:00:00.000Z,,,32,"Accounting for VAT,VAT,Money,Business tax,GOV.UK homepage,Charging VAT",HM Revenue & Customs,HM Revenue & Customs,2010 to 2015 Conservative and Liberal Democrat coalition government,,,
https://www.gov.uk/guidance/pay-no-import-duties-or-vat-on-importing-goods-for-testing,Pay no import duties or VAT on importing goods for testing,detailed_guide,570d75fe-4e04-418f-9056-1235383a313c,en,whitehall,2020-06-29T08:42:00.000Z,2023-04-14T13:37:10.000Z,,,31,"Importing goods and services,Money,Exporting goods and services,Customs declarations, duties and tariffs (import and export),Business and industry,Trade and investment,Business tax,GOV.UK homepage,VAT",HM Revenue & Customs,HM Revenue & Customs,2019 to 2022 Johnson Conservative government,,,
https://www.gov.uk/guidance/registration-scheme-for-racehorse-owners-notice-70067,Registration scheme for racehorse owners (VAT Notice 700/67),detailed_guide,3d1302f2-1058-4be3-a385-bf4c75309db3,en,whitehall,2002-01-12T00:00:00.000Z,2018-07-24T14:10:44.000Z,,,31,"Accounting for VAT,VAT,GOV.UK homepage,Money,Dealing with HMRC,Business tax,Charging VAT,Rules for particular trades,Tax agent and adviser guidance",HM Revenue & Customs,HM Revenue & Customs,1997 to 2007 Blair Labour government,,,
https://www.gov.uk/guidance/register-to-carry-out-digital-platform-reporting,Register as a digital platform operator,detailed_guide,20fe2acf-f5e5-4e2d-9a41-dd028fbbddc5,en,whitehall,2024-12-30T00:00:00.000Z,2024-12-30T00:00:00.000Z,,,31,"Business tax,GOV.UK homepage,International tax,Money",HM Revenue & Customs,HM Revenue & Customs,2024 Starmer Labour government,,,
https://www.gov.uk/guidance/check-which-plastic-packaging-is-exempt-from-plastic-packaging-tax,Check which packaging is not subject to Plastic Packaging Tax,detailed_guide,e4a86844-d519-439c-a062-62b3d9f681d2,en,whitehall,2021-11-04T09:30:00.000Z,2022-10-12T08:31:54.000Z,,,31,"Business tax,GOV.UK homepage,Money",HM Revenue & Customs,HM Revenue & Customs,2019 to 2022 Johnson Conservative government,,,
https://www.gov.uk/guidance/aggregates-levy-register-or-change-your-details,Register for Aggregates Levy,detailed_guide,cc8ec627-7ffc-4c54-8548-218cabb044d2,en,whitehall,2014-12-12T00:00:00.000Z,2024-03-28T15:26:20.000Z,,,31,"Business tax,GOV.UK homepage,Money,Aggregates Levy",HM Revenue & Customs,HM Revenue & Customs,2010 to 2015 Conservative and Liberal Democrat coalition government,,,
https://www.gov.uk/guidance/company-expenses-you-can-deduct-before-paying-corporation-tax,Company expenses you can deduct before paying Corporation Tax,detailed_guide,e87f88e1-1209-45a9-8abf-ea0c03906b6d,en,whitehall,2025-11-11T00:00:00.000Z,2025-11-11T00:00:00.000Z,,,31,"Money,Corporation Tax,Business tax,GOV.UK homepage",HM Revenue & Customs,HM Revenue & Customs,2024 Starmer Labour government,,,
https://www.gov.uk/guidance/claim-back-an-import-security-deposit-or-guarantee,Claim back an import security deposit or guarantee,detailed_guide,6e68fe5a-e658-4f30-b86e-bc005553fc40,en,whitehall,2025-03-30T23:00:00.000Z,2025-06-20T07:09:55.000Z,,,31,"Customs declarations, duties and tariffs (import and export),Trade and investment,Money,GOV.UK homepage,VAT,Business tax,Importing goods and services,Business and industry",HM Revenue & Customs,HM Revenue & Customs,2024 Starmer Labour government,,,
https://www.gov.uk/expenses-and-benefits-holidays,Expenses and benefits: holidays,guide,729529cf-2040-41ab-9479-e0e8b051571c,en,publisher,2012-09-13T12:50:59.000Z,2016-04-05T23:01:20.023Z,,,31,"Business tax,Personal tax,Expenses and employee benefits,Running a business,Business and industry,Driving and road transport,Transport,Money,Employing people,GOV.UK homepage",Government Digital Service,HM Revenue & Customs,,,,
https://www.gov.uk/guidance/insolvency-service-related-scams-and-fraud,Insolvency Service related scams and fraud,detailed_guide,6b5f2533-7eab-4a2a-a90f-081769413158,en,whitehall,2024-08-20T23:00:00.000Z,2024-08-20T23:00:00.000Z,,,31,"Court claims, debt and bankruptcy,Business and industry,Business debt and bankruptcy,Money,GOV.UK homepage,Running a business",The Insolvency Service,The Insolvency Service,2024 Starmer Labour government,,,
https://www.gov.uk/guidance/find-out-how-the-changes-to-the-loan-charge-affect-you,Find out how the changes to the loan charge affect you,detailed_guide,d3482082-7184-4e41-86c3-7eb4604b3a08,en,whitehall,2020-01-20T00:00:00.000Z,2025-12-16T14:15:15.000Z,,,31,"Paying your tax bill,Filing a tax return,Tax avoidance,Personal tax,Tax evasion and avoidance,Money,Dealing with HMRC,GOV.UK homepage,Tax agent and adviser guidance,Disguised remuneration schemes,Self Assessment",HM Revenue & Customs,HM Revenue & Customs,2019 to 2022 Johnson Conservative government,,,
https://www.gov.uk/guidance/tell-hmrc-about-an-underpayment-of-customs-duty-or-import-vat,Tell HMRC about an underpayment of import charges on an import declaration made in CHIEF,detailed_guide,c9e34926-dc19-4abd-bb86-92e7c13598f3,en,whitehall,2021-11-30T00:00:00.000Z,2024-10-22T07:44:59.000Z,,,31,"Business and industry,VAT,Money,Customs declarations, duties and tariffs (import and export),Importing goods and services,Business tax,Trade and investment,GOV.UK homepage",HM Revenue & Customs,HM Revenue & Customs,2019 to 2022 Johnson Conservative government,,,
https://www.gov.uk/guidance/voluntary-and-community-sector-organisations-who-can-give-you-extra-support,Voluntary and community sector organisations who can give you extra support,detailed_guide,c623cef0-4faa-4b73-8d3c-100a90e16829,en,whitehall,2022-07-27T23:00:00.000Z,2024-04-05T14:34:16.000Z,,,31,"Dealing with HMRC,GOV.UK homepage,Money,Personal tax",HM Revenue & Customs,HM Revenue & Customs,2019 to 2022 Johnson Conservative government,,,
https://www.gov.uk/guidance/research-and-development-tax-relief-advance-assurance,Apply for advance assurance on a Research and Development (R&D) tax relief claim,detailed_guide,a857991d-f2f0-4cc1-ac5c-f0f1ac5cf59d,en,whitehall,2015-11-30T00:00:00.000Z,2023-07-21T08:04:30.000Z,,,31,"GOV.UK homepage,Business tax,Money,Science and innovation,Scientific research and development,Corporation Tax,Business and industry",HM Revenue & Customs,HM Revenue & Customs,2015 to 2016 Cameron Conservative government,,,
https://www.gov.uk/guidance/check-if-you-need-to-pay-tax-when-you-receive-cryptoassets,Check if you need to pay tax when you receive cryptoassets,detailed_guide,50f96a44-5bda-4d2e-824b-855fd178c38d,en,whitehall,2018-12-19T00:00:00.000Z,2025-04-28T13:45:35.000Z,,,31,"Special types of pay,Income Tax and National Insurance,GOV.UK homepage,Dealing with HMRC,Paying HMRC,Money,Personal tax,Income Tax",HM Revenue & Customs,HM Revenue & Customs,2016 to 2019 May Conservative government,,,
https://www.gov.uk/guidance/help-and-support-for-company-directors,"HMRC email updates, videos and webinars for company directors",detailed_guide,e997befc-dbef-4f33-9c75-d1ca51802bd6,en,whitehall,2017-09-05T23:00:00.000Z,2026-02-02T10:29:57.000Z,,,30,"National Insurance,PAYE,Money,Dealing with HMRC,Personal tax,GOV.UK homepage,Paying HMRC,Business tax",HM Revenue & Customs,HM Revenue & Customs,2016 to 2019 May Conservative government,,,
https://www.gov.uk/guidance/check-if-you-can-use-a-vat-margin-scheme-if-you-import-from-or-export-to-countries-outside-the-uk,"Check if you can use a VAT margin scheme if you import from, or export to, countries outside the UK",detailed_guide,4f56352d-5956-4c37-bc4a-431f93f2d226,en,whitehall,2021-12-23T13:28:00.000Z,2021-12-23T13:28:00.000Z,,,30,"Accounting for VAT,GOV.UK homepage,Business tax,Money,VAT,Charging VAT",HM Revenue & Customs,HM Revenue & Customs,2019 to 2022 Johnson Conservative government,,,
https://www.gov.uk/guidance/work-related-training-480-appendix-9,Work-related training (480: Appendix 9),detailed_guide,19ac0c11-86c3-464a-8646-1674916707bc,en,whitehall,2019-12-30T15:05:42.000Z,2019-12-30T15:05:42.000Z,,,30,"GOV.UK homepage,PAYE,Money,Business tax",HM Revenue & Customs,HM Revenue & Customs,2019 to 2022 Johnson Conservative government,,,
https://www.gov.uk/guidance/statutory-maternity-pay-business-changes-that-affect-payment,Statutory Maternity Pay: business changes that affect payment,detailed_guide,5f11784a-7631-11e4-a3cb-005056011aef,en,whitehall,2014-03-18T17:38:00.000Z,2020-07-16T14:49:37.000Z,,,30,"Business tax,GOV.UK homepage,PAYE,Money",HM Revenue & Customs,HM Revenue & Customs,2010 to 2015 Conservative and Liberal Democrat coalition government,,,
https://www.gov.uk/guidance/contact-the-adjudicators-office,Contact the Adjudicator's Office,detailed_guide,c59cf546-b5b3-490e-b848-3cf55ecef2cc,en,whitehall,2019-07-25T23:00:00.000Z,2026-01-05T12:50:18.000Z,,,30,"Complaints and appeals,Money,Government efficiency, transparency and accountability,Dealing with HMRC,GOV.UK homepage,Government",The Adjudicator’s Office,The Adjudicator’s Office,2019 to 2022 Johnson Conservative government,,,
https://www.gov.uk/guidance/alcoholic-ingredients-relief-excise-notice-41,Alcoholic Ingredients Relief (Excise Notice 41),detailed_guide,69b3e7d0-d4ea-44b6-9c46-a8ac440a6d16,en,whitehall,2013-03-31T23:00:00.000Z,2025-11-18T12:49:26.000Z,,,30,"GOV.UK homepage,Alcohol duty,Money,Business tax",HM Revenue & Customs,HM Revenue & Customs,2010 to 2015 Conservative and Liberal Democrat coalition government,,,
https://www.gov.uk/guidance/brewing-beer-rules-and-regulations-for-commercial-brewing,Brewing beer: rules and regulations for commercial brewing,detailed_guide,38c03f44-f259-4c5e-b77e-41052c6f3efb,en,whitehall,2025-03-07T00:00:00.000Z,2025-11-05T16:50:29.000Z,,,30,"Business tax,Money,Business and industry,Sale of goods and services and data protection,Alcohol duty,Business regulation,GOV.UK homepage",Department for Business and Trade,"Department for Business and Trade,Department for Environment, Food & Rural Affairs,Department of Health and Social Care,Home Office,HM Revenue & Customs,Food Standards Agency,Environment Agency,Health and Safety Executive",2024 Starmer Labour government,,,
https://www.gov.uk/guidance/buying-second-hand-vehicles-using-a-vat-margin-scheme,Buying second-hand vehicles using a VAT margin scheme,detailed_guide,8ad12c95-d58b-4a75-a60d-ac4504555834,en,whitehall,2021-12-23T13:28:00.000Z,2021-12-23T13:28:00.000Z,,,30,"Accounting for VAT,VAT,Business tax,Charging VAT,Money,GOV.UK homepage",HM Revenue & Customs,HM Revenue & Customs,2019 to 2022 Johnson Conservative government,,,
https://www.gov.uk/guidance/apply-for-an-exemption-from-making-tax-digital-for-vat,Applying for an exemption from Making Tax Digital for VAT,detailed_guide,fac1795b-a6ce-4053-bf51-b6984bf2abbd,en,whitehall,2020-01-07T00:00:00.000Z,2024-10-29T13:52:29.000Z,,,30,"VAT returns,VAT,Money,GOV.UK homepage,Business tax",HM Revenue & Customs,HM Revenue & Customs,2019 to 2022 Johnson Conservative government,,,
https://www.gov.uk/guidance/software-developers-providing-entry-summary-declaration-support,Software developers providing entry summary declaration support,detailed_guide,99f2094e-5035-421d-9c6d-e8281f286e00,en,whitehall,2020-12-22T00:00:00.000Z,2025-12-16T10:37:22.000Z,,,30,"Customs declarations, duties and tariffs (import and export),New to HMRC development,Business and industry,Software development support,Trade and investment,GOV.UK homepage,Software development for HMRC,Dealing with HMRC,Money",HM Revenue & Customs,HM Revenue & Customs,2019 to 2022 Johnson Conservative government,,,
https://www.gov.uk/guidance/rates-and-thresholds-for-employers-2018-to-2019,Rates and thresholds for employers 2018 to 2019,detailed_guide,56919b57-94a5-4595-8e68-509200816a33,en,whitehall,2018-01-04T12:29:00.000Z,2019-02-22T10:10:45.000Z,,,30,"GOV.UK homepage,Dealing with HMRC,Business tax,Money,PAYE,Tax agent and adviser guidance",HM Revenue & Customs,HM Revenue & Customs,2016 to 2019 May Conservative government,,,
https://www.gov.uk/guidance/vat-and-tax-warehousing-notice-70210,Tax warehousing (VAT Notice 702/10),detailed_guide,8a5e1756-a6a7-4b75-8387-6f06e3804d04,en,whitehall,2012-10-11T23:00:00.000Z,2025-02-01T00:15:05.000Z,,,30,"Dealing with HMRC,Paying HMRC,Exporting goods and services,Running a business,Business and industry,Business tax,Overseas companies and European companies,VAT,Importing goods and services,Trade and investment,Limited companies and partnerships,Accounting for VAT,Overseas businesses and UK VAT,GOV.UK homepage,Money,Charging VAT",HM Revenue & Customs,HM Revenue & Customs,2010 to 2015 Conservative and Liberal Democrat coalition government,,,
https://www.gov.uk/guidance/how-to-tell-hmrc-about-a-lump-sum-death-benefit-charge,How to tell HMRC about a lump sum death benefit charge,detailed_guide,3dfadff4-2623-4fba-939d-38516af1d585,en,whitehall,2024-04-05T23:00:00.000Z,2024-08-23T09:54:35.000Z,,,29,"Income Tax,Personal tax,Money,GOV.UK homepage,Pensions",HM Revenue & Customs,HM Revenue & Customs,2022 to 2024 Sunak Conservative government,,,
https://www.gov.uk/guidance/how-to-get-an-agent-reference-number-for-vat,How to get an agent reference number for VAT,detailed_guide,7cdd4187-4f4d-4783-bd2a-7896654a4c80,en,whitehall,2022-09-07T11:36:36.000Z,2022-09-07T11:36:36.000Z,,,29,"Dealing with HMRC,GOV.UK homepage,Tax agent and adviser guidance,Money",HM Revenue & Customs,HM Revenue & Customs,2022 Truss Conservative government,,,
https://www.gov.uk/guidance/repair-and-rateable-value,Repair and rateable value,detailed_guide,f5d7d78c-38da-48d7-a574-6706c50950ae,en,whitehall,2016-01-22T10:07:00.000Z,2023-12-20T14:35:21.000Z,,,29,"Housing, local and community,Your rateable value,Regional and local government,GOV.UK homepage,Local government,Business rates,Money",Valuation Office Agency,Valuation Office Agency,2015 to 2016 Cameron Conservative government,,,
https://www.gov.uk/guidance/paying-corporation-tax-if-youre-a-non-resident-company-landlord,Paying Corporation Tax if you’re a non-resident company landlord,detailed_guide,4ffb73fa-e8b5-4c5e-8241-d7909e59b34a,en,whitehall,2020-01-15T15:07:00.000Z,2021-03-18T15:17:27.000Z,,,29,"Personal tax,Corporation Tax,Business tax,Non-resident landlord scheme,GOV.UK homepage,Money",HM Revenue & Customs,HM Revenue & Customs,2019 to 2022 Johnson Conservative government,,,
https://www.gov.uk/expenses-benefits-sporting-recreational-facilities/whats-exempt,Expenses and benefits: sporting or recreational facilities: What's exempt,guide,4e277dc9-faeb-41cc-b76e-2dc7cb0b6e2f,en,publisher,2012-10-03T18:08:14.000Z,2016-04-05T23:01:24.129Z,,,28,"Business tax,GOV.UK homepage,Money,Expenses and employee benefits",Government Digital Service,HM Revenue & Customs,,,,
https://www.gov.uk/expenses-benefits-income-tax-paid-directors-behalf,Expenses and benefits: income tax paid on directors' behalf,guide,0cb284f1-1b67-43b7-b947-5b57a8dd6e48,en,publisher,2012-10-03T18:03:38.000Z,2012-10-16T19:28:42.000Z,,,28,"Business tax,Money,Personal tax,GOV.UK homepage",Government Digital Service,HM Revenue & Customs,,,,
https://www.gov.uk/guidance/supplementary-pages-ct600a-2015-version-3-close-company-loans-and-arrangements-to-confer-benefits-on-participators,Supplementary pages CT600A (2015) version 3: close company loans and arrangements to confer benefits on participators,detailed_guide,6479d6f2-ca6f-4416-ba51-236dc0e7cb9a,en,whitehall,2022-09-29T23:00:00.000Z,2025-01-10T08:51:53.000Z,,,28,"GOV.UK homepage,Business and industry,Corporation Tax,Business tax,Business auditing, accounting and reporting,Running a business,Money",HM Revenue & Customs,HM Revenue & Customs,2022 Truss Conservative government,,,
https://www.gov.uk/guidance/biofuels-and-other-fuel-substitutes-excise-notice-179e-from-1-april-2022,Biofuels and fuel substitutes (Excise Notice 179e) from 1 April 2022,detailed_guide,92c49109-e8b4-47e9-bdbd-6980dfbf873a,en,whitehall,2022-03-31T23:00:00.000Z,2025-11-18T12:26:33.000Z,,,28,"Money,Business tax,GOV.UK homepage,Fuel Duty",HM Revenue & Customs,HM Revenue & Customs,2019 to 2022 Johnson Conservative government,,,
https://www.gov.uk/guidance/joint-and-several-liability-for-unpaid-vat-notice-726,Joint and several liability for unpaid VAT (VAT Notice 726),detailed_guide,a2dd332b-b858-4f11-9173-46521d41eff6,en,whitehall,2008-04-02T07:00:00.000Z,2020-12-31T23:00:24.000Z,,,28,"Business tax,Accounting for VAT,Money,VAT,GOV.UK homepage",HM Revenue & Customs,HM Revenue & Customs,2007 to 2010 Brown Labour government,,,
https://www.gov.uk/expenses-and-benefits-personal-bills/what-to-report-and-pay,Expenses and benefits: personal bills: What to report and pay,guide,c32ca566-1d4d-4b0f-830a-6e4811d4b982,en,publisher,2012-09-13T12:56:00.000Z,2016-04-05T23:01:22.269Z,,,28,"GOV.UK homepage,Money,Expenses and employee benefits",Government Digital Service,HM Revenue & Customs,,,,
https://www.gov.uk/guidance/paye-employer-expenses-and-benefits-exemption,PAYE: employer expenses and benefits exemption,detailed_guide,dcb96a49-b3b1-4306-a5b1-b22ef32a9014,en,whitehall,2024-11-07T09:31:06.000Z,2024-11-07T09:31:06.000Z,,,28,"Money,Business tax,GOV.UK homepage",HM Revenue & Customs,HM Revenue & Customs,2024 Starmer Labour government,,,
https://www.gov.uk/guidance/how-to-tax-mileage-payments-for-employees-480-chapter-16,How to tax mileage payments for employees (480: Chapter 16),detailed_guide,d37af95d-2f3f-4acd-8a9e-8e1b0c08d756,en,whitehall,2019-12-30T00:00:00.000Z,2025-04-29T10:00:02.000Z,,,28,"PAYE,Business tax,Money,GOV.UK homepage",HM Revenue & Customs,HM Revenue & Customs,2019 to 2022 Johnson Conservative government,,,
https://www.gov.uk/guidance/applying-the-correct-vat-liability-on-residential-domestic-service-charges-vat-information-sheet-0718,Applying the correct VAT liability on residential domestic service charges (VAT information sheet 07/18),detailed_guide,d2f70e06-579b-43b5-87ff-1829d940da10,en,whitehall,2018-09-07T11:30:01.000Z,2018-09-07T11:30:01.000Z,,,28,"VAT,Money,GOV.UK homepage,Business tax,Accounting for VAT,Charging VAT,Paying",HM Revenue & Customs,HM Revenue & Customs,2016 to 2019 May Conservative government,,,
https://www.gov.uk/guidance/inheritance-tax-forms-not-available-online,Inheritance Tax: forms not available online,detailed_guide,d65dcc34-28d2-44f2-8c2d-270b8d559e84,en,whitehall,2021-07-26T07:55:27.000Z,2021-07-26T07:55:27.000Z,,,28,"GOV.UK homepage,Inheritance Tax,Personal tax,Money",HM Revenue & Customs,HM Revenue & Customs,2019 to 2022 Johnson Conservative government,,,
https://www.gov.uk/guidance/liquidation-of-a-limited-liability-partnership-used-to-avoid-capital-gains-tax-spotlight-69,Liquidation of a Limited Liability Partnership used to avoid Capital Gains Tax (Spotlight 69),detailed_guide,b65c2609-0c77-4b6e-b4c4-b7449d5b32eb,en,whitehall,2025-04-28T10:46:05.000Z,2025-04-28T10:46:05.000Z,,,28,"GOV.UK homepage,Tax evasion and avoidance,Dealing with HMRC,Tax avoidance,Money",HM Revenue & Customs,HM Revenue & Customs,2024 Starmer Labour government,,,
https://www.gov.uk/guidance/responsibilities-for-employment-businesses-working-with-umbrella-companies,Responsibilities for employment businesses working with umbrella companies,detailed_guide,38636d4b-5a62-462f-b449-ddd1f3c35860,en,whitehall,2023-11-30T00:00:00.000Z,2025-09-17T14:00:00.000Z,,,28,"Work,Money,GOV.UK homepage,Personal tax,Contracts and working hours,Working, jobs and pensions,Income Tax",HM Revenue & Customs,HM Revenue & Customs,2022 to 2024 Sunak Conservative government,,,
https://www.gov.uk/guidance/reporting-of-chargeable-event-gains-life-insurance-policies,Report chargeable event gains for life insurance policies — guidance for insurers,detailed_guide,6055abed-7631-11e4-a3cb-005056011aef,en,whitehall,2014-03-31T23:00:00.000Z,2024-12-18T09:00:27.000Z,,,28,"Money,Business tax,Life insurance policies,GOV.UK homepage",HM Revenue & Customs,HM Revenue & Customs,2010 to 2015 Conservative and Liberal Democrat coalition government,,,
https://www.gov.uk/guidance/paying-a-company-pension-or-annuity-through-your-payroll,Paying a company pension or annuity through your payroll,detailed_guide,5f114c09-7631-11e4-a3cb-005056011aef,en,whitehall,2014-06-12T09:00:00.000Z,2020-03-13T08:04:41.000Z,,,28,"Money,PAYE,GOV.UK homepage,Business tax",HM Revenue & Customs,HM Revenue & Customs,2010 to 2015 Conservative and Liberal Democrat coalition government,,,
https://www.gov.uk/guidance/dividend-diversion-scheme-used-to-fund-education-fees-spotlight-62,Dividend diversion scheme used to fund education fees (Spotlight 62),detailed_guide,d41d7f07-3cfa-4c57-ad9b-dc14c65611dc,en,whitehall,2023-06-02T12:14:55.000Z,2023-06-02T12:14:55.000Z,,,27,"Money,Dealing with HMRC,GOV.UK homepage,Tax compliance,Tax avoidance",HM Revenue & Customs,HM Revenue & Customs,2022 to 2024 Sunak Conservative government,,,
https://www.gov.uk/guidance/vat-administrative-agreements-with-trade-bodies-notice-70057,Administrative agreements with trade bodies (VAT Notice 700/57),detailed_guide,c885cd9b-43f1-4e74-8a9e-cfc239c74994,en,whitehall,2004-08-08T23:00:00.000Z,2021-03-23T16:16:09.000Z,,,27,"GOV.UK homepage,VAT,Money,Business tax,Business and industry,Rules for particular trades",HM Revenue & Customs,HM Revenue & Customs,1997 to 2007 Blair Labour government,,,
https://www.gov.uk/guidance/business-investment-relief,Business Investment Relief,detailed_guide,3b55ecf3-8de1-4a23-b365-18cb04d73fbd,en,whitehall,2018-01-31T00:00:00.000Z,2025-05-16T12:00:05.000Z,,,27,"GOV.UK homepage,Investment schemes,Business tax,Money",HM Revenue & Customs,HM Revenue & Customs,2016 to 2019 May Conservative government,,,
https://www.gov.uk/guidance/get-help-with-a-tax-issue-as-a-mid-sized-business,Get help with a tax issue as a mid-sized business,detailed_guide,9fd44331-4d7c-47ad-8180-649e6f3cdbcc,en,whitehall,2017-09-19T23:00:00.000Z,2025-11-14T09:08:22.000Z,,,27,"Money,GOV.UK homepage,Large and mid-size business,Business tax",HM Revenue & Customs,HM Revenue & Customs,2016 to 2019 May Conservative government,,,
https://www.gov.uk/guidance/create-a-digital-platform-report,Create a digital platform report,detailed_guide,d23dfb11-9959-4882-9d1d-1c8ca28b8821,en,whitehall,2025-09-18T23:00:00.000Z,2025-09-18T23:00:00.000Z,,,27,"International tax,GOV.UK homepage,Business tax,Money",HM Revenue & Customs,HM Revenue & Customs,2024 Starmer Labour government,,,
https://www.gov.uk/guidance/check-the-status-of-tax-policy-consultations,Check the status of tax policy consultations,detailed_guide,b000ebfb-272d-4478-9881-c7f6047024d6,en,whitehall,2023-03-15T00:00:00.000Z,2025-11-28T13:59:24.000Z,,,27,"Money,GOV.UK homepage,Business tax,Personal tax,Tax agent and adviser guidance,Dealing with HMRC",HM Revenue & Customs,HM Revenue & Customs,2022 to 2024 Sunak Conservative government,,,
https://www.gov.uk/guidance/stamp-duty-reserve-tax-getting-a-refund,Stamp Duty Reserve Tax: getting a refund,detailed_guide,50ebd5c6-b5a9-4f39-a521-9fa57d85cd90,en,whitehall,2013-12-18T00:00:00.000Z,2022-01-07T13:01:15.000Z,,,27,"Money,Stamp duty on shares,Business tax,GOV.UK homepage,Stamp tax on electronic shares",HM Revenue & Customs,HM Revenue & Customs,2010 to 2015 Conservative and Liberal Democrat coalition government,,,
https://www.gov.uk/guidance/report-and-account-for-your-disguised-remuneration-loan-charge,Report and account for your disguised remuneration loan charge,detailed_guide,b589b224-2471-443d-8d1a-ed56ea3087f9,en,whitehall,2019-02-26T00:00:00.000Z,2025-11-26T17:15:05.000Z,,,27,"Tax evasion and avoidance,Money,Tax avoidance,GOV.UK homepage,Disguised remuneration schemes,Dealing with HMRC",HM Revenue & Customs,HM Revenue & Customs,2016 to 2019 May Conservative government,,,
https://www.gov.uk/guidance/money-laundering-regulations-nominated-officers-and-employee-training,Appoint a nominated officer and train staff for money laundering supervision,detailed_guide,602e5010-7631-11e4-a3cb-005056011aef,en,whitehall,2014-10-01T23:00:00.000Z,2017-06-26T12:00:08.000Z,,,27,"Your role under the regulations,Money laundering regulations,GOV.UK homepage,Money",HM Revenue & Customs,HM Revenue & Customs,2010 to 2015 Conservative and Liberal Democrat coalition government,,,
https://www.gov.uk/guidance/overseas-pensions-tax-relief-on-your-contributions,Claiming tax relief on your contributions to overseas pension schemes,detailed_guide,35bf0b44-f25b-4b2b-b6d9-4d28d6d19f75,en,whitehall,2016-12-05T00:00:00.000Z,2024-04-05T23:15:06.000Z,,,27,"Money,GOV.UK homepage,Pension scheme administration,Business tax",HM Revenue & Customs,HM Revenue & Customs,2016 to 2019 May Conservative government,,,
https://www.gov.uk/guidance/money-laundering-regulations-business-inspections,How HMRC checks on businesses registered for money laundering supervision,detailed_guide,602e42b5-7631-11e4-a3cb-005056011aef,en,whitehall,2014-10-22T23:00:00.000Z,2023-09-28T15:55:19.000Z,,,26,"Problems and compliance checks,Money,GOV.UK homepage,Money laundering regulations",HM Revenue & Customs,HM Revenue & Customs,2010 to 2015 Conservative and Liberal Democrat coalition government,,,
https://www.gov.uk/guidance/denatured-alcohol-producing-stocking-distributing-selling-and-using,"Denatured alcohol: producing, stocking, distributing, selling and using",detailed_guide,60555cbe-7631-11e4-a3cb-005056011aef,en,whitehall,2009-11-09T00:00:00.000Z,2025-02-01T00:15:02.000Z,,,26,"Money,Business tax,GOV.UK homepage,Alcohol duty",HM Revenue & Customs,HM Revenue & Customs,2007 to 2010 Brown Labour government,,,
https://www.gov.uk/guidance/tell-hmrc-if-youve-claimed-too-much-research-and-development-rd-tax-relief,Tell HMRC if you've claimed too much Research and Development (R&D) tax relief,detailed_guide,8e7c7730-5ee2-41b7-86f8-ad6bf4b46460,en,whitehall,2024-12-31T00:15:03.000Z,2024-12-31T00:15:03.000Z,,,26,"Money,Corporation Tax,GOV.UK homepage,Reliefs,Business tax",HM Revenue & Customs,HM Revenue & Customs,2024 Starmer Labour government,,,
https://www.gov.uk/guidance/pay-no-customs-duty-and-vat-on-scientific-instruments,Pay no Customs Duty and VAT on scientific instruments,detailed_guide,aa88530d-0116-4946-a20f-baf8499aa26c,en,whitehall,2020-09-10T15:09:00.000Z,2020-12-31T23:00:25.000Z,,,26,"VAT,Importing goods and services,Business and industry,Exporting goods and services,Customs declarations, duties and tariffs (import and export),Trade and investment,Business tax,GOV.UK homepage,Money",HM Revenue & Customs,HM Revenue & Customs,2019 to 2022 Johnson Conservative government,,,
https://www.gov.uk/guidance/import-tobacco-products-into-the-uk,Import tobacco products into the UK,detailed_guide,60554458-7631-11e4-a3cb-005056011aef,en,whitehall,2009-11-09T00:00:00.000Z,2023-02-10T18:24:28.000Z,,,26,"Business tax,Tobacco Products Duty,Money,GOV.UK homepage",HM Revenue & Customs,HM Revenue & Customs,2007 to 2010 Brown Labour government,,,
https://www.gov.uk/guidance/manage-your-estates-details,Manage your estate's details,detailed_guide,a9d22f9f-715c-4fe0-b9d9-53b01f9270ee,en,whitehall,2021-08-02T07:23:00.000Z,2021-09-27T10:25:10.000Z,,,26,"Life circumstances,Capital Gains Tax,Personal tax,GOV.UK homepage,Death and bereavement,Money laundering regulations,Inheritance Tax,Trusts,Self Assessment,Money,Income Tax",HM Revenue & Customs,HM Revenue & Customs,2019 to 2022 Johnson Conservative government,,,
https://www.gov.uk/guidance/qualifying-loans-480-appendix-5,Qualifying loans (480: Appendix 5),detailed_guide,0c9c22cf-cc38-4999-b29a-8f0762f69d8a,en,whitehall,2019-12-30T15:03:54.000Z,2019-12-30T15:03:54.000Z,,,26,"PAYE,Money,Business tax,GOV.UK homepage",HM Revenue & Customs,HM Revenue & Customs,2019 to 2022 Johnson Conservative government,,,
https://www.gov.uk/guidance/spirit-drinks-with-a-protected-geographical-indication,Apply for the Spirit Drinks Verification Scheme,detailed_guide,60554b7d-7631-11e4-a3cb-005056011aef,en,whitehall,2014-10-19T23:00:00.000Z,2025-09-01T13:38:49.000Z,,,26,"GOV.UK homepage,Business tax,Alcohol duty,Money",HM Revenue & Customs,HM Revenue & Customs,2010 to 2015 Conservative and Liberal Democrat coalition government,,,
https://www.gov.uk/guidance/what-to-do-if-you-get-an-online-penalty-warning-message,What to do if you get an online penalty warning message,detailed_guide,5fe3aed2-7631-11e4-a3cb-005056011aef,en,whitehall,2014-09-02T14:33:00.000Z,2014-09-02T14:33:00.000Z,,,26,"Money,PAYE,GOV.UK homepage,Business tax",HM Revenue & Customs,HM Revenue & Customs,2010 to 2015 Conservative and Liberal Democrat coalition government,,,
https://www.gov.uk/guidance/annual-returns-of-isa-statistical-information-to-hmrc,Submitting annual returns of statistical information for ISA managers,detailed_guide,9466a4e1-d18b-4bbd-bd29-97634c90806d,en,whitehall,2020-02-24T00:00:00.000Z,2024-04-05T23:30:00.000Z,,,25,"Tax on savings,Personal tax,GOV.UK homepage,Tax efficient savings and investments,Tax on savings and investments,Money",HM Revenue & Customs,HM Revenue & Customs,2019 to 2022 Johnson Conservative government,,,
https://www.gov.uk/guidance/what-to-do-if-your-employee-has-more-than-1-job,What to do if your employee has more than 1 job,detailed_guide,5f12dc0e-7631-11e4-a3cb-005056011aef,en,whitehall,2014-06-12T09:01:00.000Z,2014-06-12T09:01:00.000Z,,,25,"GOV.UK homepage,PAYE,Money,Work,Employees joining, leaving or changing their circumstances,Business tax",HM Revenue & Customs,HM Revenue & Customs,2010 to 2015 Conservative and Liberal Democrat coalition government,,,
https://www.gov.uk/guidance/company-tax-return-obligations,Company Tax Return obligations,detailed_guide,376c8cb2-0066-4579-8744-6308d2d337da,en,whitehall,2022-09-30T09:18:22.000Z,2022-09-30T09:18:22.000Z,,,25,"Business auditing, accounting and reporting,Business and industry,Corporation Tax,Running a business,Business tax,Money,GOV.UK homepage",HM Revenue & Customs,HM Revenue & Customs,2022 Truss Conservative government,,,
https://www.gov.uk/guidance/retail-schemes-notice-727,Retail schemes (VAT Notice 727),detailed_guide,13637bc1-ef4e-47e5-9a5b-c66acf7d3a9a,en,whitehall,2012-05-10T23:00:00.000Z,2020-07-21T07:38:49.000Z,,,25,"VAT,GOV.UK homepage,Money,Business tax,Accounting for VAT",HM Revenue & Customs,HM Revenue & Customs,2010 to 2015 Conservative and Liberal Democrat coalition government,,,
https://www.gov.uk/guidance/pay-tax-in-the-uk-as-a-foreign-performer,Pay tax in the UK as a foreign entertainer or sportsperson,detailed_guide,60568789-7631-11e4-a3cb-005056011aef,en,whitehall,2014-12-08T15:00:00.000Z,2018-01-02T14:00:20.000Z,,,25,"GOV.UK homepage,Rules for specific occupations,Money,Foreign entertainer tax rules,Living or working abroad or offshore,Personal tax",HM Revenue & Customs,HM Revenue & Customs,2010 to 2015 Conservative and Liberal Democrat coalition government,,,
https://www.gov.uk/guidance/vat-default-surcharge-notice-70050,Default surcharge (VAT Notice 700/50),detailed_guide,cdc85372-281b-4597-8c57-f011172726e1,en,whitehall,2017-08-31T23:00:00.000Z,2023-01-06T15:29:50.000Z,,,25,"Tax agent and adviser guidance,VAT,Dealing with HMRC,Business tax,GOV.UK homepage,Money",HM Revenue & Customs,HM Revenue & Customs,2016 to 2019 May Conservative government,,,
https://www.gov.uk/guidance/junior-isas-for-isa-managers,Junior ISAs for ISA managers,detailed_guide,3d173156-9ac1-44a7-bf2a-9f54781d1e6c,en,whitehall,2018-04-04T23:00:00.000Z,2018-04-04T23:00:00.000Z,,,25,"Tax on savings and investments,Personal tax,Money,GOV.UK homepage",HM Revenue & Customs,HM Revenue & Customs,2016 to 2019 May Conservative government,,,
https://www.gov.uk/guidance/help-with-charitable-giving-on-your-self-assessment-tax-return,Help with charitable giving on your Self Assessment tax return,detailed_guide,e61da410-e11f-4f9d-bfc7-4bf7ae826875,en,whitehall,2025-01-22T00:00:00.000Z,2025-05-21T16:10:55.000Z,,,25,"Personal tax,GOV.UK homepage,Filing a tax return,Self Assessment,Money",HM Revenue & Customs,HM Revenue & Customs,2024 Starmer Labour government,,,
https://www.gov.uk/guidance/remittance-basis-changes,Remittance basis changes,detailed_guide,5e74e74b-5c94-4c21-9824-c87e1eb67bfa,en,whitehall,2018-01-31T00:00:00.000Z,2025-05-16T12:00:05.000Z,,,25,"Personal tax,Tax on savings and investments,Money,GOV.UK homepage,Business tax",HM Revenue & Customs,HM Revenue & Customs,2016 to 2019 May Conservative government,,,
https://www.gov.uk/guidance/how-to-send-vat-returns-when-exempt-from-making-tax-digital-for-vat,How to send VAT Returns when exempt from Making Tax Digital for VAT,detailed_guide,11452945-8931-4d4d-97a9-3198de19f069,en,whitehall,2024-10-29T13:52:20.000Z,2024-10-29T13:52:20.000Z,,,25,"GOV.UK homepage,VAT returns,Money,VAT,Business tax",HM Revenue & Customs,HM Revenue & Customs,2024 Starmer Labour government,,,
https://www.gov.uk/guidance/overview-of-joint-and-several-liability-notices-for-tax-avoidance-tax-evasion-and-repeated-insolvency,"Overview of joint and several liability notices for tax avoidance, tax evasion and repeated insolvency",detailed_guide,019dfed1-7c02-4461-abb9-b630f3d42487,en,whitehall,2021-10-07T10:08:00.000Z,2021-10-14T11:51:26.000Z,,,25,"Money,GOV.UK homepage,Tax compliance,Dealing with HMRC,Tax avoidance",HM Revenue & Customs,HM Revenue & Customs,2019 to 2022 Johnson Conservative government,,,
https://www.gov.uk/guidance/register-a-non-resident-company-who-disposed-of-uk-property-or-land-for-corporation-tax,Register a non-resident company who disposed of UK property or land for Corporation Tax,detailed_guide,0a2d3029-e33f-4568-86ae-ba066476ab1e,en,whitehall,2024-09-16T23:00:00.000Z,2026-01-30T14:19:06.000Z,,,25,"GOV.UK homepage,Corporation Tax,Money,Paying HMRC,Dealing with HMRC,Business tax,Property taxes",HM Revenue & Customs,HM Revenue & Customs,2024 Starmer Labour government,,,
https://www.gov.uk/guidance/spirit-drinks-verification-scheme,Spirit Drinks Verification Scheme,detailed_guide,37eec72f-f414-4865-ba79-e11d33f8ea9e,en,whitehall,2014-09-30T23:00:00.000Z,2025-11-28T09:21:55.000Z,,,25,"Money,Business tax,Alcohol duty,GOV.UK homepage",HM Revenue & Customs,HM Revenue & Customs,2010 to 2015 Conservative and Liberal Democrat coalition government,,,
https://www.gov.uk/guidance/claim-alcoholic-ingredients-relief,Claim Alcoholic Ingredients Relief,detailed_guide,0472c048-2608-48a4-a674-994064ed5d0a,en,whitehall,2018-11-08T00:00:00.000Z,2025-02-01T00:15:02.000Z,,,25,"GOV.UK homepage,Alcohol duty,Money,Payments and reliefs (Alcohol duty),Business tax",HM Revenue & Customs,HM Revenue & Customs,2016 to 2019 May Conservative government,,,
https://www.gov.uk/expenses-and-benefits-employee-suggestion-schemes,Expenses and benefits: employee suggestion schemes,answer,9694637e-ec3f-4ba6-9c5b-31b61b63e245,en,publisher,2012-09-13T12:47:26.000Z,2012-10-03T17:00:30.000Z,,,24,"Money,Running a business,Employing people,Expenses and employee benefits,Business and industry,GOV.UK homepage,Payroll,Business tax",Government Digital Service,HM Revenue & Customs,,,,
https://www.gov.uk/guidance/help-with-partnerships-on-your-self-assessment-tax-return,Help with partnerships on your Self Assessment tax return,detailed_guide,544ff05c-74fe-4b0c-b5ad-92475e75ca65,en,whitehall,2025-05-06T23:00:00.000Z,2025-05-06T23:00:00.000Z,,,24,"Money,Filing a tax return,Self Assessment,Personal tax,GOV.UK homepage",HM Revenue & Customs,HM Revenue & Customs,2024 Starmer Labour government,,,
https://www.gov.uk/guidance/tell-hmrc-youve-claimed-too-much-relief-at-source-for-pension-scheme-members,Tell HMRC you’ve claimed too much relief at source for pension scheme members,detailed_guide,297c1b30-2f66-4d75-8f07-53fa1ae7b165,en,whitehall,2018-03-06T10:00:00.000Z,2020-02-21T14:52:24.000Z,,,24,"GOV.UK homepage,Money,Business tax,Pension scheme administration",HM Revenue & Customs,HM Revenue & Customs,2016 to 2019 May Conservative government,,,
https://www.gov.uk/guidance/classifying-edible-fruit-vegetables-and-nuts-for-import-and-export,"Classifying edible fruit, vegetables and nuts for import and export",detailed_guide,a4bb0136-1cdf-48b4-b0f0-5e683d05b718,en,whitehall,2012-08-02T11:29:00.000Z,2023-07-04T08:10:04.000Z,,,24,"Business and industry,GOV.UK homepage,Exporting,Importing,Money,Commodity codes and reporting,Trade and investment,Customs declarations, duties and tariffs (import and export)",HM Revenue & Customs,HM Revenue & Customs,2010 to 2015 Conservative and Liberal Democrat coalition government,,,
https://www.gov.uk/guidance/sailing-a-pleasure-craft-within-uk-waters,Sailing a pleasure craft within UK waters,detailed_guide,b5194fba-5234-487a-9c3c-eb90e82de781,en,whitehall,2021-12-29T00:00:00.000Z,2021-12-29T00:00:00.000Z,,,24,"Trade and investment,Business tax,Business and industry,Money,GOV.UK homepage,Customs declarations, duties and tariffs (import and export)",HM Revenue & Customs,HM Revenue & Customs,2019 to 2022 Johnson Conservative government,,,
https://www.gov.uk/guidance/peer-to-peer-lending,Peer to peer lending,detailed_guide,8677628e-13ea-466b-8040-6b8b770d278c,en,whitehall,2016-04-05T23:15:00.000Z,2016-04-05T23:15:00.000Z,,,24,"Money,GOV.UK homepage,Tax on savings and investments,Tax efficient savings and investments,Personal tax",HM Revenue & Customs,HM Revenue & Customs,2015 to 2016 Cameron Conservative government,,,
https://www.gov.uk/guidance/alcohol-and-tobacco-warehousing-declarations,Alcohol and Tobacco Warehousing Declarations,detailed_guide,6055c386-7631-11e4-a3cb-005056011aef,en,whitehall,2009-11-09T00:00:00.000Z,2025-02-01T00:15:04.000Z,,,24,"GOV.UK homepage,Alcohol duty,Tobacco Products Duty,Money,Business tax,Moving and storing goods",HM Revenue & Customs,HM Revenue & Customs,2007 to 2010 Brown Labour government,,,
https://www.gov.uk/guidance/tax-and-national-insurance-for-crown-servants-eu-employees-and-volunteer-development-workers-abroad,"Tax for crown servants, EU employees and volunteer workers abroad",detailed_guide,039d63bc-1d5d-4888-a7cf-3f08d21d2f50,en,whitehall,2014-12-08T00:00:00.000Z,2020-12-31T23:00:44.000Z,,,23,"Defence and armed forces,Personal tax,Money,GOV.UK homepage,Rules for specific occupations,Living or working abroad or offshore",HM Revenue & Customs,HM Revenue & Customs,2010 to 2015 Conservative and Liberal Democrat coalition government,,,
https://www.gov.uk/guidance/repair-a-junior-isa-and-manage-account-holders-subscriptions,Repair a Junior ISA and manage account holders' subscriptions,detailed_guide,e09bf8c8-315d-42e2-a111-d5837f16dc3d,en,whitehall,2018-04-05T09:33:34.000Z,2018-04-05T09:33:34.000Z,,,23,"Money,Tax on savings and investments,Personal tax,GOV.UK homepage",HM Revenue & Customs,HM Revenue & Customs,2016 to 2019 May Conservative government,,,
https://www.gov.uk/guidance/company-mobile-phones-480-chapter-22,Company mobile phones (480: Chapter 22),detailed_guide,d51289e0-50a4-4d0a-a5c5-6906536e754e,en,whitehall,2019-12-30T15:01:02.000Z,2019-12-30T15:01:02.000Z,,,23,"PAYE,Business tax,Money,GOV.UK homepage",HM Revenue & Customs,HM Revenue & Customs,2019 to 2022 Johnson Conservative government,,,
https://www.gov.uk/guidance/charging-vat-on-goods-sold-direct-to-customers-in-the-uk,Charging VAT on goods sold direct to customers in the UK,detailed_guide,186571ca-2899-4d51-8abf-9eea8acd52b8,en,whitehall,2023-03-08T00:00:00.000Z,2026-01-30T10:20:37.000Z,,,23,"Overseas businesses and UK VAT,VAT,Importing goods and services,Money,GOV.UK homepage,Business tax",HM Revenue & Customs,HM Revenue & Customs,2022 to 2024 Sunak Conservative government,,,
https://www.gov.uk/guidance/importing-certain-agricultural-goods-and-food-from-outside-the-uk,Importing certain agricultural goods and food from outside the UK,detailed_guide,7c2bf801-4634-4085-b809-a98d981f99ca,en,whitehall,2022-03-03T00:00:00.000Z,2024-11-13T16:04:27.000Z,,,23,"Business and industry,GOV.UK homepage,Trade and investment,Money,Customs declarations, duties and tariffs (import and export),Environment,Rural and countryside",HM Revenue & Customs,"HM Revenue & Customs,Rural Payments Agency",2019 to 2022 Johnson Conservative government,,,
https://www.gov.uk/guidance/check-if-you-should-claim-overpayment-relief-for-corporation-tax,Check if you should claim overpayment relief for Corporation Tax,detailed_guide,98316717-e24f-4443-b312-582eb4c908cc,en,whitehall,2025-09-09T07:48:10.000Z,2025-09-09T07:48:10.000Z,,,23,"Business tax,GOV.UK homepage,Corporation Tax,Money,Payments and refunds",HM Revenue & Customs,HM Revenue & Customs,2024 Starmer Labour government,,,
https://www.gov.uk/guidance/warning-for-agency-workers-and-contractors-employed-by-umbrella-companies-spotlight-60,Warning for agency workers and contractors employed by umbrella companies (Spotlight 60),detailed_guide,5754ecbc-5cd6-444e-aa5b-45cc8b76e62a,en,whitehall,2022-08-25T15:59:00.000Z,2022-08-25T15:59:00.000Z,,,22,"Disguised remuneration schemes,GOV.UK homepage,Dealing with HMRC,Tax avoidance,Money",HM Revenue & Customs,HM Revenue & Customs,2019 to 2022 Johnson Conservative government,,,
https://www.gov.uk/guidance/how-to-give-staff-access-to-your-hmrc-online-tax-agent-accounts,How to give staff access to your HMRC online tax agent accounts,detailed_guide,789d4f44-0d57-479c-9c75-b414ad1446a2,en,whitehall,2021-07-07T10:36:07.000Z,2021-07-07T10:36:07.000Z,,,22,"GOV.UK homepage,Dealing with HMRC,Money,Tax agent and adviser guidance,Agent authorisation",HM Revenue & Customs,HM Revenue & Customs,2019 to 2022 Johnson Conservative government,,,
https://www.gov.uk/guidance/how-to-work-out-the-weight-of-packaging-for-plastic-packaging-tax,Work out the weight of packaging for Plastic Packaging Tax,detailed_guide,3d6d1f51-bd13-4278-b5b0-9579041d1e4e,en,whitehall,2021-12-22T14:53:00.000Z,2023-06-30T13:57:47.000Z,,,22,"Money,GOV.UK homepage,Business tax",HM Revenue & Customs,HM Revenue & Customs,2019 to 2022 Johnson Conservative government,,,
https://www.gov.uk/guidance/pay-your-economic-crime-levy,Pay your Economic Crime Levy,detailed_guide,3a276969-cc27-43d3-91f6-c548b157cc5d,en,whitehall,2023-08-30T23:00:00.000Z,2025-03-31T10:55:45.000Z,,,22,"Money laundering regulations,Money,Paying HMRC,Dealing with HMRC,GOV.UK homepage",HM Revenue & Customs,HM Revenue & Customs,2022 to 2024 Sunak Conservative government,,,
https://www.gov.uk/guidance/exemptions-from-air-passenger-duty,Exemptions from Air Passenger Duty,detailed_guide,8a1ea224-cc42-4d2d-b352-e3cfe5d8b365,en,whitehall,2018-01-29T00:00:00.000Z,2018-01-29T00:00:00.000Z,,,22,"Aviation,Air passenger duty,Business tax,Money,Transport,Dealing with HMRC,Air Passenger Duty,GOV.UK homepage,Tax agent and adviser guidance",HM Revenue & Customs,HM Revenue & Customs,2016 to 2019 May Conservative government,,,
https://www.gov.uk/expenses-benefits-computers-loaned-to-employee,Expenses and benefits: computers loaned to an employee,guide,75e1a757-fe2a-4523-b37b-13458611895c,en,publisher,2012-10-03T17:57:22.000Z,2016-04-05T23:01:22.639Z,,,22,"Payroll,Business and industry,GOV.UK homepage,Employing people,Business tax,Running a business,Money",Government Digital Service,HM Revenue & Customs,,,,
https://www.gov.uk/guidance/vat-file-forms-vat21-and-vat100-online,File forms VAT21 and VAT100 online,detailed_guide,07ebbc22-146d-4f66-94db-a4bf57c489c7,en,whitehall,2017-11-28T13:36:00.000Z,2017-11-28T13:36:00.000Z,,,22,"Dealing with HMRC,Money,GOV.UK homepage,VAT,Business tax",HM Revenue & Customs,HM Revenue & Customs,2016 to 2019 May Conservative government,,,
https://www.gov.uk/guidance/pay-pillar-2-top-up-taxes-domestic-top-up-tax-and-multinational-top-up-tax,Pay Pillar 2 top-up taxes (Domestic Top-up Tax and Multinational Top-up Tax),detailed_guide,36eaf5e8-037e-4355-9939-af0c6eb4c183,en,whitehall,2024-11-20T00:00:00.000Z,2025-04-01T11:37:42.000Z,,,22,"Business tax,GOV.UK homepage,Money",HM Revenue & Customs,HM Revenue & Customs,2024 Starmer Labour government,,,
https://www.gov.uk/guidance/funded-pension-schemes-vat-notice-70017,Funded pension schemes (VAT Notice 700/17),detailed_guide,77590feb-dc9e-468e-8f42-b0dc9a3af040,en,whitehall,2012-12-28T00:00:00.000Z,2022-07-07T09:29:45.000Z,,,22,"Business tax,GOV.UK homepage,Money,VAT",HM Revenue & Customs,HM Revenue & Customs,2010 to 2015 Conservative and Liberal Democrat coalition government,,,
https://www.gov.uk/guidance/vat-private-use-and-self-supply-of-goods-and-services,Private use and self-supply of goods and services for VAT,detailed_guide,5f183196-7631-11e4-a3cb-005056011aef,en,whitehall,2014-06-30T23:00:00.000Z,2018-06-18T14:02:53.000Z,,,22,"Money,Business tax,VAT,Accounting for VAT,GOV.UK homepage",HM Revenue & Customs,HM Revenue & Customs,2010 to 2015 Conservative and Liberal Democrat coalition government,,,
https://www.gov.uk/guidance/vat-relief-for-suppliers-to-visiting-forces-notice-431,VAT relief for suppliers to visiting forces (VAT Notice 431),detailed_guide,44ab70cb-ce1f-42f3-8a1a-5faff58a5dbb,en,whitehall,2016-07-05T23:00:00.000Z,2020-12-31T23:00:22.000Z,,,22,"VAT,Money,Exporting goods and services,GOV.UK homepage,Importing goods and services,Business tax",HM Revenue & Customs,HM Revenue & Customs,2015 to 2016 Cameron Conservative government,,,
https://www.gov.uk/guidance/how-to-claim-a-vat-related-payment-using-the-second-hand-motor-vehicle-payment-scheme-if-you-do-not-have-a-business-establishment-in-the-uk,How to claim a VAT-related payment using the second-hand motor vehicle payment scheme if you do not have a business establishment in the UK,detailed_guide,c72c69f6-4946-4de2-9d20-a411ed282a91,en,whitehall,2023-05-22T09:00:02.000Z,2023-05-22T09:00:02.000Z,,,21,"VAT,Money,Business tax,GOV.UK homepage",HM Revenue & Customs,HM Revenue & Customs,2022 to 2024 Sunak Conservative government,,,
https://www.gov.uk/guidance/stamp-duty-reserve-tax-reliefs-and-exemptions,Stamp Duty Reserve Tax: reliefs and exemptions,detailed_guide,1c43dc0f-bdca-4d5a-8662-48b466668dc7,en,whitehall,2012-01-30T00:00:00.000Z,2012-01-30T00:00:00.000Z,,,21,"Money,Stamp tax on electronic shares,Business tax,Stamp duty on shares,GOV.UK homepage",HM Revenue & Customs,HM Revenue & Customs,2010 to 2015 Conservative and Liberal Democrat coalition government,,,
https://www.gov.uk/guidance/vat-relief-for-charities-on-goods-and-building-work-for-disabled-people,VAT relief for charities on goods and building work for disabled people,detailed_guide,47797e68-8082-4361-89fa-8d61e6d807f0,en,whitehall,2015-01-06T12:00:00.000Z,2015-01-06T12:00:00.000Z,,,21,"VAT,Paying,Disabled people,Disability equipment and transport,Health and social care,Charging VAT,Business tax,Benefits and financial help,Money,GOV.UK homepage",HM Revenue & Customs,HM Revenue & Customs,2010 to 2015 Conservative and Liberal Democrat coalition government,,,
https://www.gov.uk/guidance/make-a-change-to-your-alcoholic-products-producer-approval-appa,Make a change to your alcoholic products producer approval (APPA),detailed_guide,57d1a3a0-bf25-4d47-abc5-85fe8f5a0e84,en,whitehall,2025-12-15T00:00:00.000Z,2026-01-21T13:26:50.000Z,,,21,"Alcohol duty,Business tax,Money,GOV.UK homepage",HM Revenue & Customs,HM Revenue & Customs,2024 Starmer Labour government,,,
https://www.gov.uk/guidance/tell-hmrc-about-vat-due-on-goods-sold-to-pay-off-a-debt,Tell HMRC about VAT due on goods sold to pay off a debt,detailed_guide,51a6f14b-d0ab-45ff-bfb4-ed5432544a6d,en,whitehall,2025-09-18T10:05:33.000Z,2025-09-18T10:05:33.000Z,,,21,"GOV.UK homepage,VAT,Money,Business tax",HM Revenue & Customs,HM Revenue & Customs,2024 Starmer Labour government,,,
https://www.gov.uk/guidance/machine-games-duty-excise-notice-452,Machine Games Duty (Excise Notice 452),detailed_guide,e7a95d94-165d-4d61-beea-96ea1e6407ba,en,whitehall,2021-07-06T23:00:00.000Z,2025-11-18T12:50:11.000Z,,,21,"GOV.UK homepage,Machine Games Duty,Business tax,Gambling duties,Money",HM Revenue & Customs,HM Revenue & Customs,2019 to 2022 Johnson Conservative government,,,
https://www.gov.uk/guidance/legal-background-to-expenses-payments-and-benefits-480-chapter-1,Legal background to expenses payments and benefits (480: Chapter 1),detailed_guide,861ff5a0-dee6-4234-8675-dcde72101698,en,whitehall,2019-12-30T14:53:41.000Z,2019-12-30T14:53:41.000Z,,,21,"GOV.UK homepage,Money,PAYE,Business tax",HM Revenue & Customs,HM Revenue & Customs,2019 to 2022 Johnson Conservative government,,,
https://www.gov.uk/guidance/check-how-to-deal-with-an-employment-related-securities-penalty,Check how to deal with an employment related securities penalty,detailed_guide,092e07c4-b61a-4498-8cad-0adf7dd3c7f3,en,whitehall,2023-06-11T23:00:00.000Z,2025-10-23T11:01:27.000Z,,,21,"Business tax,Employment related securities,Returns and notifications,Money,GOV.UK homepage",HM Revenue & Customs,HM Revenue & Customs,2022 to 2024 Sunak Conservative government,,,
https://www.gov.uk/guidance/vat-for-barristers-and-advocates-notice-70044,Barristers and advocates (VAT Notice 700/44),detailed_guide,536bb592-6f09-48cc-9a49-8b37375f0fe5,en,whitehall,2007-06-18T23:00:00.000Z,2023-07-17T14:52:18.000Z,,,21,"Business tax,Money,GOV.UK homepage,Rules for particular trades,Accounting for VAT,VAT",HM Revenue & Customs,HM Revenue & Customs,1997 to 2007 Blair Labour government,,,
https://www.gov.uk/recover-debt-from-eu,Recover debt from an EU country,answer,34b55473-162a-4f73-9122-512f47450f25,en,publisher,2012-07-11T15:22:20.000Z,2017-07-13T23:01:00.733Z,,,21,"Money,Running a business,Business and industry,Court claims, debt and bankruptcy,GOV.UK homepage,Business debt and bankruptcy",Government Digital Service,HM Courts & Tribunals Service,,,,
https://www.gov.uk/guidance/claiming-high-end-television-tax-relief-for-corporation-tax,Claiming High-end Television Tax Relief for Corporation Tax,detailed_guide,28bedb7f-c9c6-4eda-bc29-5cdb485b33bc,en,whitehall,2020-02-10T00:00:00.000Z,2025-05-21T09:34:31.000Z,,,21,"Tax agent and adviser guidance,Money,GOV.UK homepage,Dealing with HMRC,Corporation Tax,Business tax,Reliefs",HM Revenue & Customs,HM Revenue & Customs,2019 to 2022 Johnson Conservative government,,,
https://www.gov.uk/guidance/pension-administrators-wind-up-a-scheme,Wind up a pension scheme,detailed_guide,5fe9df9f-7631-11e4-a3cb-005056011aef,en,whitehall,2014-09-16T12:01:00.000Z,2023-09-19T09:28:29.000Z,,,20,"Administering a pension scheme,Business tax,GOV.UK homepage,Money,Pension scheme administration",HM Revenue & Customs,HM Revenue & Customs,2010 to 2015 Conservative and Liberal Democrat coalition government,,,
https://www.gov.uk/guidance/voa-information-for-local-authorities,Valuation Office Agency: information for local authorities,detailed_guide,4e689748-12d1-4de0-b7f4-aa8f6453c7db,en,whitehall,2012-11-01T00:00:00.000Z,2025-09-03T15:55:32.000Z,,,20,"Money,Housing, local and community,Local government,Regional and local government,GOV.UK homepage",Valuation Office Agency,Valuation Office Agency,2010 to 2015 Conservative and Liberal Democrat coalition government,,,
https://www.gov.uk/guidance/calculate-how-much-you-can-claim-using-the-coronavirus-job-retention-scheme,Calculate how much you can claim using the Coronavirus Job Retention Scheme,detailed_guide,d6f371aa-5dd7-4c37-8e59-e969600009c3,en,whitehall,2020-06-12T20:03:00.000Z,2021-10-28T23:15:07.000Z,,,20,"Health and social care,Dealing with HMRC,Employing people,Income Tax,Money,Paying HMRC,Your responsibilities as an employer during COVID-19,Running a business,COVID-19,Support for businesses and self-employed people during COVID-19,PAYE,Personal tax,Managing your business during COVID-19,GOV.UK homepage,Business and industry,Business tax",HM Revenue & Customs,HM Revenue & Customs,2019 to 2022 Johnson Conservative government,,,
https://www.gov.uk/guidance/steps-to-take-before-calculating-your-claim-using-the-coronavirus-job-retention-scheme,Steps to take before calculating your claim using the Coronavirus Job Retention Scheme,detailed_guide,4b65586a-e477-42c7-acb4-0d0ba385cb5f,en,whitehall,2020-06-12T20:02:00.000Z,2021-10-28T23:15:07.000Z,,,20,"Managing your business during COVID-19,Employing people,Support for businesses and self-employed people during COVID-19,Money,Business and industry,Your responsibilities as an employer during COVID-19,GOV.UK homepage,COVID-19,Health and social care,Running a business,Dealing with HMRC,Business tax",HM Revenue & Customs,HM Revenue & Customs,2019 to 2022 Johnson Conservative government,,,
https://www.gov.uk/guidance/how-to-check-and-challenge-your-rateable-value-in-wales,How to check and challenge your rateable value in Wales,detailed_guide,153ea8bb-75d5-4209-a512-9fd92d658466,en,whitehall,2017-06-12T12:10:00.000Z,2023-07-17T08:30:03.000Z,,,20,"GOV.UK homepage,Business and industry,Local government,Housing, local and community,Money,Regional and local government",Valuation Office Agency,Valuation Office Agency,2016 to 2019 May Conservative government,,,
https://www.gov.uk/guidance/when-you-must-register-for-plastic-packaging-tax,Check when you must register for Plastic Packaging Tax,detailed_guide,d01a82e2-0b18-4139-a517-d5d07da7952b,en,whitehall,2021-11-04T09:30:00.000Z,2023-03-31T10:03:42.000Z,,,20,"Money,GOV.UK homepage,Business tax",HM Revenue & Customs,HM Revenue & Customs,2019 to 2022 Johnson Conservative government,,,
https://www.gov.uk/guidance/junior-individual-savings-accounts-for-managers-jisas-managing-jisas,Junior Individual Savings Accounts (JISAs) for managers: managing JISAs,detailed_guide,23a3be9c-94d2-4e86-b119-34fe4a3a29ea,en,whitehall,2016-04-05T23:00:00.000Z,2016-04-05T23:00:00.000Z,,,20,"GOV.UK homepage,Money,Personal tax",HM Revenue & Customs,HM Revenue & Customs,2015 to 2016 Cameron Conservative government,,,
https://www.gov.uk/guidance/statutory-paternity-pay-manually-calculate-your-employees-payments,Statutory Paternity Pay: manually calculate your employee’s payments,detailed_guide,5f158548-7631-11e4-a3cb-005056011aef,en,whitehall,2014-03-18T00:00:00.000Z,2025-04-05T23:15:05.000Z,,,20,"Money,Business tax,GOV.UK homepage,PAYE",HM Revenue & Customs,HM Revenue & Customs,2010 to 2015 Conservative and Liberal Democrat coalition government,,,
https://www.gov.uk/guidance/sdlt-appeal-against-a-penalty,Stamp Duty Land Tax: appeal against a late filing penalty,detailed_guide,602e2939-7631-11e4-a3cb-005056011aef,en,whitehall,2013-03-18T00:00:00.000Z,2018-02-16T13:04:55.000Z,,,20,"Pay your SDLT bill,Money,GOV.UK homepage,Stamp duty and other tax on property,Business tax",HM Revenue & Customs,HM Revenue & Customs,2010 to 2015 Conservative and Liberal Democrat coalition government,,,
https://www.gov.uk/guidance/pay-tax-on-cryptoassets,Pay tax on cryptoassets,detailed_guide,cd3599cb-4d1f-4a0e-a661-294e86346fc9,en,whitehall,2023-11-29T00:00:00.000Z,2023-11-29T00:00:00.000Z,,,20,"Dealing with HMRC,Paying HMRC,Capital Gains Tax,Income Tax and National Insurance,Money,GOV.UK homepage",HM Revenue & Customs,HM Revenue & Customs,2022 to 2024 Sunak Conservative government,,,
https://www.gov.uk/file-gambling-tax-return,File your gambling tax return,transaction,917fdcea-da19-4474-a3d6-eaf6530bad0f,en,publisher,2015-03-17T10:05:52.000Z,2015-07-01T13:19:29.000Z,,,20,"Business tax,Money,GOV.UK homepage,General Betting Duty, Pool Betting Duty and Remote Gaming Duty,Gambling duties",Government Digital Service,HM Revenue & Customs,,,,
https://www.gov.uk/expenses-and-benefits-third-party-awards/what-to-report-and-pay,Expenses and benefits: third-party awards: What to report and pay,guide,8823641a-919c-4880-9305-f481f5b5e58f,en,publisher,2012-09-27T16:40:51.000Z,2016-04-05T23:01:22.858Z,,,20,"Business tax,Expenses and employee benefits,Money,GOV.UK homepage",Government Digital Service,HM Revenue & Customs,,,,
https://www.gov.uk/guidance/classifying-vitamins-supplements-and-herbal-medicines-for-import-and-export,"Classifying vitamins, supplements and herbal medicines for import and export",detailed_guide,f6e79849-269d-4f90-b975-9fdcbc0420ee,en,whitehall,2012-08-03T09:34:00.000Z,2012-08-03T09:34:00.000Z,,,20,"Business and industry,Commodity codes and reporting,Exporting,Customs declarations, duties and tariffs (import and export),Importing,Trade and investment,GOV.UK homepage,Money",HM Revenue & Customs,HM Revenue & Customs,2010 to 2015 Conservative and Liberal Democrat coalition government,,,
https://www.gov.uk/guidance/register-a-partner-for-self-assessment-if-theyre-not-an-individual,Register a partner for Self Assessment if they're not an individual,detailed_guide,e79893fc-c35c-4a49-92c7-45dd8ac9f852,en,whitehall,2024-04-22T23:00:00.000Z,2024-12-18T09:24:10.000Z,,,19,"Self Assessment,GOV.UK homepage,Money,Personal tax",HM Revenue & Customs,HM Revenue & Customs,2022 to 2024 Sunak Conservative government,,,
https://www.gov.uk/guidance/collect-and-verify-digital-platform-seller-information,Collect and verify digital platform seller information,detailed_guide,f3fe4dcb-a73d-491f-b615-a9663907ffde,en,whitehall,2025-09-18T23:00:00.000Z,2026-02-10T14:06:08.000Z,,,19,"International tax,Money,GOV.UK homepage,Business tax",HM Revenue & Customs,HM Revenue & Customs,2024 Starmer Labour government,,,
https://www.gov.uk/expenses-and-benefits-tool-allowances,Expenses and benefits: tool allowances,guide,1bc01d54-398b-4470-8814-73dbd5a56ad0,en,publisher,2012-09-28T12:25:05.000Z,2016-04-05T23:01:24.737Z,,,19,"Business tax,GOV.UK homepage,Money",Government Digital Service,HM Revenue & Customs,,,,
https://www.gov.uk/guidance/aligning-payroll-to-the-correct-tax-period,Aligning payroll to the correct tax period,detailed_guide,5f664989-7631-11e4-a3cb-005056011aef,en,whitehall,2014-09-08T08:57:00.000Z,2015-04-05T23:31:03.000Z,,,19,"GOV.UK homepage,Money,Business tax,PAYE",HM Revenue & Customs,HM Revenue & Customs,2010 to 2015 Conservative and Liberal Democrat coalition government,,,
https://www.gov.uk/guidance/register-as-a-pension-scheme-practitioner,Find out about the pension scheme practitioner role,detailed_guide,79e4a334-e13a-469f-942a-5ec9624c5383,en,whitehall,2018-06-03T23:00:00.000Z,2023-12-13T13:19:19.000Z,,,19,"Pension scheme administration,Business tax,Money,GOV.UK homepage",HM Revenue & Customs,HM Revenue & Customs,2016 to 2019 May Conservative government,,,
https://www.gov.uk/guidance/statutory-pay-entitlement-how-to-deal-with-disagreements,Statutory Pay entitlement: how to deal with disagreements,detailed_guide,5f158449-7631-11e4-a3cb-005056011aef,en,whitehall,2014-03-18T17:33:00.000Z,2020-07-17T11:26:57.000Z,,,19,"Business tax,Money,GOV.UK homepage,PAYE",HM Revenue & Customs,HM Revenue & Customs,2010 to 2015 Conservative and Liberal Democrat coalition government,,,
https://www.gov.uk/guidance/director-information-hub-members-voluntary-liquidation-mvl,Director information hub: Members’ Voluntary Liquidation (MVL),detailed_guide,b6f62a3d-ff35-4a9f-810b-a7308727c1fa,en,whitehall,2024-07-16T11:09:24.000Z,2024-07-16T11:09:24.000Z,,,19,"GOV.UK homepage,Limited companies and partnerships,Money,Court claims, debt and bankruptcy,Running a business,Company closure, administration, liquidation and insolvency ,Business and industry",The Insolvency Service,The Insolvency Service,2024 Starmer Labour government,,,
https://www.gov.uk/guidance/carry-out-checks-and-keep-records-if-youre-approved-for-fhdds,Carry out checks and keep records if you’re approved for FHDDS,detailed_guide,e5911bfd-1f39-4188-863c-979e69d8d3ce,en,whitehall,2019-02-28T00:00:00.000Z,2025-03-18T09:00:21.000Z,,,19,"Business and industry,Money,Business tax,GOV.UK homepage,VAT,Trade and investment,Customs declarations, duties and tariffs (import and export)",HM Revenue & Customs,HM Revenue & Customs,2016 to 2019 May Conservative government,,,
https://www.gov.uk/guidance/vat-refund-scheme-for-museums-and-galleries-notice-998,VAT Refund Scheme for museums and galleries (VAT Notice 998),detailed_guide,cda8f0a1-975f-4db6-b795-0d2cddcf9d4f,en,whitehall,2017-11-01T00:00:00.000Z,2024-09-30T08:21:13.000Z,,,19,"Charging VAT,GOV.UK homepage,VAT,Money,Accounting for VAT,Business tax",HM Revenue & Customs,HM Revenue & Customs,2016 to 2019 May Conservative government,,,
https://www.gov.uk/employee-changes-gender,What to do if an employee changes gender,answer,d4fed652-7685-4adb-8baf-684a962575cf,en,publisher,2014-06-12T11:50:06.000Z,2015-04-17T14:22:36.000Z,,,19,"Payroll,Money,PAYE,Business and industry,GOV.UK homepage,Running a business,Employees joining, leaving or changing their circumstances,Work,Employing people,Business tax",Government Digital Service,"Government Equalities Office,HM Revenue & Customs",,,,
https://www.gov.uk/guidance/zero-rate-of-vat-for-electronic-publications,Zero rate of VAT for electronic publications,detailed_guide,869037ed-52e9-4f46-9497-5e096062d5a2,en,whitehall,2020-04-30T13:14:00.000Z,2020-04-30T13:14:00.000Z,,,19,"VAT,Money,Business tax,GOV.UK homepage",HM Revenue & Customs,HM Revenue & Customs,2019 to 2022 Johnson Conservative government,,,
https://www.gov.uk/guidance/overseas-pensions-tell-hmrc-youre-a-qrops,Overseas pensions: tell HMRC you’re a qualified recognised overseas pension scheme,detailed_guide,919c4c73-f63f-48a0-939f-a8aff22954e7,en,whitehall,2016-12-05T00:00:00.000Z,2025-04-05T23:15:21.000Z,,,19,"Business tax,Pension scheme administration,Money,GOV.UK homepage",HM Revenue & Customs,HM Revenue & Customs,2016 to 2019 May Conservative government,,,
https://www.gov.uk/guidance/taxation-of-entertainment-expenses-480-chapter-20,Taxation of entertainment expenses (480: Chapter 20),detailed_guide,c24c4d63-5567-4cc8-8cb7-93451f601ed4,en,whitehall,2019-12-30T15:00:28.000Z,2019-12-30T15:00:28.000Z,,,18,"Business tax,Money,PAYE,GOV.UK homepage",HM Revenue & Customs,HM Revenue & Customs,2019 to 2022 Johnson Conservative government,,,
https://www.gov.uk/guidance/pay-insurance-premium-tax,Pay Insurance Premium Tax,detailed_guide,601f5add-7631-11e4-a3cb-005056011aef,en,whitehall,2014-11-03T00:00:00.000Z,2025-03-31T13:22:39.000Z,,,18,"Money,Paying Insurance Premium Tax,GOV.UK homepage,Business tax,Dealing with HMRC,Paying HMRC,Insurance Premium Tax",HM Revenue & Customs,HM Revenue & Customs,2010 to 2015 Conservative and Liberal Democrat coalition government,,,
https://www.gov.uk/guidance/tax-and-national-insurance-for-oil-and-gas-workers,Tax and National Insurance for oil and gas workers,detailed_guide,a1cb509d-2cd2-4670-aa3e-9961a20a0af3,en,whitehall,2014-12-08T15:06:00.000Z,2014-12-08T15:06:00.000Z,,,18,"Living or working abroad or offshore,Money,Personal tax,GOV.UK homepage,Crime, justice and law,Rules for specific occupations",HM Revenue & Customs,HM Revenue & Customs,2010 to 2015 Conservative and Liberal Democrat coalition government,,,
https://www.gov.uk/guidance/travelling-and-subsistence-expenses-480-chapter-8,Travelling and subsistence expenses (480: Chapter 8),detailed_guide,6765cf69-4035-4966-ad0b-419b5790688a,en,whitehall,2019-12-30T14:56:24.000Z,2019-12-30T14:56:24.000Z,,,18,"Money,GOV.UK homepage,Business tax,PAYE",HM Revenue & Customs,HM Revenue & Customs,2019 to 2022 Johnson Conservative government,,,
https://www.gov.uk/guidance/historic-chargeable-amounts-for-annual-tax-on-enveloped-dwellings,Historic chargeable amounts for Annual Tax on Enveloped Dwellings,detailed_guide,841d102a-8576-44f3-a905-af54cfe39caa,en,whitehall,2019-02-01T00:00:00.000Z,2025-12-02T15:37:47.000Z,,,18,"Stamp duty and other tax on property,GOV.UK homepage,Annual Tax on Enveloped Dwellings,Business tax,Money",HM Revenue & Customs,HM Revenue & Customs,2016 to 2019 May Conservative government,,,
https://www.gov.uk/guidance/supplementary-pages-ct600b-controlled-foreign-companies-and-foreign-permanent-establishment-exemptions-hybrid-and-other-mismatches,"Supplementary pages CT600B: controlled foreign companies and foreign permanent establishment exemptions, hybrid and other mismatches",detailed_guide,d6b2d8a7-0999-4d4a-9038-ecda1db629f6,en,whitehall,2022-09-29T23:00:00.000Z,2024-01-02T12:41:22.000Z,,,18,"Business and industry,Running a business,Money,GOV.UK homepage,Business tax,Business auditing, accounting and reporting,Corporation Tax",HM Revenue & Customs,HM Revenue & Customs,2022 Truss Conservative government,,,
https://www.gov.uk/guidance/stamp-duty-reserve-tax-penalties-and-appeals,Stamp Duty Reserve Tax: penalties and appeals,detailed_guide,60ebe91e-996f-49db-b79a-84935068919e,en,whitehall,2013-06-10T23:00:00.000Z,2020-11-27T15:51:52.000Z,,,18,"Dealing with HMRC,Tax agent and adviser guidance,Business tax,Stamp duty on shares,Money,Stamp tax on electronic shares,GOV.UK homepage",HM Revenue & Customs,HM Revenue & Customs,2010 to 2015 Conservative and Liberal Democrat coalition government,,,
https://www.gov.uk/guidance/apply-for-an-advance-origin-ruling,Apply for an Advance Origin Ruling,detailed_guide,7dbb7406-d541-4eee-a17b-90a3448369c7,en,whitehall,2020-12-31T00:00:00.000Z,2023-07-04T13:03:46.000Z,,,18,"Business and industry,Customs declarations, duties and tariffs (import and export),Dealing with HMRC,GOV.UK homepage,Trade and investment,Money",HM Revenue & Customs,HM Revenue & Customs,2019 to 2022 Johnson Conservative government,,,
https://www.gov.uk/guidance/software-development-apis-available-on-the-hmrc-developer-hub,Software development: APIs available on the HMRC Developer Hub,detailed_guide,00d6f2ea-f3d0-4cea-aa76-1b8bcb9a682a,en,whitehall,2018-05-03T12:51:38.000Z,2018-05-03T12:51:38.000Z,,,18,"Dealing with HMRC,Money,Software development for HMRC,GOV.UK homepage",HM Revenue & Customs,HM Revenue & Customs,2016 to 2019 May Conservative government,,,
https://www.gov.uk/guidance/taxation-of-renewable-heat-incentives,Taxation of Renewable Heat Incentives,detailed_guide,46223d98-a2cb-474d-8807-18aaca3c3f84,en,whitehall,2015-10-13T23:00:00.000Z,2024-08-23T10:49:34.000Z,,,18,"Work,Business tax,Money,GOV.UK homepage,Personal tax,Corporation Tax,Self-employment",HM Revenue & Customs,HM Revenue & Customs,2015 to 2016 Cameron Conservative government,,,
https://www.gov.uk/guidance/non-cash-pay-shares-commodities-you-provide-to-your-employees,"Paying employees in shares, commodities or other non-cash pay",detailed_guide,5f1585c9-7631-11e4-a3cb-005056011aef,en,whitehall,2014-06-12T09:00:00.000Z,2018-12-19T09:30:07.000Z,,,18,"Special types of employee pay,PAYE,Business tax,GOV.UK homepage,Money",HM Revenue & Customs,HM Revenue & Customs,2010 to 2015 Conservative and Liberal Democrat coalition government,,,
https://www.gov.uk/guidance/laundry-allowance-claims-from-ratings-and-other-ranks-in-the-ministry-of-defense,Laundry allowance claims from Ratings and Other Ranks in the Ministry of Defence,detailed_guide,5f14193d-7631-11e4-a3cb-005056011aef,en,whitehall,2014-02-17T16:33:00.000Z,2014-02-17T16:33:00.000Z,,,18,"GOV.UK homepage,Money",HM Revenue & Customs,HM Revenue & Customs,2010 to 2015 Conservative and Liberal Democrat coalition government,,,
https://www.gov.uk/guidance/what-to-do-if-your-tax-agent-business-is-changing,What to do if your tax agent business is changing,detailed_guide,93084e08-9480-4729-ab5b-afca99651bae,en,whitehall,2022-10-16T23:00:00.000Z,2025-09-14T23:15:00.000Z,,,18,"Dealing with HMRC,Money,GOV.UK homepage,Tax agent and adviser guidance",HM Revenue & Customs,HM Revenue & Customs,2022 Truss Conservative government,,,
https://www.gov.uk/guidance/annual-returns-and-tax-claims-for-isa-managers,Submitting interim and annual tax claims for ISA managers,detailed_guide,4c063bf8-3177-4f18-a20b-77255022b31a,en,whitehall,2018-04-04T23:00:00.000Z,2024-04-05T23:15:01.000Z,,,18,"Tax on savings and investments,GOV.UK homepage,Personal tax,Money",HM Revenue & Customs,HM Revenue & Customs,2016 to 2019 May Conservative government,,,
https://www.gov.uk/guidance/register-to-report-and-pay-vat-on-distance-sales-of-goods-from-northern-ireland-to-the-eu,Register to report and pay VAT on distance sales of goods from Northern Ireland to the EU,detailed_guide,1ff015c9-6382-45ac-a669-7e478bc270a8,en,whitehall,2021-06-30T23:00:00.000Z,2024-08-19T12:23:02.000Z,,,18,"VAT,Money,Business tax,GOV.UK homepage",HM Revenue & Customs,HM Revenue & Customs,2019 to 2022 Johnson Conservative government,,,
https://www.gov.uk/guidance/check-if-you-are-at-risk-of-tax-avoidance,Check if you are at risk of tax avoidance,detailed_guide,c4951b58-406e-4335-bb48-d5a44e1e5d71,en,whitehall,2021-11-18T09:00:00.000Z,2021-11-18T09:00:00.000Z,,,17,"Tax avoidance,Money,GOV.UK homepage,Dealing with HMRC",HM Revenue & Customs,HM Revenue & Customs,2019 to 2022 Johnson Conservative government,,,
https://www.gov.uk/guidance/vat-reverse-domestic-charge-for-telecommunications-services,Domestic reverse charge for telecommunications services,detailed_guide,85fa0a13-fdfd-405e-acf6-2d04a96f6ac7,en,whitehall,2016-08-18T11:50:00.000Z,2020-12-31T23:00:22.000Z,,,17,"VAT,Money,Business tax reform,Business tax,GOV.UK homepage,Tax evasion and avoidance",HM Revenue & Customs,HM Revenue & Customs,2016 to 2019 May Conservative government,,,
https://www.gov.uk/guidance/claim-vat-back-on-tax-free-shopping-in-northern-ireland,Claim VAT back on tax-free shopping in Northern Ireland,detailed_guide,afb4d183-0804-4b0f-9bb0-0cd7ea963d5a,en,whitehall,2020-12-31T23:01:00.000Z,2021-08-20T14:57:28.000Z,,,17,"GOV.UK homepage,VAT,Money,Business tax",HM Revenue & Customs,HM Revenue & Customs,2019 to 2022 Johnson Conservative government,,,
https://www.gov.uk/guidance/pay-the-soft-drinks-industry-levy-notice-5,Pay the Soft Drinks Industry Levy (notice 5),detailed_guide,985e0592-91a5-4cd3-81bc-50a4f942412a,en,whitehall,2018-06-30T23:00:00.000Z,2025-03-31T10:59:34.000Z,,,17,"Paying HMRC,Soft Drinks Industry Levy,Money,Business tax,Dealing with HMRC,GOV.UK homepage",HM Revenue & Customs,HM Revenue & Customs,2016 to 2019 May Conservative government,,,
https://www.gov.uk/guidance/fuel-used-in-private-pleasure-craft-and-for-private-pleasure-flying-excise-notice-554,Fuel used in private pleasure craft and for private pleasure flying (Excise Notice 554),detailed_guide,27577612-8edc-46f7-95f8-fa4a83a0e02d,en,whitehall,2021-09-30T23:00:00.000Z,2025-11-18T12:16:55.000Z,,,17,"Business tax,Fuel Duty,GOV.UK homepage,Money",HM Revenue & Customs,HM Revenue & Customs,2019 to 2022 Johnson Conservative government,,,
https://www.gov.uk/guidance/transfer-employers-national-insurance-to-employees,Transfer employer’s National Insurance to employees,detailed_guide,602654c8-7631-11e4-a3cb-005056011aef,en,whitehall,2014-03-04T00:00:00.000Z,2025-04-30T23:15:01.000Z,,,17,"Business tax,National Insurance transfers,Employment related securities,Money,GOV.UK homepage",HM Revenue & Customs,HM Revenue & Customs,2010 to 2015 Conservative and Liberal Democrat coalition government,,,
https://www.gov.uk/expenses-and-benefits-retirement-benefit-schemes,Expenses and benefits: retirement benefit schemes,answer,eaf36ed2-f4d8-4f6d-a58d-198da4747450,en,publisher,2012-10-16T17:33:10.000Z,2014-07-23T12:20:06.000Z,,,17,"Expenses and employee benefits,Business tax,GOV.UK homepage,Money",Government Digital Service,HM Revenue & Customs,,,,
https://www.gov.uk/guidance/pay-no-customs-duty-and-vat-on-importing-museum-and-gallery-exhibits,Pay no Customs Duty and VAT on importing museum and gallery exhibits,detailed_guide,353dadac-3b39-4eae-9f6b-b09efaa67e61,en,whitehall,2020-05-27T09:58:00.000Z,2020-05-27T09:58:00.000Z,,,17,"Importing goods and services,VAT,Business and industry,Exporting goods and services,GOV.UK homepage,Business tax,Trade and investment,Money,Customs declarations, duties and tariffs (import and export)",HM Revenue & Customs,HM Revenue & Customs,2019 to 2022 Johnson Conservative government,,,
https://www.gov.uk/guidance/optional-remuneration-arrangements-480-appendix-12,Optional remuneration arrangements (480: Appendix 12),detailed_guide,cf6c9323-cb74-4120-946b-c64c6a8aad3d,en,whitehall,2019-12-30T15:07:00.000Z,2020-04-01T11:12:03.000Z,,,17,"PAYE,Money,Business tax,GOV.UK homepage",HM Revenue & Customs,HM Revenue & Customs,2019 to 2022 Johnson Conservative government,,,
https://www.gov.uk/guidance/report-foreign-tax-credit-relief,Report foreign tax credit relief,detailed_guide,cf1e8924-b8ab-4182-a6aa-1a400714e5e5,en,whitehall,2024-03-28T00:00:00.000Z,2024-03-28T00:00:00.000Z,,,17,"Dealing with HMRC,PAYE ,Money,GOV.UK homepage,Paying HMRC",HM Revenue & Customs,HM Revenue & Customs,2022 to 2024 Sunak Conservative government,,,
https://www.gov.uk/guidance/register-for-corporation-tax-through-a-dependent-agent-permanent-establishment,Register for Corporation Tax through a dependent agent permanent establishment,detailed_guide,f45f82ba-38b3-466c-bea7-0d8c21c74bae,en,whitehall,2024-09-16T23:00:00.000Z,2025-07-11T13:05:25.000Z,,,17,"Dealing with HMRC,Paying HMRC,Money,Corporation Tax,Business tax,Property taxes,GOV.UK homepage",HM Revenue & Customs,HM Revenue & Customs,2024 Starmer Labour government,,,
https://www.gov.uk/guidance/junior-individual-savings-accounts-for-managers-isas-setting-up-junior-isas,Junior Individual Savings Accounts (JISAs) for managers: setting up Junior ISAs,detailed_guide,32cacc50-7fdc-4f27-ac7a-8ffe539311ec,en,whitehall,2016-04-05T23:00:00.000Z,2016-04-05T23:00:00.000Z,,,17,"GOV.UK homepage,Dealing with HMRC,Personal tax,Money",HM Revenue & Customs,HM Revenue & Customs,2015 to 2016 Cameron Conservative government,,,
https://www.gov.uk/guidance/stamp-duty-rates-on-land-transfers-before-december-2003,Stamp Duty: rates on land transfers before December 2003,detailed_guide,dddab5e3-aab9-4fd2-a377-dee59ca2ac86,en,whitehall,2013-09-04T23:00:00.000Z,2013-09-04T23:00:00.000Z,,,17,"Money,Stamp Duty before December 2003,Business tax,Stamp duty and other tax on property,GOV.UK homepage",HM Revenue & Customs,HM Revenue & Customs,2010 to 2015 Conservative and Liberal Democrat coalition government,,,
https://www.gov.uk/guidance/check-your-transit-guarantee-balance,Check your transit guarantee balance,detailed_guide,f3c81237-353c-40c5-a17d-18c5f97697fb,en,whitehall,2022-02-21T00:00:00.000Z,2022-02-21T00:00:00.000Z,,,17,"Customs declarations, duties and tariffs (import and export),Trade and investment,Business and industry,VAT,Exporting,Importing goods and services,Business tax,Money,Exporting goods and services,Importing,GOV.UK homepage",HM Revenue & Customs,HM Revenue & Customs,2019 to 2022 Johnson Conservative government,,,
https://www.gov.uk/guidance/chapter-1-pension-scheme-guidance,Chapter 1 pension scheme guidance,detailed_guide,82636946-b1b0-4130-aad4-bb4f1bf18752,en,whitehall,2023-10-04T23:00:00.000Z,2025-05-02T08:24:11.000Z,,,17,"Personal tax,Money,Pensions,Income Tax,GOV.UK homepage",HM Revenue & Customs,HM Revenue & Customs,2022 to 2024 Sunak Conservative government,,,
https://www.gov.uk/guidance/taxable-benefits-and-facilities-480-chapter-4,Taxable benefits and facilities (480: Chapter 4),detailed_guide,1958dab1-423a-4d06-920d-dd95b646f1e3,en,whitehall,2019-12-30T14:54:53.000Z,2019-12-30T14:54:53.000Z,,,17,"Business tax,PAYE,Money,GOV.UK homepage",HM Revenue & Customs,HM Revenue & Customs,2019 to 2022 Johnson Conservative government,,,
https://www.gov.uk/guidance/provide-a-pension-for-your-scheme-member,Provide a pension for your scheme member,detailed_guide,d1ce86a5-d117-42d5-8f20-4bd2ccdb931e,en,whitehall,2018-12-19T09:00:00.000Z,2018-12-19T09:00:00.000Z,,,17,"Money,Pension scheme administration,Business tax,GOV.UK homepage",HM Revenue & Customs,HM Revenue & Customs,2016 to 2019 May Conservative government,,,
https://www.gov.uk/guidance/measuring-property-for-rating-purposes,Business rates: how different properties are measured,detailed_guide,5ff0826b-7631-11e4-a3cb-005056011aef,en,whitehall,2014-11-10T14:25:00.000Z,2016-10-06T08:03:36.000Z,,,17,"Money,Regional and local government,Local government,Housing, local and community,GOV.UK homepage",Valuation Office Agency,Valuation Office Agency,2010 to 2015 Conservative and Liberal Democrat coalition government,,,
https://www.gov.uk/guidance/controlled-foreign-company-an-overview,Find out about Controlled Foreign Companies and tax avoidance,detailed_guide,5fa938a6-7631-11e4-a3cb-005056011aef,en,whitehall,2013-04-12T23:00:00.000Z,2018-10-10T06:43:15.000Z,,,16,"GOV.UK homepage,International tax,Business tax,Money",HM Revenue & Customs,HM Revenue & Customs,2010 to 2015 Conservative and Liberal Democrat coalition government,,,
https://www.gov.uk/guidance/classifying-pharmaceutical-products,Classifying pharmaceutical products and placebos for import and export,detailed_guide,5c717896-7631-11e4-a3cb-005056011aef,en,whitehall,2012-08-03T10:47:00.000Z,2021-07-22T15:19:05.000Z,,,16,"Money,UK Trade Tariff and classification of goods,Business and industry,Trade and investment,Customs declarations, duties and tariffs (import and export),Commodity codes and reporting,GOV.UK homepage,Importing",HM Revenue & Customs,HM Revenue & Customs,2010 to 2015 Conservative and Liberal Democrat coalition government,,,
https://www.gov.uk/guidance/social-security-contributions-for-workers-coming-to-the-uk-from-the-eea-or-switzerland,"Paying social security contributions if you're coming to work in the UK from the EU, Gibraltar, Iceland, Liechtenstein, Norway, or Switzerland",detailed_guide,882704ae-9791-4aa5-a5aa-703c08f59627,en,whitehall,2020-12-26T00:00:00.000Z,2024-01-17T17:59:14.000Z,,,16,"Brexit,Money,GOV.UK homepage,Government,National Insurance,Personal tax",HM Revenue & Customs,HM Revenue & Customs,2019 to 2022 Johnson Conservative government,,,
https://www.gov.uk/guidance/check-if-you-need-to-pay-tax-on-mileage-payments-as-a-volunteer-driver,Check if you need to pay tax on mileage payments as a volunteer driver,detailed_guide,1aa972b5-b6ee-4d48-a662-8c1155662c3c,en,whitehall,2018-04-20T14:29:44.000Z,2018-04-20T14:29:44.000Z,,,16,"Self Assessment,Personal tax,Money,GOV.UK homepage",HM Revenue & Customs,HM Revenue & Customs,2016 to 2019 May Conservative government,,,
https://www.gov.uk/guidance/disguised-remuneration-a-supreme-court-decision-spotlight-41,Disguised remuneration: a Supreme Court decision (Spotlight 41),detailed_guide,db94da54-a1f4-48af-857b-f4ec89bf7ebe,en,whitehall,2017-09-29T12:34:00.000Z,2017-09-29T12:34:00.000Z,,,16,"Tax avoidance,Dealing with HMRC,GOV.UK homepage,Money",HM Revenue & Customs,HM Revenue & Customs,2016 to 2019 May Conservative government,,,
https://www.gov.uk/guidance/transfer-your-scheme-members-contracted-out-pension-rights,Transfer your scheme member’s contracted-out pension rights,detailed_guide,71964388-47e3-45c5-818a-eef7352c3042,en,whitehall,2018-12-19T09:00:01.000Z,2018-12-19T09:00:01.000Z,,,16,"Business tax,GOV.UK homepage,Pension scheme administration,Money",HM Revenue & Customs,HM Revenue & Customs,2016 to 2019 May Conservative government,,,
https://www.gov.uk/guidance/statutory-paternity-pay-employment-types-that-affect-payment,Statutory Paternity Pay: how different employment types affect what you pay,detailed_guide,5f154673-7631-11e4-a3cb-005056011aef,en,whitehall,2014-03-18T17:35:00.000Z,2016-05-13T09:52:14.000Z,,,16,"Money,Business tax,GOV.UK homepage,PAYE",HM Revenue & Customs,HM Revenue & Customs,2010 to 2015 Conservative and Liberal Democrat coalition government,,,
https://www.gov.uk/guidance/get-help-with-basis-period-reform,Get help with Basis Period Reform,detailed_guide,c8b1d06b-f6fa-40a9-a9f5-508ec680ccd8,en,whitehall,2024-02-19T00:00:00.000Z,2025-01-28T12:09:23.000Z,,,16,"Money,Business tax,GOV.UK homepage",HM Revenue & Customs,HM Revenue & Customs,2022 to 2024 Sunak Conservative government,,,
https://www.gov.uk/guidance/vat-point-of-sale-retail-scheme-notice-7273,Point of Sale VAT Retail Scheme (VAT Notice 727/3),detailed_guide,3c892409-2a82-4480-9d6c-43f06e871064,en,whitehall,2013-01-11T00:00:00.000Z,2020-12-31T23:01:16.000Z,,,16,"Business tax,VAT returns,VAT,GOV.UK homepage,Accounting for VAT,Charging VAT,Money",HM Revenue & Customs,HM Revenue & Customs,2010 to 2015 Conservative and Liberal Democrat coalition government,,,
https://www.gov.uk/guidance/pension-trustees-reclaim-tax-deducted-from-investment-income,Reclaim tax deducted from pension scheme investments,detailed_guide,5fe9dd82-7631-11e4-a3cb-005056011aef,en,whitehall,2014-09-16T12:01:00.000Z,2015-04-23T09:20:50.000Z,,,16,"Pension scheme administration,Money,Pension scheme trustees,GOV.UK homepage,Business tax",HM Revenue & Customs,HM Revenue & Customs,2010 to 2015 Conservative and Liberal Democrat coalition government,,,
https://www.gov.uk/guidance/claim-a-credit-or-defer-paying-plastic-packaging-tax,Get tax relief on exported and converted components for Plastic Packaging Tax,detailed_guide,4fb1ce30-0d7a-4bf1-9469-e23dc281ab85,en,whitehall,2021-11-04T09:30:00.000Z,2023-08-18T11:40:53.000Z,,,16,"Business tax,Money,GOV.UK homepage",HM Revenue & Customs,HM Revenue & Customs,2019 to 2022 Johnson Conservative government,,,
https://www.gov.uk/guidance/air-passenger-duty-for-plane-operators,Air Passenger Duty for plane operators,detailed_guide,88320b68-1e28-4139-aa50-b55875dbd016,en,whitehall,2018-01-29T00:00:00.000Z,2023-03-31T23:15:13.000Z,,,16,"Business tax,Aviation,Air passenger duty,Money,Transport,GOV.UK homepage,Air Passenger Duty",HM Revenue & Customs,HM Revenue & Customs,2016 to 2019 May Conservative government,,,
https://www.gov.uk/guidance/tell-hmrc-and-pay-the-self-employment-income-support-scheme-grant-back,Tell HMRC and pay back a Self-Employment Income Support Scheme grant,detailed_guide,f420a3b1-e831-4c5f-9114-ea52305b2577,en,whitehall,2020-07-13T23:00:00.000Z,2022-01-10T12:22:26.000Z,,,16,"Self-employment,Money,Support for businesses and self-employed people during COVID-19,COVID-19,Health and social care,Support for self-employed people and sole traders during COVID-19,Dealing with HMRC,Paying HMRC,Work,GOV.UK homepage",HM Revenue & Customs,HM Revenue & Customs,2019 to 2022 Johnson Conservative government,,,
https://www.gov.uk/guidance/check-a-previous-coronavirus-job-retention-scheme-claim,Check a previous Coronavirus Job Retention Scheme claim,detailed_guide,32f96c0e-5a84-4de5-b37b-f3a8d6ac3092,en,whitehall,2021-10-28T23:00:00.000Z,2022-08-18T13:00:46.000Z,,,16,"Support for businesses and self-employed people during COVID-19,Work and financial support during COVID-19,Business tax,Running a business,Managing your business during COVID-19,Money,PAYE,COVID-19,Health and social care,Your responsibilities as an employer during COVID-19,Business and industry,GOV.UK homepage",HM Revenue & Customs,HM Revenue & Customs,2019 to 2022 Johnson Conservative government,,,
https://www.gov.uk/guidance/apply-for-temporary-approval-for-the-alcohol-wholesaler-registration-scheme,Apply for temporary approval,detailed_guide,26f1e732-db46-497c-9d71-172d6a3b27d2,en,whitehall,2021-07-07T23:00:00.000Z,2025-02-01T00:15:02.000Z,,,16,"Money,GOV.UK homepage,Business tax,Alcohol duty,Tobacco Products Duty",HM Revenue & Customs,HM Revenue & Customs,2019 to 2022 Johnson Conservative government,,,
https://www.gov.uk/guidance/manage-the-registered-contact-for-a-junior-isa,Manage the registered contact for a Junior ISA,detailed_guide,05cf5828-b815-4b89-a1ae-a9025ae166e4,en,whitehall,2018-04-05T09:36:14.000Z,2018-04-05T09:36:14.000Z,,,16,"Money,Personal tax,GOV.UK homepage,Tax on savings and investments",HM Revenue & Customs,HM Revenue & Customs,2016 to 2019 May Conservative government,,,
https://www.gov.uk/guidance/non-cash-benefits-480-chapter-27,Non-cash benefits (480: Chapter 27),detailed_guide,fb286cc2-d092-41ac-9c25-36c3d4afe99a,en,whitehall,2019-12-30T15:01:00.000Z,2019-12-30T15:01:00.000Z,,,16,"GOV.UK homepage,Money,Business tax,PAYE",HM Revenue & Customs,HM Revenue & Customs,2019 to 2022 Johnson Conservative government,,,
https://www.gov.uk/guidance/check-if-your-client-has-been-affected-by-the-public-service-pensions-remedy,Check if your client has been affected by the public service pensions remedy,detailed_guide,48da6163-b233-49ef-864d-21272ddc1ddd,en,whitehall,2023-10-04T23:00:00.000Z,2024-09-19T08:00:01.000Z,,,16,"Personal tax,Pensions,Tax agent and adviser guidance,GOV.UK homepage,Dealing with HMRC,Income Tax,Money",HM Revenue & Customs,HM Revenue & Customs,2022 to 2024 Sunak Conservative government,,,
https://www.gov.uk/guidance/research-and-development-rd-tax-relief-enhanced-rd-intensive-support-for-loss-making-smes-based-in-northern-ireland,Research and Development (R&D) Tax Relief: Enhanced R&D intensive support for loss-making SMEs based in Northern Ireland,detailed_guide,1b8d5bcd-2ecc-419c-a67c-3de458003f50,en,whitehall,2024-03-18T00:00:00.000Z,2025-09-26T11:49:59.000Z,,,16,"Money,Business tax,Corporation Tax,Research and development,Science and innovation,Business and industry,GOV.UK homepage",HM Revenue & Customs,HM Revenue & Customs,2022 to 2024 Sunak Conservative government,,,
https://www.gov.uk/guidance/using-a-vat-margin-scheme-if-you-buy-and-sell-goods-between-northern-ireland-and-the-eu,Using a VAT margin scheme if you buy and sell goods between Northern Ireland and the EU,detailed_guide,5689f67c-820e-4af0-b35b-b09c4a7bbc74,en,whitehall,2021-12-23T00:00:00.000Z,2021-12-23T00:00:00.000Z,,,16,"Money,VAT,Charging VAT,Accounting for VAT,Business tax,GOV.UK homepage",HM Revenue & Customs,HM Revenue & Customs,2019 to 2022 Johnson Conservative government,,,
https://www.gov.uk/guidance/guidance-on-completion-of-forms-p11d-480-chapter-25,Guidance on how to complete P11D forms (480: Chapter 25),detailed_guide,976403a6-e01a-4fc1-a37f-f5554a3aa4c0,en,whitehall,2019-12-30T00:00:00.000Z,2024-03-08T15:31:33.000Z,,,15,"PAYE,GOV.UK homepage,Money,Business tax",HM Revenue & Customs,HM Revenue & Customs,2019 to 2022 Johnson Conservative government,,,
https://www.gov.uk/guidance/valuation-of-company-benefits-480-chapter-6,Valuation of company benefits (480: Chapter 6),detailed_guide,901a2e36-0210-40f8-89e7-11996f9e4bd8,en,whitehall,2019-12-30T14:55:00.000Z,2019-12-30T14:55:00.000Z,,,15,"Business tax,PAYE,GOV.UK homepage,Money",HM Revenue & Customs,HM Revenue & Customs,2019 to 2022 Johnson Conservative government,,,
https://www.gov.uk/guidance/plastic-packaging-tax-penalties,Plastic Packaging Tax penalties,detailed_guide,5348fb47-555b-459f-b44f-5eb5c57027a5,en,whitehall,2023-04-14T13:16:00.000Z,2023-09-21T10:14:48.000Z,,,15,"Money,Business tax,GOV.UK homepage",HM Revenue & Customs,HM Revenue & Customs,2022 to 2024 Sunak Conservative government,,,
https://www.gov.uk/guidance/pay-excise-duty-on-biofuels-and-other-fuel-substitutes-ho930,Report Excise Duty on biofuels and other fuel substitutes (HO930),detailed_guide,62ec6572-3663-46bc-896b-023c68686fdf,en,whitehall,2018-03-01T00:00:00.000Z,2018-03-01T00:00:00.000Z,,,15,"GOV.UK homepage,Fuel Duty,Money,Business tax",HM Revenue & Customs,HM Revenue & Customs,2016 to 2019 May Conservative government,,,
https://www.gov.uk/guidance/how-to-treat-unauthorised-payments-following-the-public-service-pensions-remedy,How to treat public service pensions remedy unauthorised payments,detailed_guide,f3b644fa-85a9-457b-a438-b767d84f42d8,en,whitehall,2023-10-04T23:00:00.000Z,2025-11-11T13:02:11.000Z,,,15,"GOV.UK homepage,Business tax,Administering a pension scheme,Paying into a pension scheme,Money,Pension scheme trustees,Tax on pensions,Pension scheme administration",HM Revenue & Customs,HM Revenue & Customs,2022 to 2024 Sunak Conservative government,,,
https://www.gov.uk/guidance/submit-an-accounting-for-tax-aft-return-using-the-managing-pensions-schemes-service,Submit an Accounting for Tax (AFT) return using the Managing pension schemes service,detailed_guide,7a0416d7-1ddc-4ff6-b325-99772f7955d3,en,whitehall,2020-07-20T23:00:00.000Z,2024-04-05T23:15:15.000Z,,,15,"Money,GOV.UK homepage,Business tax,Pension scheme administration,Administering a pension scheme",HM Revenue & Customs,HM Revenue & Customs,2019 to 2022 Johnson Conservative government,true,,
https://www.gov.uk/guidance/director-information-hub-restrictions-on-reusing-an-insolvent-company-name,Director information hub: Restrictions on reusing an insolvent company name,detailed_guide,7f455cf2-8047-4fc3-97e0-51588864dd61,en,whitehall,2024-07-16T11:07:14.000Z,2024-07-16T11:07:14.000Z,,,15,"Limited companies and partnerships,Company names,Running a business,Money,GOV.UK homepage,Business and industry,Court claims, debt and bankruptcy",The Insolvency Service,The Insolvency Service,2024 Starmer Labour government,,,
https://www.gov.uk/guidance/schedule-spreadsheet-for-connected-charities-gasds-claims,Schedule spreadsheet for connected charities' GASDS claims,detailed_guide,ef96a42f-d61d-4c62-b0b4-ee20b74c6455,en,whitehall,2014-12-11T15:10:00.000Z,2019-04-05T23:15:08.000Z,,,15,"Business and industry,Society and culture,Money,Charity money, tax and accounts,Sports and leisure,GOV.UK homepage,Charities and social enterprises",HM Revenue & Customs,HM Revenue & Customs,2010 to 2015 Conservative and Liberal Democrat coalition government,,,
https://www.gov.uk/guidance/statutory-adoption-pay-manually-calculate-your-employees-payments,Statutory Adoption Pay: manually calculate your employee's payments,detailed_guide,5f11c48c-7631-11e4-a3cb-005056011aef,en,whitehall,2014-03-18T00:00:00.000Z,2025-04-05T23:15:05.000Z,,,15,"Money,PAYE,Business tax,GOV.UK homepage",HM Revenue & Customs,HM Revenue & Customs,2010 to 2015 Conservative and Liberal Democrat coalition government,,,
https://www.gov.uk/guidance/vat-refunds-for-uk-businesses-buying-from-other-eu-countries,Refunds of VAT for UK businesses buying in EU countries,detailed_guide,5f1cb447-7631-11e4-a3cb-005056011aef,en,whitehall,2014-06-30T23:00:00.000Z,2020-12-31T23:01:10.000Z,,,15,"Business tax,Money,VAT,GOV.UK homepage,Importing goods and services",HM Revenue & Customs,HM Revenue & Customs,2010 to 2015 Conservative and Liberal Democrat coalition government,,,
https://www.gov.uk/guidance/insolvency-service-research-into-individual-voluntary-arrangements-ivas,Insolvency Service research findings into Individual Voluntary Arrangements (IVAs),detailed_guide,6c8bad24-ade9-4ade-a2fd-3ca0e9ef9cb5,en,whitehall,2024-10-16T23:00:00.000Z,2024-10-16T23:00:00.000Z,,,15,"Money,Court claims, debt and bankruptcy,GOV.UK homepage",The Insolvency Service,The Insolvency Service,2024 Starmer Labour government,,,
https://www.gov.uk/guidance/examples-of-good-practice-for-umbrella-companies-in-the-temporary-labour-market,Examples of good practice for umbrella companies in the temporary labour market,detailed_guide,a63a09fe-94e4-44bb-a6a4-aa8b8b803a00,en,whitehall,2025-04-07T23:00:00.000Z,2025-09-17T14:00:00.000Z,,,15,"Work,Tax avoidance,Paying HMRC,Contracts and working hours,Working, jobs and pensions,GOV.UK homepage,Dealing with HMRC,Tax compliance,Money,Income Tax and National Insurance",HM Revenue & Customs,HM Revenue & Customs,2024 Starmer Labour government,,,
https://www.gov.uk/guidance/postage-stamps-and-philatelic-supplies-notice-7018,Postage stamps and philatelic supplies (VAT Notice 701/8),detailed_guide,690770f7-06a1-4d85-b5a8-2bbeeb7238c3,en,whitehall,2017-09-28T15:00:00.000Z,2022-09-21T11:16:22.000Z,,,15,"VAT,Business tax,GOV.UK homepage,Accounting for VAT,Money,Rules for particular trades",HM Revenue & Customs,HM Revenue & Customs,2016 to 2019 May Conservative government,,,
https://www.gov.uk/guidance/get-help-with-a-tax-issue-as-a-public-body,Get help with a tax issue as a public body,detailed_guide,49f2eb77-ed70-48de-b5fe-667f99dc9886,en,whitehall,2024-10-14T10:59:34.000Z,2024-10-14T10:59:34.000Z,,,14,"Business tax,Mid-sized businesses,Large businesses,Money,GOV.UK homepage,Dealing with HMRC,Large and mid-size business",HM Revenue & Customs,HM Revenue & Customs,2024 Starmer Labour government,,,
https://www.gov.uk/guidance/national-insurance-correction-letter-from-hmrc,National Insurance correction letter from HMRC,detailed_guide,55d49b69-5cd9-4127-b320-e9b547bc9e4d,en,whitehall,2023-07-10T09:00:07.000Z,2023-07-10T09:00:07.000Z,,,14,"GOV.UK homepage,Money,Personal tax,National Insurance",HM Revenue & Customs,HM Revenue & Customs,2022 to 2024 Sunak Conservative government,,,
https://www.gov.uk/guidance/check-if-you-can-pay-less-alcohol-duty-on-draught-products,Check if you can pay less Alcohol Duty on draught alcoholic products,detailed_guide,adee760e-aae0-403e-b845-f60e4a909158,en,whitehall,2023-06-28T23:00:00.000Z,2026-02-01T00:15:01.000Z,,,14,"Money,Payments and reliefs (Alcohol duty),Business tax,Business and industry,GOV.UK homepage,Moving and storing goods,Alcohol duty",HM Revenue & Customs,HM Revenue & Customs,2022 to 2024 Sunak Conservative government,,,
https://www.gov.uk/guidance/vat-and-corporate-purchasing-cards-notice-70148,Corporate purchasing cards (VAT Notice 701/48),detailed_guide,2177a7be-c219-4623-8707-d36c0ec160f1,en,whitehall,2002-03-01T00:00:00.000Z,2002-03-01T00:00:00.000Z,,,14,"GOV.UK homepage,Money,Accounting for VAT,Business tax,VAT",HM Revenue & Customs,HM Revenue & Customs,1997 to 2007 Blair Labour government,,,
https://www.gov.uk/guidance/sailing-a-pleasure-craft-into-the-uk-temporarily-for-private-use,Sailing a pleasure craft into the UK temporarily for private use,detailed_guide,dd02fef8-84c7-4dbe-9758-ccc0f5890854,en,whitehall,2021-12-29T00:00:00.000Z,2025-07-15T23:15:07.000Z,,,14,"Money,Trade and investment,GOV.UK homepage,Customs declarations, duties and tariffs (import and export),Business and industry,Business tax",HM Revenue & Customs,HM Revenue & Customs,2019 to 2022 Johnson Conservative government,,,
https://www.gov.uk/guidance/elect-an-offshore-collective-investment-vehicle-for-tax-transparency-on-uk-capital-gains,Elect an offshore collective investment vehicle for tax transparency on UK capital gains,detailed_guide,b2710984-0a8d-4e06-a20c-0bc4fa86b7e8,en,whitehall,2020-02-24T12:25:00.000Z,2022-02-18T09:05:49.000Z,,,14,"Business tax,Corporation Tax,GOV.UK homepage,Money",HM Revenue & Customs,HM Revenue & Customs,2019 to 2022 Johnson Conservative government,,,
https://www.gov.uk/guidance/statutory-paternity-pay-employee-circumstances-that-affect-payment,Statutory Paternity Pay: employee circumstances that affect payment,detailed_guide,5f1592ab-7631-11e4-a3cb-005056011aef,en,whitehall,2014-03-18T00:00:00.000Z,2024-04-17T13:21:18.000Z,,,14,"Money,GOV.UK homepage,Business tax,PAYE",HM Revenue & Customs,HM Revenue & Customs,2010 to 2015 Conservative and Liberal Democrat coalition government,,,
https://www.gov.uk/guidance/nispi-pension-schemes-reconciliation-services,Check scheme details using the Scheme Reconciliation Service,detailed_guide,6028f2c4-7631-11e4-a3cb-005056011aef,en,whitehall,2014-11-13T00:00:00.000Z,2018-09-07T12:10:53.000Z,,,14,"Money,Pension scheme administration,GOV.UK homepage,Business tax",HM Revenue & Customs,HM Revenue & Customs,2010 to 2015 Conservative and Liberal Democrat coalition government,,,
https://www.gov.uk/guidance/pension-schemes-end-of-contracting-out,How pension scheme administration is affected by the ending of contracting-out,detailed_guide,1c6ed3a6-dcaa-47dd-bb45-1278faf828aa,en,whitehall,2016-04-05T23:30:00.000Z,2016-04-05T23:30:00.000Z,,,14,"Business tax,GOV.UK homepage,Money,Pension scheme administration",HM Revenue & Customs,HM Revenue & Customs,2015 to 2016 Cameron Conservative government,,,
https://www.gov.uk/guidance/certificate-of-tax-deposit-scheme,Pay your tax bill by Certificate of Tax Deposit,detailed_guide,60254d54-7631-11e4-a3cb-005056011aef,en,whitehall,2014-11-03T00:00:00.000Z,2023-11-07T15:25:21.000Z,,,14,"Paying HMRC,Corporation Tax,Personal tax,Capital Gains Tax,GOV.UK homepage,Money,Self Assessment,Paying your tax bill,Dealing with HMRC,Inheritance Tax",HM Revenue & Customs,HM Revenue & Customs,2010 to 2015 Conservative and Liberal Democrat coalition government,,,
https://www.gov.uk/guidance/help-with-other-tax-reliefs-on-your-self-assessment-tax-return,Help with other tax reliefs on your Self Assessment tax return,detailed_guide,1a54313f-cc3e-4dd3-b9ea-4fdc565354b9,en,whitehall,2025-04-24T23:00:00.000Z,2025-09-11T09:23:48.000Z,,,14,"Self Assessment,GOV.UK homepage,Filing a tax return,Money,Personal tax",HM Revenue & Customs,HM Revenue & Customs,2024 Starmer Labour government,,,
https://www.gov.uk/guidance/submit-your-soft-drinks-industry-levy-return,Submit your Soft Drinks Industry Levy return,detailed_guide,7e9c6766-308e-405f-9e7e-be0f98e44504,en,whitehall,2018-06-30T23:00:00.000Z,2025-07-11T11:34:20.000Z,,,13,"Money,Soft Drinks Industry Levy,GOV.UK homepage,Business tax",HM Revenue & Customs,HM Revenue & Customs,2016 to 2019 May Conservative government,,,
https://www.gov.uk/guidance/check-if-a-life-insurance-policy-can-be-included-in-an-investors-isa,Check if a life insurance policy can be included in an investor's ISA,detailed_guide,d62ee91a-4c53-4004-9cab-2ac7f2015feb,en,whitehall,2018-04-04T23:00:00.000Z,2024-04-05T23:15:05.000Z,,,13,"Money,Personal tax,GOV.UK homepage,Tax on savings and investments",HM Revenue & Customs,HM Revenue & Customs,2016 to 2019 May Conservative government,,,
https://www.gov.uk/guidance/how-to-calculate-the-deemed-employment-payment,How to calculate the deemed employment payment,detailed_guide,386971b4-d321-4f7f-a6c1-b575d8ab1bf5,en,whitehall,2017-07-07T13:00:00.000Z,2023-09-13T10:29:27.000Z,,,13,"IR35: working through an intermediary,Business tax,Money,GOV.UK homepage",HM Revenue & Customs,HM Revenue & Customs,2016 to 2019 May Conservative government,,,
https://www.gov.uk/guidance/tax-deposits-and-bonds-employers-and-traders,Tax deposits and bonds,detailed_guide,d6aaaa8a-6f19-403f-9e50-b28f31a872f4,en,whitehall,2014-12-10T16:09:00.000Z,2014-12-10T16:09:00.000Z,,,13,"Tax compliance,Dealing with HMRC,Non-payment and fraud,Money,GOV.UK homepage",HM Revenue & Customs,HM Revenue & Customs,2010 to 2015 Conservative and Liberal Democrat coalition government,,,
https://www.gov.uk/guidance/fuel-duty-reliefs,Fuel Duty: reliefs,detailed_guide,60576001-7631-11e4-a3cb-005056011aef,en,whitehall,2009-11-09T00:00:00.000Z,2023-05-23T13:03:51.000Z,,,13,"GOV.UK homepage,Business tax,Fuel Duty,Money",HM Revenue & Customs,HM Revenue & Customs,2007 to 2010 Brown Labour government,,,
https://www.gov.uk/guidance/submitting-ec-sales-list-declarations-online-using-csvs,Submitting EC Sales List declarations online using CSVs,detailed_guide,b924a069-2361-49ae-874e-ea8abcecc776,en,whitehall,2015-10-08T17:00:00.000Z,2020-01-28T15:03:39.000Z,,,13,"VAT,Dealing with HMRC,Accounting for VAT,Business tax,Software development support,Tax agent and adviser guidance,Money,GOV.UK homepage,Software development for HMRC",HM Revenue & Customs,HM Revenue & Customs,2015 to 2016 Cameron Conservative government,,,
https://www.gov.uk/guidance/community-investment-tax-relief,Community Investment Tax Relief,detailed_guide,b7309364-013a-4e5b-a85f-3ae5cdefa641,en,whitehall,2023-02-16T15:10:57.000Z,2023-02-16T15:10:57.000Z,,,13,"Self Assessment,Money,GOV.UK homepage,Personal tax",HM Revenue & Customs,HM Revenue & Customs,2022 to 2024 Sunak Conservative government,,,
https://www.gov.uk/guidance/company-car-benefit-examples-480-appendix-1,Company car benefit examples (480: Appendix 1),detailed_guide,98596f7b-e3c6-47b6-835a-ee24e87e63ae,en,whitehall,2019-12-30T15:02:00.000Z,2020-04-05T23:45:00.000Z,,,13,"Money,PAYE,Business tax,GOV.UK homepage",HM Revenue & Customs,HM Revenue & Customs,2019 to 2022 Johnson Conservative government,,,
https://www.gov.uk/guidance/shares-and-assets-valuation-manual,Shares and Assets Valuation Manual,detailed_guide,602e1c78-7631-11e4-a3cb-005056011aef,en,whitehall,2014-11-11T13:52:00.000Z,2014-11-11T13:52:00.000Z,,,13,"Dealing with HMRC,Business tax,Capital Gains Tax,Money,GOV.UK homepage,Inheritance Tax,Paying HMRC,Pension schemes,Personal tax,Stamp duty and other tax on property",HM Revenue & Customs,HM Revenue & Customs,2010 to 2015 Conservative and Liberal Democrat coalition government,,,
https://www.gov.uk/guidance/check-if-you-can-delay-customs-duty-and-import-vat,Check if you can delay customs payments and declarations,detailed_guide,845108fa-5e14-4889-9f1d-e7e144704b29,en,whitehall,2019-09-16T14:09:00.000Z,2021-04-30T08:55:58.000Z,,,13,"Business and industry,Business tax,Customs declarations, duties and tariffs (import and export),Money,Trade and investment,Rules for specific goods and services,GOV.UK homepage,Importing",HM Revenue & Customs,HM Revenue & Customs,2019 to 2022 Johnson Conservative government,,,
https://www.gov.uk/guidance/pension-trustees-appointment-and-role,Responsibilities of a pension trustee,detailed_guide,5fe9db07-7631-11e4-a3cb-005056011aef,en,whitehall,2014-09-16T12:01:00.000Z,2014-09-16T12:01:00.000Z,,,13,"GOV.UK homepage,Business tax,Pension scheme trustees,Pension scheme administration,Money",HM Revenue & Customs,HM Revenue & Customs,2010 to 2015 Conservative and Liberal Democrat coalition government,,,
https://www.gov.uk/guidance/venture-capital-schemes-apply-to-use-social-investment-tax-relief,Use SITR to raise money for your social enterprise,detailed_guide,a70c7fd9-21e2-49c1-a269-a27340f5f4a1,en,whitehall,2017-06-15T23:00:00.000Z,2023-04-05T23:15:22.000Z,,,13,"GOV.UK homepage,Business tax,Venture capital schemes,Money,Investment schemes",HM Revenue & Customs,HM Revenue & Customs,2016 to 2019 May Conservative government,,,
https://www.gov.uk/guidance/correction-of-pension-contributions-following-the-public-service-pensions-remedy,Correction of pension contributions following the public service pensions remedy,detailed_guide,eef066f5-9e42-44b3-ab6b-148f6b8f3757,en,whitehall,2023-10-04T23:00:00.000Z,2024-06-24T15:12:28.000Z,,,13,"Paying into a pension scheme,Pension scheme administration,GOV.UK homepage,Administering a pension scheme,Money,Tax on pensions,Business tax,Pension scheme trustees",HM Revenue & Customs,HM Revenue & Customs,2022 to 2024 Sunak Conservative government,,,
https://www.gov.uk/expenses-benefits-credit-debit-charge-cards,"Expenses and benefits: credit, debit and charge cards",guide,2f7975b7-4628-43ae-9eee-22718bc1c843,en,publisher,2012-09-13T12:47:14.000Z,2016-07-08T16:46:21.485Z,,,13,"Expenses and employee benefits,Money,GOV.UK homepage",Government Digital Service,HM Revenue & Customs,,,,
https://www.gov.uk/guidance/notification-of-vehicle-arrivals-online-service-for-agents,Notification of Vehicle Arrivals for agents: HMRC Online Services,detailed_guide,c25d675b-81fe-488b-a332-466bff9c4c7b,en,whitehall,2014-01-01T00:00:00.000Z,2020-12-31T23:00:09.000Z,,,13,"Dealing with HMRC,Tax agent and adviser guidance,Money,GOV.UK homepage",HM Revenue & Customs,HM Revenue & Customs,2010 to 2015 Conservative and Liberal Democrat coalition government,,,
https://www.gov.uk/guidance/register-an-offshore-property-developer-for-corporation-tax,Register an offshore property developer for  Corporation Tax,detailed_guide,9b233108-cbe9-4872-b95c-cdbdb474a191,en,whitehall,2024-09-16T23:00:00.000Z,2025-07-11T12:46:10.000Z,,,13,"Dealing with HMRC,Business tax,GOV.UK homepage,Paying HMRC,Money,Corporation Tax,Property taxes",HM Revenue & Customs,HM Revenue & Customs,2024 Starmer Labour government,,,
https://www.gov.uk/guidance/pay-general-betting-pool-betting-or-remote-gaming-duty,"Pay General Betting, Pool Betting or Remote Gaming Duty",detailed_guide,9d5e0a44-74c5-4ba4-a6fd-e209d74a58a2,en,whitehall,2019-09-02T23:00:00.000Z,2023-07-25T09:12:08.000Z,,,13,"Money,GOV.UK homepage,Dealing with HMRC,Paying HMRC,General Betting Duty, Pool Betting Duty and Remote Gaming Duty,Business tax,Gambling duties",HM Revenue & Customs,HM Revenue & Customs,2019 to 2022 Johnson Conservative government,,,
https://www.gov.uk/guidance/pay-gambling-duties,Pay Gaming or Bingo Duty,detailed_guide,601d313c-7631-11e4-a3cb-005056011aef,en,whitehall,2014-10-30T00:00:00.000Z,2025-03-31T13:19:26.000Z,,,13,"Paying HMRC,Business tax,Gambling duties,Money,GOV.UK homepage,Dealing with HMRC",HM Revenue & Customs,HM Revenue & Customs,2010 to 2015 Conservative and Liberal Democrat coalition government,,,
https://www.gov.uk/guidance/sdlt-scottish-transactions,Stamp Duty Land Tax: Scottish transactions,detailed_guide,60547cb9-7631-11e4-a3cb-005056011aef,en,whitehall,2014-07-07T23:00:00.000Z,2014-07-07T23:00:00.000Z,,,13,"GOV.UK homepage,Money,Business tax,SDLT on specific transactions,Stamp duty and other tax on property",HM Revenue & Customs,HM Revenue & Customs,2010 to 2015 Conservative and Liberal Democrat coalition government,,,
https://www.gov.uk/guidance/construction-industry-scheme-payments-to-someone-else,Construction Industry Scheme: payments to someone else,detailed_guide,602d4b9f-7631-11e4-a3cb-005056011aef,en,whitehall,2014-11-21T13:38:00.000Z,2014-11-21T13:38:00.000Z,,,13,"Business tax,Money,Payments,GOV.UK homepage,Construction Industry Scheme (CIS)",HM Revenue & Customs,HM Revenue & Customs,2010 to 2015 Conservative and Liberal Democrat coalition government,,,
https://www.gov.uk/guidance/changes-in-annual-allowance-as-a-result-of-the-public-service-pensions-remedy,Changes in annual allowance as a result of the public service pensions remedy,detailed_guide,3d3315fc-e7e0-4958-9d34-fe9683cb4138,en,whitehall,2023-10-04T23:00:00.000Z,2025-03-26T14:53:35.000Z,,,13,"Pension scheme administration,Tax on pensions,Pension scheme trustees,Administering a pension scheme,GOV.UK homepage,Business tax,Money,Paying into a pension scheme",HM Revenue & Customs,HM Revenue & Customs,2022 to 2024 Sunak Conservative government,,,
https://www.gov.uk/guidance/make-a-reserved-investor-fund-notification-to-hmrc,Make a change notification for a Reserved Investor Fund,detailed_guide,01b22170-9d9a-4660-9f07-2163732d6520,en,whitehall,2025-03-18T00:00:00.000Z,2026-02-10T08:23:18.000Z,,,13,"Business tax,Collective Investment Schemes,GOV.UK homepage,Investment schemes,Money",HM Revenue & Customs,HM Revenue & Customs,2024 Starmer Labour government,,,
https://www.gov.uk/guidance/hmrc-email-updates-videos-and-webinars-for-alcohol-duty,"HMRC email updates, videos and webinars for Alcohol Duty",detailed_guide,8c53bbfa-a4ea-4485-aaa2-69faac364c8a,en,whitehall,2023-06-22T23:00:00.000Z,2026-01-05T09:52:11.000Z,,,13,"Money,GOV.UK homepage,Dealing with HMRC,Business tax,Alcohol duty,Tax agent and adviser guidance",HM Revenue & Customs,HM Revenue & Customs,2022 to 2024 Sunak Conservative government,,,
https://www.gov.uk/guidance/replace-the-filing-member-for-a-pillar-2-top-up-taxes-account,Replace the filing member for a Pillar 2 top-up taxes account,detailed_guide,db517573-cd38-4a08-b1b4-524c0caac196,en,whitehall,2024-11-20T10:18:18.000Z,2024-11-20T10:18:18.000Z,,,13,"GOV.UK homepage,Money,Business tax",HM Revenue & Customs,HM Revenue & Customs,2024 Starmer Labour government,,,
https://www.gov.uk/guidance/historic-exchange-rates-for-vat-moss,Historic exchange rates for VAT MOSS,detailed_guide,1b71f789-1d06-41d3-8646-bd63462918fe,en,whitehall,2018-01-04T00:00:00.000Z,2018-01-04T00:00:00.000Z,,,13,"Money,VAT,Business tax,GOV.UK homepage",HM Revenue & Customs,HM Revenue & Customs,2016 to 2019 May Conservative government,,,
https://www.gov.uk/guidance/landfill-tax-rates-exemptions-and-taxable-activities,Check if you need to pay Landfill Tax,detailed_guide,c0e545fe-27ae-416a-9c09-bfc131a66139,en,whitehall,2014-12-15T00:00:00.000Z,2025-11-26T14:11:29.000Z,,,12,"GOV.UK homepage,Landfill Tax,Payments and reliefs (landfill tax),Money,Business tax",HM Revenue & Customs,HM Revenue & Customs,2010 to 2015 Conservative and Liberal Democrat coalition government,,,
https://www.gov.uk/guidance/rates-and-thresholds-for-employers-2017-to-2018,Rates and thresholds for employers 2017 to 2018,detailed_guide,967f1004-8af1-47f2-824b-305ceef084e2,en,whitehall,2017-02-09T08:03:00.000Z,2018-02-22T13:25:26.000Z,,,12,"GOV.UK homepage,PAYE,Business tax,Money",HM Revenue & Customs,HM Revenue & Customs,2016 to 2019 May Conservative government,,,
https://www.gov.uk/expenses-and-benefits-indemnity-insurance,Expenses and benefits: employee liabilities and indemnity insurance,answer,80765858-7cbe-49ab-ac0a-0bf0c6be3e34,en,publisher,2012-09-13T12:47:13.000Z,2016-07-08T16:49:10.453Z,,,12,"Business and industry,Money,Employing people,GOV.UK homepage,Payroll,Expenses and employee benefits,Business tax,Running a business",Government Digital Service,HM Revenue & Customs,,,,
https://www.gov.uk/guidance/report-climate-change-levy-subsidies-to-hmrc,Report Climate Change Levy subsidies to HMRC,detailed_guide,234033bc-fb5e-43b9-b7d3-1f99e3a8328f,en,whitehall,2025-06-09T09:00:01.000Z,2025-06-09T09:00:01.000Z,,,12,"Climate change and energy,Climate Change Levy,Money,Business tax,Environment,GOV.UK homepage",HM Revenue & Customs,HM Revenue & Customs,2024 Starmer Labour government,,,
https://www.gov.uk/guidance/reasonable-care-tax-returns-and-other-documents,Reasonable care: tax returns and other documents,detailed_guide,e00aed09-d951-4378-b58f-7135a0e15969,en,whitehall,2018-02-14T16:34:00.000Z,2018-02-14T16:34:00.000Z,,,12,"Dealing with HMRC,Money,Tax evasion and avoidance,GOV.UK homepage,Business tax,Tax avoidance,Personal tax",HM Revenue & Customs,HM Revenue & Customs,2016 to 2019 May Conservative government,,,
https://www.gov.uk/guidance/submitting-event-reports-using-the-managing-pension-schemes-service,Submitting Event Reports using the managing pension schemes service,detailed_guide,b6715956-e937-43dc-948d-3aa45be9d529,en,whitehall,2023-09-18T23:00:00.000Z,2024-04-05T23:15:16.000Z,,,12,"Money,Business tax,GOV.UK homepage,Pension scheme administration",HM Revenue & Customs,HM Revenue & Customs,2022 to 2024 Sunak Conservative government,,,
https://www.gov.uk/guidance/rates-and-thresholds-for-employers-2016-to-2017,Rates and thresholds for employers 2016 to 2017,detailed_guide,1be01295-b845-49aa-a903-969d36f83703,en,whitehall,2016-02-04T15:13:00.000Z,2016-08-25T06:00:13.000Z,,,12,"PAYE,GOV.UK homepage,Money,Business tax",HM Revenue & Customs,HM Revenue & Customs,2015 to 2016 Cameron Conservative government,,,
https://www.gov.uk/guidance/classifying-tobacco,Classifying tobacco for import and export,detailed_guide,5c717b15-7631-11e4-a3cb-005056011aef,en,whitehall,2012-08-03T11:28:00.000Z,2023-08-07T12:41:02.000Z,,,12,"Commodity codes and reporting,Importing,Trade and investment,Money,Business and industry,Customs declarations, duties and tariffs (import and export),UK Trade Tariff and classification of goods,GOV.UK homepage",HM Revenue & Customs,HM Revenue & Customs,2010 to 2015 Conservative and Liberal Democrat coalition government,,,
https://www.gov.uk/guidance/how-to-use-the-vat-retail-apportionment-scheme-notice-7274,Apportionment VAT Retail Schemes (VAT Notice 727/4),detailed_guide,2b12bf0b-7a69-4c30-8a20-9548fc508fcf,en,whitehall,2013-01-13T00:00:00.000Z,2020-12-31T23:00:06.000Z,,,12,"Money,GOV.UK homepage,Accounting for VAT,Business tax,VAT",HM Revenue & Customs,HM Revenue & Customs,2010 to 2015 Conservative and Liberal Democrat coalition government,,,
https://www.gov.uk/guidance/stamp-duty-getting-an-opinion-about-a-payment-or-penalty,Stamp Duty: getting an opinion about a payment or penalty,detailed_guide,d1e8e7cc-43a8-4bbe-8f4d-99e189b98d24,en,whitehall,2014-07-11T23:00:00.000Z,2020-03-27T14:19:33.000Z,,,12,"Money,Stamp tax on paper shares,Business tax,Stamp duty on shares,GOV.UK homepage",HM Revenue & Customs,HM Revenue & Customs,2010 to 2015 Conservative and Liberal Democrat coalition government,,,
https://www.gov.uk/guidance/digital-reporting-for-lifetime-isas,Digital reporting for Lifetime ISAs,detailed_guide,cc41f15e-b05e-469e-8ffa-febac23ec6ec,en,whitehall,2019-07-01T11:18:00.000Z,2023-08-09T14:48:55.000Z,,,12,"Tax on savings,Tax on savings and investments,Personal tax,Money,GOV.UK homepage",HM Revenue & Customs,HM Revenue & Customs,2016 to 2019 May Conservative government,,,
https://www.gov.uk/guidance/cash-isas-and-connected-accounts-for-isa-managers,Cash ISAs and connected accounts for ISA managers,detailed_guide,95d38a99-b430-41a5-86c9-232799d13ad1,en,whitehall,2018-04-04T23:00:00.000Z,2024-04-05T23:15:01.000Z,,,12,"Money,GOV.UK homepage,Personal tax,Tax on savings and investments",HM Revenue & Customs,HM Revenue & Customs,2016 to 2019 May Conservative government,,,
https://www.gov.uk/guidance/completing-your-aggregates-levy-return,Completing your Aggregates Levy return,detailed_guide,c02b5bf9-0537-4d8a-8c65-658db8d67b0a,en,whitehall,2020-10-09T15:08:00.000Z,2020-10-09T15:08:00.000Z,,,12,"Aggregates Levy,Business tax,Business and industry,Money,Business and the environment,GOV.UK homepage",HM Revenue & Customs,HM Revenue & Customs,2019 to 2022 Johnson Conservative government,,,
https://www.gov.uk/guidance/employees-responsibilities-for-travel-expenses-490-chapter-12,Employees’ responsibilities for travel expenses (490: Chapter 12),detailed_guide,a30b5769-b1a7-4cb4-b4dc-d28bb2d3f2d0,en,whitehall,2014-03-28T00:00:00.000Z,2014-03-28T00:00:00.000Z,,,12,"Money,GOV.UK homepage,Business tax,PAYE",HM Revenue & Customs,HM Revenue & Customs,2010 to 2015 Conservative and Liberal Democrat coalition government,,,
https://www.gov.uk/guidance/aggregates-levy-rates-and-reliefs,Reliefs from Aggregates Levy,detailed_guide,93e54eb5-c0de-40d6-8012-3e52977b2e64,en,whitehall,2014-12-12T09:39:00.000Z,2021-01-06T08:10:06.000Z,,,12,"GOV.UK homepage,Aggregates Levy,Money,Business and the environment,Payments and reliefs (aggregates levy),Business tax,Business and industry",HM Revenue & Customs,HM Revenue & Customs,2010 to 2015 Conservative and Liberal Democrat coalition government,,,
https://www.gov.uk/guidance/employer-supported-childcare-480-appendix-11,Employer Supported Childcare (480: Appendix 11),detailed_guide,22b62b3f-8663-4b5f-b5ed-f9c636d03411,en,whitehall,2019-12-30T00:00:00.000Z,2025-04-05T23:01:04.000Z,,,12,"Business tax,Money,GOV.UK homepage,PAYE",HM Revenue & Customs,HM Revenue & Customs,2019 to 2022 Johnson Conservative government,,,
https://www.gov.uk/guidance/pay-air-passenger-duty,Pay Air Passenger Duty,detailed_guide,602196b0-7631-11e4-a3cb-005056011aef,en,whitehall,2014-11-03T00:00:00.000Z,2025-08-01T11:08:03.000Z,,,12,"Aviation,Paying HMRC,GOV.UK homepage,Business tax,Dealing with HMRC,Air passenger duty,Transport and environmental duties,Air Passenger Duty,Money,Transport",HM Revenue & Customs,HM Revenue & Customs,2010 to 2015 Conservative and Liberal Democrat coalition government,,,
https://www.gov.uk/guidance/air-passenger-duty-and-connected-flights,Air Passenger Duty and connected flights,detailed_guide,e110d285-20e0-431e-a394-39edabb2b331,en,whitehall,2018-01-29T00:00:00.000Z,2025-05-20T14:05:13.000Z,,,12,"Air passenger duty,Dealing with HMRC,Air Passenger Duty,Aviation,GOV.UK homepage,Transport,Money,Tax agent and adviser guidance,Business tax",HM Revenue & Customs,HM Revenue & Customs,2016 to 2019 May Conservative government,,,
https://www.gov.uk/guidance/how-to-make-due-diligence-checks-for-plastic-packaging-tax,How to make due diligence checks for Plastic Packaging Tax,detailed_guide,ec1f5fa1-29b6-4c7a-97e2-258cc68ec6b3,en,whitehall,2021-12-30T11:38:00.000Z,2023-09-15T08:34:34.000Z,,,12,"Money,Business tax,GOV.UK homepage",HM Revenue & Customs,HM Revenue & Customs,2019 to 2022 Johnson Conservative government,,,
https://www.gov.uk/guidance/lottery-duty-excise-notice-458,Lottery Duty (Excise Notice 458),detailed_guide,3a35a937-c765-47d3-a6a5-6d272f2c0c2a,en,whitehall,2021-06-22T23:00:00.000Z,2025-11-18T12:31:44.000Z,,,11,"Gambling duties,GOV.UK homepage,Business tax,Lottery Duty,Money",HM Revenue & Customs,HM Revenue & Customs,2019 to 2022 Johnson Conservative government,,,
https://www.gov.uk/guidance/account-for-vat-on-a-new-means-of-transport,Account for VAT on a new means of transport,detailed_guide,c6d5ee14-637a-4684-9ccd-7c43b7e695be,en,whitehall,2020-12-31T23:00:00.000Z,2020-12-31T23:00:00.000Z,,,11,"Business tax,Importing goods and services,VAT,Money,GOV.UK homepage,Accounting for VAT,Exporting goods and services",HM Revenue & Customs,HM Revenue & Customs,2019 to 2022 Johnson Conservative government,,,
https://www.gov.uk/guidance/gambling-tax-for-agents-online-service,Find out how to use the Gambling Tax for Agents online service,detailed_guide,3854b0f7-d1bd-4efe-801e-3bab81af6c64,en,whitehall,2015-07-31T13:10:00.000Z,2022-09-07T11:49:57.000Z,,,11,"Money,GOV.UK homepage,Gambling duties,Tax agent and adviser guidance,Dealing with HMRC,Business tax",HM Revenue & Customs,HM Revenue & Customs,2015 to 2016 Cameron Conservative government,,,
https://www.gov.uk/guidance/register-for-the-soft-drinks-industry-levy,Register for Soft Drinks Industry Levy,detailed_guide,c22a478b-0ef8-415d-864e-e952c692334e,en,whitehall,2018-04-02T23:00:00.000Z,2020-01-24T12:31:23.000Z,,,11,"Money,GOV.UK homepage,Business tax,Soft Drinks Industry Levy",HM Revenue & Customs,HM Revenue & Customs,2016 to 2019 May Conservative government,,,
https://www.gov.uk/guidance/vat-and-overseas-goods-sent-to-the-uk-and-returned-to-the-seller,VAT and overseas goods sent to the UK and returned to the seller,detailed_guide,9c877887-5b03-47c2-ada2-a3ef92001f6e,en,whitehall,2021-03-25T00:00:00.000Z,2025-06-20T13:47:17.000Z,,,11,"Business tax,GOV.UK homepage,Money,VAT,Overseas businesses and UK VAT",HM Revenue & Customs,HM Revenue & Customs,2019 to 2022 Johnson Conservative government,,,
https://www.gov.uk/guidance/classifying-leather,Classifying leather for import and export,detailed_guide,5c717791-7631-11e4-a3cb-005056011aef,en,whitehall,2012-08-03T09:50:00.000Z,2023-03-06T16:16:43.000Z,,,11,"UK Trade Tariff and classification of goods,Business and industry,Money,Commodity codes and reporting,Importing,GOV.UK homepage,Customs declarations, duties and tariffs (import and export),Trade and investment",HM Revenue & Customs,HM Revenue & Customs,2010 to 2015 Conservative and Liberal Democrat coalition government,,,
https://www.gov.uk/guidance/use-the-enterprise-investment-scheme-eis-to-raise-money-for-research-development-or-innovation,Use a venture capital scheme to raise money for your knowledge intensive company,detailed_guide,99638963-0f01-42c4-91ad-dad3a478643a,en,whitehall,2017-12-05T10:22:00.000Z,2018-10-05T08:55:18.000Z,,,11,"Venture capital schemes,GOV.UK homepage,Investment schemes,Business tax,Money",HM Revenue & Customs,HM Revenue & Customs,2016 to 2019 May Conservative government,,,
https://www.gov.uk/guidance/landfill-tax-register-and-change-your-details,Register for Landfill Tax or change your registration details,detailed_guide,1c651f8c-12fb-42db-8678-b4053de6441c,en,whitehall,2014-12-15T00:00:00.000Z,2026-02-02T13:30:18.000Z,,,11,"Landfill Tax,GOV.UK homepage,Business tax,Money",HM Revenue & Customs,HM Revenue & Customs,2010 to 2015 Conservative and Liberal Democrat coalition government,,,
https://www.gov.uk/guidance/corporation-tax-making-a-claim-or-election,Corporation Tax: how to make a claim or election,detailed_guide,60214f17-7631-11e4-a3cb-005056011aef,en,whitehall,2006-02-13T00:00:00.000Z,2024-10-21T13:27:52.000Z,,,11,"Corporation Tax,Money,Reliefs,GOV.UK homepage,Business tax",HM Revenue & Customs,HM Revenue & Customs,1997 to 2007 Blair Labour government,,,
https://www.gov.uk/guidance/joint-and-several-liability-notices-for-repeated-insolvency-and-non-payment-cases,Joint and several liability notices for repeated insolvency and non-payment cases,detailed_guide,3c69ef18-6865-40b2-8ca6-691b5fd6af95,en,whitehall,2021-10-07T10:08:01.000Z,2021-10-07T10:08:01.000Z,,,11,"Money,Tax compliance,Dealing with HMRC,GOV.UK homepage,Tax avoidance",HM Revenue & Customs,HM Revenue & Customs,2019 to 2022 Johnson Conservative government,,,
https://www.gov.uk/guidance/employment-related-securities-bulletin-56-july-2024,Employment Related Securities Bulletin 56 (July 2024),detailed_guide,7feb73d3-19d6-47c1-9e38-28bf68a49b2f,en,whitehall,2024-07-30T08:23:10.000Z,2024-07-30T08:23:10.000Z,,,11,"Business tax,Employment related securities,Money,GOV.UK homepage",HM Revenue & Customs,HM Revenue & Customs,2024 Starmer Labour government,,,
https://www.gov.uk/guidance/exemption-for-paid-or-reimbursed-expenses-480-chapter-2,Exemption for paid or reimbursed expenses (480: Chapter 2),detailed_guide,61d347ba-3469-43e7-b64d-9194e04f281d,en,whitehall,2019-12-30T14:54:14.000Z,2019-12-30T14:54:14.000Z,,,11,"Business tax,Money,GOV.UK homepage,PAYE",HM Revenue & Customs,HM Revenue & Customs,2019 to 2022 Johnson Conservative government,,,
https://www.gov.uk/guidance/using-a-vat-margin-scheme-if-youre-an-agent,Using a VAT margin scheme if you’re an agent,detailed_guide,2aabaf8a-1af8-4d00-ae05-dab2c0b0cb86,en,whitehall,2021-12-23T13:28:26.000Z,2021-12-23T13:28:26.000Z,,,11,"Money,VAT,Business tax,GOV.UK homepage,Accounting for VAT,Charging VAT",HM Revenue & Customs,HM Revenue & Customs,2019 to 2022 Johnson Conservative government,,,
https://www.gov.uk/guidance/disguised-remuneration-tax-avoidance-using-unfunded-pension-arrangements-spotlight-58,Disguised remuneration: tax avoidance using unfunded pension arrangements (Spotlight 58),detailed_guide,2c7ccac5-84cb-4aea-8505-2c2680db6204,en,whitehall,2021-06-13T23:00:00.000Z,2025-11-18T14:57:05.000Z,,,11,"Dealing with HMRC,Tax avoidance,Tax compliance,Money,GOV.UK homepage",HM Revenue & Customs,HM Revenue & Customs,2019 to 2022 Johnson Conservative government,,,
https://www.gov.uk/guidance/tax-adviser-authorisation-for-compliance-checks,Agent authorisation: dealing with HMRC for compliance checks,detailed_guide,c2668757-84c2-40c3-ad1c-1cb87080841a,en,whitehall,2014-01-01T00:00:00.000Z,2015-12-16T15:45:08.000Z,,,11,"Compliance checks,Dealing with HMRC,Tax compliance,GOV.UK homepage,Money,Tax agent and adviser guidance,Agent authorisation",HM Revenue & Customs,HM Revenue & Customs,2010 to 2015 Conservative and Liberal Democrat coalition government,,,
https://www.gov.uk/guidance/tax-rules-on-other-types-of-travel-and-related-expenses-490-chapter-8,Tax rules on other types of travel and related expenses (490: Chapter 8),detailed_guide,8610d7d3-c2c1-47ba-982d-401ea095ad9d,en,whitehall,2014-03-28T00:00:00.000Z,2014-03-28T00:00:00.000Z,,,11,"Business tax,GOV.UK homepage,PAYE,Money",HM Revenue & Customs,HM Revenue & Customs,2010 to 2015 Conservative and Liberal Democrat coalition government,,,
https://www.gov.uk/expenses-and-benefits-bank-charges,Expenses and benefits: bank charges,answer,39a1075b-de2c-49d2-ba65-10980b8b26b9,en,publisher,2012-09-27T16:43:24.000Z,2012-10-03T16:55:43.000Z,,,11,"Expenses and employee benefits,Money,GOV.UK homepage",Government Digital Service,HM Revenue & Customs,,,,
https://www.gov.uk/guidance/repayment-of-excise-duty-on-heavy-oil-used-to-grow-horticultural-produce-excise-notice-183,Repayment of excise duty on heavy oil used to grow horticultural produce (Excise Notice 183),detailed_guide,926fe304-29a1-4813-b3a1-d78e587b221e,en,whitehall,2014-05-31T23:00:00.000Z,2025-11-18T12:42:47.000Z,,,11,"Fuel Duty,Business tax,Money,Payments and reliefs (Fuel duty),GOV.UK homepage",HM Revenue & Customs,HM Revenue & Customs,2010 to 2015 Conservative and Liberal Democrat coalition government,,,
https://www.gov.uk/guidance/guaranteed-minimum-pension-gmp-conversion-and-equalisation,Guaranteed Minimum Pension (GMP) conversion and equalisation,detailed_guide,2da9ddae-92b1-45c8-91de-6f328e685194,en,whitehall,2019-01-23T10:35:18.000Z,2019-01-23T10:35:18.000Z,,,11,"Pension scheme administration,Money,Business tax,GOV.UK homepage",HM Revenue & Customs,HM Revenue & Customs,2016 to 2019 May Conservative government,,,
https://www.gov.uk/guidance/umbrella-companies-offering-to-increase-your-take-home-pay-spotlight-45,Umbrella companies offering to increase your take home pay (Spotlight 45),detailed_guide,2f840583-5d60-40b0-b9db-484293dc7207,en,whitehall,2018-08-23T08:21:00.000Z,2018-09-12T12:18:27.000Z,,,11,"Tax avoidance,Money,Dealing with HMRC,Disguised remuneration schemes,GOV.UK homepage",HM Revenue & Customs,HM Revenue & Customs,2016 to 2019 May Conservative government,,,
https://www.gov.uk/guidance/lifetime-isas-for-isa-managers,Lifetime ISAs for ISA managers,detailed_guide,835faa20-0d1a-4821-9d15-474634bd6d8f,en,whitehall,2018-04-05T10:03:00.000Z,2020-05-15T14:53:47.000Z,,,11,"GOV.UK homepage,Tax on savings,Personal tax,Money,Tax on savings and investments",HM Revenue & Customs,HM Revenue & Customs,2016 to 2019 May Conservative government,,,
https://www.gov.uk/guidance/exempt-aggregate-and-reporting-it-to-hmrc,Exempt aggregate and reporting it to HMRC,detailed_guide,840bf8f4-f5cf-4e1d-930d-6496fef1d5b6,en,whitehall,2020-10-09T14:21:00.000Z,2023-10-01T00:00:05.000Z,,,11,"Money,Business and industry,Business tax,GOV.UK homepage,Aggregates Levy,Business and the environment",HM Revenue & Customs,HM Revenue & Customs,2019 to 2022 Johnson Conservative government,,,
https://www.gov.uk/guidance/appeal-an-employment-intermediary-penalty,Appeal an employment intermediary penalty,detailed_guide,de521e16-e4f6-4c23-8a48-eb8066028363,en,whitehall,2025-05-11T23:00:00.000Z,2025-05-28T08:33:44.000Z,,,11,"Employment intermediaries,IR35: working through an intermediary,Money,Business tax,GOV.UK homepage",HM Revenue & Customs,HM Revenue & Customs,2024 Starmer Labour government,,,
https://www.gov.uk/guidance/use-software-to-help-complete-your-clients-self-assessment-tax-return,Use software to help complete your client’s Self Assessment tax return,detailed_guide,302316e7-c50b-46e9-b2d7-fe665a9295ab,en,whitehall,2019-04-30T23:00:00.000Z,2019-04-30T23:00:00.000Z,,,11,"Dealing with HMRC,Self Assessment,GOV.UK homepage,Personal tax,Money,Filing a tax return,Tax agent and adviser guidance",HM Revenue & Customs,HM Revenue & Customs,2016 to 2019 May Conservative government,,,
https://www.gov.uk/guidance/pay-no-import-duty-and-vat-on-substances-for-biological-and-chemical-research,Pay no import duty and VAT on substances for biological and chemical research,detailed_guide,8be62920-745b-46a9-8b1e-f3ee2146363f,en,whitehall,2020-05-29T08:26:00.000Z,2020-12-31T23:00:16.000Z,,,11,"Money,Business tax,Import controls,Business and industry,Customs declarations, duties and tariffs (import and export),Trade and investment,Importing goods and services,Importing,GOV.UK homepage,VAT",HM Revenue & Customs,HM Revenue & Customs,2019 to 2022 Johnson Conservative government,,,
https://www.gov.uk/register-pay-gambling-tax,Register for gambling tax,transaction,3a2ac3f0-3ae1-4de6-b0a4-e2e4c72d8585,en,publisher,2014-11-03T12:56:24.000Z,2014-12-05T13:16:45.000Z,,,11,"Business tax,Money,GOV.UK homepage,General Betting Duty, Pool Betting Duty and Remote Gaming Duty,Gambling duties",Government Digital Service,HM Revenue & Customs,,,,
https://www.gov.uk/guidance/apply-to-be-a-uk-real-estate-investment-trust,Apply to be a UK Real Estate Investment Trust,detailed_guide,be07ee85-17cd-4d71-b67e-8a493406f4dc,en,whitehall,2018-12-07T00:00:00.000Z,2025-08-19T09:32:45.000Z,,,11,"Investment schemes,GOV.UK homepage,Money,Business tax",HM Revenue & Customs,HM Revenue & Customs,2016 to 2019 May Conservative government,,,
https://www.gov.uk/guidance/employers-reporting-requirements-for-travel-expenses-490-chapter-9,Employers’ reporting requirements for travel expenses (490: Chapter 9),detailed_guide,0d27362b-541e-43b9-bbb0-0ce4124e207d,en,whitehall,2014-03-28T00:00:00.000Z,2014-03-28T00:00:00.000Z,,,11,"PAYE,Money,GOV.UK homepage,Business tax",HM Revenue & Customs,HM Revenue & Customs,2010 to 2015 Conservative and Liberal Democrat coalition government,,,
https://www.gov.uk/guidance/gaming-duty,Gaming Duty,detailed_guide,5ff0e9ba-7631-11e4-a3cb-005056011aef,en,whitehall,2014-08-13T23:00:00.000Z,2019-10-01T09:00:08.000Z,,,10,"Business tax,Gaming Duty,Money,GOV.UK homepage,Gambling duties",HM Revenue & Customs,HM Revenue & Customs,2010 to 2015 Conservative and Liberal Democrat coalition government,,,
https://www.gov.uk/guidance/transfer-of-a-child-trust-fund-or-junior-isa-if-youre-an-isa-manager,Transfer of a Child Trust Fund or Junior ISA if you're an ISA manager,detailed_guide,cbebda6a-3f57-4b18-9d2a-dc8bdd6bd4da,en,whitehall,2018-04-05T09:30:54.000Z,2018-04-05T09:30:54.000Z,,,10,"Tax on savings and investments,Personal tax,Money,GOV.UK homepage",HM Revenue & Customs,HM Revenue & Customs,2016 to 2019 May Conservative government,,,
https://www.gov.uk/guidance/pay-environmental-taxes,Pay Aggregates Levy,detailed_guide,6024f21a-7631-11e4-a3cb-005056011aef,en,whitehall,2014-11-03T00:00:00.000Z,2025-03-31T11:23:03.000Z,,,10,"Business tax,Landfill Tax,Money,Transport and environmental duties,Dealing with HMRC,GOV.UK homepage,Payments and reliefs (aggregates levy),Aggregates Levy,Paying HMRC",HM Revenue & Customs,HM Revenue & Customs,2010 to 2015 Conservative and Liberal Democrat coalition government,,,
https://www.gov.uk/guidance/report-a-security-vulnerability-in-an-hmrc-online-service,Report a security issue in an HMRC online service,detailed_guide,1b6b78c4-7461-4e36-8995-85d107d15bb2,en,whitehall,2018-04-17T23:00:00.000Z,2024-07-22T08:25:15.000Z,,,10,"GOV.UK homepage,Money,Dealing with HMRC,Phishing and scams",HM Revenue & Customs,HM Revenue & Customs,2016 to 2019 May Conservative government,,,
https://www.gov.uk/guidance/employment-related-securities-bulletin-62-november-2025,Employment related securities bulletin 62 (November 2025),detailed_guide,d68a153a-f77f-4f75-8f1e-6fe57b1d0524,en,whitehall,2025-12-01T09:04:01.000Z,2025-12-01T09:04:01.000Z,,,10,"Employment related securities,Money,GOV.UK homepage,Business tax",HM Revenue & Customs,HM Revenue & Customs,2024 Starmer Labour government,,,
https://www.gov.uk/guidance/goods-you-do-not-include-when-valuing-for-import-vat,Goods you do not include when valuing for import VAT,detailed_guide,5a4f4cc6-d3a6-40bf-9acb-950c3c068e7e,en,whitehall,2021-04-21T10:46:14.000Z,2021-04-21T10:46:14.000Z,,,10,"VAT,Importing,Business and industry,Trade and investment,Money,Business tax,Importing goods and services,GOV.UK homepage",HM Revenue & Customs,HM Revenue & Customs,2019 to 2022 Johnson Conservative government,,,
https://www.gov.uk/guidance/paying-an-employee-in-advance-for-holidays-or-from-holiday-pay-scheme,Paying an employee in advance for holidays or from holiday pay scheme,detailed_guide,5f4230ea-7631-11e4-a3cb-005056011aef,en,whitehall,2014-06-12T09:00:00.000Z,2014-06-12T09:00:00.000Z,,,10,"Business tax,Special types of employee pay,PAYE,GOV.UK homepage,Money",HM Revenue & Customs,HM Revenue & Customs,2010 to 2015 Conservative and Liberal Democrat coalition government,,,
https://www.gov.uk/guidance/managing-lifetime-isa-applications-and-accounts,Managing Lifetime ISA applications and accounts,detailed_guide,436838ad-56c7-4d35-a587-eff3b1220a7d,en,whitehall,2020-03-12T13:34:00.000Z,2023-04-05T23:15:20.000Z,,,10,"Tax on savings,Tax on savings and investments,Personal tax,Money,GOV.UK homepage",HM Revenue & Customs,HM Revenue & Customs,2019 to 2022 Johnson Conservative government,,,
https://www.gov.uk/guidance/make-a-qualifying-asset-holding-company-qahc-notification-to-hmrc,Make a qualifying asset holding company notification to HMRC,detailed_guide,704853fa-c82e-4113-8a81-425a494480c6,en,whitehall,2022-03-07T00:00:00.000Z,2025-07-07T13:13:20.000Z,,,10,"Business tax,Dealing with HMRC,GOV.UK homepage,Money,Corporation Tax",HM Revenue & Customs,HM Revenue & Customs,2019 to 2022 Johnson Conservative government,,,
https://www.gov.uk/guidance/calculate-the-value-of-your-donation-to-charity,Calculate the value of your donation to charity,detailed_guide,6027e290-7631-11e4-a3cb-005056011aef,en,whitehall,2014-11-05T11:04:00.000Z,2014-11-05T11:04:00.000Z,,,10,"Business tax,Money,GOV.UK homepage,Corporation Tax,Capital Gains Tax,Income Tax,Personal tax",HM Revenue & Customs,HM Revenue & Customs,2010 to 2015 Conservative and Liberal Democrat coalition government,,,
https://www.gov.uk/guidance/services-provided-by-the-district-valuer-service,Services provided by the District Valuer Service,detailed_guide,e1d8030c-e1b0-4b05-8124-4cdfdbed714d,en,whitehall,2016-07-22T14:17:55.000Z,2016-07-22T14:17:55.000Z,,,10,"Government,Money,Government efficiency, transparency and accountability,GOV.UK homepage",District Valuer Services,District Valuer Services,2016 to 2019 May Conservative government,,,
https://www.gov.uk/guidance/tax-avoidance-enablers-who-is-classed-an-enabler,Identify who is classed as an enabler of tax avoidance,detailed_guide,308052ee-b8b7-4809-84cf-85da1717b7fa,en,whitehall,2018-04-30T14:21:00.000Z,2018-04-30T14:21:00.000Z,,,10,"Tax agent and adviser guidance,GOV.UK homepage,Dealing with HMRC,Money,Tax avoidance",HM Revenue & Customs,HM Revenue & Customs,2016 to 2019 May Conservative government,,,
https://www.gov.uk/guidance/check-if-your-employee-can-claim-foreign-tax-credit-relief,Check if your employee can claim foreign tax credit relief,detailed_guide,0d9fd859-ad85-497f-8fbf-91244b35f3d6,en,whitehall,2024-03-28T00:00:00.000Z,2024-03-28T00:00:00.000Z,,,10,"Dealing with HMRC,GOV.UK homepage,Paying HMRC,Money,PAYE ",HM Revenue & Customs,HM Revenue & Customs,2022 to 2024 Sunak Conservative government,,,
https://www.gov.uk/guidance/lottery-duty,Lottery Duty,detailed_guide,601b4627-7631-11e4-a3cb-005056011aef,en,whitehall,2013-03-13T00:00:00.000Z,2013-03-13T00:00:00.000Z,,,10,"Gambling duties,Lottery Duty,Business tax,Money,GOV.UK homepage",HM Revenue & Customs,HM Revenue & Customs,2010 to 2015 Conservative and Liberal Democrat coalition government,,,
https://www.gov.uk/guidance/vat-on-womens-sanitary-products-notice-70118,Women's sanitary products (VAT Notice 701/18),detailed_guide,60c5583a-2b40-43d5-a0ad-86c53cf10d01,en,whitehall,2011-07-03T23:00:00.000Z,2024-03-13T15:34:30.000Z,,,10,"Money,GOV.UK homepage,Accounting for VAT,VAT,Business tax,Charging VAT",HM Revenue & Customs,HM Revenue & Customs,2010 to 2015 Conservative and Liberal Democrat coalition government,,,
https://www.gov.uk/guidance/how-voluntary-contributions-are-affected-by-the-public-service-pensions-remedy,How voluntary contributions are affected by the public service pensions remedy,detailed_guide,1d56dc9c-30e8-4b38-99b6-5bbe7ab7c5f7,en,whitehall,2023-10-04T23:00:00.000Z,2025-05-06T12:24:40.000Z,,,10,"Pension scheme trustees,Administering a pension scheme,Money,GOV.UK homepage,Business tax,Pension scheme administration,Paying into a pension scheme,Tax on pensions",HM Revenue & Customs,HM Revenue & Customs,2022 to 2024 Sunak Conservative government,,,
https://www.gov.uk/guidance/disposing-an-asset-if-you-claimed-full-expensing-or-50-first-year-allowance,Disposing an asset if you claimed full expensing or 50% first year allowance,detailed_guide,2d92b6bc-b2bf-4271-8678-6d6b4d4715d1,en,whitehall,2024-03-20T00:15:01.000Z,2024-03-20T00:15:01.000Z,,,10,"Money,Business tax,GOV.UK homepage",HM Revenue & Customs,HM Revenue & Customs,2022 to 2024 Sunak Conservative government,,,
https://www.gov.uk/guidance/work-expenses-for-spouses-accompanying-employees-on-business-trips-480-chapter-10,Work expenses for spouses accompanying employees on business trips (480: Chapter 10),detailed_guide,46fdcc2a-2b56-4d3e-8020-e64e9f2645be,en,whitehall,2019-12-30T14:57:06.000Z,2019-12-30T14:57:06.000Z,,,10,"GOV.UK homepage,PAYE,Business tax,Money",HM Revenue & Customs,HM Revenue & Customs,2019 to 2022 Johnson Conservative government,,,
https://www.gov.uk/guidance/classifying-aircraft-parts-and-accessories,Classifying drones and aircraft parts for import and export,detailed_guide,5c7172d0-7631-11e4-a3cb-005056011aef,en,whitehall,2012-08-02T10:53:00.000Z,2023-08-07T12:48:28.000Z,,,10,"Business and industry,Importing,GOV.UK homepage,UK Trade Tariff and classification of goods,Commodity codes and reporting,Trade and investment,Customs declarations, duties and tariffs (import and export),Money",HM Revenue & Customs,HM Revenue & Customs,2010 to 2015 Conservative and Liberal Democrat coalition government,,,
https://www.gov.uk/guidance/pay-coronavirus-job-retention-scheme-grants-back,Pay Coronavirus Job Retention Scheme grants back,detailed_guide,5a4d766a-e6aa-4437-9f13-a6760bd7bad5,en,whitehall,2020-06-26T08:58:00.000Z,2021-12-20T16:28:02.000Z,,,10,"Support for self-employed people and sole traders during COVID-19,Employing people,Health and social care,Income Tax and National Insurance,Your responsibilities as an employer during COVID-19,Paying HMRC,Running a business,Money,GOV.UK homepage,Dealing with HMRC,Business and industry,COVID-19,Support for businesses and self-employed people during COVID-19",HM Revenue & Customs,HM Revenue & Customs,2019 to 2022 Johnson Conservative government,,,
https://www.gov.uk/guidance/classifying-rice,Classifying rice for import and export,detailed_guide,5c717a1c-7631-11e4-a3cb-005056011aef,en,whitehall,2012-08-03T10:57:00.000Z,2023-03-16T08:48:18.000Z,,,10,"Business and industry,Commodity codes and reporting,GOV.UK homepage,Customs declarations, duties and tariffs (import and export),Importing,Money,UK Trade Tariff and classification of goods,Trade and investment",HM Revenue & Customs,HM Revenue & Customs,2010 to 2015 Conservative and Liberal Democrat coalition government,,,
https://www.gov.uk/guidance/apply-to-operate-foreign-tax-credit-relief,Apply to operate foreign tax credit relief,detailed_guide,aa7de9c7-3c67-43ef-86fa-10b73fd9a0f1,en,whitehall,2024-03-28T00:00:00.000Z,2024-03-28T00:00:00.000Z,,,10,"GOV.UK homepage,Money,PAYE ,Dealing with HMRC,Paying HMRC",HM Revenue & Customs,HM Revenue & Customs,2022 to 2024 Sunak Conservative government,,,
https://www.gov.uk/guidance/supplementary-pages-ct600h-cross-border-royalties,Supplementary pages CT600H: cross-border royalties,detailed_guide,5303b93c-8d60-450c-908c-ff5e6512ce79,en,whitehall,2022-09-29T23:00:00.000Z,2024-01-02T12:44:27.000Z,,,10,"Business tax,GOV.UK homepage,Money,Running a business,Business and industry,Business auditing, accounting and reporting,Corporation Tax",HM Revenue & Customs,HM Revenue & Customs,2022 Truss Conservative government,,,
https://www.gov.uk/guidance/check-if-you-need-to-notify-hmrc-about-an-uncertain-tax-treatment,Check if you need to notify HMRC about an uncertain tax treatment,detailed_guide,4cefc408-8d5c-4b22-b91d-39a2cdc919f2,en,whitehall,2022-03-31T23:15:00.000Z,2022-09-27T10:45:02.000Z,,,10,"Large businesses,GOV.UK homepage,Mid-sized businesses,Business tax,Money,Large and mid-size business",HM Revenue & Customs,HM Revenue & Customs,2019 to 2022 Johnson Conservative government,,,
https://www.gov.uk/guidance/plant-and-machinery-allowances-on-fixtures-when-theres-a-change-of-ownership,Plant and machinery: allowances on fixtures when there's a change of ownership,detailed_guide,dcb51e11-46f8-4a3d-9d2a-9ede5ec4eb90,en,whitehall,2014-12-04T10:46:00.000Z,2014-12-04T10:46:00.000Z,,,9,"GOV.UK homepage,Business tax,Money,Capital allowances",HM Revenue & Customs,HM Revenue & Customs,2010 to 2015 Conservative and Liberal Democrat coalition government,,,
https://www.gov.uk/guidance/aviation-turbine-fuel-excise-notice-179a,Aviation turbine fuel (Excise Notice 179a),detailed_guide,4ec388fd-b7a7-413e-997e-284601aa6329,en,whitehall,2014-04-30T23:00:00.000Z,2024-02-07T13:00:32.000Z,,,9,"Money,Business tax,Fuel Duty,GOV.UK homepage",HM Revenue & Customs,HM Revenue & Customs,2010 to 2015 Conservative and Liberal Democrat coalition government,,,
https://www.gov.uk/guidance/bingo-duty,Bingo Duty,detailed_guide,601ab941-7631-11e4-a3cb-005056011aef,en,whitehall,2014-09-10T23:00:00.000Z,2014-09-10T23:00:00.000Z,,,9,"Gambling duties,Business tax,Money,Bingo Duty,GOV.UK homepage",HM Revenue & Customs,HM Revenue & Customs,2010 to 2015 Conservative and Liberal Democrat coalition government,,,
https://www.gov.uk/guidance/managed-service-companies-spotlight-67,Managed Service Companies (Spotlight 67),detailed_guide,1f708065-225c-4fd7-a6e9-7c5286d01a8a,en,whitehall,2024-11-21T00:00:00.000Z,2025-01-15T08:54:47.000Z,,,9,"GOV.UK homepage,Money,Dealing with HMRC,Tax avoidance",HM Revenue & Customs,HM Revenue & Customs,2024 Starmer Labour government,,,
https://www.gov.uk/guidance/hmrcs-framework-for-co-operative-compliance,HMRC’s framework for co-operative compliance,detailed_guide,4ee90f2e-08ab-4334-ab7f-bd05b330f15e,en,whitehall,2024-03-15T00:00:00.000Z,2024-04-10T09:54:05.000Z,,,9,"Business tax,Large businesses,Money,Large and mid-size business,Business and industry,GOV.UK homepage",HM Revenue & Customs,HM Revenue & Customs,2022 to 2024 Sunak Conservative government,,,
https://www.gov.uk/guidance/safeguards-against-abuse-of-employee-travel-tax-relief-490-chapter-4,Safeguards against abuse of employee travel tax relief (490: Chapter 4),detailed_guide,67906fbb-03e9-4271-97be-c7bace6ebb09,en,whitehall,2014-03-28T00:00:00.000Z,2014-03-28T00:00:00.000Z,,,9,"PAYE,GOV.UK homepage,Money,Business tax",HM Revenue & Customs,HM Revenue & Customs,2010 to 2015 Conservative and Liberal Democrat coalition government,,,
https://www.gov.uk/guidance/change-your-details-or-cancel-your-registration-for-fhdds,Change your details or cancel your registration for FHDDS,detailed_guide,dd9769c0-4d1a-4986-ba77-13ea25eb6332,en,whitehall,2019-02-28T16:19:00.000Z,2022-11-09T11:39:07.000Z,,,9,"Business and industry,Trade and investment,GOV.UK homepage,Business tax,VAT,Customs declarations, duties and tariffs (import and export),Money",HM Revenue & Customs,HM Revenue & Customs,2016 to 2019 May Conservative government,,,
https://www.gov.uk/guidance/fuel-duty,Check if you need to pay Fuel Duty,detailed_guide,5c71d8d3-7631-11e4-a3cb-005056011aef,en,whitehall,2009-11-09T16:09:00.000Z,2021-01-18T17:36:22.000Z,,,9,"GOV.UK homepage,Business tax,Fuel Duty,Money",HM Revenue & Customs,HM Revenue & Customs,2007 to 2010 Brown Labour government,,,
https://www.gov.uk/guidance/gaming-duty-excise-notice-453,Gaming Duty (Excise Notice 453),detailed_guide,ae5ff91b-c056-44e9-9f04-942c5c31c618,en,whitehall,2013-09-30T23:00:00.000Z,2025-11-18T12:33:00.000Z,,,9,"GOV.UK homepage,Gambling duties,Gaming Duty,Money,Business tax",HM Revenue & Customs,HM Revenue & Customs,2010 to 2015 Conservative and Liberal Democrat coalition government,,,
https://www.gov.uk/guidance/soft-drinks-industry-levy-late-filing-and-late-payment-penalties,Soft Drinks Industry Levy penalties,detailed_guide,9bebab93-d8db-483d-a754-7dbe1aa035c1,en,whitehall,2019-05-02T09:36:00.000Z,2021-12-13T09:51:45.000Z,,,9,"Business tax,GOV.UK homepage,Soft Drinks Industry Levy,Money",HM Revenue & Customs,HM Revenue & Customs,2016 to 2019 May Conservative government,,,
https://www.gov.uk/guidance/apply-for-approval-to-use-premises-as-an-excise-warehouse,Apply for approval to use premises as an excise warehouse,detailed_guide,ff82ae95-150f-4fd3-a2b3-55ea05a13680,en,whitehall,2014-10-22T23:00:00.000Z,2025-05-07T08:43:00.000Z,,,9,"Moving and storing goods,Exporting,Trade and investment,GOV.UK homepage,Importing,Alcohol duty,Fuel Duty,Tobacco Products Duty,Business tax,Customs declarations, duties and tariffs (import and export),Business and industry,Rules for specific goods and services,Money",HM Revenue & Customs,HM Revenue & Customs,2010 to 2015 Conservative and Liberal Democrat coalition government,,,
https://www.gov.uk/guidance/bringing-personal-items-to-the-uk-as-a-ukrainian-refugee,Bringing personal items to the UK if you’re coming from Ukraine,detailed_guide,efced7d6-ac2b-4acd-b0a7-1f0ee64fafe3,en,whitehall,2022-03-17T00:00:00.000Z,2025-04-08T09:31:52.000Z,,,9,"GOV.UK homepage,Refugees, asylum and human rights,Money,Personal tax,Coming to the UK,Entering and staying in the UK",HM Revenue & Customs,HM Revenue & Customs,2019 to 2022 Johnson Conservative government,,,
https://www.gov.uk/guidance/tell-hmrc-your-organisation-failed-to-prevent-the-facilitation-of-tax-evasion,Tell HMRC your organisation failed to prevent the facilitation of tax evasion,detailed_guide,2405ca9c-a292-4ef0-ab6d-86f2b4298976,en,whitehall,2019-02-21T14:00:00.000Z,2019-02-21T14:00:00.000Z,,,9,"Reporting tax evasion,Money,Tax compliance,Tax evasion and avoidance,Dealing with HMRC,GOV.UK homepage",HM Revenue & Customs,HM Revenue & Customs,2016 to 2019 May Conservative government,,,
https://www.gov.uk/guidance/beneficial-loan-arrangements-480-appendix-4,Beneficial loan arrangements (480: Appendix 4),detailed_guide,bcff41f8-4fff-4b9b-8f06-d3e0bff95e6a,en,whitehall,2019-12-30T15:03:00.000Z,2020-03-30T11:13:48.000Z,,,9,"Business tax,PAYE,Money,GOV.UK homepage",HM Revenue & Customs,HM Revenue & Customs,2019 to 2022 Johnson Conservative government,,,
https://www.gov.uk/guidance/report-excise-duty-on-fuel-removed-from-warehouse-ho10,Report excise duty on fuel removed from warehouse (HO10),detailed_guide,16267903-6722-4847-9b08-f3f1c4c98384,en,whitehall,2018-04-08T23:00:00.000Z,2024-12-09T14:12:28.000Z,,,9,"Fuel Duty,GOV.UK homepage,Business tax,Money",HM Revenue & Customs,HM Revenue & Customs,2016 to 2019 May Conservative government,,,
https://www.gov.uk/guidance/classifying-electric-lamps,Classifying electric lamps for import and export,detailed_guide,5c717593-7631-11e4-a3cb-005056011aef,en,whitehall,2012-08-03T09:23:00.000Z,2023-06-20T09:36:46.000Z,,,9,"GOV.UK homepage,Business and industry,Importing,Money,Customs declarations, duties and tariffs (import and export),UK Trade Tariff and classification of goods,Commodity codes and reporting,Trade and investment",HM Revenue & Customs,HM Revenue & Customs,2010 to 2015 Conservative and Liberal Democrat coalition government,,,
https://www.gov.uk/guidance/pension-trustees-investments-and-tax,Tax on investments for pension trustees,detailed_guide,5feb7918-7631-11e4-a3cb-005056011aef,en,whitehall,2014-09-16T12:01:00.000Z,2014-09-16T12:01:00.000Z,,,9,"Pension scheme trustees,GOV.UK homepage,Money,Pension scheme administration,Business tax",HM Revenue & Customs,HM Revenue & Customs,2010 to 2015 Conservative and Liberal Democrat coalition government,,,
https://www.gov.uk/guidance/paying-taxes-in-the-uk-if-you-work-for-an-employer-based-in-ukraine,Paying taxes in the UK if you work for an employer based in Ukraine,detailed_guide,19ee0370-ef54-495e-bc0e-5096240d6477,en,whitehall,2022-10-06T14:07:35.000Z,2022-10-06T14:07:35.000Z,,,9,"Entering and staying in the UK,PAYE,National Insurance,Business tax,Income Tax,Personal tax,GOV.UK homepage,Money",HM Revenue & Customs,HM Revenue & Customs,2022 Truss Conservative government,,,
https://www.gov.uk/guidance/check-how-your-lifetime-allowance-is-affected-by-the-public-service-pensions-remedy,Check how your lifetime allowance is affected by the public service pensions remedy,detailed_guide,37298e23-0cd1-497d-b74e-e8ad90065514,en,whitehall,2023-10-04T23:00:00.000Z,2025-05-06T12:24:53.000Z,,,9,"Money,GOV.UK homepage,Income Tax,Personal tax,Pensions",HM Revenue & Customs,HM Revenue & Customs,2022 to 2024 Sunak Conservative government,,,
https://www.gov.uk/guidance/claiming-childrens-television-tax-relief-for-corporation-tax,Claiming Children’s Television Tax Relief for Corporation Tax,detailed_guide,6a964fcc-f720-40b8-a3f5-fe3e95c46daa,en,whitehall,2020-02-10T00:00:00.000Z,2025-05-21T09:33:52.000Z,,,9,"Money,GOV.UK homepage,Tax agent and adviser guidance,Corporation Tax,Dealing with HMRC,Business tax,Reliefs",HM Revenue & Customs,HM Revenue & Customs,2019 to 2022 Johnson Conservative government,,,
https://www.gov.uk/guidance/vat-refunds-for-constructing-a-new-charity-building,VAT refunds for constructing a new charity building,detailed_guide,1a1a36c8-b96d-4d1b-9074-c1593eacd6f9,en,whitehall,2023-12-05T00:00:00.000Z,2025-11-06T15:36:34.000Z,,,9,"Money,Dealing with HMRC,GOV.UK homepage,VAT,Business tax",HM Revenue & Customs,HM Revenue & Customs,2022 to 2024 Sunak Conservative government,,,
https://www.gov.uk/guidance/pension-administrators-ras-annual-information-returns,Sending a relief at source annual information return,detailed_guide,5feae19e-7631-11e4-a3cb-005056011aef,en,whitehall,2013-08-27T09:11:00.000Z,2020-04-05T23:15:16.000Z,,,9,"Administering a pension scheme,GOV.UK homepage,Pension scheme administration,Money,Business tax",HM Revenue & Customs,HM Revenue & Customs,2010 to 2015 Conservative and Liberal Democrat coalition government,,,
https://www.gov.uk/guidance/excise-duty-drawback-on-ship-and-aircraft-oil-stores-excise-notice-172,Excise duty drawback on ship and aircraft oil stores (Excise Notice 172),detailed_guide,2bb542ab-cc70-4dce-ad65-959f1ca22537,en,whitehall,2009-06-30T23:00:00.000Z,2025-11-19T13:59:29.000Z,,,9,"GOV.UK homepage,Money,Fuel Duty,Business tax",HM Revenue & Customs,HM Revenue & Customs,2007 to 2010 Brown Labour government,,,
https://www.gov.uk/guidance/pay-a-penalty-charge-for-not-registering-or-maintaining-a-trust,Pay a penalty charge for not registering or maintaining a trust,detailed_guide,b79f7984-dfac-4c9c-a5af-3c3ad862478b,en,whitehall,2023-01-20T00:00:00.000Z,2025-03-31T13:25:15.000Z,,,9,"Personal tax,GOV.UK homepage,Money,Paying HMRC,Dealing with HMRC,Trusts",HM Revenue & Customs,HM Revenue & Customs,2022 to 2024 Sunak Conservative government,,,
https://www.gov.uk/guidance/bespoke-vat-retail-schemes-notice-7272,Bespoke VAT retail schemes (VAT Notice 727/2),detailed_guide,bdcb2866-acdf-4f59-82d0-3c219c88bec6,en,whitehall,2011-08-09T23:00:00.000Z,2020-01-17T09:35:05.000Z,,,9,"Business tax,GOV.UK homepage,Accounting for VAT,VAT,Money",HM Revenue & Customs,HM Revenue & Customs,2010 to 2015 Conservative and Liberal Democrat coalition government,,,
https://www.gov.uk/guidance/crime-and-fraud-prevention-for-businesses-in-international-trade,Crime and fraud prevention for businesses in international trade,detailed_guide,5c7170ac-7631-11e4-a3cb-005056011aef,en,whitehall,2012-10-08T23:00:00.000Z,2026-01-05T16:04:47.000Z,,,9,"Money,Trade and investment,Business and industry,Customs declarations, duties and tariffs (import and export),GOV.UK homepage",HM Revenue & Customs,HM Revenue & Customs,2010 to 2015 Conservative and Liberal Democrat coalition government,,,
https://www.gov.uk/guidance/claiming-animation-tax-relief-for-corporation-tax,Claiming Animation Tax Relief for Corporation Tax,detailed_guide,ea154091-e8e0-4678-bea6-b8f09d9bb428,en,whitehall,2020-02-10T00:00:00.000Z,2025-05-21T09:32:06.000Z,,,9,"GOV.UK homepage,Money,Corporation Tax,Tax agent and adviser guidance,Dealing with HMRC,Reliefs,Business tax",HM Revenue & Customs,HM Revenue & Customs,2019 to 2022 Johnson Conservative government,,,
https://www.gov.uk/guidance/submit-your-one-stop-shop-return-and-vat-payment,Submit your One Stop Shop VAT Return,detailed_guide,fde3d7e0-ce50-4d9f-994c-8190b68d5da2,en,whitehall,2021-09-20T13:50:00.000Z,2023-04-24T08:00:05.000Z,,,9,"Paying,Money,VAT,VAT returns,GOV.UK homepage,Business tax",HM Revenue & Customs,HM Revenue & Customs,2019 to 2022 Johnson Conservative government,,,
https://www.gov.uk/guidance/producing-irish-whiskey-irish-cream-or-irish-poteen,"Producing Irish Whiskey, Irish Cream or Irish Poteen",detailed_guide,c067b82c-f0eb-48da-8c4d-49b81b4f2dda,en,whitehall,2014-09-30T23:00:00.000Z,2025-07-09T11:10:05.000Z,,,9,"Alcohol duty,Business tax,Money,GOV.UK homepage",HM Revenue & Customs,HM Revenue & Customs,2010 to 2015 Conservative and Liberal Democrat coalition government,,,
https://www.gov.uk/guidance/pay-the-tax-you-owe-getting-out-of-a-tax-avoidance-scheme,Pay the tax you owe - getting out of a tax avoidance scheme,detailed_guide,316539cd-044d-4b28-be29-e2329ec90622,en,whitehall,2016-09-29T08:46:00.000Z,2016-09-29T08:46:00.000Z,,,9,"Money,Tax avoidance,Dealing with HMRC,Tax evasion and avoidance,GOV.UK homepage",HM Revenue & Customs,HM Revenue & Customs,2016 to 2019 May Conservative government,,,
https://www.gov.uk/guidance/lost-stolen-or-destroyed-ata-carnets,"Lost, stolen or destroyed ATA Carnets",detailed_guide,58eeef19-6e4e-4732-8968-37f948aa2069,en,whitehall,2019-10-19T23:00:00.000Z,2019-10-19T23:00:00.000Z,,,9,"Money,International,Going and being abroad,GOV.UK homepage,Business and industry,Trade and investment,Business tax,Importing,Exporting,Travel abroad",HM Revenue & Customs,HM Revenue & Customs,2019 to 2022 Johnson Conservative government,,,
https://www.gov.uk/guidance/check-if-you-can-claim-vat-relief-on-goods-imported-into-northern-ireland-for-onward-supply-to-the-eu,Check if you can claim VAT relief on goods imported into Northern Ireland for onward supply to the EU,detailed_guide,2f377b18-60bc-43c9-ba1f-03c005203fc4,en,whitehall,2021-04-25T23:00:00.000Z,2025-06-16T14:10:43.000Z,,,8,"Importing goods and services,VAT,Accounting for VAT,GOV.UK homepage,Money,Business tax",HM Revenue & Customs,HM Revenue & Customs,2019 to 2022 Johnson Conservative government,,,
https://www.gov.uk/guidance/apply-for-a-trust-to-receive-uk-rental-income-without-uk-tax-deducted,Apply for a trust to receive UK rental income without UK tax deducted,detailed_guide,eca33327-3a6b-496f-8ebf-2c7ad59117f2,en,whitehall,2014-05-07T23:00:00.000Z,2014-05-07T23:00:00.000Z,,,8,"Non-resident landlord scheme,Personal tax,GOV.UK homepage,Money",HM Revenue & Customs,HM Revenue & Customs,2010 to 2015 Conservative and Liberal Democrat coalition government,,,
https://www.gov.uk/guidance/joint-and-several-liability-notices-for-tax-avoidance-and-tax-evasion-cases,Joint and several liability notices for tax avoidance and tax evasion cases,detailed_guide,4dc177cc-9269-4d0c-9c36-6cb33a116188,en,whitehall,2021-10-07T10:08:03.000Z,2021-10-07T10:08:03.000Z,,,8,"Tax avoidance,GOV.UK homepage,Dealing with HMRC,Money,Tax compliance",HM Revenue & Customs,HM Revenue & Customs,2019 to 2022 Johnson Conservative government,,,
https://www.gov.uk/guidance/selling-horses-and-ponies-if-you-use-a-vat-margin-scheme,Selling horses and ponies if you use a VAT margin scheme,detailed_guide,47e75c7c-35c1-4560-b974-f1fbf04a2669,en,whitehall,2021-12-23T13:28:00.000Z,2021-12-23T13:28:00.000Z,,,8,"Accounting for VAT,Charging VAT,Business tax,Money,GOV.UK homepage,VAT",HM Revenue & Customs,HM Revenue & Customs,2019 to 2022 Johnson Conservative government,,,
https://www.gov.uk/guidance/claim-an-economic-crime-levy-refund,Claim an Economic Crime Levy refund,detailed_guide,0f1e0b07-80cb-47b0-b9c0-56652734004d,en,whitehall,2023-10-04T23:00:00.000Z,2024-04-29T11:36:34.000Z,,,8,"Money laundering regulations,Money,GOV.UK homepage",HM Revenue & Customs,HM Revenue & Customs,2022 to 2024 Sunak Conservative government,,,
https://www.gov.uk/guidance/check-if-you-need-to-register-for-the-soft-drinks-industry-levy,Check if you need to register for the Soft Drinks Industry Levy,detailed_guide,b6904197-1154-4c1b-bfe9-bcb78dfb3cc4,en,whitehall,2018-04-03T14:41:00.000Z,2018-04-03T14:41:00.000Z,,,8,"Business tax,GOV.UK homepage,Soft Drinks Industry Levy,Money",HM Revenue & Customs,HM Revenue & Customs,2016 to 2019 May Conservative government,,,
https://www.gov.uk/guidance/apply-for-a-partial-exemption-special-method,Apply for a Partial Exemption Special Method,detailed_guide,90bc3b1a-5cff-4234-bbec-6e2b62ecde11,en,whitehall,2021-08-15T23:00:00.000Z,2024-09-02T11:58:55.000Z,,,8,"GOV.UK homepage,VAT,Business tax,Money",HM Revenue & Customs,HM Revenue & Customs,2019 to 2022 Johnson Conservative government,,,
https://www.gov.uk/guidance/determinations-if-you-dont-file-a-company-tax-return,Determinations: if you don't file a Company Tax Return,detailed_guide,601f0ce4-7631-11e4-a3cb-005056011aef,en,whitehall,2012-09-06T23:00:00.000Z,2012-09-06T23:00:00.000Z,,,8,"GOV.UK homepage,Dealing with HMRC,Corporation Tax,Business tax,Money",HM Revenue & Customs,HM Revenue & Customs,2010 to 2015 Conservative and Liberal Democrat coalition government,,,
https://www.gov.uk/guidance/pay-the-vat-due-on-your-one-stop-shop-vat-return,Pay the VAT due on your One Stop Shop VAT Return,detailed_guide,2ea4ab2f-b431-4a63-97a2-e8dc3f0cbc0f,en,whitehall,2021-09-30T23:00:00.000Z,2024-05-15T08:09:09.000Z,,,8,"GOV.UK homepage,Dealing with HMRC,Business tax,VAT,Paying HMRC,Money",HM Revenue & Customs,HM Revenue & Customs,2019 to 2022 Johnson Conservative government,,,
https://www.gov.uk/guidance/supplementary-pages-ct600c-group-and-consortium-relief,Supplementary pages CT600C: group and consortium relief,detailed_guide,ee2e5c66-2cb1-4754-87ea-cf967baf2259,en,whitehall,2022-09-29T23:00:00.000Z,2024-01-02T12:41:47.000Z,,,8,"Money,Business auditing, accounting and reporting,Business and industry,Running a business,GOV.UK homepage,Corporation Tax,Business tax",HM Revenue & Customs,HM Revenue & Customs,2022 Truss Conservative government,,,
https://www.gov.uk/guidance/double-taxation-objecting-if-your-company-isnt-being-taxed-correctly,Double taxation: objecting if your company is not being taxed correctly,detailed_guide,5fda4dd7-7631-11e4-a3cb-005056011aef,en,whitehall,2014-02-18T00:00:00.000Z,2025-09-11T12:10:25.000Z,,,8,"International tax,Double taxation,Money,Business tax,GOV.UK homepage",HM Revenue & Customs,HM Revenue & Customs,2010 to 2015 Conservative and Liberal Democrat coalition government,,,
https://www.gov.uk/guidance/venture-capital-schemes-permanent-establishment,Venture capital schemes: permanent establishment,detailed_guide,ba909f48-e95c-4e12-8bd6-d7107ddf1b21,en,whitehall,2017-03-30T10:11:00.000Z,2017-03-30T10:11:00.000Z,,,8,"Venture capital schemes,Business tax,Money,Investment schemes,GOV.UK homepage",HM Revenue & Customs,HM Revenue & Customs,2016 to 2019 May Conservative government,,,
https://www.gov.uk/guidance/annual-investment-allowance-limit-changes-during-accounting-periods,Annual investment allowance: limit changes during accounting periods,detailed_guide,605463b4-7631-11e4-a3cb-005056011aef,en,whitehall,2014-12-04T10:48:00.000Z,2014-12-04T10:48:00.000Z,,,8,"Money,GOV.UK homepage,Capital allowances,Business tax",HM Revenue & Customs,HM Revenue & Customs,2010 to 2015 Conservative and Liberal Democrat coalition government,,,
https://www.gov.uk/guidance/tell-an-employee-that-theyre-not-eligible-for-statutory-neonatal-care-pay-neo1,Tell an employee that they're not eligible for Statutory Neonatal Care Pay (NEO1),detailed_guide,731e8a46-7e0c-4399-8c14-6ce3d248b699,en,whitehall,2025-04-05T23:00:00.000Z,2025-07-07T09:45:15.000Z,,,8,"Business tax,Statutory pay and leave,PAYE,Money,GOV.UK homepage",HM Revenue & Customs,"HM Revenue & Customs,Department for Business and Trade",2024 Starmer Labour government,,,
https://www.gov.uk/guidance/check-if-you-need-to-change-your-self-assessment-return-for-seiss,Check if you need to change your Self Assessment return for SEISS,detailed_guide,79716c53-62d7-41c1-adf9-4d9f85b82d7a,en,whitehall,2021-07-02T13:55:00.000Z,2023-09-20T09:52:55.000Z,,,8,"COVID-19,Support for self-employed people and sole traders during COVID-19,GOV.UK homepage,Health and social care,Money,Funding and support for businesses during COVID-19,Support for businesses and self-employed people during COVID-19,Personal tax,Paying your tax bill,Self Assessment,Filing a tax return",HM Revenue & Customs,HM Revenue & Customs,2019 to 2022 Johnson Conservative government,,,
https://www.gov.uk/guidance/when-and-how-an-employee-operates-paye-on-their-employment-income,When and how an employee operates PAYE on their employment income,detailed_guide,5fa8328f-7631-11e4-a3cb-005056011aef,en,whitehall,2014-09-22T12:51:00.000Z,2014-09-22T12:51:00.000Z,,,8,"PAYE,Business tax,Special types of employee pay,GOV.UK homepage,Money",HM Revenue & Customs,HM Revenue & Customs,2010 to 2015 Conservative and Liberal Democrat coalition government,,,
https://www.gov.uk/guidance/vat-direct-calculation-retail-schemes-notice-7275,Direct Calculation VAT Retail Schemes (VAT Notice 727/5),detailed_guide,3210607d-a5d3-4197-8e91-251a25189cb0,en,whitehall,2013-01-30T12:00:00.000Z,2020-12-31T23:00:58.000Z,,,8,"VAT,Business tax,Money,GOV.UK homepage,Accounting for VAT",HM Revenue & Customs,HM Revenue & Customs,2010 to 2015 Conservative and Liberal Democrat coalition government,,,
https://www.gov.uk/guidance/contractor-tax-loan-schemes-can-cost-you-more,Contractor tax: loan schemes can cost you more (Spotlight 33),detailed_guide,a1ca583e-37a4-4df1-bd9f-cfc80676d15a,en,whitehall,2016-07-07T11:40:00.000Z,2022-12-22T16:17:22.000Z,,,8,"Dealing with HMRC,GOV.UK homepage,Money,Tax avoidance",HM Revenue & Customs,HM Revenue & Customs,2015 to 2016 Cameron Conservative government,,,
https://www.gov.uk/guidance/bingo-duty-excise-notice-457,Bingo Duty (Excise Notice 457),detailed_guide,d5db182f-2c59-446e-8ca5-bea41d280a50,en,whitehall,2021-06-22T23:00:00.000Z,2025-11-18T12:38:46.000Z,,,8,"Business tax,Money,GOV.UK homepage,Bingo Duty,Gambling duties",HM Revenue & Customs,HM Revenue & Customs,2019 to 2022 Johnson Conservative government,,,
https://www.gov.uk/guidance/employee-circumstances-that-affect-payment-of-statutory-parental-bereavement-pay,Employee circumstances that affect payment of Statutory Parental Bereavement Pay,detailed_guide,bdd17ae7-e675-4520-8e43-8e2c1e421b72,en,whitehall,2020-04-05T23:15:00.000Z,2022-04-05T23:15:17.000Z,,,8,"PAYE,Business tax,Money,GOV.UK homepage,Statutory pay and leave",Department for Business and Trade,"Department for Business and Trade,HM Revenue & Customs,Department for Business, Energy & Industrial Strategy",2019 to 2022 Johnson Conservative government,,,
https://www.gov.uk/guidance/rates-and-allowances-for-air-passenger-duty-historic-rates,Historic rates for Air Passenger Duty,detailed_guide,6f019571-54be-4344-aede-cebd901c1fe5,en,whitehall,2018-01-29T00:00:00.000Z,2025-04-01T07:33:25.000Z,,,8,"Money,Air Passenger Duty,Dealing with HMRC,Transport,Tax agent and adviser guidance,Aviation,Business tax,GOV.UK homepage,Air passenger duty",HM Revenue & Customs,HM Revenue & Customs,2016 to 2019 May Conservative government,,,
https://www.gov.uk/guidance/confirm-an-applicants-tax-responsibilities-for-taxi-private-hire-or-scrap-metal-licence-applications,"Confirm an applicant's tax responsibilities for taxi, private hire or scrap metal licence applications",detailed_guide,e3171d87-ec93-47f0-890d-9b83ddcdd02f,en,whitehall,2022-01-10T10:00:00.000Z,2023-09-11T10:11:56.000Z,,,8,"Dealing with HMRC,Tax evasion and avoidance,GOV.UK homepage,Money,Tax compliance",HM Revenue & Customs,HM Revenue & Customs,2019 to 2022 Johnson Conservative government,,,
https://www.gov.uk/guidance/check-if-you-need-to-register-for-the-economic-crime-levy,Check if you need to register for the Economic Crime Levy,detailed_guide,b361ac68-a982-43df-a212-6eb1aae7cb8e,en,whitehall,2023-05-24T23:00:00.000Z,2024-11-28T08:06:46.000Z,,,8,"Money laundering regulations,Money,GOV.UK homepage",HM Revenue & Customs,HM Revenue & Customs,2022 to 2024 Sunak Conservative government,,,
https://www.gov.uk/guidance/sailing-a-pleasure-craft-that-is-departing-from-the-uk,Sailing a pleasure craft that is departing from the UK,detailed_guide,792043a7-acb9-4939-880d-78700da9f051,en,whitehall,2021-12-29T00:00:00.000Z,2025-07-23T11:29:10.000Z,,,8,"Business tax,Trade and investment,GOV.UK homepage,Personal tax,Customs declarations, duties and tariffs (import and export),Leaving the UK,Money,Business and industry",HM Revenue & Customs,HM Revenue & Customs,2019 to 2022 Johnson Conservative government,,,
https://www.gov.uk/guidance/when-you-can-rely-on-information-or-advice-provided-by-hm-revenue-and-customs,How HMRC advice and information can help you,detailed_guide,8147ecb6-3bca-4cb6-95a3-0fde48d53796,en,whitehall,2009-03-04T00:00:00.000Z,2023-06-30T08:36:40.000Z,,,8,"GOV.UK homepage,Dealing with HMRC,Money",HM Revenue & Customs,HM Revenue & Customs,2007 to 2010 Brown Labour government,,,
https://www.gov.uk/guidance/check-if-you-can-claim-relief-from-stamp-duty-land-tax-in-freeport-tax-sites,Check if you can claim relief from Stamp Duty Land Tax in a Freeport or Investment Zone special tax site in England,detailed_guide,9e913224-64be-4689-854a-5cfb6a6b43a2,en,whitehall,2021-07-08T23:00:00.000Z,2025-01-23T00:15:05.000Z,,,8,"Money,Business tax,GOV.UK homepage,Stamp duty and other tax on property",HM Revenue & Customs,HM Revenue & Customs,2019 to 2022 Johnson Conservative government,,,
https://www.gov.uk/guidance/tax-on-payments-for-use-of-image-rights,Tax on payments for use of image rights,detailed_guide,a91d13b7-e346-432d-a871-8468d00c0484,en,whitehall,2017-08-16T13:20:00.000Z,2017-08-16T13:20:00.000Z,,,8,"Income Tax,Self-employment,Personal tax,GOV.UK homepage,PAYE,Corporation Tax,Money,Business tax,Work,Self Assessment",HM Revenue & Customs,HM Revenue & Customs,2016 to 2019 May Conservative government,,,
https://www.gov.uk/guidance/corporation-tax-disregard-regulations-for-derivative-contracts,Corporation Tax: Disregard Regulations for derivative contracts,detailed_guide,f8d34c1e-ce08-4619-8d94-156d59634ea2,en,whitehall,2015-03-27T16:03:00.000Z,2015-10-30T14:48:22.000Z,,,8,"GOV.UK homepage,Corporation Tax,Money,Business tax",HM Revenue & Customs,HM Revenue & Customs,2010 to 2015 Conservative and Liberal Democrat coalition government,,,
https://www.gov.uk/guidance/reporting-cryptoasset-user-and-transaction-data,Reporting cryptoasset user and transaction data,detailed_guide,893a63ab-5fd6-4bb5-b893-6f981ac46a19,en,whitehall,2025-05-13T23:00:00.000Z,2026-01-01T00:15:01.000Z,,,8,"Dealing with HMRC,GOV.UK homepage,Money,Tax compliance",HM Revenue & Customs,HM Revenue & Customs,2024 Starmer Labour government,,,
https://www.gov.uk/guidance/record-keeping-for-air-passenger-duty,Record keeping for Air Passenger Duty,detailed_guide,08ba77d6-df65-49cc-9ed7-9fc53682421c,en,whitehall,2018-01-29T14:58:00.000Z,2018-01-29T14:58:00.000Z,,,8,"GOV.UK homepage,Tax agent and adviser guidance,Personal tax,Dealing with HMRC,Business tax,Air Passenger Duty,Aviation,Transport,Air passenger duty,Money",HM Revenue & Customs,HM Revenue & Customs,2016 to 2019 May Conservative government,,,
https://www.gov.uk/guidance/deductions-for-work-expenses-480-chapter-7,Deductions for work expenses (480: Chapter 7),detailed_guide,df858920-c189-4bf3-849d-b52749c56994,en,whitehall,2019-12-30T14:56:09.000Z,2019-12-30T14:56:09.000Z,,,8,"Money,GOV.UK homepage,Business tax,PAYE",HM Revenue & Customs,HM Revenue & Customs,2019 to 2022 Johnson Conservative government,,,
https://www.gov.uk/guidance/pay-no-import-duty-or-vat-on-visual-and-auditory-goods,Pay no import duty or VAT on visual and auditory goods,detailed_guide,570c2705-d56a-4636-aa3f-fd53f42f879c,en,whitehall,2020-06-22T13:04:00.000Z,2020-12-31T23:00:29.000Z,,,8,"Customs declarations, duties and tariffs (import and export),Trade and investment,Money,GOV.UK homepage,VAT,Business tax,Business and industry,Importing goods and services,Importing",HM Revenue & Customs,HM Revenue & Customs,2019 to 2022 Johnson Conservative government,,,
https://www.gov.uk/guidance/vat-on-admission-charges-to-attractions,VAT on admission charges to attractions,detailed_guide,25389b85-c692-46a1-8476-5508c4ea6192,en,whitehall,2020-07-09T13:10:00.000Z,2022-12-23T10:44:53.000Z,,,8,"Your responsibilities as an employer during COVID-19,Support for businesses and self-employed people during COVID-19,Paying,COVID-19,Accounting for VAT,Money,GOV.UK homepage,Managing your business during COVID-19,Business tax,VAT,Health and social care,Funding and support for businesses during COVID-19",HM Revenue & Customs,HM Revenue & Customs,2019 to 2022 Johnson Conservative government,,,
https://www.gov.uk/guidance/find-out-about-changes-to-vat-legislation-on-face-value-vouchers-vat-information-sheet-0918,Find out about changes to VAT legislation on face value vouchers (VAT information sheet 09/18),detailed_guide,4abff651-0bf0-41a7-ae1a-e4ca8d05e40c,en,whitehall,2018-11-30T15:27:00.000Z,2018-11-30T15:27:00.000Z,,,8,"VAT,Accounting for VAT,Dealing with HMRC,Charging VAT,Money,GOV.UK homepage,Paying HMRC,Business tax",HM Revenue & Customs,HM Revenue & Customs,2016 to 2019 May Conservative government,,,
https://www.gov.uk/guidance/overview-of-tax-and-national-insurance-contributions-for-employee-travel-490-chapter-1,Overview of tax and National Insurance contributions for employee travel (490: Chapter 1),detailed_guide,9a1068f2-2ebb-4dd4-8d29-5362ef0c5e73,en,whitehall,2014-03-28T00:00:00.000Z,2014-03-28T00:00:00.000Z,,,8,"PAYE,Business tax,GOV.UK homepage,Money",HM Revenue & Customs,HM Revenue & Customs,2010 to 2015 Conservative and Liberal Democrat coalition government,,,
https://www.gov.uk/guidance/using-debt-management-schemes-to-restructure-a-companys-finances,Using debt management schemes to restructure a company’s finances,detailed_guide,1f949ffe-f4f5-4769-a7ca-6893542948b3,en,whitehall,2023-11-01T00:00:00.000Z,2023-11-01T00:00:00.000Z,,,8,"Business and industry,Dealing with HMRC,Limited companies and partnerships,Company closure, administration, liquidation and insolvency ,Business debt and bankruptcy,GOV.UK homepage,Running a business,Money,Paying HMRC",HM Revenue & Customs,HM Revenue & Customs,2022 to 2024 Sunak Conservative government,,,
https://www.gov.uk/guidance/check-how-to-report-and-pay-vat-on-distance-sales-of-goods-from-northern-ireland-to-the-eu,Check how to report and pay VAT on distance sales of goods from Northern Ireland to the EU,detailed_guide,232a3942-713b-4f67-9d5b-7974ca5d3343,en,whitehall,2021-06-27T23:00:00.000Z,2024-08-19T12:19:47.000Z,,,7,"Money,VAT,GOV.UK homepage,Business tax",HM Revenue & Customs,HM Revenue & Customs,2019 to 2022 Johnson Conservative government,,,
https://www.gov.uk/guidance/offsetting-unauthorised-payments-for-chapter-1-members,Offsetting unauthorised payments for Chapter 1 members,detailed_guide,eb4b164f-a877-42c1-ba26-62eb97ec74c0,en,whitehall,2025-11-11T13:00:53.000Z,2025-11-11T13:00:53.000Z,,,7,"Business tax,Pension scheme trustees,Tax on pensions,GOV.UK homepage,Administering a pension scheme,Pension scheme administration,Money,Paying into a pension scheme",HM Revenue & Customs,HM Revenue & Customs,2024 Starmer Labour government,,,
https://www.gov.uk/guidance/capital-allowances-accounting-periods-which-are-more-or-less-than-a-year,Capital allowances: accounting periods which are more or less than a year,detailed_guide,d462ae52-1ef8-43a7-aa8b-ebac45ff7a37,en,whitehall,2016-02-25T14:16:00.000Z,2016-02-25T14:16:00.000Z,,,7,"GOV.UK homepage,Business tax,Capital allowances,Money",HM Revenue & Customs,HM Revenue & Customs,2015 to 2016 Cameron Conservative government,,,
https://www.gov.uk/guidance/statutory-sick-pay-business-changes-that-affect-payment,Statutory Sick Pay: business changes that affect payment,detailed_guide,5efc10ed-7631-11e4-a3cb-005056011aef,en,whitehall,2014-03-14T15:38:00.000Z,2014-03-14T15:38:00.000Z,,,7,"GOV.UK homepage,PAYE,Business tax,Money",HM Revenue & Customs,HM Revenue & Customs,2010 to 2015 Conservative and Liberal Democrat coalition government,,,
https://www.gov.uk/guidance/apply-for-authorisation-as-an-excise-warehousekeeper,Apply for authorisation as an excise warehousekeeper,detailed_guide,912db30d-3888-4213-9755-865764492a25,en,whitehall,2014-10-22T23:00:00.000Z,2025-11-18T12:44:04.000Z,,,7,"Money,Importing,Business and industry,Exporting,GOV.UK homepage,Business tax,Trade and investment",HM Revenue & Customs,HM Revenue & Customs,2010 to 2015 Conservative and Liberal Democrat coalition government,,,
https://www.gov.uk/guidance/classifying-organic-chemicals,Classifying organic chemicals for import and export,detailed_guide,5c71781c-7631-11e4-a3cb-005056011aef,en,whitehall,2012-08-03T10:45:00.000Z,2015-11-02T15:02:21.000Z,,,7,"Trade and investment,Importing,Business and industry,Customs declarations, duties and tariffs (import and export),Commodity codes and reporting,Money,UK Trade Tariff and classification of goods,GOV.UK homepage",HM Revenue & Customs,HM Revenue & Customs,2010 to 2015 Conservative and Liberal Democrat coalition government,,,
https://www.gov.uk/guidance/tax-treatment-of-expenses-payments-480-chapter-3,Tax treatment of expenses payments (480: Chapter 3),detailed_guide,d7879f29-366f-4b4e-8566-1f1d564c76e1,en,whitehall,2019-12-30T14:54:37.000Z,2019-12-30T14:54:37.000Z,,,7,"PAYE,Money,GOV.UK homepage,Business tax",HM Revenue & Customs,HM Revenue & Customs,2019 to 2022 Johnson Conservative government,,,
https://www.gov.uk/guidance/lifetime-isa-withdrawal-charges-and-charge-free-withdrawals,Making Lifetime ISA withdrawal charges and charge-free withdrawals,detailed_guide,ca117325-e224-4f0d-8ab2-caa5d4e1f9c5,en,whitehall,2020-03-12T13:35:00.000Z,2022-04-06T07:26:26.000Z,,,7,"Tax on savings,Money,Personal tax,GOV.UK homepage,Tax on savings and investments,Guidance for financial institutions",HM Revenue & Customs,HM Revenue & Customs,2019 to 2022 Johnson Conservative government,,,
https://www.gov.uk/guidance/due-diligence-for-excise-registered-businesses,Due diligence for excise registered businesses,detailed_guide,09f0ff1c-b821-4b4d-bb8a-cae53e0d8446,en,whitehall,2014-10-22T23:00:00.000Z,2025-03-03T12:40:58.000Z,,,7,"Importing,Trade and investment,Exporting,Money,Business tax,Alcohol duty,GOV.UK homepage,Moving and storing goods,Business and industry",HM Revenue & Customs,HM Revenue & Customs,2010 to 2015 Conservative and Liberal Democrat coalition government,,,
https://www.gov.uk/guidance/withdraw-your-application-for-alcoholic-products-producer-approval-appa,Withdraw your application for alcoholic products producer approval (APPA),detailed_guide,f0285e0f-9b1c-4c93-9433-4105879590a6,en,whitehall,2025-12-15T00:00:00.000Z,2026-01-21T13:20:22.000Z,,,7,"Money,Alcohol duty,Business tax,GOV.UK homepage",HM Revenue & Customs,HM Revenue & Customs,2024 Starmer Labour government,,,
https://www.gov.uk/guidance/submit-returns-for-climate-change-levy,Submit returns for Climate Change Levy,detailed_guide,b881e853-2c76-4b60-9d42-8c8df78a56b1,en,whitehall,2014-12-18T10:00:00.000Z,2023-07-20T14:41:18.000Z,,,7,"GOV.UK homepage,Business tax,Business regulation,Climate Change Levy,Energy industry and infrastructure licensing and regulation,Business and the environment,Environment,Climate change and energy,Energy demand reduction,Money,Business and industry",HM Revenue & Customs,HM Revenue & Customs,2010 to 2015 Conservative and Liberal Democrat coalition government,,,
https://www.gov.uk/guidance/heritage-properties-prepare-a-heritage-management-plan,Heritage properties: prepare a heritage management plan,detailed_guide,5f524ae7-7631-11e4-a3cb-005056011aef,en,whitehall,2014-10-01T23:00:00.000Z,2025-04-02T11:25:25.000Z,,,7,"Reliefs,Society and culture,Capital Gains Tax,Rural and countryside,Environment,Property,Personal tax,Money,Arts and culture,Conservation of historic buildings and monuments,Inheritance Tax,GOV.UK homepage",Natural England,Natural England,2010 to 2015 Conservative and Liberal Democrat coalition government,,,
https://www.gov.uk/guidance/claim-relief-from-aggregates-levy-for-industrial-and-agricultural-processes,Claim relief from Aggregates Levy for industrial and agricultural processes,detailed_guide,beb0be42-92a8-4672-b68a-f5b7ac596eb4,en,whitehall,2020-10-09T14:37:00.000Z,2020-10-09T14:37:00.000Z,,,7,"Aggregates Levy,GOV.UK homepage,Business and the environment,Business tax,Money,Business and industry",HM Revenue & Customs,HM Revenue & Customs,2019 to 2022 Johnson Conservative government,,,
https://www.gov.uk/guidance/vat-rules-for-higher-education-providers-vat-information-sheet-0818,VAT rules for higher education providers (VAT information sheet 08/18),detailed_guide,ca1fd06d-d660-428a-9db3-a53ff27fd4ed,en,whitehall,2018-11-30T15:34:02.000Z,2018-11-30T15:34:02.000Z,,,7,"Business tax,Rules for particular trades,GOV.UK homepage,VAT,Accounting for VAT,Money",HM Revenue & Customs,HM Revenue & Customs,2016 to 2019 May Conservative government,,,
https://www.gov.uk/guidance/supplementary-pages-ct600n-residential-property-developer-tax,Supplementary pages CT600N: Residential Property Developer Tax,detailed_guide,dda4b1e9-2c60-4267-99c1-a74a59ca7e32,en,whitehall,2023-03-31T23:00:00.000Z,2025-02-12T13:56:33.000Z,,,7,"Dealing with HMRC,Corporation Tax,GOV.UK homepage,Paying HMRC,Business tax,Money",HM Revenue & Customs,HM Revenue & Customs,2022 to 2024 Sunak Conservative government,,,
https://www.gov.uk/guidance/how-your-business-set-up-can-affect-your-eligibility-for-small-producer-relief,How your business set up can affect your eligibility for Small Producer Relief,detailed_guide,d8e78bed-47d9-45cc-9b28-8a0fd889b57e,en,whitehall,2023-06-29T08:01:10.000Z,2023-06-29T08:01:10.000Z,,,7,"Alcohol duty,Moving and storing goods,Business tax,Business and industry,Payments and reliefs (Alcohol duty),Money,GOV.UK homepage",HM Revenue & Customs,HM Revenue & Customs,2022 to 2024 Sunak Conservative government,,,
https://www.gov.uk/guidance/how-to-calculate-the-customs-value-if-youre-a-selling-agent,How to calculate the customs value if you're a selling agent,detailed_guide,f35b7136-d1c7-4437-905c-13f68b3709a6,en,whitehall,2022-11-03T09:41:00.000Z,2022-11-03T09:41:00.000Z,,,7,"Importing,Customs declarations, duties and tariffs (import and export),Money,Business and industry,GOV.UK homepage,Trade and investment",HM Revenue & Customs,HM Revenue & Customs,2022 to 2024 Sunak Conservative government,,,
https://www.gov.uk/guidance/junior-isa-annual-returns-for-isa-managers,Junior ISA annual returns for ISA managers,detailed_guide,5c393675-f51b-4e97-abe9-b5c076e1a9fc,en,whitehall,2018-04-05T09:20:00.000Z,2022-04-06T07:20:42.000Z,,,7,"Tax on savings and investments,GOV.UK homepage,Money,Personal tax",HM Revenue & Customs,HM Revenue & Customs,2016 to 2019 May Conservative government,,,
https://www.gov.uk/guidance/vat-road-fuel-scale-charges-from-1-may-2022-to-30-april-2023,VAT road fuel scale charges from 1 May 2022 to 30 April 2023,detailed_guide,d12457e0-e4b9-4772-8c05-5494f57be55f,en,whitehall,2022-04-21T07:24:17.000Z,2022-04-21T07:24:17.000Z,,,7,"Fuel Duty,GOV.UK homepage,Money,Business tax",HM Revenue & Customs,HM Revenue & Customs,2019 to 2022 Johnson Conservative government,,,
https://www.gov.uk/guidance/director-information-hub-hmrc-joint-and-several-liability-notices,Director information hub: HMRC joint and several liability notices,detailed_guide,66268417-1933-44ce-8cb3-c19648037815,en,whitehall,2024-04-23T23:00:00.000Z,2024-04-23T23:00:00.000Z,,,7,"Court claims, debt and bankruptcy,GOV.UK homepage,Money",The Insolvency Service,The Insolvency Service,2022 to 2024 Sunak Conservative government,,,
https://www.gov.uk/guidance/register-a-partnership-as-a-subcontractor-with-payment-under-deduction-by-post,Register a partnership as a subcontractor with payment under deduction by post,detailed_guide,3d3a1ff1-ead5-41fe-a635-b6cf07571aaf,en,whitehall,2024-08-26T23:00:00.000Z,2025-02-26T15:07:08.000Z,,,7,"GOV.UK homepage,Construction Industry Scheme (CIS),Money,Business tax",HM Revenue & Customs,HM Revenue & Customs,2024 Starmer Labour government,,,
https://www.gov.uk/guidance/disguised-remuneration-schemes-affected-by-the-loan-charge-spotlight-44,Disguised remuneration: schemes affected by the loan charge (Spotlight 44),detailed_guide,26dd32df-5eed-4b52-bb43-b39d2581b8cd,en,whitehall,2018-07-30T14:52:00.000Z,2019-05-31T09:46:46.000Z,,,7,"GOV.UK homepage,Dealing with HMRC,Tax avoidance,Money",HM Revenue & Customs,HM Revenue & Customs,2016 to 2019 May Conservative government,,,
https://www.gov.uk/guidance/pay-vat-after-telling-hmrc-about-goods-sold-to-pay-off-a-debt,Pay VAT after telling HMRC about goods sold to pay off a debt,detailed_guide,1a1a51c8-c32c-4853-ada0-6d559e3800bf,en,whitehall,2025-09-18T10:05:39.000Z,2025-09-18T10:05:39.000Z,,,7,"GOV.UK homepage,VAT,Business tax,Paying,Money",HM Revenue & Customs,HM Revenue & Customs,2024 Starmer Labour government,,,
https://www.gov.uk/guidance/cancel-your-registration-for-plastic-packaging-tax,Cancel your registration for Plastic Packaging Tax,detailed_guide,eb75c282-dd8c-4da3-afaa-0ae7f48564ed,en,whitehall,2022-07-01T07:08:00.000Z,2022-10-26T08:06:10.000Z,,,7,"Business tax,Money,GOV.UK homepage",HM Revenue & Customs,HM Revenue & Customs,2019 to 2022 Johnson Conservative government,,,
https://www.gov.uk/guidance/find-the-relief-at-source-residency-statuses-of-multiple-members,Find the relief at source residency statuses of multiple members,detailed_guide,24f10d83-ea95-4672-873c-99406bada799,en,whitehall,2018-05-29T09:00:00.000Z,2019-04-24T11:26:17.000Z,,,7,"Pension scheme administration,GOV.UK homepage,Business tax,Money",HM Revenue & Customs,HM Revenue & Customs,2016 to 2019 May Conservative government,,,
https://www.gov.uk/guidance/apply-for-a-binding-origin-information-decision,Apply for a Binding Origin Information decision,detailed_guide,5202ba11-5b99-4427-af13-e456e405ee62,en,whitehall,2016-02-17T00:00:00.000Z,2023-04-06T11:39:20.000Z,,,7,"Customs declarations, duties and tariffs (import and export),GOV.UK homepage,Trade and investment,Business and industry,Money,Dealing with HMRC",HM Revenue & Customs,HM Revenue & Customs,2015 to 2016 Cameron Conservative government,,,
https://www.gov.uk/guidance/managing-serious-defaulters-msd-programme,Managing Serious Defaulters programme,detailed_guide,fadb1549-4d9d-4b95-8306-f5b268c36244,en,whitehall,2014-12-10T16:10:00.000Z,2014-12-10T16:10:00.000Z,,,7,"Money,GOV.UK homepage,Tax compliance,Dealing with HMRC,Non-payment and fraud",HM Revenue & Customs,HM Revenue & Customs,2010 to 2015 Conservative and Liberal Democrat coalition government,,,
https://www.gov.uk/guidance/manually-calculate-deductions-due-on-the-loan-charge,Calculate deductions due on the loan charge,detailed_guide,0edd3207-1abc-4304-905f-911b3bb3369e,en,whitehall,2019-04-01T13:47:00.000Z,2019-04-24T10:43:59.000Z,,,7,"Disguised remuneration schemes,GOV.UK homepage,Tax avoidance,Money,PAYE,Business tax,Tax evasion and avoidance,Annual PAYE and payroll tasks,Dealing with HMRC",HM Revenue & Customs,HM Revenue & Customs,2016 to 2019 May Conservative government,,,
https://www.gov.uk/guidance/warning-for-agency-workers-and-contractors-who-are-moved-between-umbrella-companies-spotlight-71,Warning for agency workers and contractors who are moved between umbrella companies (Spotlight 71),detailed_guide,fce969a2-390f-488c-82b1-36a686285a85,en,whitehall,2025-06-12T23:00:00.000Z,2025-06-12T23:00:00.000Z,,,7,"Dealing with HMRC,Money,GOV.UK homepage,Tax avoidance",HM Revenue & Customs,HM Revenue & Customs,2024 Starmer Labour government,,,
https://www.gov.uk/guidance/remuneration-in-non-cash-form-480-chapter-26,Remuneration in non-cash form (480: Chapter 26),detailed_guide,8020aa0d-356f-4243-9108-5811b847b636,en,whitehall,2019-12-30T15:01:00.000Z,2019-12-30T15:01:00.000Z,,,7,"PAYE,Business tax,Money,GOV.UK homepage",HM Revenue & Customs,HM Revenue & Customs,2019 to 2022 Johnson Conservative government,,,
https://www.gov.uk/guidance/construction-industry-scheme-multiple-contractor-status,Construction Industry Scheme: multiple contractor status,detailed_guide,602bce68-7631-11e4-a3cb-005056011aef,en,whitehall,2014-11-21T13:38:00.000Z,2022-04-05T23:15:16.000Z,,,7,"Money,Business tax,Construction Industry Scheme (CIS),Contractors,GOV.UK homepage",HM Revenue & Customs,HM Revenue & Customs,2010 to 2015 Conservative and Liberal Democrat coalition government,,,
https://www.gov.uk/guidance/work-out-your-overlap-relief-figure,Work out your overlap relief figure,detailed_guide,3136ec7e-5b1b-432a-a7c4-4e11eb533c6b,en,whitehall,2024-12-06T09:47:38.000Z,2024-12-06T09:47:38.000Z,,,7,"Money,GOV.UK homepage,Self Assessment,Personal tax",HM Revenue & Customs,HM Revenue & Customs,2024 Starmer Labour government,,,
https://www.gov.uk/guidance/construction-services-and-zero-rated-relief-vat-information-sheet-0717,Construction services and zero-rated relief (VAT information sheet 07/17),detailed_guide,e38576bb-7280-42d4-a710-3cb723785ccd,en,whitehall,2017-12-02T00:00:00.000Z,2017-12-02T00:00:00.000Z,,,7,"Money,Business tax,VAT,Rules for particular trades,GOV.UK homepage",HM Revenue & Customs,HM Revenue & Customs,2016 to 2019 May Conservative government,,,
https://www.gov.uk/guidance/vat-on-antiques-or-art-from-historic-houses-notice-70112,Antiques or art from historic houses (VAT Notice 701/12),detailed_guide,fef5da6a-fd47-4fb9-b2a8-3e23e1757353,en,whitehall,2018-05-14T09:16:00.000Z,2018-05-14T09:16:00.000Z,,,7,"Accounting for VAT,GOV.UK homepage,Money,VAT,Rules for particular trades,Business tax",HM Revenue & Customs,HM Revenue & Customs,2016 to 2019 May Conservative government,,,
https://www.gov.uk/guidance/vat-rules-for-food-processing-services-notice-70140,Food processing services (VAT Notice 701/40),detailed_guide,21cadafd-e971-4dfc-8128-5761845bab98,en,whitehall,2011-10-26T23:00:00.000Z,2011-10-26T23:00:00.000Z,,,7,"Charging VAT,Dealing with HMRC,GOV.UK homepage,VAT,Accounting for VAT,Business tax,Money,Rules for particular trades,Tax agent and adviser guidance",HM Revenue & Customs,HM Revenue & Customs,2010 to 2015 Conservative and Liberal Democrat coalition government,,,
https://www.gov.uk/guidance/get-an-individual-guarantee-to-cover-customs-debts,Get an individual guarantee to cover customs debts,detailed_guide,98759136-4eac-4190-a556-143f776c41ac,en,whitehall,2019-03-01T00:00:00.000Z,2024-09-03T12:22:26.000Z,,,7,"Business tax,VAT,Get goods through customs,Money,Importing,Importing goods and services,Business and industry,GOV.UK homepage,Customs declarations, duties and tariffs (import and export),Trade and investment",HM Revenue & Customs,HM Revenue & Customs,2016 to 2019 May Conservative government,,,
https://www.gov.uk/guidance/if-you-apply-an-exempt-process-to-aggregate,If you apply an exempt process to aggregate,detailed_guide,63511e79-6b2c-40c7-b01b-f85c06910c8d,en,whitehall,2020-10-09T14:32:00.000Z,2020-10-09T14:32:00.000Z,,,7,"GOV.UK homepage,Money,Aggregates Levy,Environment,Business tax",HM Revenue & Customs,HM Revenue & Customs,2019 to 2022 Johnson Conservative government,,,
https://www.gov.uk/guidance/government-debt-management-function-gdmf,Government Debt Management Function,detailed_guide,3d6f7bc3-dfee-468b-8322-d22996908033,en,whitehall,2021-04-07T23:00:00.000Z,2024-03-11T10:24:27.000Z,,,7,"Money,Government,GOV.UK homepage",Government Debt Management Function,"Government Debt Management Function,HM Treasury",2019 to 2022 Johnson Conservative government,,,
https://www.gov.uk/expenses-benefits-scholarship-family-employee,Expenses and benefits: scholarship for an employee's family member,guide,866492a9-2ae7-45a8-bc07-2b6b931386a6,en,publisher,2012-09-13T12:56:33.000Z,2016-04-05T23:01:23.796Z,,,7,"Running a business,Payroll,Business tax,GOV.UK homepage,Business and industry,Money,Employing people",Government Digital Service,HM Revenue & Customs,,,,
https://www.gov.uk/guidance/appendix-a-table-of-reporting-requirements-490-employee-travel,Appendix A – table of reporting requirements (490: Employee travel),detailed_guide,fdc949b3-b4f7-4bda-aa25-fc528fbbd229,en,whitehall,2014-03-28T00:00:00.000Z,2014-03-28T00:00:00.000Z,,,7,"Business tax,PAYE,GOV.UK homepage,Money",HM Revenue & Customs,HM Revenue & Customs,2010 to 2015 Conservative and Liberal Democrat coalition government,,,
https://www.gov.uk/guidance/retail-export-scheme-northern-ireland,Retail Export Scheme (Northern Ireland),detailed_guide,c20f407e-5761-4c17-9bff-3d70544bd9dc,en,whitehall,2020-12-31T23:01:00.000Z,2021-08-20T14:41:29.000Z,,,7,"Exporting goods and services,GOV.UK homepage,Accounting for VAT,VAT,Business tax,Money",HM Revenue & Customs,HM Revenue & Customs,2019 to 2022 Johnson Conservative government,,,
https://www.gov.uk/guidance/report-excise-duty-on-gas-for-use-as-fuel-in-a-road-vehicle-ce930a,Report excise duty on gas for use as fuel in a road vehicle (C&E930A),detailed_guide,5287571d-e173-48ea-95e4-a5d986fcb5a7,en,whitehall,2018-03-01T13:24:00.000Z,2018-03-01T13:24:00.000Z,,,7,"Business tax,Fuel Duty,Money,GOV.UK homepage",HM Revenue & Customs,HM Revenue & Customs,2016 to 2019 May Conservative government,,,
https://www.gov.uk/guidance/check-if-you-need-to-register-for-digital-services-tax,Check if you need to register for Digital Services Tax,detailed_guide,89ab890f-055e-4bc4-be87-19238123d8d8,en,whitehall,2020-03-31T23:00:00.000Z,2020-03-31T23:00:00.000Z,,,7,"GOV.UK homepage,Tax agent and adviser guidance,Dealing with HMRC,Money,Business tax,Digital Services Tax",HM Revenue & Customs,HM Revenue & Customs,2019 to 2022 Johnson Conservative government,,,
https://www.gov.uk/guidance/charging-vat-when-goods-are-sold-if-youre-an-online-marketplace-operator,Charging VAT when goods are sold if you're an online marketplace operator,detailed_guide,b6740feb-81cf-4a4d-aae2-bd12b7b6cef7,en,whitehall,2023-03-08T00:00:00.000Z,2025-06-20T13:41:16.000Z,,,7,"Overseas businesses and UK VAT,GOV.UK homepage,Customs declarations, duties and tariffs (import and export),Business tax,Importing goods and services,VAT,Money,Business and industry,Dealing with HMRC,Paying HMRC,Importing,Trade and investment",HM Revenue & Customs,HM Revenue & Customs,2022 to 2024 Sunak Conservative government,,,
https://www.gov.uk/guidance/northern-ireland-corporate-tax-office-nircto,Northern Ireland Corporate Tax Office (NIrCTO),detailed_guide,042aecc3-a293-430b-8143-2829a3b64f5c,en,whitehall,2011-11-28T00:00:00.000Z,2025-01-10T15:04:28.000Z,,,6,"Research and development,GOV.UK homepage,Business and industry,Business tax,Money,Science and innovation",HM Revenue & Customs,HM Revenue & Customs,2010 to 2015 Conservative and Liberal Democrat coalition government,,,
https://www.gov.uk/guidance/operations-you-can-carry-out-on-alcohol-in-an-excise-warehouse,Operations you can carry out on alcohol in an excise warehouse,detailed_guide,23a4b0b1-8493-4dea-8fec-818a358845aa,en,whitehall,2014-09-22T23:00:00.000Z,2025-11-18T12:33:33.000Z,,,6,"Business tax,Importing,Business and industry,Trade and investment,Money,Exporting,GOV.UK homepage",HM Revenue & Customs,HM Revenue & Customs,2010 to 2015 Conservative and Liberal Democrat coalition government,,,
https://www.gov.uk/guidance/aggregates-levy-returns-records-and-appeals,Keeping records for Aggregates Levy,detailed_guide,92ecd3f9-3515-40ca-9ad8-439fceaded81,en,whitehall,2014-12-12T00:00:00.000Z,2025-04-17T14:23:53.000Z,,,6,"Tax agent and adviser guidance,Dealing with HMRC,Aggregates Levy,Money,GOV.UK homepage,Business tax",HM Revenue & Customs,HM Revenue & Customs,2010 to 2015 Conservative and Liberal Democrat coalition government,,,
https://www.gov.uk/guidance/send-your-bingo-duty-return-online,Send your Bingo Duty return online,detailed_guide,f86199d0-3b90-429e-8670-0e8c728d801a,en,whitehall,2018-09-09T23:00:00.000Z,2025-05-23T10:17:31.000Z,,,6,"Paying HMRC,Business tax,Dealing with HMRC,GOV.UK homepage,Gambling duties,Money",HM Revenue & Customs,HM Revenue & Customs,2016 to 2019 May Conservative government,,,
https://www.gov.uk/guidance/work-out-your-digital-services-tax,Work out your Digital Services Tax,detailed_guide,30b9cb90-bb1b-43f5-b46d-946749a9c6d2,en,whitehall,2020-03-31T23:00:00.000Z,2020-03-31T23:00:00.000Z,,,6,"Money,Dealing with HMRC,Business tax,Digital Services Tax,Tax agent and adviser guidance,GOV.UK homepage",HM Revenue & Customs,HM Revenue & Customs,2019 to 2022 Johnson Conservative government,,,
https://www.gov.uk/guidance/get-help-with-tax-as-a-growing-mid-sized-business,Get tax help to support your growing mid-sized business,detailed_guide,761b1947-b751-4b58-9efd-8892c79d779c,en,whitehall,2017-09-19T23:15:00.000Z,2017-09-19T23:15:00.000Z,,,6,"Money,GOV.UK homepage,Business tax,Large and mid-size business",HM Revenue & Customs,HM Revenue & Customs,2016 to 2019 May Conservative government,,,
https://www.gov.uk/guidance/climate-change-agreements-information-to-report-to-hmrc,Check when to report Climate Change Levy subsidies,detailed_guide,3257edfa-fe94-498b-9e05-9682d97c4155,en,whitehall,2016-10-18T23:00:00.000Z,2024-12-31T08:43:49.000Z,,,6,"Climate Change Levy,Business tax,Environment,Climate change and energy,Money,GOV.UK homepage",HM Revenue & Customs,HM Revenue & Customs,2016 to 2019 May Conservative government,,,
https://www.gov.uk/guidance/employment-related-securities-bulletin-46-october-2022,Employment Related Securities Bulletin 46 (October 2022),detailed_guide,30c156c3-26a1-473f-8d85-5fbbd6c59b61,en,whitehall,2022-10-14T14:00:10.000Z,2022-10-14T14:00:10.000Z,,,6,"Employment related securities,GOV.UK homepage,Business tax,Money",HM Revenue & Customs,HM Revenue & Customs,2022 Truss Conservative government,,,
https://www.gov.uk/guidance/register-as-a-bingo-promoter,Register as a bingo promoter,detailed_guide,9f801ce3-ec1c-4636-97dd-903d28d4bc70,en,whitehall,2018-12-10T00:00:00.000Z,2018-12-10T00:00:00.000Z,,,6,"Gambling duties,Bingo Duty,Money,Business tax,GOV.UK homepage",HM Revenue & Customs,HM Revenue & Customs,2016 to 2019 May Conservative government,,,
https://www.gov.uk/guidance/insurance-sector-partial-exemption-framework,Insurance sector partial exemption framework,detailed_guide,2aeed617-3a00-44bc-a08a-bb025fe80ecf,en,whitehall,2023-01-20T14:50:00.000Z,2023-02-13T14:19:52.000Z,,,6,"Business and industry,Rules for particular trades,GOV.UK homepage,Business tax,Insurance Premium Tax,Accounting for VAT,Money,VAT,VAT returns",HM Revenue & Customs,HM Revenue & Customs,2022 to 2024 Sunak Conservative government,,,
https://www.gov.uk/guidance/lifetime-isa-withdrawal-charge-reduced-to-20,Lifetime ISA withdrawal charge reduced to 20%,detailed_guide,213bb605-90bd-4670-881d-5721f098752b,en,whitehall,2020-05-01T11:42:00.000Z,2020-06-08T23:15:03.000Z,,,6,"GOV.UK homepage,Tax on savings and investments,Personal tax,Money",HM Revenue & Customs,HM Revenue & Customs,2019 to 2022 Johnson Conservative government,,,
https://www.gov.uk/guidance/send-your-lottery-duty-return-online,Send your Lottery Duty return online,detailed_guide,da53bf89-e0cd-476b-8487-a5c2c10cdcd9,en,whitehall,2018-09-09T23:00:00.000Z,2024-07-31T08:28:00.000Z,,,6,"Money,GOV.UK homepage,Lottery Duty,Gambling duties,Business tax",HM Revenue & Customs,HM Revenue & Customs,2016 to 2019 May Conservative government,,,
https://www.gov.uk/guidance/disclosure-of-vat-avoidance-schemes-vat-notice-7008,Disclosure of VAT avoidance schemes (VAT Notice 700/8),detailed_guide,50114727-828a-42f4-b61e-6e6ddc480aed,en,whitehall,2013-10-30T00:00:00.000Z,2013-10-30T00:00:00.000Z,,,6,"Business and industry,Money,GOV.UK homepage,VAT,Dealing with HMRC,Tax avoidance,Disclosing avoidance schemes,Business tax",HM Revenue & Customs,HM Revenue & Customs,2010 to 2015 Conservative and Liberal Democrat coalition government,,,
https://www.gov.uk/guidance/follower-notices-and-accelerated-payments--2,Follower notices and accelerated payments,detailed_guide,d61ae762-8301-46a1-9b9b-d4ee150b0e41,en,whitehall,2016-12-09T16:44:00.000Z,2016-12-09T16:44:00.000Z,,,6,"GOV.UK homepage,Dealing with HMRC,Tax avoidance,Money",HM Revenue & Customs,HM Revenue & Customs,2016 to 2019 May Conservative government,,,
https://www.gov.uk/guidance/fiscal-and-administrative-representatives-for-air-passenger-duty,Appoint a representative if you’re an overseas plane operator (Notice 550),detailed_guide,6d330b46-7df5-40cd-8670-b98cda71fe88,en,whitehall,2018-01-29T10:30:00.000Z,2018-01-29T10:30:00.000Z,,,6,"GOV.UK homepage,Air passenger duty,Business tax,Money,Transport,Air Passenger Duty,Aviation",HM Revenue & Customs,HM Revenue & Customs,2016 to 2019 May Conservative government,,,
https://www.gov.uk/guidance/forms-to-disclose-tax-avoidance-schemes,Forms to disclose tax avoidance schemes,detailed_guide,5fe4034a-7631-11e4-a3cb-005056011aef,en,whitehall,2014-07-06T23:00:00.000Z,2022-07-08T11:12:46.000Z,,,6,"GOV.UK homepage,Dealing with HMRC,Money,Tax avoidance",HM Revenue & Customs,HM Revenue & Customs,2010 to 2015 Conservative and Liberal Democrat coalition government,,,
https://www.gov.uk/guidance/appeals-and-tribunals-an-overview-for-agents-and-advisers,Appeals and tribunals: an overview for agents and advisers,detailed_guide,859adde0-8740-4212-ba4f-3d76d5557b9e,en,whitehall,2014-01-01T00:00:00.000Z,2014-01-01T00:00:00.000Z,,,6,"Dealing with HMRC,Tax agent and adviser guidance,GOV.UK homepage,Money,Appeals and penalties",HM Revenue & Customs,HM Revenue & Customs,2010 to 2015 Conservative and Liberal Democrat coalition government,,,
https://www.gov.uk/guidance/employee-circumstances-that-affect-payment-of-statutory-neonatal-care-pay,Employee circumstances that affect payment of Statutory Neonatal Care Pay,detailed_guide,34b2b3ca-1df2-410c-80cf-43978a48f7a2,en,whitehall,2025-04-05T23:00:00.000Z,2025-07-07T09:45:56.000Z,,,6,"Business tax,GOV.UK homepage,PAYE,Money,Statutory pay and leave",HM Revenue & Customs,"HM Revenue & Customs,Department for Business and Trade",2024 Starmer Labour government,,,
https://www.gov.uk/guidance/apply-to-use-a-single-commodity-code-to-import-your-goods-under-split-consignments,Apply to use a single commodity code to import your goods under split consignments,detailed_guide,5f4ff56a-7631-11e4-a3cb-005056011aef,en,whitehall,2014-04-22T23:00:00.000Z,2025-10-01T12:23:59.000Z,,,6,"Customs declarations, duties and tariffs (import and export),Trade and investment,Business and industry,GOV.UK homepage,Money",HM Revenue & Customs,HM Revenue & Customs,2010 to 2015 Conservative and Liberal Democrat coalition government,,,
https://www.gov.uk/guidance/vat-grouping-structure-arrangements-used-by-care-providers-spotlight-70,VAT grouping structure arrangements used by care providers (Spotlight 70),detailed_guide,38a767e6-acfe-4230-ada5-5ea368e762c9,en,whitehall,2025-05-07T08:00:01.000Z,2025-05-07T08:00:01.000Z,,,6,"Dealing with HMRC,Tax evasion and avoidance,Tax avoidance,GOV.UK homepage,Money",HM Revenue & Customs,HM Revenue & Customs,2024 Starmer Labour government,,,
https://www.gov.uk/guidance/collective-investment-schemes-centre-contacts,How to contact the Collective Investment Schemes Centre,detailed_guide,60550ce7-7631-11e4-a3cb-005056011aef,en,whitehall,2014-06-09T23:00:00.000Z,2021-12-06T09:54:06.000Z,,,6,"Investment schemes,Business tax,Collective Investment Schemes,GOV.UK homepage,Money",HM Revenue & Customs,HM Revenue & Customs,2010 to 2015 Conservative and Liberal Democrat coalition government,,,
https://www.gov.uk/guidance/selling-unredeemed-pawns-if-you-use-a-vat-margin-scheme,Selling unredeemed pawns if you use a VAT margin scheme,detailed_guide,43269455-723d-4303-a33e-bacec532590e,en,whitehall,2021-12-23T13:28:00.000Z,2021-12-23T13:28:00.000Z,,,6,"Accounting for VAT,GOV.UK homepage,Charging VAT,VAT,Business tax,Money",HM Revenue & Customs,HM Revenue & Customs,2019 to 2022 Johnson Conservative government,,,
https://www.gov.uk/guidance/close-a-lifetime-isa-if-youre-a-lifetime-isa-manager,Close a Lifetime ISA if you're a Lifetime ISA manager,detailed_guide,0ee77d1f-ad50-479e-a02e-b6295dbdf857,en,whitehall,2020-03-12T13:36:00.000Z,2020-05-15T14:53:41.000Z,,,6,"Tax on savings,Money,GOV.UK homepage,Personal tax,Tax on savings and investments",HM Revenue & Customs,HM Revenue & Customs,2019 to 2022 Johnson Conservative government,,,
https://www.gov.uk/guidance/vat-online-marketplace-seller-checks,Check when online marketplaces must carry out VAT checks on overseas sellers,detailed_guide,e04a7a24-7602-4365-a3b3-cd983886c443,en,whitehall,2018-03-15T12:24:00.000Z,2020-12-31T23:00:38.000Z,,,6,"GOV.UK homepage,Trade and investment,Importing goods and services,Dealing with HMRC,VAT,Overseas businesses and UK VAT,Customs declarations, duties and tariffs (import and export),Paying HMRC,Business and industry,Importing,Money,Business tax",HM Revenue & Customs,HM Revenue & Customs,2016 to 2019 May Conservative government,,,
https://www.gov.uk/guidance/check-where-an-online-marketplace-seller-is-established,Check where an online marketplace seller is established,detailed_guide,8d7cfc3d-5dc9-4826-88ba-bf3d856a0780,en,whitehall,2025-06-19T23:00:00.000Z,2025-06-19T23:00:00.000Z,,,6,"Money,Importing goods and services,GOV.UK homepage,Business tax,VAT",HM Revenue & Customs,HM Revenue & Customs,2024 Starmer Labour government,,,
https://www.gov.uk/guidance/limited-liability-partnerships-arrangements-used-to-disguise-employment-income-spotlight-66,Limited Liability Partnerships arrangements used to disguise employment income (Spotlight 66),detailed_guide,27e803ab-3c38-40b9-a5af-b22aa7433ef3,en,whitehall,2024-10-23T10:36:15.000Z,2024-10-23T10:36:15.000Z,,,6,"GOV.UK homepage,Tax evasion and avoidance,Money,Dealing with HMRC,Tax avoidance",HM Revenue & Customs,HM Revenue & Customs,2024 Starmer Labour government,,,
https://www.gov.uk/guidance/check-which-records-to-keep-for-second-hand-vehicles-you-export-to-the-eu-for-resale,Check which records to keep for second-hand vehicles you export to the EU for resale,detailed_guide,57adb892-298a-4b19-8036-17c3e1ed5c47,en,whitehall,2023-01-25T00:00:00.000Z,2025-11-04T11:19:53.000Z,,,6,"Money,GOV.UK homepage,VAT,Business tax",HM Revenue & Customs,HM Revenue & Customs,2022 to 2024 Sunak Conservative government,,,
https://www.gov.uk/guidance/manually-calculate-statutory-neonatal-care-pay,Manually calculate Statutory Neonatal Care Pay,detailed_guide,c035a4dd-9601-492f-9e3b-e202b0ef37f8,en,whitehall,2025-04-05T23:00:00.000Z,2025-07-17T09:50:45.000Z,,,6,"Business tax,GOV.UK homepage,Business and industry,Statutory pay and leave,PAYE,Money",HM Revenue & Customs,"HM Revenue & Customs,Department for Business and Trade",2024 Starmer Labour government,,,
https://www.gov.uk/guidance/statutory-adoption-pay-employee-circumstances-that-affect-payment,Statutory Adoption Pay: employee circumstances that affect payment,detailed_guide,5f11c0b8-7631-11e4-a3cb-005056011aef,en,whitehall,2014-03-18T17:39:00.000Z,2020-04-27T08:27:53.000Z,,,6,"Business tax,GOV.UK homepage,PAYE,Money",HM Revenue & Customs,HM Revenue & Customs,2010 to 2015 Conservative and Liberal Democrat coalition government,,,
https://www.gov.uk/guidance/finish-setting-up-your-agent-services-account-if-you-are-overseas,Finish setting up your agent services account if you are overseas,detailed_guide,2460f96c-617d-4cdc-89d0-00d5859f3c54,en,whitehall,2019-02-12T08:30:00.000Z,2019-02-12T08:30:00.000Z,,,6,"GOV.UK homepage,Money,Dealing with HMRC,Tax agent and adviser guidance",HM Revenue & Customs,HM Revenue & Customs,2016 to 2019 May Conservative government,,,
https://www.gov.uk/guidance/request-authorisation-to-deal-with-someone-elses-tax-credits-if-you-are-a-registered-intermediary,Request authorisation to deal with someone else's tax credits if you are a registered intermediary,detailed_guide,1e663be8-97ad-4f04-a03a-89612bfdd2fc,en,whitehall,2026-02-02T13:28:48.000Z,2026-02-02T13:28:48.000Z,,,6,"Dealing with HMRC,Money,Tax agent and adviser guidance,Agent authorisation,GOV.UK homepage",HM Revenue & Customs,HM Revenue & Customs,2024 Starmer Labour government,,,
https://www.gov.uk/guidance/collecting-cryptoasset-user-and-transaction-data,Collecting cryptoasset user and transaction data,detailed_guide,a7385084-768e-47b6-9d3d-1809e6836645,en,whitehall,2025-05-13T23:00:00.000Z,2026-01-01T00:15:01.000Z,,,6,"GOV.UK homepage,Money,Dealing with HMRC,Tax compliance",HM Revenue & Customs,HM Revenue & Customs,2024 Starmer Labour government,,,
https://www.gov.uk/guidance/check-which-records-to-keep-for-second-hand-vehicles-you-move-to-northern-ireland-for-resale,Check which records to keep for second-hand vehicles you move to Northern Ireland for resale,detailed_guide,dc9dae00-52df-4f7c-84ca-270577a0492a,en,whitehall,2023-01-25T14:00:00.000Z,2023-04-30T23:15:02.000Z,,,6,"Business tax,VAT,Money,GOV.UK homepage",HM Revenue & Customs,HM Revenue & Customs,2022 to 2024 Sunak Conservative government,,,
https://www.gov.uk/guidance/submit-brand-information-for-verified-spirit-drinks,Submit brand information for verified spirit drinks,detailed_guide,37db92e8-eaf8-45c0-8ca5-5b852b497f84,en,whitehall,2020-11-27T00:00:00.000Z,2024-08-23T09:54:28.000Z,,,6,"GOV.UK homepage,Money,Business tax,Alcohol duty",HM Revenue & Customs,HM Revenue & Customs,2019 to 2022 Johnson Conservative government,,,
https://www.gov.uk/guidance/pension-administrators-check-your-members-annual-allowance,Check your pension scheme member's annual allowance,detailed_guide,07762393-3aab-4b17-8254-8902af5ee6f7,en,whitehall,2016-04-05T23:00:00.000Z,2025-04-05T23:30:07.000Z,,,6,"Administering a pension scheme,Pension scheme administration,Business tax,Money,GOV.UK homepage",HM Revenue & Customs,HM Revenue & Customs,2015 to 2016 Cameron Conservative government,,,
https://www.gov.uk/guidance/large-business-strategy,How HMRC consults with Large Businesses,detailed_guide,605511c2-7631-11e4-a3cb-005056011aef,en,whitehall,2014-09-09T23:00:00.000Z,2024-09-10T11:03:36.000Z,,,6,"Money,Business tax,Large and mid-size business,Large businesses,GOV.UK homepage",HM Revenue & Customs,HM Revenue & Customs,2010 to 2015 Conservative and Liberal Democrat coalition government,,,
https://www.gov.uk/guidance/agricultural-products-from-iceland-tariff-quota-notice-63,Agricultural products from Iceland (Tariff quota notice 63),detailed_guide,19d4cddd-0f79-4463-91f9-c84990bfc475,en,whitehall,2018-05-11T11:00:00.000Z,2018-05-11T11:00:00.000Z,,,,"UK Trade Tariff and classification of goods,Importing,GOV.UK homepage,Business tax,Money,Import controls,Customs declarations, duties and tariffs (import and export),Business and industry,Trade and investment",HM Revenue & Customs,HM Revenue & Customs,2016 to 2019 May Conservative government,,,
https://www.gov.uk/guidance/dvs-services-for-central-government,Services for central government,detailed_guide,fd852d39-0a23-4cdf-8e7f-d411611347a2,en,whitehall,2016-07-22T14:18:00.000Z,2018-07-26T14:53:46.000Z,,,,"Government efficiency, transparency and accountability,GOV.UK homepage,Money,Government",District Valuer Services,District Valuer Services,2016 to 2019 May Conservative government,,,
https://www.gov.uk/guidance/pay-vat-to-hmrc-after-cancelling-your-vat-registration,Pay VAT to HMRC after cancelling your VAT registration,detailed_guide,fe7d4286-4fcd-4c79-9253-897d56692cc4,en,whitehall,2025-09-17T23:00:00.000Z,2025-09-17T23:00:00.000Z,,,,"Paying,GOV.UK homepage,VAT,Business tax,Money",HM Revenue & Customs,HM Revenue & Customs,2024 Starmer Labour government,,,
https://www.gov.uk/guidance/oil-gas-and-mining-offshore-contractors,Oil and gas: offshore contractors,detailed_guide,6055a5a0-7631-11e4-a3cb-005056011aef,en,whitehall,2011-11-10T00:00:00.000Z,2021-01-14T15:20:45.000Z,,,,"GOV.UK homepage,Oil, gas and coal,Environment,Energy infrastructure,Money,Tax and profits,Oil and gas finance and taxation",HM Revenue & Customs,HM Revenue & Customs,2010 to 2015 Conservative and Liberal Democrat coalition government,,,
https://www.gov.uk/guidance/pension-trustees-record-keeping,Record keeping for pension trustees,detailed_guide,5fe9dc4c-7631-11e4-a3cb-005056011aef,en,whitehall,2014-09-16T12:01:00.000Z,2014-09-16T12:01:00.000Z,,,,"Business tax,Pension scheme administration,Pension scheme trustees,Money,GOV.UK homepage",HM Revenue & Customs,HM Revenue & Customs,2010 to 2015 Conservative and Liberal Democrat coalition government,,,
https://www.gov.uk/guidance/agricultural-products-from-chile-tariff-quota-notice-55,Agricultural products from Chile (Tariff quota notice 55),detailed_guide,36b2574b-4aec-46bb-a3e3-0814f2d173b6,en,whitehall,2018-05-15T11:00:00.000Z,2018-05-15T11:00:00.000Z,,,,"GOV.UK homepage,UK Trade Tariff and classification of goods,Business tax,Business and industry,Customs declarations, duties and tariffs (import and export),Import controls,Importing,Trade and investment,Money",HM Revenue & Customs,HM Revenue & Customs,2016 to 2019 May Conservative government,,,
https://www.gov.uk/guidance/employment-related-securities-bulletin-41-march-2022,Employment Related Securities Bulletin 41 (March 2022),detailed_guide,9e153e3d-a80f-4080-8eaa-f24319bbb137,en,whitehall,2022-03-21T13:33:56.000Z,2022-03-21T13:33:56.000Z,,,,"Employment related securities,Money,Business tax,GOV.UK homepage",HM Revenue & Customs,HM Revenue & Customs,2019 to 2022 Johnson Conservative government,,,
https://www.gov.uk/guidance/unauthorised-unit-trusts-tax-year-2013-to-2014,Unauthorised unit trusts: tax year 2013 to 2014,detailed_guide,60317d2f-7631-11e4-a3cb-005056011aef,en,whitehall,2014-10-29T00:00:00.000Z,2015-12-14T11:17:06.000Z,,,,"Investment schemes,Collective Investment Schemes,Business tax,Money,GOV.UK homepage",HM Revenue & Customs,HM Revenue & Customs,2010 to 2015 Conservative and Liberal Democrat coalition government,,,
https://www.gov.uk/guidance/junior-individual-savings-accounts-for-managers-jisas-terms-and-conditions,Junior Individual Savings Accounts (JISAs) for managers: terms and conditions,detailed_guide,cf3ea7aa-5a71-4443-9610-a583744a8ed6,en,whitehall,2016-04-05T23:00:00.000Z,2016-04-05T23:00:00.000Z,,,,"Personal tax,GOV.UK homepage,Money",HM Revenue & Customs,HM Revenue & Customs,2015 to 2016 Cameron Conservative government,,,
https://www.gov.uk/guidance/managing-a-lifetime-isa-when-an-investor-dies-or-is-terminally-ill,Managing a Lifetime ISA when an investor dies or is terminally ill,detailed_guide,09ec6b0c-1365-49c8-ab6b-081dbcaa7113,en,whitehall,2020-06-26T13:48:00.000Z,2020-06-26T13:48:00.000Z,,,,"Tax on savings,Money,Personal tax,Guidance for financial institutions,GOV.UK homepage,Tax on savings and investments",HM Revenue & Customs,HM Revenue & Customs,2019 to 2022 Johnson Conservative government,,,
https://www.gov.uk/guidance/employment-related-securities-bulletin-39-august-2021,Employment Related Securities Bulletin 39 (August 2021),detailed_guide,667734c6-c7e7-4cbc-9862-8554a25373aa,en,whitehall,2021-08-17T14:46:21.000Z,2021-08-17T14:46:21.000Z,,,,"Business tax,Employment related securities,GOV.UK homepage,Money",HM Revenue & Customs,HM Revenue & Customs,2019 to 2022 Johnson Conservative government,,,
https://www.gov.uk/guidance/cancel-your-registration-for-economic-crime-levy,Cancel your registration for Economic Crime Levy,detailed_guide,2323bc8b-9f48-4d0c-ae70-925efe6359ea,en,whitehall,2024-09-23T23:00:00.000Z,2024-09-23T23:00:00.000Z,,,,"GOV.UK homepage,Money,Money laundering regulations",HM Revenue & Customs,HM Revenue & Customs,2024 Starmer Labour government,,,
https://www.gov.uk/guidance/tax-relief-on-gifts-of-land-buildings-or-shares,"Tax relief on gifts of land, buildings or shares",detailed_guide,60302d0a-7631-11e4-a3cb-005056011aef,en,whitehall,2014-12-04T09:43:00.000Z,2014-12-04T09:43:00.000Z,,,,"Society and culture,Money,GOV.UK homepage,Personal tax reform,Sports and leisure,Charity money, tax and accounts,Business and industry,Community amateur sports clubs (CASCs),Charities and social enterprises,UK economy,Personal tax",HM Revenue & Customs,HM Revenue & Customs,2010 to 2015 Conservative and Liberal Democrat coalition government,,,
https://www.gov.uk/guidance/tax-avoidance-penalties-appeals-and-publishing-details-of-enablers,Identify tax avoidance enabler penalties and when to appeal,detailed_guide,73459087-08d2-4e7e-8163-b61cee0c7afb,en,whitehall,2018-04-30T14:18:00.000Z,2021-09-21T11:48:04.000Z,,,,"GOV.UK homepage,Dealing with HMRC,Tax avoidance,Tax agent and adviser guidance,Money",HM Revenue & Customs,HM Revenue & Customs,2016 to 2019 May Conservative government,,,
https://www.gov.uk/guidance/vat-moss-exchange-rates-for-2020,VAT MOSS exchange rates for 2020,detailed_guide,88931d5b-be35-43e2-8102-8ace184099dc,en,whitehall,2020-04-06T10:14:00.000Z,2021-01-01T15:48:13.000Z,,,,"Business tax,Money,Paying,VAT,VAT returns,GOV.UK homepage,VAT MOSS",HM Revenue & Customs,HM Revenue & Customs,2019 to 2022 Johnson Conservative government,,,
https://www.gov.uk/guidance/penalties-and-interest-for-beer-wine-and-cider-duty,"Penalties and interest for Beer, Wine and Cider Duty",detailed_guide,b05d6750-a0d6-41b1-a9df-4aaa8165d184,en,whitehall,2018-07-11T10:14:53.000Z,2018-07-11T10:14:53.000Z,,,,"Tax agent and adviser guidance,Business tax,Tax compliance,Running a business,Business auditing, accounting and reporting,Complaints and appeals,Non-payment and fraud,Business and industry,GOV.UK homepage,Disputes,Alcohol duty,Dealing with HMRC,Money",HM Revenue & Customs,HM Revenue & Customs,2016 to 2019 May Conservative government,,,
https://www.gov.uk/guidance/contractor-loan-schemes-misleading-advertising-spotlight-42,Contractor loan schemes: misleading advertising (Spotlight 42),detailed_guide,020bc77c-61b8-459d-88f8-e14bbf8812a8,en,whitehall,2018-02-14T00:15:00.000Z,2018-02-14T00:15:00.000Z,,,,"Tax avoidance,Dealing with HMRC,Money,GOV.UK homepage,Business tax",HM Revenue & Customs,HM Revenue & Customs,2016 to 2019 May Conservative government,,,
https://www.gov.uk/guidance/certificates-of-age-and-origin-for-the-spirit-drinks-verification-scheme,Certificates of age and origin for the Spirit Drinks Verification Scheme,detailed_guide,e2ca7c5a-243e-46af-bda6-25c80777cbcc,en,whitehall,2020-11-27T14:11:03.000Z,2020-11-27T14:11:03.000Z,,,,"Money,GOV.UK homepage,Alcohol duty,Business tax",HM Revenue & Customs,HM Revenue & Customs,2019 to 2022 Johnson Conservative government,,,
https://www.gov.uk/guidance/share-valuations-exchange-shares-for-employee-rights,Share and Assets Valuations for employee shareholder status,detailed_guide,60275639-7631-11e4-a3cb-005056011aef,en,whitehall,2014-03-04T00:00:00.000Z,2014-03-04T00:00:00.000Z,,,,"Shares and investments,Personal tax,GOV.UK homepage,Money,Capital Gains Tax,Business tax,Stamp duty on shares",HM Revenue & Customs,HM Revenue & Customs,2010 to 2015 Conservative and Liberal Democrat coalition government,,,
https://www.gov.uk/guidance/check-if-an-alcohol-wholesaler-in-the-isle-of-man-is-approved,Check if an alcohol wholesaler in the Isle of Man is approved,detailed_guide,68ab423d-9d42-43c6-8dc9-4d881e04e8f7,en,whitehall,2019-06-25T23:00:00.000Z,2025-07-31T12:57:11.000Z,,,,"Money,Alcohol duty,Business tax,GOV.UK homepage",HM Revenue & Customs,HM Revenue & Customs,2016 to 2019 May Conservative government,,,
https://www.gov.uk/guidance/chapter-3-local-government-pension-scheme-guidance,Chapter 3 local government pension scheme guidance,detailed_guide,62056d50-b1cb-44d2-a1a4-7200f4a303b3,en,whitehall,2023-10-04T23:00:00.000Z,2025-05-13T10:32:02.000Z,,,,"Tax on pensions,Administering a pension scheme,Pension scheme administration,Pension scheme trustees,Paying into a pension scheme,Business tax,GOV.UK homepage,Money",HM Revenue & Customs,HM Revenue & Customs,2022 to 2024 Sunak Conservative government,,,
https://www.gov.uk/guidance/check-if-youll-need-to-report-cryptoasset-data-to-hmrc,Check if you need to report cryptoasset data to HMRC,detailed_guide,7b7fede0-8849-46a8-9c5f-0af92d70fd5b,en,whitehall,2025-05-13T23:00:00.000Z,2026-01-01T00:15:01.000Z,,,,"GOV.UK homepage,Tax compliance,Money,Dealing with HMRC",HM Revenue & Customs,HM Revenue & Customs,2024 Starmer Labour government,,,
https://www.gov.uk/guidance/cancel-your-alcoholic-products-producer-approval-appa,Cancel your alcoholic products producer approval (APPA),detailed_guide,b6c589b3-837d-4cca-815f-5e3e70cea564,en,whitehall,2025-12-15T00:00:00.000Z,2026-01-21T13:21:15.000Z,,,,"GOV.UK homepage,Business tax,Money,Alcohol duty",HM Revenue & Customs,HM Revenue & Customs,2024 Starmer Labour government,,,
https://www.gov.uk/guidance/work-out-how-to-redeem-creative-industry-expenditure-credits,Work out how to redeem creative industry expenditure credits,detailed_guide,5b717373-750a-4005-b916-c27a20ddfcff,en,whitehall,2025-05-21T08:48:39.000Z,2025-05-21T08:48:39.000Z,,,,"Money,GOV.UK homepage,Business tax,Dealing with HMRC,Corporation Tax,Tax agent and adviser guidance,Reliefs",HM Revenue & Customs,HM Revenue & Customs,2024 Starmer Labour government,,,
https://www.gov.uk/guidance/capital-gains-tax-entrepreneurs-relief-tax-avoidance-scheme,Capital Gains Tax: Entrepreneurs’ Relief tax avoidance scheme (Spotlight 34),detailed_guide,3d384d51-0123-40ee-a30d-381dbad1e18e,en,whitehall,2016-09-14T14:31:00.000Z,2022-05-16T13:09:36.000Z,,,,"Dealing with HMRC,Money,Income Tax,GOV.UK homepage,Tax evasion and avoidance,Tax avoidance,Personal tax",HM Revenue & Customs,HM Revenue & Customs,2016 to 2019 May Conservative government,,,
https://www.gov.uk/guidance/register-for-digital-services-tax-and-change-your-details,Register for Digital Services Tax and change your details,detailed_guide,3dd2eb01-33b3-446c-a174-bd5a6b7d1263,en,whitehall,2020-03-31T23:00:00.000Z,2020-04-20T10:57:06.000Z,,,,"Digital Services Tax,Business tax,Money,GOV.UK homepage,Tax agent and adviser guidance,Dealing with HMRC",HM Revenue & Customs,HM Revenue & Customs,2019 to 2022 Johnson Conservative government,,,
https://www.gov.uk/guidance/register-to-report-a-cross-border-arrangement-mdr,Register to report a cross-border arrangement,detailed_guide,7f91d3b3-1424-42f9-b30e-c72cb621f810,en,whitehall,2023-03-27T23:00:00.000Z,2023-03-27T23:00:00.000Z,,,,"Money,International tax,Business tax,GOV.UK homepage",HM Revenue & Customs,HM Revenue & Customs,2022 to 2024 Sunak Conservative government,,,
https://www.gov.uk/guidance/paye-recognition-for-payroll-software-developers,PAYE recognition for payroll software developers,detailed_guide,8be947ca-a455-42b7-975b-98bafa4eeb63,en,whitehall,2024-03-12T00:00:00.000Z,2025-05-27T14:38:38.000Z,,,,"Money,Dealing with HMRC,PAYE,Software development for HMRC,GOV.UK homepage,Business tax",HM Revenue & Customs,HM Revenue & Customs,2022 to 2024 Sunak Conservative government,,,
https://www.gov.uk/guidance/alcohol-products-sell-duty-free-or-duty-paid,Selling duty-free or duty paid alcohol and tobacco products,detailed_guide,60570e00-7631-11e4-a3cb-005056011aef,en,whitehall,2009-11-09T00:00:00.000Z,2021-01-25T15:30:47.000Z,,,,"Money,Business tax,GOV.UK homepage,Alcohol duty",HM Revenue & Customs,HM Revenue & Customs,2007 to 2010 Brown Labour government,,,
https://www.gov.uk/guidance/employer-compliance-for-travel-expenses-490-chapter-11,Employer compliance for travel expenses (490: Chapter 11),detailed_guide,44233fcc-6f9b-402d-8218-14394c611030,en,whitehall,2014-03-28T00:00:00.000Z,2014-03-28T00:00:00.000Z,,,,"GOV.UK homepage,Money,PAYE,Business tax",HM Revenue & Customs,HM Revenue & Customs,2010 to 2015 Conservative and Liberal Democrat coalition government,,,
https://www.gov.uk/guidance/attempts-to-avoid-an-income-tax-charge-when-a-company-is-wound-up-spotlight-47,Attempts to avoid an Income Tax charge when a company is wound up (Spotlight 47),detailed_guide,472106de-36b6-485d-af44-f883bc1fa08c,en,whitehall,2019-02-04T00:00:00.000Z,2019-02-04T00:00:00.000Z,,,,"Dealing with HMRC,Tax compliance,GOV.UK homepage,Money,Tax avoidance",HM Revenue & Customs,HM Revenue & Customs,2016 to 2019 May Conservative government,,,
https://www.gov.uk/guidance/enveloped-uk-dwellings-and-related-finance,Enveloped UK dwellings and related finance,detailed_guide,6e0db194-cc26-4b86-8254-955e8d7618dc,en,whitehall,2018-02-02T15:27:00.000Z,2018-02-16T10:10:27.000Z,,,,"Business tax,Inheritance Tax,Dealing with HMRC,GOV.UK homepage,Personal tax,Money",HM Revenue & Customs,HM Revenue & Customs,2016 to 2019 May Conservative government,,,
https://www.gov.uk/guidance/employment-related-securities-bulletin-53-august-2023,Employment Related Securities Bulletin 53 (August 2023),detailed_guide,4e77a3b1-b047-49bd-b8cb-21ddcbb617d4,en,whitehall,2023-08-07T08:14:25.000Z,2023-08-07T08:14:25.000Z,,,,"SAYE bonus rates,GOV.UK homepage,Employment related securities,Business tax,Money",HM Revenue & Customs,HM Revenue & Customs,2022 to 2024 Sunak Conservative government,,,
https://www.gov.uk/guidance/employment-related-securities-bulletin-51-may-2023,Employment Related Securities Bulletin 51 (May 2023),detailed_guide,b9ae08b5-0315-44eb-8b6a-644f3454e101,en,whitehall,2023-05-26T15:24:30.000Z,2023-05-26T15:24:30.000Z,,,,"Money,GOV.UK homepage,Employment related securities,Business tax",HM Revenue & Customs,HM Revenue & Customs,2022 to 2024 Sunak Conservative government,,,
https://www.gov.uk/guidance/motor-and-heating-fuels-business-or-premise-registration,Registering your motor and heating fuels business and premises,detailed_guide,6057617b-7631-11e4-a3cb-005056011aef,en,whitehall,2009-11-09T00:00:00.000Z,2025-11-18T12:51:27.000Z,,,,"GOV.UK homepage,Business tax,Fuel Duty,Money",HM Revenue & Customs,HM Revenue & Customs,2007 to 2010 Brown Labour government,,,
https://www.gov.uk/guidance/oil-gas-and-mining-supplementary-charge,Oil and gas: supplementary charge,detailed_guide,60556b68-7631-11e4-a3cb-005056011aef,en,whitehall,2011-11-18T00:00:00.000Z,2015-07-20T13:58:50.000Z,,,,"Oil and gas finance and taxation,Energy infrastructure,Money,Oil, gas and coal,GOV.UK homepage,Tax and profits,Environment",HM Revenue & Customs,HM Revenue & Customs,2010 to 2015 Conservative and Liberal Democrat coalition government,,,
https://www.gov.uk/guidance/self-assessment-datasets,HMRC Datalab datasets: Self Assessment,detailed_guide,60291b04-7631-11e4-a3cb-005056011aef,en,whitehall,2014-11-14T15:34:00.000Z,2014-11-14T15:34:00.000Z,,,,"GOV.UK homepage,Personal tax,Money",HM Revenue & Customs,HM Revenue & Customs,2010 to 2015 Conservative and Liberal Democrat coalition government,,,
https://www.gov.uk/guidance/statutory-payments-and-compromise-agreements,Statutory Payments and Compromise Agreements,detailed_guide,5f1543b6-7631-11e4-a3cb-005056011aef,en,whitehall,2014-03-18T17:34:00.000Z,2014-03-18T17:34:00.000Z,,,,"Money,GOV.UK homepage,PAYE,Business tax",HM Revenue & Customs,HM Revenue & Customs,2010 to 2015 Conservative and Liberal Democrat coalition government,,,
https://www.gov.uk/guidance/soft-drinks-industry-levy-credit-for-lost-or-destroyed-drinks-notice-4,Soft Drinks Industry Levy credit for lost or destroyed drinks (notice 4),detailed_guide,8730d049-484b-4551-b810-508ecae88243,en,whitehall,2018-04-17T23:00:00.000Z,2018-04-17T23:00:00.000Z,,,,"GOV.UK homepage,Money,Business tax,Soft Drinks Industry Levy",HM Revenue & Customs,HM Revenue & Customs,2016 to 2019 May Conservative government,,,
https://www.gov.uk/guidance/disguised-remuneration-schemes-claiming-to-avoid-the-loan-charge-spotlight-49,Disguised remuneration: schemes claiming to avoid the loan charge (Spotlight 49),detailed_guide,d0ec7eb7-ed92-4f9c-a10b-a7bcb16ce7df,en,whitehall,2019-03-08T15:56:00.000Z,2019-03-08T15:56:00.000Z,,,,"Disguised remuneration schemes,Dealing with HMRC,GOV.UK homepage,Money,Tax avoidance",HM Revenue & Customs,HM Revenue & Customs,2016 to 2019 May Conservative government,,,
https://www.gov.uk/guidance/pay-overclaimed-research-and-development-rd-tax-relief,Pay overclaimed Research and Development (R&D) tax relief,detailed_guide,ba4d13b6-c57c-49ab-9a64-d7125b644df0,en,whitehall,2024-12-31T00:15:03.000Z,2024-12-31T00:15:03.000Z,,,,"Corporation Tax,Business tax,Reliefs,GOV.UK homepage,Business and industry,Money",HM Revenue & Customs,HM Revenue & Customs,2024 Starmer Labour government,,,
https://www.gov.uk/expenses-and-benefits-lost-time-payments,Expenses and benefits: lost-time payments,guide,ef8b8857-1390-40b3-8df2-de7f48e3a143,en,publisher,2012-09-13T12:54:05.000Z,2012-10-03T12:08:21.000Z,,,,"Payroll,Running a business,Expenses and employee benefits,Business and industry,Business tax,Money,GOV.UK homepage,Employing people",Government Digital Service,HM Revenue & Customs,,,,
https://www.gov.uk/guidance/claims-by-local-authorities-for-overpaid-vat-on-supplies-of-sporting-services-vat-information-sheet-0817,Claims by local authorities for overpaid VAT on supplies of sporting services (VAT information sheet 08/17),detailed_guide,9dcb82e2-5e2b-498e-be87-3724fed627d9,en,whitehall,2017-12-29T00:00:00.000Z,2017-12-29T00:00:00.000Z,,,,"Money,Charging VAT,Business tax,VAT,Accounting for VAT,GOV.UK homepage",HM Revenue & Customs,HM Revenue & Customs,2016 to 2019 May Conservative government,,,
https://www.gov.uk/guidance/disguised-remuneration-trusts-used-to-reduce-profits-and-disguise-income-spotlight-61,Disguised remuneration: remuneration trusts used to reduce profits and disguise income (Spotlight 61),detailed_guide,87ad0a1b-8ae4-4d43-a489-cccb93467ed7,en,whitehall,2022-12-22T13:13:00.000Z,2022-12-22T13:13:00.000Z,,,,"Money,GOV.UK homepage,Dealing with HMRC,Tax avoidance",HM Revenue & Customs,HM Revenue & Customs,2022 to 2024 Sunak Conservative government,,,
https://www.gov.uk/guidance/register-a-warehouse-for-the-soft-drinks-industry-levy,Register a warehouse for the Soft Drinks Industry Levy,detailed_guide,8ac2d750-172f-48d9-8f62-5d9080a12e91,en,whitehall,2018-04-03T14:42:00.000Z,2018-05-08T14:34:05.000Z,,,,"GOV.UK homepage,Business tax,Money,Soft Drinks Industry Levy",HM Revenue & Customs,HM Revenue & Customs,2016 to 2019 May Conservative government,,,
https://www.gov.uk/guidance/disguised-remuneration-tax-avoidance-by-owner-managed-companies-using-remuneration-trusts-spotlight-56,Disguised remuneration: tax avoidance by owner managed companies using remuneration trusts (Spotlight 56),detailed_guide,7b275b99-d790-47cc-9560-2ef50ba6f11f,en,whitehall,2020-09-01T14:34:53.000Z,2020-09-01T14:34:53.000Z,,,,"Tax avoidance,Money,GOV.UK homepage,Tax compliance,Dealing with HMRC",HM Revenue & Customs,HM Revenue & Customs,2019 to 2022 Johnson Conservative government,,,
https://www.gov.uk/guidance/expenses-for-employees-carrying-out-international-work-480-chapter-9,Expenses for employees carrying out international work (480: Chapter 9),detailed_guide,2136847d-e6e3-4ea7-9b60-e5d50e25395b,en,whitehall,2019-12-30T14:56:50.000Z,2019-12-30T14:56:50.000Z,,,,"Business tax,PAYE,Money,GOV.UK homepage",HM Revenue & Customs,HM Revenue & Customs,2019 to 2022 Johnson Conservative government,,,
https://www.gov.uk/guidance/employment-related-securities-bulletin-58-november-2024,Employment Related Securities Bulletin 58 (November 2024),detailed_guide,90083a5f-7017-4f92-b5e7-2a9c18810f34,en,whitehall,2024-11-26T15:55:22.000Z,2024-11-26T15:55:22.000Z,,,,"Employment related securities,Business tax,GOV.UK homepage,Money",HM Revenue & Customs,HM Revenue & Customs,2024 Starmer Labour government,,,
https://www.gov.uk/guidance/late-applications-for-distributing-fund-status,Late applications for distributing fund status,detailed_guide,60317fc3-7631-11e4-a3cb-005056011aef,en,whitehall,2010-01-13T00:00:00.000Z,2010-01-13T00:00:00.000Z,,,,"Business tax,Money,GOV.UK homepage,Investment schemes",HM Revenue & Customs,HM Revenue & Customs,2007 to 2010 Brown Labour government,,,
https://www.gov.uk/guidance/remuneration-trust-tax-avoidance-using-loans-or-fiduciary-receipts-spotlight-51,Remuneration trust: tax avoidance using loans or fiduciary receipts (Spotlight 51),detailed_guide,3c91276a-96dc-43a7-9de9-5447542db277,en,whitehall,2019-05-10T10:04:00.000Z,2019-05-10T10:04:00.000Z,,,,"Dealing with HMRC,GOV.UK homepage,Tax avoidance,Tax compliance,Money",HM Revenue & Customs,HM Revenue & Customs,2016 to 2019 May Conservative government,,,
https://www.gov.uk/guidance/employment-related-securities-bulletin-44-july-2022,Employment Related Securities Bulletin 44 (July 2022),detailed_guide,805765fc-8866-43a1-a59f-69fafd7d9fb9,en,whitehall,2022-07-14T08:33:30.000Z,2022-07-14T08:33:30.000Z,,,,"Employment related securities,GOV.UK homepage,Business tax,Money",HM Revenue & Customs,HM Revenue & Customs,2019 to 2022 Johnson Conservative government,,,
https://www.gov.uk/guidance/importation-of-goods-from-north-korea-cfsp-information-paper-1,Importation of goods from North Korea (CFSP information paper 1),detailed_guide,ff62ae8e-e426-44e8-a366-13c28b4205b9,en,whitehall,2017-06-19T23:00:00.000Z,2017-06-19T23:00:00.000Z,,,,"Customs Freight Simplified Procedures,Business tax,Trade and investment,Money,GOV.UK homepage,Business and industry,Customs declarations, duties and tariffs (import and export)",HM Revenue & Customs,HM Revenue & Customs,2016 to 2019 May Conservative government,,,
https://www.gov.uk/guidance/register-to-pay-fuel-duty,Register to pay Fuel Duty,detailed_guide,21a8d5aa-719d-4a3c-9501-30452ef01940,en,whitehall,2019-12-10T15:29:00.000Z,2021-03-02T12:00:16.000Z,,,,"Payments and reliefs (Fuel duty),Money,GOV.UK homepage,Fuel Duty,Business tax",HM Revenue & Customs,HM Revenue & Customs,2019 to 2022 Johnson Conservative government,,,
https://www.gov.uk/guidance/responsibilities-of-excise-warehousekeepers-owners-of-goods-and-duty-representatives,Responsibilities of excise warehousekeepers and owners of goods,detailed_guide,c26bfd04-d96e-4660-9b23-deeff9aaf32a,en,whitehall,2014-10-22T23:00:00.000Z,2025-03-03T12:41:12.000Z,,,,"Moving and storing goods,Importing,Money,Alcohol duty,Trade and investment,Fuel Duty,Business and industry,Tobacco Products Duty,GOV.UK homepage,Business tax",HM Revenue & Customs,HM Revenue & Customs,2010 to 2015 Conservative and Liberal Democrat coalition government,,,
https://www.gov.uk/guidance/payment-protection-insurance-additional-fully-reportable-countries-ppiafrc-return-2015-to-2016,Payment Protection Insurance: Additional Fully Reportable Countries (PPIAFRC) Return 2015 to 2016,detailed_guide,28a787d1-b0ef-46f5-a03e-60d6a235870a,en,whitehall,2015-10-30T00:00:00.000Z,2015-10-30T00:00:00.000Z,,,,"Dealing with HMRC,Money,GOV.UK homepage",HM Revenue & Customs,HM Revenue & Customs,2015 to 2016 Cameron Conservative government,,,
https://www.gov.uk/guidance/widening-access-training-scheme-refunds-for-nhs-trust-workers,Income Tax and National Insurance contributions for NHS WATS,detailed_guide,46c4f9c4-9242-4e8a-8572-125882bab0bc,en,whitehall,2016-12-19T14:56:00.000Z,2020-02-25T10:04:28.000Z,,,,"Personal tax,National Insurance,Income Tax,GOV.UK homepage,Expenses and benefits,Refunds,Business tax,Money,PAYE",HM Revenue & Customs,HM Revenue & Customs,2016 to 2019 May Conservative government,,,
https://www.gov.uk/guidance/taking-temporary-responsibility-for-plastic-packaging-tax-in-the-event-of-death-incapacity-or-insolvency,Taking temporary responsibility for Plastic Packaging Tax in the event of death or incapacity,detailed_guide,00e717aa-7d3a-4b87-9890-1e47e93b53cc,en,whitehall,2022-05-02T23:00:00.000Z,2023-12-20T10:40:23.000Z,,,,"Business tax,Money,GOV.UK homepage",HM Revenue & Customs,HM Revenue & Customs,2019 to 2022 Johnson Conservative government,,,
https://www.gov.uk/guidance/how-different-employment-types-affect-what-you-pay-in-statutory-parental-bereavement-pay,How different employment types affect what you pay in Statutory Parental Bereavement Pay,detailed_guide,388f8e77-13aa-4350-9894-d89ed12d7c21,en,whitehall,2020-04-05T23:15:11.000Z,2020-04-05T23:15:11.000Z,,,,"Business tax,GOV.UK homepage,Statutory pay and leave,PAYE,Money",Department for Business and Trade,"Department for Business and Trade,HM Revenue & Customs,Department for Business, Energy & Industrial Strategy",2019 to 2022 Johnson Conservative government,,,
https://www.gov.uk/guidance/stamp-duty-land-tax-avoidance-misleading-advertising-spotlight-43,Stamp Duty Land Tax avoidance: misleading advertising (Spotlight 43),detailed_guide,7a4c42b2-c773-4df8-9c1b-333f7c78cd30,en,whitehall,2018-03-21T09:00:00.000Z,2018-03-21T09:00:00.000Z,,,,"Dealing with HMRC,GOV.UK homepage,Money,Business tax,Tax avoidance",HM Revenue & Customs,HM Revenue & Customs,2016 to 2019 May Conservative government,,,
https://www.gov.uk/guidance/arweiniad-ar-dreth-incwm-yn-gymraeg,Arweiniad ar Dreth Incwm yn Gymraeg,detailed_guide,fc047b7b-b240-4ffd-9d46-7957731dd12a,en,whitehall,2018-05-16T11:02:21.000Z,2018-05-16T11:02:21.000Z,,,,"Income Tax,Personal tax,GOV.UK homepage,Money",HM Revenue & Customs,HM Revenue & Customs,2016 to 2019 May Conservative government,,,
https://www.gov.uk/guidance/employment-related-securities-bulletin-59-march-2025,Employment Related Securities Bulletin 59 (March 2025),detailed_guide,ab65a676-16c4-46ed-a60c-25f45c1ddf2a,en,whitehall,2025-03-27T00:00:00.000Z,2025-03-27T00:00:00.000Z,,,,"Money,GOV.UK homepage,Business tax,Employment related securities",HM Revenue & Customs,HM Revenue & Customs,2024 Starmer Labour government,,,
https://www.gov.uk/guidance/overseas-pensions-tax-relief-for-employers,Overseas pensions: tax relief for employers,detailed_guide,5a5fcc3a-983d-4614-811c-f637e303a0ae,en,whitehall,2016-12-05T10:59:44.000Z,2016-12-05T10:59:44.000Z,,,,"Money,Pension scheme administration,GOV.UK homepage,Business tax",HM Revenue & Customs,HM Revenue & Customs,2016 to 2019 May Conservative government,,,
https://www.gov.uk/guidance/vat-notices-for-transactions-on-or-before-31-december-2020,VAT notices for transactions on or before 31 December 2020,detailed_guide,e43977ca-b226-4151-8f51-3c1ad123af29,en,whitehall,2021-02-19T10:09:00.000Z,2021-02-19T14:04:45.000Z,,,,"VAT,Business tax,Money,GOV.UK homepage",HM Revenue & Customs,HM Revenue & Customs,2019 to 2022 Johnson Conservative government,,,
https://www.gov.uk/guidance/stamp-duty-land-transfers-before-december-2003,Stamp Duty on land transfers before December 2003,detailed_guide,37ce5599-a511-4dee-a075-464f6e81117b,en,whitehall,2013-07-25T23:00:00.000Z,2021-04-30T08:39:23.000Z,,,,"Business tax,Stamp Duty before December 2003,GOV.UK homepage,Money,Stamp duty and other tax on property",HM Revenue & Customs,HM Revenue & Customs,2010 to 2015 Conservative and Liberal Democrat coalition government,,,
https://www.gov.uk/guidance/chapter-1-pension-schemes-scheme-administrators-guidance,Chapter 1 pension schemes —  scheme administrators' guidance,detailed_guide,c5c473c7-c86e-4078-9106-882003c8765c,en,whitehall,2023-10-04T23:00:00.000Z,2023-10-04T23:00:00.000Z,,,,"Tax on pensions,Pension scheme trustees,Paying into a pension scheme,GOV.UK homepage,Administering a pension scheme,Pension scheme administration,Money,Business tax",HM Revenue & Customs,HM Revenue & Customs,2022 to 2024 Sunak Conservative government,,,
https://www.gov.uk/guidance/ask-for-a-review-or-appeal-against-a-trust-penalty-charge,Ask for a review or appeal against a trust penalty charge,detailed_guide,e445bd45-16cc-44c6-af53-13a33f352eba,en,whitehall,2023-01-20T00:00:00.000Z,2025-08-15T08:32:57.000Z,,,,"GOV.UK homepage,Money,Trusts,Personal tax",HM Revenue & Customs,HM Revenue & Customs,2022 to 2024 Sunak Conservative government,,,
https://www.gov.uk/guidance/overseas-pensions-stop-being-a-qrops,Overseas pensions: stop being a QROPS,detailed_guide,da341504-6cb1-4995-af04-4664b95a6a69,en,whitehall,2016-12-05T00:00:00.000Z,2025-04-05T23:15:20.000Z,,,,"GOV.UK homepage,Pension scheme administration,Money,Business tax",HM Revenue & Customs,HM Revenue & Customs,2016 to 2019 May Conservative government,,,
https://www.gov.uk/guidance/disguised-remuneration-tax-avoidance-using-capital-advances-joint-and-mutual-share-ownership-agreements-spotlight-53,"Disguised remuneration: tax avoidance using capital advances, joint and mutual share ownership agreements (Spotlight 53)",detailed_guide,99b62db2-c320-463f-ae56-0acf713b7010,en,whitehall,2019-07-22T12:52:38.000Z,2019-07-22T12:52:38.000Z,,,,"Dealing with HMRC,GOV.UK homepage,Tax compliance,Money,Tax avoidance",HM Revenue & Customs,HM Revenue & Customs,2016 to 2019 May Conservative government,,,
https://www.gov.uk/guidance/ir35-enquiry-by-hm-revenue-and-customs,IR35 enquiry by HM Revenue and Customs,detailed_guide,602dc66d-7631-11e4-a3cb-005056011aef,en,whitehall,2014-06-14T09:25:00.000Z,2014-06-14T09:25:00.000Z,,,,"GOV.UK homepage,Business tax,IR35: working through an intermediary,Money",HM Revenue & Customs,HM Revenue & Customs,2010 to 2015 Conservative and Liberal Democrat coalition government,,,
https://www.gov.uk/guidance/how-an-employer-operates-a-national-insurance-only-scheme,How an employer operates a National Insurance only scheme,detailed_guide,601b0ed1-7631-11e4-a3cb-005056011aef,en,whitehall,2014-09-22T12:44:00.000Z,2014-09-22T12:44:00.000Z,,,,"PAYE,Business tax,Money,Special types of employee pay,GOV.UK homepage",HM Revenue & Customs,HM Revenue & Customs,2010 to 2015 Conservative and Liberal Democrat coalition government,,,
https://www.gov.uk/guidance/scholarships-480-chapter-18,Scholarships (480: Chapter 18),detailed_guide,506f4d70-68b9-4484-a726-7b067ecfb437,en,whitehall,2019-12-30T14:59:57.000Z,2019-12-30T14:59:57.000Z,,,,"Business tax,PAYE,Money,GOV.UK homepage",HM Revenue & Customs,HM Revenue & Customs,2019 to 2022 Johnson Conservative government,,,
https://www.gov.uk/guidance/make-a-reasonable-excuse-claim-for-a-late-enterprise-management-incentives-emi-notification,How to make a reasonable excuse claim for a late Enterprise Management Incentives notification,detailed_guide,6026fb55-7631-11e4-a3cb-005056011aef,en,whitehall,2014-03-30T23:00:00.000Z,2024-02-06T08:00:03.000Z,,,,"Money,Business tax,Employment related securities,GOV.UK homepage,Returns and notifications",HM Revenue & Customs,HM Revenue & Customs,2010 to 2015 Conservative and Liberal Democrat coalition government,,,
https://www.gov.uk/guidance/vat-moss-exchange-rates-for-2019,VAT MOSS exchange rates for 2019,detailed_guide,a1f7363f-a160-4b17-8706-35e7a3372993,en,whitehall,2019-04-01T23:00:00.000Z,2020-01-02T15:26:58.000Z,,,,"VAT returns,Paying,Money,VAT,VAT MOSS,Business tax,GOV.UK homepage",HM Revenue & Customs,HM Revenue & Customs,2016 to 2019 May Conservative government,,,
https://www.gov.uk/guidance/pay-duty-on-biofuels-or-gas-for-road-use,Pay duty on biofuels or road fuel gas,detailed_guide,1088f1d9-df79-4dbf-beca-636351ee7f41,en,whitehall,2018-09-25T23:00:00.000Z,2025-03-31T13:15:34.000Z,,,,"Dealing with HMRC,Business tax,Payments and reliefs (Fuel duty),Fuel Duty,Money,GOV.UK homepage,Paying HMRC",HM Revenue & Customs,HM Revenue & Customs,2016 to 2019 May Conservative government,,,
https://www.gov.uk/guidance/business-changes-that-affect-payment-of-statutory-parental-bereavement-pay,Business changes that affect payment of Statutory Parental Bereavement Pay,detailed_guide,5cd0f627-4547-4930-ba9b-4a80db123b32,en,whitehall,2020-04-05T23:15:00.000Z,2020-07-16T10:22:19.000Z,,,,"PAYE,Money,GOV.UK homepage,Business tax,Statutory pay and leave",Department for Business and Trade,"Department for Business and Trade,HM Revenue & Customs,Department for Business, Energy & Industrial Strategy",2019 to 2022 Johnson Conservative government,,,
https://www.gov.uk/guidance/employment-related-securities-bulletin-48-february-2023,Employment Related Securities Bulletin 48 (February 2023),detailed_guide,6ca74f17-5568-4350-8927-f952b0b10630,en,whitehall,2023-02-02T10:44:16.000Z,2023-02-02T10:44:16.000Z,,,,"Employment related securities,Business tax,GOV.UK homepage,Money",HM Revenue & Customs,HM Revenue & Customs,2022 to 2024 Sunak Conservative government,,,
https://www.gov.uk/guidance/send-your-landfill-tax-return-online,Send your Landfill Tax return online,detailed_guide,72a7de09-d0f1-4b2c-9dad-56e6e860de86,en,whitehall,2018-09-26T23:00:00.000Z,2024-08-22T07:26:14.000Z,,,,"Landfill Tax,GOV.UK homepage,Business tax,Money",HM Revenue & Customs,HM Revenue & Customs,2016 to 2019 May Conservative government,,,
https://www.gov.uk/guidance/filing-petroleum-revenue-tax-information-electronically,Filing Petroleum Revenue Tax information electronically,detailed_guide,eea0ec3a-67fb-483e-b50f-2568b176aa7f,en,whitehall,2013-01-01T01:01:00.000Z,2015-07-31T14:59:39.000Z,,,,"Oil, gas and coal,Tax and profits,Oil and gas finance and taxation,Money,Energy infrastructure,GOV.UK homepage,Environment",HM Revenue & Customs,HM Revenue & Customs,2010 to 2015 Conservative and Liberal Democrat coalition government,,,
https://www.gov.uk/guidance/paying-harvest-casuals-and-casual-beaters,Paying harvest casuals and casual beaters,detailed_guide,5f57bcb0-7631-11e4-a3cb-005056011aef,en,whitehall,2014-06-12T09:01:00.000Z,2015-05-18T11:16:07.000Z,,,,"PAYE,Business tax,Money,GOV.UK homepage,Employees joining, leaving or changing their circumstances",HM Revenue & Customs,HM Revenue & Customs,2010 to 2015 Conservative and Liberal Democrat coalition government,,,
https://www.gov.uk/guidance/apply-to-become-an-approved-lifetime-isa-manager,Apply to become an approved Lifetime ISA manager,detailed_guide,043f9e09-e79b-44dd-9aad-2f1e46edeed7,en,whitehall,2018-07-22T23:00:00.000Z,2024-05-21T07:58:47.000Z,,,,"Tax on savings and investments,Tax on savings,Personal tax,Money,GOV.UK homepage",HM Revenue & Customs,HM Revenue & Customs,2016 to 2019 May Conservative government,,,
https://www.gov.uk/guidance/claim-back-income-tax-on-a-pension-death-benefit-lump-sum-p53zdb,Claim back Income Tax on a pension death benefit lump sum P53Z(DB),detailed_guide,b744aec7-958a-4f92-8ba9-34bf69f58bc5,en,whitehall,2024-02-21T00:00:00.000Z,2025-05-01T11:59:25.000Z,,,,"Money,Overpayments and underpayments,Personal tax,GOV.UK homepage,Income Tax",HM Revenue & Customs,HM Revenue & Customs,2022 to 2024 Sunak Conservative government,,,
https://www.gov.uk/guidance/bringing-drinks-liable-for-the-soft-drinks-industry-levy-into-the-uk,Bringing drinks liable for the Soft Drinks Industry Levy into the UK,detailed_guide,27a485ad-6e40-4d26-8c2d-231a6f0571c9,en,whitehall,2018-04-03T14:42:00.000Z,2019-03-31T23:15:06.000Z,,,,"Money,GOV.UK homepage,Business tax,Soft Drinks Industry Levy",HM Revenue & Customs,HM Revenue & Customs,2016 to 2019 May Conservative government,,,
https://www.gov.uk/guidance/how-vat-will-apply-to-goods-moving-between-great-britain-and-northern-ireland,How VAT will apply to goods moving between Great Britain and Northern Ireland,detailed_guide,dfdc9981-ae52-47bb-ba47-1c077eee9ebd,en,whitehall,2020-12-10T14:51:44.000Z,2020-12-10T14:51:44.000Z,,,,"Government,Business tax,Brexit,Money,VAT,GOV.UK homepage",HM Revenue & Customs,HM Revenue & Customs,2019 to 2022 Johnson Conservative government,,,
https://www.gov.uk/guidance/submit-a-return-for-the-economic-crime-levy,Submit a return for the Economic Crime Levy,detailed_guide,556c423f-1f7e-4c7c-b3bf-703cf12792ce,en,whitehall,2023-07-03T23:00:00.000Z,2025-04-15T10:19:55.000Z,,,,"Money,GOV.UK homepage,Money laundering regulations",HM Revenue & Customs,HM Revenue & Customs,2022 to 2024 Sunak Conservative government,,,
https://www.gov.uk/guidance/taxation-of-beneficial-loan-arrangements-480-appendix-6,Taxation of beneficial loan arrangements (480: Appendix 6),detailed_guide,d46c8f29-2042-4cc7-b6bd-7ca97141fd10,en,whitehall,2019-12-30T15:04:00.000Z,2019-12-30T15:04:00.000Z,,,,"GOV.UK homepage,Business tax,Money,PAYE",HM Revenue & Customs,HM Revenue & Customs,2019 to 2022 Johnson Conservative government,,,
https://www.gov.uk/guidance/private-sector-pension-schemes-affected-by-the-public-service-pensions-remedy,Private sector pension schemes affected by the public service pensions remedy,detailed_guide,4cfbdf01-4db8-4375-b19a-d1a585f99846,en,whitehall,2023-10-04T23:00:00.000Z,2025-05-02T08:02:32.000Z,,,,"GOV.UK homepage,Pension scheme administration,Business tax,Money",HM Revenue & Customs,HM Revenue & Customs,2022 to 2024 Sunak Conservative government,,,
https://www.gov.uk/guidance/vat-and-import-duty-reducing-financial-guarantees,Apply to use Simplified Import VAT Accounting,detailed_guide,5f208dea-7631-11e4-a3cb-005056011aef,en,whitehall,2014-06-30T23:00:00.000Z,2025-02-06T10:25:11.000Z,,,,"GOV.UK homepage,Business tax,VAT,Money,Importing goods and services",HM Revenue & Customs,HM Revenue & Customs,2010 to 2015 Conservative and Liberal Democrat coalition government,,,
https://www.gov.uk/guidance/overseas-pensions-set-up-your-scheme-for-migrant-member-relief,Overseas pensions: set up your scheme for migrant member relief,detailed_guide,84856ff0-f539-4a6d-ac49-2418c18c57d2,en,whitehall,2016-12-05T00:00:00.000Z,2025-04-05T23:15:20.000Z,,,,"Business tax,Money,Pension scheme administration,GOV.UK homepage",HM Revenue & Customs,HM Revenue & Customs,2016 to 2019 May Conservative government,,,
https://www.gov.uk/guidance/how-to-register-and-send-exemption-election-reports-to-hmrc,How to register and send exemption election reports to HMRC,detailed_guide,fad42da0-c2af-4741-a70b-63df4ff3d352,en,whitehall,2020-02-24T12:29:00.000Z,2020-02-24T12:29:00.000Z,,,,"GOV.UK homepage,Money,Corporation Tax,Business tax",HM Revenue & Customs,HM Revenue & Customs,2019 to 2022 Johnson Conservative government,,,
https://www.gov.uk/guidance/register-a-group-of-companies-for-plastic-packaging-tax,Register a group of companies for Plastic Packaging Tax,detailed_guide,596017c4-bb83-490b-961a-e4d35bea232f,en,whitehall,2021-11-04T09:30:00.000Z,2023-07-05T14:27:23.000Z,,,,"Money,Business tax,GOV.UK homepage",HM Revenue & Customs,HM Revenue & Customs,2019 to 2022 Johnson Conservative government,,,
https://www.gov.uk/guidance/stamp-duty-reserve-tax-compliance-checks,Stamp Duty Reserve Tax: compliance checks,detailed_guide,b72c4d0c-2e6f-48f8-869a-2dc18659763a,en,whitehall,2012-01-23T00:00:00.000Z,2021-02-10T15:34:48.000Z,,,,"Stamp duty on shares,Business tax,GOV.UK homepage,Stamp tax on electronic shares,Money",HM Revenue & Customs,HM Revenue & Customs,2010 to 2015 Conservative and Liberal Democrat coalition government,,,
https://www.gov.uk/guidance/what-youll-be-asked-when-you-register-for-the-soft-drinks-industry-levy-notice-1,What you’ll be asked when you register for the Soft Drinks Industry Levy (notice 1),detailed_guide,8ac8b428-749f-46df-9795-a692acf91d4d,en,whitehall,2018-04-03T14:42:00.000Z,2018-04-03T14:42:00.000Z,,,,"Business tax,Soft Drinks Industry Levy,GOV.UK homepage,Money",HM Revenue & Customs,HM Revenue & Customs,2016 to 2019 May Conservative government,,,
https://www.gov.uk/guidance/check-for-signs-of-labour-fraud-in-construction,Check for signs of labour fraud in construction,detailed_guide,0bf74d77-47ac-4836-9315-e51984726372,en,whitehall,2022-12-01T00:00:00.000Z,2025-04-06T23:15:05.000Z,,,,"GOV.UK homepage,Money,Construction Industry Scheme (CIS),Business tax,Tax evasion and avoidance",HM Revenue & Customs,HM Revenue & Customs,2022 to 2024 Sunak Conservative government,,,
https://www.gov.uk/guidance/transitional-guidance-for-vat-specified-supplies,Transitional guidance for VAT specified supplies,detailed_guide,8b60b046-cda0-40c6-9615-709f3db45a9e,en,whitehall,2021-03-05T16:13:00.000Z,2021-03-05T16:13:00.000Z,,,,"VAT,Money,GOV.UK homepage,Paying HMRC,Business tax,Accounting for VAT,Charging VAT,Dealing with HMRC",HM Revenue & Customs,HM Revenue & Customs,2019 to 2022 Johnson Conservative government,,,
https://www.gov.uk/guidance/employment-related-securities-bulletin-47-january-2023,Employment Related Securities Bulletin 47 (January 2023),detailed_guide,10c5ba32-f0a2-48c2-abf7-fc97e8799e12,en,whitehall,2023-01-19T08:40:28.000Z,2023-01-19T08:40:28.000Z,,,,"Employment related securities,GOV.UK homepage,Money,Business tax",HM Revenue & Customs,HM Revenue & Customs,2022 to 2024 Sunak Conservative government,,,
https://www.gov.uk/guidance/employment-related-securities-bulletin-55-may-2024,Employment Related Securities Bulletin 55 (May 2024),detailed_guide,6c9763f8-937a-4eec-b281-fa652fa6614c,en,whitehall,2024-05-15T10:55:54.000Z,2024-05-15T10:55:54.000Z,,,,"Money,GOV.UK homepage,Business tax,Employment related securities",HM Revenue & Customs,HM Revenue & Customs,2022 to 2024 Sunak Conservative government,,,
https://www.gov.uk/guidance/late-registrations-for-employment-related-securities,Late registrations for employment related securities,detailed_guide,663ee98e-38ba-4000-afe4-7b1bbb42b4b6,en,whitehall,2024-10-09T23:00:00.000Z,2025-03-17T14:56:22.000Z,,,,"Employment related securities,Money,GOV.UK homepage,Business tax",HM Revenue & Customs,HM Revenue & Customs,2024 Starmer Labour government,,,
https://www.gov.uk/guidance/wet-line-contamination-best-practice-guidelines,Wet line contamination: best practice guidelines,detailed_guide,732b7af8-a93e-41ed-9f2a-2a37dcfdbd66,en,whitehall,2014-11-06T00:00:00.000Z,2025-11-18T12:30:03.000Z,,,,"Trade and investment,VAT,Customs declarations, duties and tariffs (import and export),GOV.UK homepage,Fuel Duty,Money,Business tax,Accounting for VAT,Business and industry",HM Revenue & Customs,HM Revenue & Customs,2010 to 2015 Conservative and Liberal Democrat coalition government,,,
https://www.gov.uk/guidance/joint-and-several-liability-notices-and-penalties-for-facilitating-tax-avoidance-or-tax-evasion,Joint and several liability notices and penalties for facilitating tax avoidance or tax evasion,detailed_guide,1c7d1b12-827c-4de5-a3bb-422649753fdb,en,whitehall,2021-10-07T10:07:59.000Z,2021-10-07T10:07:59.000Z,,,,"Tax compliance,GOV.UK homepage,Dealing with HMRC,Money,Tax avoidance",HM Revenue & Customs,HM Revenue & Customs,2019 to 2022 Johnson Conservative government,,,
https://www.gov.uk/guidance/apply-for-a-refund-or-waiver-from-the-disguised-remuneration-repayment-scheme-2020,Apply for a refund or waiver from the Disguised Remuneration Repayment Scheme 2020,detailed_guide,f7622df8-8a30-4d95-9a8c-0eda3eadfa53,en,whitehall,2020-07-22T15:17:00.000Z,2021-12-02T10:28:19.000Z,,,,"GOV.UK homepage,Money,Disguised remuneration schemes,Dealing with HMRC,Tax avoidance,Tax agent and adviser guidance",HM Revenue & Customs,HM Revenue & Customs,2019 to 2022 Johnson Conservative government,,,
https://www.gov.uk/guidance/soft-drinks-industry-levy-credit-for-exported-lost-or-destroyed-drinks-notice-4,Soft Drinks Industry Levy credit for exported drinks (notice 4),detailed_guide,39969641-031d-46ed-bb9e-07cba4870315,en,whitehall,2018-04-03T14:42:00.000Z,2020-12-31T23:00:11.000Z,,,,"GOV.UK homepage,Business tax,Soft Drinks Industry Levy,Money",HM Revenue & Customs,HM Revenue & Customs,2016 to 2019 May Conservative government,,,
https://www.gov.uk/guidance/manually-calculate-your-employees-statutory-parental-bereavement-pay,Manually calculate an employee's Statutory Parental Bereavement Pay,detailed_guide,ae5d6480-6151-4ed7-bc1c-9f831c515bdb,en,whitehall,2020-04-05T23:00:00.000Z,2025-04-05T23:15:05.000Z,,,,"GOV.UK homepage,PAYE,Money,Business tax",Department for Business and Trade,"Department for Business and Trade,HM Revenue & Customs",2019 to 2022 Johnson Conservative government,,,
https://www.gov.uk/guidance/receiving-interest-royalties-or-dividends-payments-from-the-eu,"Receiving interest, royalties or dividends payments from the EU",detailed_guide,da69fb2f-d2fc-4df8-bbd2-a65bfaef8631,en,whitehall,2021-01-05T13:32:00.000Z,2021-01-05T13:32:00.000Z,,,,"Business tax,Money,GOV.UK homepage,International tax,Government,Brexit",HM Revenue & Customs,HM Revenue & Customs,2019 to 2022 Johnson Conservative government,,,
https://www.gov.uk/guidance/large-business-the-high-risk-corporates-programme,Large business: The High Risk Corporates Programme,detailed_guide,60551172-7631-11e4-a3cb-005056011aef,en,whitehall,2012-02-15T00:00:00.000Z,2021-05-12T11:09:36.000Z,,,,"Money,GOV.UK homepage,Dealing with HMRC,Business tax,Tax compliance,Large and mid-size business,Large businesses,Disputes",HM Revenue & Customs,HM Revenue & Customs,2010 to 2015 Conservative and Liberal Democrat coalition government,,,
https://www.gov.uk/guidance/report-and-pay-air-passenger-duty-if-you-operate-flights-occasionally,Register if you fly passengers occasionally,detailed_guide,6c007e57-413e-43fe-91c6-b769cce4e92f,en,whitehall,2018-01-29T10:37:00.000Z,2018-01-29T10:37:00.000Z,,,,"GOV.UK homepage,Business tax,Dealing with HMRC,Aviation,Transport,Air Passenger Duty,Air passenger duty,Money",HM Revenue & Customs,HM Revenue & Customs,2016 to 2019 May Conservative government,,,
https://www.gov.uk/guidance/supplementary-pages-ct600i-supplementary-charge-in-respect-of-ring-fence-trades,Supplementary pages CT600I: supplementary charge in respect of ring fence trades,detailed_guide,8ccebce8-73b1-4e46-9d40-ce24ccc13f91,en,whitehall,2022-09-29T23:00:00.000Z,2024-01-02T12:44:49.000Z,,,,"Business and industry,Running a business,GOV.UK homepage,Business auditing, accounting and reporting,Corporation Tax,Money,Business tax",HM Revenue & Customs,HM Revenue & Customs,2022 Truss Conservative government,,,
https://www.gov.uk/guidance/report-fraud-and-corruption-to-apha,Report fraud and corruption to APHA,detailed_guide,2e5a8d00-50ec-4e02-843a-09704310dc33,en,whitehall,2025-03-27T13:44:13.000Z,2025-03-27T13:44:13.000Z,,,,"Non-payment and fraud,GOV.UK homepage,Money,Tax compliance,Business and industry,Business and the environment,Dealing with HMRC,Environment",Animal and Plant Health Agency,Animal and Plant Health Agency,2024 Starmer Labour government,,,
https://www.gov.uk/guidance/calculate-remote-gaming-duty-on-freeplays,Calculate Remote Gaming Duty on freeplays,detailed_guide,a159b986-03bb-4f8a-b55e-703c5ec71f52,en,whitehall,2017-08-30T11:00:08.000Z,2017-08-30T11:00:08.000Z,,,,"Money,GOV.UK homepage,Gambling duties,Business tax",HM Revenue & Customs,HM Revenue & Customs,2016 to 2019 May Conservative government,,,
https://www.gov.uk/guidance/overview-of-joint-and-several-liability-notices-for-the-taxation-of-coronavirus-covid-19-support-payments,Overview of joint and several liability notices for the taxation of coronavirus (COVID-19) support payments,detailed_guide,4f431297-24da-4867-88c3-66365727f5d4,en,whitehall,2021-11-09T12:18:32.000Z,2021-11-09T12:18:32.000Z,,,,"Tax avoidance,Work and financial support during COVID-19,Dealing with HMRC,GOV.UK homepage,Health and social care,COVID-19,Money",HM Revenue & Customs,HM Revenue & Customs,2019 to 2022 Johnson Conservative government,,,
https://www.gov.uk/guidance/pay-no-import-duty-or-vat-on-donated-medical-equipment,Pay no import duty or VAT on donated medical equipment,detailed_guide,93c5d4b5-7a8d-442a-96e9-36b611ba7e7e,en,whitehall,2020-06-17T14:37:00.000Z,2023-04-14T13:36:47.000Z,,,,"Customs declarations, duties and tariffs (import and export),Business tax,Money,Trade and investment,VAT,Importing goods and services,GOV.UK homepage,Business and industry",HM Revenue & Customs,HM Revenue & Customs,2019 to 2022 Johnson Conservative government,,,
https://www.gov.uk/guidance/cleansing-mixed-funds,Cleansing mixed funds,detailed_guide,5e07ad39-82c7-49cf-b433-bdbee8b2a3cc,en,whitehall,2018-01-31T14:33:00.000Z,2018-03-09T12:21:00.000Z,,,,"Personal tax,Capital Gains Tax,Business tax,Money,Income Tax,GOV.UK homepage",HM Revenue & Customs,HM Revenue & Customs,2016 to 2019 May Conservative government,,,
https://www.gov.uk/guidance/apply-for-approval-as-a-certified-trader-in-northern-ireland,Apply for approval as a certified trader in Northern Ireland,detailed_guide,bf03d4e9-0ffd-41d0-babc-0c32a8f4789c,en,whitehall,2023-02-12T00:00:00.000Z,2023-02-12T00:00:00.000Z,,,,"Tobacco Products Duty,Business tax,GOV.UK homepage,Fuel Duty,Alcohol duty,Money",HM Revenue & Customs,HM Revenue & Customs,2022 to 2024 Sunak Conservative government,,,
https://www.gov.uk/guidance/expenses-exemption-and-paye-settlement-agreements-490-chapter-10,Expenses exemption and PAYE Settlement Agreements (490: Chapter 10),detailed_guide,febeacbd-532f-40a8-8226-e8c722e2b00d,en,whitehall,2014-03-28T00:00:00.000Z,2014-03-28T00:00:00.000Z,,,,"GOV.UK homepage,Money,PAYE,Business tax",HM Revenue & Customs,HM Revenue & Customs,2010 to 2015 Conservative and Liberal Democrat coalition government,,,
https://www.gov.uk/guidance/revenue-and-customs-brief-4-2018-aligning-time-limits-for-vat-refund-schemes,Revenue and Customs Brief 4 (2018): aligning time limits for VAT refund schemes,detailed_guide,2cdd53f0-9005-496a-a967-a8779415f499,en,whitehall,2018-06-25T11:43:08.000Z,2018-06-25T11:43:08.000Z,,,,"GOV.UK homepage,Money,Business tax,VAT",HM Revenue & Customs,HM Revenue & Customs,2016 to 2019 May Conservative government,,,
https://www.gov.uk/guidance/employment-related-securities-and-arrangements-480-chapter-23,Employment related securities and arrangements (480: Chapter 23),detailed_guide,6221ad22-3250-4376-a2a5-f40a3b82219e,en,whitehall,2019-12-30T15:01:00.000Z,2019-12-30T15:01:00.000Z,,,,"Business tax,Money,PAYE,GOV.UK homepage",HM Revenue & Customs,HM Revenue & Customs,2019 to 2022 Johnson Conservative government,,,
https://www.gov.uk/guidance/landfill-tax-on-waste-disposed-of-at-unauthorised-sites,Landfill Tax on material disposed of at unauthorised sites,detailed_guide,8040c8e3-500f-48f3-8c46-4425d4bc84ca,en,whitehall,2018-08-16T08:28:00.000Z,2018-08-16T08:28:00.000Z,,,,"Money,Landfill Tax,Business tax,GOV.UK homepage",HM Revenue & Customs,HM Revenue & Customs,2016 to 2019 May Conservative government,,,
https://www.gov.uk/guidance/aggregates-levy-penalty-assessments-interest-and-appeals,"Aggregates Levy assessments, interest, penalties and appeals",detailed_guide,cef075a4-468d-4ef2-8043-3c46e9d2bdfa,en,whitehall,2017-02-09T00:00:00.000Z,2017-02-09T00:00:00.000Z,,,,"Business tax,Paying HMRC,Money,Aggregates Levy,Dealing with HMRC,GOV.UK homepage",HM Revenue & Customs,HM Revenue & Customs,2016 to 2019 May Conservative government,,,
https://www.gov.uk/guidance/disguised-remuneration-transitional-relief-on-investment-growth,Disguised remuneration: transitional relief on investment growth,detailed_guide,473e170b-e479-4766-9089-8e99be1c170f,en,whitehall,2016-08-31T11:17:00.000Z,2016-08-31T11:17:00.000Z,,,,"GOV.UK homepage,Money,Dealing with HMRC,Disguised remuneration schemes,Tax avoidance",HM Revenue & Customs,HM Revenue & Customs,2016 to 2019 May Conservative government,,,
https://www.gov.uk/guidance/end-of-year-procedures-to-be-followed-by-employer-and-employee-480-chapter-24,End of year procedures to be followed by employer and employee (480: Chapter 24),detailed_guide,98ecf758-7875-4cda-83ba-e36cf7a1bedd,en,whitehall,2019-12-30T15:01:23.000Z,2019-12-30T15:01:23.000Z,,,,"Money,Business tax,GOV.UK homepage,PAYE",HM Revenue & Customs,HM Revenue & Customs,2019 to 2022 Johnson Conservative government,,,
https://www.gov.uk/guidance/get-authority-to-use-another-traders-deferment-approval-number-in-northern-ireland,Get authority to use another trader's deferment approval number in Northern Ireland,detailed_guide,e9eded56-557e-4dbe-91ca-d002ee125b10,en,whitehall,2023-02-12T00:00:00.000Z,2023-02-12T00:00:00.000Z,,,,"Money,Tobacco Products Duty,Alcohol duty,Fuel Duty,GOV.UK homepage,Business tax",HM Revenue & Customs,HM Revenue & Customs,2022 to 2024 Sunak Conservative government,,,
https://www.gov.uk/guidance/vat-road-fuel-scale-charges-from-1-may-2023-to-30-april-2024,VAT road fuel scale charges from 1 May 2023 to 30 April 2024,detailed_guide,bdc107ad-4891-4cf3-99f6-81c0b7df5140,en,whitehall,2023-04-21T09:21:35.000Z,2023-04-21T09:21:35.000Z,,,,"Fuel Duty,Money,GOV.UK homepage,Business tax",HM Revenue & Customs,HM Revenue & Customs,2022 to 2024 Sunak Conservative government,,,
https://www.gov.uk/guidance/research-at-voa,Research at VOA,detailed_guide,95e3fa8b-abad-4456-8afb-7884fb31d892,en,whitehall,2016-05-19T08:44:28.000Z,2016-05-19T08:44:28.000Z,,,,"Housing, local and community,GOV.UK homepage,Money",Valuation Office Agency,Valuation Office Agency,2015 to 2016 Cameron Conservative government,,,
https://www.gov.uk/guidance/register-for-the-economic-crime-levy,Register for the Economic Crime Levy,detailed_guide,27582816-9daa-4b31-98b1-de8a824af159,en,whitehall,2023-05-24T23:00:00.000Z,2024-04-29T09:35:10.000Z,,,,"Money,GOV.UK homepage,Money laundering regulations",HM Revenue & Customs,HM Revenue & Customs,2022 to 2024 Sunak Conservative government,,,
https://www.gov.uk/guidance/submit-your-air-passenger-duty-returns-annually,Apply for permission to submit Air Passenger Duty Returns annually,detailed_guide,de1838b0-a50f-4efc-9ef6-d3f5671bdb7c,en,whitehall,2018-01-29T10:33:00.000Z,2018-01-29T10:33:00.000Z,,,,"Business tax,Aviation,Money,Air Passenger Duty,Transport,Air passenger duty,GOV.UK homepage",HM Revenue & Customs,HM Revenue & Customs,2016 to 2019 May Conservative government,,,
https://www.gov.uk/guidance/plan-a-sampling-method-for-air-passenger-duty,Plan a sampling method for Air Passenger Duty,detailed_guide,018ac1d9-e264-40cd-8cb6-bc94da723bff,en,whitehall,2018-01-29T10:26:00.000Z,2018-01-29T10:26:00.000Z,,,,"Air passenger duty,Aviation,Air Passenger Duty,Transport,Business tax,Money,GOV.UK homepage",HM Revenue & Customs,HM Revenue & Customs,2016 to 2019 May Conservative government,,,
https://www.gov.uk/guidance/preparing-for-spirit-drink-verification-scheme-visits,Preparing for Spirit Drink Verification Scheme visits,detailed_guide,ad9e5ef1-cb16-4e25-8dba-af789cee64c0,en,whitehall,2014-09-30T23:00:00.000Z,2025-09-01T13:40:03.000Z,,,,"Alcohol duty,Business tax,GOV.UK homepage,Money",HM Revenue & Customs,HM Revenue & Customs,2010 to 2015 Conservative and Liberal Democrat coalition government,,,
https://www.gov.uk/guidance/disclosure-of-tax-avoidance-schemes-tax-avoidance-using-offshore-trusts-spotlight-52,Disclosure of Tax Avoidance Schemes: tax avoidance using offshore trusts (Spotlight 52),detailed_guide,52f27511-34b0-4603-9468-77f2c0799d3a,en,whitehall,2019-05-15T15:03:00.000Z,2019-05-15T15:03:00.000Z,,,,"Tax avoidance,GOV.UK homepage,Dealing with HMRC,Money,Tax compliance",HM Revenue & Customs,HM Revenue & Customs,2016 to 2019 May Conservative government,,,
https://www.gov.uk/guidance/employment-related-securities-bulletin-57-october-2024,Employment Related Securities Bulletin 57 (October 2024),detailed_guide,6c78f5c5-de41-456f-8af2-2752f933b622,en,whitehall,2024-10-14T12:55:52.000Z,2024-10-14T12:55:52.000Z,,,,"Money,Employment related securities,GOV.UK homepage,Business tax",HM Revenue & Customs,HM Revenue & Customs,2024 Starmer Labour government,,,
https://www.gov.uk/guidance/deferral-of-vat-payments-due-to-coronavirus-covid-19,VAT deferred due to coronavirus (COVID-19),detailed_guide,50d46528-b988-4429-ad3c-f4ebbe05c787,en,whitehall,2020-03-26T16:05:00.000Z,2023-09-15T23:01:00.000Z,,,,"Support for businesses and self-employed people during COVID-19,Money,Paying,VAT,Funding and support for businesses during COVID-19,GOV.UK homepage,Dealing with HMRC,Managing your business during COVID-19,Health and social care,Paying HMRC,Business tax,Accounting for VAT,COVID-19",HM Revenue & Customs,HM Revenue & Customs,2019 to 2022 Johnson Conservative government,,,
https://www.gov.uk/guidance/cancel-or-make-changes-to-your-vat-one-stop-shop-scheme-registration,Cancel or make changes to your VAT One Stop Shop scheme registration,detailed_guide,9ae2745a-2edd-470d-bbbf-07eb49053389,en,whitehall,2024-08-19T12:19:41.000Z,2024-08-19T12:19:41.000Z,,,,"Money,Business tax,GOV.UK homepage,VAT",HM Revenue & Customs,HM Revenue & Customs,2024 Starmer Labour government,,,
https://www.gov.uk/guidance/apply-to-change-the-representative-member-of-a-vat-group,Apply to change the representative member of a VAT group,detailed_guide,570086a6-cbbc-4e26-8073-60ce791e5bf2,en,whitehall,2025-04-13T23:00:00.000Z,2025-04-13T23:00:00.000Z,,,,"GOV.UK homepage,Business tax,Money,VAT",HM Revenue & Customs,HM Revenue & Customs,2024 Starmer Labour government,,,
https://www.gov.uk/guidance/council-tax-notice-of-alteration,Council Tax notice of alteration,detailed_guide,a237107e-ecb0-4f04-95d0-71fcf76bd120,en,whitehall,2017-04-18T07:26:00.000Z,2017-04-18T07:26:00.000Z,,,,"Local government,Housing, local and community,GOV.UK homepage,Council Tax,Planning and building,Money,Regional and local government",Valuation Office Agency,Valuation Office Agency,2016 to 2019 May Conservative government,,,
https://www.gov.uk/guidance/the-role-of-the-adjudicator,The Role of the Adjudicator,detailed_guide,930916fb-e3f3-446d-8e4f-2393cc32e134,en,whitehall,2019-09-09T23:00:00.000Z,2024-11-28T15:49:40.000Z,,,,"Dealing with HMRC,Government efficiency, transparency and accountability,Money,GOV.UK homepage,Complaints and appeals,Government",The Adjudicator’s Office,"The Adjudicator’s Office,HM Revenue & Customs",2019 to 2022 Johnson Conservative government,,,
https://www.gov.uk/guidance/reporting-coronavirus-covid-19-grants-and-support-payments,Reporting COVID-19 grants and support payments,detailed_guide,98f40c4d-ff36-44ae-84b5-f4600d52d64c,en,whitehall,2021-08-06T13:03:00.000Z,2023-09-15T23:01:00.000Z,,,,"Business tax,Self-employment,GOV.UK homepage,Corporation Tax,Filing your return,Money,Work,Self Assessment,Preparing accounts for Corporation Tax,Working out your Corporation Tax",HM Revenue & Customs,HM Revenue & Customs,2019 to 2022 Johnson Conservative government,,,
https://www.gov.uk/guidance/vat-get-clearance-on-the-rules-for-complex-transactions,Request a VAT ruling for a complex cross-border transaction,detailed_guide,602063db-7631-11e4-a3cb-005056011aef,en,whitehall,2007-01-01T00:00:00.000Z,2017-06-13T12:00:17.000Z,,,,"Money,Charging VAT,GOV.UK homepage,VAT,Business tax",HM Revenue & Customs,HM Revenue & Customs,1997 to 2007 Blair Labour government,,,
https://www.gov.uk/guidance/chapter-3-local-government-pension-scheme-scheme-administrators-guidance, Chapter 3 local government pension scheme — scheme administrators' guidance ,detailed_guide,294da638-619d-499d-a78c-59cc94703ab4,en,whitehall,2023-10-04T23:00:00.000Z,2023-10-04T23:00:00.000Z,,,,"Pension scheme trustees,Paying into a pension scheme,Tax on pensions,Money,GOV.UK homepage,Business tax,Pension scheme administration,Administering a pension scheme",HM Revenue & Customs,HM Revenue & Customs,2022 to 2024 Sunak Conservative government,,,
https://www.gov.uk/guidance/vat-road-fuel-scale-charges-from-1-may-2019-to-30-april-2020,VAT road fuel scale charges from 1 May 2019 to 30 April 2020,detailed_guide,c8895dca-f1e3-499d-8759-13763202de5b,en,whitehall,2021-06-02T10:01:36.000Z,2021-06-02T10:01:36.000Z,,,,"Money,GOV.UK homepage,VAT,Business tax",HM Revenue & Customs,HM Revenue & Customs,2019 to 2022 Johnson Conservative government,,,
https://www.gov.uk/guidance/employment-related-securities-bulletin-38-march-2021,Employment Related Securities Bulletin 38 (March 2021),detailed_guide,275506a8-9b0a-4c7a-a89a-edbe458de0c1,en,whitehall,2021-03-10T20:30:47.000Z,2021-03-10T20:30:47.000Z,,,,"Employment related securities,Business tax,GOV.UK homepage,Money",HM Revenue & Customs,HM Revenue & Customs,2019 to 2022 Johnson Conservative government,,,
https://www.gov.uk/guidance/change-your-details-or-leave-the-spirit-drinks-verification-scheme,Change your details or leave the Spirit Drinks Verification Scheme,detailed_guide,8a37d323-081d-4346-953f-108558b64281,en,whitehall,2020-11-27T00:00:00.000Z,2025-09-01T13:40:37.000Z,,,,"Business tax,GOV.UK homepage,Alcohol duty,Money",HM Revenue & Customs,HM Revenue & Customs,2019 to 2022 Johnson Conservative government,,,
https://www.gov.uk/guidance/disguised-remuneration-job-board-avoidance-scheme-spotlight-37,Disguised remuneration: job board avoidance scheme (Spotlight 37),detailed_guide,36496fbf-8d34-45fc-bf8b-144d8a17061c,en,whitehall,2017-03-17T09:05:00.000Z,2017-03-17T09:05:00.000Z,,,,"GOV.UK homepage,Business tax,PAYE,Tax avoidance,Personal tax,Money,Dealing with HMRC,Income Tax",HM Revenue & Customs,HM Revenue & Customs,2016 to 2019 May Conservative government,,,
https://www.gov.uk/guidance/herbal-smoking-products,Herbal smoking products,detailed_guide,5e9d8802-7631-11e4-a3cb-005056011aef,en,whitehall,2013-10-24T23:30:00.000Z,2023-06-01T11:49:33.000Z,,,,"Money,Business tax,GOV.UK homepage",HM Revenue & Customs,HM Revenue & Customs,2010 to 2015 Conservative and Liberal Democrat coalition government,,,
https://www.gov.uk/guidance/register-for-road-fuel-gas-duty,Register to pay for road fuel gas duty,detailed_guide,b45931a3-1437-4a9e-9861-740bb8e48b08,en,whitehall,2019-07-01T14:09:00.000Z,2019-07-01T14:09:00.000Z,,,,"Money,Fuel Duty,Business tax,GOV.UK homepage",HM Revenue & Customs,HM Revenue & Customs,2016 to 2019 May Conservative government,,,
https://www.gov.uk/guidance/vat-road-fuel-scale-charges-from-1-may-2017-to-30-april-2018,VAT road fuel scale charges from 1 May 2017 to 30 April 2018,detailed_guide,7631fca7-e4b2-4655-9dfc-aea55c691627,en,whitehall,2021-06-02T10:01:15.000Z,2021-06-02T10:01:15.000Z,,,,"VAT,Business tax,GOV.UK homepage,Money",HM Revenue & Customs,HM Revenue & Customs,2019 to 2022 Johnson Conservative government,,,
https://www.gov.uk/guidance/apply-for-approval-to-be-a-tax-representative-in-northern-ireland,Apply for approval to be a tax representative in Northern Ireland,detailed_guide,9bfbcc05-e354-44ae-bf4a-fd3752719f99,en,whitehall,2023-02-10T18:21:27.000Z,2023-02-10T18:21:27.000Z,,,,"Fuel Duty,Alcohol duty,Money,GOV.UK homepage,Tobacco Products Duty,Business tax",HM Revenue & Customs,HM Revenue & Customs,2022 to 2024 Sunak Conservative government,,,
https://www.gov.uk/guidance/business-changes-that-affect-payment-of-statutory-neonatal-care-pay,Business changes that affect payment of Statutory Neonatal Care Pay,detailed_guide,16b114f1-a9be-4aac-9d59-c0a485e034a4,en,whitehall,2025-04-05T23:00:00.000Z,2025-06-17T13:42:47.000Z,,,,"Money,PAYE,GOV.UK homepage,Business tax,Statutory pay and leave",HM Revenue & Customs,"HM Revenue & Customs,Department for Business and Trade",2024 Starmer Labour government,,,
https://www.gov.uk/guidance/corporation-tax-check-if-you-must-amend-your-company-tax-return,Corporation Tax: check if you must amend your Company Tax Return,detailed_guide,acf34577-a120-402d-8f17-acde6e7e1bc2,en,whitehall,2017-11-17T00:00:00.000Z,2017-11-17T00:00:00.000Z,,,,"Money,Corporation Tax,Business tax,GOV.UK homepage",HM Revenue & Customs,HM Revenue & Customs,2016 to 2019 May Conservative government,,,
https://www.gov.uk/guidance/tax-avoidance-enablers-of-abusive-and-defeated-tax-arrangements,How legislation affects enablers of abusive and defeated tax arrangements,detailed_guide,df67af17-9594-467d-abf7-02b54050eff7,en,whitehall,2018-04-30T14:19:00.000Z,2018-04-30T14:19:00.000Z,,,,"GOV.UK homepage,Dealing with HMRC,Tax avoidance,Money,Tax agent and adviser guidance",HM Revenue & Customs,HM Revenue & Customs,2016 to 2019 May Conservative government,,,
https://www.gov.uk/guidance/pay-landfill-tax,Pay Landfill Tax,detailed_guide,166ff291-1272-4ad7-a68b-99048fee8d11,en,whitehall,2019-09-02T23:00:00.000Z,2025-03-31T13:37:11.000Z,,,,"Transport and environmental duties,Landfill Tax,Paying HMRC,Money,Business tax,Dealing with HMRC,Payments and reliefs (landfill tax),GOV.UK homepage",HM Revenue & Customs,HM Revenue & Customs,2019 to 2022 Johnson Conservative government,,,
https://www.gov.uk/guidance/supplementary-pages-ct600m-freeports,Supplementary pages CT600M: Freeports and Investment Zones,detailed_guide,a25c7f53-c938-48ef-8337-99e6fcdba895,en,whitehall,2022-09-29T23:00:00.000Z,2025-11-21T15:14:28.000Z,,,,"Business and industry,Business auditing, accounting and reporting,Corporation Tax,Business tax,GOV.UK homepage,Running a business,Money",HM Revenue & Customs,HM Revenue & Customs,2022 Truss Conservative government,,,
https://www.gov.uk/guidance/european-directive-on-the-taxation-of-savings,European Directive on the Taxation of Savings,detailed_guide,c3ddba44-dc7f-485d-9383-25b91c53c1a3,en,whitehall,2004-07-19T09:00:00.000Z,2004-07-19T09:00:00.000Z,,,,"Personal tax,GOV.UK homepage,Business tax,Money",HM Revenue & Customs,HM Revenue & Customs,1997 to 2007 Blair Labour government,,,
https://www.gov.uk/guidance/statutory-adoption-pay-how-different-employment-types-affect-what-you-pay,Statutory Adoption Pay: how different employment types affect what you pay,detailed_guide,5f11a9a9-7631-11e4-a3cb-005056011aef,en,whitehall,2014-03-18T17:39:00.000Z,2016-05-13T09:52:25.000Z,,,,"Money,GOV.UK homepage,Business tax,PAYE",HM Revenue & Customs,HM Revenue & Customs,2010 to 2015 Conservative and Liberal Democrat coalition government,,,
https://www.gov.uk/guidance/how-to-apply-for-the-raw-tobacco-approval-scheme,How to apply for the Raw Tobacco Approval Scheme,detailed_guide,c7557e19-e424-4a14-acfc-8aa466022c92,en,whitehall,2016-12-14T14:34:41.000Z,2016-12-14T14:34:41.000Z,,,,"GOV.UK homepage,Tobacco Products Duty,Business tax,Money",HM Revenue & Customs,HM Revenue & Customs,2016 to 2019 May Conservative government,,,
https://www.gov.uk/guidance/corporate-tax,Corporate tax,detailed_guide,a9d9319a-65a1-4d14-b093-a9cad0726f45,en,whitehall,2021-03-03T13:26:48.000Z,2021-03-03T13:26:48.000Z,,,,"Business tax,GOV.UK homepage,Money",HM Treasury,HM Treasury,2019 to 2022 Johnson Conservative government,,,
https://www.gov.uk/guidance/tell-hmrc-about-insolvency-for-climate-change-levy,Tell HMRC about insolvency for Climate Change Levy,detailed_guide,6ad6e7ee-e016-4b16-99cb-ed4a6b898dfb,en,whitehall,2024-08-08T12:14:03.000Z,2024-08-08T12:14:03.000Z,,,,"Money,Climate Change Levy,GOV.UK homepage,Business tax",HM Revenue & Customs,HM Revenue & Customs,2024 Starmer Labour government,,,
https://www.gov.uk/guidance/employment-related-securities-bulletin-43-june-2022,Employment Related Securities Bulletin 43 (June 2022),detailed_guide,31dd0409-4b25-4cf6-9e84-4514fc81274f,en,whitehall,2022-06-16T12:24:42.000Z,2022-06-16T12:24:42.000Z,,,,"Business tax,GOV.UK homepage,Employment related securities,Money",HM Revenue & Customs,HM Revenue & Customs,2019 to 2022 Johnson Conservative government,,,
https://www.gov.uk/guidance/completing-a-one-stop-shop-vat-return,Completing a One Stop Shop VAT Return,detailed_guide,4c8b53e9-c4ae-4351-a9cd-94f26d3b300b,en,whitehall,2021-09-20T13:50:00.000Z,2022-03-25T12:03:50.000Z,,,,"Money,Business tax,VAT returns,VAT,GOV.UK homepage",HM Revenue & Customs,HM Revenue & Customs,2019 to 2022 Johnson Conservative government,,,
https://www.gov.uk/guidance/employment-related-securities-bulletin-50-may-2023,Employment Related Securities Bulletin 50 (May 2023),detailed_guide,94807808-fcbc-453e-a02a-93a87e4aed78,en,whitehall,2023-05-11T10:00:00.000Z,2023-05-11T10:00:00.000Z,,,,"GOV.UK homepage,Money,Employment related securities,Business tax",HM Revenue & Customs,HM Revenue & Customs,2022 to 2024 Sunak Conservative government,,,
https://www.gov.uk/guidance/cancel-or-make-changes-to-your-vat-import-one-stop-shop-scheme-registration,Cancel or make changes to your VAT Import One Stop Shop Scheme registration,detailed_guide,9d8411ee-6500-45cc-905f-4f1e2636f420,en,whitehall,2024-02-19T11:35:55.000Z,2024-02-19T11:35:55.000Z,,,,"GOV.UK homepage,Money,Business tax,VAT",HM Revenue & Customs,HM Revenue & Customs,2022 to 2024 Sunak Conservative government,,,
https://www.gov.uk/guidance/how-benefits-of-chapter-1-members-are-affected-by-the-public-service-pension-remedy,How benefits of Chapter 1 members are affected by the public service pensions remedy,detailed_guide,6c9de369-8df1-4523-9596-7d20a13895d7,en,whitehall,2023-10-04T23:00:00.000Z,2023-10-04T23:00:00.000Z,,,,"Business tax,GOV.UK homepage,Tax on pensions,Money,Pension scheme administration,Pension scheme trustees,Paying into a pension scheme,Administering a pension scheme",HM Revenue & Customs,HM Revenue & Customs,2022 to 2024 Sunak Conservative government,,,
https://www.gov.uk/guidance/submit-accounting-period-information-for-a-reserved-investor-fund,Submit accounting period information for a Reserved Investor Fund,detailed_guide,2e8950d5-561e-4461-8ccf-a9fdd5a4edaf,en,whitehall,2025-08-29T11:30:09.000Z,2025-08-29T11:30:09.000Z,,,,"Business tax,GOV.UK homepage,Money,Investment schemes,Collective Investment Schemes",HM Revenue & Customs,HM Revenue & Customs,2024 Starmer Labour government,,,
https://www.gov.uk/guidance/gambling-tax-service-online-service-guide-for-general-betting-duty-pool-betting-duty-and-remote-gaming-duty,"Gambling Tax Service: online service guide for General Betting Duty, Pool Betting Duty and Remote Gaming Duty",detailed_guide,42b5afb4-1db9-4b65-b42e-9a1f21dfc4cd,en,whitehall,2015-03-17T00:00:00.000Z,2015-03-17T00:00:00.000Z,,,,"GOV.UK homepage,Gambling duties,Money,General Betting Duty, Pool Betting Duty and Remote Gaming Duty,Business tax",HM Revenue & Customs,HM Revenue & Customs,2010 to 2015 Conservative and Liberal Democrat coalition government,,,
https://www.gov.uk/guidance/secondary-liability-and-assessment-notices-and-joint-and-several-liability-notices-for-plastic-packaging-tax,Secondary liability and assessment notices and joint and several liability notices for Plastic Packaging Tax,detailed_guide,12b19b6e-880e-4092-b8f5-a6ad32eb2d24,en,whitehall,2022-10-19T12:16:55.000Z,2022-10-19T12:16:55.000Z,,,,"Business tax,Money,GOV.UK homepage",HM Revenue & Customs,HM Revenue & Customs,2022 Truss Conservative government,,,
https://www.gov.uk/guidance/appoint-someone-to-deal-with-vat-related-payments-using-the-second-hand-motor-vehicle-payment-scheme,Appoint someone to deal with VAT-related payments using the second-hand motor vehicle payment scheme,detailed_guide,061de5b5-0d81-4a64-8f94-332341c365da,en,whitehall,2023-05-22T09:00:02.000Z,2023-05-22T09:00:02.000Z,,,,"Business tax,Money,VAT,GOV.UK homepage",HM Revenue & Customs,HM Revenue & Customs,2022 to 2024 Sunak Conservative government,,,
https://www.gov.uk/guidance/employee-bonus-schemes-growth-securities-ownership-plan-gosp-tax-avoidance-and-similar-schemes-update-spotlight-59,Employee Bonus Schemes: Growth Securities Ownership Plan (GOSP) tax avoidance and similar schemes update (Spotlight 59),detailed_guide,50bc902d-0ad9-44e6-967c-dd93234c716e,en,whitehall,2022-03-24T10:30:06.000Z,2022-03-24T10:30:06.000Z,,,,"Dealing with HMRC,GOV.UK homepage,Paying HMRC,Money,Tax compliance,Business tax,Tax avoidance,Employment related securities,PAYE",HM Revenue & Customs,HM Revenue & Customs,2019 to 2022 Johnson Conservative government,,,
https://www.gov.uk/guidance/valuation-office-agency-placement-year-scheme,Valuation Office Agency: placement student programme 2020,detailed_guide,f34c51bd-ed88-438f-b5fc-d87fa28d01ba,en,whitehall,2016-11-18T13:41:00.000Z,2020-02-17T12:22:24.000Z,,,,"GOV.UK homepage,Housing, local and community,Money",Valuation Office Agency,Valuation Office Agency,2016 to 2019 May Conservative government,,,
https://www.gov.uk/guidance/elect-an-offshore-collective-investment-vehicle-for-tax-exemption-on-uk-capital-gains,Elect an offshore collective investment vehicle for tax exemption on UK capital gains,detailed_guide,b24d76e6-2743-4c8d-850d-693492589382,en,whitehall,2020-02-24T00:00:00.000Z,2020-03-13T10:58:01.000Z,,,,"Business tax,GOV.UK homepage,Corporation Tax,Money",HM Revenue & Customs,HM Revenue & Customs,2019 to 2022 Johnson Conservative government,,,
https://www.gov.uk/guidance/disguised-remuneration-tax-avoidance-by-selling-future-business-revenues-to-a-revenue-service-trust-spotlight-57,Disguised remuneration: tax avoidance by selling future business revenues to a revenue service trust (Spotlight 57),detailed_guide,05cff12b-55cb-4dc8-96f8-96c695231ec9,en,whitehall,2020-12-17T17:25:00.000Z,2022-05-26T11:51:53.000Z,,,,"Money,Dealing with HMRC,Tax avoidance,GOV.UK homepage",HM Revenue & Customs,HM Revenue & Customs,2019 to 2022 Johnson Conservative government,,,
https://www.gov.uk/guidance/permitted-ingredients-for-cider-duty,Permitted ingredients for Cider Duty,detailed_guide,dff0819f-d67a-4f8e-ad9e-00654baadda3,en,whitehall,2018-07-10T23:00:00.000Z,2025-11-18T12:46:47.000Z,,,,"Business tax,Alcohol duty,Money,GOV.UK homepage",HM Revenue & Customs,HM Revenue & Customs,2016 to 2019 May Conservative government,,,
https://www.gov.uk/guidance/income-trust-schemes-misleading-advertising-spotlight-40,Disguised remuneration trust schemes: misleading advertising (Spotlight 40),detailed_guide,14a2dac9-629a-4aa7-afdf-2a90c1942ada,en,whitehall,2017-09-12T23:15:00.000Z,2017-10-25T11:35:17.000Z,,,,"Money,Dealing with HMRC,Tax avoidance,GOV.UK homepage",HM Revenue & Customs,HM Revenue & Customs,2016 to 2019 May Conservative government,,,
https://www.gov.uk/guidance/submit-a-digital-services-tax-return,Submit a Digital Services Tax return,detailed_guide,6e18e47a-6eb4-4505-87fe-82b0439bb66a,en,whitehall,2020-03-31T23:00:00.000Z,2021-03-18T09:25:44.000Z,,,,"Dealing with HMRC,Business tax,GOV.UK homepage,Money,Tax agent and adviser guidance,Digital Services Tax",HM Revenue & Customs,HM Revenue & Customs,2019 to 2022 Johnson Conservative government,,,
https://www.gov.uk/guidance/automatic-exchange-of-information-guidance-for-charities,Automatic Exchange of Information: guidance for charities,detailed_guide,96cc825e-ded7-49ca-9114-f46677960274,en,whitehall,2016-06-03T08:22:00.000Z,2016-06-03T08:22:00.000Z,,,,"Tax evasion and avoidance,GOV.UK homepage,Money",HM Revenue & Customs,HM Revenue & Customs,2015 to 2016 Cameron Conservative government,,,
https://www.gov.uk/guidance/create-gift-aid-declarations-for-your-donors-as-an-intermediary,Create Gift Aid declarations for your donors as an intermediary,detailed_guide,7c4a10de-5eb4-4e7c-b605-9f7703c4558a,en,whitehall,2017-01-30T15:51:46.000Z,2017-01-30T15:51:46.000Z,,,,"Business and industry,Charity money, tax and accounts,Charities and social enterprises,GOV.UK homepage,Money",HM Revenue & Customs,HM Revenue & Customs,2016 to 2019 May Conservative government,,,
https://www.gov.uk/guidance/get-a-guarantor-for-your-customs-comprehensive-guarantee,Get a guarantor for your customs comprehensive guarantee,detailed_guide,cdcf1e87-1570-4764-aecc-09f38916d904,en,whitehall,2020-09-09T23:00:00.000Z,2020-12-02T16:32:33.000Z,,,,"VAT,Money,Importing goods and services,Customs declarations, duties and tariffs (import and export),GOV.UK homepage,Business tax,Trade and investment,Get goods through customs,Business and industry",HM Revenue & Customs,HM Revenue & Customs,2019 to 2022 Johnson Conservative government,,,
https://www.gov.uk/guidance/storing-processing-or-producing-excise-goods-in-a-freeport-customs-site,"Storing, processing or producing excise goods in a UK Freeport customs site",detailed_guide,0c33c107-07dd-4432-bac2-20eddea7eb30,en,whitehall,2022-03-30T23:00:00.000Z,2025-11-18T12:44:47.000Z,,,,"Business and industry,Gambling duties,Customs declarations, duties and tariffs (import and export),Alcohol duty,Trade and investment,Money,Business tax,Fuel Duty,GOV.UK homepage",HM Revenue & Customs,HM Revenue & Customs,2019 to 2022 Johnson Conservative government,,,
https://www.gov.uk/guidance/work-out-what-you-can-claim-for-super-deduction-or-special-rate-first-year-allowances,Work out what you can claim for super-deduction or special rate first year allowances,detailed_guide,bfd1c168-c023-4f6b-81fa-8b2092b62cc2,en,whitehall,2022-05-27T15:33:00.000Z,2022-06-01T13:22:57.000Z,,,,"GOV.UK homepage,Capital allowances,Money,Business tax",HM Revenue & Customs,HM Revenue & Customs,2019 to 2022 Johnson Conservative government,,,
https://www.gov.uk/guidance/how-the-district-valuer-service-provides-sector-specific-services,How the District Valuer Service provides sector-specific services,detailed_guide,2d1db7aa-77e7-4efc-932a-ba6458e67eac,en,whitehall,2016-07-22T14:17:58.000Z,2016-07-22T14:17:58.000Z,,,,"Money,GOV.UK homepage",District Valuer Services,District Valuer Services,2016 to 2019 May Conservative government,,,
https://www.gov.uk/guidance/disclosing-vat-and-other-indirect-tax-avoidance-schemes-vat-notice-799,Disclosing VAT and other indirect tax avoidance schemes (VAT Notice 799),detailed_guide,139f55e2-2d3d-4e6c-a069-7649dcd2f8a3,en,whitehall,2017-12-01T14:52:00.000Z,2017-12-01T14:52:00.000Z,,,,"VAT,GOV.UK homepage,Money,Dealing with HMRC,Tax avoidance,Business tax",HM Revenue & Customs,HM Revenue & Customs,2016 to 2019 May Conservative government,,,
https://www.gov.uk/guidance/pay-less-customs-duty-and-vat-if-you-are-importing-capital-goods,Pay less Customs Duty and VAT if you are importing capital goods,detailed_guide,c8fa3e3a-3499-495a-8f7b-3dfc85533597,en,whitehall,2020-06-22T09:56:00.000Z,2023-04-14T13:37:21.000Z,,,,"VAT,Importing goods and services,Money,Trade and investment,Business and industry,GOV.UK homepage,Exporting goods and services,Customs declarations, duties and tariffs (import and export),Business tax",HM Revenue & Customs,HM Revenue & Customs,2019 to 2022 Johnson Conservative government,,,
https://www.gov.uk/guidance/correcting-climate-change-levy-errors,Correcting Climate Change Levy errors,detailed_guide,398fc0d8-2f75-489c-952d-db16750b6d46,en,whitehall,2019-08-28T14:21:00.000Z,2023-03-30T08:00:08.000Z,,,,"Business regulation,Money,Business and industry,Energy demand reduction,Dealing with HMRC,Climate Change Levy,Business and the environment,GOV.UK homepage,Tax agent and adviser guidance,Business tax,Energy industry and infrastructure licensing and regulation",HM Revenue & Customs,HM Revenue & Customs,2019 to 2022 Johnson Conservative government,,,
https://www.gov.uk/guidance/aggregates-levy-7-day-delayed-payment-scheme,Aggregates Levy 7 day delayed payment scheme,detailed_guide,aabc8789-a4ee-4b64-a33f-5f1d65961907,en,whitehall,2020-12-15T13:05:20.000Z,2020-12-15T13:05:20.000Z,,,,"Aggregates Levy,Business tax,Money,GOV.UK homepage,Payments and reliefs (aggregates levy)",HM Revenue & Customs,HM Revenue & Customs,2019 to 2022 Johnson Conservative government,,,
https://www.gov.uk/guidance/pay-no-import-duty-and-vat-when-importing-decorations-and-awards,Pay no import duty and VAT when importing decorations and awards,detailed_guide,a9a3d372-4857-4d62-beaf-1f5cf7ae9886,en,whitehall,2020-07-30T23:00:00.000Z,2023-04-14T13:37:41.000Z,,,,"Business and industry,Trade and investment,Money,Customs declarations, duties and tariffs (import and export),GOV.UK homepage,VAT,Business tax",HM Revenue & Customs,HM Revenue & Customs,2019 to 2022 Johnson Conservative government,,,
https://www.gov.uk/guidance/selling-houseboats-and-caravans-if-you-use-a-vat-margin-scheme,Selling houseboats and caravans if you use a VAT margin scheme,detailed_guide,35d030b9-633d-46f4-a165-585948af05da,en,whitehall,2021-12-23T13:28:00.000Z,2021-12-23T13:28:00.000Z,,,,"Money,Business tax,Charging VAT,Accounting for VAT,GOV.UK homepage,VAT",HM Revenue & Customs,HM Revenue & Customs,2019 to 2022 Johnson Conservative government,,,
https://www.gov.uk/guidance/disguised-remuneration-tax-avoidance-using-annuities-spotlight-35,Disguised remuneration: tax avoidance using annuities (Spotlight 35),detailed_guide,e31dbe01-c5d2-42a6-963b-485a8b1adf24,en,whitehall,2017-02-14T12:01:00.000Z,2017-02-14T12:01:00.000Z,,,,"Dealing with HMRC,Personal tax,GOV.UK homepage,Tax evasion and avoidance,Money",HM Revenue & Customs,HM Revenue & Customs,2016 to 2019 May Conservative government,,,
https://www.gov.uk/guidance/send-your-gaming-duty-return-and-payment-online,Send your Gaming Duty return and payment online,detailed_guide,ef3273d6-e43b-4e97-9996-ddd165870de1,en,whitehall,2018-10-08T13:27:00.000Z,2019-10-01T09:00:08.000Z,,,,"Gambling duties,Business tax,Gaming Duty,GOV.UK homepage,Money",HM Revenue & Customs,HM Revenue & Customs,2016 to 2019 May Conservative government,,,
https://www.gov.uk/guidance/send-a-return-of-excise-duty-for-registered-consignees-or-certified-consignees-in-northern-ireland,Send a return of excise duty for registered consignees or certified consignees in Northern Ireland,detailed_guide,2c2f3c63-1049-40ff-8202-93457346fb93,en,whitehall,2023-02-12T00:00:00.000Z,2023-02-12T00:00:00.000Z,,,,"Business tax,GOV.UK homepage,Alcohol duty,Money,Fuel Duty,Tobacco Products Duty",HM Revenue & Customs,HM Revenue & Customs,2022 to 2024 Sunak Conservative government,,,
https://www.gov.uk/guidance/oil-gas-and-mining-petroleum-revenue-tax,Petroleum Revenue Tax,detailed_guide,60556980-7631-11e4-a3cb-005056011aef,en,whitehall,2011-11-18T00:00:00.000Z,2023-05-03T14:02:50.000Z,,,,"Money,Oil and gas finance and taxation,Oil, gas and coal,GOV.UK homepage,Environment,Tax and profits,Energy infrastructure",HM Revenue & Customs,HM Revenue & Customs,2010 to 2015 Conservative and Liberal Democrat coalition government,,,
https://www.gov.uk/guidance/zero-rate-tools-that-manufacture-goods-for-export-notice-70122,Zero rate tools that manufacture goods for export (VAT Notice 701/22),detailed_guide,3da48065-9908-462e-a417-214bdd3cc740,en,whitehall,2017-10-04T23:00:00.000Z,2020-12-31T23:01:48.000Z,,,,"Charging VAT,Dealing with HMRC,Tax agent and adviser guidance,GOV.UK homepage,Business tax,Money,Accounting for VAT,VAT",HM Revenue & Customs,HM Revenue & Customs,2016 to 2019 May Conservative government,,,
https://www.gov.uk/guidance/record-keeping-for-cider-duty-excise-notice-162b,Record keeping for Cider Duty (Excise Notice 162b),detailed_guide,2e794f20-4c6c-4505-a88c-832fb43b2bb4,en,whitehall,2018-07-10T23:00:00.000Z,2025-11-18T12:45:13.000Z,,,,"Business tax,Alcohol duty,Money,GOV.UK homepage",HM Revenue & Customs,HM Revenue & Customs,2016 to 2019 May Conservative government,,,
https://www.gov.uk/guidance/tax-avoidance-promoters-targeting-returning-nhs-workers-spotlight-54,Tax avoidance promoters targeting returning NHS workers (Spotlight 54),detailed_guide,235d599d-0c99-4639-9eff-d2ad7f4ea4d2,en,whitehall,2020-03-30T18:06:00.000Z,2020-04-09T14:52:44.000Z,,,,"GOV.UK homepage,Dealing with HMRC,Tax avoidance,Money",HM Revenue & Customs,HM Revenue & Customs,2019 to 2022 Johnson Conservative government,,,
https://www.gov.uk/guidance/how-benefits-of-chapter-3-members-are-affected-by-the-public-service-pension-remedy,How benefits of Chapter 3 members are affected by the public service pensions remedy,detailed_guide,c8787320-d5f5-400f-a047-d000a497bed3,en,whitehall,2023-10-04T23:00:00.000Z,2023-10-04T23:00:00.000Z,,,,"Business tax,Administering a pension scheme,Pension scheme administration,Pension scheme trustees,Money,GOV.UK homepage,Paying into a pension scheme,Tax on pensions",HM Revenue & Customs,HM Revenue & Customs,2022 to 2024 Sunak Conservative government,,,
https://www.gov.uk/expenses-and-benefits-heavy-goods-vehicles,Expenses and benefits: private use of heavy goods vehicles,answer,be125000-2077-4497-95a7-cd69059201a9,en,publisher,2012-10-04T16:26:43.000Z,2017-09-11T15:38:24.453Z,,,,"Driving and road transport,Money,Expenses and employee benefits,Transport,GOV.UK homepage,Business tax",Government Digital Service,HM Revenue & Customs,,,,
https://www.gov.uk/guidance/help-and-support-for-inheritance-tax,HMRC email updates and videos for Inheritance Tax,detailed_guide,304ecdda-6ce8-48d7-83d8-379e62d618a7,en,whitehall,2022-05-25T23:00:00.000Z,2025-12-02T09:41:22.000Z,,,,"Personal tax,Money,Inheritance Tax,GOV.UK homepage",HM Revenue & Customs,HM Revenue & Customs,2019 to 2022 Johnson Conservative government,,,
https://www.gov.uk/guidance/apply-for-designated-export-place-approval,Apply for Designated Export Place approval,detailed_guide,1b596be0-3e79-430b-81e8-83ef4dfa283a,en,whitehall,2020-12-18T00:00:00.000Z,2025-04-22T13:24:07.000Z,,,,"Trade and investment,Money,GOV.UK homepage,Customs declarations, duties and tariffs (import and export),Business and industry",HM Revenue & Customs,HM Revenue & Customs,2019 to 2022 Johnson Conservative government,,,
https://www.gov.uk/guidance/get-a-payment-deferral-or-deregister-from-money-laundering-supervision-due-to-coronavirus-covid-19,Payment deferral or deregister from money laundering supervision due to coronavirus (COVID-19),detailed_guide,20c0bed4-fedc-4d75-9907-4b95c74377fd,en,whitehall,2020-05-18T07:08:00.000Z,2020-12-01T11:57:17.000Z,,,,"Paying HMRC,GOV.UK homepage,Money laundering regulations,Business tax,Support for businesses and self-employed people during COVID-19,Money laundering regulation fees,Funding and support for businesses during COVID-19,Money,Managing your business during COVID-19,COVID-19,Health and social care,Dealing with HMRC",HM Revenue & Customs,HM Revenue & Customs,2019 to 2022 Johnson Conservative government,,,
https://www.gov.uk/guidance/paying-tax-homes-for-ukraine,Paying tax: Homes for Ukraine,detailed_guide,af1c883b-1ff5-4952-a791-05e101036d9d,en,whitehall,2023-01-16T00:00:00.000Z,2023-01-16T00:00:00.000Z,,,,"Personal tax,GOV.UK homepage,Money,Society and culture,Community and society","Ministry of Housing, Communities and Local Government","Ministry of Housing, Communities and Local Government,Department for Levelling Up, Housing and Communities ",2022 to 2024 Sunak Conservative government,,,
https://www.gov.uk/guidance/submit-a-return-and-pay-the-soft-drinks-industry-levy-notice-2,Soft Drinks Industry Levy returns and records (notice 2),detailed_guide,2b1350ba-7560-496d-895a-44cfacf4eee5,en,whitehall,2018-04-02T23:00:00.000Z,2025-07-11T11:38:17.000Z,,,,"Business tax,Money,GOV.UK homepage,Soft Drinks Industry Levy",HM Revenue & Customs,HM Revenue & Customs,2016 to 2019 May Conservative government,,,
https://www.gov.uk/guidance/pay-excise-duty-without-a-guarantee,Pay Excise Duty without a guarantee,detailed_guide,6f0ad633-2862-4e09-88c1-3567fee684cc,en,whitehall,2009-11-09T00:00:00.000Z,2021-03-02T12:00:09.000Z,,,,"Alcohol duty,GOV.UK homepage,Tobacco Products Duty,VAT,Importing goods and services,Fuel Duty,Payments and reliefs (Alcohol duty),Business tax,Money,Exporting goods and services,Payments and reliefs (tobacco products duty)",HM Revenue & Customs,HM Revenue & Customs,2007 to 2010 Brown Labour government,,,
https://www.gov.uk/guidance/fiscal-warehousing-and-vat-notice-7028,Fiscal warehousing (VAT Notice 702/8),detailed_guide,0012216e-c0d0-4b6d-ac01-749367275f57,en,whitehall,2012-10-14T23:00:00.000Z,2021-08-19T13:43:30.000Z,,,,"Exporting goods and services,GOV.UK homepage,VAT,Business tax,Money,Importing goods and services",HM Revenue & Customs,HM Revenue & Customs,2010 to 2015 Conservative and Liberal Democrat coalition government,,,
https://www.gov.uk/guidance/ffurflenni-cthem,Ffurflenni CThEF,detailed_guide,0c5fe257-cde4-46c5-9f1e-73dc1c76c3ca,en,whitehall,2011-01-02T00:00:00.000Z,2024-10-01T13:40:05.000Z,,,,"Personal tax,Statutory pay and leave,Business tax,Money,GOV.UK homepage,PAYE,Income Tax",HM Revenue & Customs,HM Revenue & Customs,2010 to 2015 Conservative and Liberal Democrat coalition government,,,
https://www.gov.uk/guidance/pooled-bets-and-games-work-out-the-duty-to-pay,Pooled bets and games: work out the duty to pay,detailed_guide,56963b5e-60ce-48a9-8c47-9cfb5c688033,en,whitehall,2017-06-26T12:00:08.000Z,2017-06-26T12:00:08.000Z,,,,"Business tax,GOV.UK homepage,Gambling duties,Money,Business tax reform",HM Revenue & Customs,HM Revenue & Customs,2016 to 2019 May Conservative government,,,
https://www.gov.uk/guidance/disguised-remuneration-asset-transfer-arrangements-set-up-to-avoid-the-loan-charge-spotlight-50,Disguised remuneration: asset transfer arrangements set up to avoid the loan charge (Spotlight 50),detailed_guide,ce1200a0-ded5-4dcf-85d8-d5730ad9ae4a,en,whitehall,2019-03-26T13:43:10.000Z,2019-03-26T13:43:10.000Z,,,,"Tax agent and adviser guidance,GOV.UK homepage,Tax avoidance,Dealing with HMRC,Money,Disguised remuneration schemes",HM Revenue & Customs,HM Revenue & Customs,2016 to 2019 May Conservative government,,,
https://www.gov.uk/guidance/pay-no-customs-duty-or-vat-on-blood-grouping-tissue-typing-and-therapeutic-substances,"Pay no Customs Duty or VAT on blood grouping, tissue typing and therapeutic substances",detailed_guide,8e5cf52c-cdb4-4729-91cb-7ccc6e589d7e,en,whitehall,2020-05-27T14:03:00.000Z,2023-04-14T13:36:40.000Z,,,,"GOV.UK homepage,Business tax,VAT,Exporting goods and services,Trade and investment,Importing goods and services,Customs declarations, duties and tariffs (import and export),Money,Business and industry",HM Revenue & Customs,HM Revenue & Customs,2019 to 2022 Johnson Conservative government,,,
https://www.gov.uk/guidance/discharging-a-lifetime-allowance-charge,Discharging  a lifetime allowance charge,detailed_guide,36d5d1bf-00d2-4e61-9da9-ae3693541c62,en,whitehall,2023-10-05T10:00:00.000Z,2023-10-05T10:00:00.000Z,,,,"Paying into a pension scheme,Tax on pensions,Pension scheme administration,Money,Administering a pension scheme,Business tax,Pension scheme trustees,GOV.UK homepage",HM Revenue & Customs,HM Revenue & Customs,2022 to 2024 Sunak Conservative government,,,
https://www.gov.uk/guidance/work-out-the-sugar-content-of-your-diluted-soft-drink-notice-3,Work out the sugar content of your diluted soft drink (notice 3),detailed_guide,cd781b42-71ec-4fcd-be7d-c0a6d8794ce2,en,whitehall,2018-04-03T14:42:00.000Z,2018-04-03T14:42:00.000Z,,,,"Money,Business tax,GOV.UK homepage,Soft Drinks Industry Levy",HM Revenue & Customs,HM Revenue & Customs,2016 to 2019 May Conservative government,,,
https://www.gov.uk/guidance/serial-tax-avoidance,Information about the Serial Tax Avoidance Regime,detailed_guide,81c13b98-e5a2-4669-bcb6-c2bbda9d954e,en,whitehall,2016-11-07T13:39:00.000Z,2018-01-12T14:29:49.000Z,,,,"GOV.UK homepage,Money,Disclosing avoidance schemes,Dealing with HMRC,Tax avoidance",HM Revenue & Customs,HM Revenue & Customs,2016 to 2019 May Conservative government,,,
https://www.gov.uk/guidance/claim-for-repayment-of-excise-duty-in-northern-ireland,Claim for repayment of excise duty in Northern Ireland,detailed_guide,61930d23-e184-4dab-9449-b5598d2ebdd8,en,whitehall,2023-02-12T00:00:00.000Z,2023-02-12T00:00:00.000Z,,,,"Money,Tobacco Products Duty,GOV.UK homepage,Fuel Duty,Business tax,Alcohol duty",HM Revenue & Customs,HM Revenue & Customs,2022 to 2024 Sunak Conservative government,,,
https://www.gov.uk/guidance/dishonest-conduct-by-tax-agents,Dishonest conduct by tax agents,detailed_guide,331f3e70-da75-4d14-a55f-03be23cb85b6,en,whitehall,2014-12-15T09:53:00.000Z,2014-12-15T09:53:00.000Z,,,,"Dealing with HMRC,Tax agent and adviser guidance,GOV.UK homepage,Money",HM Revenue & Customs,HM Revenue & Customs,2010 to 2015 Conservative and Liberal Democrat coalition government,,,
https://www.gov.uk/guidance/pension-trustees-self-assessment-tax-returns,Self Assessment for pension trustees,detailed_guide,5fe9db5c-7631-11e4-a3cb-005056011aef,en,whitehall,2014-09-16T12:01:00.000Z,2014-09-16T12:01:00.000Z,,,,"Pension scheme trustees,Business tax,GOV.UK homepage,Pension scheme administration,Money",HM Revenue & Customs,HM Revenue & Customs,2010 to 2015 Conservative and Liberal Democrat coalition government,,,
https://www.gov.uk/guidance/register-to-pay-duty-on-biofuels-and-other-fuel-substitutes,Register to pay duty on biofuels and other fuel substitutes,detailed_guide,7700835d-9f07-4cab-ae76-014d1b9e212d,en,whitehall,2019-07-08T14:45:00.000Z,2019-07-08T14:45:00.000Z,,,,"GOV.UK homepage,Money,Fuel Duty,Business tax",HM Revenue & Customs,HM Revenue & Customs,2016 to 2019 May Conservative government,,,
https://www.gov.uk/guidance/manage-your-soft-drinks-industry-levy-account,Manage your Soft Drinks Industry Levy account,detailed_guide,13a4236d-685a-461e-b61a-0c77e7cd4055,en,whitehall,2020-01-24T12:34:00.000Z,2020-01-24T12:34:00.000Z,,,,"Trade and investment,GOV.UK homepage,Money,Importing,Business tax,Soft Drinks Industry Levy,Manufacturing,Business and industry",HM Revenue & Customs,HM Revenue & Customs,2019 to 2022 Johnson Conservative government,,,
https://www.gov.uk/guidance/other-products-and-circumstances-affecting-the-second-hand-vehicles-vat-margin-scheme,Other products and circumstances affecting the second-hand vehicles VAT margin scheme,detailed_guide,82c23373-e98b-4ad9-8196-376bf7e1c58a,en,whitehall,2021-12-23T13:28:00.000Z,2021-12-23T13:28:00.000Z,,,,"Charging VAT,VAT,Accounting for VAT,Business tax,GOV.UK homepage,Money",HM Revenue & Customs,HM Revenue & Customs,2019 to 2022 Johnson Conservative government,,,
https://www.gov.uk/guidance/tell-hmrc-about-business-partners-when-registering-for-an-excise-scheme,Tell HMRC about business partners when registering for an Excise scheme,detailed_guide,efa257e5-c31c-4392-bdfb-df191fc49d63,en,whitehall,2023-02-12T23:00:01.000Z,2023-02-12T23:00:01.000Z,,,,"Business tax,Alcohol duty,Fuel Duty,Tobacco Products Duty,Money,GOV.UK homepage",HM Revenue & Customs,HM Revenue & Customs,2022 to 2024 Sunak Conservative government,,,
https://www.gov.uk/guidance/how-benefits-of-chapter-2-members-are-affected-by-the-public-service-pension-remedy,How benefits of Chapter 2 members are affected by the public service pensions remedy ,detailed_guide,e4992041-5251-4f10-b685-cdfb9dfac7bf,en,whitehall,2023-10-04T23:00:00.000Z,2023-10-04T23:00:00.000Z,,,,"Pension scheme trustees,Administering a pension scheme,Business tax,Tax on pensions,GOV.UK homepage,Paying into a pension scheme,Pension scheme administration,Money",HM Revenue & Customs,HM Revenue & Customs,2022 to 2024 Sunak Conservative government,,,
https://www.gov.uk/guidance/check-if-you-need-to-tell-hmrc-about-a-cross-border-arrangement-mdr,Check if you need to tell HMRC about a cross-border arrangement,detailed_guide,1c380f6c-a88d-44eb-9cb4-b5f0f88b42eb,en,whitehall,2023-02-03T14:45:00.000Z,2023-09-25T10:07:31.000Z,,,,"International tax,GOV.UK homepage,Money,Business tax",HM Revenue & Customs,HM Revenue & Customs,2022 to 2024 Sunak Conservative government,,,
https://www.gov.uk/guidance/general-data-protection-regulation-gdpr-provision-used-to-reduce-tax-liability-spotlight-65,General Data Protection Regulation (GDPR) provision used to reduce tax liability (Spotlight 65),detailed_guide,1132fc75-8c56-4ebc-bd9c-ce7c150cb507,en,whitehall,2024-10-18T10:47:40.000Z,2024-10-18T10:47:40.000Z,,,,"GOV.UK homepage,Dealing with HMRC,Money,Tax avoidance,Tax evasion and avoidance",HM Revenue & Customs,HM Revenue & Customs,2024 Starmer Labour government,,,
https://www.gov.uk/guidance/vat-on-freight-containers-for-export-from-the-uk-notice-7031,Freight containers for export from the UK (VAT Notice 703/1),detailed_guide,55370cf8-152a-428c-b545-ec99433364f1,en,whitehall,2010-02-06T00:00:00.000Z,2020-12-31T23:01:30.000Z,,,,"Accounting for VAT,Business and industry,Trade and investment,Exporting,Charging VAT,Money,VAT,Business tax,GOV.UK homepage",HM Revenue & Customs,HM Revenue & Customs,2007 to 2010 Brown Labour government,,,
https://www.gov.uk/guidance/unauthorised-unit-trusts-and-pension-fund-pooling-schemes,Unauthorised unit trusts and pension fund pooling schemes,detailed_guide,60318e98-7631-11e4-a3cb-005056011aef,en,whitehall,2014-12-15T10:59:00.000Z,2015-09-10T11:03:04.000Z,,,,"Investment schemes,Collective Investment Schemes,Business tax,Money,GOV.UK homepage",HM Revenue & Customs,HM Revenue & Customs,2010 to 2015 Conservative and Liberal Democrat coalition government,,,
https://www.gov.uk/guidance/poultry-from-iceland-tariff-quota-notice-73,Poultry from Iceland (Tariff quota notice 73),detailed_guide,5f60a446-f47c-403a-aab3-bd83db20cf4f,en,whitehall,2018-05-29T16:00:00.000Z,2018-05-29T16:00:00.000Z,,,,"Money,Importing,GOV.UK homepage,Business tax,Customs declarations, duties and tariffs (import and export),Import controls,UK Trade Tariff and classification of goods,Get goods through customs,Business and industry,Trade and investment,Rules for specific goods and services",HM Revenue & Customs,HM Revenue & Customs,2016 to 2019 May Conservative government,,,
https://www.gov.uk/guidance/apply-for-approval-to-be-part-of-the-registered-consignee-scheme-in-northern-ireland,Apply for approval to be part of the Registered Consignee scheme in Northern Ireland,detailed_guide,84ddd1a5-a5b3-4115-b0c9-55f9a288723e,en,whitehall,2023-02-10T00:00:00.000Z,2023-02-10T00:00:00.000Z,,,,"Alcohol duty,Tobacco Products Duty,GOV.UK homepage,Money,Business tax,Fuel Duty",HM Revenue & Customs,HM Revenue & Customs,2022 to 2024 Sunak Conservative government,,,
https://www.gov.uk/guidance/foreign-equivalents-to-uk-reits,Foreign equivalents to UK-REITs,detailed_guide,60317e29-7631-11e4-a3cb-005056011aef,en,whitehall,2008-06-11T23:00:00.000Z,2008-06-11T23:00:00.000Z,,,,"GOV.UK homepage,Business tax,Collective Investment Schemes,Investment schemes,Money",HM Revenue & Customs,HM Revenue & Customs,2007 to 2010 Brown Labour government,,,
https://www.gov.uk/guidance/disguised-remuneration-contractor-loans-settlements-and-a-deed-of-release-spotlight-48,Disguised remuneration: contractor loans settlements and obtaining a deed of release (Spotlight 48),detailed_guide,92522415-7b16-41f0-af30-78a56745f802,en,whitehall,2019-02-14T11:55:00.000Z,2019-02-14T11:55:00.000Z,,,,"GOV.UK homepage,Disguised remuneration schemes,Tax avoidance,Money,Dealing with HMRC",HM Revenue & Customs,HM Revenue & Customs,2016 to 2019 May Conservative government,,,
https://www.gov.uk/guidance/report-a-cross-border-arrangement-to-hmrc-mdr,Report a cross-border arrangement to HMRC,detailed_guide,26e26d22-d7f9-4284-ba4f-d819368da4b3,en,whitehall,2023-03-27T23:00:00.000Z,2023-09-25T15:45:39.000Z,,,,"GOV.UK homepage,Business tax,Money,International tax",HM Revenue & Customs,HM Revenue & Customs,2022 to 2024 Sunak Conservative government,,,
https://www.gov.uk/guidance/reinstate-your-pension-lifetime-allowance-protection,Reinstate your pension lifetime allowance protection,detailed_guide,eb40ef78-1555-4c22-ae38-31e35e83e658,en,whitehall,2023-08-22T07:35:00.000Z,2023-08-22T07:35:00.000Z,,,,"Money,Pension scheme administration,Regional and local government,Business tax,Local government,GOV.UK homepage,Local government pensions",HM Revenue & Customs,HM Revenue & Customs,2022 to 2024 Sunak Conservative government,,,
https://www.gov.uk/guidance/scottish-land-law-terms-notice-7423,Scottish land law terms (VAT Notice 742/3),detailed_guide,5f3d2c1a-8832-4d43-9a8b-04f7931152f3,en,whitehall,2005-05-31T23:00:00.000Z,2005-05-31T23:00:00.000Z,,,,"GOV.UK homepage,Business tax,VAT,Money",HM Revenue & Customs,HM Revenue & Customs,1997 to 2007 Blair Labour government,,,
https://www.gov.uk/guidance/importing-bananas-into-the-eu,Importing bananas you have to pay duty on into the UK,detailed_guide,c2102614-4006-4819-acdf-4cd3b4dfc66c,en,whitehall,2015-11-30T00:00:00.000Z,2025-02-03T14:19:34.000Z,,,,"Trade and investment,GOV.UK homepage,Money,Customs declarations, duties and tariffs (import and export),Business and industry",HM Revenue & Customs,HM Revenue & Customs,2015 to 2016 Cameron Conservative government,,,
https://www.gov.uk/guidance/how-unauthorised-payments-are-affected-by-the-public-service-pensions-remedy,How unauthorised payments are affected by the public service pensions remedy,detailed_guide,452b3199-24a6-4394-975a-175849064897,en,whitehall,2023-10-04T23:00:00.000Z,2025-05-02T08:06:28.000Z,,,,"Income Tax,GOV.UK homepage,Pensions,Money,Personal tax",HM Revenue & Customs,HM Revenue & Customs,2022 to 2024 Sunak Conservative government,,,
https://www.gov.uk/guidance/rent-officer-duties,Rent Officer duties,detailed_guide,9a50b8db-876c-41c1-87c3-e9b92ed402ea,en,whitehall,2016-04-26T13:39:00.000Z,2023-08-14T11:33:47.000Z,,,,"Housing and communities,Money,Housing, local and community,GOV.UK homepage",Valuation Office Agency,Valuation Office Agency,2015 to 2016 Cameron Conservative government,,,
https://www.gov.uk/guidance/work-out-if-youll-pay-welsh-income-tax,Work out if you'll pay Welsh Income Tax,detailed_guide,58fee3c8-a965-498b-83cf-3902784885c4,en,whitehall,2020-03-27T15:54:14.000Z,2020-03-27T15:54:14.000Z,,,,"Income Tax,Personal tax,Welsh rate of Income Tax,Money,GOV.UK homepage",HM Revenue & Customs,"HM Revenue & Customs,Welsh Government",2019 to 2022 Johnson Conservative government,,,
https://www.gov.uk/guidance/submit-accounting-period-information-for-a-co-ownership-authorised-contractual-scheme-coacs,Submit accounting period information for a Co-ownership authorised contractual scheme (CoACS),detailed_guide,45aef9e1-2a73-47ff-8887-924b3abf18ed,en,whitehall,2025-10-09T12:43:49.000Z,2025-10-09T12:43:49.000Z,,,,"Collective Investment Schemes,GOV.UK homepage,Business tax,Money,Investment schemes",HM Revenue & Customs,HM Revenue & Customs,2024 Starmer Labour government,,,
https://www.gov.uk/guidance/authorised-investment-funds,Authorised Investment Funds,detailed_guide,f2be4980-3a52-45d1-96c1-38de915ccbad,en,whitehall,2011-06-27T23:00:00.000Z,2011-06-27T23:00:00.000Z,,,,"GOV.UK homepage,Business tax,Money",HM Revenue & Customs,HM Revenue & Customs,2010 to 2015 Conservative and Liberal Democrat coalition government,,,
https://www.gov.uk/guidance/keeping-records-for-an-excise-warehouse,Keeping records for an excise warehouse,detailed_guide,557424e3-cc25-482c-a993-444737ed8edf,en,whitehall,2014-10-22T23:00:00.000Z,2025-11-18T12:48:38.000Z,,,,"Business tax,Business and industry,Exporting,GOV.UK homepage,Money,Trade and investment,Importing",HM Revenue & Customs,HM Revenue & Customs,2010 to 2015 Conservative and Liberal Democrat coalition government,,,
https://www.gov.uk/guidance/register-for-vat-if-you-own-land-with-another-person,Register for VAT if you own land with another person,detailed_guide,fe9ac95e-b179-444f-b50d-c8de091f3258,en,whitehall,2018-04-05T13:59:03.000Z,2018-04-05T13:59:03.000Z,,,,"GOV.UK homepage,Money,Business tax,VAT",HM Revenue & Customs,HM Revenue & Customs,2016 to 2019 May Conservative government,,,
https://www.gov.uk/guidance/apply-to-receive-non-financial-vat-registration-data-from-hmrc,Apply to receive non-financial VAT registration data from HMRC,detailed_guide,be8c89e5-113d-4993-a81c-c55c94636b83,en,whitehall,2017-12-11T00:30:00.000Z,2023-06-16T13:34:08.000Z,,,,"VAT,Business tax,GOV.UK homepage,Money",HM Revenue & Customs,HM Revenue & Customs,2016 to 2019 May Conservative government,,,
https://www.gov.uk/guidance/disguised-remuneration-re-describing-loans-spotlight-39,Disguised remuneration: re-describing loans (Spotlight 39),detailed_guide,d349ab17-9165-4dfe-ba4d-a028be71db94,en,whitehall,2017-08-10T13:05:00.000Z,2017-08-10T13:05:00.000Z,,,,"Money,Dealing with HMRC,Personal tax,PAYE,Tax avoidance,Income Tax,Business tax,GOV.UK homepage",HM Revenue & Customs,HM Revenue & Customs,2016 to 2019 May Conservative government,,,
https://www.gov.uk/guidance/tell-hmrc-youre-registered-for-the-vat-import-one-stop-shop-in-the-eu,Tell HMRC you’re registered for the VAT IOSS in the EU,detailed_guide,1c23bc45-882d-40c5-a030-1ab9e6cb1cb3,en,whitehall,2021-06-27T23:00:00.000Z,2024-10-02T10:25:35.000Z,,,,"GOV.UK homepage,Importing goods and services,Business tax,VAT,Money",HM Revenue & Customs,HM Revenue & Customs,2019 to 2022 Johnson Conservative government,,,
https://www.gov.uk/guidance/hmrc-settlement-opportunity-for-eclipse-film-partnership-members,HMRC settlement opportunity for Eclipse Film Partnership members,detailed_guide,956092d1-fb8a-4e93-9f6f-f4b604d554cf,en,whitehall,2021-09-06T16:11:54.000Z,2021-09-06T16:11:54.000Z,,,,"Tax evasion and avoidance,Money,GOV.UK homepage",HM Revenue & Customs,HM Revenue & Customs,2019 to 2022 Johnson Conservative government,,,
https://www.gov.uk/guidance/reporting-poor-rd-tax-relief-service-standards,Reporting poor R&D tax relief service standards,detailed_guide,1225f4ed-c973-41c5-b1ff-b9e4c5360cdd,en,whitehall,2025-09-26T10:04:29.000Z,2025-09-26T10:04:29.000Z,,,,"Reliefs,Corporation Tax,Business tax,Money,GOV.UK homepage",HM Revenue & Customs,HM Revenue & Customs,2024 Starmer Labour government,,,
https://www.gov.uk/guidance/submit-an-entry-notification-for-a-reserved-investor-fund,Submit an entry notification for a Reserved Investor Fund,detailed_guide,ac5573e6-3e95-4d1b-bccd-294d359a1caf,en,whitehall,2025-08-29T12:26:00.000Z,2026-02-10T08:27:57.000Z,,,,"Investment schemes,Collective Investment Schemes,Business tax,GOV.UK homepage,Money",HM Revenue & Customs,HM Revenue & Customs,2024 Starmer Labour government,,,
https://www.gov.uk/guidance/pay-spirits-drinks-verification-fee,Pay the Spirit Drinks Verification Scheme fee,detailed_guide,601f823d-7631-11e4-a3cb-005056011aef,en,whitehall,2014-10-30T00:00:00.000Z,2025-07-09T11:09:50.000Z,,,,"Money,Alcohol duties,Dealing with HMRC,GOV.UK homepage,Paying HMRC",HM Revenue & Customs,HM Revenue & Customs,2010 to 2015 Conservative and Liberal Democrat coalition government,,,
