url,title,documentType,contentId,locale,publishing_app,first_published_at,public_updated_at,withdrawn_at,withdrawn_explanation,page_views,taxons,primary_organisation,all_organisations,government,is_political,people,occurrences
https://www.gov.uk/sign-in-childcare-account,Sign in to your childcare account,answer,7ae28e91-b918-4b9a-898c-fcdee95a83d0,en,publisher,2017-07-26T14:05:24.379Z,2024-11-12T09:31:53.394Z,,,203165,"Parenting, childcare and children's services ,GOV.UK homepage",Government Digital Service,"Department for Education,HM Revenue & Customs",,,,
https://www.gov.uk/tax-free-childcare,Tax-Free Childcare,guide,6e2a4012-2448-47fd-b7ec-a47396e4b114,en,publisher,2018-09-25T10:57:37.102Z,2024-11-08T18:10:18.810Z,,,78714,"GOV.UK homepage,Financial help if you have children,Financial support for childcare,Parenting, childcare and children's services ",Government Digital Service,HM Revenue & Customs,,,,
https://www.gov.uk/child-benefit/how-to-claim,Child Benefit: Make a claim,guide,aed2cee3-7ca8-4f00-ab17-9193fff516ae,en,publisher,2012-01-26T13:08:28.000Z,2024-11-22T11:57:33.937Z,,,31006,"Welfare,Child benefit,Parenting, childcare and children's services ,Child Benefit,GOV.UK homepage,Financial help if you have children",Government Digital Service,HM Revenue & Customs,,,,
https://www.gov.uk/help-with-childcare-costs,Help paying for childcare,guide,1a3d4b71-78dc-41b3-97c9-965405892d2e,en,publisher,2012-01-26T13:15:33.000Z,2015-03-24T16:22:50.000Z,,,16997,"Financial help if you have children,Having a child, parenting and adoption,Life circumstances,Parenting, childcare and children's services ,Welfare,Financial support for childcare,Benefits for families,GOV.UK homepage",Government Digital Service,"Department for Education,Department for Education and Skills,HM Revenue & Customs",,,,
https://www.gov.uk/free-childcare-if-working/apply-for-free-childcare-if-youre-working,Free Childcare for Working Parents: Apply for free childcare,guide,400ab081-84bd-4fbb-8c47-e599d0863232,en,publisher,2025-03-31T23:01:01.079Z,2025-03-31T23:01:00.907Z,,,14683,"GOV.UK homepage,Childcare and early years,Parenting, childcare and children's services ",Government Digital Service,"Department for Education,HM Revenue & Customs",,,,
https://www.gov.uk/child-benefit-tax-charge,High Income Child Benefit Charge,guide,65d2d5b2-22c4-4cfc-9399-9f7bcd145561,en,publisher,2013-08-19T17:46:36.000Z,2024-12-31T16:40:48.824Z,,,9709,"Money,Self Assessment,Welfare,Financial help if you have children,Personal tax,GOV.UK homepage,Child Benefit,Child benefit,High Income Tax Charge,Parenting, childcare and children's services ",Government Digital Service,HM Revenue & Customs,,,,
https://www.gov.uk/maternity-pay-leave/pay,Maternity pay and leave: Pay,guide,24d6d3fc-ab41-456d-adc7-a265674b45cc,en,publisher,2013-03-12T12:22:49.000Z,2015-04-05T23:01:49.000Z,,,8966,"Pregnancy and birth,Financial help if you have children,Benefits for families,Working, jobs and pensions,Welfare,Financial help when having a baby,Holidays, time off, sick leave, maternity and paternity leave,Working and time off when you're having a baby,Parenting, childcare and children's services ,GOV.UK homepage,Adoption, fostering and surrogacy,Work",Government Digital Service,Department for Work and Pensions,,,,
https://www.gov.uk/disability-living-allowance-children,Disability Living Allowance (DLA) for children,guide,ee6607f1-d0ba-412b-b91c-7717286290ae,en,publisher,2013-06-10T08:17:40.000Z,2015-01-12T14:53:39.000Z,,,8893,"Benefits and financial help,Parenting, childcare and children's services ,Welfare,Health and social care,Financial help if you have children,Carers and disability benefits,GOV.UK homepage,Disabled people,Financial help if you have a disabled child",Government Digital Service,Department for Work and Pensions,,,,
https://www.gov.uk/sure-start-maternity-grant,Sure Start Maternity Grant,guide,5b4fb7fa-c986-496e-be54-e6d64ea218b8,en,publisher,2012-01-18T08:54:15.000Z,2015-01-12T15:06:41.000Z,,,8063,"Financial help when having a baby,Help and support if you have children,GOV.UK homepage,Having a child, parenting and adoption,Benefits for families,Marriage, civil partnership and divorce,Welfare,Life circumstances,Financial help if you have children,Parenting, childcare and children's services ",Government Digital Service,Department for Work and Pensions,,,,
https://www.gov.uk/report-changes-child-benefit,Report changes that affect your Child Benefit,guide,10e436e5-26e0-4462-913f-9a497f7e793e,en,publisher,2012-10-03T12:52:33.000Z,2014-12-04T10:35:37.000Z,,,5942,"Parenting, childcare and children's services ,Child Benefit,Financial help if you have children,Welfare,Child benefit,GOV.UK homepage",Government Digital Service,HM Revenue & Customs,,,,
https://www.gov.uk/child-benefit-16-19,Child Benefit when your child turns 16,answer,d1f5ed43-f482-4927-95f4-22ccbcfbc89f,en,publisher,2012-02-15T14:09:14.000Z,2024-11-22T11:52:31.271Z,,,5346,"Welfare,Child Benefit,Financial help if you have children,Child benefit,GOV.UK homepage,Parenting, childcare and children's services ",Government Digital Service,HM Revenue & Customs,,,,
https://www.gov.uk/register-birth,Register a birth,guide,28389deb-8fd3-44dc-95a9-e7d1935ac363,en,publisher,2012-01-11T12:44:51.000Z,2015-06-15T11:11:05.000Z,,,5135,"GOV.UK homepage,Life circumstances,Pregnancy and birth,Certificates, register offices, changes of name or gender,Having a child, parenting and adoption,Parenting, childcare and children's services ,Register the birth of a child",Government Digital Service,HM Passport Office,,,,
https://www.gov.uk/looking-after-children-divorce/apply-for-court-order,Making child arrangements if you divorce or separate: Apply for a court order,guide,6b18888e-1bd2-4aa5-beac-08adb57f67d8,en,publisher,2011-11-28T12:13:33.000Z,2024-11-26T15:37:16.780Z,,,4806,"Life circumstances,Parenting, childcare and children's services ,GOV.UK homepage,Marriage, civil partnership and divorce,Divorce, separation and legal issues,Child maintenance",Government Digital Service,"Cafcass,HM Courts & Tribunals Service,Ministry of Justice",,,,
https://www.gov.uk/disabled-facilities-grants,Disabled Facilities Grants,guide,145d29c4-cb5c-4b1c-8664-094912f8a34e,en,publisher,2011-12-07T09:02:24.000Z,2016-06-16T13:58:16.582Z,,,4555,"Health and social care,Financial help if you have children,Welfare,GOV.UK homepage,Disability equipment and transport,Carers and disability benefits,Disabled people,Financial help if you have a disabled child,Parenting, childcare and children's services ",Government Digital Service,"Ministry of Housing, Communities and Local Government",,,,
https://www.gov.uk/child-benefit-proof,Prove you qualify for Child Benefit,answer,5f8f95b8-66ef-45a6-94c2-29172ec19ab3,en,publisher,2011-11-22T10:39:21.000Z,2018-12-03T15:18:33.200Z,,,4228,"Welfare,Financial help if you have children,GOV.UK homepage,Child benefit,Parenting, childcare and children's services ,Child Benefit",Government Digital Service,HM Revenue & Customs,,,,
https://www.gov.uk/how-child-maintenance-is-worked-out,How the Child Maintenance Service works out child maintenance,guide,fcc24c49-45e5-4e17-bb2a-efc9a0fbc34f,en,publisher,2012-08-16T16:08:44.000Z,2016-02-11T15:15:25.000Z,,,4136,"Marriage, civil partnership and divorce,Life circumstances,Having a child, parenting and adoption,Divorce, separation and legal issues,Parenting, childcare and children's services ,GOV.UK homepage,Child maintenance",Government Digital Service,"Child Maintenance and Enforcement Commission,Department for Work and Pensions",,,,
https://www.gov.uk/child-benefit-payment-dates,Child Benefit payment dates,guide,db4795d9-0f5b-49b7-8a7b-64e626d1caf1,en,publisher,2013-08-19T17:51:34.000Z,2024-12-02T14:17:24.584Z,,,4019,"Financial help if you have children,GOV.UK homepage,Welfare,Child Benefit,Parenting, childcare and children's services ,Child benefit",Government Digital Service,HM Revenue & Customs,,,,
https://www.gov.uk/maternity-allowance,Maternity Allowance,guide,837dbc66-c780-49e1-94dc-b3e9b7fa8c71,en,publisher,2012-01-18T10:06:36.000Z,2025-02-11T13:20:23.352Z,,,3834,"Financial help when having a baby,Pregnancy and birth,Financial help if you have children,Working, jobs and pensions,GOV.UK homepage,Benefits for families,Holidays, time off, sick leave, maternity and paternity leave,Parenting, childcare and children's services ,Working and time off when you're having a baby,Welfare,Work",Government Digital Service,Department for Work and Pensions,,,,
https://www.gov.uk/guidance/universal-credit-childcare-costs,Universal Credit childcare costs,detailed_guide,fc0dfa8f-55c7-451e-9c06-40dcc5f5dd18,en,whitehall,2022-06-26T23:00:00.000Z,2025-06-03T09:15:14.000Z,,,3641,"Welfare,Benefits for families,GOV.UK homepage,Universal Credit,Parenting, childcare and children's services ,Childcare and early years",Department for Work and Pensions,Department for Work and Pensions,2019 to 2022 Johnson Conservative government,,,
https://www.gov.uk/paternity-pay-leave,Paternity pay and leave,guide,fd693386-fb6b-4069-970e-63ea5dfc2ab5,en,publisher,2013-03-12T12:24:16.000Z,2024-11-27T14:02:34.541Z,,,3032,"Parenting, childcare and children's services ,Financial help if you have children,Working, jobs and pensions,GOV.UK homepage,Financial help when having a baby,Holidays, time off, sick leave, maternity and paternity leave,Pregnancy and birth,Working and time off when you're having a baby,Work,Adoption, fostering and surrogacy",Government Digital Service,HM Revenue & Customs,,,,
https://www.gov.uk/guidance/sign-in-to-your-childcare-provider-account-for-tax-free-childcare,Sign in to your childcare provider account for Tax-Free Childcare,detailed_guide,180229ac-3205-4d85-a1ba-df75cd4169de,en,whitehall,2018-07-29T23:00:00.000Z,2024-10-21T10:05:01.000Z,,,2990,"GOV.UK homepage,Childcare and early years,Parenting, childcare and children's services ,Providing childcare",HM Revenue & Customs,HM Revenue & Customs,2016 to 2019 May Conservative government,,,
https://www.gov.uk/parental-leave/entitlement,Unpaid parental leave: Entitlement,guide,bb148231-a649-4ed0-9eb6-8b40965179b7,en,publisher,2011-12-08T11:53:20.000Z,2024-11-08T16:25:42.656Z,,,2856,"Work,Having a child, parenting and adoption,Pregnancy and birth,Finding childcare,Childcare and early years,GOV.UK homepage,Running a business,Working, jobs and pensions,Parenting, childcare and children's services ,Employing people,Business and industry,Holidays, time off, sick leave, maternity and paternity leave,Life circumstances",Government Digital Service,"Department for Business and Trade,HM Revenue & Customs",,,,
https://www.gov.uk/junior-individual-savings-accounts,Junior Individual Savings Accounts (ISA),guide,21a2bfa6-c62b-4280-9682-58c876bef012,en,publisher,2012-09-27T16:35:08.000Z,2015-04-10T16:00:11.000Z,,,2475,"Life circumstances,Tax efficient savings and investments,Parenting, childcare and children's services ,Tax on savings and investments,Personal tax,Having a child, parenting and adoption,Financial help if you have children,Money,GOV.UK homepage,Savings accounts for children",Government Digital Service,HM Revenue & Customs,,,,
https://www.gov.uk/shared-parental-leave-and-pay,Shared Parental Leave and Pay,guide,dc68775c-3df8-4930-ad22-bde7bfbb3b61,en,publisher,2014-07-28T11:04:13.000Z,2024-11-08T15:00:49.184Z,,,2441,"Pregnancy and birth,Work,Working, jobs and pensions,Adoption, fostering and surrogacy,Holidays, time off, sick leave, maternity and paternity leave,Parenting, childcare and children's services ,Financial help when having a baby,Financial help if you have children,Working and time off when you're having a baby,GOV.UK homepage",Government Digital Service,"Department for Business and Trade,HM Revenue & Customs",,,,
https://www.gov.uk/guidance/find-out-if-a-person-has-a-record-for-child-sexual-offences,Find out if a person has a record for child sexual offences,detailed_guide,5dbcbf36-7631-11e4-a3cb-005056011aef,en,whitehall,2013-03-26T00:00:00.000Z,2023-04-03T14:59:48.000Z,,,2259,"Criminal record disclosure,Safeguarding and child protection,Safeguarding and social care for children,Crime, justice and law,Parenting, childcare and children's services ,GOV.UK homepage",Home Office,Home Office,2010 to 2015 Conservative and Liberal Democrat coalition government,,,
https://www.gov.uk/law-on-leaving-your-child-home-alone,The law on leaving your child on their own,answer,3db5234c-a87f-4a30-b058-adee1236329e,en,publisher,2011-07-27T11:15:28.000Z,2015-09-02T13:56:17.000Z,,,2252,"Safeguarding and social care for children,Parenting, childcare and children's services ,GOV.UK homepage,Marriage, civil partnership and divorce,Preventing neglect, abuse and exploitation,Having a child, parenting and adoption,Safeguarding and child protection,Children's health and welfare,Help and support if you have children,Life circumstances",Government Digital Service,Department for Education,,,,
https://www.gov.uk/children-with-special-educational-needs/extra-SEN-help,Children with special educational needs and disabilities (SEND): Extra help,guide,0f7f3eb4-d35c-4cf1-a0aa-48ae98c0a16d,en,publisher,2012-01-26T16:19:30.000Z,2014-11-25T17:30:34.000Z,,,2139,"Support for special educational needs and disability (SEND) ,Support for children with special educational needs and disabilities (SEND),Education, training and skills,Parenting, childcare and children's services ,Special educational needs and disability (SEND) and high needs,Children's health and welfare,GOV.UK homepage",Government Digital Service,Department for Education,,,,
https://www.gov.uk/healthy-start,Healthy Start,answer,95544523-5e1e-4754-9d87-d1c846f073c0,en,publisher,2012-01-23T12:46:15.000Z,2025-01-01T00:01:03.456Z,,,1794,"GOV.UK homepage,Benefits for families,Parenting, childcare and children's services ,Financial help if you have children,Welfare",Government Digital Service,Department of Health and Social Care,,,,
https://www.gov.uk/working-when-pregnant-your-rights,Pregnant employees' rights,answer,d9371e84-548c-4dd4-b5aa-503abd38215c,en,publisher,2012-04-10T10:50:10.000Z,2014-12-18T10:27:38.000Z,,,1437,"Parenting, childcare and children's services ,Pregnancy and birth,Having a child, parenting and adoption,Your rights at work and trade unions,Work,GOV.UK homepage,Working and time off when you're having a baby,Trade unions,Working, jobs and pensions,Life circumstances",Government Digital Service,"Department for Work and Pensions,Health and Safety Executive",,,,
https://www.gov.uk/guidance/challenge-a-childcare-service-application-decision,Challenge a Childcare Service application decision,detailed_guide,95935ab1-b450-4779-ac91-b55886b40e42,en,whitehall,2020-01-09T00:00:00.000Z,2025-03-14T10:40:56.000Z,,,1226,"Complaints and appeals,Dealing with HMRC,Parenting, childcare and children's services ,Money,GOV.UK homepage",HM Revenue & Customs,HM Revenue & Customs,2019 to 2022 Johnson Conservative government,,,
https://www.gov.uk/employee-rights-when-on-leave,Employee rights when taking maternity and other types of parental leave,answer,dac7e6bf-023a-4f65-b61a-6c72be82025e,en,publisher,2012-08-21T12:33:54.000Z,2017-03-22T11:42:12.033Z,,,1161,"Running a business,Working and time off when you're having a baby,Pregnancy and birth,Parenting, childcare and children's services ,Employing people,GOV.UK homepage,Working, jobs and pensions,Business and industry,Holidays, time off, sick leave, maternity and paternity leave,Work",Government Digital Service,"Department for Business and Trade,Department for Business, Energy & Industrial Strategy",,,,
https://www.gov.uk/guidance/step-up-to-social-work,Step up to social work,detailed_guide,d001d45d-9671-4c72-8b3f-b508ce3df5af,en,whitehall,2023-01-13T00:00:00.000Z,2025-07-02T15:03:26.000Z,,,1147,"Safeguarding and social care for children,GOV.UK homepage,Children's social care providers,Becoming a children's social care provider,Parenting, childcare and children's services ",Department for Education,Department for Education,2022 to 2024 Sunak Conservative government,,,
https://www.gov.uk/guidance/tell-ofsted-about-a-serious-incident-in-a-childrens-home-or-secure-childrens-home,Tell Ofsted about a serious incident in a children’s home or secure children’s home,detailed_guide,06add765-0954-46cc-b0bc-93609e2dbe10,en,whitehall,2023-10-26T13:30:00.000Z,2023-10-26T13:30:00.000Z,,,1146,"Parenting, childcare and children's services ,Becoming a children's social care provider,Safeguarding and social care for children,GOV.UK homepage,Children's homes and other accommodation,Looked-after children and children in care,Children's social care providers",Ofsted,Ofsted,2022 to 2024 Sunak Conservative government,,,
https://www.gov.uk/childcare-grant,Childcare Grant,guide,871c1c02-7117-43b6-bec7-60ac68156d4d,en,publisher,2012-01-19T11:15:26.000Z,2024-11-08T12:57:30.202Z,,,1127,"Help and support if you have children,Financial help for students who are parents or carers,Financial help if you have children,Education, training and skills,GOV.UK homepage,Having a child, parenting and adoption,Life circumstances,Financial support for childcare,Parenting, childcare and children's services ,Welfare,Benefits for families,Funding and finance for students,Marriage, civil partnership and divorce,Financial help if you're a student with children",Government Digital Service,Student Loans Company,,,,
https://www.gov.uk/complain-about-school,Complain about a school,guide,bb2a44bf-d1fb-4a5e-97e0-483cabd622fc,en,publisher,2012-01-20T16:28:47.000Z,2014-12-03T11:02:29.000Z,,,1076,"GOV.UK homepage,Running and managing a school,Education, training and skills,Parenting, childcare and children's services ,Starting and attending school,Dealing with problems at school,School complaints and whistleblowing,Childcare and early years",Government Digital Service,"Department for Education,Ofsted",,,,
https://www.gov.uk/register-birth-abroad,Register a birth abroad,answer,54889464-3225-4d61-9df7-402fcdce66e8,en,publisher,2023-09-21T11:00:05.532Z,2023-09-21T11:00:05.379Z,,,1008,"Register the birth of a child,Going and being abroad,Birth, death and marriage abroad ,Countries (Living In),Having a child, parenting and adoption,Living abroad,Life circumstances,Certificates, register offices, changes of name or gender,Pregnancy and birth,Travel abroad,GOV.UK homepage,Parenting, childcare and children's services ,Help and services around the world",Government Digital Service,"Foreign, Commonwealth & Development Office",,,,
https://www.gov.uk/guidance/sign-up-to-tax-free-childcare-if-youre-a-childcare-provider,Sign up to Tax-Free Childcare if you’re a childcare provider,detailed_guide,eff693a3-7cf8-4d15-a82e-e531863efbf5,en,whitehall,2018-07-29T23:00:00.000Z,2024-10-21T10:04:58.000Z,,,918,"Childcare and early years,Parenting, childcare and children's services ,Providing childcare,GOV.UK homepage",HM Revenue & Customs,HM Revenue & Customs,2016 to 2019 May Conservative government,,,
https://www.gov.uk/guidance/check-an-early-years-qualification,Check an early years qualification,detailed_guide,ab36a752-77dc-4b95-ab15-68faea8a07ec,en,whitehall,2025-03-20T00:00:00.000Z,2025-12-23T16:34:00.000Z,,,913,"Providing childcare,Childcare and early years,Recruiting and managing early years staff,GOV.UK homepage,Parenting, childcare and children's services ",Department for Education,Department for Education,2024 Starmer Labour government,,,
https://www.gov.uk/guidance/universal-credit-and-families-with-more-than-2-children-information-for-claimants,Universal Credit: support for a maximum of 2 children: information for claimants,detailed_guide,ecf4c23d-3079-40fc-bd7d-e9cfe41e40ad,en,whitehall,2017-04-05T23:00:00.000Z,2025-12-12T11:52:15.000Z,,,900,"Welfare,Health and social care,Parenting, childcare and children's services ,Financial help if you have children,GOV.UK homepage,Universal Credit,Benefits for families",Department for Work and Pensions,Department for Work and Pensions,2016 to 2019 May Conservative government,,,
https://www.gov.uk/become-childminder-nanny,Become a childminder or nanny (England),guide,c0e8700b-24ad-4c7a-86d3-9ccc7a8ec11f,en,publisher,2014-11-27T14:46:33.000Z,2024-10-23T14:24:49.849Z,,,818,"Becoming a childcare provider,Parenting, childcare and children's services ,Children's centres, childminders, pre-schools and nurseries,GOV.UK homepage,Childcare and early years,Providing childcare",Government Digital Service,Ofsted,,,,
https://www.gov.uk/guidance/ofsted-services-forgotten-your-government-gateway-user-id-and-password,Ofsted services: forgotten your Government Gateway user ID and password,detailed_guide,5df5a861-8277-4081-acb3-e1369d513db3,en,whitehall,2020-07-07T08:00:00.000Z,2020-07-07T08:00:00.000Z,,,795,"Parenting, childcare and children's services ,Becoming a childcare provider,GOV.UK homepage,Inspection of children's social care providers,Safeguarding and social care for children,Childcare and early years,Becoming a children's social care provider,Incidents, concerns and feedback about children's social care providers,Children's social care providers,Providing childcare",Ofsted,Ofsted,2019 to 2022 Johnson Conservative government,,,
https://www.gov.uk/correct-birth-registration,Correct a birth registration,guide,b555a47a-d180-4bc7-979a-e687cf6a16bf,en,publisher,2012-10-16T13:07:56.000Z,2017-03-20T13:48:34.231Z,,,757,"Pregnancy and birth,Register the birth of a child,Parenting, childcare and children's services ,Certificates, register offices, changes of name or gender,Disagreements about parentage,Life circumstances,Divorce, separation and legal issues,GOV.UK homepage",Government Digital Service,HM Passport Office,,,,
https://www.gov.uk/tax-credits-overpayments,Tax credits overpayments,guide,24f57ae2-9d84-4f39-9817-1fbc39478668,en,publisher,2012-01-24T10:18:00.000Z,2024-12-18T14:26:26.300Z,,,752,"Money,Dealing with HMRC,Tax credit overpayments,Parenting, childcare and children's services ,Tax credits,GOV.UK homepage,Financial help if you have children,Welfare,Tax credits if you have children,Paying HMRC",Government Digital Service,HM Revenue & Customs,,,,
https://www.gov.uk/child-adoption,Child adoption,guide,98900bc9-314e-466a-99ad-adc5565921ab,en,publisher,2012-01-26T13:02:55.000Z,2025-01-21T10:15:44.057Z,,,729,"Life circumstances,Having a child, parenting and adoption,Parenting, childcare and children's services ,GOV.UK homepage,Adoption, fostering and surrogacy,Adoption",Government Digital Service,"Department for Education,HM Courts & Tribunals Service",,,,
https://www.gov.uk/guidance/apply-to-be-associated-with-a-childrens-social-care-service-sc2,Apply to be associated with a children's social care service (SC2),detailed_guide,0ebd9203-daf2-45b2-9f0e-6e68c8c8d7ba,en,whitehall,2020-05-26T23:00:00.000Z,2025-08-01T10:51:25.000Z,,,715,"Parenting, childcare and children's services ,GOV.UK homepage,Children's social care providers,Becoming a children's social care provider,Safeguarding and social care for children",Ofsted,Ofsted,2019 to 2022 Johnson Conservative government,,,
https://www.gov.uk/parents-learning-allowance,Parents' Learning Allowance,guide,f17a4a04-fea2-4e6b-8f87-84f0560c9cba,en,publisher,2012-01-25T15:21:03.000Z,2025-02-03T10:15:37.625Z,,,712,"Benefits for families,Education, training and skills,Financial help if you have children,Financial help if you're a student with children,Life circumstances,Financial help for students who are parents or carers,Welfare,Funding and finance for students,GOV.UK homepage,Parenting, childcare and children's services ,Having a child, parenting and adoption",Government Digital Service,Student Loans Company,,,,
https://www.gov.uk/help-for-disabled-child,Help if you have a disabled child,guide,16c39c48-c2e5-46e8-a71f-7f1c965f9c51,en,publisher,2012-01-26T13:20:51.000Z,2015-03-13T15:03:48.000Z,,,688,"Having a child, parenting and adoption,Welfare,Financial help if you have children,Parenting, childcare and children's services ,Carers and disability benefits,Children's health and welfare,Life circumstances,GOV.UK homepage,Help for children with a long-term illness or disability,Financial help if you have a disabled child,Carers,Disabled people,Health and social care",Government Digital Service,Department for Work and Pensions,,,,
https://www.gov.uk/report-child-abuse,Report child abuse,answer,c60a1480-3b40-4a6d-b837-67e696f94b72,en,publisher,2014-09-23T14:28:58.000Z,2015-03-18T17:42:38.000Z,,,668,"GOV.UK homepage,Crime, justice and law,Reporting crimes and getting compensation,Safeguarding and social care for children,Safeguarding and child protection,Preventing neglect, abuse and exploitation,Parenting, childcare and children's services ",Government Digital Service,Home Office,,,,
https://www.gov.uk/early-years-foundation-stage,Early years foundation stage,answer,c9de05a3-93a6-4ada-a762-ae3f14ecfb80,en,publisher,2012-11-09T09:59:06.000Z,2015-05-11T09:31:21.000Z,,,593,"Early years curriculum (0 to 5),Parenting, childcare and children's services ,Providing childcare,GOV.UK homepage,Childcare and early years,Life circumstances,Education, training and skills,School curriculum,Early years curriculum,Having a child, parenting and adoption",Government Digital Service,Department for Education,,,,
https://www.gov.uk/guidance/report-a-serious-childcare-incident,Report a serious childcare incident,detailed_guide,8e730f47-f51d-4826-9964-b5391903b748,en,whitehall,2020-02-19T12:00:00.000Z,2022-08-19T13:20:12.000Z,,,571,"Children's centres, childminders, pre-schools and nurseries,Parenting, childcare and children's services ,Performance and inspection of childcare providers,Providing childcare,Childcare and early years,GOV.UK homepage",Ofsted,Ofsted,2019 to 2022 Johnson Conservative government,,,
https://www.gov.uk/adding-fathers-name-birth-certificate,Adding a father's name to a birth certificate,answer,d282d35a-2bd2-4e14-a7a6-a04e6b10520f,en,publisher,2012-10-03T13:19:55.000Z,2015-06-03T11:13:44.000Z,,,541,"Disagreements about parentage,Divorce, separation and legal issues,Certificates, register offices, changes of name or gender,GOV.UK homepage,Pregnancy and birth,Register the birth of a child,Life circumstances,Having a child, parenting and adoption,Parenting, childcare and children's services ",Government Digital Service,"HM Passport Office,Ministry of Justice",,,,
https://www.gov.uk/guidance/register-a-childrens-social-care-service-sc1,Register a children’s social care service (SC1),detailed_guide,7e7bd2b3-0a22-42c0-b191-e73af0fa7367,en,whitehall,2020-05-26T23:00:00.000Z,2025-08-01T10:46:46.000Z,,,524,"GOV.UK homepage,Safeguarding and social care for children,Becoming a children's social care provider,Children's social care providers,Parenting, childcare and children's services ",Ofsted,Ofsted,2019 to 2022 Johnson Conservative government,,,
https://www.gov.uk/guidance/criminal-record-checks-for-childminders-and-childcare-workers,DBS checks for childminders and childcare workers,detailed_guide,95b4b801-588f-4f31-9d6d-4d4c20e92916,en,whitehall,2017-10-17T23:00:00.000Z,2024-11-01T09:30:01.000Z,,,518,"Childcare and early years,Becoming a childcare provider,Providing childcare,Parenting, childcare and children's services ,Children's centres, childminders, pre-schools and nurseries,GOV.UK homepage",Ofsted,Ofsted,2016 to 2019 May Conservative government,,,
https://www.gov.uk/guardians-allowance,Guardian's Allowance,guide,e2644b6d-2c90-47e3-89b7-bf69be25465b,en,publisher,2012-01-26T12:58:57.000Z,2015-01-12T14:57:27.000Z,,,516,"Child Benefit,Death and bereavement,Death and benefits,Life circumstances,Parenting, childcare and children's services ,Child benefit,Financial help if you have children,GOV.UK homepage,Welfare,Benefits for families",Government Digital Service,HM Revenue & Customs,,,,
https://www.gov.uk/becoming-foster-parent/help-with-the-cost-of-fostering,Becoming a foster parent in England: Help with the cost of fostering,guide,668f7b53-8546-49be-80de-7685c5350653,en,publisher,2012-01-26T10:33:07.000Z,2015-02-23T15:33:01.000Z,,,502,"Fostering,Having a child, parenting and adoption,Parenting, childcare and children's services ,GOV.UK homepage,Life circumstances,Adoption, fostering and surrogacy",Government Digital Service,"Department for Education,Department for Work and Pensions",,,,
https://www.gov.uk/guidance/apply-to-join-a-nursery-or-other-daycare-organisation-ey2,Apply to join a nursery or other daycare organisation (EY2),detailed_guide,2cf03852-b271-4a61-9f30-aa9de58a5953,en,whitehall,2020-01-30T00:00:00.000Z,2024-11-01T09:30:03.000Z,,,452,"Childcare and early years,Becoming a childcare provider,GOV.UK homepage,Recruiting and managing early years staff,Children's centres, childminders, pre-schools and nurseries,Providing childcare,Parenting, childcare and children's services ",Ofsted,Ofsted,2019 to 2022 Johnson Conservative government,,,
https://www.gov.uk/guidance/sign-in-to-your-payment-provider-account-for-tax-free-childcare,Sign in to your payment provider account for Tax-Free Childcare,detailed_guide,b4084abe-0db3-4c7b-a28e-4e81cca2d05f,en,whitehall,2024-09-25T09:00:01.000Z,2024-09-25T09:00:01.000Z,,,444,"Childcare and early years,GOV.UK homepage,Providing childcare,Parenting, childcare and children's services ",HM Revenue & Customs,HM Revenue & Customs,2024 Starmer Labour government,,,
https://www.gov.uk/widowed-parents-allowance,Widowed Parent's Allowance,guide,bcbf0118-5f54-41c9-a297-09068bacbc0b,en,publisher,2011-09-26T11:43:12.000Z,2015-04-05T23:01:03.000Z,,,413,"Death and benefits,Death and bereavement,Financial help if you have children,GOV.UK homepage,Parenting, childcare and children's services ,Welfare,Life circumstances",Government Digital Service,Department for Work and Pensions,,,,
https://www.gov.uk/guidance/accessing-ofsted-services-with-government-gateway,Accessing Ofsted services with Government Gateway,detailed_guide,3714c9ab-9e71-4c03-a9d5-d6cbce4e582e,en,whitehall,2020-07-07T08:00:00.000Z,2020-07-07T08:00:00.000Z,,,403,"Safeguarding and social care for children,Parenting, childcare and children's services ,GOV.UK homepage,Becoming a children's social care provider,Providing childcare,Becoming a childcare provider,Childcare and early years,Children's social care providers",Ofsted,Ofsted,2019 to 2022 Johnson Conservative government,,,
https://www.gov.uk/savings-for-children,Interest on savings for children,answer,ed9c17c3-e58e-4c59-a35f-871b0b669a87,en,publisher,2014-11-27T13:09:06.000Z,2014-11-28T15:02:33.000Z,,,384,"Money,Savings accounts for children,Life circumstances,Having a child, parenting and adoption,GOV.UK homepage,Tax on savings,Personal tax,Parenting, childcare and children's services ,Financial help if you have children,Tax on savings and investments",Government Digital Service,HM Revenue & Customs,,,,
https://www.gov.uk/guidance/childcare-significant-events-to-notify-ofsted-about,Childcare: significant events to notify Ofsted about,detailed_guide,0c10bf26-ff66-46d7-a2c2-53b3b9dcd0ae,en,whitehall,2022-03-03T00:00:00.000Z,2025-09-19T09:34:47.000Z,,,380,"Providing childcare,Parenting, childcare and children's services ,GOV.UK homepage,Performance and inspection of childcare providers,Childcare and early years",Ofsted,Ofsted,2019 to 2022 Johnson Conservative government,,,
https://www.gov.uk/looking-after-someone-elses-child,Looking after someone else's child,answer,7583313c-c51f-4da2-bf77-a332e4c89678,en,publisher,2014-06-16T15:56:42.000Z,2025-01-15T15:01:47.726Z,,,380,"Life circumstances,Having a child, parenting and adoption,GOV.UK homepage,Fostering,Special guardianship,Adoption, fostering and surrogacy,Parenting, childcare and children's services ",Government Digital Service,Department for Education,,,,
https://www.gov.uk/child-benefit-child-lives-with-someone-else,Child Benefit if your child lives with someone else,answer,a1aac09a-22ee-4e8f-b698-a350a0541a86,en,publisher,2012-10-03T13:13:46.000Z,2023-02-02T12:44:19.850Z,,,373,"Child Benefit,GOV.UK homepage,Welfare,Financial help if you have children,Parenting, childcare and children's services ,Child benefit",Government Digital Service,HM Revenue & Customs,,,,
https://www.gov.uk/guidance/childcare-and-childrens-social-care-health-declaration-form,Childcare and children's social care health declaration forms,detailed_guide,3681f045-036b-4b8d-9609-2433159fff97,en,whitehall,2013-03-03T00:00:00.000Z,2024-11-01T09:30:01.000Z,,,361,"Parenting, childcare and children's services ,Safeguarding and social care for children,GOV.UK homepage,Providing childcare,Becoming a children's social care provider,Becoming a childcare provider,Health and social care,Childcare and early years,Children's social care providers,Social care",Ofsted,Ofsted,2010 to 2015 Conservative and Liberal Democrat coalition government,,,
https://www.gov.uk/child-maintenance-if-one-parent-lives-abroad,Child maintenance if a parent lives abroad,guide,c1e59e21-72cc-451a-9e59-1ff4fff5e07f,en,publisher,2012-08-16T16:07:54.000Z,2024-12-11T14:23:22.217Z,,,351,"Child maintenance,Divorce, separation and legal issues,Having a child, parenting and adoption,Marriage, civil partnership and divorce,Parenting, childcare and children's services ,Life circumstances,GOV.UK homepage",Government Digital Service,"Department for Work and Pensions,HM Courts & Tribunals Service,Official Solicitor and Public Trustee",,,,
https://www.gov.uk/adoption-pay-leave,Adoption pay and leave,guide,79ad4564-8247-42c0-a067-0af86cad73a3,en,publisher,2013-03-12T12:23:58.000Z,2015-02-10T12:11:33.000Z,,,323,"Holidays, time off, sick leave, maternity and paternity leave,Adoption,Adoption, fostering and surrogacy,Parenting, childcare and children's services ,Work,Working, jobs and pensions,GOV.UK homepage",Government Digital Service,Department for Work and Pensions,,,,
https://www.gov.uk/guidance/adoption-support-fund-asf,Adoption and special guardianship support fund (ASGSF),detailed_guide,19e21786-5aad-44b1-839b-8693a3e95853,en,whitehall,2018-07-09T23:00:00.000Z,2025-09-11T08:56:55.000Z,,,323,"Safeguarding and social care for children,Children's health and welfare,Special guardianship,Support for children with special educational needs and disabilities (SEND),Child and family social work,Adoption, fostering and surrogacy,GOV.UK homepage,Adoption,Parenting, childcare and children's services ",Department for Education,Department for Education,2016 to 2019 May Conservative government,,,
https://www.gov.uk/guidance/registration-exemptions,Registration exemptions,detailed_guide,a447c5e5-06d7-4c5f-ae23-7daae42e6165,en,whitehall,2023-12-13T00:00:00.000Z,2024-11-01T09:30:02.000Z,,,323,"GOV.UK homepage,Providing childcare,Parenting, childcare and children's services ,Becoming a childcare provider,Childcare and early years",Ofsted,Ofsted,2022 to 2024 Sunak Conservative government,,,
https://www.gov.uk/child-benefit-move-to-uk,Child Benefit if you move to the UK,answer,5b5a2321-da86-4252-9d2c-9fa3f8e9bfa8,en,publisher,2014-04-24T15:36:46.000Z,2016-07-22T10:31:15.165Z,,,279,"Child benefit,Financial help if you have children,Welfare,GOV.UK homepage,Child Benefit,Parenting, childcare and children's services ",Government Digital Service,HM Revenue & Customs,,,,
https://www.gov.uk/guidance/childminders-report-new-people-in-the-setting,Childminders: report new people in the setting,detailed_guide,22dc7fc0-de5f-409d-a12a-4b0af8c70221,en,whitehall,2020-02-19T00:00:00.000Z,2024-11-01T09:30:01.000Z,,,271,"Parenting, childcare and children's services ,GOV.UK homepage,Children's centres, childminders, pre-schools and nurseries,Providing childcare,Recruiting and managing early years staff,Childcare and early years",Ofsted,Ofsted,2019 to 2022 Johnson Conservative government,,,
https://www.gov.uk/guidance/tell-ofsted-about-an-incident-childrens-social-care-notification,Reporting serious incidents in a children’s social care service to Ofsted,detailed_guide,937dfd31-1dcc-4061-8081-54f7b8283067,en,whitehall,2014-03-29T00:00:00.000Z,2023-10-26T13:30:00.000Z,,,270,"GOV.UK homepage,Safeguarding and social care for children,Parenting, childcare and children's services ,Children's social care providers,Safeguarding and child protection",Ofsted,Ofsted,2010 to 2015 Conservative and Liberal Democrat coalition government,,,
https://www.gov.uk/guidance/childcare-reporting-childrens-accidents-and-injuries,Childcare: reporting children’s accidents and injuries,detailed_guide,63b4f3c4-de87-4d46-9027-5d5d16ebcdc1,en,whitehall,2020-02-19T00:00:00.000Z,2022-02-21T09:30:03.000Z,,,262,"Parenting, childcare and children's services ,GOV.UK homepage,Performance and inspection of childcare providers,Providing childcare,Children's centres, childminders, pre-schools and nurseries,Childcare and early years",Ofsted,Ofsted,2019 to 2022 Johnson Conservative government,,,
https://www.gov.uk/guidance/teacher-misconduct-regulating-the-teaching-profession,Teacher misconduct: regulating the teaching profession,detailed_guide,5f20a683-7631-11e4-a3cb-005056011aef,en,whitehall,2014-03-28T00:00:00.000Z,2024-11-21T12:17:02.000Z,,,254,"Teaching standards, misconduct and practice,Education, training and skills,Teaching and leadership,Safeguarding and child protection,GOV.UK homepage,Safeguarding and social care for children,Parenting, childcare and children's services ",Teaching Regulation Agency,Teaching Regulation Agency,2010 to 2015 Conservative and Liberal Democrat coalition government,,,
https://www.gov.uk/repay-child-benefit-overpayments,Repay Child Benefit overpayments,answer,51bc92b9-5f12-45c0-99c1-1f3bdea9e369,en,publisher,2014-08-12T17:03:27.000Z,2015-04-08T16:45:07.000Z,,,239,"Money,GOV.UK homepage,Child benefit,Welfare,Parenting, childcare and children's services ,Financial help if you have children,Child Benefit,Dealing with HMRC,Paying HMRC,Child Benefit overpayments",Government Digital Service,HM Revenue & Customs,,,,
https://www.gov.uk/guidance/report-changes-to-your-social-care-service-sc3,Report changes to your social care service (SC3),detailed_guide,63e9439f-293d-4cc4-a59b-073262924546,en,whitehall,2020-05-26T23:00:00.000Z,2021-07-01T08:00:04.000Z,,,238,"Parenting, childcare and children's services ,Safeguarding and social care for children,GOV.UK homepage,Children's social care providers",Ofsted,Ofsted,2019 to 2022 Johnson Conservative government,,,
https://www.gov.uk/guidance/apply-to-register-your-nursery-or-other-daycare-organisation-eyo,Apply to register your nursery or other daycare organisation (EYO),detailed_guide,1ced38fb-9a47-41df-80aa-58c980412d6a,en,whitehall,2020-01-30T00:00:00.000Z,2024-11-01T09:30:02.000Z,,,230,"Parenting, childcare and children's services ,Becoming a childcare provider,Childcare and early years,Providing childcare,GOV.UK homepage",Ofsted,Ofsted,2019 to 2022 Johnson Conservative government,,,
https://www.gov.uk/child-benefit-abroad,Child Benefit if you leave the UK,answer,25920434-312a-4fb7-b391-757b9c64faa2,en,publisher,2014-04-15T17:07:19.000Z,2015-02-03T16:12:43.000Z,,,221,"Welfare,Child Benefit,Parenting, childcare and children's services ,Financial help if you have children,GOV.UK homepage,Child benefit",Government Digital Service,HM Revenue & Customs,,,,
https://www.gov.uk/illness-child-education,Illness and your child's education,answer,27b32ebc-36ad-4f23-be4a-a1835e33053f,en,publisher,2012-10-14T22:52:27.000Z,2015-03-19T16:04:59.000Z,,,220,"Dealing with problems at school,Children's health and welfare,Help for children with a long-term illness or disability,Health, safety and wellbeing in schools,Starting and attending school,GOV.UK homepage,Home schooling,Education, training and skills,Pupil wellbeing, behaviour and attendance,Parenting, childcare and children's services ",Government Digital Service,Department for Education,,,,
https://www.gov.uk/guidance/school-based-nursery-capital-grant-2027-to-2030,School-based Nursery Capital Grant 2027 to 2030,detailed_guide,55250224-c9d6-497e-880b-83acc368f1dc,en,whitehall,2026-02-04T10:00:02.000Z,2026-02-04T10:00:02.000Z,,,195,"Parenting, childcare and children's services ,Childcare and early years,GOV.UK homepage,Providing childcare",Department for Education,Department for Education,2024 Starmer Labour government,,,
https://www.gov.uk/find-sure-start-childrens-centre,Find a Sure Start Children's Centre,answer,6c0b86c0-95a7-4cb0-8965-b6c75f42602d,en,publisher,2012-10-15T12:18:53.000Z,2015-06-29T15:01:07.000Z,,,195,"Parenting, childcare and children's services ,Life circumstances,Childcare and early years,Marriage, civil partnership and divorce,GOV.UK homepage,Finding childcare,Having a child, parenting and adoption,Help and support if you have children",Government Digital Service,Department for Education,,,,
https://www.gov.uk/guidance/report-a-serious-incident-in-a-supported-accommodation-service,Report a serious incident in a supported accommodation service,detailed_guide,d8a00317-5d22-4bf4-b5ce-1ed6b7113e4b,en,whitehall,2023-10-25T23:00:00.000Z,2023-10-25T23:00:00.000Z,,,195,"Safeguarding and child protection,GOV.UK homepage,Parenting, childcare and children's services ,Safeguarding and social care for children,Becoming a children's social care provider,Children's social care providers",Ofsted,Ofsted,2022 to 2024 Sunak Conservative government,,,
https://www.gov.uk/guidance/ofsted-services-forgotten-your-government-gateway-password,Ofsted services: forgotten your Government Gateway password,detailed_guide,b0ce2092-ce6c-477f-ae11-15d5ce8cf449,en,whitehall,2020-07-07T08:00:00.000Z,2020-07-07T08:00:00.000Z,,,193,"Incidents, concerns and feedback about children's social care providers,GOV.UK homepage,Childcare and early years,Safeguarding and social care for children,Parenting, childcare and children's services ,Becoming a children's social care provider,Inspection of children's social care providers,Children's social care providers,Providing childcare,Becoming a childcare provider",Ofsted,Ofsted,2019 to 2022 Johnson Conservative government,,,
https://www.gov.uk/child-benefit-child-parent-dies,Child Benefit if a child or parent dies,guide,2f76be61-dca7-48a1-aaed-72e3bbc24be0,en,publisher,2012-01-26T12:57:13.000Z,2014-12-09T18:00:56.000Z,,,193,"Child Benefit,Welfare,GOV.UK homepage,Financial help if you have children,Death and benefits,Child benefit,Parenting, childcare and children's services ",Government Digital Service,HM Revenue & Customs,,,,
https://www.gov.uk/claim-child-benefit-behalf-someone-else,Claim and deal with Child Benefit for someone else,guide,0ed58e79-d9f6-4bed-bbe4-c6b5bad1a543,en,publisher,2012-01-26T12:56:40.000Z,2015-02-19T13:45:13.000Z,,,189,"Welfare,Parenting, childcare and children's services ,Child benefit,Life circumstances,Lasting power of attorney, being in care and managing finances,GOV.UK homepage,Financial help if you have children,Child Benefit",Government Digital Service,HM Revenue & Customs,,,,
https://www.gov.uk/guidance/apply-to-join-the-childcare-register-cr1,Apply to join the Childcare Register (CR1),detailed_guide,c40d3645-6df0-4e6a-ac79-9108baf321f3,en,whitehall,2020-01-30T00:00:00.000Z,2025-04-10T08:30:03.000Z,,,189,"GOV.UK homepage,Parenting, childcare and children's services ,Childcare and early years,Providing childcare,Becoming a childcare provider",Ofsted,Ofsted,2019 to 2022 Johnson Conservative government,,,
https://www.gov.uk/register-stillbirth,Register a stillbirth,answer,e8c48e4e-24f0-4d87-bf75-587e986361ac,en,publisher,2012-01-05T16:00:59.000Z,2018-01-05T12:31:06.244Z,,,171,"Life circumstances,Parenting, childcare and children's services ,Death and bereavement,Certificates, register offices, changes of name or gender,Pregnancy and birth,Register the birth of a child,GOV.UK homepage,Having a child, parenting and adoption",Government Digital Service,HM Passport Office,,,,
https://www.gov.uk/au-pairs-employment-law,Employing someone to work in your home,guide,61289398-23be-4fad-b7c0-0da35e512148,en,publisher,2012-12-04T10:51:03.000Z,2024-10-22T11:35:57.980Z,,,166,"Finding childcare,Income Tax,Childcare and early years,Personal tax,Money,Parenting, childcare and children's services ,Contracts and working hours,Working, jobs and pensions,GOV.UK homepage,Work",Government Digital Service,"Department for Business and Trade,Department for Business, Energy & Industrial Strategy,Department for Work and Pensions,HM Revenue & Customs",,,,
https://www.gov.uk/legal-rights-when-using-surrogates-and-donors,Surrogacy: legal rights of parents and surrogates,guide,c1f2d495-5d34-4372-bf9a-d61eb92a5222,en,publisher,2012-10-09T19:18:21.000Z,2015-04-05T00:01:07.000Z,,,157,"Life circumstances,Surrogacy,Adoption, fostering and surrogacy,Parenting, childcare and children's services ,Having a child, parenting and adoption,GOV.UK homepage,Adoption",Government Digital Service,"HM Courts & Tribunals Service,Human Fertilisation and Embryology Authority",,,,
https://www.gov.uk/care-to-learn,Care to Learn,guide,c1873350-0c82-469d-9f59-4658be95fdd2,en,publisher,2012-01-25T14:18:43.000Z,2014-12-02T16:14:19.000Z,,,156,"Financial help if you're a student with children,Financial support for childcare,Education, training and skills,Financial help for students who are parents or carers,Benefits for families,GOV.UK homepage,Parenting, childcare and children's services ,Welfare,Funding and finance for students,Financial help if you have children",Government Digital Service,"Department for Education,Department for Work and Pensions",,,,
https://www.gov.uk/guidance/daycare-roles-that-must-register-with-ofsted,Daycare roles that must register with Ofsted,detailed_guide,6554dd1d-d48d-4e2b-997a-7fd724b1d4a0,en,whitehall,2020-01-30T00:00:00.000Z,2025-09-19T09:37:15.000Z,,,148,"Recruiting and managing early years staff,Childcare and early years,Children's centres, childminders, pre-schools and nurseries,Becoming a childcare provider,Parenting, childcare and children's services ,Providing childcare,GOV.UK homepage",Ofsted,Ofsted,2019 to 2022 Johnson Conservative government,,,
https://www.gov.uk/child-benefit-complaints,Child Benefit complaints,answer,a6c7e355-6c65-437d-a498-d1ac5c8dbcd2,en,publisher,2013-08-19T17:52:01.000Z,2017-11-23T16:35:42.016Z,,,143,"Complaints and appeals,Financial help if you have children,Parenting, childcare and children's services ,Dealing with HMRC,Welfare,Child benefit,Child Benefit,Money,GOV.UK homepage",Government Digital Service,HM Revenue & Customs,,,,
https://www.gov.uk/leaving-foster-or-local-authority-care,Leaving foster or local authority care,answer,aa2b6cbb-aaaa-437f-ba03-5e6133c7036a,en,publisher,2011-12-12T12:08:43.000Z,2015-06-12T15:11:16.000Z,,,143,"Local councils and services,Children and young people leaving care,Regional and local government,Lasting power of attorney, being in care and managing finances,GOV.UK homepage,Looked-after children and children in care,Safeguarding and social care for children,Parenting, childcare and children's services ,Life circumstances",Government Digital Service,Department for Education,,,,
https://www.gov.uk/if-your-child-is-taken-into-care/care-proceedings,If your child is taken into care: Care proceedings,guide,78e342ee-92ad-4f78-8ac0-4392051e1309,en,publisher,2012-10-25T12:29:04.000Z,2015-11-09T14:20:14.000Z,,,142,"Safeguarding and social care for children,GOV.UK homepage,Education, training and skills,Education of disadvantaged children,Life circumstances,Parenting, childcare and children's services ,Looked-after children and children in care,Having a child, parenting and adoption",Government Digital Service,"Cafcass,Department of Health and Social Care,HM Courts & Tribunals Service",,,,
https://www.gov.uk/changes-affect-tax-credits,Report changes that affect your tax credits,answer,c9259172-5432-43a6-b710-409d463c7627,en,publisher,2012-10-15T16:39:35.000Z,2024-12-18T14:25:41.134Z,,,140,"Tax credits,Tax credits if you have children,Financial help if you have children,Parenting, childcare and children's services ,GOV.UK homepage,Welfare",Government Digital Service,HM Revenue & Customs,,,,
https://www.gov.uk/guidance/childminders-on-the-compulsory-childcare-register-ofsted-requirements,Childminders on the compulsory Childcare Register: Ofsted requirements,detailed_guide,d96b59fa-8f7d-4b35-91ca-0653f9ba780a,en,whitehall,2022-08-08T23:00:00.000Z,2025-04-10T08:30:03.000Z,,,140,"GOV.UK homepage,Providing childcare,Childcare and early years,Performance and inspection of childcare providers,Parenting, childcare and children's services ,Becoming a childcare provider",Ofsted,Ofsted,2019 to 2022 Johnson Conservative government,,,
https://www.gov.uk/guidance/childcare-on-domestic-premises,Childcare on domestic premises,detailed_guide,79840851-5f74-41b5-9b1c-716143875584,en,whitehall,2023-09-20T23:00:00.000Z,2024-11-01T09:30:01.000Z,,,139,"Becoming a childcare provider,Parenting, childcare and children's services ,GOV.UK homepage,Childcare and early years,Providing childcare",Ofsted,Ofsted,2022 to 2024 Sunak Conservative government,,,
https://www.gov.uk/guidance/conduct-during-ofsted-inspections,Ofsted's code of conduct: collaborative inspection and regulation,detailed_guide,6a1743df-9d0e-4999-acc3-fd9e2fcd3940,en,whitehall,2020-03-04T00:00:00.000Z,2025-11-05T09:30:03.000Z,,,136,"Safeguarding and social care for children,Children's social care providers,Inspection and performance of schools,Education, training and skills,Inspection and performance of further education providers,Inspections and performance of education providers,Inspection of children's social care providers,Parenting, childcare and children's services ,GOV.UK homepage",Ofsted,Ofsted,2019 to 2022 Johnson Conservative government,,,
https://www.gov.uk/ofsted-inspection-childcare-provider,Being inspected as a childminder or childcare provider,answer,a14926b3-90f9-4ffa-9b17-83cc6602946d,en,publisher,2014-11-27T14:46:29.000Z,2014-11-27T15:14:39.000Z,,,130,"Performance and inspection of childcare providers,Providing childcare,Becoming a childcare provider,GOV.UK homepage,Parenting, childcare and children's services ,Childcare and early years",Government Digital Service,Ofsted,,,,
https://www.gov.uk/guidance/sharing-information-outside-of-court-in-family-proceedings,Sharing information outside of court in family proceedings,detailed_guide,09409fe0-dea3-49d6-8bf6-416de3907dd1,en,whitehall,2013-06-30T23:00:00.000Z,2025-04-14T10:47:46.000Z,,,123,"Divorce, separation and legal issues,Safeguarding and child protection,Children's health and welfare,Adoption, fostering and surrogacy,GOV.UK homepage,Safeguarding and social care for children,Parenting, childcare and children's services ,Data collection for safeguarding and child protection",HM Courts & Tribunals Service,HM Courts & Tribunals Service,2010 to 2015 Conservative and Liberal Democrat coalition government,,,
https://www.gov.uk/tax-credits-appeals-complaints/disagree-with-a-tax-credits-decision,Tax credits: appeals and complaints: Disagree with a tax credits decision,guide,33f3c46f-1df5-465d-8013-9731468584fe,en,publisher,2012-10-03T15:03:46.000Z,2024-12-18T14:00:31.687Z,,,122,"Tax credits if you have children,Parenting, childcare and children's services ,GOV.UK homepage,Dealing with HMRC,Financial help if you have children,Money,Complaints and appeals,Welfare,Tax credits",Government Digital Service,HM Revenue & Customs,,,,
https://www.gov.uk/guidance/add-a-setting-to-your-application-to-register-a-daycare-eys,Add a setting to your application to register a daycare (EYS),detailed_guide,11c86fb5-5141-4230-9633-5128aef80fcd,en,whitehall,2020-01-30T00:00:00.000Z,2020-01-30T00:00:00.000Z,,,117,"Becoming a childcare provider,Providing childcare,Parenting, childcare and children's services ,GOV.UK homepage,Childcare and early years,Children's centres, childminders, pre-schools and nurseries",Ofsted,Ofsted,2019 to 2022 Johnson Conservative government,,,
https://www.gov.uk/guidance/childrens-homes-recruiting-staff,Children's homes: recruiting staff,detailed_guide,9b45b68f-9674-4bdf-9e41-16651c369103,en,whitehall,2022-08-15T08:30:00.000Z,2023-06-15T08:30:23.000Z,,,112,"Becoming a children's social care provider,Children's homes and other residential care inspections,GOV.UK homepage,Parenting, childcare and children's services ,Inspection of children's social care providers,Children's social care providers,Safeguarding and social care for children",Ofsted,Ofsted,2019 to 2022 Johnson Conservative government,,,
https://www.gov.uk/stop-child-passport,Stop someone getting a passport,answer,2ac8a45e-592c-42d3-bf15-0ae94b831b90,en,publisher,2015-07-24T11:04:00.000Z,2022-09-29T15:29:08.919Z,,,111,"Divorce, separation and legal issues,Parenting, childcare and children's services ,Child custody,Child abduction and cross-border child protection,Safeguarding and social care for children,Passports,Safeguarding and child protection,Going and being abroad,GOV.UK homepage",Government Digital Service,HM Passport Office,,,,
https://www.gov.uk/guidance/people-connected-with-ofsted-registered-childcare,People connected with Ofsted-registered childcare,detailed_guide,e577eb19-b127-45d7-b972-69b119f0a4c3,en,whitehall,2018-09-05T23:00:00.000Z,2024-11-01T09:30:01.000Z,,,109,"Becoming a childcare provider,Providing childcare,Parenting, childcare and children's services ,GOV.UK homepage,Childcare and early years,Performance and inspection of childcare providers",Ofsted,Ofsted,2016 to 2019 May Conservative government,,,
https://www.gov.uk/guidance/daycare-providers-on-the-voluntary-childcare-register-ofsted-requirements,Daycare providers on the voluntary Childcare Register: Ofsted requirements,detailed_guide,00fa7360-c5f1-43b2-9e13-03951e428f5a,en,whitehall,2022-08-08T23:00:00.000Z,2025-04-10T08:30:07.000Z,,,109,"Becoming a childcare provider,Performance and inspection of childcare providers,Childcare and early years,Providing childcare,GOV.UK homepage,Parenting, childcare and children's services ",Ofsted,Ofsted,2019 to 2022 Johnson Conservative government,,,
https://www.gov.uk/guidance/report-changes-to-registered-people-in-your-nursery-or-other-daycare-ey3,Report changes to registered people in your nursery or other daycare,detailed_guide,e362edc7-210e-4d2d-b682-1f532af90544,en,whitehall,2020-01-30T00:00:00.000Z,2024-02-27T09:30:14.000Z,,,109,"GOV.UK homepage,Recruiting and managing early years staff,Childcare and early years,Parenting, childcare and children's services ,Providing childcare",Ofsted,Ofsted,2019 to 2022 Johnson Conservative government,,,
https://www.gov.uk/guidance/register-as-a-childminder-without-domestic-premises,Register as a childminder without domestic premises,detailed_guide,a55ad6b5-8481-46d6-8727-f910cdfeb15f,en,whitehall,2024-11-01T09:30:00.000Z,2024-11-01T09:30:00.000Z,,,107,"Parenting, childcare and children's services ,Childcare and early years,Becoming a childcare provider,GOV.UK homepage,Providing childcare",Ofsted,Ofsted,2024 Starmer Labour government,,,
https://www.gov.uk/guidance/how-to-become-a-contracted-ofsted-inspector,How to become a contracted Ofsted inspector,detailed_guide,bcb12997-633a-4982-afb6-7531f1dc529c,en,whitehall,2022-01-19T00:00:00.000Z,2023-01-10T15:27:26.000Z,,,107,"Inspection of children's social care providers,GOV.UK homepage,Inspection of further education and skills providers,Parenting, childcare and children's services ,Inspections and performance of education providers,Inspection and performance of schools,Safeguarding and social care for children,Children's social care providers,Education, training and skills,Inspection and performance of further education providers,Inspection of maintained schools and academies",Ofsted,Ofsted,2019 to 2022 Johnson Conservative government,,,
https://www.gov.uk/guidance/carrying-out-childcare-register-inspections,Carrying out Childcare Register compliance inspections,detailed_guide,ad9741b4-272a-4eba-8cd8-a606aaed7e84,en,whitehall,2020-02-24T00:00:00.000Z,2025-11-07T09:30:02.000Z,,,105,"Performance and inspection of childcare providers,GOV.UK homepage,Childcare and early years,Parenting, childcare and children's services ,Providing childcare,Children's centres, childminders, pre-schools and nurseries",Ofsted,Ofsted,2019 to 2022 Johnson Conservative government,,,
https://www.gov.uk/guidance/registering-childrens-homes-in-an-emergency,Registering children’s homes in an emergency: priority applications,detailed_guide,fbf76e84-0499-4162-9b4b-9292fa7fb641,en,whitehall,2020-05-10T23:00:00.000Z,2025-09-18T08:30:00.000Z,,,105,"Parenting, childcare and children's services ,Safeguarding and social care for children,COVID-19,Health and social care,Children's social care providers,Becoming a children's social care provider,GOV.UK homepage,Social care,Healthcare workers, carers and care settings during COVID-19",Ofsted,Ofsted,2019 to 2022 Johnson Conservative government,,,
https://www.gov.uk/guidance/add-another-setting-to-your-nursery-or-other-daycare-organisation-eys,Add another setting to your nursery or other daycare organisation (EYS),detailed_guide,8e55042a-2eee-49d3-82b7-762ffa0cdf6b,en,whitehall,2020-01-30T00:00:00.000Z,2023-05-10T11:52:11.000Z,,,98,"Children's centres, childminders, pre-schools and nurseries,Becoming a childcare provider,Childcare and early years,GOV.UK homepage,Parenting, childcare and children's services ,Providing childcare",Ofsted,Ofsted,2019 to 2022 Johnson Conservative government,,,
https://www.gov.uk/guidance/nanny-ofsted-requirements,Nanny: Ofsted requirements,detailed_guide,b1310112-c26f-41f5-9781-351f990daa4e,en,whitehall,2022-08-09T08:30:00.000Z,2023-03-07T11:17:07.000Z,,,97,"Parenting, childcare and children's services ,GOV.UK homepage,Becoming a childcare provider,Childcare and early years,Providing childcare,Performance and inspection of childcare providers",Ofsted,Ofsted,2019 to 2022 Johnson Conservative government,,,
https://www.gov.uk/guidance/childminders-on-the-voluntary-childcare-register-ofsted-requirements,Childminders on the voluntary Childcare Register: Ofsted requirements,detailed_guide,34dd1f11-b473-4a1c-9214-3ed7d6669c7b,en,whitehall,2022-08-08T23:00:00.000Z,2024-11-01T09:30:01.000Z,,,97,"Performance and inspection of childcare providers,Childcare and early years,GOV.UK homepage,Becoming a childcare provider,Providing childcare,Parenting, childcare and children's services ",Ofsted,Ofsted,2019 to 2022 Johnson Conservative government,,,
https://www.gov.uk/guidance/contracted-ofsted-inspectors-for-early-years-childcare,Contracted Ofsted inspectors for early years childcare and social care,detailed_guide,84ce25d4-0187-4e0f-98cc-067d8da28fa9,en,whitehall,2022-01-19T00:00:00.000Z,2024-11-01T09:30:02.000Z,,,96,"Childcare and early years,Parenting, childcare and children's services ,Providing childcare,Performance and inspection of childcare providers,GOV.UK homepage",Ofsted,Ofsted,2019 to 2022 Johnson Conservative government,,,
https://www.gov.uk/child-benefit-for-children-in-hospital-or-care,"Child Benefit for children in hospital, care or residential accommodation",answer,824913d8-94b1-497a-8ee4-fa4c3599b19c,en,publisher,2013-08-19T17:51:55.000Z,2016-07-28T15:59:24.804Z,,,90,"Welfare,Financial help if you have children,Child Benefit,Parenting, childcare and children's services ,GOV.UK homepage,Child benefit",Government Digital Service,HM Revenue & Customs,,,,
https://www.gov.uk/guidance/school-based-nursery-capital-grant-2025-to-2026,School-based Nursery Capital Grant 2025 to 2026,detailed_guide,b1ff1562-2e00-48b7-8055-df90089bb4ca,en,whitehall,2025-09-03T23:00:00.000Z,2025-12-11T17:00:01.000Z,,,87,"Providing childcare,GOV.UK homepage,Childcare and early years,Parenting, childcare and children's services ",Department for Education,Department for Education,2024 Starmer Labour government,,,
https://www.gov.uk/guidance/family-nurse-partnership-programme,Family Nurse Partnership programme,detailed_guide,86918726-4045-4ec9-ae51-94114b0b1af8,en,whitehall,2024-07-17T23:00:00.000Z,2025-06-18T12:51:15.000Z,,,85,"Pregnancy and birth,National Health Service,Safeguarding and child protection,Safeguarding and social care for children,Health protection,Health and social care,Children's health and welfare,Health improvement,Parenting, childcare and children's services ,Health surveillance and reporting programmes,Public health,Health workforce,GOV.UK homepage,Children's health",Office for Health Improvement and Disparities,Office for Health Improvement and Disparities,2024 Starmer Labour government,,,
https://www.gov.uk/guidance/tell-ofsted-you-want-to-contract-as-an-inspector,Tell Ofsted you want to contract as an inspector,detailed_guide,e97d2303-5155-431d-af2a-87a211f6226e,en,whitehall,2022-01-19T00:00:00.000Z,2023-02-03T12:28:09.000Z,,,83,"GOV.UK homepage,Childcare and early years,Providing childcare,Inspection and performance of further education providers,Children's social care providers,Education, training and skills,Inspections and performance of education providers,Safeguarding and social care for children,Inspection and performance of schools,Parenting, childcare and children's services ,Inspection of further education and skills providers,Inspection of children's social care providers,Inspection of maintained schools and academies",Ofsted,Ofsted,2019 to 2022 Johnson Conservative government,,,
https://www.gov.uk/guidance/pay-your-childcare-or-social-care-invoice,Pay your childcare or social care invoice,detailed_guide,b96fb074-ec7b-4da2-bfd2-84bae868d9f8,en,whitehall,2020-01-30T10:00:00.000Z,2020-05-27T09:00:11.000Z,,,81,"Providing childcare,Children's social care providers,Becoming a children's social care provider,Safeguarding and social care for children,Childcare and early years,Children's centres, childminders, pre-schools and nurseries,Becoming a childcare provider,Parenting, childcare and children's services ,GOV.UK homepage",Ofsted,Ofsted,2019 to 2022 Johnson Conservative government,,,
https://www.gov.uk/guidance/daycare-providers-on-the-compulsory-childcare-register-ofsted-requirements,Daycare providers on the compulsory Childcare Register: Ofsted requirements,detailed_guide,0a2eeda4-5618-4cd5-b443-85200ef3a98b,en,whitehall,2022-08-08T23:00:00.000Z,2025-04-10T08:30:03.000Z,,,79,"Providing childcare,Parenting, childcare and children's services ,GOV.UK homepage,Childcare and early years,Becoming a childcare provider,Performance and inspection of childcare providers",Ofsted,Ofsted,2019 to 2022 Johnson Conservative government,,,
https://www.gov.uk/guidance/report-a-serious-incident-in-an-independent-fostering-agency,Report a serious incident in an independent fostering agency,detailed_guide,bd29bd9d-3e0e-4485-9c59-940888aeb28b,en,whitehall,2023-10-26T13:30:00.000Z,2023-10-26T13:30:00.000Z,,,75,"GOV.UK homepage,Adoption, fostering and surrogacy,Becoming a children's social care provider,Parenting, childcare and children's services ,Fostering,Children's social care providers,Safeguarding and social care for children,Safeguarding and child protection",Ofsted,Ofsted,2022 to 2024 Sunak Conservative government,,,
https://www.gov.uk/guidance/social-care-apply-to-cancel-registration-as-a-provider-or-manager,Social care: apply to cancel registration as a provider or manager,detailed_guide,2ec7c9a1-f508-4b70-b297-b9d09414fa8c,en,whitehall,2012-10-02T23:00:00.000Z,2023-12-18T09:34:49.000Z,,,68,"Health and social care,Becoming a childcare provider,Providing childcare,Social care,Children's social care providers,Parenting, childcare and children's services ,Childcare and early years,Safeguarding and social care for children,GOV.UK homepage,Becoming a children's social care provider",Ofsted,Ofsted,2010 to 2015 Conservative and Liberal Democrat coalition government,,,
https://www.gov.uk/guidance/ofsted-services-forgotten-your-government-gateway-user-id,Ofsted services: forgotten your Government Gateway user ID,detailed_guide,a70f828a-5e99-42c2-a548-c9a56f83ecb7,en,whitehall,2020-07-07T08:00:00.000Z,2020-07-07T08:00:00.000Z,,,68,"Children's social care providers,Becoming a children's social care provider,Safeguarding and social care for children,GOV.UK homepage,Providing childcare,Becoming a childcare provider,Parenting, childcare and children's services ,Childcare and early years",Ofsted,Ofsted,2019 to 2022 Johnson Conservative government,,,
https://www.gov.uk/guidance/pay-your-ofsted-annual-registration-fee-by-direct-debit,Pay your Ofsted annual registration fee by direct debit,detailed_guide,d6801a94-23c5-4e1a-a775-f71d54207fbb,en,whitehall,2020-02-13T00:00:00.000Z,2020-02-13T00:00:00.000Z,,,67,"Parenting, childcare and children's services ,Childcare and early years,GOV.UK homepage",Ofsted,Ofsted,2019 to 2022 Johnson Conservative government,,,
https://www.gov.uk/guidance/surveillance-and-monitoring-in-residential-childcare-settings,Surveillance and monitoring in residential childcare settings,detailed_guide,c19b3437-251b-4425-a296-c5e96c39ae19,en,whitehall,2019-10-02T23:00:00.000Z,2024-07-26T08:30:02.000Z,,,63,"Inspection of children's social care providers,GOV.UK homepage,Parenting, childcare and children's services ,Children's social care providers,Safeguarding and social care for children",Ofsted,Ofsted,2019 to 2022 Johnson Conservative government,,,
https://www.gov.uk/guidance/report-a-serious-child-safeguarding-incident,Report the death or serious harm of a child or care leaver,detailed_guide,223d9505-2d9c-46ef-9854-c9e169e37479,en,whitehall,2018-06-28T23:00:00.000Z,2025-09-30T11:42:19.000Z,,,63,"Pupil wellbeing, behaviour and attendance,Child and family social work,Children's social care providers,Safeguarding pupils,Preventing neglect, abuse and exploitation,Education, training and skills,Inspection of children's social care providers,GOV.UK homepage,Incidents, concerns and feedback about children's social care providers,Safeguarding and child protection,Safeguarding and social care for children,Parenting, childcare and children's services ",Department for Education,"Department for Education,Child Safeguarding Practice Review Panel,Ofsted",2016 to 2019 May Conservative government,,,
https://www.gov.uk/guidance/applying-to-work-some-of-the-time-on-non-domestic-premises-eya,Applying to work some of the time on non-domestic premises (EYA),detailed_guide,a99cc5c8-d26d-4abb-aff8-62f4f5dea9d4,en,whitehall,2022-08-01T23:00:00.000Z,2025-12-12T09:30:02.000Z,,,61,"Childcare and early years,GOV.UK homepage,Parenting, childcare and children's services ",Ofsted,Ofsted,2019 to 2022 Johnson Conservative government,,,
https://www.gov.uk/guidance/childcare-application-review,Childcare: application review,detailed_guide,b9efaad5-8ef3-4c04-a983-8ab4a2191120,en,whitehall,2023-08-30T23:00:00.000Z,2024-11-01T09:30:01.000Z,,,61,"Providing childcare,GOV.UK homepage,Performance and inspection of childcare providers,Parenting, childcare and children's services ,Becoming a childcare provider,Childcare and early years",Ofsted,Ofsted,2022 to 2024 Sunak Conservative government,,,
https://www.gov.uk/guidance/ofsted-services-multi-factor-authentication-for-government-gateway,Ofsted services: multi-factor authentication for Government Gateway,detailed_guide,dde5e2c9-a8d0-4fb4-b27d-12ed56730802,en,whitehall,2020-07-07T08:00:00.000Z,2020-07-07T08:00:00.000Z,,,58,"Parenting, childcare and children's services ,GOV.UK homepage,Becoming a children's social care provider,Becoming a childcare provider,Childcare and early years,Safeguarding and social care for children,Children's social care providers,Providing childcare",Ofsted,Ofsted,2019 to 2022 Johnson Conservative government,,,
https://www.gov.uk/guidance/mental-health-data-and-analysis-a-guide-for-health-professionals,Mental health data and analysis: a guide for health professionals,detailed_guide,b61fd3cb-77b7-4236-96a3-6e87ea237895,en,whitehall,2017-05-02T23:00:00.000Z,2025-11-04T11:29:18.000Z,,,57,"GOV.UK homepage,Children's health and welfare,Mental health of children and young people,Health and social care,Health conditions,Mental health,Health improvement,Parenting, childcare and children's services ,Public health,Pregnancy and birth",Office for Health Improvement and Disparities,Office for Health Improvement and Disparities,2016 to 2019 May Conservative government,,,
https://www.gov.uk/guidance/providing-childcare-and-the-2-hour-rule,Providing childcare and the 2-hour rule,detailed_guide,4ec6766a-8905-4b30-ae75-a7ded90d46e8,en,whitehall,2020-02-19T00:00:00.000Z,2020-02-19T00:00:00.000Z,,,51,"Providing childcare,Parenting, childcare and children's services ,Becoming a childcare provider,Childcare and early years,GOV.UK homepage,Children's centres, childminders, pre-schools and nurseries",Ofsted,Ofsted,2019 to 2022 Johnson Conservative government,,,
https://www.gov.uk/guidance/principles-for-carrying-out-early-years-inspection-and-regulatory-work-without-notice,Principles for carrying out early years inspection and regulatory work without notice,detailed_guide,f75fcb52-2f5e-4402-bdba-8e0381049c87,en,whitehall,2025-11-07T09:30:01.000Z,2025-11-07T09:30:01.000Z,,,47,"Providing childcare,Performance and inspection of childcare providers,Parenting, childcare and children's services ,GOV.UK homepage,Childcare and early years",Ofsted,Ofsted,2024 Starmer Labour government,,,
https://www.gov.uk/guidance/child-abduction-accredited-solicitors-referral-list,Child abduction: accredited solicitors referral list,detailed_guide,601ffbf6-7631-11e4-a3cb-005056011aef,en,whitehall,2014-08-03T23:00:00.000Z,2026-01-13T13:36:12.000Z,,,45,"Going and being abroad,Divorce, separation and legal issues,Countries (Living In),Child custody,Crime, justice and law,Parenting, childcare and children's services ,GOV.UK homepage",Official Solicitor and Public Trustee,Official Solicitor and Public Trustee,2010 to 2015 Conservative and Liberal Democrat coalition government,,,
https://www.gov.uk/guidance/children-in-need-census,Children in need census: guide to submitting data,detailed_guide,5f209bf9-7631-11e4-a3cb-005056011aef,en,whitehall,2014-03-25T00:00:00.000Z,2025-11-18T17:57:07.000Z,,,38,"GOV.UK homepage,Looked-after children and children in care,Safeguarding and social care for children,Data collection for looked-after children,Data collection for safeguarding and child protection,Safeguarding and child protection,Parenting, childcare and children's services ",Department for Education,Department for Education,2010 to 2015 Conservative and Liberal Democrat coalition government,,,
https://www.gov.uk/guidance/expanding-a-registered-setting-into-new-premises,Expanding a registered setting into new premises,detailed_guide,61294d0e-1ab2-4f37-a969-0ecfec2f9c6e,en,whitehall,2025-01-24T00:00:00.000Z,2025-09-12T08:30:05.000Z,,,34,"GOV.UK homepage,Providing childcare,Parenting, childcare and children's services ,Childcare and early years,Becoming a childcare provider",Ofsted,Ofsted,2024 Starmer Labour government,,,
https://www.gov.uk/guidance/get-a-dbs-check-if-you-live-or-work-in-a-childcare-setting,Get a DBS check if you live or work in a childcare setting,detailed_guide,5bbae36d-4a80-4920-934f-dc29c919ea2c,en,whitehall,2020-03-27T00:00:00.000Z,2025-04-15T08:30:01.000Z,,,30,"Parenting, childcare and children's services ,Safeguarding and social care for children,Childcare and early years,GOV.UK homepage",Ofsted,Ofsted,2019 to 2022 Johnson Conservative government,,,
https://www.gov.uk/guidance/ofsted-services-you-no-longer-have-access-to-your-email,Ofsted services: you no longer have access to your email,detailed_guide,273e557b-f674-4adb-8248-c9ca72efb115,en,whitehall,2020-07-07T08:00:00.000Z,2020-07-07T08:00:00.000Z,,,28,"Becoming a children's social care provider,Providing childcare,Children's social care providers,Childcare and early years,Becoming a childcare provider,GOV.UK homepage,Safeguarding and social care for children,Parenting, childcare and children's services ",Ofsted,Ofsted,2019 to 2022 Johnson Conservative government,,,
https://www.gov.uk/guidance/reducing-parental-conflict-the-impact-on-children,Reducing Parental Conflict: the impact on children,detailed_guide,3372347b-2365-4f7e-b4cb-50afc8860ff5,en,whitehall,2021-01-18T12:00:00.000Z,2021-01-18T12:00:00.000Z,,,28,"Children's health and welfare,Safeguarding and social care for children,Parenting, childcare and children's services ,GOV.UK homepage",Department for Work and Pensions,Department for Work and Pensions,2019 to 2022 Johnson Conservative government,,,
https://www.gov.uk/guidance/sign-up-to-tax-free-childcare-if-youre-a-payment-provider,Sign up to Tax-Free Childcare if you’re a payment provider,detailed_guide,2779d455-d3d7-44db-8796-1b84ac822ad7,en,whitehall,2024-09-24T23:00:00.000Z,2024-09-24T23:00:00.000Z,,,27,"Childcare and early years,Parenting, childcare and children's services ,Providing childcare,GOV.UK homepage",HM Revenue & Customs,HM Revenue & Customs,2024 Starmer Labour government,,,
https://www.gov.uk/guidance/child-safety-blind-cords,Child safety: blind cords,detailed_guide,57c92ead-c381-44b3-bab2-349d91036379,en,whitehall,2021-02-15T00:00:00.000Z,2024-01-25T11:45:21.000Z,,,24,"GOV.UK homepage,Parenting, childcare and children's services ",Office for Product Safety and Standards,Office for Product Safety and Standards,2019 to 2022 Johnson Conservative government,,,
https://www.gov.uk/guidance/children-looked-after-return-guide-to-submitting-data,Children looked after return: guide to submitting data,detailed_guide,5f1fff25-7631-11e4-a3cb-005056011aef,en,whitehall,2014-03-25T00:00:00.000Z,2025-11-05T08:52:31.000Z,,,24,"Looked-after children and children in care,Data collection for looked-after children,GOV.UK homepage,Parenting, childcare and children's services ,Safeguarding and social care for children",Department for Education,Department for Education,2010 to 2015 Conservative and Liberal Democrat coalition government,,,
https://www.gov.uk/guidance/principles-for-deciding-when-more-than-one-inspector-is-needed-for-early-years-inspection-and-regulatory-activity,Principles for deciding when more than one inspector is needed for early years inspection and regulatory activity,detailed_guide,3a8701b6-a4b6-4a7d-b268-8cb078138645,en,whitehall,2025-11-07T09:30:01.000Z,2025-11-07T09:30:01.000Z,,,23,"Parenting, childcare and children's services ,GOV.UK homepage,Providing childcare,Performance and inspection of childcare providers,Childcare and early years",Ofsted,Ofsted,2024 Starmer Labour government,,,
https://www.gov.uk/guidance/mmr-catchup-programme-diagnosis-case-management-and-advice,"MMR catchup programme: diagnosis, case management, and advice",detailed_guide,5e2b9ed0-7631-11e4-a3cb-005056011aef,en,whitehall,2013-05-01T23:00:00.000Z,2025-07-17T16:11:48.000Z,,,23,"Immunisation,Children's health,Infectious diseases,Health and social care,GOV.UK homepage,Health protection,Public health,Parenting, childcare and children's services ,Children's health and welfare",UK Health Security Agency,"UK Health Security Agency,Department of Health and Social Care",2010 to 2015 Conservative and Liberal Democrat coalition government,,,
https://www.gov.uk/guidance/strengthening-families-protecting-children-sfpc-programme,"Strengthening families, protecting children (SFPC) programme",detailed_guide,6b983d1b-39b2-49f1-a59f-2fc4c169c866,en,whitehall,2019-04-05T23:15:00.000Z,2021-06-21T11:48:43.000Z,,,22,"GOV.UK homepage,Looked-after children and children in care,Parenting, childcare and children's services ,Safeguarding and social care for children",Department for Education,Department for Education,2016 to 2019 May Conservative government,,,
https://www.gov.uk/guidance/intercountry-adoption-information-for-adoption-agencies,Intercountry adoption: information for adoption agencies,detailed_guide,5f1a3552-7631-11e4-a3cb-005056011aef,en,whitehall,2014-01-07T00:00:00.000Z,2021-03-12T15:54:37.000Z,,,21,"Parenting, childcare and children's services ,Adoption, fostering and surrogacy,GOV.UK homepage,Intercountry adoption",Department for Education,Department for Education,2010 to 2015 Conservative and Liberal Democrat coalition government,,,
https://www.gov.uk/guidance/pupil-premium-virtual-school-heads-responsibilities,Pupil premium: virtual school heads’ responsibilities,detailed_guide,5fa75e01-7631-11e4-a3cb-005056011aef,en,whitehall,2014-07-08T23:00:00.000Z,2015-03-19T10:16:54.000Z,,,18,"Childcare and early years,Education, training and skills,School and academy funding,Looked-after children and children in care,Pupil premium and other school premiums ,Health, wellbeing and education of looked-after children,Parenting, childcare and children's services ,Funding and finance for childcare providers,GOV.UK homepage,Safeguarding and social care for children,Providing childcare",Department for Education,Department for Education,2010 to 2015 Conservative and Liberal Democrat coalition government,,,
https://www.gov.uk/guidance/pertussis-clinical-and-public-health-management,Pertussis: background information on prevention and management,detailed_guide,5f65c87b-7631-11e4-a3cb-005056011aef,en,whitehall,2013-02-11T00:00:00.000Z,2025-07-15T15:49:53.000Z,,,18,"Children's health and welfare,Children's health,Health and social care,Parenting, childcare and children's services ,GOV.UK homepage,Public health",UK Health Security Agency,UK Health Security Agency,2010 to 2015 Conservative and Liberal Democrat coalition government,,,
https://www.gov.uk/guidance/glossary-of-terms-ofsted-statistics,Glossary of terms: Ofsted statistics,detailed_guide,50fea046-95c0-4b0c-a59b-04dd41c761c2,en,whitehall,2020-06-23T23:00:00.000Z,2025-06-27T08:30:00.000Z,,,17,"Inspection of children's social care providers,Safeguarding and social care for children,Childcare and early years,Inspection and performance of further education providers,Inspections and performance of education providers,Inspection and performance of schools,GOV.UK homepage,Parenting, childcare and children's services ,Children's social care providers,Education, training and skills",Ofsted,Ofsted,2019 to 2022 Johnson Conservative government,,,
https://www.gov.uk/guidance/childminders-tell-ofsted-about-adults-leaving-the-home,Childminders: tell Ofsted about adults leaving the premises,detailed_guide,fad25ec5-5471-4bcc-80ba-65a0295c6875,en,whitehall,2020-06-11T23:00:00.000Z,2025-09-19T09:35:21.000Z,,,17,"Childcare and early years,Parenting, childcare and children's services ,GOV.UK homepage,Children's centres, childminders, pre-schools and nurseries,Recruiting and managing early years staff,Providing childcare",Ofsted,Ofsted,2019 to 2022 Johnson Conservative government,,,
https://www.gov.uk/guidance/disclosure-and-barring-service-guidance-for-childrens-social-care-providers-and-managers,Disclosure and Barring Service: guidance for children's social care providers and managers,detailed_guide,85fd8550-f54e-49a4-9236-6f1a783b7dc5,en,whitehall,2019-08-29T08:30:00.000Z,2021-07-06T08:30:05.000Z,,,17,"Parenting, childcare and children's services ,Safeguarding and social care for children,Social care,GOV.UK homepage,Health and social care",Ofsted,Ofsted,2019 to 2022 Johnson Conservative government,,,
https://www.gov.uk/dealing-tax-credits-someone-else,Dealing with tax credits for someone else,guide,3b73d6f9-da30-4166-a3ba-ef5316b00803,en,publisher,2012-01-25T14:40:55.000Z,2015-02-18T23:23:29.000Z,,,16,"Parenting, childcare and children's services ,Lasting power of attorney, being in care and managing finances,Life circumstances,Welfare,Financial help if you have children,Tax credits if you have children,GOV.UK homepage,Tax credits",Government Digital Service,HM Revenue & Customs,,,,
https://www.gov.uk/guidance/chlamydophila-abortus,"Chlamydia abortus: epidemiology, transmission and prevention",detailed_guide,6020fda7-7631-11e4-a3cb-005056011aef,en,whitehall,2008-09-10T23:00:00.000Z,2025-07-15T15:40:23.000Z,,,16,"Infectious diseases,Public health,Pregnancy and birth,Health protection,Sexual and reproductive health,GOV.UK homepage,Parenting, childcare and children's services ,Health and social care",UK Health Security Agency,UK Health Security Agency,2007 to 2010 Brown Labour government,,,
https://www.gov.uk/guidance/assessed-and-supported-year-in-employment-for-newly-qualified-social-workers,Assessed and supported year in employment for newly qualified social workers,detailed_guide,6cf4f6a6-83b6-4661-8901-9e66c733a4fd,en,whitehall,2015-06-11T23:00:00.000Z,2015-06-11T23:00:00.000Z,,,16,"Parenting, childcare and children's services ,GOV.UK homepage,Education, training and skills",Department for Education,Department for Education,2015 to 2016 Cameron Conservative government,,,
https://www.gov.uk/guidance/report-a-serious-incident-in-a-residential-family-centre,Report a serious incident in a residential family centre,detailed_guide,f558b286-f369-496a-a403-254d91306333,en,whitehall,2023-10-26T13:30:00.000Z,2023-10-26T13:30:00.000Z,,,14,"Safeguarding and social care for children,Looked-after children and children in care,Becoming a children's social care provider,GOV.UK homepage,Parenting, childcare and children's services ,Children's social care providers,Safeguarding and child protection",Ofsted,Ofsted,2022 to 2024 Sunak Conservative government,,,
https://www.gov.uk/guidance/publication-of-outcome-summaries,Publication of outcome summaries,detailed_guide,16d62eba-4e43-4c6b-8135-ba327ae46126,en,whitehall,2019-12-04T00:00:00.000Z,2025-11-07T09:30:02.000Z,,,14,"Childcare and early years,Parenting, childcare and children's services ,Education, training and skills,GOV.UK homepage",Ofsted,Ofsted,2019 to 2022 Johnson Conservative government,,,
https://www.gov.uk/guidance/female-genital-mutilation-fgm-migrant-health-guide,Female genital mutilation (FGM): migrant health guide,detailed_guide,6023965a-7631-11e4-a3cb-005056011aef,en,whitehall,2014-08-30T23:00:00.000Z,2021-09-13T08:53:41.000Z,,,13,"Migrant health,Health protection,Safeguarding and social care for children,Health and social care,Safeguarding and child protection,Public health,GOV.UK homepage,Parenting, childcare and children's services ",Office for Health Improvement and Disparities,Office for Health Improvement and Disparities,2010 to 2015 Conservative and Liberal Democrat coalition government,,,
https://www.gov.uk/guidance/reducing-parental-conflict-what-is-parental-conflict,Reducing Parental Conflict: what is parental conflict?,detailed_guide,bfb81ad5-00fe-42ae-8bfa-02a36cc03de1,en,whitehall,2021-01-18T12:00:00.000Z,2022-04-13T09:15:08.000Z,,,12,"Safeguarding and social care for children,Children's health and welfare,Parenting, childcare and children's services ,GOV.UK homepage",Department for Work and Pensions,Department for Work and Pensions,2019 to 2022 Johnson Conservative government,,,
https://www.gov.uk/guidance/technology-requirements-to-contract-as-an-ofsted-inspector,Technology requirements to contract as an Ofsted inspector,detailed_guide,0dab1909-af0d-4954-84d2-12af0673886d,en,whitehall,2022-01-19T00:00:00.000Z,2024-09-05T08:30:00.000Z,,,12,"Children's social care providers,Performance and inspection of childcare providers,Safeguarding and social care for children,Providing childcare,Inspections and performance of education providers,Performance data and Ofsted reports of further education providers,Education, training and skills,Inspection and performance of schools,Inspection and performance of further education providers,Parenting, childcare and children's services ,School performance tables and Ofsted reports,GOV.UK homepage,Childcare and early years,Inspection of children's social care providers",Ofsted,Ofsted,2019 to 2022 Johnson Conservative government,,,
https://www.gov.uk/guidance/reducing-parental-conflict-training-and-tools-for-practitioners-and-their-managers,Reducing Parental Conflict: training and tools for practitioners and their managers,detailed_guide,24d524ec-a189-44c0-ac06-e5c5061e7f71,en,whitehall,2021-01-18T12:00:00.000Z,2021-01-18T12:00:00.000Z,,,12,"GOV.UK homepage,Parenting, childcare and children's services ,Children's health and welfare,Safeguarding and social care for children",Department for Work and Pensions,Department for Work and Pensions,2019 to 2022 Johnson Conservative government,,,
https://www.gov.uk/guidance/secure-childrens-homes-how-to-place-a-child-aged-under-13,Secure children’s homes: how to place a child aged under 13,detailed_guide,08ae80d6-51e4-4a36-9b0d-9fedaaf5007b,en,whitehall,2015-02-05T00:00:00.000Z,2025-11-17T10:10:18.000Z,,,12,"Parenting, childcare and children's services ,Safeguarding and social care for children,GOV.UK homepage,Children's homes and other accommodation,Preventing neglect, abuse and exploitation,Looked-after children and children in care,Safeguarding and child protection",Department for Education,Department for Education,2010 to 2015 Conservative and Liberal Democrat coalition government,,,
https://www.gov.uk/guidance/reducing-parental-conflict-programme-dwp-funded-activity-in-local-areas,Reducing Parental Conflict programme: DWP funded activity in local areas,detailed_guide,9524b599-881b-4b3b-9baa-3ec7f6f9663b,en,whitehall,2021-01-18T12:00:00.000Z,2021-01-18T12:00:00.000Z,,,10,"Children's health and welfare,Parenting, childcare and children's services ,GOV.UK homepage,Safeguarding and social care for children",Department for Work and Pensions,Department for Work and Pensions,2019 to 2022 Johnson Conservative government,,,
https://www.gov.uk/guidance/childrens-social-care-innovation-programme-insights-and-evaluation,Children's social care innovation programme: insights and evaluation,detailed_guide,e61ce006-5f77-4fea-9719-896ce9173148,en,whitehall,2020-11-02T00:00:00.000Z,2022-10-12T08:33:14.000Z,,,10,"Parenting, childcare and children's services ,Health and social care,GOV.UK homepage,Social care,Safeguarding and child protection,Looked-after children and children in care,Safeguarding and social care for children",Department for Education,Department for Education,2019 to 2022 Johnson Conservative government,,,
https://www.gov.uk/guidance/report-an-unregistered-school,Report an unregistered school,detailed_guide,d1c78aaa-38ba-446b-8d01-98a23eaf3c54,en,whitehall,2021-11-15T10:23:00.000Z,2021-11-15T10:23:00.000Z,,,10,"Parenting, childcare and children's services ,GOV.UK homepage,Safeguarding and social care for children,Education, training and skills,Inspection and performance of schools,Inspections and performance of education providers",Ofsted,Ofsted,2019 to 2022 Johnson Conservative government,,,
https://www.gov.uk/guidance/become-a-childminder-agency,Become a childminder agency: forms,detailed_guide,851c321c-8cb0-46d1-9947-b6b291bbaa80,en,whitehall,2014-08-26T23:00:00.000Z,2021-06-17T08:30:10.000Z,,,9,"Childcare and early years,Parenting, childcare and children's services ,Social care,Safeguarding and social care for children,GOV.UK homepage,Becoming a children's social care provider,Providing childcare,Health and social care,Becoming a childcare provider,Children's social care providers",Ofsted,Ofsted,2010 to 2015 Conservative and Liberal Democrat coalition government,,,
https://www.gov.uk/register-childminder-agency-england,Register as a childminder agency in England,guide,0895e4cd-c536-4f6c-836b-d3c38c33f8f1,en,publisher,2014-12-16T11:43:41.000Z,2015-09-24T10:22:41.000Z,,,8,"Performance and inspection of childcare providers,Providing childcare,Children's centres, childminders, pre-schools and nurseries,Childcare and early years,GOV.UK homepage,Parenting, childcare and children's services ,Becoming a childcare provider",Government Digital Service,Ofsted,,,,
https://www.gov.uk/guidance/explore-education-statistics,Explore education statistics,detailed_guide,c860485e-f123-4b49-8715-5139819f0978,en,whitehall,2020-03-26T12:35:06.000Z,2020-03-26T12:35:06.000Z,,,8,"Parenting, childcare and children's services ,GOV.UK homepage,Education, training and skills",Department for Education,Department for Education,2019 to 2022 Johnson Conservative government,,,
https://www.gov.uk/guidance/childhood-infections-migrant-health-guide,Childhood infections: migrant health guide,detailed_guide,60235742-7631-11e4-a3cb-005056011aef,en,whitehall,2014-07-30T23:00:00.000Z,2025-03-31T13:13:31.000Z,,,8,"Infectious diseases,Public health,Health protection,Health and social care,Children's health and welfare,GOV.UK homepage,Children's health,Parenting, childcare and children's services ,Migrant health",UK Health Security Agency,UK Health Security Agency,2010 to 2015 Conservative and Liberal Democrat coalition government,,,
https://www.gov.uk/guidance/childrens-social-work-workforce-census-guide-to-submitting-data,Children’s social work workforce census: guide to submitting data,detailed_guide,eb45044d-a4b1-4770-afd9-596817ccffc8,en,whitehall,2017-10-16T23:00:00.000Z,2025-12-10T11:16:43.000Z,,,8,"Data collection for safeguarding and child protection,GOV.UK homepage,Child and family social work,Safeguarding and child protection,Parenting, childcare and children's services ,Safeguarding and social care for children",Department for Education,Department for Education,2016 to 2019 May Conservative government,,,
https://www.gov.uk/guidance/apply-for-a-review-panel-adopters-and-foster-carers,Apply for a review panel: adopters and foster carers,detailed_guide,9ae1129c-a9a8-4599-a8c1-b952f230843d,en,whitehall,2020-07-31T10:17:00.000Z,2020-07-31T10:17:00.000Z,,,6,"Fostering,Adoption, fostering and surrogacy,Adoption,GOV.UK homepage,Parenting, childcare and children's services ",Independent Review Mechanism,Independent Review Mechanism,2019 to 2022 Johnson Conservative government,,,
https://www.gov.uk/guidance/report-a-serious-incident-in-a-residential-holiday-scheme-for-disabled-children,Report a serious incident in a residential holiday scheme for disabled children,detailed_guide,550b2d5d-3410-4150-b1b3-d6c798e62ff1,en,whitehall,2023-10-26T13:30:00.000Z,2023-10-26T13:30:00.000Z,,,,"Parenting, childcare and children's services ,Safeguarding and social care for children,GOV.UK homepage,Becoming a children's social care provider,Children's social care providers,Safeguarding and child protection",Ofsted,Ofsted,2022 to 2024 Sunak Conservative government,,,
https://www.gov.uk/guidance/parents-of-children-under-18-travelling-to-or-staying-in-the-uk-without-their-parent-or-legal-guardian-homes-for-ukraine,Parents intending to leave their child in the care of a sponsor: Homes for Ukraine,detailed_guide,5f18f750-c4f9-4ba6-aa60-2719e321b63e,en,whitehall,2023-01-16T00:00:00.000Z,2025-01-31T00:01:04.000Z,,,,"Safeguarding and child protection,Safeguarding and social care for children,Society and culture,Parenting, childcare and children's services ,Community and society,GOV.UK homepage","Ministry of Housing, Communities and Local Government","Ministry of Housing, Communities and Local Government,Department for Levelling Up, Housing and Communities ",2022 to 2024 Sunak Conservative government,,,
https://www.gov.uk/guidance/prepare-for-a-review-panel-adopters-and-foster-carers,Prepare for a review panel: adopters and foster carers,detailed_guide,aec429ec-d5c0-427f-9fb1-033b65be4752,en,whitehall,2020-07-31T10:20:00.000Z,2023-09-19T07:46:26.000Z,,,,"Adoption, fostering and surrogacy,Adoption,Fostering,Parenting, childcare and children's services ,GOV.UK homepage",Independent Review Mechanism,Independent Review Mechanism,2019 to 2022 Johnson Conservative government,,,
https://www.gov.uk/guidance/develop-and-use-data-analytics-tools-in-childrens-social-care,Develop and use data analytics tools in children's social care,detailed_guide,83bf7016-ee82-4a5f-9198-3c55179de5eb,en,whitehall,2024-04-18T23:00:00.000Z,2024-04-18T23:00:00.000Z,,,,"Children's social care providers,GOV.UK homepage,Parenting, childcare and children's services ,Safeguarding and social care for children",Department for Education,"Department for Education,Department for Science, Innovation and Technology",2022 to 2024 Sunak Conservative government,,,
https://www.gov.uk/guidance/adoption-records-disclosure-apply-and-prepare-for-a-review,Adoption records disclosure: apply and prepare for a review,detailed_guide,70e06b2e-6dd7-489e-8ae4-4258ae3dd78a,en,whitehall,2020-07-31T10:18:00.000Z,2020-07-31T10:18:00.000Z,,,,"Adoption, fostering and surrogacy,Adoption,GOV.UK homepage,Parenting, childcare and children's services ",Independent Review Mechanism,Independent Review Mechanism,2019 to 2022 Johnson Conservative government,,,
https://www.gov.uk/guidance/voluntary-adoption-agencies-sc4-notification-of-new-branch,Voluntary adoption agencies: SC4 notification of new branch,detailed_guide,aedd7c84-b7b7-434a-80a6-53a8725c2f2c,en,whitehall,2015-12-18T00:00:00.000Z,2015-12-18T00:00:00.000Z,,,,"Adoption, fostering and surrogacy,Adoption,Parenting, childcare and children's services ,Children's social care providers,GOV.UK homepage,Safeguarding and social care for children",Ofsted,Ofsted,2015 to 2016 Cameron Conservative government,,,
https://www.gov.uk/guidance/apply-to-become-a-families-first-for-children-pathfinder-area,Apply to become a families first for children pathfinder area,detailed_guide,708812b0-e932-40a3-bd2c-b055ca533a69,en,whitehall,2023-10-05T23:00:00.000Z,2023-11-10T12:53:32.000Z,,,,"Safeguarding and social care for children,Parenting, childcare and children's services ,GOV.UK homepage,Education, training and skills,Safeguarding and child protection",Department for Education,Department for Education,2022 to 2024 Sunak Conservative government,,,
https://www.gov.uk/guidance/reducing-parental-conflict-programme-evaluation-phase-one-reports,Reducing Parental Conflict programme evaluation: phase one reports,detailed_guide,dd8110f1-3311-42a1-ae78-a6fa5052d44f,en,whitehall,2023-08-24T08:30:10.000Z,2023-08-24T08:30:10.000Z,,,,"GOV.UK homepage,Children's health and welfare,Parenting, childcare and children's services ",Department for Work and Pensions,Department for Work and Pensions,2022 to 2024 Sunak Conservative government,,,
https://www.gov.uk/guidance/check-if-your-nursery-is-eligible-for-business-rates-relief-due-to-coronavirus-covid-19,Check if your nursery is eligible for business rates relief due to coronavirus (COVID-19),detailed_guide,01ac773d-7681-4786-8e44-cf53ee930397,en,whitehall,2020-03-22T17:00:00.000Z,2020-03-22T17:00:00.000Z,,,,"Local government,Business and industry,Business premises and business rates,Running a business,GOV.UK homepage,Managing your business during COVID-19,Relief, refunds and rebates,Children's centres, childminders, pre-schools and nurseries,Childcare and early years,Funding and support for businesses during COVID-19,Regional and local government,Business rates,COVID-19,Health and social care,Providing childcare,Support for businesses and self-employed people during COVID-19,Parenting, childcare and children's services ","Department for Levelling Up, Housing and Communities ","Department for Levelling Up, Housing and Communities ,Ministry of Housing, Communities & Local Government (2018 to 2021)",2019 to 2022 Johnson Conservative government,,,
https://www.gov.uk/guidance/early-years-experts-and-mentors-programme,Early years experts and mentors programme,detailed_guide,3838ba23-c9a6-48fc-bd8b-bec6d4e3e32e,en,whitehall,2022-05-23T08:30:00.000Z,2023-02-23T13:23:57.000Z,,,,"Providing childcare,Parenting, childcare and children's services ,GOV.UK homepage,Childcare and early years",Department for Education,Department for Education,2019 to 2022 Johnson Conservative government,,,
https://www.gov.uk/guidance/early-years-initial-teacher-training-2020-to-2021-funding-guidance,Early years initial teacher training: 2020 to 2021 funding guidance,detailed_guide,8082a0c6-5f79-4d18-b367-0619d7736ce7,en,whitehall,2019-10-22T16:14:00.000Z,2019-10-22T16:14:00.000Z,,,,"Education, training and skills,Childcare and early years,Providing childcare,Teacher training and professional development,Teaching and leadership,Recruiting and managing early years staff,GOV.UK homepage,Initial Teacher Training (ITT),Parenting, childcare and children's services ",Department for Education,Department for Education,2019 to 2022 Johnson Conservative government,,,
https://www.gov.uk/guidance/how-to-set-up-a-google-domain-for-care-leavers,How to set up a Google domain for care leavers,detailed_guide,55aec037-1bc9-4fda-8f5d-cd5713f195ac,en,whitehall,2020-04-19T09:00:00.000Z,2020-04-19T09:00:00.000Z,,,,"Safeguarding and social care for children,Children and young people leaving care,School curriculum,GOV.UK homepage,Looked-after children and children in care,Education, training and skills,Parenting, childcare and children's services ",Department for Education,Department for Education,2019 to 2022 Johnson Conservative government,,,
https://www.gov.uk/guidance/reducing-parental-conflict-tools-for-commissioners-managers-and-leaders,"Reducing Parental Conflict: tools for commissioners, managers and leaders",detailed_guide,bbf4b6c9-c754-405f-bccb-221c3ab0d841,en,whitehall,2021-01-18T12:00:00.000Z,2021-01-18T12:00:00.000Z,,,,"Safeguarding and social care for children,GOV.UK homepage,Children's health and welfare,Parenting, childcare and children's services ",Department for Work and Pensions,Department for Work and Pensions,2019 to 2022 Johnson Conservative government,,,
https://www.gov.uk/guidance/report-a-serious-incident-in-an-adoption-support-agency,Report a serious incident in an adoption support agency,detailed_guide,4f09a045-12d8-4230-ac2a-1dd1e1bc3545,en,whitehall,2023-10-25T23:00:00.000Z,2023-10-25T23:00:00.000Z,,,,"Adoption,Safeguarding and social care for children,Parenting, childcare and children's services ,GOV.UK homepage,Children's social care providers,Adoption, fostering and surrogacy,Becoming a children's social care provider",Ofsted,Ofsted,2022 to 2024 Sunak Conservative government,,,
https://www.gov.uk/guidance/early-years-initial-teacher-training-2021-to-2022-funding-guidance,Early years initial teacher training: 2021 to 2022 funding guidance,detailed_guide,d2e24bc1-07b1-4b4e-bbf3-b637b9b2d49e,en,whitehall,2020-11-03T13:47:00.000Z,2022-02-22T09:56:56.000Z,,,,"School and academy funding,Childcare and early years,Teaching and leadership,Initial Teacher Training funding,Teacher training and professional development,GOV.UK homepage,Education, training and skills,Parenting, childcare and children's services ,Recruiting and managing early years staff,Initial Teacher Training (ITT),Providing childcare",Department for Education,Department for Education,2019 to 2022 Johnson Conservative government,,,
https://www.gov.uk/guidance/reducing-parental-conflict-programme-evaluation,Reducing Parental Conflict programme: evaluation,detailed_guide,7e2fb0cd-347c-4b98-81b2-88303404766c,en,whitehall,2021-01-18T00:00:00.000Z,2022-04-12T08:30:07.000Z,,,,"Safeguarding and social care for children,GOV.UK homepage,Parenting, childcare and children's services ,Children's health and welfare",Department for Work and Pensions,Department for Work and Pensions,2019 to 2022 Johnson Conservative government,,,
https://www.gov.uk/guidance/child-safety-button-batteries,Child safety: button batteries,detailed_guide,94846120-c966-4083-92f7-343e7a6e469b,en,whitehall,2021-01-26T00:00:00.000Z,2021-01-26T00:00:00.000Z,,,,"GOV.UK homepage,Parenting, childcare and children's services ,Society and culture",Office for Product Safety and Standards,Office for Product Safety and Standards,2019 to 2022 Johnson Conservative government,,,
https://www.gov.uk/guidance/reducing-parental-conflict-the-impact-on-local-services,Reducing Parental Conflict: the impact on local services,detailed_guide,95e70f77-cfe2-48d5-b617-ce2ec2fb8763,en,whitehall,2021-01-18T12:00:00.000Z,2021-01-18T12:00:00.000Z,,,,"GOV.UK homepage,Parenting, childcare and children's services ,Safeguarding and social care for children,Children's health and welfare",Department for Work and Pensions,Department for Work and Pensions,2019 to 2022 Johnson Conservative government,,,
https://www.gov.uk/guidance/reducing-parental-conflict-innovative-projects-delivered-to-support-families-in-conflict,Reducing Parental Conflict: innovative projects delivered to support families in conflict,detailed_guide,1e195773-3553-4e07-a205-2760eec53440,en,whitehall,2021-01-18T12:00:00.000Z,2023-08-24T08:30:12.000Z,,,,"Children's health and welfare,Safeguarding and social care for children,Parenting, childcare and children's services ,GOV.UK homepage",Department for Work and Pensions,Department for Work and Pensions,2019 to 2022 Johnson Conservative government,,,
https://www.gov.uk/guidance/childminder-mentor-programme,Childminder mentor programme,detailed_guide,fbff6175-d1ce-4d00-ad44-8914b23a17b5,en,whitehall,2022-11-14T00:00:00.000Z,2024-01-02T14:55:26.000Z,,,,"Parenting, childcare and children's services ,Providing childcare,GOV.UK homepage,Childcare and early years",Department for Education,Department for Education,2022 to 2024 Sunak Conservative government,,,
https://www.gov.uk/guidance/pertussis-whooping-cough-immunisation-for-pregnant-women-resources-and-training,Pertussis (whooping cough) immunisation for pregnant women: resources and training,detailed_guide,5f8e651f-7631-11e4-a3cb-005056011aef,en,whitehall,2012-10-10T23:00:00.000Z,2012-10-10T23:00:00.000Z,,,,"Infectious diseases,Pregnancy and birth,Parenting, childcare and children's services ,Public health,Health and social care,Health protection,GOV.UK homepage",UK Health Security Agency,UK Health Security Agency,2010 to 2015 Conservative and Liberal Democrat coalition government,,,
https://www.gov.uk/guidance/child-death-review-data-collection-submitting-data,Child death review data collection: submitting data,detailed_guide,1d3be36b-79f1-40d2-ae22-a1069b93c4da,en,whitehall,2019-11-29T12:00:21.000Z,2019-11-29T12:00:21.000Z,,,,"Safeguarding and child protection,Safeguarding and social care for children,Data collection for safeguarding and child protection,GOV.UK homepage,Parenting, childcare and children's services ",Department of Health and Social Care,Department of Health and Social Care,2019 to 2022 Johnson Conservative government,,,
https://www.gov.uk/guidance/report-a-serious-incident-in-a-voluntary-adoption-agency,Report a serious incident in a voluntary adoption agency,detailed_guide,34cbafc1-4409-4d72-9309-ecc560c8364e,en,whitehall,2023-10-26T13:30:00.000Z,2023-10-26T13:30:00.000Z,,,,"Safeguarding and social care for children,Children's social care providers,Looked-after children and children in care,GOV.UK homepage,Becoming a children's social care provider,Safeguarding and child protection,Adoption,Adoption, fostering and surrogacy,Parenting, childcare and children's services ",Ofsted,Ofsted,2022 to 2024 Sunak Conservative government,,,
https://www.gov.uk/guidance/being-inspected-as-a-provider-of-childrens-social-care,How Ofsted inspects children's social care,detailed_guide,92ec6b66-8ba1-4ed8-8751-d112a7dc514a,en,whitehall,2014-12-03T15:49:00.000Z,2017-03-31T15:00:01.000Z,,,,"Children's social care providers,GOV.UK homepage,Safeguarding and social care for children,Parenting, childcare and children's services ,Inspection of children's social care providers",Ofsted,Ofsted,2010 to 2015 Conservative and Liberal Democrat coalition government,,,
https://www.gov.uk/guidance/prepare-for-a-review-panel-adoption-agencies-and-fostering-service-providers,Prepare for a review panel: adoption agencies and fostering service providers,detailed_guide,f8994d1e-d3af-4bad-a42c-c85896b91b7f,en,whitehall,2020-07-31T10:20:00.000Z,2022-07-29T14:15:58.000Z,,,,"GOV.UK homepage,Adoption, fostering and surrogacy,Adoption,Fostering,Parenting, childcare and children's services ",Independent Review Mechanism,Independent Review Mechanism,2019 to 2022 Johnson Conservative government,,,
https://www.gov.uk/guidance/child-safety-buying-toys-this-christmas,Child Safety: Buying toys this Christmas,detailed_guide,304013c3-fa2f-46b1-8fc8-579383eb4c63,en,whitehall,2021-11-15T08:00:03.000Z,2021-11-15T08:00:03.000Z,,,,"Parenting, childcare and children's services ,Business and industry,GOV.UK homepage",Office for Product Safety and Standards,Office for Product Safety and Standards,2019 to 2022 Johnson Conservative government,,,
https://www.gov.uk/guidance/examples-of-reducing-parental-conflict-in-local-services,Examples of Reducing Parental Conflict in local services,detailed_guide,f46a7857-4923-4cee-bc5f-194eb38d64bf,en,whitehall,2021-01-18T12:00:00.000Z,2021-01-18T12:00:00.000Z,,,,"GOV.UK homepage,Parenting, childcare and children's services ,Children's health and welfare,Safeguarding and social care for children",Department for Work and Pensions,Department for Work and Pensions,2019 to 2022 Johnson Conservative government,,,
