url,title,documentType,contentId,locale,publishing_app,first_published_at,public_updated_at,withdrawn_at,withdrawn_explanation,page_views,taxons,primary_organisation,all_organisations,government,is_political,people,occurrences
https://www.gov.uk/life-in-the-uk-test,Life in the UK Test,guide,a7ef13c8-e445-428b-a1eb-1f38193c48de,en,publisher,2014-02-05T15:10:44.000Z,2024-12-04T15:54:02.764Z,,,29755,"GOV.UK homepage,Society and culture,British citizenship ",Government Digital Service,UK Visas and Immigration,,,,
https://www.gov.uk/right-of-abode/apply-for-a-certificate-of-entitlement,Prove you have right of abode in the UK: Apply for a certificate of entitlement,guide,4816fa06-9e6c-4414-96b6-aa7ec7f24968,en,publisher,2014-01-22T14:38:46.000Z,2024-11-13T10:34:56.553Z,,,13232,"British citizenship ,Permanent stay in the UK,Entering and staying in the UK,Citizenship,GOV.UK homepage,Society and culture",Government Digital Service,UK Visas and Immigration,,,,
https://www.gov.uk/dual-citizenship,Dual citizenship,answer,95a6d0d7-dce5-430d-b021-b327928056b3,en,publisher,2014-07-16T15:10:40.000Z,2014-12-31T14:52:01.000Z,,,12294,"Entering and staying in the UK,Citizenship,GOV.UK homepage,British citizenship ,Permanent stay in the UK,Society and culture",Government Digital Service,UK Visas and Immigration,,,,
https://www.gov.uk/guidance/electronic-travel-authorisation-eta-guide-for-dual-citizens,Electronic travel authorisation (ETA): guide for dual citizens,detailed_guide,8323cb7c-9bd7-4f37-8c1c-42f1e1b7b3a9,en,whitehall,2025-05-28T23:00:00.000Z,2026-01-26T16:00:23.000Z,,,6886,"Entering and staying in the UK,GOV.UK homepage,Society and culture,British citizenship ",UK Visas and Immigration,UK Visas and Immigration,2024 Starmer Labour government,,,
https://www.gov.uk/find-charity-information,Search the charity register,transaction,30abeb6a-a5e9-4203-9e4c-b6bce7781d71,en,publisher,2014-06-03T09:48:24.000Z,2020-09-02T16:00:02.893Z,,,6580,"Charities, volunteering and honours,GOV.UK homepage,Society and culture",Government Digital Service,The Charity Commission,,,,
https://www.gov.uk/english-language,Prove your knowledge of English for citizenship and settling,guide,aea283d2-4f4f-43dd-b42d-f794ce4ffd65,en,publisher,2014-02-18T12:46:00.000Z,2014-12-01T16:52:20.000Z,,,5039,"Settlement,British citizenship ,Citizenship,Entering and staying in the UK,Permanent stay in the UK,GOV.UK homepage,Society and culture",Government Digital Service,UK Visas and Immigration,,,,
https://www.gov.uk/types-of-british-nationality,Types of British nationality,guide,6b98928a-0261-4b7b-bbf8-a538955120a7,en,publisher,2014-01-22T14:30:34.000Z,2014-12-22T12:05:03.000Z,,,4450,"Entering and staying in the UK,Society and culture,British citizenship ,Permanent stay in the UK,GOV.UK homepage,Citizenship",Government Digital Service,"Home Office,UK Visas and Immigration",,,,
https://www.gov.uk/guidance/equality-act-2010-guidance,Equality Act 2010: guidance,detailed_guide,5d63623a-7631-11e4-a3cb-005056011aef,en,whitehall,2013-02-27T15:59:00.000Z,2015-06-16T13:56:57.000Z,,,3861,"Crime, justice and law,Statutory rights,Equality, rights and citizenship,Society and culture,Equality,GOV.UK homepage",Government Equalities Office,"Government Equalities Office,Equality and Human Rights Commission",2010 to 2015 Conservative and Liberal Democrat coalition government,,,
https://www.gov.uk/claim-gift-aid-online,Claim Gift Aid online,transaction,1981ff32-1317-4a57-b18e-15135d9b2a79,en,publisher,2014-11-04T11:37:12.000Z,2014-11-25T16:24:55.000Z,,,2095,"Business and industry,GOV.UK homepage,Charities and social enterprises,Charity money, tax and accounts,Sports and leisure,Community amateur sports clubs (CASCs),Charities, volunteering and honours,Society and culture",Government Digital Service,HM Revenue & Customs,,,,
https://www.gov.uk/donating-to-charity/gift-aid,Tax relief when you donate to a charity: Gift Aid,guide,cbf9c234-5a9c-4b6c-9085-5778395ed273,en,publisher,2012-01-13T17:02:31.000Z,2014-12-08T15:01:35.000Z,,,1723,"Charities, volunteering and honours,Income Tax,Society and culture,Personal tax,Money,Capital Gains Tax,GOV.UK homepage",Government Digital Service,HM Revenue & Customs,,,,
https://www.gov.uk/british-passport-eligibility,British passport eligibility,answer,dac49c88-3e53-4816-a61b-c0283944026e,en,publisher,2012-10-11T14:43:14.000Z,2014-12-22T20:33:26.000Z,,,1685,"Citizenship,Passports,Society and culture,Entering and staying in the UK,British citizenship ,Permanent stay in the UK,Going and being abroad,GOV.UK homepage",Government Digital Service,"HM Passport Office,Home Office",,,,
https://www.gov.uk/setting-up-charity/register-your-charity,Set up a charity: Register your charity,guide,62fe8d9c-c8c8-4f5e-a5a9-8d5ec5bddcc4,en,publisher,2011-11-28T14:27:09.000Z,2025-01-28T13:32:51.305Z,,,1581,"Charities and social enterprises,Charities, volunteering and honours,Society and culture,GOV.UK homepage,Business and industry",Government Digital Service,"HM Revenue & Customs,The Charity Commission",,,,
https://www.gov.uk/get-replacement-citizenship-certificate,Replace or correct a UK citizenship certificate,answer,59b02051-181e-4b2a-b4c1-9362ce882784,en,publisher,2013-01-14T17:07:04.000Z,2015-04-24T14:05:17.000Z,,,1505,"Society and culture,Entering and staying in the UK,GOV.UK homepage,Permanent stay in the UK,Citizenship,British citizenship ",Government Digital Service,UK Visas and Immigration,,,,
https://www.gov.uk/guidance/online-services-for-charities,Charity Commission online services: sign in or set up an account,detailed_guide,0066fdd7-0709-4e7f-bc43-d10da7a4b4e5,en,whitehall,2019-09-10T23:00:00.000Z,2023-09-14T09:17:40.000Z,,,1433,"Charities and social enterprises,Business and industry,Society and culture,GOV.UK homepage,Charities, volunteering and honours",The Charity Commission,The Charity Commission,2019 to 2022 Johnson Conservative government,,,
https://www.gov.uk/become-magistrate/apply-to-be-a-magistrate,Become a magistrate: Apply to be a magistrate,guide,62c9ef3d-dc9f-4746-bb20-0a118fab897e,en,publisher,2011-11-24T11:20:47.000Z,2024-12-12T13:40:21.689Z,,,1406,"Society and culture,GOV.UK homepage,Charities, volunteering and honours",Government Digital Service,"HM Courts & Tribunals Service,Ministry of Justice",,,,
https://www.gov.uk/report-suspicious-emails-websites-phishing,Avoid and report internet scams and phishing,guide,689a076c-3fcf-4cce-8298-1153c65b7640,en,publisher,2014-02-28T16:31:31.000Z,2024-10-11T11:25:30.876Z,,,1146,"Money,Visas and entry clearance,Government,Dealing with HMRC,Entering and staying in the UK,Online safety,Phishing and scams,GOV.UK homepage,Society and culture,Democracy",Government Digital Service,"Department of Health and Social Care,Driver and Vehicle Licensing Agency,HM Revenue & Customs,National Cyber Security Centre,UK Border Agency",,,,
https://www.gov.uk/guidance/charity-commission-guidance,Charity Commission guidance,detailed_guide,8436e344-6417-47c2-8936-9b1b4ea3d64c,en,whitehall,2019-09-10T23:00:00.000Z,2023-09-27T08:50:34.000Z,,,1134,"Charities, volunteering and honours,GOV.UK homepage,Charities and social enterprises,Society and culture,Business and industry",The Charity Commission,The Charity Commission,2019 to 2022 Johnson Conservative government,,,
https://www.gov.uk/honours/nominate-someone-in-the-uk,Nominate someone for an honour or award: Nominate someone who lives and contributes in the UK ,guide,71ad16da-b494-4b1c-9f6a-a5696dfca129,en,publisher,2012-10-25T15:37:49.000Z,2024-11-29T15:43:29.090Z,,,991,"Charities, volunteering and honours,Society and culture,GOV.UK homepage",Government Digital Service,"Cabinet Office,Foreign, Commonwealth & Development Office",,,,
https://www.gov.uk/guidance/schedule-spreadsheet-to-claim-back-tax-on-gift-aid-donations,Schedule spreadsheet to claim back tax on Gift Aid donations,detailed_guide,403d23ea-25ac-4c9f-8f68-5e0035a8bf6e,en,whitehall,2014-12-11T00:00:00.000Z,2025-11-28T14:23:22.000Z,,,943,"GOV.UK homepage,Sports and leisure,Charities and social enterprises,Society and culture,Money,Charity money, tax and accounts,Community amateur sports clubs (CASCs),Business and industry",HM Revenue & Customs,HM Revenue & Customs,2010 to 2015 Conservative and Liberal Democrat coalition government,,,
https://www.gov.uk/volunteering,"Volunteer opportunities, rights and expenses",guide,9300b5bb-25f6-43c7-8fdc-82c4c4f5cf64,en,publisher,2011-11-02T13:32:38.000Z,2015-05-27T12:50:11.000Z,,,743,"Health and social care,Volunteering and offering help during COVID-19,Work,Finding a job,GOV.UK homepage,Society and culture,Working, jobs and pensions,Charities, volunteering and honours,COVID-19",Government Digital Service,"Department for Culture, Media and Sport,Department for Digital, Culture, Media & Sport",,,,
https://www.gov.uk/guidance/how-charities-can-respond-to-the-current-hostile-environment,How charities can respond to the current hostile environment,detailed_guide,ab4aea5b-599b-42d0-8c0f-5d8cc85b28a9,en,whitehall,2025-12-09T09:33:36.000Z,2025-12-09T09:33:36.000Z,,,734,"Business and industry,GOV.UK homepage,Society and culture,Charities and social enterprises,Charities, volunteering and honours",The Charity Commission,The Charity Commission,2024 Starmer Labour government,,,
https://www.gov.uk/guidance/prepare-a-charity-annual-return,Prepare a charity annual return,detailed_guide,5fec94c4-7631-11e4-a3cb-005056011aef,en,whitehall,2013-05-22T23:00:00.000Z,2023-10-05T08:21:17.000Z,,,730,"GOV.UK homepage,Charities and social enterprises,Business and industry,Society and culture",The Charity Commission,The Charity Commission,2010 to 2015 Conservative and Liberal Democrat coalition government,,,
https://www.gov.uk/guidance/safeguarding-duties-for-charity-trustees,Safeguarding and protecting people for charities and trustees,detailed_guide,6e8eefb2-b6f8-4441-8dc6-76690c77ad36,en,whitehall,2017-12-06T00:00:00.000Z,2022-06-01T09:53:06.000Z,,,721,"GOV.UK homepage,Charities and social enterprises,Trustee role and board,Business and industry,Charities, volunteering and honours,Society and culture",The Charity Commission,The Charity Commission,2016 to 2019 May Conservative government,,,
https://www.gov.uk/claim-gift-aid,Claiming Gift Aid as a charity or CASC,guide,d3ed367a-220a-450e-8fac-434c2a95e34b,en,publisher,2014-11-04T11:37:07.000Z,2014-12-08T14:58:22.000Z,,,721,"Sports and leisure,Charity money, tax and accounts,Community amateur sports clubs (CASCs),Charities, volunteering and honours,Charities and social enterprises,Business and industry,GOV.UK homepage,Society and culture",Government Digital Service,"HM Revenue & Customs,The Charity Commission",,,,
https://www.gov.uk/guidance/how-to-report-a-serious-incident-in-your-charity,How to report a serious incident in your charity,detailed_guide,5f5407c5-7631-11e4-a3cb-005056011aef,en,whitehall,2014-06-01T23:00:00.000Z,2026-01-16T14:31:54.000Z,,,719,"Community and society,Society and culture,Charities and social enterprises,Business and industry,GOV.UK homepage,Charity money, tax and accounts,Trustee role and board",The Charity Commission,The Charity Commission,2010 to 2015 Conservative and Liberal Democrat coalition government,,,
https://www.gov.uk/apply-medal-or-veterans-badge/apply-for-a-medal,Apply for or replace a medal or veterans badge : Apply for a medal,guide,70b25509-1b79-4e4d-8ca8-66d266ce6a4e,en,publisher,2014-11-28T14:48:46.000Z,2024-11-11T12:31:04.444Z,,,654,"Armed forces,Society and culture,Military awards and commemorations,Medals,Defence and armed forces,Charities, volunteering and honours,GOV.UK homepage",Government Digital Service,Ministry of Defence,,,,
https://www.gov.uk/guidance/setting-up-my-charity-commission-account,Setting up ‘My Charity Commission Account’,detailed_guide,1f867f4f-3f8c-4eb1-9603-fe83b64627e5,en,whitehall,2022-11-08T00:00:00.000Z,2023-11-16T15:59:50.000Z,,,532,"GOV.UK homepage,Charities, volunteering and honours,Society and culture,Charities and social enterprises,Business and industry",The Charity Commission,The Charity Commission,2022 to 2024 Sunak Conservative government,,,
https://www.gov.uk/guidance/charity-types-how-to-choose-a-structure,Charity types: how to choose a structure (CC22a),detailed_guide,5f155ddb-7631-11e4-a3cb-005056011aef,en,whitehall,2014-05-30T14:24:00.000Z,2014-11-04T10:13:26.000Z,,,511,"Society and culture,Business and industry,Community and society,Charities and social enterprises,GOV.UK homepage",The Charity Commission,The Charity Commission,2010 to 2015 Conservative and Liberal Democrat coalition government,,,
https://www.gov.uk/guidance/claim-tax-back-on-donations-using-charities-online,Claim tax back on donations using Charities Online,detailed_guide,60ae99d6-3ce0-405c-b254-274807b9f132,en,whitehall,2014-12-08T13:09:00.000Z,2022-10-07T10:04:20.000Z,,,445,"Society and culture,Community amateur sports clubs (CASCs),GOV.UK homepage,Business and industry,Sports and leisure,Charities and social enterprises,Charity money, tax and accounts",HM Revenue & Customs,HM Revenue & Customs,2010 to 2015 Conservative and Liberal Democrat coalition government,,,
https://www.gov.uk/guidance/charity-trustee-whats-involved,Charity trustee: what’s involved (CC3a),detailed_guide,5f162b81-7631-11e4-a3cb-005056011aef,en,whitehall,2013-05-22T23:00:00.000Z,2018-05-03T15:45:01.000Z,,,431,"Community and society,Society and culture,Business and industry,Charities and social enterprises,GOV.UK homepage",The Charity Commission,The Charity Commission,2010 to 2015 Conservative and Liberal Democrat coalition government,,,
https://www.gov.uk/guidance/national-rod-fishing-byelaws-for-england-freshwater-fishing-with-a-rod-and-line,National rod fishing byelaws for England: freshwater fishing with a rod and line,detailed_guide,488c8312-1ce1-4684-a0d3-5afee3347eb6,en,whitehall,2019-06-06T23:00:00.000Z,2023-12-12T12:20:05.000Z,,,399,"Sports and leisure,Environment,Freshwater fisheries,Fishing, fisheries and fishing vessels,Society and culture,GOV.UK homepage,Wildlife, animals, biodiversity and ecosystems",Environment Agency,Environment Agency,2016 to 2019 May Conservative government,,,
https://www.gov.uk/guidance/how-to-write-your-charitys-governing-document,How to write your charity's governing document (CC22b),detailed_guide,5f1abd1b-7631-11e4-a3cb-005056011aef,en,whitehall,2014-06-01T23:00:00.000Z,2014-12-11T17:59:30.000Z,,,385,"Charities and social enterprises,Society and culture,Community and society,GOV.UK homepage,Business and industry",The Charity Commission,The Charity Commission,2010 to 2015 Conservative and Liberal Democrat coalition government,,,
https://www.gov.uk/vat-charities/what-qualifies-for-relief,VAT for charities: What qualifies for VAT relief,guide,ffe03767-3130-4903-8579-269edf93377b,en,publisher,2014-11-04T11:37:07.000Z,2024-11-22T17:26:42.567Z,,,372,"GOV.UK homepage,Society and culture,Charities, volunteering and honours,Business tax,Charities and social enterprises,Money,Business and industry,VAT,Charity money, tax and accounts",Government Digital Service,HM Revenue & Customs,,,,
https://www.gov.uk/guidance/community-and-engagement-survey,Community and Engagement Survey,detailed_guide,a4685c74-da04-401b-b2c3-1ffdf3ed88a3,en,whitehall,2025-08-18T23:00:00.000Z,2025-08-18T23:00:00.000Z,,,369,"GOV.UK homepage,Society and culture","Department for Culture, Media and Sport","Department for Culture, Media and Sport",2024 Starmer Labour government,,,
https://www.gov.uk/register-a-community-amateur-sports-club,Register as a community amateur sports club (CASC),guide,c1faa6b6-6b83-418a-ac3f-3b0ae634317d,en,publisher,2012-10-19T15:47:39.000Z,2016-04-15T14:47:39.445Z,,,364,"Sports and leisure,Society and culture,GOV.UK homepage,Charities, volunteering and honours,Community amateur sports clubs (CASCs)",Government Digital Service,"Companies House,HM Revenue & Customs",,,,
https://www.gov.uk/guidance/how-to-close-a-charity,How to close a charity,detailed_guide,5f182e91-7631-11e4-a3cb-005056011aef,en,whitehall,2014-06-01T23:00:00.000Z,2024-03-07T09:41:08.000Z,,,350,"GOV.UK homepage,Charities and social enterprises,Business and industry,Community and society,Society and culture",The Charity Commission,The Charity Commission,2010 to 2015 Conservative and Liberal Democrat coalition government,,,
https://www.gov.uk/guidance/becoming-a-sponsor-homes-for-ukraine,Becoming a sponsor: Homes for Ukraine,detailed_guide,b0dee601-b2b9-4e8d-8382-8655db2e049a,en,whitehall,2023-01-16T00:00:00.000Z,2025-11-03T12:17:18.000Z,,,339,"Community and society,Society and culture,Housing and communities,GOV.UK homepage,Housing, local and community","Ministry of Housing, Communities and Local Government","Ministry of Housing, Communities and Local Government,Department for Levelling Up, Housing and Communities ",2022 to 2024 Sunak Conservative government,,,
https://www.gov.uk/guidance/trustee-board-people-and-skills,Trustee board: people and skills,detailed_guide,5f1996da-7631-11e4-a3cb-005056011aef,en,whitehall,2014-05-08T23:00:00.000Z,2025-05-13T23:02:11.000Z,,,297,"Trustee role and board,Society and culture,GOV.UK homepage,Business and industry,Charities and social enterprises,Charities, volunteering and honours",The Charity Commission,The Charity Commission,2010 to 2015 Conservative and Liberal Democrat coalition government,,,
https://www.gov.uk/guidance/changes-to-charity-accounting-and-reporting,Changes to charity accounting and reporting,detailed_guide,f7d989f9-a2b2-4077-9076-aef3df9b260c,en,whitehall,2025-10-31T12:02:02.000Z,2025-10-31T12:02:02.000Z,,,289,"Charities, volunteering and honours,Society and culture,Charities and social enterprises,GOV.UK homepage,Business and industry",The Charity Commission,The Charity Commission,2024 Starmer Labour government,,,
https://www.gov.uk/charities-and-tax,Charities and tax,guide,8b94940b-8c6a-46f4-a50c-2108414974c9,en,publisher,2012-10-13T12:16:07.000Z,2014-12-08T14:59:54.000Z,,,284,"Business tax,Reliefs,Charities and social enterprises,Business and industry,GOV.UK homepage,Charities, volunteering and honours,Money,Corporation Tax,Society and culture,Charity money, tax and accounts",Government Digital Service,"HM Revenue & Customs,The Charity Commission",,,,
https://www.gov.uk/guidance/gift-aid-what-donations-charities-and-cascs-can-claim-on,Gift Aid donation claims for charities and CASCs,detailed_guide,60269d1f-7631-11e4-a3cb-005056011aef,en,whitehall,2014-12-08T15:15:00.000Z,2019-10-22T12:33:57.000Z,,,270,"Charity money, tax and accounts,Charities and social enterprises,Charities, volunteering and honours,Society and culture,Community amateur sports clubs (CASCs),GOV.UK homepage,Money,Business and industry,Sports and leisure",HM Revenue & Customs,HM Revenue & Customs,2010 to 2015 Conservative and Liberal Democrat coalition government,,,
https://www.gov.uk/report-terrorism,Report online material promoting terrorism or extremism,transaction,dbd5d39a-a49e-4d88-863b-7c2eac8d03ab,en,publisher,2011-12-12T11:40:12.000Z,2016-04-15T13:39:16.655Z,,,264,"Online safety,GOV.UK homepage,Society and culture,Crime, justice and law,Reporting crimes and getting compensation",Government Digital Service,Home Office,,,,
https://www.gov.uk/guidance/prepare-a-charity-trustees-annual-report,Prepare a charity trustees' annual report,detailed_guide,5feebf0e-7631-11e4-a3cb-005056011aef,en,whitehall,2013-05-09T23:00:00.000Z,2025-12-19T12:08:10.000Z,,,258,"Charities and social enterprises,Business and industry,Charities, volunteering and honours,Society and culture,GOV.UK homepage",The Charity Commission,The Charity Commission,2010 to 2015 Conservative and Liberal Democrat coalition government,,,
https://www.gov.uk/guidance/charity-trustees-resignation-and-removal,Charity trustees: resignation and removal,detailed_guide,5f53fca5-7631-11e4-a3cb-005056011aef,en,whitehall,2013-05-22T23:00:00.000Z,2013-05-22T23:00:00.000Z,,,258,"Society and culture,Business and industry,Community and society,Charities and social enterprises,Trustee role and board,GOV.UK homepage",The Charity Commission,The Charity Commission,2010 to 2015 Conservative and Liberal Democrat coalition government,,,
https://www.gov.uk/guidance/how-to-write-charitable-purposes,How to write charitable purposes,detailed_guide,5f584845-7631-11e4-a3cb-005056011aef,en,whitehall,2013-09-16T11:01:00.000Z,2014-11-04T10:16:49.000Z,,,248,"Community and society,Charities and social enterprises,GOV.UK homepage,Society and culture,Business and industry",The Charity Commission,The Charity Commission,2010 to 2015 Conservative and Liberal Democrat coalition government,,,
https://www.gov.uk/change-your-charitys-details,Tell the Charity Commission about a change to your charity,transaction,1e69aad9-dcfd-49f0-a23d-da3f42799b38,en,publisher,2014-06-03T09:46:44.000Z,2017-11-01T13:52:36.658Z,,,246,"Charities and social enterprises,Society and culture,Business and industry,GOV.UK homepage,Charities, volunteering and honours",Government Digital Service,The Charity Commission,,,,
https://www.gov.uk/guidance/check-if-a-new-charity-is-the-best-option,Check if a new charity is the best option,detailed_guide,f775bf83-ad80-430e-bfde-f3d1a901a5ea,en,whitehall,2018-09-12T12:59:00.000Z,2018-09-12T12:59:00.000Z,,,239,"Business and industry,GOV.UK homepage,Charities and social enterprises,Society and culture,Charities, volunteering and honours",The Charity Commission,The Charity Commission,2016 to 2019 May Conservative government,,,
https://www.gov.uk/guidance/young-futures-hubs,Young Futures Hubs,detailed_guide,c87d38e1-e97e-4b6f-8ec1-4b42751aeb61,en,whitehall,2025-12-05T00:00:00.000Z,2025-12-09T12:56:36.000Z,,,235,"GOV.UK homepage,Young people,Society and culture","Department for Culture, Media and Sport","Department for Culture, Media and Sport",2024 Starmer Labour government,,,
https://www.gov.uk/guidance/change-your-charity-structure,Change your charity structure,detailed_guide,6055ddfb-7631-11e4-a3cb-005056011aef,en,whitehall,2014-12-02T00:00:00.000Z,2024-03-07T09:39:28.000Z,,,229,"Charities and social enterprises,Community and society,Society and culture,Business and industry,GOV.UK homepage",The Charity Commission,The Charity Commission,2010 to 2015 Conservative and Liberal Democrat coalition government,,,
https://www.gov.uk/guidance/charity-purposes-and-rules,Charity purposes and rules,detailed_guide,35644402-7da4-48a1-9b9e-2a1a97304872,en,whitehall,2020-11-02T00:00:00.000Z,2022-03-23T12:09:31.000Z,,,223,"Trustee role and board,Society and culture,Charities and social enterprises,GOV.UK homepage,Charities, volunteering and honours,Business and industry",The Charity Commission,The Charity Commission,2019 to 2022 Johnson Conservative government,,,
https://www.gov.uk/tax-limited-company-gives-to-charity,Tax when your limited company gives to charity,guide,09e853b5-ef91-4e9e-94a7-ccc6e82f5a6c,en,publisher,2014-11-04T11:37:12.000Z,2014-12-08T14:58:56.000Z,,,218,"Society and culture,Reliefs,Money,Corporation Tax,GOV.UK homepage,Charities, volunteering and honours,Business tax",Government Digital Service,HM Revenue & Customs,,,,
https://www.gov.uk/guidance/safeguarding-for-charities-and-trustees,Safeguarding for charities and trustees,detailed_guide,31b766cd-ece8-406a-84f5-54c1b53bee5b,en,whitehall,2021-11-17T09:29:00.000Z,2021-11-17T09:29:00.000Z,,,213,"GOV.UK homepage,Charities and social enterprises,Society and culture,Business and industry,Charities, volunteering and honours,Crime, justice and law",The Charity Commission,The Charity Commission,2019 to 2022 Johnson Conservative government,,,
https://www.gov.uk/guidance/report-serious-wrongdoing-at-a-charity-as-a-worker-or-volunteer,Report serious wrongdoing at a charity as a worker or volunteer,detailed_guide,b187fbb5-5c7e-4bd8-9896-51222650882f,en,whitehall,2018-10-10T23:00:00.000Z,2019-06-03T09:00:01.000Z,,,212,"Charities, volunteering and honours,Charities and social enterprises,Business and industry,Society and culture,GOV.UK homepage",The Charity Commission,The Charity Commission,2016 to 2019 May Conservative government,,,
https://www.gov.uk/send-charity-annual-return,Send a charity's annual return,transaction,4688ad1e-6a55-4471-9c59-092c942b6349,en,publisher,2014-06-03T09:45:41.000Z,2025-01-21T17:40:52.000Z,,,203,"GOV.UK homepage,Charities and social enterprises,Society and culture,Business and industry,Charities, volunteering and honours",Government Digital Service,The Charity Commission,,,,
https://www.gov.uk/guidance/find-a-sponsor-using-recognised-providers-homes-for-ukraine,Find a sponsor/guest using recognised providers: Homes for Ukraine,detailed_guide,79328cca-52cd-4daf-bca4-bf7bb74ecfd9,en,whitehall,2023-01-16T00:00:00.000Z,2025-09-15T08:30:06.000Z,,,201,"GOV.UK homepage,Society and culture,Community and society","Ministry of Housing, Communities and Local Government","Ministry of Housing, Communities and Local Government,Department for Levelling Up, Housing and Communities ",2022 to 2024 Sunak Conservative government,,,
https://www.gov.uk/volunteer-as-a-coastguard,Volunteer as a coastguard,guide,18a997f1-38b7-4861-971a-db010b3bd6e8,en,publisher,2014-06-02T11:44:56.000Z,2015-10-29T11:41:23.000Z,,,197,"Society and culture,Charities, volunteering and honours,GOV.UK homepage",Government Digital Service,Maritime and Coastguard Agency,,,,
https://www.gov.uk/guidance/how-to-register-your-charity-cc21b,How to register a charity (CC21b),detailed_guide,5f525ead-7631-11e4-a3cb-005056011aef,en,whitehall,2014-05-20T23:00:00.000Z,2015-02-02T14:43:40.000Z,,,195,"Business and industry,Society and culture,GOV.UK homepage,Community and society,Charities and social enterprises",The Charity Commission,The Charity Commission,2010 to 2015 Conservative and Liberal Democrat coalition government,,,
https://www.gov.uk/guidance/public-benefit-rules-for-charities,Public benefit: rules for charities,detailed_guide,5f162fca-7631-11e4-a3cb-005056011aef,en,whitehall,2014-02-14T12:28:00.000Z,2014-02-14T12:28:00.000Z,,,180,"Community and society,Business and industry,GOV.UK homepage,Charities and social enterprises,Trustee role and board,Society and culture",The Charity Commission,The Charity Commission,2010 to 2015 Conservative and Liberal Democrat coalition government,,,
https://www.gov.uk/report-hate-crime,Report hate crime,answer,35a65d0a-b354-46ab-a40f-7955ff6aef8a,en,publisher,2011-12-07T13:35:15.000Z,2015-03-27T17:05:54.000Z,,,169,"Reporting crimes and getting compensation,Online safety,Crime, justice and law,Society and culture,GOV.UK homepage",Government Digital Service,"Home Office,Ministry of Justice",,,,
https://www.gov.uk/guidance/gift-aid-declarations-claiming-tax-back-on-donations,Gift Aid declarations: claiming tax back on donations,detailed_guide,6054195d-7631-11e4-a3cb-005056011aef,en,whitehall,2014-11-27T16:25:00.000Z,2016-01-20T13:20:55.000Z,,,165,"Community amateur sports clubs (CASCs),GOV.UK homepage,Charity money, tax and accounts,Society and culture,Business and industry,Money,Sports and leisure,Charities and social enterprises",HM Revenue & Customs,HM Revenue & Customs,2010 to 2015 Conservative and Liberal Democrat coalition government,,,
https://www.gov.uk/guidance/how-to-transfer-charity-assets,How to transfer charity assets to another charity,detailed_guide,601c08af-7631-11e4-a3cb-005056011aef,en,whitehall,2014-12-02T00:00:00.000Z,2024-03-07T09:38:19.000Z,,,165,"Business and industry,Society and culture,Community and society,GOV.UK homepage,Charities and social enterprises",The Charity Commission,The Charity Commission,2010 to 2015 Conservative and Liberal Democrat coalition government,,,
https://www.gov.uk/remove-charity-register,Remove a charity from the charities register,answer,ecec7d04-139e-4f72-9f63-0ce3d7f96e8a,en,publisher,2014-06-03T09:45:16.000Z,2014-12-17T12:20:01.000Z,,,164,"GOV.UK homepage,Charities and social enterprises,Business and industry,Society and culture,Charities, volunteering and honours",Government Digital Service,The Charity Commission,,,,
https://www.gov.uk/guidance/community-and-engagement-survey-information-for-participants,Community and Engagement Survey: Information for Participants,detailed_guide,3a2a8526-cfe2-4233-9874-cc5e440a5dbc,en,whitehall,2025-08-18T23:00:00.000Z,2025-08-18T23:00:00.000Z,,,163,"GOV.UK homepage,Society and culture","Department for Culture, Media and Sport","Department for Culture, Media and Sport",2024 Starmer Labour government,,,
https://www.gov.uk/complain-about-charity,Complain about a charity,answer,b467318b-d10e-4ac3-9d5e-99e190694f6e,en,publisher,2011-11-08T17:13:11.000Z,2014-12-05T11:40:48.000Z,,,160,"GOV.UK homepage,Society and culture,Charities, volunteering and honours",Government Digital Service,The Charity Commission,,,,
https://www.gov.uk/guidance/my-charity-commission-account-guidance-for-charity-contacts,My Charity Commission Account - guidance for charity contacts,detailed_guide,c298033e-c311-40b7-b1da-be14b74ab29b,en,whitehall,2023-11-16T00:00:00.000Z,2025-02-13T17:18:41.000Z,,,158,"Charities, volunteering and honours,Business and industry,GOV.UK homepage,Charities and social enterprises,Society and culture",The Charity Commission,The Charity Commission,2022 to 2024 Sunak Conservative government,,,
https://www.gov.uk/guidance/deprivation-of-liberty-orders,Deprivation of Liberty orders,detailed_guide,6055bff2-7631-11e4-a3cb-005056011aef,en,whitehall,2014-08-31T23:00:00.000Z,2025-04-07T23:01:08.000Z,,,157,"Crime, justice and law,Business regulation,Consumer rights and issues,Equality, rights and citizenship,Business and industry,Society and culture,GOV.UK homepage",HM Courts & Tribunals Service,HM Courts & Tribunals Service,2010 to 2015 Conservative and Liberal Democrat coalition government,,,
https://www.gov.uk/public-appointments,Apply for a public appointment,transaction,d675e263-9b1c-4ffb-bd2c-356062da30fe,en,publisher,2013-02-19T12:47:28.000Z,2024-10-22T14:57:02.311Z,,,153,"GOV.UK homepage,Charities, volunteering and honours,Society and culture",Government Digital Service,Cabinet Office,,,,
https://www.gov.uk/guidance/better-futures-fund,Better Futures Fund,detailed_guide,9a01dc9d-3f0f-4d44-8d63-63d50c32eb1d,en,whitehall,2026-01-29T17:28:53.000Z,2026-01-29T17:28:53.000Z,,,147,"Charities and social enterprises,Public services,Community and society,Government,GOV.UK homepage,Social investment,Society and culture,Business and industry","Department for Culture, Media and Sport","Department for Culture, Media and Sport",2024 Starmer Labour government,,,
https://www.gov.uk/guidance/entertainment-licensing-changes-under-the-live-music-act,Entertainment Licensing,detailed_guide,5d6368dc-7631-11e4-a3cb-005056011aef,en,whitehall,2015-03-26T19:00:00.000Z,2015-03-26T19:00:00.000Z,,,132,"Sports and leisure,Running a business,Business and industry,Arts and culture,Business licensing ,GOV.UK homepage,Society and culture","Department for Culture, Media and Sport","Department for Culture, Media and Sport,Department for Digital, Culture, Media & Sport",2010 to 2015 Conservative and Liberal Democrat coalition government,,,
https://www.gov.uk/guidance/my-charity-commission-account-guidance-for-trustees,My Charity Commission Account - guidance for trustees,detailed_guide,61453b18-ccd4-4dcd-8ada-529d5e077c5d,en,whitehall,2023-11-16T00:00:00.000Z,2023-11-16T00:00:00.000Z,,,130,"Society and culture,Charities and social enterprises,Community and society,GOV.UK homepage,Business and industry",The Charity Commission,The Charity Commission,2022 to 2024 Sunak Conservative government,,,
https://www.gov.uk/guidance/political-activity-and-campaigning-by-charities,Political activity and campaigning by charities,detailed_guide,70d6715d-1f90-4eb3-b46b-d5c8fc71031d,en,whitehall,2022-10-11T23:00:00.000Z,2022-10-11T23:00:00.000Z,,,129,"Society and culture,Business and industry,Charities and social enterprises,Charities, volunteering and honours,GOV.UK homepage",The Charity Commission,The Charity Commission,2022 Truss Conservative government,,,
https://www.gov.uk/tax-relief-cascs,Tax relief for community amateur sports clubs (CASCs) ,answer,1d7c4fa0-2397-4b48-9048-b8cfd47c8e03,en,publisher,2014-11-04T11:37:09.000Z,2015-06-26T12:28:31.000Z,,,124,"Business tax,Reliefs,Corporation Tax,Sports and leisure,GOV.UK homepage,Society and culture,Money,Charities, volunteering and honours,Community amateur sports clubs (CASCs)",Government Digital Service,HM Revenue & Customs,,,,
https://www.gov.uk/prepare-charitys-annual-accounts,Prepare a charity's annual accounts,simple_smart_answer,d61927bf-bae2-43df-a51b-9f7294929b38,en,publisher,2014-06-03T09:49:49.000Z,2016-11-11T14:51:00.615Z,,,123,"Charities and social enterprises,Charity money, tax and accounts,Society and culture,Charities, volunteering and honours,GOV.UK homepage,Business and industry",Government Digital Service,"HM Revenue & Customs,The Charity Commission",,,,
https://www.gov.uk/guidance/automatic-disqualification-rules-for-charity-trustees-and-charity-senior-positions,Automatic disqualification rules for charity trustees and charity senior positions,detailed_guide,42882db3-6e9c-4f50-83b5-a80c4b787bac,en,whitehall,2018-01-17T00:00:00.000Z,2026-01-16T14:31:35.000Z,,,119,"Charities and social enterprises,Society and culture,Trustee role and board,Business and industry,GOV.UK homepage",The Charity Commission,The Charity Commission,2016 to 2019 May Conservative government,,,
https://www.gov.uk/guidance/things-you-need-to-consider-before-hosting-or-sponsoring-homes-for-ukraine,Things you need to consider before hosting or sponsoring: Homes for Ukraine,detailed_guide,b1e8fed9-904b-45f7-b121-d895e2663230,en,whitehall,2023-01-16T11:56:45.000Z,2023-01-16T11:56:45.000Z,,,117,"Society and culture,Housing, local and community,GOV.UK homepage,Housing and communities,Community and society","Ministry of Housing, Communities and Local Government","Ministry of Housing, Communities and Local Government,Department for Levelling Up, Housing and Communities ",2022 to 2024 Sunak Conservative government,,,
https://www.gov.uk/search-armed-forces-memorial-roll-of-honour,Search the Armed Forces Memorial roll of honour,transaction,8e772a4e-5b25-495a-ac63-96fbd63537e8,en,publisher,2014-11-24T08:10:10.000Z,2014-12-10T13:52:22.000Z,,,114,"GOV.UK homepage,Armed forces,Defence and armed forces,Charities, volunteering and honours,Society and culture",Government Digital Service,Ministry of Defence,,,,
https://www.gov.uk/guidance/multi-sport-grassroots-facilities-programme-projects-2025-to-2026,Multi-Sport Grassroots Facilities Programme projects: 2025 to 2026,detailed_guide,d854c570-b5e3-402f-a962-79b7ad2a8eff,en,whitehall,2026-01-27T00:01:02.000Z,2026-01-27T00:01:02.000Z,,,110,"Sports participation,Society and culture,GOV.UK homepage,Sports and leisure","Department for Culture, Media and Sport","Department for Culture, Media and Sport",2024 Starmer Labour government,,,
https://www.gov.uk/guidance/provide-official-dvsa-driving-e-learning-for-learners-or-drivers,Provide official DVSA driving e-learning for learners or drivers,detailed_guide,fca17a99-143f-43bb-ac0e-98f4cc969d81,en,whitehall,2024-02-15T00:00:00.000Z,2024-09-30T15:22:47.000Z,,,107,"Driving and motorcycle tests,Transport businesses and vehicle operator licences,Library services,Theory tests,Further and higher education, skills and vocational training,Employing drivers,Transport,Education, training and skills,Adult learning,Driving and road transport,Arts and culture,Personal, social, health and economic education,GOV.UK homepage,Society and culture,School curriculum",Driver and Vehicle Standards Agency,Driver and Vehicle Standards Agency,2022 to 2024 Sunak Conservative government,,,
https://www.gov.uk/who-can-run-charity-finances,Who can run your charity's finances,answer,6157a768-bcfe-4455-b7c0-4eafd4d1ec31,en,publisher,2014-11-04T11:37:07.000Z,2014-12-08T15:51:24.000Z,,,105,"Charities, volunteering and honours,Society and culture,Charity money, tax and accounts,GOV.UK homepage,Community amateur sports clubs (CASCs),Sports and leisure,Business and industry,Charities and social enterprises",Government Digital Service,HM Revenue & Customs,,,,
https://www.gov.uk/guidance/child-maintenance-liability-orders,Child maintenance: liability orders,detailed_guide,8022af2b-ac86-4542-b472-c2af8a413227,en,whitehall,2013-09-30T23:00:00.000Z,2013-09-30T23:00:00.000Z,,,103,"Welfare,Community and society,Child maintenance reform,Society and culture,GOV.UK homepage",Department for Work and Pensions,Department for Work and Pensions,2010 to 2015 Conservative and Liberal Democrat coalition government,,,
https://www.gov.uk/guidance/village-halls-answers-to-some-common-questions,Village halls: answers to some common questions,detailed_guide,3a648ff2-0979-4bf9-8658-a29e0fac4e5c,en,whitehall,2010-09-30T23:00:00.000Z,2024-03-07T11:30:24.000Z,,,95,"GOV.UK homepage,Charities, volunteering and honours,Charities and social enterprises,Business and industry,Society and culture",The Charity Commission,The Charity Commission,2010 to 2015 Conservative and Liberal Democrat coalition government,,,
https://www.gov.uk/guidance/claiming-a-top-up-payment-on-small-charitable-donations,Claim top-up payments for the Gift Aid Small Donations Scheme,detailed_guide,602cadf0-7631-11e4-a3cb-005056011aef,en,whitehall,2014-11-26T15:12:00.000Z,2020-02-17T15:56:48.000Z,,,92,"Sports and leisure,Society and culture,Business and industry,Money,GOV.UK homepage,Community amateur sports clubs (CASCs),Charity money, tax and accounts,Charities, volunteering and honours,Charities and social enterprises",HM Revenue & Customs,HM Revenue & Customs,2010 to 2015 Conservative and Liberal Democrat coalition government,,,
https://www.gov.uk/guidance/get-funding-to-start-a-charity,Get funding to start a charity,detailed_guide,5f53e037-7631-11e4-a3cb-005056011aef,en,whitehall,2013-05-23T09:26:00.000Z,2026-02-03T10:31:06.000Z,,,90,"Community and society,GOV.UK homepage,Charities and social enterprises,Business and industry,Society and culture",The Charity Commission,The Charity Commission,2010 to 2015 Conservative and Liberal Democrat coalition government,,,
https://www.gov.uk/guidance/get-a-charity-registration-certificate,How to get a charity registration certificate,detailed_guide,5f5ebe9f-7631-11e4-a3cb-005056011aef,en,whitehall,2014-09-12T14:41:00.000Z,2014-09-12T14:41:00.000Z,,,90,"Charities and social enterprises,Business and industry,GOV.UK homepage,Society and culture,Community and society",The Charity Commission,The Charity Commission,2010 to 2015 Conservative and Liberal Democrat coalition government,,,
https://www.gov.uk/guidance/designated-days-for-union-flag-flying,Union Flag flying guidance for UK government buildings,detailed_guide,5d6356c8-7631-11e4-a3cb-005056011aef,en,whitehall,2013-02-27T00:00:00.000Z,2026-01-28T10:18:35.000Z,,,85,"Defence and armed forces,Military awards and commemorations,Society and culture,GOV.UK homepage,Arts and culture,Regional and local government,Local government","Department for Culture, Media and Sport","Department for Culture, Media and Sport",2010 to 2015 Conservative and Liberal Democrat coalition government,,,
https://www.gov.uk/running-community-amateur-sports-club,Running a community amateur sports club (CASC),guide,fd3b5ae3-cc11-4696-9834-912347d5198d,en,publisher,2014-11-04T11:53:00.000Z,2016-03-15T14:39:42.000Z,,,84,"Money,Charities, volunteering and honours,Society and culture,Business tax,Corporation Tax,Sports and leisure,GOV.UK homepage,Community amateur sports clubs (CASCs)",Government Digital Service,HM Revenue & Customs,,,,
https://www.gov.uk/guidance/eligibility-safeguarding-dbs-and-accommodation-checks-homes-for-ukraine,"Eligibility, safeguarding, Disclosure and Barring Service and accommodation checks: Homes for Ukraine",detailed_guide,ec17d540-4271-4131-8dc4-94feab069019,en,whitehall,2023-01-16T00:00:00.000Z,2025-09-15T08:30:06.000Z,,,83,"GOV.UK homepage,Community and society,Society and culture,Housing and communities,Housing, local and community","Ministry of Housing, Communities and Local Government","Ministry of Housing, Communities and Local Government,Department for Levelling Up, Housing and Communities ",2022 to 2024 Sunak Conservative government,,,
https://www.gov.uk/guidance/permanent-endowment-rules-for-charities,Permanent endowment: rules for charities,detailed_guide,5f63b199-7631-11e4-a3cb-005056011aef,en,whitehall,2013-05-22T23:00:00.000Z,2024-03-07T09:32:13.000Z,,,82,"Business and industry,Community and society,GOV.UK homepage,Society and culture,Charities and social enterprises",The Charity Commission,The Charity Commission,2010 to 2015 Conservative and Liberal Democrat coalition government,,,
https://www.gov.uk/report-changes-charity,Reporting changes to your charity's details,answer,26fea3e1-74f0-43c7-a5d0-b716a2c389e6,en,publisher,2014-11-04T11:37:12.000Z,2014-12-08T15:00:45.000Z,,,79,"Charities and social enterprises,Business and industry,Charities, volunteering and honours,Charity money, tax and accounts,Society and culture,GOV.UK homepage",Government Digital Service,"HM Revenue & Customs,The Charity Commission",,,,
https://www.gov.uk/guidance/basic-accommodation-needs-homes-for-ukraine,Basic accommodation needs: Homes for Ukraine,detailed_guide,e429b81e-e550-420d-a904-95e641ea45fd,en,whitehall,2023-01-16T00:00:00.000Z,2023-01-16T00:00:00.000Z,,,79,"Housing, local and community,GOV.UK homepage,Society and culture,Housing and communities,Community and society","Ministry of Housing, Communities and Local Government","Ministry of Housing, Communities and Local Government,Department for Levelling Up, Housing and Communities ",2022 to 2024 Sunak Conservative government,,,
https://www.gov.uk/kings-award-for-voluntary-service,The King's Award for Voluntary Service,guide,88b43e2c-a4e4-4424-8dac-a8a3887db1fa,en,publisher,2012-01-26T13:00:30.000Z,2024-12-06T12:54:48.573Z,,,74,"Charities, volunteering and honours,Society and culture,GOV.UK homepage",Government Digital Service,Home Office,,,,
https://www.gov.uk/guidance/charity-trustee-disqualification,Why some individuals can't act as charity trustees,detailed_guide,601b6717-7631-11e4-a3cb-005056011aef,en,whitehall,2013-03-31T23:00:00.000Z,2013-03-31T23:00:00.000Z,,,73,"Society and culture,Community and society,Charities and social enterprises,Trustee role and board,GOV.UK homepage,Business and industry",The Charity Commission,The Charity Commission,2010 to 2015 Conservative and Liberal Democrat coalition government,,,
https://www.gov.uk/guidance/trustee-expenses-what-charities-can-pay,Trustee expenses: what charities can pay,detailed_guide,3b7f0c33-d848-44eb-825d-73c05d0a7b52,en,whitehall,2025-04-24T23:00:00.000Z,2025-04-24T23:00:00.000Z,,,71,"Society and culture,Business and industry,Charities, volunteering and honours,Charities and social enterprises,GOV.UK homepage",The Charity Commission,The Charity Commission,2024 Starmer Labour government,,,
https://www.gov.uk/guidance/guidance-for-charities-with-a-connection-to-a-non-charity,Guidance for charities with a connection to a non-charity,detailed_guide,357135e7-ad4e-4a20-bc4b-d5a05328372b,en,whitehall,2019-03-29T10:51:00.000Z,2019-03-29T10:51:00.000Z,,,71,"Society and culture,Charities, volunteering and honours,Charities and social enterprises,GOV.UK homepage,Business and industry",The Charity Commission,The Charity Commission,2016 to 2019 May Conservative government,,,
https://www.gov.uk/guidance/model-accessibility-statement,Model accessibility statement,detailed_guide,a4ff35f0-f31f-469a-b7aa-ef99dec711b4,en,whitehall,2022-02-09T00:00:00.000Z,2024-09-30T12:12:50.000Z,,,70,"Government,Society and culture,Digital accessibility,Government technology and digital services,Digital inclusion and accessibility in society,GOV.UK homepage",Government Digital Service,Government Digital Service,2019 to 2022 Johnson Conservative government,,,
https://www.gov.uk/guidance/work-with-other-charities,Work with other charities,detailed_guide,5ff1d094-7631-11e4-a3cb-005056011aef,en,whitehall,2013-05-22T23:00:00.000Z,2024-03-07T09:42:52.000Z,,,70,"Society and culture,Business and industry,Fundraising,Community and society,GOV.UK homepage,Charities and social enterprises",The Charity Commission,The Charity Commission,2010 to 2015 Conservative and Liberal Democrat coalition government,,,
https://www.gov.uk/guidance/independent-football-regulator,Independent Football Regulator,detailed_guide,ba012c4f-9ea1-4940-bc6f-b6fbf4a4e1ef,en,whitehall,2025-09-03T23:00:00.000Z,2025-10-28T16:19:18.000Z,,,67,"Sports and leisure,Society and culture,GOV.UK homepage",Independent Football Regulator,Independent Football Regulator,2024 Starmer Labour government,,,
https://www.gov.uk/guidance/welcome-a-guide-for-hong-kong-british-national-overseas-visa-holders-in-the-uk,Welcome Programme: Hong Kong British National (Overseas) visa holders in the UK,detailed_guide,ab977c56-3bfd-4a27-9f32-7764b16e7686,en,whitehall,2021-04-07T23:00:00.000Z,2025-12-04T12:00:09.000Z,,,66,"British citizenship ,GOV.UK homepage,Society and culture","Ministry of Housing, Communities and Local Government","Ministry of Housing, Communities and Local Government,Ministry of Housing, Communities & Local Government (2018 to 2021),Department for Levelling Up, Housing and Communities ",2019 to 2022 Johnson Conservative government,,,
https://www.gov.uk/guidance/social-outcomes-partnerships,Social Outcomes Partnerships and the Life Chances Fund,detailed_guide,5c830a8c-7631-11e4-a3cb-005056011aef,en,whitehall,2012-11-16T00:00:00.000Z,2025-09-02T10:48:02.000Z,,,64,"Public services,Social investment,Society and culture,GOV.UK homepage,Community and society,Government",Cabinet Office,"Cabinet Office,Department for Culture, Media and Sport,Department for Digital, Culture, Media & Sport",2010 to 2015 Conservative and Liberal Democrat coalition government,,,
https://www.gov.uk/guidance/how-to-set-up-a-charity-cc21a,How to set up a charity (CC21a),detailed_guide,5fe9c46c-7631-11e4-a3cb-005056011aef,en,whitehall,2014-05-19T23:00:00.000Z,2014-11-04T10:11:37.000Z,,,64,"Community and society,GOV.UK homepage,Business and industry,Charities and social enterprises,Society and culture",The Charity Commission,The Charity Commission,2010 to 2015 Conservative and Liberal Democrat coalition government,,,
https://www.gov.uk/guidance/english-indices-of-deprivation-2019-mapping-resources,English indices of deprivation 2019: mapping resources,detailed_guide,24a45a16-90f2-4ebb-b4e3-f26bf09c23d0,en,whitehall,2019-09-25T23:00:00.000Z,2019-09-25T23:00:00.000Z,,,62,"GOV.UK homepage,Society and culture,Community and society","Ministry of Housing, Communities and Local Government","Ministry of Housing, Communities and Local Government,Ministry of Housing, Communities & Local Government (2018 to 2021),Department for Levelling Up, Housing and Communities ",2019 to 2022 Johnson Conservative government,,,
https://www.gov.uk/guidance/homes-for-ukraine-guidance-for-sponsors-children-and-minors-applying-without-parents-or-legal-guardians,Homes for Ukraine: Guidance for sponsors (children and minors applying without parents or legal guardians),detailed_guide,4f6ceafd-4b02-4b9f-b12d-7f4a16df9579,en,whitehall,2022-07-14T23:00:00.000Z,2025-07-07T08:00:02.000Z,,,61,"Community and society,GOV.UK homepage,Society and culture","Ministry of Housing, Communities and Local Government","Ministry of Housing, Communities and Local Government,Department for Levelling Up, Housing and Communities ",2019 to 2022 Johnson Conservative government,,,
https://www.gov.uk/guidance/addresses-and-trustee-names-in-your-charitys-public-details,Display of trustee legal names on the charity register,detailed_guide,5fe17c7c-7631-11e4-a3cb-005056011aef,en,whitehall,2014-09-01T23:00:00.000Z,2024-02-09T11:55:26.000Z,,,60,"Trustee role and board,Business and industry,Charities and social enterprises,Society and culture,GOV.UK homepage",The Charity Commission,The Charity Commission,2010 to 2015 Conservative and Liberal Democrat coalition government,,,
https://www.gov.uk/guidance/my-charity-commission-account-common-issues,My Charity Commission Account - common issues,detailed_guide,2e81364a-1bda-4316-9c80-5c9826ab8e5a,en,whitehall,2023-11-16T00:00:00.000Z,2023-11-16T00:00:00.000Z,,,60,"Business and industry,Charities and social enterprises,GOV.UK homepage,Charities, volunteering and honours,Society and culture",The Charity Commission,The Charity Commission,2022 to 2024 Sunak Conservative government,,,
https://www.gov.uk/guidance/better-youth-spaces-programme,Better Youth Spaces programme,detailed_guide,10c2e6ba-77be-4d46-bbbf-bbbab17b9e07,en,whitehall,2025-08-04T23:00:00.000Z,2025-11-06T12:00:06.000Z,,,59,"Society and culture,GOV.UK homepage,Young people","Department for Culture, Media and Sport","Department for Culture, Media and Sport",2024 Starmer Labour government,,,
https://www.gov.uk/guidance/regional-rod-fishing-byelaws-severn-trent-midlands,Rod fishing byelaws: Midlands,detailed_guide,5e6789a0-ab7a-42f8-b51d-eb406496604e,en,whitehall,2019-06-06T23:00:00.000Z,2021-09-29T10:47:48.000Z,,,57,"Society and culture,Sports and leisure,Fishing, fisheries and fishing vessels,GOV.UK homepage,Freshwater fisheries,Environment,Wildlife, animals, biodiversity and ecosystems",Environment Agency,Environment Agency,2016 to 2019 May Conservative government,,,
https://www.gov.uk/guidance/participation-survey,Participation Survey,detailed_guide,c02ea54e-b3b5-4aba-b26f-eba3373450a5,en,whitehall,2021-08-25T23:00:00.000Z,2025-09-23T10:17:39.000Z,,,57,"Arts and culture,GOV.UK homepage,Society and culture","Department for Culture, Media and Sport","Department for Culture, Media and Sport,Department for Digital, Culture, Media & Sport",2019 to 2022 Johnson Conservative government,,,
https://www.gov.uk/guidance/charities-act-2022-guidance-for-charities,Charities Act 2022 changes,detailed_guide,e72fe7a0-36c6-4af3-a23f-104e1fffc33f,en,whitehall,2022-08-03T23:00:00.000Z,2025-11-27T12:04:27.000Z,,,57,"GOV.UK homepage,Charities, volunteering and honours,Charities and social enterprises,Business and industry,Society and culture",The Charity Commission,The Charity Commission,2019 to 2022 Johnson Conservative government,,,
https://www.gov.uk/guidance/disagreements-and-disputes-in-charities,Disagreements and disputes in charities,detailed_guide,5f19fda9-7631-11e4-a3cb-005056011aef,en,whitehall,2013-05-23T09:40:00.000Z,2013-05-23T09:40:00.000Z,,,57,"Community and society,Business and industry,GOV.UK homepage,Society and culture,Charities and social enterprises",The Charity Commission,The Charity Commission,2010 to 2015 Conservative and Liberal Democrat coalition government,,,
https://www.gov.uk/guidance/learn-to-speak-read-and-write-english-homes-for-ukraine,"Learn to speak, read and write English: Homes for Ukraine",detailed_guide,54f9830d-ec35-4706-94d4-c66f9a0ce551,en,whitehall,2023-01-16T00:00:00.000Z,2025-11-03T12:18:34.000Z,,,57,"Society and culture,Education, training and skills,GOV.UK homepage,Community and society","Ministry of Housing, Communities and Local Government","Ministry of Housing, Communities and Local Government,Department for Levelling Up, Housing and Communities ",2022 to 2024 Sunak Conservative government,,,
https://www.gov.uk/guidance/homes-for-ukraine-ukraine-permission-extension-scheme-guidance-for-sponsors,Homes for Ukraine: Ukraine Permission Extension scheme - guidance for sponsors,detailed_guide,334e3643-02b2-4619-a13a-db76a3996630,en,whitehall,2025-01-21T00:00:00.000Z,2025-07-07T08:00:02.000Z,,,56,"GOV.UK homepage,Society and culture,Community and society","Ministry of Housing, Communities and Local Government","Ministry of Housing, Communities and Local Government",2024 Starmer Labour government,,,
https://www.gov.uk/guidance/taking-part-survey,Taking Part Survey,detailed_guide,38186336-bac5-4bb6-9afc-391beb79d169,en,whitehall,2016-08-31T08:02:00.000Z,2021-06-24T07:24:32.000Z,,,56,"Society and culture,Arts and culture,GOV.UK homepage","Department for Culture, Media and Sport","Department for Culture, Media and Sport,Department for Digital, Culture, Media & Sport",2016 to 2019 May Conservative government,,,
https://www.gov.uk/guidance/charity-banking,Charity banking,detailed_guide,f9f0490e-397a-4a96-9fbe-cf066d4e51f3,en,whitehall,2024-07-22T23:00:00.000Z,2024-07-22T23:00:00.000Z,,,55,"Charities and social enterprises,GOV.UK homepage,Business and industry,Society and culture,Charities, volunteering and honours",The Charity Commission,The Charity Commission,2024 Starmer Labour government,,,
https://www.gov.uk/guidance/volunteering-with-natural-england-how-to-get-involved,Volunteering with Natural England: how to get involved,detailed_guide,5f57e8d1-7631-11e4-a3cb-005056011aef,en,whitehall,2014-10-09T23:00:00.000Z,2025-10-23T15:17:22.000Z,,,55,"Charities, volunteering and honours,Environment,Society and culture,GOV.UK homepage",Natural England,Natural England,2010 to 2015 Conservative and Liberal Democrat coalition government,,,
https://www.gov.uk/guidance/homes-for-ukraine-ukraine-permission-extension-scheme-guidance-for-councils,Homes for Ukraine: Ukraine Permission Extension scheme - guidance for councils,detailed_guide,f1182581-4b98-437c-affe-ae24919926a5,en,whitehall,2025-01-21T00:00:00.000Z,2025-11-03T12:17:13.000Z,,,54,"Community and society,GOV.UK homepage,Society and culture","Ministry of Housing, Communities and Local Government","Ministry of Housing, Communities and Local Government",2024 Starmer Labour government,,,
https://www.gov.uk/guidance/river-thames-lock-and-weir-fishing,River Thames: lock and weir fishing,detailed_guide,7243c408-ff67-4d89-bcce-54d2e33a521f,en,whitehall,2023-09-03T23:00:00.000Z,2024-06-17T12:16:02.000Z,,,51,"Recreation,Environment,Sports and leisure,Boats and waterways,Countryside,Society and culture,Access to the countryside,GOV.UK homepage,Rural and countryside",Environment Agency,Environment Agency,2022 to 2024 Sunak Conservative government,,,
https://www.gov.uk/guidance/online-media-literacy-resources,Online media literacy resources,detailed_guide,5d4f001b-92ae-48d4-8abb-1b11c60ee4e3,en,whitehall,2021-07-12T23:00:00.000Z,2026-02-10T17:01:38.000Z,,,51,"GOV.UK homepage,Digital inclusion and accessibility in society,Society and culture","Department for Science, Innovation and Technology","Department for Science, Innovation and Technology,Department for Digital, Culture, Media & Sport",2019 to 2022 Johnson Conservative government,,,
https://www.gov.uk/guidance/accessibility-support-for-companies-house-users,Accessibility support for Companies House users,detailed_guide,e99f065c-823b-4745-b3df-4be150e8248a,en,whitehall,2018-11-27T18:26:00.000Z,2022-11-01T08:00:01.000Z,,,50,"Digital inclusion and accessibility in society,GOV.UK homepage,Society and culture",Companies House,Companies House,2016 to 2019 May Conservative government,,,
https://www.gov.uk/guidance/refer-a-deceased-persons-estate-to-the-treasury-solicitor,Refer a deceased person's estate to the Treasury Solicitor,detailed_guide,5ebe89fc-7631-11e4-a3cb-005056011aef,en,whitehall,2013-12-06T00:00:00.000Z,2026-01-12T13:47:19.000Z,,,48,"Health and social care,Local government,Death registration disclosure,Death and bereavement,Life circumstances,Community and society,Regional and local government,Society and culture,Public health,GOV.UK homepage",Bona Vacantia,"Bona Vacantia,Government Legal Department",2010 to 2015 Conservative and Liberal Democrat coalition government,,,
https://www.gov.uk/guidance/culture-and-heritage-capital-portal,Culture and Heritage Capital portal,detailed_guide,fb4c7272-2668-478e-bd18-b4b273b7b15b,en,whitehall,2021-01-21T00:00:00.000Z,2025-01-29T13:02:27.000Z,,,48,"Arts and culture,Society and culture,GOV.UK homepage","Department for Culture, Media and Sport","Department for Culture, Media and Sport",2019 to 2022 Johnson Conservative government,,,
https://www.gov.uk/guidance/work-out-taxable-income-for-a-casc,Work out taxable income for a CASC,detailed_guide,60567de3-7631-11e4-a3cb-005056011aef,en,whitehall,2014-12-04T00:00:00.000Z,2025-10-23T07:22:54.000Z,,,48,"Community amateur sports clubs (CASCs),Society and culture,Personal tax,Sports and leisure,GOV.UK homepage,Money",HM Revenue & Customs,HM Revenue & Customs,2010 to 2015 Conservative and Liberal Democrat coalition government,,,
https://www.gov.uk/guidance/civil-society-covenant-programme,Civil Society Covenant: programme,detailed_guide,660e39d1-2436-4475-9489-f199e6fe2b82,en,whitehall,2025-07-16T23:00:00.000Z,2026-01-21T14:34:18.000Z,,,47,"GOV.UK homepage,Society and culture,Charities, volunteering and honours","Department for Culture, Media and Sport","Department for Culture, Media and Sport",2024 Starmer Labour government,,,
https://www.gov.uk/guidance/apply-for-universal-credit-and-other-benefits-homes-for-ukraine,Apply for Universal Credit and other benefits: Homes for Ukraine,detailed_guide,01fcfd4e-a871-47d0-ba3e-b859d397bc4c,en,whitehall,2023-01-16T00:00:00.000Z,2023-09-13T09:35:39.000Z,,,47,"Welfare,Community and society,Society and culture,GOV.UK homepage,Benefits entitlement","Ministry of Housing, Communities and Local Government","Ministry of Housing, Communities and Local Government,Department for Levelling Up, Housing and Communities ",2022 to 2024 Sunak Conservative government,,,
https://www.gov.uk/guidance/camping-and-caravanning-site-exemption-certificates-know-the-rules-and-how-to-apply,Social clubs: get an exemption to camp without a licence,detailed_guide,5fd91d35-7631-11e4-a3cb-005056011aef,en,whitehall,2014-09-10T23:00:00.000Z,2026-01-12T15:22:28.000Z,,,46,"Sports and leisure,GOV.UK homepage,Recreation,Society and culture,Environment,Rural and countryside",Natural England,Natural England,2010 to 2015 Conservative and Liberal Democrat coalition government,,,
https://www.gov.uk/guidance/regional-rod-fishing-byelaws-north-east-region,Rod fishing byelaws: North East,detailed_guide,4bc81d27-1e40-4c2e-9097-30acdfed07c2,en,whitehall,2019-06-06T23:00:00.000Z,2023-05-16T08:59:51.000Z,,,46,"Sports and leisure,Society and culture,Wildlife, animals, biodiversity and ecosystems,Freshwater fisheries,Fishing, fisheries and fishing vessels,GOV.UK homepage,Environment",Environment Agency,Environment Agency,2016 to 2019 May Conservative government,,,
https://www.gov.uk/guidance/protect-your-charity-from-cyber-crime,Protect your charity from cyber crime,detailed_guide,ff89e61e-24e7-4752-85f6-f07c4120ec16,en,whitehall,2024-11-27T00:00:00.000Z,2024-11-27T00:00:00.000Z,,,44,"Charities and social enterprises,Charities, volunteering and honours,Society and culture,Business and industry,GOV.UK homepage",The Charity Commission,The Charity Commission,2024 Starmer Labour government,,,
https://www.gov.uk/guidance/tax-relief-for-national-heritage-assets,Tax relief for national heritage assets,detailed_guide,602afbb2-7631-11e4-a3cb-005056011aef,en,whitehall,2013-11-26T00:00:00.000Z,2022-05-26T07:40:54.000Z,,,44,"Conservation of historic buildings and monuments,Money,Arts and culture,Society and culture,Housing, local and community,Planning and building,Personal tax,Inheritance Tax,Reliefs,GOV.UK homepage",HM Revenue & Customs,HM Revenue & Customs,2010 to 2015 Conservative and Liberal Democrat coalition government,,,
https://www.gov.uk/guidance/how-to-choose-a-charity-name,How to choose a charity name,detailed_guide,5f1856a9-7631-11e4-a3cb-005056011aef,en,whitehall,2013-05-22T23:00:00.000Z,2023-06-14T08:00:18.000Z,,,44,"Business and industry,Community and society,Society and culture,Charities and social enterprises,GOV.UK homepage",The Charity Commission,The Charity Commission,2010 to 2015 Conservative and Liberal Democrat coalition government,,,
https://www.gov.uk/guidance/regional-rod-fishing-byelaws-south-east-region,Rod fishing byelaws: South East,detailed_guide,43cf16e4-6e25-4a98-b0a3-b652f75a744f,en,whitehall,2019-06-06T23:00:00.000Z,2021-10-12T13:46:49.000Z,,,43,"Fishing, fisheries and fishing vessels,Society and culture,Sports and leisure,Freshwater fisheries,Environment,Wildlife, animals, biodiversity and ecosystems,GOV.UK homepage",Environment Agency,Environment Agency,2016 to 2019 May Conservative government,,,
https://www.gov.uk/guidance/the-local-youth-transformation-pilot,The Local Youth Transformation Pilot,detailed_guide,625e64df-b088-4ea5-99c4-e32841f2522d,en,whitehall,2025-08-04T23:00:00.000Z,2025-11-05T13:30:56.000Z,,,42,"GOV.UK homepage,Society and culture,Young people","Department for Culture, Media and Sport","Department for Culture, Media and Sport",2024 Starmer Labour government,,,
https://www.gov.uk/guidance/delivering-a-registration-scheme-for-short-term-lets,Delivering a registration scheme for short-term lets,detailed_guide,f2deb7f0-2503-41e3-ad71-5011acea9ac5,en,whitehall,2024-02-19T11:38:28.000Z,2024-02-19T11:38:28.000Z,,,41,"GOV.UK homepage,Tourism,Society and culture","Department for Culture, Media and Sport","Department for Culture, Media and Sport",2022 to 2024 Sunak Conservative government,,,
https://www.gov.uk/guidance/charity-trading-selling-goods-and-services,Charity trading: selling goods and services,detailed_guide,5fedefce-7631-11e4-a3cb-005056011aef,en,whitehall,2013-05-22T23:00:00.000Z,2013-05-22T23:00:00.000Z,,,39,"Business and industry,Charity money, tax and accounts,Fundraising,Community and society,GOV.UK homepage,Charities and social enterprises,Society and culture",The Charity Commission,The Charity Commission,2010 to 2015 Conservative and Liberal Democrat coalition government,,,
https://www.gov.uk/guidance/regional-rod-fishing-byelaws-north-west-region,Rod fishing byelaws: North West and Border Esk,detailed_guide,8cb402f1-dfb2-498e-a72e-fe5a39bf1a99,en,whitehall,2019-06-06T23:00:00.000Z,2024-02-08T08:59:27.000Z,,,39,"Wildlife, animals, biodiversity and ecosystems,Freshwater fisheries,GOV.UK homepage,Sports and leisure,Environment,Society and culture,Fishing, fisheries and fishing vessels",Environment Agency,Environment Agency,2016 to 2019 May Conservative government,,,
https://www.gov.uk/guidance/charities-how-to-manage-risks-when-working-internationally,Charities: how to manage risks when working internationally,detailed_guide,5f1cc686-7631-11e4-a3cb-005056011aef,en,whitehall,2013-05-09T23:00:00.000Z,2013-05-09T23:00:00.000Z,,,39,"Society and culture,Charities and social enterprises,Community and society,GOV.UK homepage,Business and industry,Charity money, tax and accounts",The Charity Commission,The Charity Commission,2010 to 2015 Conservative and Liberal Democrat coalition government,,,
https://www.gov.uk/guidance/regional-rod-fishing-byelaws-south-west-region,Rod fishing byelaws: South West,detailed_guide,98a754a3-ac16-4bfb-b675-25107a87244e,en,whitehall,2019-06-06T23:00:00.000Z,2021-02-12T15:21:44.000Z,,,39,"Society and culture,Freshwater fisheries,Wildlife, animals, biodiversity and ecosystems,Sports and leisure,Environment,GOV.UK homepage,Fishing, fisheries and fishing vessels",Environment Agency,Environment Agency,2016 to 2019 May Conservative government,,,
https://www.gov.uk/guidance/grant-funding-an-organisation-that-isnt-a-charity,Grant funding an organisation that isn’t a charity,detailed_guide,0ef5a413-991f-4bf8-bfda-814983ea27bc,en,whitehall,2016-02-17T00:00:00.000Z,2017-08-11T08:43:55.000Z,,,38,"Society and culture,GOV.UK homepage,Community and society",The Charity Commission,The Charity Commission,2015 to 2016 Cameron Conservative government,,,
https://www.gov.uk/guidance/automatic-disqualification-rule-changes-guidance-for-charities,Automatic disqualification guidance for charities,detailed_guide,e0d260e3-cb85-4590-8d52-9e0b6fa924bb,en,whitehall,2018-01-17T00:00:00.000Z,2018-08-01T14:04:08.000Z,,,38,"Business and industry,GOV.UK homepage,Charities and social enterprises,Society and culture,Charities, volunteering and honours",The Charity Commission,The Charity Commission,2016 to 2019 May Conservative government,,,
https://www.gov.uk/guidance/child-maintenance-paying-through-the-child-maintenance-service,Child maintenance: paying through the Child Maintenance Service,detailed_guide,c20c2050-edf7-49ec-85f2-a28e55c08cee,en,whitehall,2013-03-18T00:00:00.000Z,2022-09-06T14:07:43.000Z,,,38,"Community and society,GOV.UK homepage,Society and culture,Welfare,Child maintenance reform",Department for Work and Pensions,Department for Work and Pensions,2010 to 2015 Conservative and Liberal Democrat coalition government,,,
https://www.gov.uk/guidance/homes-for-ukraine-ukraine-permission-extension-scheme-guidance-for-guests,Homes for Ukraine: Ukraine Permission Extension scheme - guidance for guests,detailed_guide,38e00711-1b73-4100-baa6-48dab5828066,en,whitehall,2025-01-21T00:00:00.000Z,2025-08-05T10:20:10.000Z,,,38,"Society and culture,GOV.UK homepage,Community and society","Ministry of Housing, Communities and Local Government","Ministry of Housing, Communities and Local Government",2024 Starmer Labour government,,,
https://www.gov.uk/guidance/charity-staff-how-to-employ-paid-workers,Charity staff: how to employ paid workers,detailed_guide,5f1c2371-7631-11e4-a3cb-005056011aef,en,whitehall,2013-05-09T23:00:00.000Z,2013-05-09T23:00:00.000Z,,,37,"GOV.UK homepage,Society and culture,Community and society,Business and industry,Charities and social enterprises",The Charity Commission,The Charity Commission,2010 to 2015 Conservative and Liberal Democrat coalition government,,,
https://www.gov.uk/guidance/celebrating-the-windrush-generation,Celebrating the Windrush Generation,detailed_guide,9f8f6309-4cb9-4471-8905-10241d27bea2,en,whitehall,2025-03-11T12:46:04.000Z,2025-03-11T12:46:04.000Z,,,34,"GOV.UK homepage,Community and society,Society and culture","Ministry of Housing, Communities and Local Government","Ministry of Housing, Communities and Local Government",2024 Starmer Labour government,,,
https://www.gov.uk/guidance/ending-your-hosting-arrangements-and-helping-your-guest-with-their-next-steps-homes-for-ukraine,"Ending your hosting arrangements, and helping your guest with their next steps: Homes for Ukraine",detailed_guide,7ec1284f-63f6-4ca0-9ef0-0c8ed1ec5595,en,whitehall,2023-01-16T00:00:00.000Z,2025-01-21T10:04:00.000Z,,,34,"Housing, local and community,Society and culture,Housing and communities,GOV.UK homepage,Community and society","Ministry of Housing, Communities and Local Government","Ministry of Housing, Communities and Local Government,Department for Levelling Up, Housing and Communities ",2022 to 2024 Sunak Conservative government,,,
https://www.gov.uk/guidance/children-being-sponsored-by-a-parent-or-legal-guardian-homes-for-ukraine,Children being sponsored by a parent or legal guardian: Homes for Ukraine,detailed_guide,d105964a-e012-4229-b0ec-16d414d9f4cf,en,whitehall,2025-01-31T00:00:00.000Z,2025-09-15T08:30:07.000Z,,,34,"GOV.UK homepage,Housing, local and community,Community and society,Housing and communities,Society and culture","Ministry of Housing, Communities and Local Government","Ministry of Housing, Communities and Local Government",2024 Starmer Labour government,,,
https://www.gov.uk/guidance/hong-kong-uk-welcome-programme-guidance-for-local-authorities,Hong Kong British Nationals (Overseas) Welcome Programme – information for local authorities,detailed_guide,9279eaf4-060d-4958-b2b0-3dfbdb4da37a,en,whitehall,2021-04-07T23:00:00.000Z,2025-12-04T12:00:09.000Z,,,32,"British citizenship ,Society and culture,GOV.UK homepage","Ministry of Housing, Communities and Local Government","Ministry of Housing, Communities and Local Government,Department for Levelling Up, Housing and Communities ",2019 to 2022 Johnson Conservative government,,,
https://www.gov.uk/guidance/request-a-reasonable-adjustment-from-the-independent-case-examiner-ice,Request a reasonable adjustment from the Independent Case Examiner (ICE),detailed_guide,9fc9f66a-7797-4760-be23-ce5e0baec9a6,en,whitehall,2025-05-26T23:00:00.000Z,2025-07-30T08:30:08.000Z,,,32,"Society and culture,GOV.UK homepage,Welfare,Digital inclusion and accessibility in society",Independent Case Examiner,Independent Case Examiner,2024 Starmer Labour government,,,
https://www.gov.uk/guidance/maritime-passenger-rights-your-journey,Maritime passenger rights: your journey,detailed_guide,09707ed1-494e-44da-91b3-1b04484ac94f,en,whitehall,2022-02-22T09:42:57.000Z,2022-02-22T09:42:57.000Z,,,32,"Society and culture,Tourism,Transport accessibility and disability,Ports, harbours and offshore installations,Disability rights,Help on public transport,Disability equipment and transport,Disabled people,Going and being abroad,UK sea passengers,GOV.UK homepage,Travel abroad,Waterways (maritime),Maritime passenger rights,Maritime and shipping,Health and social care,Transport",Department for Transport,Department for Transport,2019 to 2022 Johnson Conservative government,,,
https://www.gov.uk/guidance/how-to-merge-charities,How to link charities,detailed_guide,5f1be435-7631-11e4-a3cb-005056011aef,en,whitehall,2013-05-22T23:00:00.000Z,2024-03-07T09:41:58.000Z,,,31,"Business and industry,Community and society,GOV.UK homepage,Society and culture,Charities and social enterprises",The Charity Commission,The Charity Commission,2010 to 2015 Conservative and Liberal Democrat coalition government,,,
https://www.gov.uk/guidance/collaborative-working-and-mergers-an-introduction-cc34,Collaborative working (CC34),detailed_guide,cb397517-ba9f-46b5-ac0a-8998ecae360b,en,whitehall,2024-03-07T00:00:00.000Z,2024-03-07T00:00:00.000Z,,,29,"Charities, volunteering and honours,Society and culture,Business and industry,GOV.UK homepage,Charities and social enterprises",The Charity Commission,The Charity Commission,2022 to 2024 Sunak Conservative government,,,
https://www.gov.uk/guidance/participation-survey-information-for-survey-participants,Participation Survey: Information for Survey Participants,detailed_guide,974c9308-3330-489c-ade3-a43ef50ca00e,en,whitehall,2021-08-25T23:00:00.000Z,2021-08-25T23:00:00.000Z,,,29,"Society and culture,Arts and culture,GOV.UK homepage","Department for Culture, Media and Sport","Department for Culture, Media and Sport",2019 to 2022 Johnson Conservative government,,,
https://www.gov.uk/guidance/legislative-changes-affecting-the-charitable-incorporated-organisation-cio,Legislative changes affecting the Charitable Incorporated Organisation (CIO),detailed_guide,26b41b59-ad5d-421e-9286-da3f2e2a74d7,en,whitehall,2017-11-23T00:00:00.000Z,2017-12-29T09:23:58.000Z,,,29,"Society and culture,Community and society,GOV.UK homepage,Charities and social enterprises,Business and industry",The Charity Commission,The Charity Commission,2016 to 2019 May Conservative government,,,
https://www.gov.uk/guidance/youth-matters-state-of-the-nation-summary-report,Youth Matters: State of the Nation (summary report),detailed_guide,f9a5ae91-4ca7-45b9-881e-32983c83a210,en,whitehall,2025-12-10T00:02:31.000Z,2025-12-10T00:02:31.000Z,,,29,"Society and culture,Young people,GOV.UK homepage","Department for Culture, Media and Sport","Department for Culture, Media and Sport",2024 Starmer Labour government,,,
https://www.gov.uk/guidance/arriving-in-the-uk-homes-for-ukraine,Arriving in the UK: Homes for Ukraine,detailed_guide,736b1762-1558-4b6e-b7fe-2f080e3cc298,en,whitehall,2023-01-16T00:00:00.000Z,2025-08-14T13:20:49.000Z,,,28,"Community and society,Society and culture,GOV.UK homepage","Ministry of Housing, Communities and Local Government","Ministry of Housing, Communities and Local Government,Department for Levelling Up, Housing and Communities ",2022 to 2024 Sunak Conservative government,,,
https://www.gov.uk/guidance/alcohol-at-charity-meetings-and-events,Alcohol at charity meetings and events,detailed_guide,5fecfa38-7631-11e4-a3cb-005056011aef,en,whitehall,2013-05-22T23:00:00.000Z,2013-05-22T23:00:00.000Z,,,28,"Fundraising,Community and society,GOV.UK homepage,Society and culture,Business and industry,Charities and social enterprises",The Charity Commission,The Charity Commission,2010 to 2015 Conservative and Liberal Democrat coalition government,,,
https://www.gov.uk/guidance/if-you-own-or-rent-your-home-homes-for-ukraine,If you own or rent your home: Homes for Ukraine,detailed_guide,be67e83c-911c-424c-af8a-f6eebecaa852,en,whitehall,2023-01-16T11:57:04.000Z,2023-01-16T11:57:04.000Z,,,28,"Community and society,Housing and communities,Society and culture,GOV.UK homepage,Housing, local and community","Ministry of Housing, Communities and Local Government","Ministry of Housing, Communities and Local Government,Department for Levelling Up, Housing and Communities ",2022 to 2024 Sunak Conservative government,,,
https://www.gov.uk/guidance/the-ukho-archive,The UK Hydrographic Office (UKHO) Archive,detailed_guide,5fe9bee7-7631-11e4-a3cb-005056011aef,en,whitehall,2014-08-28T23:00:00.000Z,2023-08-23T11:06:07.000Z,,,27,"Hydrography,Business and industry,Defence and armed forces,Marine,Arts and culture,Society and culture,GOV.UK homepage,Environment,Science and innovation",UK Hydrographic Office,UK Hydrographic Office,2010 to 2015 Conservative and Liberal Democrat coalition government,,,
https://www.gov.uk/guidance/river-medway-conditions-closures-and-restrictions,"River Medway: conditions, closures and restrictions",detailed_guide,5f47a10d-7631-11e4-a3cb-005056011aef,en,whitehall,2014-03-31T23:00:00.000Z,2025-02-04T13:12:30.000Z,,,27,"Society and culture,Sports and leisure,GOV.UK homepage,Environment",Environment Agency,Environment Agency,2010 to 2015 Conservative and Liberal Democrat coalition government,,,
https://www.gov.uk/guidance/my-charity-commission-account-guidance-for-third-party-users,My Charity Commission Account - guidance for third-party users,detailed_guide,453ac4cc-1bba-4f67-a6ee-97dc4cb289f0,en,whitehall,2023-11-16T00:00:00.000Z,2023-11-16T00:00:00.000Z,,,27,"Business and industry,Charities and social enterprises,Society and culture,Charities, volunteering and honours,GOV.UK homepage",The Charity Commission,The Charity Commission,2022 to 2024 Sunak Conservative government,,,
https://www.gov.uk/guidance/change-your-charitys-financial-year,Change your charity’s financial year,detailed_guide,11213539-814e-4f3f-9fb0-dc07017c2e24,en,whitehall,2018-11-12T00:00:00.000Z,2018-12-10T12:31:58.000Z,,,27,"GOV.UK homepage,Charities, volunteering and honours,Society and culture",The Charity Commission,The Charity Commission,2016 to 2019 May Conservative government,,,
https://www.gov.uk/guidance/right-to-contest,Challenging the government to sell land or property,detailed_guide,5ee5db20-7631-11e4-a3cb-005056011aef,en,whitehall,2014-01-08T09:36:00.000Z,2014-01-08T09:36:00.000Z,,,26,"GOV.UK homepage,Community and society,Society and culture","Ministry of Housing, Communities and Local Government","Ministry of Housing, Communities and Local Government,Cabinet Office,HM Treasury,Department for Levelling Up, Housing and Communities ",2010 to 2015 Conservative and Liberal Democrat coalition government,,,
https://www.gov.uk/guidance/hosting-someone-already-in-the-uk-rematching-homes-for-ukraine,Hosting someone already in the UK (rematching): Homes for Ukraine,detailed_guide,59e0539f-77c5-478c-8dbe-b34ddcb1e3da,en,whitehall,2023-01-16T00:00:00.000Z,2025-01-21T10:01:41.000Z,,,26,"GOV.UK homepage,Housing, local and community,Community and society,Housing and communities,Society and culture","Ministry of Housing, Communities and Local Government","Ministry of Housing, Communities and Local Government,Department for Levelling Up, Housing and Communities ",2022 to 2024 Sunak Conservative government,,,
https://www.gov.uk/guidance/town-and-village-greens-how-to-register,Town and village greens: how to register,detailed_guide,5dc73f4f-7631-11e4-a3cb-005056011aef,en,whitehall,2013-04-09T11:09:00.000Z,2014-07-01T11:10:57.000Z,,,26,"Rural development and land management,Rural and countryside,Environment,Commons and greens,Society and culture,Sports and leisure,GOV.UK homepage,Recreation","Department for Environment, Food & Rural Affairs","Department for Environment, Food & Rural Affairs",2010 to 2015 Conservative and Liberal Democrat coalition government,,,
https://www.gov.uk/guidance/river-great-ouse-bridge-heights-locks-and-facilities,Information for boaters on the River Great Ouse,detailed_guide,5f49b5cf-7631-11e4-a3cb-005056011aef,en,whitehall,2014-04-01T09:30:00.000Z,2022-04-26T15:40:42.000Z,,,26,"Society and culture,GOV.UK homepage,Sports and leisure,Environment",Environment Agency,Environment Agency,2010 to 2015 Conservative and Liberal Democrat coalition government,,,
https://www.gov.uk/guidance/renting-private-accommodation-homes-for-ukraine,Renting private accommodation: Homes for Ukraine,detailed_guide,584c18bb-4cc4-4a8a-a96c-af3892931143,en,whitehall,2023-01-16T00:00:00.000Z,2025-03-24T15:53:02.000Z,,,26,"Housing and communities,Community and society,GOV.UK homepage,Housing, local and community,Society and culture,Rented housing sector","Ministry of Housing, Communities and Local Government","Ministry of Housing, Communities and Local Government,Department for Levelling Up, Housing and Communities ",2022 to 2024 Sunak Conservative government,,,
https://www.gov.uk/guidance/regional-rod-fishing-byelaws-anglian-region,Rod fishing byelaws: Anglia,detailed_guide,e7173bd1-0823-45fd-9cec-5a352fa65b48,en,whitehall,2019-06-06T23:00:00.000Z,2021-02-12T14:06:24.000Z,,,26,"Society and culture,GOV.UK homepage,Sports and leisure,Freshwater fisheries,Environment,Fishing, fisheries and fishing vessels,Wildlife, animals, biodiversity and ecosystems",Environment Agency,Environment Agency,2016 to 2019 May Conservative government,,,
https://www.gov.uk/guidance/about-the-know-your-neighbourhood-fund,About the Know Your Neighbourhood Fund,detailed_guide,ad29388c-7198-4839-a70d-38bb6681e4a3,en,whitehall,2023-10-25T23:00:00.000Z,2025-09-30T10:55:09.000Z,,,25,"Charities, volunteering and honours,Society and culture,GOV.UK homepage","Department for Culture, Media and Sport","Department for Culture, Media and Sport",2022 to 2024 Sunak Conservative government,,,
https://www.gov.uk/guidance/community-ownership-fund-first-round-successful-bidders,Community Ownership Fund: successful bidders,detailed_guide,d65d82f5-e5df-4c3b-823e-eeb32d3f3441,en,whitehall,2021-10-26T23:00:00.000Z,2024-12-23T00:01:07.000Z,,,24,"Society and culture,GOV.UK homepage,UK economy,UK economic growth,Business and industry,Community and society","Ministry of Housing, Communities and Local Government","Ministry of Housing, Communities and Local Government,Department for Levelling Up, Housing and Communities ",2019 to 2022 Johnson Conservative government,,,
https://www.gov.uk/guidance/how-to-manage-your-charitys-volunteers,How to manage your charity's volunteers,detailed_guide,5f53e6a2-7631-11e4-a3cb-005056011aef,en,whitehall,2013-05-23T15:11:00.000Z,2013-05-23T15:11:00.000Z,,,24,"Society and culture,Business and industry,Community and society,GOV.UK homepage,Charities and social enterprises",The Charity Commission,The Charity Commission,2010 to 2015 Conservative and Liberal Democrat coalition government,,,
https://www.gov.uk/guidance/taking-part-information-for-survey-participants,Taking Part: information for survey participants,detailed_guide,5d65e5a2-7631-11e4-a3cb-005056011aef,en,whitehall,2013-02-27T14:54:00.000Z,2018-12-10T09:12:57.000Z,,,24,"Society and culture,GOV.UK homepage,Arts and culture","Department for Culture, Media and Sport","Department for Culture, Media and Sport,Department for Digital, Culture, Media & Sport",2010 to 2015 Conservative and Liberal Democrat coalition government,,,
https://www.gov.uk/guidance/multi-sport-grassroots-facilities-programme-projects-2024-to-2025,Multi-Sport Grassroots Facilities Programme projects: 2024 to 2025,detailed_guide,f2f93345-4694-44fc-ba99-f77077d6434b,en,whitehall,2024-10-07T23:00:00.000Z,2026-01-27T00:01:02.000Z,,,24,"Sports participation,Society and culture,Sports and leisure,GOV.UK homepage","Department for Culture, Media and Sport","Department for Culture, Media and Sport",2024 Starmer Labour government,,,
https://www.gov.uk/guidance/national-service-of-remembrance-sunday-9-november-2025,"National Service of Remembrance, Sunday 9 November 2025",detailed_guide,eb3097a5-7d11-4e14-8031-46184fabeeeb,en,whitehall,2025-10-06T23:00:00.000Z,2025-10-06T23:00:00.000Z,,,24,"Society and culture,National events and ceremonies,GOV.UK homepage","Department for Culture, Media and Sport","Department for Culture, Media and Sport,Ministry of Defence",2024 Starmer Labour government,,,
https://www.gov.uk/guidance/anti-social-behaviour-on-public-transport-safety-measures,Anti-social behaviour on public transport: safety measures,detailed_guide,5c767395-7631-11e4-a3cb-005056011aef,en,whitehall,2012-10-09T09:46:00.000Z,2012-10-09T09:46:00.000Z,,,24,"Society and culture,Bus passenger experience,Local transport,Community and society,Buses,Transport,Rail safety and security,GOV.UK homepage,Rail",Department for Transport,Department for Transport,2010 to 2015 Conservative and Liberal Democrat coalition government,,,
https://www.gov.uk/guidance/when-you-have-sponsored-for-6-months-homes-for-ukraine,When you have sponsored for 6 months: Homes for Ukraine,detailed_guide,dc75550f-b76e-4ad9-a396-49c910d4fb96,en,whitehall,2023-01-16T00:00:00.000Z,2025-01-31T00:01:04.000Z,,,24,"Community and society,Society and culture,Housing and communities,GOV.UK homepage,Housing, local and community","Ministry of Housing, Communities and Local Government","Ministry of Housing, Communities and Local Government,Department for Levelling Up, Housing and Communities ",2022 to 2024 Sunak Conservative government,,,
https://www.gov.uk/guidance/youth-matters-your-national-youth-strategy-summary-report,Youth Matters: Your National Youth Strategy (summary report),detailed_guide,77688029-85e9-4c45-9535-4cdbf7a2cf6e,en,whitehall,2025-12-10T00:00:00.000Z,2025-12-10T00:00:00.000Z,,,24,"GOV.UK homepage,Young people,Society and culture","Department for Culture, Media and Sport","Department for Culture, Media and Sport",2024 Starmer Labour government,,,
https://www.gov.uk/guidance/safeguarding-against-sexual-exploitation-and-abuse-and-sexual-harassment-seah-in-the-aid-sector,Safeguarding and protection from sexual exploitation and abuse and harassment (SEAH) in the aid sector,detailed_guide,664343cf-6fee-4e7a-8824-77aa06fa4e4a,en,whitehall,2019-10-16T23:00:00.000Z,2025-04-24T09:02:14.000Z,,,23,"GOV.UK homepage,Equality, rights and citizenship,Society and culture,International aid and development,International",Department for International Development,"Department for International Development,Foreign, Commonwealth & Development Office",2019 to 2022 Johnson Conservative government,,,
https://www.gov.uk/guidance/transfer-charity-land-or-property-to-the-official-custodian,Transfer charity land or property to the Official Custodian,detailed_guide,5ff12a69-7631-11e4-a3cb-005056011aef,en,whitehall,2013-03-31T23:00:00.000Z,2013-03-31T23:00:00.000Z,,,23,"Charities and social enterprises,Society and culture,Community and society,GOV.UK homepage,Business and industry",The Charity Commission,The Charity Commission,2010 to 2015 Conservative and Liberal Democrat coalition government,,,
https://www.gov.uk/guidance/working-performing-and-touring-in-europe-guidance-for-musicians-and-accompanying-staff,"Working, performing and touring in Europe - guidance for musical artists and accompanying staff",detailed_guide,92156a64-9ac7-4b84-af37-15f022c09c78,en,whitehall,2021-05-07T09:41:00.000Z,2022-11-16T15:10:55.000Z,,,22,"Society and culture,Arts and culture,Brexit,GOV.UK homepage,Government","Department for Culture, Media and Sport","Department for Culture, Media and Sport,Department for Digital, Culture, Media & Sport",2019 to 2022 Johnson Conservative government,,,
https://www.gov.uk/guidance/royal-charter-charities,Royal Charter charities,detailed_guide,7b18c070-756b-4101-a2f3-fbf6820db22a,en,whitehall,2022-10-31T00:00:00.000Z,2024-03-07T09:36:40.000Z,,,22,"Society and culture,Charities, volunteering and honours,Charities and social enterprises,Business and industry,GOV.UK homepage",The Charity Commission,The Charity Commission,2022 to 2024 Sunak Conservative government,,,
https://www.gov.uk/guidance/applying-to-the-million-hours-fund,Applying to the Million Hours Fund,detailed_guide,484887bf-e7d8-45d5-b080-5088aeef5876,en,whitehall,2023-07-02T23:00:00.000Z,2025-09-17T11:00:00.000Z,,,22,"Society and culture,Young people,Charities, volunteering and honours,GOV.UK homepage","Department for Culture, Media and Sport","Department for Culture, Media and Sport,The National Lottery Community Fund",2022 to 2024 Sunak Conservative government,,,
https://www.gov.uk/guidance/governments-work-on-tackling-loneliness,Government’s work on tackling loneliness,detailed_guide,f7648d54-db6a-447b-8261-2d26d88ec8dc,en,whitehall,2022-05-27T15:23:00.000Z,2023-06-21T08:35:40.000Z,,,22,"Society and culture,Loneliness,GOV.UK homepage","Department for Culture, Media and Sport","Department for Culture, Media and Sport,Department for Digital, Culture, Media & Sport",2019 to 2022 Johnson Conservative government,,,
https://www.gov.uk/guidance/homes-for-ukraine-guidance-for-matching-organisations,Homes for Ukraine: guidance for organisations making matches,detailed_guide,fe9b05f3-b90f-40a5-9732-98e29d739187,en,whitehall,2022-05-05T23:00:00.000Z,2023-01-16T11:55:06.000Z,,,22,"Community and society,GOV.UK homepage,Society and culture","Ministry of Housing, Communities and Local Government","Ministry of Housing, Communities and Local Government,Department for Levelling Up, Housing and Communities ",2019 to 2022 Johnson Conservative government,,,
https://www.gov.uk/guidance/homes-for-ukraine-guidance-for-councils-children-and-minors-applying-without-parents-or-legal-guardians,Homes for Ukraine: Guidance for councils (children and minors applying without parents or legal guardians),detailed_guide,e2f73ae9-d2b9-448a-98b0-e5c4d7df219e,en,whitehall,2022-07-14T23:00:00.000Z,2025-11-03T12:17:09.000Z,,,22,"Community and society,Society and culture,GOV.UK homepage","Ministry of Housing, Communities and Local Government","Ministry of Housing, Communities and Local Government,Department for Levelling Up, Housing and Communities ",2019 to 2022 Johnson Conservative government,,,
https://www.gov.uk/guidance/get-help-for-your-inactive-or-ineffective-charity,Get help for your inactive or ineffective charity,detailed_guide,2cd95b28-c7fd-415a-b710-f85386feb4df,en,whitehall,2019-07-16T23:00:00.000Z,2025-09-04T09:06:14.000Z,,,21,"GOV.UK homepage,Charities and social enterprises,Charities, volunteering and honours,Society and culture,Business and industry",The Charity Commission,"The Charity Commission,Department for Culture, Media and Sport,Department for Digital, Culture, Media & Sport",2016 to 2019 May Conservative government,,,
https://www.gov.uk/guidance/wills-and-charitable-legacies,Raising funds through wills and charitable legacies,detailed_guide,5fedf6a1-7631-11e4-a3cb-005056011aef,en,whitehall,2013-05-22T23:00:00.000Z,2013-05-22T23:00:00.000Z,,,20,"Charities and social enterprises,Fundraising,Community and society,Society and culture,Business and industry,GOV.UK homepage",The Charity Commission,The Charity Commission,2010 to 2015 Conservative and Liberal Democrat coalition government,,,
https://www.gov.uk/guidance/working-in-healthcare-in-the-uk-homes-for-ukraine,Working in Healthcare in the UK: Homes for Ukraine,detailed_guide,4eb3c694-cfea-4446-997d-240c290aa6e0,en,whitehall,2023-01-16T00:00:00.000Z,2024-02-19T17:45:38.000Z,,,19,"GOV.UK homepage,Society and culture,Community and society","Ministry of Housing, Communities and Local Government","Ministry of Housing, Communities and Local Government,Department for Levelling Up, Housing and Communities ",2022 to 2024 Sunak Conservative government,,,
https://www.gov.uk/reporting-accessibility-problem-public-sector-website,Reporting an accessibility problem on a public sector website,answer,18c49235-0527-4eb1-aa4f-7baaf5866a12,en,publisher,2019-11-11T16:15:21.619Z,2019-11-11T16:15:19.585Z,,,19,"Society and culture,Government content and publishing,Crime, justice and law,Your rights and the law,Government technology and digital services,Managing government websites,Government,Digital inclusion and accessibility in society,GOV.UK homepage,Digital accessibility,Design and build of government services",Government Digital Service,Central Digital and Data Office,,,,
https://www.gov.uk/guidance/river-nene-bridge-heights-locks-and-facilities,"River Nene: bridge heights, locks and facilities",detailed_guide,5f49b619-7631-11e4-a3cb-005056011aef,en,whitehall,2014-03-31T23:00:00.000Z,2024-04-29T12:19:18.000Z,,,19,"Sports and leisure,Environment,Society and culture,GOV.UK homepage",Environment Agency,Environment Agency,2010 to 2015 Conservative and Liberal Democrat coalition government,,,
https://www.gov.uk/guidance/citizenship-rights-for-chagossians-update-15-july-2025,Citizenship rights for Chagossians: update 15 July 2025,detailed_guide,a6b88b82-9adb-4a5d-b2ae-4ae99dbd70a9,en,whitehall,2025-07-14T23:00:00.000Z,2025-07-14T23:00:00.000Z,,,18,"International,British citizenship ,UK Overseas Territories,GOV.UK homepage,Society and culture,Foreign affairs,Entering and staying in the UK","Foreign, Commonwealth & Development Office","Foreign, Commonwealth & Development Office,Home Office",2024 Starmer Labour government,,,
https://www.gov.uk/guidance/use-of-church-halls-for-village-hall-and-other-charitable-purposes-cc18,Use of church halls for village hall and other charitable purposes (CC18),detailed_guide,753d5b6b-3603-43c5-bce8-48ed9301d6ab,en,whitehall,2001-06-30T23:00:00.000Z,2024-03-07T10:32:00.000Z,,,18,"Business and industry,Charities, volunteering and honours,Charities and social enterprises,GOV.UK homepage,Society and culture",The Charity Commission,The Charity Commission,1997 to 2007 Blair Labour government,,,
https://www.gov.uk/guidance/illustration-document-progress-signs-for-implementing-the-civil-society-covenant,Illustration document: progress signs for implementing the Civil Society Covenant,detailed_guide,59d802fb-fd21-4326-a966-beb0cae07865,en,whitehall,2025-07-16T23:00:00.000Z,2025-07-16T23:00:00.000Z,,,18,"Society and culture,Charities, volunteering and honours,GOV.UK homepage","Department for Culture, Media and Sport","Department for Culture, Media and Sport",2024 Starmer Labour government,,,
https://www.gov.uk/guidance/applying-for-a-memorial-grant,Applying for a memorial grant,detailed_guide,2d617ce4-2364-4be9-814c-78ee1c532bc5,en,whitehall,2023-11-30T00:00:00.000Z,2025-12-04T15:36:10.000Z,,,18,"Arts and culture,Conservation of historic buildings and monuments,GOV.UK homepage,Society and culture","Department for Culture, Media and Sport","Department for Culture, Media and Sport",2022 to 2024 Sunak Conservative government,,,
https://www.gov.uk/guidance/vcses-a-guide-to-working-with-government,VCSEs: A guide to working with government,detailed_guide,82a0d366-c4af-4636-9792-354c30d17faa,en,whitehall,2021-01-20T00:00:00.000Z,2023-10-25T11:20:11.000Z,,,18,"Community and society,Society and culture,GOV.UK homepage,Social investment",Cabinet Office,"Cabinet Office,Department for Culture, Media and Sport,Department for Digital, Culture, Media & Sport",2019 to 2022 Johnson Conservative government,,,
https://www.gov.uk/guidance/having-honours-taken-away-forfeiture,Having honours taken away (forfeiture),detailed_guide,ffb1f161-4c76-4706-8904-9d8b274e8321,en,whitehall,2017-12-27T00:00:00.000Z,2025-12-04T10:34:45.000Z,,,17,"Charities, volunteering and honours,Society and culture,GOV.UK homepage",Cabinet Office,Cabinet Office,2016 to 2019 May Conservative government,,,
https://www.gov.uk/guidance/welcome-points-and-travelling-to-your-sponsor-homes-for-ukraine,Travelling to your sponsor: Homes for Ukraine,detailed_guide,1a3fd7b5-ce5a-4f0e-99df-c044cf13d886,en,whitehall,2023-01-16T00:00:00.000Z,2023-01-16T00:00:00.000Z,,,17,"Society and culture,GOV.UK homepage,Community and society","Ministry of Housing, Communities and Local Government","Ministry of Housing, Communities and Local Government,Department for Levelling Up, Housing and Communities ",2022 to 2024 Sunak Conservative government,,,
https://www.gov.uk/guidance/government-indemnity-scheme,Government Indemnity Scheme,detailed_guide,5d655732-7631-11e4-a3cb-005056011aef,en,whitehall,2013-02-26T00:00:00.000Z,2013-02-26T00:00:00.000Z,,,16,"Society and culture,Arts and culture,GOV.UK homepage","Department for Culture, Media and Sport","Department for Culture, Media and Sport,Department for Digital, Culture, Media & Sport",2010 to 2015 Conservative and Liberal Democrat coalition government,,,
https://www.gov.uk/guidance/involving-volunteers-in-your-organisation,Involving volunteers in your organisation,detailed_guide,c28bb91d-4690-4426-9f18-c944a6700871,en,whitehall,2022-04-04T08:57:00.000Z,2022-04-04T08:57:00.000Z,,,16,"GOV.UK homepage,Charities, volunteering and honours,Society and culture","Department for Culture, Media and Sport","Department for Culture, Media and Sport,Department for Digital, Culture, Media & Sport",2019 to 2022 Johnson Conservative government,,,
https://www.gov.uk/guidance/adventures-away-from-home-fund,Adventures Away From Home Fund,detailed_guide,574b3a9e-17d5-48b8-aa9a-ecd7dd701659,en,whitehall,2023-09-19T23:00:00.000Z,2025-07-08T07:00:00.000Z,,,16,"GOV.UK homepage,Society and culture,Young people","Department for Culture, Media and Sport","Department for Culture, Media and Sport",2022 to 2024 Sunak Conservative government,,,
https://www.gov.uk/guidance/understanding-and-reporting-online-harms-on-your-online-platform,Understanding and reporting online harms on your online platform,detailed_guide,f4e5f66d-e758-4f1b-a58f-c3d6f27607a1,en,whitehall,2021-06-29T12:00:00.000Z,2021-06-29T12:00:00.000Z,,,15,"Society and culture,GOV.UK homepage,Online safety","Department for Science, Innovation and Technology","Department for Science, Innovation and Technology,Department for Digital, Culture, Media & Sport",2019 to 2022 Johnson Conservative government,,,
https://www.gov.uk/guidance/schedule-spreadsheet-for-connected-charities-gasds-claims,Schedule spreadsheet for connected charities' GASDS claims,detailed_guide,ef96a42f-d61d-4c62-b0b4-ee20b74c6455,en,whitehall,2014-12-11T15:10:00.000Z,2019-04-05T23:15:08.000Z,,,15,"Business and industry,Society and culture,Money,Charity money, tax and accounts,Sports and leisure,GOV.UK homepage,Charities and social enterprises",HM Revenue & Customs,HM Revenue & Customs,2010 to 2015 Conservative and Liberal Democrat coalition government,,,
https://www.gov.uk/guidance/apply-for-sellafield-ltd-grants-and-reusable-equipment,Applying for Sellafield Ltd grants/reusable equipment,detailed_guide,020b1605-3a7f-4919-9e56-5d5fe1d9bf96,en,whitehall,2017-08-03T23:00:00.000Z,2025-04-03T13:03:19.000Z,,,15,"Society and culture,Social investment,Community and society,GOV.UK homepage",Sellafield Ltd,Sellafield Ltd,2016 to 2019 May Conservative government,,,
https://www.gov.uk/guidance/culture-and-heritage-capital-research-and-outputs,Culture and Heritage Capital: research and outputs,detailed_guide,e888ffd2-a25e-489f-bdd4-3c124ada0611,en,whitehall,2024-12-17T00:00:00.000Z,2026-01-07T09:54:38.000Z,,,15,"GOV.UK homepage,Arts and culture,Society and culture","Department for Culture, Media and Sport","Department for Culture, Media and Sport",2024 Starmer Labour government,,,
https://www.gov.uk/guidance/finding-a-new-host-rematching-homes-for-ukraine,Finding a new host (rematching): Homes for Ukraine,detailed_guide,63e1d99f-457e-4745-9a8f-99675221a27c,en,whitehall,2023-01-16T00:00:00.000Z,2025-01-21T10:02:28.000Z,,,14,"Society and culture,Housing, local and community,Housing and communities,GOV.UK homepage,Community and society","Ministry of Housing, Communities and Local Government","Ministry of Housing, Communities and Local Government,Department for Levelling Up, Housing and Communities ",2022 to 2024 Sunak Conservative government,,,
https://www.gov.uk/guidance/civil-society-covenant-tools,Civil Society Covenant: tools,detailed_guide,bdde485f-6015-4a4d-8a36-35d2d678f471,en,whitehall,2025-07-16T23:00:00.000Z,2025-08-15T14:09:56.000Z,,,14,"GOV.UK homepage,Charities, volunteering and honours,Society and culture","Department for Culture, Media and Sport","Department for Culture, Media and Sport",2024 Starmer Labour government,,,
https://www.gov.uk/guidance/child-online-safety-data-protection-and-privacy,Child online safety: Data protection and privacy,detailed_guide,9db96d7c-eca9-4ef2-bd91-cc3af8779467,en,whitehall,2021-06-29T12:00:00.000Z,2021-09-27T13:23:19.000Z,,,14,"Online safety,GOV.UK homepage,Society and culture","Department for Science, Innovation and Technology","Department for Science, Innovation and Technology,Department for Digital, Culture, Media & Sport",2019 to 2022 Johnson Conservative government,,,
https://www.gov.uk/guidance/rye-harbour-passage-pilot-and-mooring-information-for-boaters,"Rye Harbour: passage, pilot and mooring information for boaters",detailed_guide,5f47b2ea-7631-11e4-a3cb-005056011aef,en,whitehall,2014-03-31T23:00:00.000Z,2025-11-20T15:56:22.000Z,,,13,"Harbours,Environment,GOV.UK homepage,Society and culture,Marine,Sports and leisure,Rural and countryside",Environment Agency,Environment Agency,2010 to 2015 Conservative and Liberal Democrat coalition government,,,
https://www.gov.uk/guidance/using-british-sign-language-to-contact-companies-house,Using British Sign Language to contact Companies House,detailed_guide,0734eddc-ccb9-4b78-9cff-b329bc3eab9a,en,whitehall,2022-02-01T10:15:00.000Z,2022-02-01T10:15:00.000Z,,,13,"Business and industry,Limited companies and partnerships,Running a business,Digital inclusion and accessibility in society,Society and culture,GOV.UK homepage",Companies House,Companies House,2019 to 2022 Johnson Conservative government,,,
https://www.gov.uk/apply-for-bevin-boys-veterans-badge,Apply for a Bevin Boys veterans badge,answer,513da9e6-59a1-4b95-a0aa-0b751020686b,en,publisher,2012-10-09T19:26:39.000Z,2024-10-18T12:19:48.699Z,,,13,"Charities, volunteering and honours,Society and culture,GOV.UK homepage",Government Digital Service,"Department for Energy Security and Net Zero,Department for Business, Energy & Industrial Strategy",,,,
https://www.gov.uk/donate-volunteer-humanitarian-disaster,Donate and volunteer to aid humanitarian disasters,answer,71f0d7e3-23d7-45ef-a7f0-08f221473d0c,en,publisher,2013-03-22T14:59:50.000Z,2018-10-03T11:50:31.767Z,,,13,"GOV.UK homepage,Charities, volunteering and honours,Society and culture",Government Digital Service,"Foreign, Commonwealth & Development Office",,,,
https://www.gov.uk/guidance/voluntary-bat-roost-visitor-how-to-volunteer,Become a volunteer bat roost visitor,detailed_guide,56ef454c-237e-4f78-92a3-89a0e1b4229c,en,whitehall,2008-12-15T00:00:00.000Z,2023-10-27T13:09:17.000Z,,,12,"Environment,Wildlife and habitat conservation,Land species,Charities, volunteering and honours,Mammals,Wildlife, animals, biodiversity and ecosystems,Protected sites and species,GOV.UK homepage,Society and culture",Natural England,Natural England,2007 to 2010 Brown Labour government,,,
https://www.gov.uk/guidance/living-with-your-sponsor-homes-for-ukraine,Living with your sponsor: Homes for Ukraine,detailed_guide,6df64ba4-4039-4085-905a-99ec85889977,en,whitehall,2023-01-16T00:00:00.000Z,2025-01-21T10:00:26.000Z,,,12,"Community and society,Society and culture,GOV.UK homepage","Ministry of Housing, Communities and Local Government","Ministry of Housing, Communities and Local Government,Department for Levelling Up, Housing and Communities ",2022 to 2024 Sunak Conservative government,,,
https://www.gov.uk/guidance/driving-and-public-transport-homes-for-ukraine,Driving and public transport: Homes for Ukraine,detailed_guide,4c4d791d-0ce0-4ca0-bcd6-efe6b0bab8e8,en,whitehall,2023-01-16T11:20:00.000Z,2023-09-13T09:33:37.000Z,,,11,"Community and society,GOV.UK homepage,Society and culture,Transport","Ministry of Housing, Communities and Local Government","Ministry of Housing, Communities and Local Government,Department for Levelling Up, Housing and Communities ",2022 to 2024 Sunak Conservative government,,,
https://www.gov.uk/guidance/advice-and-support-for-lgbt-people,Advice and Support for LGBT people,detailed_guide,dcd6cfa7-2b53-400b-b898-9e17e1706386,en,whitehall,2016-06-21T10:02:00.000Z,2016-06-21T10:02:00.000Z,,,11,"Equality, rights and citizenship,GOV.UK homepage,Equality,Young people,Society and culture",Government Equalities Office,Government Equalities Office,2015 to 2016 Cameron Conservative government,,,
https://www.gov.uk/guidance/river-medway-bridges-locks-and-facilities-for-boaters,"River Medway: bridges, locks and facilities for boaters",detailed_guide,5f47b1fc-7631-11e4-a3cb-005056011aef,en,whitehall,2014-04-01T10:02:00.000Z,2019-04-18T09:19:10.000Z,,,11,"Countryside,GOV.UK homepage,Sports and leisure,Access to the countryside,Society and culture,Environment,Rural and countryside",Environment Agency,Environment Agency,2010 to 2015 Conservative and Liberal Democrat coalition government,,,
https://www.gov.uk/guidance/reporting-fraud-homes-for-ukraine,Reporting fraud: Homes for Ukraine,detailed_guide,f4caa8da-88d1-41da-aba7-4aa9c7570261,en,whitehall,2023-04-03T13:29:23.000Z,2023-04-03T13:29:23.000Z,,,11,"Community and society,Society and culture,GOV.UK homepage","Ministry of Housing, Communities and Local Government","Ministry of Housing, Communities and Local Government,Department for Levelling Up, Housing and Communities ",2022 to 2024 Sunak Conservative government,,,
https://www.gov.uk/guidance/environmental-responsibility-for-charities,Environmental responsibility for charities,detailed_guide,fab90300-092e-4ddc-b33b-b83ae1fd153f,en,whitehall,2013-05-09T23:00:00.000Z,2024-03-07T10:34:06.000Z,,,10,"Charities and social enterprises,Business and industry,Society and culture,Charities, volunteering and honours,GOV.UK homepage",The Charity Commission,The Charity Commission,2010 to 2015 Conservative and Liberal Democrat coalition government,,,
https://www.gov.uk/guidance/the-community-organisations-cost-of-living-fund,Community Organisations Cost of Living Fund,detailed_guide,7ab749e9-0928-4709-bcb8-d52c24e29075,en,whitehall,2023-07-23T23:00:00.000Z,2024-09-27T11:46:27.000Z,,,10,"Society and culture,Charities, volunteering and honours,GOV.UK homepage,Community and society,National Lottery funding","Department for Culture, Media and Sport","Department for Culture, Media and Sport,The National Lottery Community Fund",2022 to 2024 Sunak Conservative government,,,
https://www.gov.uk/guidance/manage-your-town-and-village-greens,Manage your town and village greens,detailed_guide,5feaf25e-7631-11e4-a3cb-005056011aef,en,whitehall,2014-10-07T13:12:00.000Z,2014-10-07T13:12:00.000Z,,,10,"Rural development and land management,Rural and countryside,Commons and greens,Society and culture,Environment,Sports and leisure,Access to the countryside,GOV.UK homepage,Countryside,Recreation","Department for Environment, Food & Rural Affairs","Department for Environment, Food & Rural Affairs,Natural England",2010 to 2015 Conservative and Liberal Democrat coalition government,,,
https://www.gov.uk/guidance/anglian-waterways-river-conditions-closures-and-restrictions,"Anglian waterways: river conditions, closures and restrictions",detailed_guide,5f47afc8-7631-11e4-a3cb-005056011aef,en,whitehall,2014-04-01T11:43:00.000Z,2017-11-13T14:52:46.000Z,,,10,"Society and culture,Sports and leisure,GOV.UK homepage,Environment",Environment Agency,Environment Agency,2010 to 2015 Conservative and Liberal Democrat coalition government,,,
https://www.gov.uk/guidance/dcmswolfson-museums-and-galleries-improvement-fund-2025-27,DCMS/Wolfson Museums and Galleries Improvement Fund 2025-27,detailed_guide,2f7b3ada-cf49-41b8-a694-384441c94a41,en,whitehall,2025-09-04T23:00:00.000Z,2025-09-04T23:00:00.000Z,,,10,"GOV.UK homepage,Arts and culture,Museums and galleries,Society and culture","Department for Culture, Media and Sport","Department for Culture, Media and Sport",2024 Starmer Labour government,,,
https://www.gov.uk/guidance/windrush-monument-education-resources,Windrush Monument: Education resources,detailed_guide,97ae9d54-fb28-46c3-8abe-bceab7175e21,en,whitehall,2025-03-11T12:45:50.000Z,2025-03-11T12:45:50.000Z,,,10,"Society and culture,Community and society,GOV.UK homepage","Ministry of Housing, Communities and Local Government","Ministry of Housing, Communities and Local Government",2024 Starmer Labour government,,,
https://www.gov.uk/guidance/if-your-guest-will-be-absent-temporarily-homes-for-ukraine,If your guest will be absent temporarily: Homes for Ukraine,detailed_guide,31453488-678c-4125-bc8f-397299fa7e5d,en,whitehall,2023-01-23T00:00:00.000Z,2025-01-31T00:01:04.000Z,,,10,"Housing and communities,Society and culture,Housing, local and community,Community and society,GOV.UK homepage","Ministry of Housing, Communities and Local Government","Ministry of Housing, Communities and Local Government,Department for Levelling Up, Housing and Communities ",2022 to 2024 Sunak Conservative government,,,
https://www.gov.uk/guidance/get-a-national-insurance-number-homes-for-ukraine,Get a national Insurance number: Homes for Ukraine,detailed_guide,2a381d2e-7e7b-4652-8515-f11f264fd14d,en,whitehall,2023-01-16T11:29:42.000Z,2023-01-16T11:29:42.000Z,,,10,"Society and culture,Community and society,GOV.UK homepage","Ministry of Housing, Communities and Local Government","Ministry of Housing, Communities and Local Government,Department for Levelling Up, Housing and Communities ",2022 to 2024 Sunak Conservative government,,,
https://www.gov.uk/guidance/people-and-nature-surveys-finding-and-using-the-data,The People and Nature Surveys for England: finding and using the data,detailed_guide,46f85179-1c77-49d3-af63-519a1a5ac0d2,en,whitehall,2023-09-24T23:00:00.000Z,2023-11-29T09:30:12.000Z,,,10,"Society and culture,Environment,GOV.UK homepage","Department for Environment, Food & Rural Affairs","Department for Environment, Food & Rural Affairs,Natural England",2022 to 2024 Sunak Conservative government,,,
https://www.gov.uk/guidance/fifa-womens-world-cup-2035-uk-wide-bid,FIFA Women's World Cup 2035™: UK-wide bid,detailed_guide,9ef213c7-d2e7-44f6-b9c9-a0d8a246dbdc,en,whitehall,2025-12-01T12:32:24.000Z,2025-12-01T12:32:24.000Z,,,10,"Sports and leisure,Elite sports performance,Society and culture,GOV.UK homepage","Department for Culture, Media and Sport","Department for Culture, Media and Sport",2024 Starmer Labour government,,,
https://www.gov.uk/guidance/exporting-or-importing-objects-of-cultural-interest,Exporting or importing objects of cultural interest,detailed_guide,db0fa2e2-6d9e-43de-8b8b-f8c6101a2dd7,en,whitehall,2020-12-31T00:00:00.000Z,2025-06-27T23:01:00.000Z,,,10,"Brexit,Society and culture,Arts and culture,GOV.UK homepage,Government","Department for Culture, Media and Sport","Department for Culture, Media and Sport",2019 to 2022 Johnson Conservative government,,,
https://www.gov.uk/guidance/community-and-engagement-survey-privacy-notice,Community and Engagement Survey Privacy Notice,detailed_guide,e4d36c8b-2c51-4a43-a1c6-41654539dc34,en,whitehall,2025-08-18T23:00:00.000Z,2025-08-18T23:00:00.000Z,,,9,"Society and culture,GOV.UK homepage","Department for Culture, Media and Sport","Department for Culture, Media and Sport",2024 Starmer Labour government,,,
https://www.gov.uk/guidance/protecting-cultural-objects-on-loan,Protecting cultural objects on loan,detailed_guide,5d6559fe-7631-11e4-a3cb-005056011aef,en,whitehall,2016-02-05T00:00:00.000Z,2025-10-22T07:47:52.000Z,,,9,"Society and culture,GOV.UK homepage,Arts and culture","Department for Culture, Media and Sport","Department for Culture, Media and Sport",2015 to 2016 Cameron Conservative government,,,
https://www.gov.uk/guidance/meet-your-guests-and-help-them-settle-in-homes-for-ukraine,Meet your guests and help them settle in: Homes for Ukraine,detailed_guide,fa0355b7-ac21-4638-b2c0-0336fc7cf4db,en,whitehall,2023-01-16T00:00:00.000Z,2023-01-16T00:00:00.000Z,,,9,"Housing and communities,GOV.UK homepage,Society and culture,Housing, local and community,Community and society","Ministry of Housing, Communities and Local Government","Ministry of Housing, Communities and Local Government,Department for Levelling Up, Housing and Communities ",2022 to 2024 Sunak Conservative government,,,
https://www.gov.uk/guidance/child-online-safety-protecting-children-from-online-sexual-exploitation-and-abuse,Child online safety: Protecting children from online sexual exploitation and abuse,detailed_guide,7b83a019-5ab2-474f-a77a-65187a18257e,en,whitehall,2021-06-29T12:00:00.000Z,2021-06-29T12:00:00.000Z,,,9,"Online safety,GOV.UK homepage,Society and culture","Department for Science, Innovation and Technology","Department for Science, Innovation and Technology,Department for Digital, Culture, Media & Sport",2019 to 2022 Johnson Conservative government,,,
https://www.gov.uk/guidance/find-a-job-homes-for-ukraine,Find a job: Homes for Ukraine,detailed_guide,e9fd5f89-810c-48e7-b738-0c9ba5da316d,en,whitehall,2023-01-16T00:00:00.000Z,2025-11-03T12:18:27.000Z,,,9,"Finding a job,Work,GOV.UK homepage,Community and society,Society and culture,Working, jobs and pensions","Ministry of Housing, Communities and Local Government","Ministry of Housing, Communities and Local Government,Department for Levelling Up, Housing and Communities ",2022 to 2024 Sunak Conservative government,,,
https://www.gov.uk/guidance/plan-for-neighbourhoods-data-packs,Plan for Neighbourhoods: Data packs,detailed_guide,9ddd0b14-b88a-4521-9439-dc14cb622a91,en,whitehall,2025-07-17T23:00:00.000Z,2025-07-24T09:46:02.000Z,,,8,"Community and society,Society and culture,GOV.UK homepage","Ministry of Housing, Communities and Local Government","Ministry of Housing, Communities and Local Government",2024 Starmer Labour government,,,
https://www.gov.uk/guidance/your-rights-at-work-homes-for-ukraine,Your rights at work: Homes for Ukraine,detailed_guide,d96683e0-e099-4720-a8cf-3f803d117418,en,whitehall,2023-01-16T11:19:00.000Z,2023-01-16T11:19:00.000Z,,,8,"Society and culture,GOV.UK homepage,Community and society,Working, jobs and pensions,Work","Ministry of Housing, Communities and Local Government","Ministry of Housing, Communities and Local Government,Department for Levelling Up, Housing and Communities ",2022 to 2024 Sunak Conservative government,,,
https://www.gov.uk/guidance/charities-act-2022-implementation-plan,Charities Act 2022: implementation plan,detailed_guide,e84c59f3-879e-4fd3-ae07-08fdf2450dcb,en,whitehall,2022-04-12T23:00:00.000Z,2025-11-17T09:34:43.000Z,,,8,"Charities, volunteering and honours,GOV.UK homepage,Society and culture","Department for Culture, Media and Sport","Department for Culture, Media and Sport",2019 to 2022 Johnson Conservative government,,,
https://www.gov.uk/guidance/uk-city-of-culture-2029-expert-advisory-panel-recruitment-advert,UK City of Culture 2029 Expert Advisory Panel: Recruitment Advert,detailed_guide,f34eaa0d-e052-48af-9f82-91d4658d88ce,en,whitehall,2025-11-03T00:00:00.000Z,2025-11-17T09:10:09.000Z,,,8,"City of Culture,Arts and culture,Society and culture,GOV.UK homepage","Department for Culture, Media and Sport","Department for Culture, Media and Sport",2024 Starmer Labour government,,,
https://www.gov.uk/guidance/charities-operating-in-the-middle-east-guidance-and-support-for-trustees,Charities operating in the Middle East: guidance and support for trustees,detailed_guide,3a1ab57b-b761-4a9c-8501-bd41ba21cc5d,en,whitehall,2025-07-23T23:00:00.000Z,2025-07-23T23:00:00.000Z,,,8,"Charities, volunteering and honours,Charities and social enterprises,Society and culture,GOV.UK homepage,Business and industry",The Charity Commission,The Charity Commission,2024 Starmer Labour government,,,
https://www.gov.uk/guidance/noms-graduate-programme,NOMS graduate programme,detailed_guide,5f4fe4b5-7631-11e4-a3cb-005056011aef,en,whitehall,2014-05-08T10:32:00.000Z,2015-11-06T12:24:39.000Z,,,8,"GOV.UK homepage,Equality, rights and citizenship,Crime, justice and law,Society and culture",National Offender Management Service,"National Offender Management Service,HM Prison Service",2010 to 2015 Conservative and Liberal Democrat coalition government,,,
https://www.gov.uk/guidance/get-a-bank-account-and-your-arrival-payment-homes-for-ukraine,Get a bank account and your arrival payment: Homes for Ukraine,detailed_guide,8bcf4377-0cd6-445a-b58f-06dce225515f,en,whitehall,2023-01-16T11:19:47.000Z,2023-01-16T11:19:47.000Z,,,8,"Community and society,GOV.UK homepage,Society and culture","Ministry of Housing, Communities and Local Government","Ministry of Housing, Communities and Local Government,Department for Levelling Up, Housing and Communities ",2022 to 2024 Sunak Conservative government,,,
https://www.gov.uk/guidance/companies-house-welsh-service,Companies House Welsh services,detailed_guide,9990f754-988e-46e8-9ec6-82bf901b241e,en,whitehall,2015-03-03T00:00:00.000Z,2025-11-26T11:08:40.000Z,,,8,"Running a business,Digital inclusion and accessibility in society,Limited companies and partnerships,Corporate information,Business and industry,Society and culture,GOV.UK homepage",Companies House,Companies House,2010 to 2015 Conservative and Liberal Democrat coalition government,,,
https://www.gov.uk/guidance/vcse-energy-efficiency-scheme,VCSE Energy Efficiency Scheme,detailed_guide,861a676b-705d-4ecf-a1be-13fc89a3d7a5,en,whitehall,2023-11-30T00:00:00.000Z,2024-08-21T09:15:34.000Z,,,8,"Charities, volunteering and honours,Society and culture,GOV.UK homepage","Department for Culture, Media and Sport","Department for Culture, Media and Sport",2022 to 2024 Sunak Conservative government,,,
https://www.gov.uk/guidance/heritage-properties-prepare-a-heritage-management-plan,Heritage properties: prepare a heritage management plan,detailed_guide,5f524ae7-7631-11e4-a3cb-005056011aef,en,whitehall,2014-10-01T23:00:00.000Z,2025-04-02T11:25:25.000Z,,,7,"Reliefs,Society and culture,Capital Gains Tax,Rural and countryside,Environment,Property,Personal tax,Money,Arts and culture,Conservation of historic buildings and monuments,Inheritance Tax,GOV.UK homepage",Natural England,Natural England,2010 to 2015 Conservative and Liberal Democrat coalition government,,,
https://www.gov.uk/guidance/volunteering-with-natural-england-support-directory,Volunteering with Natural England: support directory,detailed_guide,5f57f45b-7631-11e4-a3cb-005056011aef,en,whitehall,2008-12-15T00:00:00.000Z,2025-07-16T13:17:55.000Z,,,7,"Charities, volunteering and honours,Environment,Society and culture,GOV.UK homepage",Natural England,Natural England,2007 to 2010 Brown Labour government,,,
https://www.gov.uk/guidance/opss-community-funding-for-product-safety,OPSS community funding for product safety,detailed_guide,94189de5-e1dc-4196-9d1b-0cd793ef8673,en,whitehall,2024-11-11T00:00:00.000Z,2025-06-03T08:32:09.000Z,,,7,"Business regulation,Product safety,Community and society,GOV.UK homepage,Business and industry,Society and culture",Office for Product Safety and Standards,Office for Product Safety and Standards,2024 Starmer Labour government,,,
https://www.gov.uk/guidance/continuing-to-live-with-your-host-or-rematching-homes-for-ukraine,Continuing to live with your host or rematching: Homes for Ukraine,detailed_guide,49a5856f-c633-4e75-9db0-e8457e4a34c3,en,whitehall,2023-01-16T00:00:00.000Z,2025-01-31T00:01:04.000Z,,,7,"GOV.UK homepage,Community and society,Society and culture","Ministry of Housing, Communities and Local Government","Ministry of Housing, Communities and Local Government,Department for Levelling Up, Housing and Communities ",2022 to 2024 Sunak Conservative government,,,
https://www.gov.uk/guidance/campaigning-and-political-activity-general-election-lessons-learned,Campaigning and political activity: general election lessons learned,detailed_guide,90a41cc6-70d7-4c50-a5ed-6718ce11e55e,en,whitehall,2024-05-28T23:00:00.000Z,2024-05-28T23:00:00.000Z,,,7,"Charities and social enterprises,Business and industry,GOV.UK homepage,Society and culture,Charities, volunteering and honours",The Charity Commission,The Charity Commission,2022 to 2024 Sunak Conservative government,,,
https://www.gov.uk/guidance/dcmss-international-cultural-heritage-protection-programme,DCMS's International Cultural Heritage Protection Programme,detailed_guide,256ca51b-0ba9-46f2-aa34-bb6228774fb1,en,whitehall,2021-07-26T23:00:00.000Z,2024-12-10T11:42:26.000Z,,,7,"Arts and culture,Society and culture,GOV.UK homepage","Department for Culture, Media and Sport","Department for Culture, Media and Sport",2019 to 2022 Johnson Conservative government,,,
https://www.gov.uk/guidance/financial-support-for-voluntary-community-and-social-enterprise-vcse-organisations-to-respond-to-coronavirus-covid-19,"Financial support for voluntary, community and social enterprise (VCSE) organisations to respond to coronavirus (COVID-19)",detailed_guide,829cb3c1-43ff-4f95-9845-d8ea1cac5126,en,whitehall,2020-05-20T16:00:00.000Z,2022-03-10T11:03:06.000Z,,,7,"Support for businesses and self-employed people during COVID-19,GOV.UK homepage,Getting financial support during COVID-19,Charities, volunteering and honours,Work and financial support during COVID-19,Health and social care,Funding and support for businesses during COVID-19,Society and culture,Volunteering and offering help during COVID-19,COVID-19","Department for Culture, Media and Sport","Department for Culture, Media and Sport,Department for Digital, Culture, Media & Sport",2019 to 2022 Johnson Conservative government,,,
https://www.gov.uk/guidance/working-and-touring-in-europe-guidance-for-the-fashion-sector,Working and touring in Europe - guidance for the fashion sector,detailed_guide,6d4a5b29-69aa-4269-b3ee-347669afdb25,en,whitehall,2021-06-02T13:50:00.000Z,2022-11-16T15:09:31.000Z,,,7,"Government,Society and culture,Arts and culture,Brexit,GOV.UK homepage","Department for Culture, Media and Sport","Department for Culture, Media and Sport,Department for Digital, Culture, Media & Sport",2019 to 2022 Johnson Conservative government,,,
https://www.gov.uk/guidance/register-with-a-doctor-and-get-medication-homes-for-ukraine,Register with a doctor and get medication: Homes for Ukraine,detailed_guide,7ac2e5ed-8ea5-4326-9a94-21db3bd6b831,en,whitehall,2023-01-16T11:21:36.000Z,2023-01-16T11:21:36.000Z,,,7,"Community and society,Society and culture,Health and social care,National Health Service,GOV.UK homepage","Ministry of Housing, Communities and Local Government","Ministry of Housing, Communities and Local Government,Department for Levelling Up, Housing and Communities ",2022 to 2024 Sunak Conservative government,,,
https://www.gov.uk/guidance/use-the-words-charity-or-charitable-in-a-company-name,Charity Commission policy on names,detailed_guide,5f5eb732-7631-11e4-a3cb-005056011aef,en,whitehall,2013-05-09T23:00:00.000Z,2013-05-09T23:00:00.000Z,,,7,"Charities and social enterprises,Business and industry,GOV.UK homepage,Community and society,Society and culture",The Charity Commission,The Charity Commission,2010 to 2015 Conservative and Liberal Democrat coalition government,,,
https://www.gov.uk/guidance/appeal-to-the-care-standards-tribunal,Appeal to the Care Standards Tribunal,detailed_guide,60559e1b-7631-11e4-a3cb-005056011aef,en,whitehall,2014-12-17T13:23:00.000Z,2022-06-22T08:16:41.000Z,,,6,"Crime, justice and law,GOV.UK homepage,Pensions and ageing society,Society and culture,Work,Community and society",HM Courts & Tribunals Service,HM Courts & Tribunals Service,2010 to 2015 Conservative and Liberal Democrat coalition government,,,
https://www.gov.uk/guidance/disclaimer,Charity SORP template disclaimer,detailed_guide,fcdf2bbb-b673-491b-9600-d9ec02c4da1c,en,whitehall,2014-09-24T08:00:00.000Z,2014-09-24T08:00:00.000Z,,,6,"Charities and social enterprises,Business and industry,GOV.UK homepage,Community and society,Society and culture",The Charity Commission,The Charity Commission,2010 to 2015 Conservative and Liberal Democrat coalition government,,,
https://www.gov.uk/guidance/multi-sport-grassroots-facilities-programme-projects-2022-to-2023,Multi-Sport Grassroots Facilities Programme projects: 2022 to 2023,detailed_guide,6c763ecb-ff8d-48a0-af0b-7925eb3fd640,en,whitehall,2023-05-19T23:00:00.000Z,2025-06-09T12:42:41.000Z,,,6,"Society and culture,Sports and leisure,GOV.UK homepage","Department for Culture, Media and Sport","Department for Culture, Media and Sport",2022 to 2024 Sunak Conservative government,,,
https://www.gov.uk/guidance/local-authority-rights-of-way-improvement-plans,Local authority rights of way improvement plans,detailed_guide,444a473f-dad3-487e-a2b7-dfe6242d6742,en,whitehall,2015-05-13T13:29:00.000Z,2021-10-21T08:20:54.000Z,,,6,"Environment,Sports and leisure,Rural and countryside,GOV.UK homepage,Society and culture","Department for Environment, Food & Rural Affairs","Department for Environment, Food & Rural Affairs",2015 to 2016 Cameron Conservative government,,,
https://www.gov.uk/guidance/religious-and-racially-motivated-hate-crime-where-to-report-it-and-find-victim-support,Religious and racially-motivated hate crime: where to report it and find victim support,detailed_guide,5f1cd480-8358-45c7-af11-9a4c29416bfc,en,whitehall,2025-05-19T08:00:00.000Z,2025-05-19T08:00:00.000Z,,,6,"Society and culture,GOV.UK homepage,Community and society","Ministry of Housing, Communities and Local Government","Ministry of Housing, Communities and Local Government",2024 Starmer Labour government,,,
https://www.gov.uk/guidance/how-volunteers-can-help-in-emergencies,How voluntary organisations can help in emergencies,detailed_guide,5d5f88e7-7631-11e4-a3cb-005056011aef,en,whitehall,2013-02-20T16:56:00.000Z,2014-05-07T14:25:13.000Z,,,6,"Emergency preparation, response and recovery,Public services,Society and culture,Government,GOV.UK homepage,Community and society",Cabinet Office,Cabinet Office,2010 to 2015 Conservative and Liberal Democrat coalition government,,,
https://www.gov.uk/guidance/reporting-a-serious-incident-in-your-charity-when-it-involves-a-partner,Reporting a serious incident in your charity when it involves a partner,detailed_guide,0c881f8f-b706-4f3b-90f6-e12dc5d2d134,en,whitehall,2019-12-19T14:46:14.000Z,2019-12-19T14:46:14.000Z,,,6,"Community and society,GOV.UK homepage,Society and culture",The Charity Commission,The Charity Commission,2019 to 2022 Johnson Conservative government,,,
https://www.gov.uk/guidance/nrs-scheme-funding-guidance,NRS scheme funding guidance,detailed_guide,ae2aeb92-c2be-4362-8c02-def728f80d26,en,whitehall,2024-01-16T00:00:00.000Z,2025-06-06T09:09:51.000Z,,,6,"Community and society,Society and culture,GOV.UK homepage",Nuclear Restoration Services,Nuclear Restoration Services,2022 to 2024 Sunak Conservative government,,,
https://www.gov.uk/guidance/taking-part-privacy-notice,Taking Part Privacy Notice,detailed_guide,fff1f1c2-0021-45ab-a661-52fb0a4fe636,en,whitehall,2018-12-04T15:24:00.000Z,2018-12-04T15:24:00.000Z,,,,"GOV.UK homepage,Arts and culture,Recreation,Sports participation,Sports and leisure,Charities, volunteering and honours,Library services,Society and culture,Museums and galleries,Conservation of historic buildings and monuments","Department for Culture, Media and Sport","Department for Culture, Media and Sport,Department for Digital, Culture, Media & Sport",2016 to 2019 May Conservative government,,,
https://www.gov.uk/guidance/tax-relief-on-gifts-of-land-buildings-or-shares,"Tax relief on gifts of land, buildings or shares",detailed_guide,60302d0a-7631-11e4-a3cb-005056011aef,en,whitehall,2014-12-04T09:43:00.000Z,2014-12-04T09:43:00.000Z,,,,"Society and culture,Money,GOV.UK homepage,Personal tax reform,Sports and leisure,Charity money, tax and accounts,Business and industry,Community amateur sports clubs (CASCs),Charities and social enterprises,UK economy,Personal tax",HM Revenue & Customs,HM Revenue & Customs,2010 to 2015 Conservative and Liberal Democrat coalition government,,,
https://www.gov.uk/guidance/endstigmatackling-the-stigma-associated-with-survivors-of-sexual-violence-in-conflict,#EndStigma:Tackling the stigma associated with survivors of sexual violence in conflict,detailed_guide,6926f6af-9a44-41bd-ab17-a656d2fbb983,en,whitehall,2017-03-09T16:54:00.000Z,2017-03-09T16:54:00.000Z,,,,"Community and society,GOV.UK homepage,Society and culture",Preventing Sexual Violence in Conflict Initiative,Preventing Sexual Violence in Conflict Initiative,2016 to 2019 May Conservative government,,,
https://www.gov.uk/guidance/windrush-monument-selecting-an-artist,Windrush monument: selecting an artist,detailed_guide,951f775a-0466-40d2-8609-957330cdee05,en,whitehall,2021-01-21T10:45:45.000Z,2021-01-21T10:45:45.000Z,,,,"Community and society,Society and culture,Community integration,GOV.UK homepage","Department for Levelling Up, Housing and Communities ","Department for Levelling Up, Housing and Communities ,Windrush Commemoration Committee,Ministry of Housing, Communities & Local Government (2018 to 2021)",2019 to 2022 Johnson Conservative government,,,
https://www.gov.uk/guidance/child-online-safety-age-appropriate-content,Child online safety: Age-appropriate content,detailed_guide,d647e090-1ef8-4242-9444-1b3ce44e4b9b,en,whitehall,2021-06-29T12:00:00.000Z,2021-06-29T12:00:00.000Z,,,,"Online safety,GOV.UK homepage,Society and culture","Department for Science, Innovation and Technology","Department for Science, Innovation and Technology,Department for Digital, Culture, Media & Sport",2019 to 2022 Johnson Conservative government,,,
https://www.gov.uk/guidance/applying-to-be-a-delivery-partner-for-the-enrichment-partnerships-pilot,Applying to be a delivery partner for the Enrichment Partnerships Pilot,detailed_guide,449d7c17-09ce-4c2f-a8c2-429e2e7cb3d4,en,whitehall,2023-08-07T23:00:00.000Z,2023-08-22T15:17:38.000Z,,,,"GOV.UK homepage,School and academy funding,Education, training and skills,Society and culture,Young people","Department for Culture, Media and Sport","Department for Culture, Media and Sport,Department for Education",2022 to 2024 Sunak Conservative government,,,
https://www.gov.uk/guidance/volunteering-futures-fund-invitation-for-grant-makers,Volunteering Futures Fund: invitation for grant makers,detailed_guide,681c91aa-fb7c-4f75-ad2f-117cf9f44622,en,whitehall,2021-09-10T13:37:00.000Z,2021-09-17T10:20:49.000Z,,,,"Society and culture,GOV.UK homepage,Charities, volunteering and honours","Department for Culture, Media and Sport","Department for Culture, Media and Sport,Department for Digital, Culture, Media & Sport",2019 to 2022 Johnson Conservative government,,,
https://www.gov.uk/guidance/digital-skills-partnership,Digital Skills Partnership,detailed_guide,b16c0e6d-bf0e-4b21-a7e8-81370427e85c,en,whitehall,2018-10-19T10:19:00.000Z,2023-01-24T10:30:11.000Z,,,,"Society and culture,GOV.UK homepage,Business and industry,Digital inclusion and accessibility in society,Education, training and skills","Department for Science, Innovation and Technology","Department for Science, Innovation and Technology,Department for Digital, Culture, Media & Sport",2016 to 2019 May Conservative government,,,
https://www.gov.uk/guidance/public-libraries-support-and-resources,Public libraries support and resources,detailed_guide,18b5221d-a570-4e65-a905-cd2feeb79fff,en,whitehall,2023-08-11T14:27:00.000Z,2023-08-11T14:27:00.000Z,,,,"GOV.UK homepage,Arts and culture,Library services,Society and culture","Department for Culture, Media and Sport","Department for Culture, Media and Sport",2022 to 2024 Sunak Conservative government,,,
https://www.gov.uk/guidance/parents-of-children-under-18-travelling-to-or-staying-in-the-uk-without-their-parent-or-legal-guardian-homes-for-ukraine,Parents intending to leave their child in the care of a sponsor: Homes for Ukraine,detailed_guide,5f18f750-c4f9-4ba6-aa60-2719e321b63e,en,whitehall,2023-01-16T00:00:00.000Z,2025-01-31T00:01:04.000Z,,,,"Safeguarding and child protection,Safeguarding and social care for children,Society and culture,Parenting, childcare and children's services ,Community and society,GOV.UK homepage","Ministry of Housing, Communities and Local Government","Ministry of Housing, Communities and Local Government,Department for Levelling Up, Housing and Communities ",2022 to 2024 Sunak Conservative government,,,
https://www.gov.uk/guidance/users-account-details-and-activity-visible-to-others-improve-the-safety-of-your-online-platform,Users’ account details and activity visible to others: improve the safety of your online platform,detailed_guide,0147506d-2355-415a-960b-d0d2fd975af6,en,whitehall,2021-06-29T12:00:00.000Z,2021-06-29T12:00:00.000Z,,,,"GOV.UK homepage,Online safety,Society and culture","Department for Science, Innovation and Technology","Department for Science, Innovation and Technology,Department for Digital, Culture, Media & Sport",2019 to 2022 Johnson Conservative government,,,
https://www.gov.uk/guidance/anonymous-or-multiple-account-creation-improve-the-safety-of-your-online-platform,Anonymous or multiple account creation: improve the safety of your online platform,detailed_guide,689b56c4-5799-4407-8e62-a5384fe8e41b,en,whitehall,2021-06-29T12:00:00.000Z,2021-06-29T12:00:00.000Z,,,,"Online safety,Society and culture,GOV.UK homepage","Department for Science, Innovation and Technology","Department for Science, Innovation and Technology,Department for Digital, Culture, Media & Sport",2019 to 2022 Johnson Conservative government,,,
https://www.gov.uk/guidance/the-fast-track-digital-workforce-fund,The Fast Track Digital Workforce Fund,detailed_guide,67083ca6-033a-4194-9b32-874b1ff019bf,en,whitehall,2020-03-06T10:22:32.000Z,2020-03-06T10:22:32.000Z,,,,"Digital inclusion and accessibility in society,GOV.UK homepage,Further and higher education, skills and vocational training,Education, training and skills,Adult learning,Society and culture","Department for Science, Innovation and Technology","Department for Science, Innovation and Technology,Department for Digital, Culture, Media & Sport",2019 to 2022 Johnson Conservative government,,,
https://www.gov.uk/guidance/gwobr-gwirfoddoli-jiwbili-platinwm-y-frenhines,Gwobr gwirfoddoli jiwbilî platinwm y frenhines,detailed_guide,62251299-0a84-4a23-8c0d-55484176f267,en,whitehall,2022-11-11T15:51:18.000Z,2022-11-11T15:51:18.000Z,,,,"GOV.UK homepage,Charities, volunteering and honours,Society and culture","Department for Culture, Media and Sport","Department for Culture, Media and Sport,Department for Digital, Culture, Media & Sport",2022 to 2024 Sunak Conservative government,,,
https://www.gov.uk/guidance/participation-survey-privacy-notice,Participation Survey Privacy Notice,detailed_guide,206f5cf6-a9bf-48ed-8fb1-2b94c9b38c3a,en,whitehall,2021-08-25T23:00:00.000Z,2025-08-19T12:40:32.000Z,,,,"Society and culture,Arts and culture,GOV.UK homepage","Department for Culture, Media and Sport","Department for Culture, Media and Sport,Department for Digital, Culture, Media & Sport",2019 to 2022 Johnson Conservative government,,,
https://www.gov.uk/guidance/media-literacy-train-the-trainer-grant-scheme,Media Literacy Train-the-Trainer Grant Scheme,detailed_guide,57118efb-f470-4a70-aa58-afaa055a1419,en,whitehall,2021-11-10T13:15:00.000Z,2021-11-10T13:15:00.000Z,,,,"GOV.UK homepage,Digital inclusion and accessibility in society,Society and culture","Department for Science, Innovation and Technology","Department for Science, Innovation and Technology,Department for Digital, Culture, Media & Sport",2019 to 2022 Johnson Conservative government,,,
https://www.gov.uk/guidance/case-programme,CASE programme guidance and resources,detailed_guide,5d63ec44-7631-11e4-a3cb-005056011aef,en,whitehall,2013-02-22T17:05:00.000Z,2013-02-22T17:05:00.000Z,,,,"GOV.UK homepage,Sports and leisure,Society and culture,Arts and culture","Department for Culture, Media and Sport","Department for Culture, Media and Sport,Department for Digital, Culture, Media & Sport",2010 to 2015 Conservative and Liberal Democrat coalition government,,,
https://www.gov.uk/guidance/rye-harbour-closures-and-restrictions,Rye Harbour: closures and restrictions,detailed_guide,5f47b019-7631-11e4-a3cb-005056011aef,en,whitehall,2014-03-31T23:00:00.000Z,2023-12-01T15:23:37.000Z,,,,"Environment,Society and culture,Sports and leisure,GOV.UK homepage",Environment Agency,Environment Agency,2010 to 2015 Conservative and Liberal Democrat coalition government,,,
https://www.gov.uk/guidance/the-national-windrush-monument,The National Windrush Monument,detailed_guide,fa892d81-a6d6-4f68-97a7-550320987019,en,whitehall,2025-03-11T12:46:17.000Z,2025-03-11T12:46:17.000Z,,,,"Community and society,Society and culture,GOV.UK homepage","Ministry of Housing, Communities and Local Government","Ministry of Housing, Communities and Local Government",2024 Starmer Labour government,,,
https://www.gov.uk/guidance/identifying-and-reporting-misrepresentation-by-agents,Identifying and reporting misrepresentation by agents,detailed_guide,1a08d2c5-d48d-4876-a992-0689ffc35c9d,en,whitehall,2024-09-01T23:00:00.000Z,2024-09-01T23:00:00.000Z,,,,"Society and culture,GOV.UK homepage,Online safety",Valuation Office Agency,Valuation Office Agency,2024 Starmer Labour government,,,
https://www.gov.uk/guidance/reporting-fraud-homes-for-ukraine-guidance-for-sponsors,Reporting fraud: Homes for Ukraine - guidance for sponsors,detailed_guide,7ef7d1a0-0d8f-4b96-a5f1-b72f5ce892d4,en,whitehall,2023-04-03T13:29:30.000Z,2023-04-03T13:29:30.000Z,,,,"Society and culture,Community and society,GOV.UK homepage","Ministry of Housing, Communities and Local Government","Ministry of Housing, Communities and Local Government,Department for Levelling Up, Housing and Communities ",2022 to 2024 Sunak Conservative government,,,
https://www.gov.uk/guidance/ukraine-humanitarian-crisis-guidance-for-charities-and-trustees,Ukraine humanitarian crisis: guidance for charities and trustees,detailed_guide,a57baa4b-ab08-4596-8f00-1424017dffef,en,whitehall,2022-03-16T00:00:00.000Z,2022-03-28T10:13:57.000Z,,,,"Business and industry,Society and culture,GOV.UK homepage,Charities and social enterprises,Charities, volunteering and honours",The Charity Commission,The Charity Commission,2019 to 2022 Johnson Conservative government,,,
https://www.gov.uk/guidance/park-tennis-court-programme-completed-projects,Park Tennis Court Programme: completed projects,detailed_guide,fe2af162-1047-496e-be24-7f4f4123ab00,en,whitehall,2023-06-28T23:00:00.000Z,2025-06-26T08:00:03.000Z,,,,"GOV.UK homepage,Community amateur sports clubs (CASCs),Society and culture,Sports participation,Sports and leisure","Department for Culture, Media and Sport","Department for Culture, Media and Sport",2022 to 2024 Sunak Conservative government,,,
https://www.gov.uk/guidance/black-sluice-navigation-locks-and-facilities,Black Sluice Navigation: locks and facilities,detailed_guide,5f49b536-7631-11e4-a3cb-005056011aef,en,whitehall,2014-03-31T17:11:00.000Z,2023-08-29T15:10:11.000Z,,,,"Society and culture,Sports and leisure,GOV.UK homepage,Environment",Environment Agency,Environment Agency,2010 to 2015 Conservative and Liberal Democrat coalition government,,,
https://www.gov.uk/guidance/public-request-to-order-disposal-land-owners-cover-letter-and-questionnaire,Public Request to Order Disposal: land owner's cover letter and questionnaire,detailed_guide,5c7edc7f-7631-11e4-a3cb-005056011aef,en,whitehall,2012-11-14T20:15:00.000Z,2012-11-14T20:15:00.000Z,,,,"Society and culture,Public sector land use,Planning and building,Government,Community and society,Housing, local and community,GOV.UK homepage","Ministry of Housing, Communities and Local Government","Ministry of Housing, Communities and Local Government,Ministry of Housing, Communities & Local Government (2018 to 2021),Department for Levelling Up, Housing and Communities ",2010 to 2015 Conservative and Liberal Democrat coalition government,,,
https://www.gov.uk/guidance/applying-to-the-local-capacity-building-fund-for-local-youth-partnerships,Applying to the Local Capacity Building Fund for local youth partnerships,detailed_guide,ebc684aa-1ac2-436d-961d-31f0519ab9af,en,whitehall,2022-05-30T23:15:00.000Z,2022-05-30T23:15:00.000Z,,,,"GOV.UK homepage,Social investment,Society and culture,Community and society","Department for Culture, Media and Sport","Department for Culture, Media and Sport,Department for Digital, Culture, Media & Sport",2019 to 2022 Johnson Conservative government,,,
https://www.gov.uk/guidance/windrush-day-grant-scheme-2025-projects-to-be-funded,Windrush Day Grant Scheme 2025: Projects to be funded,detailed_guide,770e8406-d067-4e81-a521-99cc2d2e7de6,en,whitehall,2025-03-04T00:00:00.000Z,2025-03-04T00:00:00.000Z,,,,"Society and culture,Community integration,GOV.UK homepage,Community and society","Ministry of Housing, Communities and Local Government","Ministry of Housing, Communities and Local Government",2024 Starmer Labour government,,,
https://www.gov.uk/guidance/rivers-welland-and-glen-locks-and-facilities,Rivers Welland and Glen: locks and facilities,detailed_guide,5f49b6b0-7631-11e4-a3cb-005056011aef,en,whitehall,2014-04-01T09:56:00.000Z,2023-08-29T15:10:57.000Z,,,,"Sports and leisure,Transport,Local transport,Inland waterways,Rural and countryside,Environment,Society and culture,GOV.UK homepage,Boats and waterways",Environment Agency,Environment Agency,2010 to 2015 Conservative and Liberal Democrat coalition government,,,
https://www.gov.uk/guidance/dcmswolfson-museums-and-galleries-improvement-fund-2025-27-guidance-note-for-applicants,DCMS/Wolfson Museums and Galleries Improvement Fund 2025-27: Guidance note for applicants,detailed_guide,8caa89dc-5b0b-4e65-8936-87aea7edb56d,en,whitehall,2025-09-04T23:01:01.000Z,2025-09-04T23:01:01.000Z,,,,"GOV.UK homepage,Society and culture,Arts and culture,Museums and galleries","Department for Culture, Media and Sport","Department for Culture, Media and Sport",2024 Starmer Labour government,,,
https://www.gov.uk/guidance/equitable-access-to-screening-statutory-duties-under-the-equality-act,Equitable access to screening: statutory duties under Equality Act,detailed_guide,04cb4cfb-61a1-49bf-882f-4d6ce53bc66e,en,whitehall,2013-03-01T00:00:00.000Z,2017-03-27T12:04:39.000Z,,,,"NHS abdominal aortic aneurysm (AAA) programme,Equality,NHS diabetic eye screening (DES) programme,NHS newborn hearing screening programme (NHSP),NHS bowel cancer screening (BCSP) programme,Equality, rights and citizenship,Public health,NHS breast screening (BSP) programme ,GOV.UK homepage,NHS cervical screening (CSP) programme ,Population screening programmes,NHS newborn and infant physical examination (NIPE) screening programme,NHS sickle cell and thalassaemia (SCT) screening programme,NHS fetal anomaly screening programme (FASP),Quality assurance in population screening,NHS newborn blood spot (NBS) screening programme,Society and culture,Health and social care,NHS infectious diseases in pregnancy screening (IDPS) programme",Public Health England,Public Health England,2010 to 2015 Conservative and Liberal Democrat coalition government,,,
https://www.gov.uk/guidance/the-windrush-commemoration-committee,The Windrush Commemoration Committee,detailed_guide,6f7b344a-eb71-4565-bae3-f9e1dfb12da1,en,whitehall,2025-03-11T12:45:31.000Z,2025-03-11T12:45:31.000Z,,,,"GOV.UK homepage,Community and society,Society and culture","Ministry of Housing, Communities and Local Government","Ministry of Housing, Communities and Local Government",2024 Starmer Labour government,,,
https://www.gov.uk/guidance/search-functionality-improve-the-safety-of-your-online-platform,Search functionality: improve the safety of your online platform,detailed_guide,8f9e4a1e-32d4-4f42-bf5a-210fe99d82c2,en,whitehall,2021-06-29T12:00:00.000Z,2021-06-29T12:00:00.000Z,,,,"Online safety,GOV.UK homepage,Society and culture","Department for Science, Innovation and Technology","Department for Science, Innovation and Technology,Department for Digital, Culture, Media & Sport",2019 to 2022 Johnson Conservative government,,,
https://www.gov.uk/guidance/taking-part-information-for-survey-users,Taking Part: information for survey users,detailed_guide,5d8fa38f-7631-11e4-a3cb-005056011aef,en,whitehall,2013-02-27T00:00:00.000Z,2013-02-27T00:00:00.000Z,,,,"GOV.UK homepage,Society and culture,Sports and leisure,Arts and culture","Department for Culture, Media and Sport","Department for Culture, Media and Sport,Department for Digital, Culture, Media & Sport",2010 to 2015 Conservative and Liberal Democrat coalition government,,,
https://www.gov.uk/guidance/the-children-and-young-peoples-resettlement-fund-privacy-notice,The Children and Young People's Resettlement Fund: privacy notice,detailed_guide,fed454b6-0d2d-4494-9ee6-44e48550d43e,en,whitehall,2023-09-27T09:00:11.000Z,2023-09-27T09:00:11.000Z,,,,"Community and society,Society and culture,GOV.UK homepage","Ministry of Housing, Communities and Local Government","Ministry of Housing, Communities and Local Government,Department for Levelling Up, Housing and Communities ",2022 to 2024 Sunak Conservative government,,,
https://www.gov.uk/guidance/mutuals-support-programme-2,Mutuals Support Programme 2,detailed_guide,754e0a64-5064-4f6b-b508-0c3ec5795005,en,whitehall,2018-01-02T17:24:00.000Z,2019-06-24T09:18:19.000Z,,,,"GOV.UK homepage,Society and culture","Department for Culture, Media and Sport","Department for Culture, Media and Sport,Department for Digital, Culture, Media & Sport",2016 to 2019 May Conservative government,,,
https://www.gov.uk/guidance/psvi-working-with-parliament,PSVI: Working with Parliament,detailed_guide,40352db6-6c56-4502-b879-7f6028e7ca58,en,whitehall,2017-03-09T18:36:35.000Z,2017-03-09T18:36:35.000Z,,,,"GOV.UK homepage,Equality, rights and citizenship,Society and culture",Preventing Sexual Violence in Conflict Initiative,Preventing Sexual Violence in Conflict Initiative,2016 to 2019 May Conservative government,,,
https://www.gov.uk/guidance/get-urgent-help-and-report-a-crime-homes-for-ukraine,Get urgent help and report a crime: Homes for Ukraine,detailed_guide,a17d971a-6e02-4ed8-ae9b-a349028be7ce,en,whitehall,2023-01-16T00:00:00.000Z,2023-01-16T00:00:00.000Z,,,,"Society and culture,Community and society,GOV.UK homepage,Crime, justice and law","Ministry of Housing, Communities and Local Government","Ministry of Housing, Communities and Local Government,Department for Levelling Up, Housing and Communities ",2022 to 2024 Sunak Conservative government,,,
https://www.gov.uk/guidance/2022-windrush-day-grant-scheme-projects-to-be-funded,2022 Windrush Day Grant Scheme – Projects to be funded,detailed_guide,c2394461-ae9a-44b2-b355-d08f4d4afd01,en,whitehall,2022-05-20T08:30:00.000Z,2022-05-20T08:30:00.000Z,,,,"Community integration,Society and culture,Community and society,GOV.UK homepage","Department for Levelling Up, Housing and Communities ","Department for Levelling Up, Housing and Communities ",2019 to 2022 Johnson Conservative government,,,
https://www.gov.uk/guidance/local-full-fibre-networks-programme,Local Full Fibre Networks Programme,detailed_guide,fcfd9962-ac37-4e96-bee3-778417be77ad,en,whitehall,2018-03-13T15:00:31.000Z,2018-03-13T15:00:31.000Z,,,,"GOV.UK homepage,Society and culture","Department for Culture, Media and Sport","Department for Culture, Media and Sport,Department for Digital, Culture, Media & Sport",2016 to 2019 May Conservative government,,,
https://www.gov.uk/guidance/eurovision-song-contest-2023-tickets-for-displaced-people-from-ukraine,Eurovision Song Contest 2023 tickets for displaced people from Ukraine,detailed_guide,c29ed84c-02fa-490c-81d0-ad80c98722ca,en,whitehall,2023-03-29T15:50:00.000Z,2023-04-06T15:20:20.000Z,,,,"Arts and culture,Society and culture,GOV.UK homepage","Department for Culture, Media and Sport","Department for Culture, Media and Sport",2022 to 2024 Sunak Conservative government,,,
https://www.gov.uk/guidance/community-life-survey-information-for-survey-participants,Community Life Survey: information for survey participants,detailed_guide,a7d0e909-677a-4904-a3a4-d09d013fc578,en,whitehall,2018-12-04T00:00:00.000Z,2022-06-01T08:23:15.000Z,,,,"Community and society,Charities, volunteering and honours,Social action,Society and culture,Community integration,GOV.UK homepage","Department for Culture, Media and Sport","Department for Culture, Media and Sport,Department for Digital, Culture, Media & Sport",2016 to 2019 May Conservative government,,,
https://www.gov.uk/guidance/2021-windrush-day-grant-scheme-projects-to-be-funded,2021 Windrush Day Grant Scheme – Projects to be funded,detailed_guide,e3a6fb09-fad5-4856-9b06-44f9ed903bdb,en,whitehall,2021-05-24T23:00:00.000Z,2021-05-24T23:00:00.000Z,,,,"Community and society,Community integration,Society and culture,GOV.UK homepage","Department for Levelling Up, Housing and Communities ","Department for Levelling Up, Housing and Communities ,Ministry of Housing, Communities & Local Government (2018 to 2021)",2019 to 2022 Johnson Conservative government,,,
https://www.gov.uk/guidance/river-ancholme-bridge-heights-locks-and-facilities,"River Ancholme: bridge heights, locks and facilities",detailed_guide,5f49b450-7631-11e4-a3cb-005056011aef,en,whitehall,2014-03-31T17:03:00.000Z,2023-08-29T15:09:57.000Z,,,,"Sports and leisure,Environment,Society and culture,GOV.UK homepage",Environment Agency,Environment Agency,2010 to 2015 Conservative and Liberal Democrat coalition government,,,
https://www.gov.uk/guidance/funding-available-through-the-culture-recovery-fund,Funding available through the Culture Recovery Fund,detailed_guide,c269d909-18be-43dc-a9f1-9d078a3d05b7,en,whitehall,2020-08-21T23:15:00.000Z,2020-08-21T23:15:00.000Z,,,,"Arts and culture,Society and culture,GOV.UK homepage","Department for Culture, Media and Sport","Department for Culture, Media and Sport,Department for Digital, Culture, Media & Sport",2019 to 2022 Johnson Conservative government,,,
https://www.gov.uk/guidance/principles-of-safer-online-platform-design,Principles of safer online platform design,detailed_guide,d76a2738-c132-4735-8633-c61c8d1bf980,en,whitehall,2021-06-29T12:00:00.000Z,2021-06-29T12:00:00.000Z,,,,"GOV.UK homepage,Online safety,Society and culture","Department for Science, Innovation and Technology","Department for Science, Innovation and Technology,Department for Digital, Culture, Media & Sport",2019 to 2022 Johnson Conservative government,,,
