url,title,documentType,contentId,locale,publishing_app,first_published_at,public_updated_at,withdrawn_at,withdrawn_explanation,page_views,taxons,primary_organisation,all_organisations,government,is_political,people,occurrences
https://www.gov.uk/apply-apprenticeship,Find an apprenticeship,answer,45ad868a-2e79-4029-991b-c29559d7eb29,en,publisher,2011-09-09T15:17:04.000Z,2014-12-09T10:00:07.000Z,,,107589,"Finding a job,Becoming an apprentice,Working, jobs and pensions,Education, training and skills,GOV.UK homepage,Further and higher education, skills and vocational training,Work,Apprenticeships, traineeships and internships",Government Digital Service,Department for Education,,,,
https://www.gov.uk/dbs-update-service,DBS Update Service,answer,a11b4a67-9fe6-4cba-ba69-3d78010a3deb,en,publisher,2013-06-17T07:53:09.000Z,2024-12-02T00:01:09.205Z,,,98403,"GOV.UK homepage,Employing people,Work,Running a business,Business and industry,Recruiting and hiring,Working, jobs and pensions",Government Digital Service,Disclosure and Barring Service,,,,
https://www.gov.uk/national-minimum-wage-rates,National Minimum Wage and National Living Wage rates,answer,37c3fad5-c0bf-46f7-92a8-ca8642128253,en,publisher,2011-07-28T11:41:52.000Z,2024-10-30T11:07:08.998Z,,,47044,"Your pay, tax and the National Minimum Wage,GOV.UK homepage,Working, jobs and pensions,Work",Government Digital Service,"Department for Business and Trade,Department for Business, Energy & Industrial Strategy",,,,
https://www.gov.uk/log-in-file-self-assessment-tax-return,File your Self Assessment tax return online,answer,6a2bf66e-2313-4204-afd5-9940de5e1d66,en,publisher,2015-01-12T15:50:39.000Z,2015-01-15T16:17:28.000Z,,,36387,"GOV.UK homepage,Personal tax,Filing a tax return,Self-employment,Work,Money,Self Assessment",Government Digital Service,HM Revenue & Customs,,,,
https://www.gov.uk/pay-self-assessment-tax-bill,Pay your Self Assessment tax bill,guide,999dd0f5-41d3-4a63-8bb9-f00a68c129a8,en,publisher,2012-10-14T16:11:51.000Z,2024-11-22T15:06:29.363Z,,,29917,"Dealing with HMRC,Paying HMRC,Capital Gains Tax,Self-employment,Paying your tax bill,GOV.UK homepage,Personal tax,Self Assessment,Money,Income Tax and National Insurance,Work",Government Digital Service,HM Revenue & Customs,,,,
https://www.gov.uk/guidance/track-a-dbs-application,Track or view your DBS certificate,detailed_guide,e37b95ea-ec48-4301-892b-673f6ca50349,en,whitehall,2017-09-07T15:47:00.000Z,2018-02-15T13:28:13.000Z,,,26378,"Finding a job,Working, jobs and pensions,Recruiting and hiring,Work,Crime, justice and law,GOV.UK homepage,Criminal record disclosure",Disclosure and Barring Service,Disclosure and Barring Service,2016 to 2019 May Conservative government,,,
https://www.gov.uk/self-assessment-tax-returns,Self Assessment tax returns,guide,f29ca4a8-8ed9-4b0f-bb6a-11e373095dee,en,publisher,2012-07-03T15:49:56.000Z,2024-11-05T16:46:12.056Z,,,21613,"Work,Self Assessment,Personal tax,Money,GOV.UK homepage,Self-employment,Income Tax",Government Digital Service,HM Revenue & Customs,,,,
https://www.gov.uk/pay-paye-tax,Pay employers' PAYE,guide,298c4863-7bf4-4148-81ca-73e5d2df7eec,en,publisher,2014-06-25T18:00:38.000Z,2024-10-25T13:12:50.773Z,,,20818,"Business and industry,PAYE,Business tax,Dealing with HMRC,Employing people,Work,Running a business,Payroll,PAYE ,Paying HMRC,Money,GOV.UK homepage,Construction Industry Scheme (through PAYE)",Government Digital Service,HM Revenue & Customs,,,,
https://www.gov.uk/new-state-pension/what-youll-get,The new State Pension: What you'll get,guide,27ebbb86-7d5a-4aef-bba6-2631f45d3355,en,publisher,2014-05-15T10:01:03.000Z,2025-01-31T11:26:31.123Z,,,17436,"State Pension,Working, jobs and pensions,Work,GOV.UK homepage",Government Digital Service,Department for Work and Pensions,,,,
https://www.gov.uk/find-utr-number,Find your UTR number,answer,500da0c5-cad1-4f1f-a00b-88c257af682c,en,publisher,2016-06-10T07:37:55.831Z,2017-01-16T15:00:46.394Z,,,16834,"Self Assessment,GOV.UK homepage,Work,Money,Self-employment,Personal tax",Government Digital Service,HM Revenue & Customs,,,,
https://www.gov.uk/contact-jobcentre-plus,Contact Jobcentre Plus,guide,7f6e97b2-fc2e-4e21-b854-88fcb84d866d,en,publisher,2012-10-12T09:56:56.000Z,2024-12-10T10:52:37.940Z,,,16272,"Work,GOV.UK homepage,Working, jobs and pensions,Finding a job",Government Digital Service,Department for Work and Pensions,,,,
https://www.gov.uk/pension-credit,Pension Credit,guide,36110496-f717-4ac9-9698-60601ab77454,en,publisher,2011-12-21T14:47:32.000Z,2024-10-14T10:06:35.067Z,,,15834,"Welfare,Work,GOV.UK homepage,Jobseeker's Allowance and low income benefits,State Pension,Benefits entitlement,Workplace and personal pensions,Working, jobs and pensions",Government Digital Service,Department for Work and Pensions,,,,
https://www.gov.uk/jobseekers-allowance,Jobseeker's Allowance (JSA),guide,122fdb0f-471c-4dcc-986b-8c3691ceacf8,en,publisher,2012-01-26T13:56:28.000Z,2025-01-01T00:01:04.421Z,,,15037,"Working, jobs and pensions,Finding a job,Work,Welfare,Benefits entitlement,GOV.UK homepage,Jobseeker's Allowance and low income benefits",Government Digital Service,Department for Work and Pensions,,,,
https://www.gov.uk/guidance/starter-checklist-for-paye,Starter checklist for PAYE,detailed_guide,73fabab0-70c5-4b25-aa50-afa645d9bcaa,en,whitehall,2022-10-02T23:00:00.000Z,2024-08-23T09:53:20.000Z,,,12885,"Work,Business tax,GOV.UK homepage,Business and industry,PAYE,Working, jobs and pensions,Money",HM Revenue & Customs,HM Revenue & Customs,2022 Truss Conservative government,,,
https://www.gov.uk/check-job-applicant-right-to-work,Checking a job applicant's right to work,answer,63fe19b5-bbcd-4712-9250-a1cd3125c470,en,publisher,2012-07-03T14:56:11.000Z,2024-10-16T14:31:20.766Z,,,12866,"Employing people,GOV.UK homepage,Business and industry,Running a business,Work,Recruiting and hiring,Working, jobs and pensions",Government Digital Service,UK Visas and Immigration,,,,
https://www.gov.uk/become-sole-trader/register-sole-trader,Become a sole trader: Register as a sole trader,guide,097e75a6-fa8b-455e-8449-f3855f78285b,en,publisher,2012-07-03T15:58:57.000Z,2015-02-09T16:27:17.000Z,,,12336,"Self-employment,Work,GOV.UK homepage",Government Digital Service,HM Revenue & Customs,,,,
https://www.gov.uk/contact-pension-service,Contact the Pension Service,guide,e22f24c4-cbcb-49d9-913d-ecdf7e3a4cd3,en,publisher,2012-10-09T19:52:17.000Z,2024-12-10T11:38:31.916Z,,,12241,"Working, jobs and pensions,State Pension,Work,GOV.UK homepage",Government Digital Service,Department for Work and Pensions,,,,
https://www.gov.uk/paye-online,PAYE Online for employers,guide,2a47a622-f4f4-46ef-8818-3ae6b3edc2d8,en,publisher,2014-06-12T11:50:04.000Z,2016-07-22T10:41:55.576Z,,,12201,"Employing people,Running a business,Payroll,Work,Registering and getting started,Business tax,PAYE,Business and industry,Money,GOV.UK homepage",Government Digital Service,HM Revenue & Customs,,,,
https://www.gov.uk/statutory-sick-pay,Statutory Sick Pay (SSP) ,guide,a3a65884-3ecc-454c-8a16-1257448cf6fe,en,publisher,2011-09-09T14:58:34.000Z,2015-03-09T14:15:47.000Z,,,11485,"GOV.UK homepage,Working, jobs and pensions,Work,Holidays, time off, sick leave, maternity and paternity leave",Government Digital Service,"Department for Work and Pensions,HM Revenue & Customs",,,,
https://www.gov.uk/access-to-work,Access to Work: get support if you have a disability or health condition,guide,d27a7826-745c-4a54-b2e9-00a379da8671,en,publisher,2012-01-06T15:12:47.000Z,2015-01-14T12:09:07.000Z,,,11142,"Work and disabled people,Working, jobs and pensions,GOV.UK homepage,Disability equipment and transport,Business and industry,Finding a job,Carers and disability benefits,Health and social care,Recruiting and hiring,Employing people,Welfare,Disabled people,Running a business,Work",Government Digital Service,Department for Work and Pensions,,,,
https://www.gov.uk/get-state-pension,Get your State Pension,answer,01a71eb2-b6b5-4af8-9725-6f681915206b,en,publisher,2018-03-01T15:54:33.682Z,2018-03-05T11:29:17.912Z,,,10889,"Working, jobs and pensions,GOV.UK homepage,Work",Government Digital Service,Department for Work and Pensions,,,,
https://www.gov.uk/contracted-out,Contracted out of the Additional State Pension,guide,a248f622-8acb-4cc0-b46e-1c39c792d243,en,publisher,2015-12-04T14:45:10.000Z,2024-11-08T13:02:00.020Z,,,10518,"Work,GOV.UK homepage,Working, jobs and pensions,State Pension",Government Digital Service,Department for Work and Pensions,,,,
https://www.gov.uk/maternity-pay-leave/pay,Maternity pay and leave: Pay,guide,24d6d3fc-ab41-456d-adc7-a265674b45cc,en,publisher,2013-03-12T12:22:49.000Z,2015-04-05T23:01:49.000Z,,,8966,"Pregnancy and birth,Financial help if you have children,Benefits for families,Working, jobs and pensions,Welfare,Financial help when having a baby,Holidays, time off, sick leave, maternity and paternity leave,Working and time off when you're having a baby,Parenting, childcare and children's services ,GOV.UK homepage,Adoption, fostering and surrogacy,Work",Government Digital Service,Department for Work and Pensions,,,,
https://www.gov.uk/holiday-entitlement-rights,Holiday entitlement,guide,a57d3670-b8bd-4aac-92dc-7dcebd1e55d8,en,publisher,2012-01-26T13:22:36.000Z,2014-11-17T13:29:29.000Z,,,8361,"Holidays, time off, sick leave, maternity and paternity leave,Work,Contracts and working hours,Work and financial support during COVID-19,GOV.UK homepage,Health and social care,COVID-19,Working, jobs and pensions",Government Digital Service,"Department for Business and Trade,Department for Business, Energy & Industrial Strategy",,,,
https://www.gov.uk/taking-sick-leave,Taking sick leave,answer,8b88113b-d507-4b1d-b5d3-07f8e10cb1ff,en,publisher,2012-01-26T13:05:07.000Z,2015-02-10T17:13:44.000Z,,,7982,"Work,Holidays, time off, sick leave, maternity and paternity leave,GOV.UK homepage,Working, jobs and pensions",Government Digital Service,"Department for Work and Pensions,HM Revenue & Customs",,,,
https://www.gov.uk/state-pension,The basic State Pension,guide,fb626a9c-02bf-4f30-a4d9-0db6807605f1,en,publisher,2012-01-24T14:31:47.000Z,2015-03-17T18:23:25.000Z,,,7980,"GOV.UK homepage,Working, jobs and pensions,State Pension,Work",Government Digital Service,Department for Work and Pensions,,,,
https://www.gov.uk/working-for-yourself,Working for yourself,answer,ce48b548-36d8-4f11-ad9b-b9149ae6c538,en,publisher,2014-07-23T11:12:17.000Z,2014-12-17T16:18:52.000Z,,,7850,"GOV.UK homepage,Self-employment,Work",Government Digital Service,HM Revenue & Customs,,,,
https://www.gov.uk/criminal-record-checks-apply-role,Criminal record checks when you apply for a role,guide,8127df21-0d79-49eb-8acd-1264b50274ce,en,publisher,2017-09-04T13:51:00.767Z,2024-12-02T00:01:09.222Z,,,7451,"Work,GOV.UK homepage,Working, jobs and pensions,Finding a job",Government Digital Service,Disclosure and Barring Service,,,,
https://www.gov.uk/guidance/check-employment-status-for-tax,Check employment status for tax,detailed_guide,e5f5ff4a-b9b8-4f46-9f61-b2c053613a60,en,whitehall,2017-03-02T00:00:00.000Z,2025-04-30T13:00:16.000Z,,,6868,"Money,Business tax,Employment intermediaries,Off-payroll working rules,Self-employment,IR35: working through an intermediary,GOV.UK homepage,Work,Employment status",HM Revenue & Customs,HM Revenue & Customs,2016 to 2019 May Conservative government,,,
https://www.gov.uk/register-for-vat,Register for VAT,guide,708aacf7-6863-4ac3-8c7d-764934789761,en,publisher,2022-05-16T12:30:05.359Z,2024-10-10T16:19:32.130Z,,,6551,"Work,GOV.UK homepage,VAT,Business tax,Self-employment,Money",Government Digital Service,HM Revenue & Customs,,,,
https://www.gov.uk/dbs-check-applicant-criminal-record/get-a-standard-or-enhanced-dbs-check-for-an-employee,Check someone's criminal record as an employer: Get a standard or enhanced DBS check for an employee,guide,d5c3a85a-7d09-4ec7-a0f2-554b0717b606,en,publisher,2017-09-04T13:50:49.328Z,2024-12-02T00:01:09.203Z,,,6420,"Work,Recruiting and hiring,Employing people,Running a business,Business and industry,GOV.UK homepage,Working, jobs and pensions",Government Digital Service,Disclosure and Barring Service,,,,
https://www.gov.uk/national-insurance-rates-letters,National Insurance rates and categories,guide,0cdbefbb-257a-40f9-97c4-eaef93e163fa,en,publisher,2014-06-12T11:50:08.000Z,2024-11-08T15:37:34.472Z,,,5585,"Payroll,Running a business,Personal tax,PAYE,Business and industry,National Insurance,Business tax,GOV.UK homepage,Employing people,Money,Work,Rates and classes",Government Digital Service,HM Revenue & Customs,,,,
https://www.gov.uk/sa302-tax-calculation,Get your SA302 tax calculation,answer,778f10f6-bc1a-48e2-ad30-516ad9f04ccb,en,publisher,2015-03-19T15:55:14.000Z,2015-06-17T13:42:46.000Z,,,5449,"Money,GOV.UK homepage,Self Assessment,Personal tax,Work,Self-employment",Government Digital Service,HM Revenue & Customs,,,,
https://www.gov.uk/voluntary-national-insurance-contributions,Voluntary National Insurance,guide,0693ad2b-8185-4e5a-b817-377b0c23a228,en,publisher,2012-07-03T15:22:52.000Z,2025-01-10T15:52:56.445Z,,,5414,"Working, jobs and pensions,National Insurance,Work,Personal tax,GOV.UK homepage,State Pension,Voluntary contributions,Money",Government Digital Service,"Department for Work and Pensions,HM Revenue & Customs",,,,
https://www.gov.uk/pay-vat,Pay your VAT bill,guide,a484eaea-eeb6-48fa-92a7-b67c6cd414f6,en,publisher,2012-10-14T16:34:19.000Z,2024-12-13T12:36:37.177Z,,,5358,"Paying,Money,GOV.UK homepage,VAT,Paying HMRC,Business tax,Work,Dealing with HMRC,Self-employment",Government Digital Service,HM Revenue & Customs,,,,
https://www.gov.uk/what-is-the-construction-industry-scheme,Construction Industry Scheme (CIS),answer,ed0624e2-9c8e-4523-9e62-2f02b43fefd2,en,publisher,2012-09-12T14:49:40.000Z,2014-11-21T14:14:47.000Z,,,5140,"Working, jobs and pensions,Money,Contracts and working hours,Business tax,Construction Industry Scheme (CIS),GOV.UK homepage,Work",Government Digital Service,HM Revenue & Customs,,,,
https://www.gov.uk/rest-breaks-work,Rest breaks at work,guide,e5e83940-4286-44d6-8c3d-755fa29bf120,en,publisher,2012-10-25T15:44:02.000Z,2015-03-13T16:34:28.000Z,,,4883,"Contracts and working hours,Work,GOV.UK homepage,Working, jobs and pensions",Government Digital Service,"Department for Business and Trade,Department for Business, Energy & Industrial Strategy",,,,
https://www.gov.uk/calculate-tax-on-company-cars,Calculate tax on employees' company cars,answer,234a00e0-16b9-4936-801e-2eb3e0300fe9,en,publisher,2012-09-13T13:00:47.000Z,2015-04-16T21:11:15.000Z,,,4821,"Work,GOV.UK homepage,Employing people,Expenses and benefits,Personal tax,Vehicle ownership, approval and standards,Business and industry,Vehicle tax,Business tax,Money,Driving and road transport,PAYE,Income Tax,Expenses and employee benefits,Payroll,Transport,Running a business",Government Digital Service,HM Revenue & Customs,,,,
https://www.gov.uk/winter-fuel-payment,Winter Fuel Payment,guide,403018fa-663a-4b5a-bf4c-38dcde904082,en,publisher,2012-01-05T11:08:46.000Z,2024-11-04T10:27:07.048Z,,,4793,"Working, jobs and pensions,State Pension,GOV.UK homepage,Welfare,Heating and housing benefits,Work",Government Digital Service,Department for Work and Pensions,,,,
https://www.gov.uk/national-insurance-credits,National Insurance credits,guide,84b8f145-e877-41d7-bd51-305b0aeabd00,en,publisher,2012-01-26T13:27:28.000Z,2025-01-21T14:41:58.838Z,,,4630,"Work,Money,Working, jobs and pensions,GOV.UK homepage,State Pension,Personal tax,National Insurance",Government Digital Service,"HM Revenue & Customs,Department for Work and Pensions",,,,
https://www.gov.uk/tax-on-your-private-pension/pension-tax-relief,Tax on your private pension contributions: Tax relief,guide,95d11b6b-0147-4f4c-a3d1-9e67abc0d3c2,en,publisher,2014-09-04T16:35:06.000Z,2024-11-08T15:41:39.609Z,,,4597,"Work,Working, jobs and pensions,Money,Tax on pensions,Income Tax,Workplace and personal pensions,GOV.UK homepage,Tax efficient savings and investments,Pension scheme administration,Tax on savings and investments,Pensions,Business tax,Personal tax",Government Digital Service,HM Revenue & Customs,,,,
https://www.gov.uk/what-you-must-do-as-a-cis-subcontractor/how-to-register,What you must do as a Construction Industry Scheme (CIS) subcontractor: How to register,guide,43fc2b1d-6751-41a3-852d-c081711a75f4,en,publisher,2012-09-12T14:49:23.000Z,2015-08-27T16:22:15.000Z,,,4578,"Tax and National Insurance,Self-employment,Subcontractors,Money,Business tax,GOV.UK homepage,Construction Industry Scheme (CIS),Work",Government Digital Service,"Department for Business and Trade,HM Revenue & Customs",,,,
https://www.gov.uk/tax-on-pension,Tax when you get a pension,guide,60412ad2-e0a7-4000-8517-41e5460419e6,en,publisher,2014-09-04T17:56:23.000Z,2024-11-11T10:01:21.930Z,,,4536,"Pensions,Business tax,Personal tax,Income Tax,Workplace and personal pensions,Pension scheme administration,Working, jobs and pensions,Money,GOV.UK homepage,Tax on pensions,Work",Government Digital Service,"Department for Work and Pensions,HM Revenue & Customs",,,,
https://www.gov.uk/running-payroll/paying-hmrc,Running payroll: Paying HMRC,guide,88309f75-af24-42e9-b30d-e36157cf918b,en,publisher,2014-06-12T11:50:05.000Z,2024-10-25T13:12:54.455Z,,,4448,"Payroll,Work,Business and industry,Money,GOV.UK homepage,Running a business,PAYE,Business tax,Employing people",Government Digital Service,HM Revenue & Customs,,,,
https://www.gov.uk/become-apprentice,Become an apprentice,guide,b95f3e83-a8d1-40fa-843c-cb712861707d,en,publisher,2012-09-26T10:34:47.000Z,2024-10-14T07:34:22.086Z,,,4265,"Work,Apprenticeships, traineeships and internships,Further and higher education, skills and vocational training,Becoming an apprentice,Finding a job,Education, training and skills,Working, jobs and pensions,GOV.UK homepage",Government Digital Service,Department for Education,,,,
https://www.gov.uk/guidance/hmrc-tools-and-calculators,HMRC tools and calculators,detailed_guide,84213cb8-d694-4c81-b08f-47555216da6b,en,whitehall,2010-04-05T23:00:00.000Z,2025-10-03T13:35:35.000Z,,,4145,"Trusts,Coming to the UK,Stamp duty and other tax on property,Off-payroll working rules,Inheritance Tax,Gambling duties,Tax credits,Income Tax,Employment status,IR35: working through an intermediary,Paying HMRC,Leaving the UK,Payroll,Dealing with HMRC,VAT,Capital allowances,Exporting goods and services,Welfare,Work,National Insurance,Compliance checks,Child Benefit,Tax compliance,Business tax,Self Assessment,Tax agent and adviser guidance,Personal tax,PAYE,Alcohol duty,Money,GOV.UK homepage,Capital Gains Tax,Self-employment,Importing goods and services,Benefits entitlement,Corporation Tax",HM Revenue & Customs,HM Revenue & Customs,2007 to 2010 Brown Labour government,,,
https://www.gov.uk/national-insurance,National Insurance: introduction,guide,c995522c-4020-4d54-ae5d-271d4b3a8777,en,publisher,2012-01-26T13:28:35.000Z,2014-12-15T17:11:10.000Z,,,4144,"GOV.UK homepage,Work,Your pay, tax and the National Minimum Wage,Self-employment,National Insurance,Tax and National Insurance,Personal tax,Money,Working, jobs and pensions",Government Digital Service,"HM Revenue & Customs,Department for Work and Pensions",,,,
https://www.gov.uk/carers-credit,Carer's Credit,guide,3d0a1afc-27cc-4bb3-8914-95c9e27f5a1a,en,publisher,2011-12-16T14:31:16.000Z,2024-10-14T08:20:54.471Z,,,4103,"Health and social care,Money,Carers and disability benefits,Welfare,Working, jobs and pensions,GOV.UK homepage,Jobseeker's Allowance and low income benefits,Disabled people,Personal tax,Benefits for families,State Pension,Carers,Work",Government Digital Service,Department for Work and Pensions,,,,
https://www.gov.uk/redundancy-your-rights/redundancy-pay,Redundancy: your rights: Statutory redundancy pay,guide,f14d9026-2d74-4a1d-aad3-7dddff9de029,en,publisher,2012-01-25T15:48:48.000Z,2024-11-08T15:45:22.632Z,,,4090,"Working, jobs and pensions,Redundancies, dismissals and disciplinaries,GOV.UK homepage,Work",Government Digital Service,"Department for Business and Trade,HM Revenue & Customs,Department for Business, Energy & Industrial Strategy",,,,
https://www.gov.uk/guidance/digital-and-online-services,Update Service and other DBS online services,detailed_guide,1b9c99a6-7f24-4edd-9982-5b6aae98124f,en,whitehall,2019-02-26T00:00:00.000Z,2025-09-25T09:13:20.000Z,,,4056,"Working, jobs and pensions,Criminal record disclosure,Finding a job,GOV.UK homepage,Recruiting and hiring,Crime, justice and law,Work",Disclosure and Barring Service,Disclosure and Barring Service,2016 to 2019 May Conservative government,,,
https://www.gov.uk/additional-state-pension,Additional State Pension,guide,e78637eb-3be4-408c-9f9c-d2336635c0ca,en,publisher,2011-12-06T13:10:46.000Z,2015-04-05T23:02:04.000Z,,,3871,"State Pension,Work,National Insurance,Working, jobs and pensions,Money,Personal tax,GOV.UK homepage",Government Digital Service,Department for Work and Pensions,,,,
https://www.gov.uk/maternity-allowance,Maternity Allowance,guide,837dbc66-c780-49e1-94dc-b3e9b7fa8c71,en,publisher,2012-01-18T10:06:36.000Z,2025-02-11T13:20:23.352Z,,,3834,"Financial help when having a baby,Pregnancy and birth,Financial help if you have children,Working, jobs and pensions,GOV.UK homepage,Benefits for families,Holidays, time off, sick leave, maternity and paternity leave,Parenting, childcare and children's services ,Working and time off when you're having a baby,Welfare,Work",Government Digital Service,Department for Work and Pensions,,,,
https://www.gov.uk/deferring-state-pension,Defer (delay) your State Pension,guide,618f204c-53f7-456a-ac2f-6039c7c99f07,en,publisher,2012-01-26T13:08:07.000Z,2024-11-08T14:43:46.136Z,,,3542,"GOV.UK homepage,Work,State Pension,Working, jobs and pensions",Government Digital Service,Department for Work and Pensions,,,,
https://www.gov.uk/international-pension-centre,International Pension Centre,answer,997d454e-14e5-4ab2-8e31-7c52b9b2f6c6,en,publisher,2012-11-01T15:46:40.000Z,2015-01-30T15:38:30.000Z,,,3531,"Work,GOV.UK homepage,Working, jobs and pensions,State Pension",Government Digital Service,Department for Work and Pensions,,,,
https://www.gov.uk/guidance/pensions-and-compensation-for-veterans,Armed forces pensions,detailed_guide,5c8ec3dc-7631-11e4-a3cb-005056011aef,en,whitehall,2012-12-12T00:00:00.000Z,2026-02-11T09:30:15.000Z,,,3258,"Support services for military and defence personnel and their families,Armed forces,Work,Pensions and compensation,Pensions and ageing society,Defence and armed forces,GOV.UK homepage,Veterans and family support",Ministry of Defence,"Ministry of Defence,Veterans Advisory and Pensions Committees,Veterans UK",2010 to 2015 Conservative and Liberal Democrat coalition government,,,
https://www.gov.uk/guidance/cost-of-living-payment,Cost of Living Payments,detailed_guide,f141b6dd-9064-4675-95c5-e61a8dc49cda,en,whitehall,2023-03-13T00:00:00.000Z,2026-01-14T15:07:05.000Z,,,3174,"Universal Credit,Work,Benefits entitlement,Carers and disability benefits,Jobseeker's Allowance and low income benefits,Tax credits,GOV.UK homepage,Welfare,Pensions and ageing society,Older people",Department for Work and Pensions,Department for Work and Pensions,2022 to 2024 Sunak Conservative government,,,
https://www.gov.uk/stop-being-self-employed,Stop being self-employed,answer,f7a9606f-c239-42d8-b14f-aafb95ece523,en,publisher,2012-10-16T12:46:26.000Z,2014-11-21T12:41:08.000Z,,,3167,"Running a business,GOV.UK homepage,Company closure, administration, liquidation and insolvency ,Business and industry,Limited companies and partnerships,Self-employment,Money,National Insurance,Work,Personal tax,Stopping or selling your business",Government Digital Service,HM Revenue & Customs,,,,
https://www.gov.uk/workplace-pensions,Workplace pensions,guide,b7a61b37-c495-42b3-82ee-9099d80b4889,en,publisher,2012-10-16T18:49:47.000Z,2015-01-26T15:39:01.000Z,,,3159,"Pension scheme administration,Business tax,Money,Paying into a pension scheme,Workplace and personal pensions,Work,PAYE,Working, jobs and pensions,GOV.UK homepage",Government Digital Service,"HM Revenue & Customs,Department for Work and Pensions",,,,
https://www.gov.uk/early-retirement-pension/personal-and-workplace-pensions,"Early retirement, your pension and benefits: Personal and workplace pensions",guide,a3808378-162c-4c5c-9c5f-bbac7e513646,en,publisher,2011-12-08T12:45:05.000Z,2015-04-05T23:01:09.000Z,,,3094,"Working, jobs and pensions,Income Tax,Tax on pensions,State Pension,Business tax,Money,Pensions,Workplace and personal pensions,Personal tax,Work,GOV.UK homepage,Pension scheme administration",Government Digital Service,"HM Revenue & Customs,Department for Work and Pensions",,,,
https://www.gov.uk/time-off-for-dependants,Time off for family and dependants,guide,85180533-d5ca-40d4-88ba-feb6d0c6b97b,en,publisher,2012-01-04T16:59:41.000Z,2016-09-05T14:44:41.845Z,,,3091,"Business and industry,Employing people,GOV.UK homepage,Working, jobs and pensions,Holidays, time off, sick leave, maternity and paternity leave,Work,Running a business",Government Digital Service,Department for Work and Pensions,,,,
https://www.gov.uk/paternity-pay-leave,Paternity pay and leave,guide,fd693386-fb6b-4069-970e-63ea5dfc2ab5,en,publisher,2013-03-12T12:24:16.000Z,2024-11-27T14:02:34.541Z,,,3032,"Parenting, childcare and children's services ,Financial help if you have children,Working, jobs and pensions,GOV.UK homepage,Financial help when having a baby,Holidays, time off, sick leave, maternity and paternity leave,Pregnancy and birth,Working and time off when you're having a baby,Work,Adoption, fostering and surrogacy",Government Digital Service,HM Revenue & Customs,,,,
https://www.gov.uk/paye-forms-p45-p60-p11d,"P45, P60 and P11D forms: workers' guide",guide,5c9ef939-454a-4e8c-80f6-accea000d9b6,en,publisher,2012-01-26T10:20:09.000Z,2024-10-10T10:35:38.994Z,,,2979,"Working, jobs and pensions,Work,Personal tax,Your pay, tax and the National Minimum Wage,GOV.UK homepage,Income Tax,Money",Government Digital Service,HM Revenue & Customs,,,,
https://www.gov.uk/pay-paye-penalty,Pay a PAYE late payment or filing penalty,guide,a0a16869-906d-4b7e-8e43-bee9a60cc853,en,publisher,2014-07-29T17:59:09.000Z,2024-12-31T09:10:59.789Z,,,2928,"GOV.UK homepage,Money,Paying HMRC,Business and industry,PAYE ,Employing people,Business tax,Payroll,Dealing with HMRC,PAYE,Running a business,Work",Government Digital Service,HM Revenue & Customs,,,,
https://www.gov.uk/expenses-if-youre-self-employed,Expenses if you're self-employed,guide,a59c5e1a-e5ad-447e-9a08-43280d60315f,en,publisher,2014-08-07T17:17:10.000Z,2024-11-08T17:56:44.156Z,,,2884,"Self-employment,Managing expenses,GOV.UK homepage,Work,Business tax,Money",Government Digital Service,HM Revenue & Customs,,,,
https://www.gov.uk/parental-leave/entitlement,Unpaid parental leave: Entitlement,guide,bb148231-a649-4ed0-9eb6-8b40965179b7,en,publisher,2011-12-08T11:53:20.000Z,2024-11-08T16:25:42.656Z,,,2856,"Work,Having a child, parenting and adoption,Pregnancy and birth,Finding childcare,Childcare and early years,GOV.UK homepage,Running a business,Working, jobs and pensions,Parenting, childcare and children's services ,Employing people,Business and industry,Holidays, time off, sick leave, maternity and paternity leave,Life circumstances",Government Digital Service,"Department for Business and Trade,HM Revenue & Customs",,,,
https://www.gov.uk/guidance/request-your-personal-information-from-the-department-for-work-and-pensions,Request your personal information from the Department for Work and Pensions,detailed_guide,e1443c58-0892-4603-b33c-99dc0a25e726,en,whitehall,2018-05-24T23:00:00.000Z,2025-10-06T10:47:55.000Z,,,2791,"Corporate information,Working, jobs and pensions,Benefits entitlement,Work,GOV.UK homepage,Welfare",Department for Work and Pensions,Department for Work and Pensions,2016 to 2019 May Conservative government,,,
https://www.gov.uk/state-pension-if-you-retire-abroad,State Pension if you retire abroad,guide,67e60d9c-6479-49f1-be15-d895c2796a94,en,publisher,2011-10-03T11:03:58.000Z,2024-11-06T15:01:55.942Z,,,2717,"State Pension,Tax, benefits, pensions and working abroad,Living abroad,Countries (Living In),Working, jobs and pensions,Help and services around the world,Going and being abroad,GOV.UK homepage,Work",Government Digital Service,Department for Work and Pensions,,,,
https://www.gov.uk/maximum-weekly-working-hours,Maximum weekly working hours,guide,91bfcfaf-5e54-40a2-8762-62a2ad5a0074,en,publisher,2011-07-28T12:32:20.000Z,2015-03-09T17:20:19.000Z,,,2619,"Work,Working, jobs and pensions,GOV.UK homepage,Contracts and working hours",Government Digital Service,"Department for Business and Trade,Department for Business, Energy & Industrial Strategy",,,,
https://www.gov.uk/tax-company-benefits/tax-on-company-cars,Tax on company benefits: Tax on company cars,guide,174b3493-2fc0-4471-8eff-2bff3e308f44,en,publisher,2012-01-26T10:40:11.000Z,2014-12-17T12:23:38.000Z,,,2604,"Work,Income Tax,Working, jobs and pensions,GOV.UK homepage,Company benefits and share schemes,Personal tax,Money,Your pay, tax and the National Minimum Wage",Government Digital Service,HM Revenue & Customs,,,,
https://www.gov.uk/future-pension-centre,Contact the Future Pension Centre,answer,cfb64a86-67d1-4c0a-af5f-f4d8de8add7a,en,publisher,2012-10-09T20:01:50.000Z,2015-03-09T02:00:06.000Z,,,2555,"GOV.UK homepage,Work,State Pension,Working, jobs and pensions",Government Digital Service,Department for Work and Pensions,,,,
https://www.gov.uk/shared-parental-leave-and-pay,Shared Parental Leave and Pay,guide,dc68775c-3df8-4930-ad22-bde7bfbb3b61,en,publisher,2014-07-28T11:04:13.000Z,2024-11-08T15:00:49.184Z,,,2441,"Pregnancy and birth,Work,Working, jobs and pensions,Adoption, fostering and surrogacy,Holidays, time off, sick leave, maternity and paternity leave,Parenting, childcare and children's services ,Financial help when having a baby,Financial help if you have children,Working and time off when you're having a baby,GOV.UK homepage",Government Digital Service,"Department for Business and Trade,HM Revenue & Customs",,,,
https://www.gov.uk/self-employed-national-insurance-rates,Self-employed National Insurance rates,answer,08b4b53d-9f55-495d-a763-1df82f96d873,en,publisher,2012-07-03T15:53:38.000Z,2015-02-10T17:25:05.000Z,,,2350,"GOV.UK homepage,Personal tax,Tax and National Insurance,Work,Self-employment,Rates and classes,Money,National Insurance",Government Digital Service,"HM Revenue & Customs,Department for Work and Pensions",,,,
https://www.gov.uk/personal-pensions-your-rights/how-you-can-take-pension,Personal pensions: How you can take your pension,guide,ebf8eb71-e7d0-40c4-a3bc-b208cdb35750,en,publisher,2012-10-16T14:18:05.000Z,2025-01-16T11:08:26.210Z,,,2345,"Business tax,GOV.UK homepage,Working, jobs and pensions,Money,Work,Workplace and personal pensions,Paying into a pension scheme,Pension scheme administration",Government Digital Service,"Department for Work and Pensions,HM Revenue & Customs",,,,
https://www.gov.uk/paye-for-employers,PAYE and payroll for employers,guide,3dfcfb7f-9537-4d60-b53e-feff56394dad,en,publisher,2012-10-15T10:03:39.000Z,2015-02-09T15:38:39.000Z,,,2281,"Work,Registering and getting started,Business and industry,Employing people,GOV.UK homepage,Payroll,Business tax,Money,PAYE,Running a business",Government Digital Service,HM Revenue & Customs,,,,
https://www.gov.uk/home-responsibilities-protection-hrp/eligibility,Home Responsibilities Protection: Eligibility,guide,5b44d781-326a-4820-8cf3-4d715df00c80,en,publisher,2012-01-20T09:33:36.000Z,2015-02-24T14:24:04.000Z,,,2148,"GOV.UK homepage,Working, jobs and pensions,Work,State Pension",Government Digital Service,"Department for Work and Pensions,HM Revenue & Customs",,,,
https://www.gov.uk/employment-tribunals/make-a-claim,Make a claim to an employment tribunal: Make a claim,guide,2ccfd2a9-5220-48c4-8fdc-166c390ccfac,en,publisher,2012-01-03T09:44:58.000Z,2024-12-09T12:00:29.666Z,,,2121,"GOV.UK homepage,Courts, sentencing and tribunals,Working, jobs and pensions,Work,Redundancies, dismissals and disciplinaries,Crime, justice and law",Government Digital Service,"Department for Business and Trade,Advisory, Conciliation and Arbitration Service,HM Courts & Tribunals Service,Department for Business, Energy & Industrial Strategy",,,,
https://www.gov.uk/pay-class-2-national-insurance,Pay voluntary Class 2 National Insurance contributions if you do not pay through Self Assessment,guide,72fb248b-70a8-4fad-95ab-c2400a02411d,en,publisher,2012-10-14T16:42:53.000Z,2015-02-02T12:32:12.000Z,,,2044,"Work,Personal tax,Dealing with HMRC,GOV.UK homepage,National Insurance,Income Tax and National Insurance,Self-employment,Money,Paying HMRC",Government Digital Service,"HM Revenue & Customs,Department for Work and Pensions",,,,
https://www.gov.uk/employee-tax-codes/letters,Understanding your employees' tax codes: What the letters mean,guide,a96d18d7-f571-4814-9719-6d9f0868cca7,en,publisher,2014-06-12T11:50:18.000Z,2015-04-16T21:07:15.000Z,,,1973,"Business tax,PAYE,Work,Running a business,Payroll,Employing people,Annual PAYE and payroll tasks,GOV.UK homepage,Business and industry,Money",Government Digital Service,HM Revenue & Customs,,,,
https://www.gov.uk/child-employment,Child employment,guide,89deb1a3-c09c-4795-8439-a4ef4693fb29,en,publisher,2012-01-26T13:24:20.000Z,2015-04-16T21:09:27.000Z,,,1950,"Employing people,Business tax,Running a business,Life circumstances,Working, jobs and pensions,Employees joining, leaving or changing their circumstances,Recruiting and hiring,PAYE,Money,Work,GOV.UK homepage,Business and industry,Having a child, parenting and adoption",Government Digital Service,"Department for Business and Trade,Department for Work and Pensions,HM Revenue & Customs,Department for Business, Energy & Industrial Strategy",,,,
https://www.gov.uk/tax-help,Get help with tax,answer,91fef6f6-3a59-42ab-a14d-42c4e5eee1a1,en,publisher,2014-04-15T17:42:42.000Z,2024-11-03T10:54:30.020Z,,,1893,"Self Assessment,Tax and National Insurance,Dealing with HMRC,Self-employment,Work,Money,Income Tax,National Insurance,Personal tax,GOV.UK homepage",Government Digital Service,HM Revenue & Customs,,,,
https://www.gov.uk/guidance/dbs-check-requests-guidance-for-employers,DBS checks: guidance for employers,detailed_guide,5dc3ce62-7631-11e4-a3cb-005056011aef,en,whitehall,2013-03-27T00:00:00.000Z,2026-01-16T15:12:43.000Z,,,1869,"Recruiting and hiring,Finding a job,Working, jobs and pensions,Crime, justice and law,Work,Criminal record disclosure,GOV.UK homepage",Disclosure and Barring Service,"Disclosure and Barring Service,Home Office",2010 to 2015 Conservative and Liberal Democrat coalition government,,,
https://www.gov.uk/flexible-working,Flexible working,guide,6320d253-3a78-4aba-ace8-d9a337f632f0,en,publisher,2012-01-13T15:40:23.000Z,2018-12-18T14:37:31.710Z,,,1857,"Working, jobs and pensions,GOV.UK homepage,Contracts and working hours,Work",Government Digital Service,"Department for Business and Trade,Department for Business, Energy & Industrial Strategy",,,,
https://www.gov.uk/guidance/redundancy-help-finding-work-and-claiming-benefits,"Being made redundant: finding work, claiming benefits and managing debts",detailed_guide,a34c3738-96c8-44e5-aa53-69364f9adf94,en,whitehall,2019-03-13T00:00:00.000Z,2024-10-09T15:40:54.000Z,,,1798,"Welfare,GOV.UK homepage,State Pension,Benefits entitlement,Finding a job,Working, jobs and pensions,Redundancies, dismissals and disciplinaries,Workplace and personal pensions,Work",Department for Work and Pensions,Department for Work and Pensions,2016 to 2019 May Conservative government,,,
https://www.gov.uk/get-business-support,Get help and support for your business,answer,42b1ec32-8258-4f42-8d1c-3851082d83c1,en,publisher,2012-10-24T14:37:54.000Z,2024-12-19T09:36:01.202Z,,,1789,"Science and innovation,GOV.UK homepage,Sale of goods and services and data protection,Employing people,Food labelling and safety,Food and farming industry,Redundancies, dismissals and disciplinaries,Running a business,Work,Limited companies and partnerships,Business finance and support,Recruiting and hiring,Food and farming,Dismissing staff and redundancies,Self-employment,Company closure, administration, liquidation and insolvency ,Producing and distributing food,Business regulation,Contracts and working hours,Business premises and business rates,Environment,Business and industry,Working, jobs and pensions,Scientific research and development",Government Digital Service,"Department for Business and Trade,Department for Business, Energy & Industrial Strategy",,,,
https://www.gov.uk/guidance/understanding-off-payroll-working-ir35,Understanding off-payroll working (IR35),detailed_guide,89b956dc-ff76-4e3c-bde9-0c09e5168528,en,whitehall,2019-08-21T23:00:00.000Z,2023-12-15T08:54:05.000Z,,,1788,"Tax and National Insurance,Off-payroll working rules,Work,IR35: working through an intermediary,Money,GOV.UK homepage,Self-employment,Business tax",HM Revenue & Customs,HM Revenue & Customs,2019 to 2022 Johnson Conservative government,,,
https://www.gov.uk/guidance/basic-dbs-checks-guidance,Basic DBS check: guidance for applicants,detailed_guide,2beee3d8-5b8b-40c6-83cd-44cde7f76424,en,whitehall,2019-07-03T23:00:00.000Z,2025-08-14T14:34:58.000Z,,,1751,"Finding a job,Recruiting and hiring,Criminal record disclosure,GOV.UK homepage,Working, jobs and pensions,Crime, justice and law,Work",Disclosure and Barring Service,Disclosure and Barring Service,2016 to 2019 May Conservative government,,,
https://www.gov.uk/claim-employment-allowance/eligibility,Employment Allowance: Check if you're eligible,guide,a8d43d76-65d0-4502-ab58-f6ff57377008,en,publisher,2014-06-12T11:50:04.000Z,2024-11-18T16:32:22.505Z,,,1747,"PAYE,GOV.UK homepage,Payroll,Registering and getting started,Business and industry,Running a business,Business tax,Money,Work,Employing people",Government Digital Service,HM Revenue & Customs,,,,
https://www.gov.uk/reasonable-adjustments-for-disabled-workers,Reasonable adjustments for workers with disabilities or health conditions,answer,b65dee04-9a47-46db-96ca-9b1a2e944bf5,en,publisher,2012-09-05T16:10:11.000Z,2015-07-15T15:48:00.000Z,,,1725,"Work and disabled people,Business and industry,Your rights at work and trade unions,GOV.UK homepage,Working, jobs and pensions,Running a business,Health and social care,Trade unions,Employing people,Work,Recruiting and hiring,Work and financial support during COVID-19,Working from home during COVID-19,COVID-19",Government Digital Service,"Department for Business and Trade,Department for Business, Energy & Industrial Strategy",,,,
https://www.gov.uk/over-80-pension,Over 80 pension,guide,a177f82a-af5e-4af3-b2b5-4d3961f8cabc,en,publisher,2011-11-16T15:33:26.000Z,2015-04-05T23:02:13.000Z,,,1662,"GOV.UK homepage,Work,Working, jobs and pensions,State Pension",Government Digital Service,Department for Work and Pensions,,,,
https://www.gov.uk/basic-paye-tools,Download HMRC's Basic PAYE Tools,answer,acfe2320-09c7-4fad-9afe-3a0b9b8bb0dd,en,publisher,2014-06-12T11:50:11.000Z,2015-03-11T14:51:03.000Z,,,1652,"Payroll,Business and industry,GOV.UK homepage,Business tax,PAYE,Money,Work,Registering and getting started,Employing people,Running a business",Government Digital Service,HM Revenue & Customs,,,,
https://www.gov.uk/death-spouse-benefits-tax-pension/pensions,"Your benefits, tax and pension after the death of a partner: Pensions",guide,19820354-dadf-4bc4-b195-d16eb51b953e,en,publisher,2014-12-04T10:20:37.000Z,2015-07-02T10:51:58.000Z,,,1621,"Death and benefits,Welfare,GOV.UK homepage,Death and bereavement,Work,Working, jobs and pensions,Life circumstances,State Pension",Government Digital Service,"Department for Work and Pensions,HM Revenue & Customs",,,,
https://www.gov.uk/self-employed-records,Business records if you're self-employed,guide,3dde7d00-fa43-4052-b300-8f5c79cd4dfe,en,publisher,2013-04-08T00:00:53.000Z,2015-01-23T17:05:02.000Z,,,1599,"Personal tax,Work,Self Assessment,Money,Self-employment,GOV.UK homepage",Government Digital Service,HM Revenue & Customs,,,,
https://www.gov.uk/pension-types,Types of private pensions,answer,10dfa11f-c42a-4084-a5df-daeef83b5bf4,en,publisher,2015-04-06T00:01:20.000Z,2018-06-11T09:53:09.550Z,,,1592,"Workplace and personal pensions,GOV.UK homepage,Working, jobs and pensions,Work",Government Digital Service,"Department for Work and Pensions,HM Revenue & Customs",,,,
https://www.gov.uk/guidance/disability-confident-how-to-sign-up-to-the-employer-scheme,How to sign up to the Disability Confident employer scheme,detailed_guide,b8594199-f0ea-45c2-a629-ee2f26c0c4df,en,whitehall,2016-07-13T23:00:00.000Z,2019-11-25T09:30:05.000Z,,,1540,"GOV.UK homepage,Working, jobs and pensions,Health and social care,Work,Disabled people,Recruiting and hiring,Welfare,Disability rights,Work and disabled people",Department for Work and Pensions,Department for Work and Pensions,2016 to 2019 May Conservative government,,,
https://www.gov.uk/capital-allowances/business-cars,Claim capital allowances: Business cars,guide,f0aa73e9-737e-49c6-8590-8bbb58f2fe71,en,publisher,2012-10-15T14:45:50.000Z,2024-10-22T11:25:39.296Z,,,1526,"Business tax,Personal tax,Capital allowances,Work,Money,Self Assessment,GOV.UK homepage,Self-employment,Corporation Tax,Managing expenses,Reliefs",Government Digital Service,HM Revenue & Customs,,,,
https://www.gov.uk/working-retirement-pension-age,Working after State Pension age,answer,0e5b63ed-b775-4598-aa4e-1068f6013969,en,publisher,2016-05-06T15:20:42.679Z,2025-01-09T14:54:35.095Z,,,1519,"Working, jobs and pensions,Your rights at work and trade unions,Work,GOV.UK homepage",Government Digital Service,Department for Work and Pensions,,,,
https://www.gov.uk/guidance/dbs-online-account-guidance,DBS online account guidance,detailed_guide,a2079ea8-c2fe-49fd-ba74-7f4cd60c9d37,en,whitehall,2018-05-30T09:29:00.000Z,2019-04-18T15:56:29.000Z,,,1451,"Crime, justice and law,Recruiting and hiring,Finding a job,Working, jobs and pensions,Work,Criminal record disclosure,GOV.UK homepage",Disclosure and Barring Service,Disclosure and Barring Service,2016 to 2019 May Conservative government,,,
https://www.gov.uk/working-when-pregnant-your-rights,Pregnant employees' rights,answer,d9371e84-548c-4dd4-b5aa-503abd38215c,en,publisher,2012-04-10T10:50:10.000Z,2014-12-18T10:27:38.000Z,,,1437,"Parenting, childcare and children's services ,Pregnancy and birth,Having a child, parenting and adoption,Your rights at work and trade unions,Work,GOV.UK homepage,Working and time off when you're having a baby,Trade unions,Working, jobs and pensions,Life circumstances",Government Digital Service,"Department for Work and Pensions,Health and Safety Executive",,,,
https://www.gov.uk/armed-forces-pension-calculator,Estimate your armed forces pension,answer,d83f6953-d12a-4015-ab2d-22b05558c05c,en,publisher,2012-12-12T15:20:07.000Z,2014-11-19T14:15:31.000Z,,,1419,"Workplace and personal pensions,GOV.UK homepage,Work,Armed forces,Defence and armed forces,Working, jobs and pensions",Government Digital Service,"Ministry of Defence,Service Personnel and Veterans Agency,Veterans UK",,,,
https://www.gov.uk/employment-status/selfemployed-contractor,Employment status: Self-employed and contractor,guide,a42b5782-4b48-4d9e-838c-98fd1e679c2b,en,publisher,2012-01-26T13:11:27.000Z,2015-02-12T10:00:03.000Z,,,1367,"Money,Contracts and working hours,Business tax,GOV.UK homepage,Working, jobs and pensions,PAYE,Work,Registering and getting started",Government Digital Service,"Department for Business and Trade,Department for Work and Pensions,HM Revenue & Customs",,,,
https://www.gov.uk/employment-contracts-and-conditions,Employment contracts,guide,65c41235-b98f-4991-a1cb-fb4b9d1be105,en,publisher,2012-01-05T11:12:06.000Z,2020-04-05T23:01:15.963Z,,,1221,"Contracts and working hours,Working, jobs and pensions,Work,GOV.UK homepage",Government Digital Service,"Department for Business and Trade,Department for Business, Energy & Industrial Strategy",,,,
https://www.gov.uk/run-business-from-home,Running a business from home,answer,11c09555-e733-48a8-8740-3ed9d19595e7,en,publisher,2013-07-17T12:49:29.000Z,2015-02-19T13:29:35.000Z,,,1191,"Business premises and business rates,Council Tax,Running a business,Self-employment,GOV.UK homepage,Business and industry,Health and safety at work,Regional and local government,Local government,Work",Government Digital Service,"Department for Business and Trade,HM Revenue & Customs,Valuation Office Agency",,,,
https://www.gov.uk/guidance/pension-schemes-work-out-your-tapered-annual-allowance,Work out your reduced (tapered) annual allowance,detailed_guide,f788adc8-5d6a-406d-950f-def421276a79,en,whitehall,2016-09-26T23:00:00.000Z,2024-07-16T12:58:56.000Z,,,1175,"Working, jobs and pensions,GOV.UK homepage,Work,Workplace and personal pensions",HM Revenue & Customs,HM Revenue & Customs,2016 to 2019 May Conservative government,,,
https://www.gov.uk/whistleblowing,Whistleblowing for employees,guide,0f2141bb-b347-4efb-8cf0-4e5564e55c76,en,publisher,2011-12-13T10:27:57.000Z,2015-01-28T15:00:45.000Z,,,1170,"Business and industry,GOV.UK homepage,Employing people,Dismissing staff and redundancies,Redundancies, dismissals and disciplinaries,Running a business,Work,Working, jobs and pensions",Government Digital Service,"Department for Business and Trade,Department for Business, Energy & Industrial Strategy",,,,
https://www.gov.uk/employee-rights-when-on-leave,Employee rights when taking maternity and other types of parental leave,answer,dac7e6bf-023a-4f65-b61a-6c72be82025e,en,publisher,2012-08-21T12:33:54.000Z,2017-03-22T11:42:12.033Z,,,1161,"Running a business,Working and time off when you're having a baby,Pregnancy and birth,Parenting, childcare and children's services ,Employing people,GOV.UK homepage,Working, jobs and pensions,Business and industry,Holidays, time off, sick leave, maternity and paternity leave,Work",Government Digital Service,"Department for Business and Trade,Department for Business, Energy & Industrial Strategy",,,,
https://www.gov.uk/tell-hmrc-changed-business-details,Tell HMRC about a change to your business,guide,843a4e0c-c2fa-406d-9d2d-ad0561c53d28,en,publisher,2012-10-14T16:14:56.000Z,2014-11-26T17:01:28.000Z,,,1150,"Money,Changes to the business that affect PAYE,Business tax,PAYE,Dealing with HMRC,GOV.UK homepage,Business and industry,Running a business,Self-employment,Work",Government Digital Service,HM Revenue & Customs,,,,
https://www.gov.uk/guidance/claim-for-a-refund-if-youve-paid-hmrc-too-much-on-your-paye-bill,Claim for a refund if you've paid HMRC too much on your PAYE bill,detailed_guide,40d9e662-b3cb-41e0-a62e-2a2c2bf4f276,en,whitehall,2024-12-23T00:00:00.000Z,2026-01-13T10:22:25.000Z,,,1121,"Running a business,Money,Payroll,GOV.UK homepage,Employing people,Annual PAYE and payroll tasks,Business tax,Work,PAYE,Business and industry",HM Revenue & Customs,HM Revenue & Customs,2024 Starmer Labour government,,,
https://www.gov.uk/plan-retirement-income/get-financial-advice,Plan your retirement income: Get help,guide,95729f07-bc5b-404b-989d-f7741f76baca,en,publisher,2012-08-20T10:38:00.000Z,2015-02-04T00:01:02.000Z,,,1113,"GOV.UK homepage,Workplace and personal pensions,Working, jobs and pensions,Pension scheme administration,Paying into a pension scheme,Business tax,Money,Work",Government Digital Service,"HM Revenue & Customs,Department for Work and Pensions",,,,
https://www.gov.uk/criminal-record-check-documents,Documents you need for a criminal record check,guide,14eb5447-ac14-41df-868c-3e7e782d5bfa,en,publisher,2017-09-04T13:50:38.226Z,2017-09-28T09:30:09.552Z,,,1096,"GOV.UK homepage,Finding a job,Working, jobs and pensions,Work",Government Digital Service,Disclosure and Barring Service,,,,
https://www.gov.uk/termination-payments-and-tax-when-you-leave-a-job/what-you-pay-tax-and-national-insurance-on,Tax on termination payments: What you pay tax and National Insurance on,guide,9bc3806c-7118-49c9-a9fe-b7f407c28676,en,publisher,2022-02-22T09:00:02.263Z,2024-11-08T15:18:41.033Z,,,1087,"Personal tax,Business tax,Your pay, tax and the National Minimum Wage,Working, jobs and pensions,National Insurance,PAYE,Work,Money,Income Tax,GOV.UK homepage,Redundancies, dismissals and disciplinaries",Government Digital Service,HM Revenue & Customs,,,,
https://www.gov.uk/employer-reporting-expenses-benefits/reporting-and-paying,Expenses and benefits for employers: Reporting and paying,guide,6d40aebf-c225-4d3c-a751-fa8f543e27b8,en,publisher,2012-09-13T12:44:14.000Z,2025-01-10T11:56:33.931Z,,,1086,"Expenses and benefits,Business and industry,Expenses and employee benefits,Business tax,PAYE,Payroll,GOV.UK homepage,Employing people,Work,Running a business,Money",Government Digital Service,HM Revenue & Customs,,,,
https://www.gov.uk/tell-employer-or-college-about-criminal-record/check-your-conviction-caution,Check if you need to tell someone about your criminal record: Check if your conviction or caution is spent,guide,19c94fbb-b2ee-4509-9450-a8f6d3c4925b,en,publisher,2012-10-24T15:08:57.000Z,2024-11-08T15:20:45.713Z,,,1067,"Work,Recruiting and hiring,Running a business,Working, jobs and pensions,Finding a job,Employing people,GOV.UK homepage,Business and industry",Government Digital Service,Ministry of Justice,,,,
https://www.gov.uk/discrimination-your-rights,Discrimination: your rights,guide,f27d102f-dc6c-4044-a403-98b0fd7bc290,en,publisher,2011-12-07T09:18:31.000Z,2015-03-04T11:17:05.000Z,,,1067,"Your rights at work and trade unions,Work,Health and social care,GOV.UK homepage,Working, jobs and pensions,Crime, justice and law,Your rights and the law,Disabled people,Work and disabled people,Disability rights",Government Digital Service,"Equality and Human Rights Commission,Government Equalities Office,Ministry of Justice",,,,
https://www.gov.uk/employing-an-apprentice/get-funding,Employing an apprentice: Get funding for apprenticeship training,guide,5ec471d2-87ce-4ed9-ade0-72731caac915,en,publisher,2014-11-04T14:35:46.000Z,2024-10-14T07:00:04.118Z,,,1063,"Hiring and training an apprentice,Apprenticeships, traineeships and internships,Further and higher education, skills and vocational training,Work,Recruiting and hiring,Education, training and skills,Running a business,Business and industry,Employing people,Working, jobs and pensions,GOV.UK homepage",Government Digital Service,"Department for Education,Skills Funding Agency",,,,
https://www.gov.uk/guidance/help-online-for-self-assessment,Help online with Self Assessment,detailed_guide,b46205c0-b021-4550-9214-ad3758a70090,en,whitehall,2023-09-21T23:00:00.000Z,2025-12-16T13:58:43.000Z,,,1033,"Personal tax,Money,Self Assessment,Work,GOV.UK homepage,Registering for Self Assessment,Self-employment",HM Revenue & Customs,HM Revenue & Customs,2022 to 2024 Sunak Conservative government,,,
https://www.gov.uk/dismissal/reasons-you-can-be-dismissed,Dismissal: your rights: Reasons you can be dismissed,guide,85be4ed7-426f-4561-af75-ea683d37ce2c,en,publisher,2012-01-10T22:35:28.000Z,2020-04-07T15:41:07.616Z,,,1020,"Work,Redundancies, dismissals and disciplinaries,Working, jobs and pensions,GOV.UK homepage",Government Digital Service,"Department for Business and Trade,Department for Business, Energy & Industrial Strategy",,,,
https://www.gov.uk/workplace-bullying-and-harassment,Workplace bullying and harassment,answer,5d0ca910-293f-4896-b265-dba0fad7702c,en,publisher,2012-10-16T15:05:34.000Z,2016-06-22T15:17:58.050Z,,,998,"Working, jobs and pensions,Trade unions,Contracts and working hours,GOV.UK homepage,Your rights at work and trade unions,Work",Government Digital Service,"Department for Business and Trade,Department for Business, Energy & Industrial Strategy",,,,
https://www.gov.uk/simpler-income-tax-simplified-expenses/working-from-home,Simplified expenses if you're self-employed: Working from home,guide,5e05c0a4-a374-4cd8-b650-332299388646,en,publisher,2013-04-08T00:00:57.000Z,2020-08-19T12:20:31.974Z,,,979,"GOV.UK homepage,Managing expenses,Self Assessment,Self-employment,Business tax,Money,Work,Personal tax",Government Digital Service,HM Revenue & Customs,,,,
https://www.gov.uk/guidance/claim-state-pension-if-you-live-abroad,Claim State Pension if you live abroad,detailed_guide,b73cf3b0-5d87-4f15-8116-4ec99fc3e0f3,en,whitehall,2025-05-06T23:00:00.000Z,2026-02-09T09:30:01.000Z,,,940,"GOV.UK homepage,Work,Pensions and ageing society",Department for Work and Pensions,Department for Work and Pensions,2024 Starmer Labour government,,,
https://www.gov.uk/national-minimum-wage,The National Minimum Wage and Living Wage,guide,44071cd4-7f63-45d2-b774-b22c88ebf763,en,publisher,2012-01-31T09:47:37.000Z,2015-03-02T11:28:57.000Z,,,935,"Your pay, tax and the National Minimum Wage,Employing people,PAYE,Working, jobs and pensions,Recruiting and hiring,Registering and getting started,GOV.UK homepage,Business and industry,Work,Money,Business tax,Running a business",Government Digital Service,"Department for Business and Trade,Department for Work and Pensions,HM Revenue & Customs",,,,
https://www.gov.uk/pay-and-work-rights,Pay and work rights helpline and complaints,answer,3e105019-a27b-4687-9a7e-f8258216aead,en,publisher,2015-03-09T17:01:22.000Z,2015-04-08T08:44:13.000Z,,,923,"Your pay, tax and the National Minimum Wage,Work,Working, jobs and pensions,GOV.UK homepage",Government Digital Service,"Advisory, Conciliation and Arbitration Service,Department for Business and Trade,Employment Agency Standards Inspectorate,HM Revenue & Customs",,,,
https://www.gov.uk/what-you-must-do-as-a-cis-contractor/how-to-register,What you must do as a Construction Industry Scheme (CIS) contractor: How to register,guide,8e49dcfd-92db-4f5e-8fb2-a600324a9429,en,publisher,2012-09-12T14:50:01.000Z,2015-06-22T14:24:21.000Z,,,909,"Self-employment,Money,Working, jobs and pensions,Contractors,Tax and National Insurance,Construction Industry Scheme (CIS),Work,GOV.UK homepage,Contracts and working hours,Business tax",Government Digital Service,HM Revenue & Customs,,,,
https://www.gov.uk/tax-national-insurance-after-state-pension-age,National Insurance and tax after State Pension age,guide,72a99c12-eada-4b6e-9559-ad2d6778d73c,en,publisher,2012-01-26T10:32:42.000Z,2015-02-02T13:31:51.000Z,,,904,"Work,National Insurance,GOV.UK homepage,State Pension,Income Tax,Money,Working, jobs and pensions,Pensions,Tax on pensions,Business tax,Pension scheme administration,Personal tax",Government Digital Service,"HM Revenue & Customs,Department for Work and Pensions",,,,
https://www.gov.uk/appoint-tax-agent,Appoint someone to deal with HMRC on your behalf,guide,196d12dc-3d16-49f5-9e4e-66806aa19069,en,publisher,2014-04-15T15:14:23.000Z,2024-11-21T09:49:49.616Z,,,901,"GOV.UK homepage,Work,Money,Dealing with HMRC,Tax and National Insurance,Self-employment",Government Digital Service,HM Revenue & Customs,,,,
https://www.gov.uk/your-rights-if-your-employer-is-insolvent/what-you-can-get,Your rights if your employer is insolvent: What you can get,guide,de09348e-cb0c-4d58-96f3-4ff2156a236e,en,publisher,2011-12-09T10:31:54.000Z,2024-11-11T15:17:02.887Z,,,900,"Work,Trade unions,Working, jobs and pensions,Redundancies, dismissals and disciplinaries,GOV.UK homepage",Government Digital Service,The Insolvency Service,,,,
https://www.gov.uk/handing-in-your-notice/giving-notice,Handing in your notice: Giving notice,guide,1dce3f62-3548-4374-99ee-0a5192414e44,en,publisher,2012-09-28T12:56:10.000Z,2015-11-16T17:08:33.000Z,,,868,"GOV.UK homepage,Work,Redundancies, dismissals and disciplinaries,Working, jobs and pensions",Government Digital Service,"Department for Business and Trade,Department for Business, Energy & Industrial Strategy",,,,
https://www.gov.uk/workplace-fire-safety-your-responsibilities/fire-risk-assessments,Fire safety in the workplace: Fire risk assessments,guide,74e934ef-48e8-4b3f-a87c-1cd05e7958d9,en,publisher,2012-10-03T13:05:35.000Z,2015-11-24T15:03:33.000Z,,,859,"Health and safety at work,Business and industry,GOV.UK homepage,Work,Business premises and business rates,Running a business",Government Digital Service,"Department for Business and Trade,Department for Business, Energy & Industrial Strategy,Health and Safety Executive,Ministry of Housing, Communities and Local Government",,,,
https://www.gov.uk/write-business-plan,Write a business plan,answer,2efcd368-5571-4e5b-9d78-c814abe62911,en,publisher,2012-10-15T18:49:27.000Z,2024-10-22T13:47:18.390Z,,,837,"Business finance and support,Business and industry,Self-employment,GOV.UK homepage,Work,Running a business",Government Digital Service,"Department for Business and Trade,Department for Business, Energy & Industrial Strategy",,,,
https://www.gov.uk/tax-on-pension-death-benefits,Tax on a private pension you inherit,answer,33268dcf-ec4f-4215-9ae5-b53b8615d1b4,en,publisher,2014-09-04T16:35:22.000Z,2016-04-05T23:01:11.284Z,,,818,"Work,Pensions,Income Tax,Workplace and personal pensions,Personal tax,Working, jobs and pensions,Money,Tax on pensions,GOV.UK homepage,Business tax,Pension scheme administration",Government Digital Service,"Department for Work and Pensions,HM Revenue & Customs",,,,
https://www.gov.uk/recover-statutory-payments,Get financial help with statutory pay,guide,abfde1c2-1e08-4eb0-98a4-2d2f65ba2016,en,publisher,2014-03-18T19:33:29.000Z,2015-02-27T16:53:31.000Z,,,793,"Employing people,Business tax,Payroll,Running a business,Money,GOV.UK homepage,Business and industry,Statutory pay and leave,Work,PAYE",Government Digital Service,HM Revenue & Customs,,,,
https://www.gov.uk/keeping-your-pay-tax-records,Keeping your pay and tax records,guide,a7aef437-da3d-4d93-90b9-cbb10ab9a7ab,en,publisher,2012-01-26T13:26:17.000Z,2015-03-23T15:44:11.000Z,,,755,"Working, jobs and pensions,Self-employment,Records you must keep,Self Assessment,Personal tax,Your pay, tax and the National Minimum Wage,Money,GOV.UK homepage,Work",Government Digital Service,HM Revenue & Customs,,,,
https://www.gov.uk/set-up-business-partnership,Set up a business partnership,guide,2f7d32a0-7c78-4539-bccb-406baee47722,en,publisher,2012-07-18T14:09:20.000Z,2014-12-15T09:00:01.000Z,,,745,"GOV.UK homepage,Self-employment,Work",Government Digital Service,"Companies House,Department for Business and Trade,HM Revenue & Customs",,,,
https://www.gov.uk/volunteering,"Volunteer opportunities, rights and expenses",guide,9300b5bb-25f6-43c7-8fdc-82c4c4f5cf64,en,publisher,2011-11-02T13:32:38.000Z,2015-05-27T12:50:11.000Z,,,743,"Health and social care,Volunteering and offering help during COVID-19,Work,Finding a job,GOV.UK homepage,Society and culture,Working, jobs and pensions,Charities, volunteering and honours,COVID-19",Government Digital Service,"Department for Culture, Media and Sport,Department for Digital, Culture, Media & Sport",,,,
https://www.gov.uk/fixed-term-contracts/renewing-or-ending-a-fixedterm-contract,Fixed-term employment contracts: Renewing or ending a fixed-term contract,guide,9e6aa652-9939-49c3-a400-245662a31e05,en,publisher,2012-01-26T13:10:33.000Z,2016-05-23T14:40:32.137Z,,,732,"Contracts and working hours,Work,GOV.UK homepage,Working, jobs and pensions",Government Digital Service,"Department for Business and Trade,Department for Work and Pensions,Department for Business, Energy & Industrial Strategy",,,,
https://www.gov.uk/guidance/rehabilitation-periods,Rehabilitation Periods,detailed_guide,f79e6497-620f-4702-8ebe-597929a5a13a,en,whitehall,2019-05-27T23:00:00.000Z,2023-10-28T08:30:09.000Z,,,720,"Working, jobs and pensions,Recruiting and hiring,GOV.UK homepage,Finding a job,Crime, justice and law,Work,Criminal record disclosure",Disclosure and Barring Service,Disclosure and Barring Service,2016 to 2019 May Conservative government,,,
https://www.gov.uk/dismiss-staff/dismissals-on-capability-or-conduct-grounds,Dismissing staff: Dismissals for conduct or performance reasons,guide,f51683b5-b48f-479a-b9eb-9a132eed2e8b,en,publisher,2012-10-25T11:12:03.000Z,2015-09-22T16:15:49.000Z,,,701,"Running a business,GOV.UK homepage,Business and industry,Working, jobs and pensions,Work,Employing people,Redundancies, dismissals and disciplinaries,Dismissing staff and redundancies",Government Digital Service,"Department for Business and Trade,Department for Business, Energy & Industrial Strategy",,,,
https://www.gov.uk/employers-workplace-pensions-rules,Workplace pensions - what your employer can and cannot do,answer,02be77e0-f3a0-4e87-a907-99977a27be3a,en,publisher,2012-10-17T16:27:22.000Z,2015-01-26T15:43:39.000Z,,,698,"GOV.UK homepage,Work,Workplace and personal pensions,Pension scheme administration,Paying into a pension scheme,Working, jobs and pensions,Business tax,Money",Government Digital Service,"Department for Work and Pensions,HM Revenue & Customs",,,,
https://www.gov.uk/work-reference,References: your rights,answer,aa6bbefc-42c0-4a5c-84a8-56c247a47e4e,en,publisher,2012-01-23T17:04:19.000Z,2016-09-05T14:51:12.168Z,,,689,"Finding a job,Work,Working, jobs and pensions,GOV.UK homepage",Government Digital Service,"Department for Business and Trade,Department for Work and Pensions,Department for Business, Energy & Industrial Strategy",,,,
https://www.gov.uk/pay-psa,Pay a PAYE Settlement Agreement,guide,deb19bb5-d151-4037-991f-2201cf278199,en,publisher,2014-07-25T16:20:50.000Z,2024-12-19T16:17:36.303Z,,,688,"Payroll,Employing people,GOV.UK homepage,Business and industry,PAYE ,Running a business,Money,Business tax,Dealing with HMRC,PAYE,Paying HMRC,Work",Government Digital Service,HM Revenue & Customs,,,,
https://www.gov.uk/transfers-takeovers,"Business transfers, takeovers and TUPE",guide,f17b1097-229b-4134-898c-1493d1ff241a,en,publisher,2012-11-01T11:41:05.000Z,2023-01-11T12:12:26.454Z,,,678,"Working, jobs and pensions,Work,GOV.UK homepage",Government Digital Service,"Department for Business and Trade,Department for Business, Energy & Industrial Strategy",,,,
https://www.gov.uk/get-paye-forms-p45-p60,"Getting P45, P60 and other forms: employer guide",answer,b8b5b409-a2cc-4b6c-972d-eb7072c21626,en,publisher,2015-05-13T10:59:14.000Z,2020-07-31T23:01:02.257Z,,,675,"Business tax,Running a business,PAYE,Work,Business and industry,Money,GOV.UK homepage,Employing people,Annual PAYE and payroll tasks,Payroll",Government Digital Service,HM Revenue & Customs,,,,
https://www.gov.uk/make-benefit-debt-deductions/calculating-dea,Make benefit debt deductions from an employee's pay: Calculating DEA,guide,88f59d50-eb64-4f1e-beb4-cb8f49221627,en,publisher,2013-04-18T13:47:20.000Z,2016-07-26T10:16:40.965Z,,,673,"Business and industry,Work,GOV.UK homepage,Payroll,Employing people,Running a business",Government Digital Service,"HM Revenue & Customs,Department for Work and Pensions",,,,
https://www.gov.uk/workplace-temperatures,Workplace temperatures,answer,dd72f66d-4240-4ee5-ab88-c2abca2b35b8,en,publisher,2011-11-08T11:39:17.000Z,2025-01-10T11:41:59.888Z,,,647,"Working, jobs and pensions,Business and industry,Business premises and business rates,Running a business,Work,GOV.UK homepage,Your rights at work and trade unions,Health and safety at work",Government Digital Service,"Department for Work and Pensions,Health and Safety Executive",,,,
https://www.gov.uk/contract-types-and-employer-responsibilities/zero-hour-contracts,Contract types and employer responsibilities: Zero-hours contracts,guide,733320c4-312d-4154-b151-ee1f57c98181,en,publisher,2012-07-03T15:44:18.000Z,2015-02-19T13:50:14.000Z,,,631,"Contracts and working hours,Working, jobs and pensions,Work,GOV.UK homepage",Government Digital Service,"Department for Business and Trade,Department for Business, Energy & Industrial Strategy,Department for Work and Pensions",,,,
https://www.gov.uk/guidance/working-through-an-umbrella-company,Working through an umbrella company,detailed_guide,8ea8284a-d340-4a25-acd0-226f93aa702c,en,whitehall,2021-04-28T23:00:00.000Z,2025-09-17T14:00:00.000Z,,,612,"Income Tax,Working, jobs and pensions,Work,Personal tax,Money,GOV.UK homepage,Contracts and working hours",HM Revenue & Customs,HM Revenue & Customs,2019 to 2022 Johnson Conservative government,,,
https://www.gov.uk/staff-redundant,Making staff redundant,guide,ae878ae2-0fa9-420e-ba2e-87c8d855e771,en,publisher,2012-10-24T16:16:10.000Z,2014-12-30T16:54:58.000Z,,,611,"Business tax,Money,Business and industry,Work,Dismissing staff and redundancies,GOV.UK homepage,PAYE,Working, jobs and pensions,Running a business,Changes to the business that affect PAYE,Employing people,Redundancies, dismissals and disciplinaries",Government Digital Service,"Department for Business and Trade,HM Revenue & Customs,Department for Business, Energy & Industrial Strategy",,,,
https://www.gov.uk/payslips,Payslips: employee rights,answer,21079ff0-9cd8-4a13-9894-1f37349b7d7a,en,publisher,2011-07-27T11:22:42.000Z,2015-10-21T14:23:10.000Z,,,589,"Personal tax,GOV.UK homepage,Money,Working, jobs and pensions,Your pay, tax and the National Minimum Wage,Work,Income Tax",Government Digital Service,"Department for Business, Innovation & Skills,Department for Work and Pensions,HM Revenue & Customs",,,,
https://www.gov.uk/night-working-hours,Night working hours,guide,fbaa8140-e364-405f-bc09-d25ed8c18838,en,publisher,2012-10-18T14:36:38.000Z,2015-09-04T16:06:12.000Z,,,587,"Contracts and working hours,GOV.UK homepage,Work,Working, jobs and pensions",Government Digital Service,"Department for Business and Trade,Department for Business, Energy & Industrial Strategy",,,,
https://www.gov.uk/simpler-income-tax-cash-basis,Cash basis,guide,9cb9460b-4e27-4d62-a35a-11d087bee1da,en,publisher,2013-04-08T00:00:59.000Z,2021-07-21T11:16:21.984Z,,,560,"Self-employment,Business tax,Personal tax,Self Assessment,GOV.UK homepage,Tax and National Insurance,Work,Money",Government Digital Service,HM Revenue & Customs,,,,
https://www.gov.uk/being-taken-to-employment-tribunal-by-employee,Being taken to an employment tribunal,guide,0d12a2da-7c52-4cd9-82ef-0cca0b51b880,en,publisher,2012-10-12T13:08:11.000Z,2024-12-09T12:00:11.133Z,,,558,"Redundancies, dismissals and disciplinaries,Working, jobs and pensions,Running a business,Courts, sentencing and tribunals,Business and industry,Work,GOV.UK homepage,Trade unions,Employing people,Dismissing staff and redundancies,Crime, justice and law",Government Digital Service,"Department for Business and Trade,HM Courts & Tribunals Service,Department for Business, Energy & Industrial Strategy",,,,
https://www.gov.uk/transferring-your-pension,Transferring your pension,guide,fc8cc90a-164d-4b4f-989b-2be237145ebb,en,publisher,2014-09-04T16:35:22.000Z,2024-10-30T14:08:26.154Z,,,536,"Income Tax,Workplace and personal pensions,Pensions,Personal tax,Work,Pension scheme administration,Working, jobs and pensions,Business tax,Money,GOV.UK homepage,Paying into a pension scheme",Government Digital Service,"Department for Work and Pensions,HM Revenue & Customs",,,,
https://www.gov.uk/pay-class-1a-national-insurance,Pay employers' Class 1A National Insurance,guide,6602dce6-38c1-4592-882b-e177fd72fe9f,en,publisher,2014-09-17T17:26:00.000Z,2024-12-31T09:13:14.804Z,,,530,"Payroll,Business tax,PAYE,Paying HMRC,Running a business,Employing people,GOV.UK homepage,PAYE ,Business and industry,Work,Money,Dealing with HMRC",Government Digital Service,HM Revenue & Customs,,,,
https://www.gov.uk/employers-checks-job-applicants,Checks employers can make on job applicants,answer,a7013b96-6ec8-4e87-a79c-54b766b64cdf,en,publisher,2012-10-15T16:50:50.000Z,2017-09-04T13:51:29.885Z,,,525,"Working, jobs and pensions,Finding a job,GOV.UK homepage,Recruiting and hiring,Business and industry,Employing people,Work,Running a business",Government Digital Service,"Department for Business and Trade,Department for Business, Energy & Industrial Strategy,Department for Work and Pensions",,,,
https://www.gov.uk/career-skills-and-training,Career skills and training,answer,ed060ec6-ff55-43a2-99fb-99c36fc16490,en,publisher,2013-09-23T12:17:27.000Z,2016-01-14T10:44:25.000Z,,,524,"Education, training and skills,Careers guidance in further and higher education,Further and higher education, skills and vocational training,Working, jobs and pensions,Further and higher education courses and qualifications,Funding and finance for students,Work,GOV.UK homepage,Finding a job",Government Digital Service,"Department for Business and Trade,Department for Work and Pensions,Department for Education,Department for Business, Energy & Industrial Strategy",,,,
https://www.gov.uk/tell-hmrc-company-car,Tell HMRC about an employee's company car,answer,4bb125d3-d7b8-425e-8951-710240983dbc,en,publisher,2015-04-07T14:28:23.000Z,2015-05-05T13:55:24.000Z,,,521,"Money,PAYE,Business and industry,GOV.UK homepage,Running a business,Payroll,Business tax,Employing people,Work",Government Digital Service,HM Revenue & Customs,,,,
https://www.gov.uk/guidance/trade-union-law-transition-to-employment-rights-act-2025,Trade union law: transition to Employment Rights Act 2025,detailed_guide,6fc52985-eb4a-4541-8446-1f30c2a4c6a5,en,whitehall,2026-01-08T11:33:00.000Z,2026-01-08T11:33:00.000Z,,,517,"Work,GOV.UK homepage,Labour market reform,Trade unions",Department for Business and Trade,Department for Business and Trade,2024 Starmer Labour government,,,
https://www.gov.uk/payroll-errors/correcting-payments-to-hmrc,Fix problems with running payroll: You paid HMRC the wrong amount,guide,6de2a5b5-5d33-42a4-97bf-35f56a1e1295,en,publisher,2014-06-12T11:50:10.000Z,2024-12-23T08:00:06.836Z,,,516,"Employing people,GOV.UK homepage,Business and industry,PAYE,Business tax,Payroll,Work,Running a business,Money",Government Digital Service,HM Revenue & Customs,,,,
https://www.gov.uk/guidance/work-out-pay-from-an-umbrella-company,Work out pay from an umbrella company,detailed_guide,68cb7c5d-101b-4a72-8c02-816f9f4a1359,en,whitehall,2024-12-03T00:00:00.000Z,2026-02-18T13:03:24.000Z,,,512,"GOV.UK homepage,Contracts and working hours,Work,Working, jobs and pensions",HM Revenue & Customs,HM Revenue & Customs,2024 Starmer Labour government,,,
https://www.gov.uk/blind-persons-allowance,Blind Person's Allowance,guide,cee5d657-3996-43a8-92b1-2f9fe12523bc,en,publisher,2012-01-26T13:22:48.000Z,2016-02-16T16:53:59.000Z,,,494,"Income Tax,Carers and disability benefits,Rates, allowances and reliefs,Welfare,Personal tax,Work and disabled people,GOV.UK homepage,Work,Money",Government Digital Service,"Department for Work and Pensions,HM Revenue & Customs",,,,
https://www.gov.uk/job-offers-your-rights,Job offers: your rights,answer,b40c8e69-f4e1-4f15-9ffa-9407f9ae0488,en,publisher,2011-09-26T11:25:18.000Z,2024-12-20T08:56:20.611Z,,,487,"Work,Working, jobs and pensions,GOV.UK homepage,Finding a job",Government Digital Service,"Department for Business and Trade,Department for Work and Pensions,Department for Business, Energy & Industrial Strategy",,,,
https://www.gov.uk/new-employee/employee-information,Tell HMRC about a new employee: Get employee information,guide,18fca3eb-2975-4b7b-9747-43ef055c63c2,en,publisher,2014-06-12T11:50:03.000Z,2014-12-16T09:55:52.000Z,,,459,"Employees joining, leaving or changing their circumstances,PAYE,Work,Running a business,Money,GOV.UK homepage,Employing people,Payroll,Registering and getting started,Business and industry,Business tax",Government Digital Service,HM Revenue & Customs,,,,
https://www.gov.uk/paye-settlement-agreements,PAYE Settlement Agreements,guide,f6046a19-8312-412c-aeaa-954adebcde8e,en,publisher,2012-10-16T14:45:41.000Z,2015-02-23T15:29:37.000Z,,,453,"GOV.UK homepage,Employing people,Payroll,Business and industry,Expenses and employee benefits,Business tax,Work,Expenses and benefits,Running a business,Money,PAYE",Government Digital Service,HM Revenue & Customs,,,,
https://www.gov.uk/payroll-software,Find payroll software,answer,bff8323b-7c15-48a1-b465-4a02d259f5c7,en,publisher,2014-06-12T11:50:09.000Z,2016-08-24T11:39:36.138Z,,,446,"Running a business,Business tax,Money,Registering and getting started,Work,Business and industry,Payroll,PAYE,GOV.UK homepage,Employing people",Government Digital Service,HM Revenue & Customs,,,,
https://www.gov.uk/continuous-employment-what-it-is,Continuous employment,answer,343ade38-86f7-4ca3-95f0-e140fcafa027,en,publisher,2012-07-03T15:30:45.000Z,2018-06-12T16:14:26.204Z,,,444,"Work,GOV.UK homepage,Contracts and working hours,Working, jobs and pensions",Government Digital Service,"Department for Business and Trade,Department for Work and Pensions,Department for Business, Energy & Industrial Strategy",,,,
https://www.gov.uk/guidance/making-barring-referrals-to-the-dbs,Making barring referrals to DBS,detailed_guide,29716725-b288-41d7-b7f8-b7d25ab44331,en,whitehall,2016-03-04T00:00:00.000Z,2025-11-06T11:11:30.000Z,,,440,"Work,Crime, justice and law,Criminal record disclosure,GOV.UK homepage",Disclosure and Barring Service,Disclosure and Barring Service,2015 to 2016 Cameron Conservative government,,,
https://www.gov.uk/child-maintenance-for-employers,Make child maintenance deductions from an employee's pay,guide,09e82a4f-0e7b-4e5d-b33c-2ec987caffd8,en,publisher,2012-10-15T12:31:51.000Z,2024-11-08T13:23:22.264Z,,,440,"Work,Running a business,Employing people,Payroll,Business and industry,GOV.UK homepage",Government Digital Service,Department for Work and Pensions,,,,
https://www.gov.uk/guidance/government-legal-service-gls-legal-trainee-scheme-how-to-apply,Legal trainee scheme,detailed_guide,5fa789b3-7631-11e4-a3cb-005056011aef,en,whitehall,2014-07-24T23:00:00.000Z,2026-01-05T11:00:06.000Z,,,433,"Work,Government graduate schemes,GOV.UK homepage,Crime, justice and law",Government Legal Profession,"Government Legal Profession,Government Legal Service",2010 to 2015 Conservative and Liberal Democrat coalition government,,,
https://www.gov.uk/part-time-worker-rights,Part-time workers' rights,answer,7d40a094-21e4-4108-9bd7-e72cf8170c4f,en,publisher,2012-01-26T13:05:49.000Z,2020-05-26T12:17:27.338Z,,,430,"Working, jobs and pensions,GOV.UK homepage,Contracts and working hours,Work",Government Digital Service,"Department for Business and Trade,Department for Business, Energy & Industrial Strategy",,,,
https://www.gov.uk/overtime-your-rights,Overtime: your rights,guide,538b2e5a-e07a-4e99-ae0d-bb96ece07aa0,en,publisher,2012-01-26T13:58:27.000Z,2015-09-22T13:45:27.000Z,,,429,"GOV.UK homepage,Working, jobs and pensions,Work,Contracts and working hours",Government Digital Service,Department for Work and Pensions,,,,
https://www.gov.uk/monitoring-work-workers-rights/email-cctv-and-other-monitoring,"Being monitored at work: workers' rights: Email, CCTV and other monitoring",guide,b4993cca-95a8-4823-a8cc-7793601325aa,en,publisher,2012-01-26T13:05:04.000Z,2022-09-30T17:14:05.603Z,,,427,"Trade unions,GOV.UK homepage,Work,Your rights at work and trade unions,Working, jobs and pensions",Government Digital Service,"Department for Business and Trade,Department for Work and Pensions,Department for Business, Energy & Industrial Strategy",,,,
https://www.gov.uk/employee-directors,National Insurance for company directors,answer,b3c0809b-9c33-4c17-b893-828beb1221f0,en,publisher,2014-06-12T11:50:05.000Z,2017-04-05T23:01:16.983Z,,,410,"Employees joining, leaving or changing their circumstances,PAYE,Business and industry,Payroll,Running a business,Employing people,Business tax,Work,GOV.UK homepage,Money",Government Digital Service,HM Revenue & Customs,,,,
https://www.gov.uk/guidance/register-a-partnership-for-self-assessment,Register a partnership for Self Assessment,detailed_guide,554991ed-5219-4c39-98de-53ba881c64fe,en,whitehall,2024-04-22T23:00:00.000Z,2024-12-17T10:49:49.000Z,,,409,"Self-employment,GOV.UK homepage,Self Assessment,Work",HM Revenue & Customs,HM Revenue & Customs,2022 to 2024 Sunak Conservative government,,,
https://www.gov.uk/find-internship,Find an internship,answer,0c9236a2-50a7-417d-a425-1a3b6b43d858,en,publisher,2014-08-21T10:52:12.000Z,2018-11-26T16:09:54.420Z,,,406,"Becoming an intern or trainee,GOV.UK homepage,Education, training and skills,Apprenticeships, traineeships and internships,Finding a job,Further and higher education, skills and vocational training,Work,Working, jobs and pensions",Government Digital Service,"Department for Education,Department for Work and Pensions",,,,
https://www.gov.uk/employers-liability-insurance,Employers' liability insurance,answer,03be2e01-a57c-4fee-846f-f5e2214ba3df,en,publisher,2013-09-02T16:28:34.000Z,2015-09-18T10:26:22.000Z,,,403,"GOV.UK homepage,Recruiting and hiring,Work,Running a business,Working, jobs and pensions,Business and industry,Employing people",Government Digital Service,"Department for Business and Trade,Department for Business, Energy & Industrial Strategy,Department for Work and Pensions",,,,
https://www.gov.uk/stop-employing-staff,Stop being an employer,answer,0ee2a1b5-0e55-4dfe-a6d1-0460da7c6434,en,publisher,2014-06-12T11:50:03.000Z,2024-10-31T15:10:42.416Z,,,402,"Business and industry,Changes to the business that affect PAYE,Payroll,Money,Work,Running a business,GOV.UK homepage,PAYE,Business tax,Employing people",Government Digital Service,HM Revenue & Customs,,,,
https://www.gov.uk/moving-from-benefits-to-work/starting-your-own-business,Help with moving from benefits to work: Starting or running your own business,guide,ddab1211-399a-4a31-91a0-bdcd1a542af1,en,publisher,2012-10-15T11:32:16.000Z,2025-01-08T10:30:15.769Z,,,385,"Working, jobs and pensions,Benefits entitlement,GOV.UK homepage,Welfare,Finding a job,Jobseeker's Allowance and low income benefits,Work",Government Digital Service,Department for Work and Pensions,,,,
https://www.gov.uk/health-and-safety-executive,Health and Safety Executive (HSE),answer,962a3eff-e3e7-4895-a843-214a834c2c57,en,publisher,2012-10-15T07:39:51.000Z,2015-09-08T18:08:22.000Z,,,380,"GOV.UK homepage,Health and safety at work,Work",Government Digital Service,Health and Safety Executive,,,,
https://www.gov.uk/personal-data-my-employer-can-keep-about-me,Personal data an employer can keep about an employee,answer,77de170b-2f97-4674-adca-29cbb7b7a142,en,publisher,2011-11-11T13:02:53.000Z,2025-01-09T17:11:35.795Z,,,375,"Work,Your rights at work and trade unions,GOV.UK homepage,Working, jobs and pensions,Trade unions",Government Digital Service,Department for Work and Pensions,,,,
https://www.gov.uk/join-trade-union,Joining a trade union,guide,ec7810e0-bdaf-420f-8582-799c3443ccf7,en,publisher,2012-01-26T09:58:29.000Z,2014-12-02T15:30:58.000Z,,,374,"Working, jobs and pensions,Your rights at work and trade unions,Work,GOV.UK homepage",Government Digital Service,"Department for Business and Trade,Advisory, Conciliation and Arbitration Service,Department for Business, Energy & Industrial Strategy",,,,
https://www.gov.uk/guidance/responsible-organisations,Responsible Organisations,detailed_guide,6c7d75f1-8600-4a08-bb2f-47cc1f286e84,en,whitehall,2017-09-03T23:00:00.000Z,2026-01-23T13:56:00.000Z,,,370,"Working, jobs and pensions,GOV.UK homepage,Criminal record disclosure,Work,Finding a job,Crime, justice and law,Recruiting and hiring",Disclosure and Barring Service,Disclosure and Barring Service,2016 to 2019 May Conservative government,,,
https://www.gov.uk/guidance/government-legal-service-gls-legal-trainee-scheme-how-to-apply--2,Legal trainee scheme: how to apply,detailed_guide,5fec97ae-7631-11e4-a3cb-005056011aef,en,whitehall,2014-09-01T23:00:00.000Z,2026-01-05T11:00:06.000Z,,,345,"Work,Government graduate schemes,Crime, justice and law,GOV.UK homepage",Government Legal Profession,"Government Legal Profession,Government Legal Service",2010 to 2015 Conservative and Liberal Democrat coalition government,,,
https://www.gov.uk/employer-relocation-your-rights,Employer relocation: your rights,answer,a71329a4-acee-4dbe-993e-e236b2f820f0,en,publisher,2012-01-23T11:15:45.000Z,2012-05-02T16:27:03.000Z,,,343,"Working, jobs and pensions,Contracts and working hours,Work,GOV.UK homepage",Government Digital Service,"Department for Business and Trade,Department for Work and Pensions,Department for Business, Energy & Industrial Strategy",,,,
https://www.gov.uk/guidance/benefits-and-pensions-for-uk-nationals-in-the-eea-or-switzerland,"Benefits and pensions for UK nationals in the EU, EEA or Switzerland",detailed_guide,8e15ec04-080d-4892-937a-ab19e07d8b39,en,whitehall,2020-01-24T00:00:00.000Z,2024-01-25T07:47:38.000Z,,,338,"Living abroad,Brexit,Pensions and ageing society,British nationals overseas,Welfare,Going and being abroad,Benefits entitlement,Government,GOV.UK homepage,Work",Department for Work and Pensions,Department for Work and Pensions,2019 to 2022 Johnson Conservative government,,,
https://www.gov.uk/solve-workplace-dispute,Solve a workplace dispute,guide,f0878de7-5c9e-4c67-9059-adc61d81ae76,en,publisher,2012-01-05T11:43:46.000Z,2015-07-30T13:52:18.000Z,,,333,"GOV.UK homepage,Dismissing staff and redundancies,Running a business,Employing people,Business and industry,Working, jobs and pensions,Redundancies, dismissals and disciplinaries,Work",Government Digital Service,"Department for Business and Trade,Department for Work and Pensions,Department for Business, Energy & Industrial Strategy",,,,
https://www.gov.uk/looking-for-work-if-disabled,Looking for work if you're disabled,guide,3e7f07a1-6a4d-4af8-9e39-ffe22a7deb80,en,publisher,2012-01-23T11:38:59.000Z,2015-09-23T11:29:59.000Z,,,330,"Work,Finding a job,GOV.UK homepage,Work and disabled people,Working, jobs and pensions",Government Digital Service,Department for Work and Pensions,,,,
https://www.gov.uk/jobcentre-plus-help-for-recruiters,Jobcentre Plus help for recruiters,guide,9302ca4f-38d4-475a-af52-2f7ae9da810e,en,publisher,2012-10-14T19:41:06.000Z,2015-07-10T15:17:10.000Z,,,324,"Recruiting and hiring,Working, jobs and pensions,Employing people,Work,Running a business,Business and industry,GOV.UK homepage",Government Digital Service,Department for Work and Pensions,,,,
https://www.gov.uk/adoption-pay-leave,Adoption pay and leave,guide,79ad4564-8247-42c0-a067-0af86cad73a3,en,publisher,2013-03-12T12:23:58.000Z,2015-02-10T12:11:33.000Z,,,323,"Holidays, time off, sick leave, maternity and paternity leave,Adoption,Adoption, fostering and surrogacy,Parenting, childcare and children's services ,Work,Working, jobs and pensions,GOV.UK homepage",Government Digital Service,Department for Work and Pensions,,,,
https://www.gov.uk/penalties-for-employing-illegal-workers,Penalties for employing illegal workers,answer,b482ebeb-d93a-48f2-8c22-c858234b3817,en,publisher,2012-07-03T14:57:04.000Z,2015-10-15T08:49:22.000Z,,,320,"Work,Working, jobs and pensions,GOV.UK homepage,Recruiting and hiring,Business and industry,Employing people,Running a business",Government Digital Service,UK Visas and Immigration,,,,
https://www.gov.uk/raise-grievance-at-work,Raise a grievance at work,guide,bfbad578-7295-40f6-bae2-926995f17fd4,en,publisher,2012-09-26T10:32:44.000Z,2016-08-31T09:27:39.562Z,,,320,"Working, jobs and pensions,Work,Redundancies, dismissals and disciplinaries,GOV.UK homepage",Government Digital Service,"Department for Business and Trade,Advisory, Conciliation and Arbitration Service,Department for Work and Pensions,Department for Business, Energy & Industrial Strategy",,,,
https://www.gov.uk/your-employment-contract-how-it-can-be-changed,Changing an employment contract,guide,2edee9ab-76a1-44de-8c92-07aaf5469d18,en,publisher,2012-07-18T14:28:43.000Z,2015-08-27T10:00:46.000Z,,,315,"Contracts and working hours,Work,Working, jobs and pensions,GOV.UK homepage",Government Digital Service,"Department for Business and Trade,Department for Work and Pensions,Department for Business, Energy & Industrial Strategy",,,,
https://www.gov.uk/guidance/statutory-sick-pay-employee-fitness-to-work,Statutory Sick Pay: employee fitness to work,detailed_guide,5efc0fb9-7631-11e4-a3cb-005056011aef,en,whitehall,2014-03-14T15:37:00.000Z,2022-11-23T12:20:16.000Z,,,308,"GOV.UK homepage,Working, jobs and pensions,Business tax,Money,PAYE,Work,Holidays, time off, sick leave, maternity and paternity leave",HM Revenue & Customs,HM Revenue & Customs,2010 to 2015 Conservative and Liberal Democrat coalition government,,,
https://www.gov.uk/giving-staff-time-off-jury-service/paying-staff-on-jury-service,Giving staff time off for jury service: Paying staff on jury service,guide,a4fa57a8-8a70-4b66-a7ba-22f5103b6378,en,publisher,2012-07-03T15:15:40.000Z,2016-10-10T15:29:51.063Z,,,298,"Payroll,Running a business,Business and industry,Money,GOV.UK homepage,Work,Employing people,Business tax,PAYE,Employees joining, leaving or changing their circumstances",Government Digital Service,"HM Revenue & Customs,Ministry of Justice",,,,
https://www.gov.uk/guidance/contact-the-department-for-work-and-pensions-about-its-policies,Contact the Department for Work and Pensions about its policies,detailed_guide,377fd702-2414-4686-979e-3ee0a752fd95,en,whitehall,2018-12-03T00:00:00.000Z,2024-01-31T15:33:59.000Z,,,298,"Pensions and ageing society,GOV.UK homepage,Welfare,Work,Work and disabled people,Working, jobs and pensions",Department for Work and Pensions,Department for Work and Pensions,2016 to 2019 May Conservative government,,,
https://www.gov.uk/lay-offs-short-timeworking/guarantee-pay,Lay-offs and short-time working: Guarantee pay,guide,9a7f0baf-e1e5-4eed-a414-0438dfa95c1d,en,publisher,2012-01-25T15:18:52.000Z,2015-08-28T13:22:26.000Z,,,293,"GOV.UK homepage,Redundancies, dismissals and disciplinaries,Work,Working, jobs and pensions",Government Digital Service,"Department for Business and Trade,Department for Work and Pensions,The Insolvency Service,Department for Business, Energy & Industrial Strategy",,,,
https://www.gov.uk/disciplinary-procedures-and-action-at-work/disciplinary-hearings,Disciplinary procedures and action against you at work: Disciplinary hearings,guide,415d8d85-fe9b-474f-9d1d-74fa57a1c2f5,en,publisher,2012-10-03T13:08:46.000Z,2016-05-13T11:00:15.977Z,,,290,"Redundancies, dismissals and disciplinaries,Working, jobs and pensions,Work,GOV.UK homepage",Government Digital Service,"Department for Business and Trade,Department for Work and Pensions,Department for Business, Energy & Industrial Strategy",,,,
https://www.gov.uk/redundancy-payments-helpline,Redundancy payments helplines,answer,5a641338-db60-48c7-b072-dc2f740357b6,en,publisher,2012-10-15T16:42:17.000Z,2015-01-26T15:47:22.000Z,,,288,"Work,Redundancies, dismissals and disciplinaries,GOV.UK homepage,Working, jobs and pensions",Government Digital Service,"Department for Business and Trade,Department for Work and Pensions,HM Revenue & Customs,Department for Business, Energy & Industrial Strategy",,,,
https://www.gov.uk/working-abroad,Work in an EU country,guide,12806ea7-f02c-4a2f-acd4-98df5e38ed64,en,publisher,2012-01-26T13:58:47.000Z,2015-02-24T13:52:42.000Z,,,287,"UK help and services in France,UK help and services in Germany,UK help and services in Czechia,UK help and services in Belgium,Tax, benefits, pensions and working abroad in Finland,Tax, benefits, pensions and working abroad in Slovenia,UK help and services in Bulgaria,Tax, benefits, pensions and working abroad in Cyprus,Tax, benefits, pensions and working abroad in Spain,UK help and services in Italy,UK help and services in Norway,Tax, benefits, pensions and working abroad in Italy,UK help and services in Liechtenstein,UK help and services in Slovakia,Tax, benefits, pensions and working abroad in Latvia,GOV.UK homepage,Tax, benefits, pensions and working abroad in Liechtenstein,UK help and services in Finland,UK help and services in Croatia,UK help and services in Netherlands,Tax, benefits, pensions and working abroad in Estonia,UK help and services in Luxembourg,UK help and services in Cyprus,Tax, benefits, pensions and working abroad in Germany,UK help and services in Malta,Tax, benefits, pensions and working abroad in Romania,Tax, benefits, pensions and working abroad in Austria,UK help and services in Hungary,Work,Countries (Living In),Tax, benefits, pensions and working abroad in Slovakia,Tax, benefits, pensions and working abroad in Croatia,Tax, benefits, pensions and working abroad in Lithuania,UK help and services in Slovenia,Tax, benefits, pensions and working abroad in Switzerland,Your pay, tax and the National Minimum Wage,UK help and services in Sweden,Living abroad,Your rights at work and trade unions,UK help and services in Estonia,UK help and services in Portugal,UK help and services in Austria,Tax, benefits, pensions and working abroad,UK help and services in Lithuania,Tax, benefits, pensions and working abroad in Belgium,Tax, benefits, pensions and working abroad in Netherlands,Help and services around the world,UK help and services in Latvia,UK help and services in Greece,Tax, benefits, pensions and working abroad in Sweden,Tax, benefits, pensions and working abroad in Hungary,UK help and services in Switzerland,Working, jobs and pensions,UK help and services in Denmark,Going and being abroad,Money,UK help and services in Spain,Tax, benefits, pensions and working abroad in Denmark,Tax, benefits, pensions and working abroad in Ireland,Tax, benefits, pensions and working abroad in Luxembourg,Tax, benefits, pensions and working abroad in Norway,Brexit,UK help and services in Ireland,Tax, benefits, pensions and working abroad in Poland,Tax, benefits, pensions and working abroad in France,Tax, benefits, pensions and working abroad in Bulgaria,Tax, benefits, pensions and working abroad in Portugal,Government,Tax, benefits, pensions and working abroad in Malta,Tax, benefits, pensions and working abroad in Czechia,Tax, benefits, pensions and working abroad in Greece,UK help and services in Romania,UK help and services in Iceland,UK help and services in Poland,Personal tax,Tax, benefits, pensions and working abroad in Iceland",Government Digital Service,"Foreign, Commonwealth & Development Office,HM Revenue & Customs",,,,
https://www.gov.uk/minimum-wage-different-types-work,Minimum wage for different types of work,guide,f27e5f84-80ba-4165-bf8d-e7c8ec997d7b,en,publisher,2012-10-15T12:08:59.000Z,2024-11-08T17:01:05.882Z,,,287,"Business and industry,GOV.UK homepage,Employing people,Work,Running a business,Payroll",Government Digital Service,"Department for Business and Trade,Department for Work and Pensions,Department for Business, Energy & Industrial Strategy",,,,
https://www.gov.uk/employee-leaving,What to do when an employee leaves,answer,c0fe9f42-2084-4daf-8c94-361ad908c1a6,en,publisher,2014-06-12T11:50:02.000Z,2015-05-11T14:23:51.000Z,,,284,"Employing people,GOV.UK homepage,Work,PAYE,Business tax,Business and industry,Payroll,Running a business,Money,Employees joining, leaving or changing their circumstances",Government Digital Service,HM Revenue & Customs,,,,
https://www.gov.uk/employment-rights-for-interns,Employment rights and pay for interns,answer,16fc0348-59ad-449e-bdcc-f29c39c18497,en,publisher,2012-10-09T19:46:00.000Z,2015-03-09T17:12:44.000Z,,,281,"Apprenticeships, traineeships and internships,Running a business,Becoming an intern or trainee,Work,Recruiting and hiring,Employing people,Further and higher education, skills and vocational training,Finding a job,Working, jobs and pensions,Education, training and skills,GOV.UK homepage,Business and industry",Government Digital Service,"Department for Business and Trade,Department for Work and Pensions,Department for Business, Energy & Industrial Strategy",,,,
https://www.gov.uk/student-jobs-paying-tax,Student jobs: paying tax,answer,d9a3005e-f498-45fc-947d-49d404465c0e,en,publisher,2012-01-26T13:01:52.000Z,2015-08-21T09:45:11.000Z,,,264,"Working, jobs and pensions,Income Tax,Your pay, tax and the National Minimum Wage,Money,Student jobs and loans,Work,Personal tax,GOV.UK homepage",Government Digital Service,HM Revenue & Customs,,,,
https://www.gov.uk/understanding-your-pay/deductions-from-your-pay,Understanding your pay: Deductions from your pay,guide,6ad60ce6-4eec-42dd-a8e1-2e0ba7cbc998,en,publisher,2012-01-26T14:14:33.000Z,2016-03-11T17:17:13.000Z,,,263,"Your pay, tax and the National Minimum Wage,GOV.UK homepage,Work,Working, jobs and pensions",Government Digital Service,"Department for Business and Trade,Department for Work and Pensions,Department for Business, Energy & Industrial Strategy",,,,
https://www.gov.uk/national-minimum-wage-accommodation,National Minimum Wage and Living Wage: accommodation,guide,fe6abedb-3fc9-46d6-b5fb-31e828680ada,en,publisher,2012-10-14T22:29:13.000Z,2024-10-30T11:07:00.325Z,,,260,"GOV.UK homepage,Working, jobs and pensions,Employing people,Running a business,Your pay, tax and the National Minimum Wage,Work,Business and industry,Recruiting and hiring,Payroll",Government Digital Service,"Department for Business and Trade,HM Revenue & Customs,Department for Business, Energy & Industrial Strategy",,,,
https://www.gov.uk/overseas-domestic-worker-visa,Overseas Domestic Worker visa,guide,86d2e7e0-37b0-42b5-9f63-ec761f5c2e55,en,publisher,2014-02-07T15:46:11.000Z,2024-10-31T17:00:22.764Z,,,259,"Work and investor visas,Visas and entry clearance,GOV.UK homepage,Work,Entering and staying in the UK,Working, jobs and pensions",Government Digital Service,UK Visas and Immigration,,,,
https://www.gov.uk/employee-reaches-state-pension-age,What to do when an employee reaches State Pension age,answer,a76ec19d-1cd5-4128-addc-b67647e0441a,en,publisher,2014-06-12T11:50:06.000Z,2016-05-04T11:04:17.566Z,,,255,"Payroll,PAYE,Running a business,Employees joining, leaving or changing their circumstances,Employing people,Business and industry,Work,GOV.UK homepage,Money,Business tax",Government Digital Service,HM Revenue & Customs,,,,
https://www.gov.uk/smoking-at-work-the-law,Smoking at work: the law,answer,c9cbbcff-9f21-4ba7-bf50-987e9b5727fd,en,publisher,2012-07-04T15:16:37.000Z,2025-01-24T14:20:08.559Z,,,255,"GOV.UK homepage,Health and safety at work,Work",Government Digital Service,Department of Health and Social Care,,,,
https://www.gov.uk/guidance/transgender-applications,Transgender applications,detailed_guide,36b68315-656d-4497-9bb6-5395ccf22c9d,en,whitehall,2018-08-20T23:00:00.000Z,2025-03-02T13:56:30.000Z,,,253,"Crime, justice and law,Work,GOV.UK homepage",Disclosure and Barring Service,Disclosure and Barring Service,2016 to 2019 May Conservative government,,,
https://www.gov.uk/sunday-working,Sunday working,answer,47f980aa-ff7b-481a-9a48-535400952115,en,publisher,2012-09-05T13:59:45.000Z,2017-04-10T10:33:35.802Z,,,247,"GOV.UK homepage,Working, jobs and pensions,Work,Contracts and working hours",Government Digital Service,"Department for Business and Trade,Department for Work and Pensions,Department for Business, Energy & Industrial Strategy",,,,
https://www.gov.uk/guidance/work-out-your-allowances-if-youve-flexibly-accessed-your-pension,Check if you’ve gone above the money purchase annual allowance,detailed_guide,8cf6b6d7-5fa1-4c8a-89fd-d9e4a38ed2ca,en,whitehall,2019-01-11T14:31:00.000Z,2023-04-05T23:15:17.000Z,,,231,"Tax on savings and investments,GOV.UK homepage,Workplace and personal pensions,Money,Work,Working, jobs and pensions,Tax on savings,Personal tax",HM Revenue & Customs,HM Revenue & Customs,2016 to 2019 May Conservative government,,,
https://www.gov.uk/training-study-work-your-rights,Training and study at work: your rights,guide,f50efa51-dc62-4111-aa59-731af77806aa,en,publisher,2011-12-09T14:41:29.000Z,2015-01-05T16:50:35.000Z,,,216,"Holidays, time off, sick leave, maternity and paternity leave,Trade unions,Employing people,Work,Working, jobs and pensions,Business and industry,Running a business,GOV.UK homepage,Your rights at work and trade unions",Government Digital Service,"Department for Business and Trade,Department for Work and Pensions,Department for Business, Energy & Industrial Strategy",,,,
https://www.gov.uk/guidance/recruit-teachers-from-overseas,Recruit teachers from overseas,detailed_guide,4a864c8d-7693-492f-8bbd-3f7a05c6d442,en,whitehall,2020-09-15T23:00:00.000Z,2026-01-21T15:37:21.000Z,,,213,"Working, jobs and pensions,GOV.UK homepage,Visas and entry clearance,Recruiting, inducting and managing teachers,Recruiting and hiring,Education, training and skills,Visa applications,Teaching and leadership,Entering and staying in the UK,Work,Student visas",Department for Education,Department for Education,2019 to 2022 Johnson Conservative government,,,
https://www.gov.uk/report-problem-criminal-record-certificate/dispute-a-mistake,Report a problem about a criminal record check or barring decision: Dispute a mistake on your DBS certificate ,guide,bb7da16a-f22a-434f-869f-d63bd5e218da,en,publisher,2017-09-04T13:51:17.561Z,2018-08-24T15:50:19.821Z,,,212,"Finding a job,Work,Working, jobs and pensions,GOV.UK homepage",Government Digital Service,Disclosure and Barring Service,,,,
https://www.gov.uk/debt-deductions-from-employee-pay/getting-an-order,Make debt deductions from an employee's pay: Getting an order,guide,30c61532-1d39-4f5b-a9f0-763434c44cab,en,publisher,2016-03-03T09:58:41.980Z,2016-04-21T14:15:17.213Z,,,207,"Running a business,Work,Employing people,Payroll,GOV.UK homepage,Business and industry",Government Digital Service,HM Courts & Tribunals Service,,,,
https://www.gov.uk/agency-workers-your-rights/your-rights-as-a-temporary-agency-worker,Your rights as an agency worker: Equal treatment,guide,6395a828-671d-4e0c-bc0b-719e3da51ca8,en,publisher,2012-01-26T13:34:31.000Z,2015-03-09T17:14:33.000Z,,,191,"Work,Working, jobs and pensions,GOV.UK homepage,Contracts and working hours",Government Digital Service,"Department for Business and Trade,Department for Work and Pensions,Department for Business, Energy & Industrial Strategy",,,,
https://www.gov.uk/guidance/apply-for-communication-support-at-a-job-interview-if-you-have-a-disability-or-health-condition-access-to-work,Apply for communication support at a job interview if you have a disability or health condition (Access to Work),detailed_guide,7bcfcf7c-6c82-45fc-8de8-c79b0b13ff93,en,whitehall,2019-07-02T23:00:00.000Z,2025-10-08T15:07:58.000Z,,,184,"Welfare,Finding a job,Recruiting and hiring,Working, jobs and pensions,GOV.UK homepage,Work and disabled people,Carers and disability benefits,Work",Department for Work and Pensions,Department for Work and Pensions,2016 to 2019 May Conservative government,,,
https://www.gov.uk/guidance/request-information-about-underpaid-state-pension-for-someone-who-has-died,Request information about underpaid State Pension for someone who has died,detailed_guide,339c9c8a-d924-4a98-929d-9d00e1e04c3a,en,whitehall,2022-07-07T23:00:00.000Z,2025-10-08T15:39:36.000Z,,,184,"Work,GOV.UK homepage,Pensions and ageing society",Department for Work and Pensions,Department for Work and Pensions,2019 to 2022 Johnson Conservative government,,,
https://www.gov.uk/agricultural-sick-pay,Agricultural Sick Pay,guide,97e00d86-725f-40de-9a02-eac531c682d7,en,publisher,2012-01-26T13:23:39.000Z,2024-11-08T11:34:25.461Z,,,178,"Working, jobs and pensions,GOV.UK homepage,Food and farming,Environment,Food and farming industry,Holidays, time off, sick leave, maternity and paternity leave,Work",Government Digital Service,Department for Work and Pensions,,,,
https://www.gov.uk/career-breaks,Career breaks,answer,e1b8002b-a82c-4e03-8cff-02db4ab06b58,en,publisher,2012-08-03T16:03:45.000Z,2019-12-04T10:54:43.730Z,,,172,"Employing people,Business and industry,Holidays, time off, sick leave, maternity and paternity leave,GOV.UK homepage,Work,Running a business,Working, jobs and pensions",Government Digital Service,"Department for Business and Trade,Department for Work and Pensions,Department for Business, Energy & Industrial Strategy",,,,
https://www.gov.uk/what-to-do-when-an-employee-dies/paying-employee-died,What to do when an employee dies: Paying an employee who has died,guide,58bf381b-d87f-46e5-a4d9-b48b65016666,en,publisher,2012-07-03T15:13:19.000Z,2025-02-06T14:52:13.106Z,,,169,"Work,Money,Payroll,Employing people,Employees joining, leaving or changing their circumstances,PAYE,Running a business,GOV.UK homepage,Business and industry,Business tax",Government Digital Service,"HM Revenue & Customs,Health and Safety Executive",,,,
https://www.gov.uk/employer-preventing-discrimination/recruitment,Employers: preventing discrimination: Discrimination in recruitment,guide,a5669f74-406d-46bf-9e0f-13aad618862e,en,publisher,2012-07-03T14:52:53.000Z,2015-08-21T17:14:06.000Z,,,168,"Work,Employing people,Running a business,GOV.UK homepage,Contracts and working hours,Trade unions,Business and industry,Recruiting and hiring,Working, jobs and pensions",Government Digital Service,"Department for Business and Trade,Department for Business, Energy & Industrial Strategy,Department for Work and Pensions,Office for Equality and Opportunity",,,,
https://www.gov.uk/handling-employee-grievance/grievance-procedure,Handling an employee's grievance: Grievance procedure,guide,5c8a9126-73f0-4a31-87e9-001ca5b10483,en,publisher,2012-09-26T10:31:33.000Z,2016-04-13T17:56:45.261Z,,,167,"Redundancies, dismissals and disciplinaries,Running a business,Business and industry,GOV.UK homepage,Working, jobs and pensions,Dismissing staff and redundancies,Employing people,Work",Government Digital Service,"Department for Business and Trade,Department for Business, Energy & Industrial Strategy",,,,
https://www.gov.uk/au-pairs-employment-law,Employing someone to work in your home,guide,61289398-23be-4fad-b7c0-0da35e512148,en,publisher,2012-12-04T10:51:03.000Z,2024-10-22T11:35:57.980Z,,,166,"Finding childcare,Income Tax,Childcare and early years,Personal tax,Money,Parenting, childcare and children's services ,Contracts and working hours,Working, jobs and pensions,GOV.UK homepage,Work",Government Digital Service,"Department for Business and Trade,Department for Business, Energy & Industrial Strategy,Department for Work and Pensions,HM Revenue & Customs",,,,
https://www.gov.uk/guidance/travel-to-france-for-work,Travel to France for work,detailed_guide,18043189-a12c-46e1-9ebc-31cd679053a6,en,whitehall,2021-04-29T23:00:00.000Z,2024-04-15T09:23:15.000Z,,,164,"GOV.UK homepage,Work,Business and industry,Travel abroad,Living abroad,Going and being abroad",Department for Business and Trade,Department for Business and Trade,2019 to 2022 Johnson Conservative government,,,
https://www.gov.uk/guidance/help-and-support-if-youre-self-employed,"HMRC email updates, videos and webinars if you’re self-employed",detailed_guide,bfc1cc08-58a3-4df9-9274-5879e8b5a1cb,en,whitehall,2017-10-10T23:00:00.000Z,2026-01-05T14:45:05.000Z,,,156,"Work,Self-employment,Dealing with HMRC,Personal tax,Self Assessment,GOV.UK homepage,Money,Paying HMRC",HM Revenue & Customs,HM Revenue & Customs,2016 to 2019 May Conservative government,,,
https://www.gov.uk/expenses-and-benefits-vouchers/what-to-report-and-pay,Expenses and benefits: vouchers: What to report and pay,guide,a3d06a44-064d-45a1-897f-9f21d9152c5a,en,publisher,2012-09-13T12:57:37.000Z,2015-04-01T14:51:49.000Z,,,153,"Running a business,GOV.UK homepage,Employing people,Expenses and employee benefits,Working, jobs and pensions,Money,Work,Business and industry,Business tax",Government Digital Service,HM Revenue & Customs,,,,
https://www.gov.uk/agricultural-workers-rights/pay-and-overtime,Agricultural workers' rights: Pay and overtime,guide,d0b8d964-ca27-4b67-95b2-f3f67f1c5f28,en,publisher,2012-01-26T10:32:37.000Z,2015-03-09T17:17:29.000Z,,,150,"Environment,Food and farming industry,Your rights at work and trade unions,Trade unions,Food and farming,GOV.UK homepage,Working, jobs and pensions,Work",Government Digital Service,"Department for Environment, Food & Rural Affairs,Department for Work and Pensions",,,,
https://www.gov.uk/equality-advisory-support-service,Equality Advisory Support Service (EASS),answer,196a6009-4a6e-487f-8de2-d11c1828324c,en,publisher,2012-10-13T12:03:04.000Z,2017-03-31T10:22:23.833Z,,,147,"GOV.UK homepage,Working, jobs and pensions,Work",Government Digital Service,"Equality and Human Rights Commission,Government Equalities Office,Ministry of Justice",,,,
https://www.gov.uk/medical-suspensions-from-work,Suspensions from work for medical reasons ,answer,ec814a08-27a0-4ee6-8537-e8b5ba99ad53,en,publisher,2017-12-13T16:01:47.472Z,2018-10-30T12:16:25.969Z,,,140,"Health and safety at work,Your rights at work and trade unions,Work,Holidays, time off, sick leave, maternity and paternity leave,GOV.UK homepage,Working, jobs and pensions",Government Digital Service,"Department for Work and Pensions,Health and Safety Executive",,,,
https://www.gov.uk/trade-union-recognition-employers,Employers: recognise a trade union,guide,e7a0acbc-89d0-45c1-86f5-ab9e304dc07a,en,publisher,2014-09-17T12:00:07.000Z,2015-01-08T10:56:17.000Z,,,137,"Work,GOV.UK homepage,Trade unions",Government Digital Service,Central Arbitration Committee,,,,
https://www.gov.uk/payroll-giving,Payroll Giving,answer,dac8fb4a-5d85-46ff-906b-c55d4aaf4440,en,publisher,2015-03-19T15:24:31.000Z,2015-03-19T15:24:32.000Z,,,136,"PAYE,Employing people,Money,Business and industry,Personal tax,Charity money, tax and accounts,Income Tax,GOV.UK homepage,Work,Running a business,Business tax,Charities and social enterprises,Payroll",Government Digital Service,HM Revenue & Customs,,,,
https://www.gov.uk/time-off-work-public-duties,Time off work for public duties,answer,adbca385-241c-482d-838c-4bb38559be2f,en,publisher,2012-10-14T13:19:31.000Z,2017-03-10T16:23:27.297Z,,,130,"Work,Running a business,GOV.UK homepage,Working, jobs and pensions,Employing people,Business and industry,Holidays, time off, sick leave, maternity and paternity leave",Government Digital Service,"Department for Business and Trade,Advisory, Conciliation and Arbitration Service,HM Courts & Tribunals Service,Ministry of Defence,Department for Business, Energy & Industrial Strategy",,,,
https://www.gov.uk/guidance/help-with-capital-gains-on-your-self-assessment-tax-return,Help with Capital Gains on your Self Assessment tax return,detailed_guide,3041b01c-2843-4946-a2d7-1bdee0802b10,en,whitehall,2025-01-22T00:00:00.000Z,2025-06-02T13:59:46.000Z,,,115,"Self Assessment,Self-employment,GOV.UK homepage,Dealing with HMRC,Personal tax,Money,Capital Gains Tax,Paying HMRC,Work",HM Revenue & Customs,HM Revenue & Customs,2024 Starmer Labour government,,,
https://www.gov.uk/guidance/national-minimum-wage-work-experience-and-internships,Minimum wage: work experience and internships,detailed_guide,5e2ca188-7631-11e4-a3cb-005056011aef,en,whitehall,2013-05-15T10:35:00.000Z,2013-05-15T10:35:00.000Z,,,115,"Further and higher education, skills and vocational training,Hiring and training an intern or trainee,Work,Education, training and skills,GOV.UK homepage,Apprenticeships, traineeships and internships",Department for Business and Trade,"Department for Business and Trade,Department for Business, Energy & Industrial Strategy",2010 to 2015 Conservative and Liberal Democrat coalition government,,,
https://www.gov.uk/guidance/travel-to-germany-for-work,Travel to Germany for work,detailed_guide,732e3f2d-61e4-48ce-a5b7-83623909a301,en,whitehall,2021-04-29T23:00:00.000Z,2024-04-15T09:25:39.000Z,,,114,"Travel abroad,Work,GOV.UK homepage,Business and industry,Living abroad,Going and being abroad",Department for Business and Trade,Department for Business and Trade,2019 to 2022 Johnson Conservative government,,,
https://www.gov.uk/handling-staff-resignations,Handling staff resignations,answer,fb6e034e-8942-4518-981a-8a6eaa681e28,en,publisher,2012-07-03T15:12:51.000Z,2023-01-25T14:08:46.032Z,,,112,"Dismissing staff and redundancies,Business and industry,Running a business,Working, jobs and pensions,GOV.UK homepage,Work,Employing people,Redundancies, dismissals and disciplinaries",Government Digital Service,"Department for Business and Trade,Department for Business, Energy & Industrial Strategy",,,,
https://www.gov.uk/growing-your-business,Growing your business,guide,59b4f24e-21d4-4441-905a-73bc12d32a01,en,publisher,2012-10-16T20:26:39.000Z,2024-12-19T15:59:02.594Z,,,111,"GOV.UK homepage,Self-employment,Work",Government Digital Service,"Department for Business and Trade,Department for Business, Energy & Industrial Strategy",,,,
https://www.gov.uk/tips-at-work/tips-and-tax,Tips at work: Tips and tax,guide,87cc880b-ec8b-45f7-989e-58f9d2d11080,en,publisher,2011-12-20T11:31:05.000Z,2015-05-18T16:38:26.000Z,,,111,"Work,GOV.UK homepage,Income Tax,Special types of pay,Personal tax,Money,Working, jobs and pensions,Your pay, tax and the National Minimum Wage",Government Digital Service,"Department for Business and Trade,HM Revenue & Customs",,,,
https://www.gov.uk/guidance/volunteering-and-claiming-benefits,Volunteering and claiming benefits,detailed_guide,e65157db-4279-4748-8521-22ce66e5ef20,en,whitehall,2019-07-15T07:51:00.000Z,2019-07-15T07:51:00.000Z,,,108,"Benefits entitlement,Welfare,Work,GOV.UK homepage",Department for Work and Pensions,Department for Work and Pensions,2016 to 2019 May Conservative government,,,
https://www.gov.uk/guidance/travel-to-italy-for-work,Travel to Italy for work,detailed_guide,089c1a4a-f58e-4ec0-a94a-61214e50b488,en,whitehall,2021-04-29T23:00:00.000Z,2024-04-15T09:24:42.000Z,,,102,"GOV.UK homepage,Business and industry,Work,Going and being abroad,Living abroad,Travel abroad",Department for Business and Trade,Department for Business and Trade,2019 to 2022 Johnson Conservative government,,,
https://www.gov.uk/guidance/space-skills-and-careers-resources,Space skills and careers resources,detailed_guide,1ce0eb54-8e53-4179-be8f-eb452758437d,en,whitehall,2022-03-31T23:00:00.000Z,2024-02-05T10:13:44.000Z,,,99,"Finding a job,Business and industry,Work,Working, jobs and pensions,Space,Science and innovation,GOV.UK homepage",UK Space Agency,UK Space Agency,2019 to 2022 Johnson Conservative government,,,
https://www.gov.uk/guidance/barring-referrals,Barring referrals,detailed_guide,efed1bed-c553-4df9-a4b8-155d658b1dac,en,whitehall,2019-02-26T00:00:00.000Z,2023-03-30T10:42:28.000Z,,,94,"Crime, justice and law,Recruiting and hiring,Finding a job,Working, jobs and pensions,GOV.UK homepage,Criminal record disclosure,Work",Disclosure and Barring Service,Disclosure and Barring Service,2016 to 2019 May Conservative government,,,
https://www.gov.uk/recruitment-disabled-people,Recruitment and disabled people,guide,e2e7bbe3-1f32-400d-8745-ae0c9a2f1b76,en,publisher,2012-07-03T14:55:17.000Z,2015-07-15T15:48:41.000Z,,,92,"Working, jobs and pensions,GOV.UK homepage,Employing people,Work,Business and industry,Running a business,Trade unions,Recruiting and hiring,Work and disabled people,Health and safety at work",Government Digital Service,"Department for Business and Trade,Department for Work and Pensions,Department for Business, Energy & Industrial Strategy",,,,
https://www.gov.uk/guidance/check-if-the-cost-of-training-could-be-an-allowable-business-expense,Check if the cost of training could be an allowable business expense,detailed_guide,b5c1631f-05ec-4de5-8d41-fdc2ad59c82b,en,whitehall,2024-03-06T12:39:58.000Z,2024-03-06T12:39:58.000Z,,,90,"Business tax,Managing expenses,Work,GOV.UK homepage,Self-employment,Money",HM Revenue & Customs,HM Revenue & Customs,2022 to 2024 Sunak Conservative government,,,
https://www.gov.uk/payroll-annual-reporting,Payroll: annual reporting and tasks,guide,5dd79407-0213-4675-9754-d6cfd1118f87,en,publisher,2014-06-12T11:50:09.000Z,2015-02-13T15:28:10.000Z,,,89,"Work,Running a business,Business tax,Business and industry,Money,GOV.UK homepage,Payroll,PAYE,Employing people,Annual PAYE and payroll tasks",Government Digital Service,HM Revenue & Customs,,,,
https://www.gov.uk/rights-of-trade-union-reps,The rights of trade union reps,answer,94d66635-7177-4b7f-ad79-3f1b1209f3ea,en,publisher,2012-01-13T16:11:58.000Z,2017-08-25T12:28:01.473Z,,,89,"Work,GOV.UK homepage,Trade unions,Your rights at work and trade unions,Working, jobs and pensions",Government Digital Service,"Department for Business and Trade,Department for Business, Energy & Industrial Strategy",,,,
https://www.gov.uk/guidance/employment-rights-bill-impact-assessments,Employment Rights Act 2025: impact assessments,detailed_guide,13f926f9-3ad5-48e5-824d-b2e6c1118d0a,en,whitehall,2024-10-20T23:00:00.000Z,2026-01-07T14:00:07.000Z,,,87,"Work,Labour market reform,GOV.UK homepage",Department for Business and Trade,"Department for Business and Trade,Cabinet Office,Department for Transport,Department for Work and Pensions",2024 Starmer Labour government,,,
https://www.gov.uk/report-unfit-work-children-vulnerable-adults,Report someone as unfit to work with children or vulnerable adults,answer,615da9fb-41b5-4cb8-8500-69e15ca3ce19,en,publisher,2017-09-04T13:50:16.239Z,2020-06-18T19:45:49.776Z,,,84,"Running a business,Working, jobs and pensions,Recruiting and hiring,Employing people,Work,GOV.UK homepage,Business and industry",Government Digital Service,Disclosure and Barring Service,,,,
https://www.gov.uk/reduced-rate-election-payroll,Payroll for female employees who pay less National Insurance,answer,526dfb19-605f-438e-9923-3c37c2a482b8,en,publisher,2014-06-12T11:50:10.000Z,2015-02-19T13:27:59.000Z,,,79,"Personal tax,GOV.UK homepage,Employees joining, leaving or changing their circumstances,Business tax,Work,Business and industry,PAYE,Payroll,Money,Employing people,Running a business",Government Digital Service,HM Revenue & Customs,,,,
https://www.gov.uk/guidance/travel-to-the-netherlands-for-work,Travel to the Netherlands for work,detailed_guide,ac948998-84c7-4197-9619-ecac8d7a36d9,en,whitehall,2021-04-29T23:00:00.000Z,2024-04-15T09:27:07.000Z,,,77,"Travel abroad,Business and industry,GOV.UK homepage,Living abroad,Going and being abroad,Work",Department for Business and Trade,Department for Business and Trade,2019 to 2022 Johnson Conservative government,,,
https://www.gov.uk/guidance/e-bulk-submitting-multiple-applications-for-dbs-checking-formerly-crb,E-bulk: submitting multiple applications for DBS checking,detailed_guide,5dbcc4ad-7631-11e4-a3cb-005056011aef,en,whitehall,2013-03-27T00:00:00.000Z,2026-02-05T15:40:25.000Z,,,76,"Work,Criminal record disclosure,Crime, justice and law,GOV.UK homepage",Disclosure and Barring Service,"Disclosure and Barring Service,Home Office",2010 to 2015 Conservative and Liberal Democrat coalition government,,,
https://www.gov.uk/guidance/travel-to-portugal-for-work,Travel to Portugal for work,detailed_guide,fc522c26-2bad-4933-9204-e7e56632fabb,en,whitehall,2021-05-27T23:00:00.000Z,2024-04-15T09:27:12.000Z,,,76,"GOV.UK homepage,Going and being abroad,Business and industry,Work,Living abroad,Travel abroad",Department for Business and Trade,Department for Business and Trade,2019 to 2022 Johnson Conservative government,,,
https://www.gov.uk/expenses-benefits-compensation-injuries-at-work,Expenses and benefits: compensation for injuries at work,answer,4cff9429-951e-47da-9b88-457511d6bbe8,en,publisher,2012-09-13T12:45:46.000Z,2012-10-08T12:30:09.000Z,,,74,"Working, jobs and pensions,GOV.UK homepage,Work",Government Digital Service,HM Revenue & Customs,,,,
https://www.gov.uk/guidance/off-payroll-working-for-clients,Off-payroll working for clients,detailed_guide,d01742f9-96c0-498e-8a46-38c73020dfc5,en,whitehall,2023-03-07T00:00:00.000Z,2024-08-30T08:41:47.000Z,,,72,"Business tax,Money,IR35: working through an intermediary,Self-employment,Off-payroll working rules,Work,Tax and National Insurance,GOV.UK homepage",HM Revenue & Customs,HM Revenue & Customs,2022 to 2024 Sunak Conservative government,,,
https://www.gov.uk/taking-disciplinary-action,Taking disciplinary action against an employee,guide,87ab8f30-d19a-4cd0-bff2-a924ed02248e,en,publisher,2012-10-03T12:48:55.000Z,2016-02-19T17:01:45.000Z,,,72,"Dismissing staff and redundancies,GOV.UK homepage,Working, jobs and pensions,Business and industry,Work,Employing people,Redundancies, dismissals and disciplinaries,Running a business",Government Digital Service,"Department for Business and Trade,Department for Work and Pensions,Department for Business, Energy & Industrial Strategy",,,,
https://www.gov.uk/informing-consulting-employees-law,Informing and consulting employees,answer,70d84091-093f-41ee-afe3-2e6008c10b71,en,publisher,2012-12-05T15:19:51.000Z,2015-09-24T10:11:08.000Z,,,72,"GOV.UK homepage,Your rights at work and trade unions,Work,Working, jobs and pensions",Government Digital Service,"Department for Business and Trade,Department for Work and Pensions,Department for Business, Energy & Industrial Strategy",,,,
https://www.gov.uk/industrial-action-strikes/your-employment-rights-during-industrial-action,Taking part in industrial action and strikes: Your employment rights during industrial action,guide,cddcbff7-b6a4-45ac-8417-e39427e86aed,en,publisher,2012-01-23T12:33:00.000Z,2016-01-12T10:37:09.000Z,,,70,"GOV.UK homepage,Your rights at work and trade unions,Work,Working, jobs and pensions",Government Digital Service,"Department for Business, Energy & Industrial Strategy,Department for Business, Innovation & Skills,Department for Work and Pensions",,,,
https://www.gov.uk/travel-disruption-your-rights-at-work,Travel disruption and work ,answer,9db0a56e-a855-4388-84a3-82f1cf3228f4,en,publisher,2012-01-18T09:05:39.000Z,2020-06-17T08:42:32.639Z,,,69,"Work,Employing people,Working, jobs and pensions,Running a business,Holidays, time off, sick leave, maternity and paternity leave,Business and industry,GOV.UK homepage",Government Digital Service,"Department for Transport,Department for Work and Pensions",,,,
https://www.gov.uk/guidance/renew-your-disability-confident-status,Renew your Disability Confident status,detailed_guide,35b99413-83a0-4b0b-aa82-4c2ffe2c3b2f,en,whitehall,2021-05-24T11:07:00.000Z,2021-05-24T11:07:00.000Z,,,69,"GOV.UK homepage,Work,Education, training and skills,Work and disabled people,Welfare,Health and social care,Disabled people,Disability rights",Department for Work and Pensions,Department for Work and Pensions,2019 to 2022 Johnson Conservative government,,,
https://www.gov.uk/guidance/travel-to-norway-for-work,Travel to Norway for work,detailed_guide,19ad6d27-d8d0-4fcd-8045-c08b1dd0ef8b,en,whitehall,2021-05-20T23:00:00.000Z,2024-04-15T09:24:51.000Z,,,66,"Travel abroad,Living abroad,Work,Business and industry,Going and being abroad,GOV.UK homepage",Department for Business and Trade,Department for Business and Trade,2019 to 2022 Johnson Conservative government,,,
https://www.gov.uk/guidance/civil-service-fast-track-apprenticeship-fast-track-schemes,Civil Service Fast Track Apprenticeship schemes,detailed_guide,63febc8f-f008-456f-b100-4488e0ee15c9,en,whitehall,2016-01-11T14:42:00.000Z,2017-02-20T15:26:25.000Z,,,64,"Civil service reform,Government technology and digital services,Work,Government efficiency, transparency and accountability,Further and higher education, skills and vocational training,Government,Education, training and skills,Job roles and talent acquisition ,Government reform ,GOV.UK homepage,Digital transformation",Civil Service Fast Track Apprenticeship,Civil Service Fast Track Apprenticeship,2015 to 2016 Cameron Conservative government,,,
https://www.gov.uk/guidance/universal-credit-for-armed-forces-personnel-posted-overseas,Universal Credit for armed forces personnel posted overseas,detailed_guide,c396ac07-bb20-4f95-ae96-a0618dc28fb7,en,whitehall,2025-01-17T00:00:00.000Z,2025-01-17T00:00:00.000Z,,,64,"Work,Defence and armed forces,GOV.UK homepage",Ministry of Defence,"Ministry of Defence,Department for Work and Pensions",2024 Starmer Labour government,,,
https://www.gov.uk/guidance/travel-to-greece-for-work,Travel to Greece for work,detailed_guide,f887ed9b-1db2-41c1-8719-a8073cc3d5f6,en,whitehall,2021-07-19T23:00:00.000Z,2024-04-15T09:24:56.000Z,,,63,"Business and industry,Work,Living abroad,Travel abroad,GOV.UK homepage,Going and being abroad",Department for Business and Trade,Department for Business and Trade,2019 to 2022 Johnson Conservative government,,,
https://www.gov.uk/guidance/travel-to-switzerland-for-work,Travel to Switzerland for work,detailed_guide,66c9e4f0-0451-4342-87b8-e43f1c40f744,en,whitehall,2021-04-29T23:00:00.000Z,2023-09-27T08:57:48.000Z,,,62,"Going and being abroad,Work,Living abroad,Travel abroad,Business and industry,GOV.UK homepage",Department for Business and Trade,Department for Business and Trade,2019 to 2022 Johnson Conservative government,,,
https://www.gov.uk/employee-ownership,Employee ownership businesses,answer,cf09236e-707b-4e9e-8f2b-a3aae2e0f51d,en,publisher,2013-09-24T13:08:37.000Z,2014-11-19T15:05:33.000Z,,,56,"Working, jobs and pensions,Contracts and working hours,Work,GOV.UK homepage",Government Digital Service,"Department for Business and Trade,Department for Business, Energy & Industrial Strategy",,,,
https://www.gov.uk/guidance/travel-to-poland-for-work,Travel to Poland for work,detailed_guide,0a809cd7-2dcf-4f93-981a-9ecaa9b089d2,en,whitehall,2021-05-27T23:00:00.000Z,2024-04-15T09:25:01.000Z,,,56,"GOV.UK homepage,Work,Going and being abroad,Living abroad,Business and industry,Travel abroad",Department for Business and Trade,Department for Business and Trade,2019 to 2022 Johnson Conservative government,,,
https://www.gov.uk/anti-bribery-policy,Anti-bribery policy,answer,4439f170-b222-424f-b3eb-ccf24df0700c,en,publisher,2012-07-03T15:12:11.000Z,2022-12-06T14:06:03.966Z,,,51,"GOV.UK homepage,Work,Contracts and working hours,Working, jobs and pensions",Government Digital Service,"Department for Business and Trade,Department for Business, Energy & Industrial Strategy",,,,
https://www.gov.uk/guidance/national-insurance-credits-for-partners-of-armed-forces-personnel-overseas,National Insurance credits for partners of armed forces personnel overseas,detailed_guide,a3164064-8ad1-46a0-93c4-5773ab64b504,en,whitehall,2019-05-19T23:15:00.000Z,2019-05-19T23:15:00.000Z,,,50,"Benefits entitlement,Money,Defence and armed forces,Welfare,National Insurance,Work,Pensions and ageing society,GOV.UK homepage,Personal tax",Department for Work and Pensions,"Department for Work and Pensions,HM Revenue & Customs,Ministry of Defence",2016 to 2019 May Conservative government,,,
https://www.gov.uk/guidance/the-information-and-consultation-regulations,The Information and Consultation Regulations,detailed_guide,40ee25cd-c8d5-4e81-adb5-7c2fd81e1d6b,en,whitehall,2020-09-16T23:00:00.000Z,2020-09-16T23:00:00.000Z,,,48,"GOV.UK homepage,Work",Central Arbitration Committee,Central Arbitration Committee,2019 to 2022 Johnson Conservative government,,,
https://www.gov.uk/guidance/key-information-document-guidance-for-agency-workers-paid-through-umbrella-companies,Key information document: guidance for agency workers paid through umbrella companies,detailed_guide,966e3204-8b30-4e19-baac-bc1bc76baa17,en,whitehall,2022-11-07T00:00:00.000Z,2024-09-20T14:12:31.000Z,,,46,"Working, jobs and pensions,Work,GOV.UK homepage,Labour market reform,Contracts and working hours",Department for Business and Trade,"Department for Business and Trade,Employment Agency Standards Inspectorate",2022 to 2024 Sunak Conservative government,,,
https://www.gov.uk/selling-your-business-your-responsibilities,Selling your business: your responsibilities,guide,faf861d3-2bc7-47d6-9920-1db275b5c38a,en,publisher,2012-10-16T20:30:56.000Z,2014-12-11T11:56:33.000Z,,,45,"GOV.UK homepage,Self-employment,Work,Limited companies and partnerships,Running a business,Business and industry,Stopping or selling your business,Company closure, administration, liquidation and insolvency ",Government Digital Service,"Companies House,Department for Business and Trade,HM Revenue & Customs",,,,
https://www.gov.uk/guidance/recruit-trainee-teachers-from-overseas-accredited-itt-providers,Recruit trainee teachers from overseas: accredited ITT providers,detailed_guide,0342a383-f010-4c9b-936b-715d36149caf,en,whitehall,2020-09-15T23:00:00.000Z,2025-12-18T14:18:50.000Z,,,44,"Initial Teacher Training (ITT),Entering and staying in the UK,Visa sponsorship,Working, jobs and pensions,GOV.UK homepage,Teacher training and professional development,Recruiting and hiring,Qualified Teacher Status (QTS),Student visas,Work,Visas and entry clearance,Teaching and leadership,Recruiting, inducting and managing teachers,Education, training and skills,Visa applications",Department for Education,Department for Education,2019 to 2022 Johnson Conservative government,,,
https://www.gov.uk/working-with-trade-unions/collective-bargaining,Working with trade unions: employers: Collective bargaining,guide,088bed7b-0b5a-4da7-9ee7-2e2a87acda05,en,publisher,2012-10-16T19:13:39.000Z,2025-01-16T16:02:33.148Z,,,43,"Work,Trade unions,GOV.UK homepage",Government Digital Service,Department for Business and Trade,,,,
https://www.gov.uk/guidance/share-fisherman-income-tax-and-national-insurance-contributions,Share fisher: Income Tax and National Insurance contributions,detailed_guide,601bd83b-7631-11e4-a3cb-005056011aef,en,whitehall,2014-09-24T23:00:00.000Z,2025-04-23T12:49:55.000Z,,,41,"Self-employment,Money,Work,GOV.UK homepage,Tax and National Insurance",HM Revenue & Customs,HM Revenue & Customs,2010 to 2015 Conservative and Liberal Democrat coalition government,,,
https://www.gov.uk/guidance/tax-professional-development-programme,Join the HMRC graduate programme (Tax Professional),detailed_guide,5d606deb-7631-11e4-a3cb-005056011aef,en,whitehall,2013-02-27T00:00:00.000Z,2023-12-04T13:50:38.000Z,,,41,"Government graduate schemes,Corporate information,Work,GOV.UK homepage",HM Revenue & Customs,HM Revenue & Customs,2010 to 2015 Conservative and Liberal Democrat coalition government,,,
https://www.gov.uk/guidance/travel-to-denmark-for-work,Travel to Denmark for work,detailed_guide,82f0dab2-1a4d-4652-9206-88797e999972,en,whitehall,2021-05-25T23:00:00.000Z,2024-04-15T09:23:29.000Z,,,41,"Business and industry,GOV.UK homepage,Living abroad,Travel abroad,Work,Going and being abroad",Department for Business and Trade,Department for Business and Trade,2019 to 2022 Johnson Conservative government,,,
https://www.gov.uk/guidance/the-dbs-regional-outreach-service,The DBS Regional Outreach service,detailed_guide,c13314de-2f1e-4e8a-8b5d-e3910be34209,en,whitehall,2021-02-08T00:00:00.000Z,2025-11-11T11:21:59.000Z,,,40,"GOV.UK homepage,Work,Recruiting and hiring,Criminal record disclosure,Crime, justice and law,Working, jobs and pensions",Disclosure and Barring Service,Disclosure and Barring Service,2019 to 2022 Johnson Conservative government,,,
https://www.gov.uk/guidance/state-pension-if-youve-lived-in-australia-canada-or-new-zealand,"State Pension if you've lived in Australia, Canada or New Zealand",detailed_guide,091e2f78-0300-4dcc-8b58-de75c8764741,en,whitehall,2021-04-30T13:32:00.000Z,2021-08-09T11:49:42.000Z,,,40,"Work,GOV.UK homepage,Brexit,Pensions and ageing society,Government",Department for Work and Pensions,Department for Work and Pensions,2019 to 2022 Johnson Conservative government,,,
https://www.gov.uk/guidance/benefits-and-pensions-for-eea-and-swiss-citizens-in-the-uk,Benefits and pensions for EEA and Swiss citizens in the UK,detailed_guide,bdf8f16d-b23b-4961-ad53-8c9cf3f7b1ec,en,whitehall,2020-01-24T13:56:00.000Z,2021-07-01T12:08:04.000Z,,,39,"Government,Work,Welfare,Brexit,Entering and staying in the UK,Benefits entitlement,Rights of foreign nationals in the UK,GOV.UK homepage,Rights of EU and EEA citizens,Pensions and ageing society",Department for Work and Pensions,Department for Work and Pensions,2019 to 2022 Johnson Conservative government,,,
https://www.gov.uk/guidance/travel-to-finland-for-work,Travel to Finland for work,detailed_guide,b5800769-ca7d-4006-8340-d025b49757d5,en,whitehall,2021-06-21T23:00:00.000Z,2024-04-15T09:25:42.000Z,,,39,"Work,GOV.UK homepage,Going and being abroad,Travel abroad,Living abroad,Business and industry",Department for Business and Trade,Department for Business and Trade,2019 to 2022 Johnson Conservative government,,,
https://www.gov.uk/guidance/help-to-find-work-for-universal-credit-claimants-aged-18-to-24,Help to find work for Universal Credit claimants aged 16 to 24,detailed_guide,2b7e4a49-8381-4216-8370-498bd3500947,en,whitehall,2021-01-08T00:00:00.000Z,2024-03-28T16:34:23.000Z,,,39,"Becoming an intern or trainee,Apprenticeships, traineeships and internships,Work,Education, training and skills,Finding a job,GOV.UK homepage,Working, jobs and pensions,Further and higher education, skills and vocational training,Becoming an apprentice",Department for Work and Pensions,Department for Work and Pensions,2019 to 2022 Johnson Conservative government,,,
https://www.gov.uk/guidance/travel-to-belgium-for-work,Travel to Belgium for work,detailed_guide,75066f7f-4ec9-43de-a8f7-4cb39a2ed7ad,en,whitehall,2021-04-29T23:00:00.000Z,2024-04-15T09:25:59.000Z,,,37,"GOV.UK homepage,Living abroad,Business and industry,Going and being abroad,Work,Travel abroad",Department for Business and Trade,Department for Business and Trade,2019 to 2022 Johnson Conservative government,,,
https://www.gov.uk/guidance/mini-umbrella-company-fraud,Mini umbrella company fraud,detailed_guide,a801aca8-74e3-4bb5-8eb2-a24b423c594b,en,whitehall,2021-05-09T23:00:00.000Z,2025-08-04T12:27:34.000Z,,,37,"PAYE,Paying HMRC,Dealing with HMRC,Business tax,Tax compliance,Money,IR35: working through an intermediary,GOV.UK homepage,Work,PAYE ,VAT,Income Tax and National Insurance,Personal tax,Off-payroll working rules",HM Revenue & Customs,HM Revenue & Customs,2019 to 2022 Johnson Conservative government,,,
https://www.gov.uk/guidance/travel-to-cyprus-for-work,Travel to Cyprus for work,detailed_guide,d5b1443f-8e7a-4dd3-a0f2-720fcbbbbf30,en,whitehall,2021-06-29T23:00:00.000Z,2024-04-15T09:25:56.000Z,,,37,"GOV.UK homepage,Going and being abroad,Travel abroad,Business and industry,Work,Living abroad",Department for Business and Trade,Department for Business and Trade,2019 to 2022 Johnson Conservative government,,,
https://www.gov.uk/guidance/return-to-your-claim-for-the-self-employment-income-support-scheme,Return to your claim for the Self-Employment Income Support Scheme,detailed_guide,b168bfd3-54c8-48e7-913e-a74af2b9386c,en,whitehall,2020-10-19T23:15:00.000Z,2022-03-09T08:45:38.000Z,,,37,"Self-employment,Funding and support for businesses during COVID-19,Support for businesses and self-employed people during COVID-19,COVID-19,GOV.UK homepage,Support for self-employed people and sole traders during COVID-19,Work,Health and social care",HM Revenue & Customs,HM Revenue & Customs,2019 to 2022 Johnson Conservative government,,,
https://www.gov.uk/guidance/travel-to-sweden-for-work,Travel to Sweden for work,detailed_guide,72c18cac-e174-42cf-8fab-64fd0e7ca818,en,whitehall,2021-04-29T23:00:00.000Z,2024-04-15T09:24:48.000Z,,,37,"Travel abroad,GOV.UK homepage,Work,Living abroad,Going and being abroad,Business and industry",Department for Business and Trade,Department for Business and Trade,2019 to 2022 Johnson Conservative government,,,
https://www.gov.uk/guidance/code-of-practice,Code of Practice,detailed_guide,ba49c0b4-5d68-4a4e-ab77-858b46d24d5d,en,whitehall,2020-09-22T10:08:49.000Z,2020-09-22T10:08:49.000Z,,,36,"GOV.UK homepage,Work",Central Arbitration Committee,Central Arbitration Committee,2019 to 2022 Johnson Conservative government,,,
https://www.gov.uk/complain-trade-union,Complain about your trade union,guide,4535627b-2b8a-42d6-82f2-fc8a81986247,en,publisher,2014-09-19T15:36:06.000Z,2014-12-02T15:24:34.000Z,,,36,"Work,Working, jobs and pensions,Your rights at work and trade unions,GOV.UK homepage",Government Digital Service,"Department for Business and Trade,Department for Business, Energy & Industrial Strategy",,,,
https://www.gov.uk/nominate-someone-to-collect-state-pension,Nominate someone to collect State Pension,answer,be13f64e-336f-4580-b03a-45b1aa3e31f9,en,publisher,2011-12-07T10:10:30.000Z,2025-01-09T17:00:35.359Z,,,35,"State Pension,Working, jobs and pensions,Work,GOV.UK homepage",Government Digital Service,Department for Work and Pensions,,,,
https://www.gov.uk/guidance/travel-to-malta-for-work,Travel to Malta for work,detailed_guide,577722a9-3db8-4360-980b-bac9f59c316e,en,whitehall,2021-06-28T23:00:00.000Z,2024-04-15T09:25:45.000Z,,,34,"GOV.UK homepage,Living abroad,Travel abroad,Business and industry,Going and being abroad,Work",Department for Business and Trade,Department for Business and Trade,2019 to 2022 Johnson Conservative government,,,
https://www.gov.uk/guidance/temporary-jobcentres-during-the-coronavirus-covid-19-pandemic,Temporary jobcentres,detailed_guide,325d76f2-3947-4abf-90d5-cf8e1e0a3911,en,whitehall,2021-03-23T00:00:00.000Z,2026-01-28T17:44:01.000Z,,,31,"Government efficiency, transparency and accountability,Work,Government,Working, jobs and pensions,GOV.UK homepage",Department for Work and Pensions,Department for Work and Pensions,2019 to 2022 Johnson Conservative government,,,
https://www.gov.uk/using-a-recruitment-agency-to-find-staff,Using a recruitment agency to find staff,answer,37359247-43e8-4ed4-8178-9902f49177b7,en,publisher,2012-10-12T14:06:52.000Z,2015-07-10T14:32:40.000Z,,,29,"Employing people,GOV.UK homepage,Business and industry,Running a business,Recruiting and hiring,Work,Working, jobs and pensions",Government Digital Service,"Department for Business and Trade,Department for Business, Energy & Industrial Strategy",,,,
https://www.gov.uk/guidance/complain-to-the-certification-officer-about-a-trade-union-or-an-employers-association,Complain to the Certification Officer about a trade union or an employers’ association,detailed_guide,a4c1bce7-2845-48fa-9239-824127c079e4,en,whitehall,2024-02-28T00:00:00.000Z,2024-02-28T00:00:00.000Z,,,29,"Work,Courts, sentencing and tribunals,Crime, justice and law,GOV.UK homepage,Trade unions",Certification Officer,Certification Officer,2022 to 2024 Sunak Conservative government,,,
https://www.gov.uk/guidance/travel-to-austria-for-work,Travel to Austria for work,detailed_guide,62588ceb-e6c8-492e-b7d8-7710f7120dea,en,whitehall,2021-05-20T23:00:00.000Z,2024-04-15T09:26:02.000Z,,,28,"Travel abroad,Living abroad,Business and industry,GOV.UK homepage,Going and being abroad,Work",Department for Business and Trade,Department for Business and Trade,2019 to 2022 Johnson Conservative government,,,
https://www.gov.uk/guidance/responsibilities-for-employment-businesses-working-with-umbrella-companies,Responsibilities for employment businesses working with umbrella companies,detailed_guide,38636d4b-5a62-462f-b449-ddd1f3c35860,en,whitehall,2023-11-30T00:00:00.000Z,2025-09-17T14:00:00.000Z,,,28,"Work,Money,GOV.UK homepage,Personal tax,Contracts and working hours,Working, jobs and pensions,Income Tax",HM Revenue & Customs,HM Revenue & Customs,2022 to 2024 Sunak Conservative government,,,
https://www.gov.uk/guidance/civil-service-secondments-and-loans-how-to-apply,Civil Service secondments and loans: how to apply,detailed_guide,5f130acf-7631-11e4-a3cb-005056011aef,en,whitehall,2014-04-30T11:54:00.000Z,2014-04-30T11:54:00.000Z,,,27,"Secondments with government,GOV.UK homepage,Work",Civil Service,Civil Service,2010 to 2015 Conservative and Liberal Democrat coalition government,,,
https://www.gov.uk/guidance/what-to-do-if-your-employee-has-more-than-1-job,What to do if your employee has more than 1 job,detailed_guide,5f12dc0e-7631-11e4-a3cb-005056011aef,en,whitehall,2014-06-12T09:01:00.000Z,2014-06-12T09:01:00.000Z,,,25,"GOV.UK homepage,PAYE,Money,Work,Employees joining, leaving or changing their circumstances,Business tax",HM Revenue & Customs,HM Revenue & Customs,2010 to 2015 Conservative and Liberal Democrat coalition government,,,
https://www.gov.uk/guidance/applying-to-be-on-the-official-list-of-trade-unions-or-employers-associations,Apply to be on the official list of trade unions or employers’ associations,detailed_guide,7bcdd717-f8e1-4d65-a125-a9193cdfa335,en,whitehall,2024-02-28T00:00:00.000Z,2024-02-28T00:00:00.000Z,,,25,"Work,Crime, justice and law,Courts, sentencing and tribunals,Trade unions,GOV.UK homepage",Certification Officer,Certification Officer,2022 to 2024 Sunak Conservative government,,,
https://www.gov.uk/guidance/frequently-asked-questions-faqs,Frequently Asked Questions (FAQs),detailed_guide,096aefea-1358-43c9-a3b4-5c0813edc82e,en,whitehall,2024-08-08T10:21:40.000Z,2024-08-08T10:21:40.000Z,,,24,"GOV.UK homepage,Work",Central Arbitration Committee,Central Arbitration Committee,2024 Starmer Labour government,,,
https://www.gov.uk/guidance/pension-claim-guidance-for-insolvency-practitioners,Pension claim guidance for insolvency practitioners,detailed_guide,dceb9890-2b71-40cf-85a1-f2ccbf4170b4,en,whitehall,2020-12-09T00:00:00.000Z,2025-06-18T11:12:07.000Z,,,24,"Work,GOV.UK homepage,Working, jobs and pensions",The Insolvency Service,The Insolvency Service,2019 to 2022 Johnson Conservative government,,,
https://www.gov.uk/guidance/employee-shareholders,Employee shareholders,detailed_guide,5e5e251f-7631-11e4-a3cb-005056011aef,en,whitehall,2013-08-31T23:15:00.000Z,2016-11-23T16:01:23.000Z,,,24,"Running a business,GOV.UK homepage,Business and industry,Business auditing, accounting and reporting,Work",Department for Business and Trade,"Department for Business and Trade,Department for Business, Energy & Industrial Strategy",2010 to 2015 Conservative and Liberal Democrat coalition government,,,
https://www.gov.uk/guidance/providing-services-to-any-country-in-the-eu-iceland-liechtenstein-norway-or-switzerland-after-eu-exit,"Selling services to the EU, Switzerland, Norway, Iceland and Liechtenstein",detailed_guide,e9dca8c7-04f5-4065-b2ac-70d140512bfa,en,whitehall,2019-06-16T23:00:00.000Z,2024-01-23T12:17:47.000Z,,,23,"Running a business,Government,Business regulation,Trade and investment,Business and industry,GOV.UK homepage,Going and being abroad,Brexit,Work",Department for Business and Trade,"Department for Business and Trade,Department for International Trade",2016 to 2019 May Conservative government,,,
https://www.gov.uk/war-pension-armed-forces-compensation-tribunal,War Pensions and Armed Forces Compensation Tribunal,guide,c6dbb41c-265c-4486-b13e-f73b8981c8ad,en,publisher,2013-06-26T16:28:17.000Z,2024-12-05T16:52:37.934Z,,,22,"Armed forces,Work,GOV.UK homepage,Defence and armed forces,Working, jobs and pensions,Workplace and personal pensions",Government Digital Service,"HM Courts & Tribunals Service,Veterans UK",,,,
https://www.gov.uk/employers-responsibilities-equality-monitoring,Employers' responsibilities: equality monitoring,answer,96d6b72f-d099-4a37-87cb-8c3e1c2d9e40,en,publisher,2012-07-03T14:47:37.000Z,2015-11-02T16:57:37.000Z,,,22,"Business and industry,Employing people,Work,Running a business,Recruiting and hiring,Working, jobs and pensions,GOV.UK homepage",Government Digital Service,"Department for Business and Trade,Government Equalities Office,Department for Business, Energy & Industrial Strategy",,,,
https://www.gov.uk/guidance/appeal-against-a-pensions-regulator-fine,Appeal against a Pensions Regulator fine,detailed_guide,60567ff5-7631-11e4-a3cb-005056011aef,en,whitehall,2014-12-19T00:00:00.000Z,2025-07-31T08:07:31.000Z,,,21,"Pensions and ageing society,Work,GOV.UK homepage,Courts, sentencing and tribunals,Crime, justice and law",HM Courts & Tribunals Service,HM Courts & Tribunals Service,2010 to 2015 Conservative and Liberal Democrat coalition government,,,
https://www.gov.uk/guidance/travel-to-romania-for-work,Travel to Romania for work,detailed_guide,cb23569e-8c3c-4665-bcb8-16b8514a0b4b,en,whitehall,2021-08-26T23:00:00.000Z,2024-04-15T09:25:53.000Z,,,20,"Business and industry,Travel abroad,GOV.UK homepage,Living abroad,Work,Going and being abroad",Department for Business and Trade,Department for Business and Trade,2019 to 2022 Johnson Conservative government,,,
https://www.gov.uk/jobsearch-rights,Your rights and safety when looking for a job,answer,c67916ea-924c-425a-9a8b-1596c8ecba6f,en,publisher,2012-11-01T11:47:40.000Z,2022-05-24T13:51:56.627Z,,,19,"Working, jobs and pensions,Work,Finding a job,GOV.UK homepage",Government Digital Service,Department for Work and Pensions,,,,
https://www.gov.uk/employee-changes-gender,What to do if an employee changes gender,answer,d4fed652-7685-4adb-8baf-684a962575cf,en,publisher,2014-06-12T11:50:06.000Z,2015-04-17T14:22:36.000Z,,,19,"Payroll,Money,PAYE,Business and industry,GOV.UK homepage,Running a business,Employees joining, leaving or changing their circumstances,Work,Employing people,Business tax",Government Digital Service,"Government Equalities Office,HM Revenue & Customs",,,,
https://www.gov.uk/guidance/travel-to-croatia-for-work,Travel to Croatia for work,detailed_guide,ac1764b8-a0a8-4c47-8b00-0e5d569e9e4f,en,whitehall,2021-08-31T23:00:00.000Z,2024-04-15T09:27:04.000Z,,,19,"Living abroad,Going and being abroad,Business and industry,GOV.UK homepage,Travel abroad,Work",Department for Business and Trade,Department for Business and Trade,2019 to 2022 Johnson Conservative government,,,
https://www.gov.uk/guidance/statutory-recognition-guidance-on-part-i-of-schedule-a1,Statutory Recognition – Guidance on Part I of Schedule A1,detailed_guide,59e7a1e2-2c7a-434d-abc2-315760c4d6ce,en,whitehall,2020-09-14T23:00:00.000Z,2022-06-07T10:09:42.000Z,,,19,"Work,GOV.UK homepage",Central Arbitration Committee,Central Arbitration Committee,2019 to 2022 Johnson Conservative government,,,
https://www.gov.uk/guidance/staff-transfers,Staff Transfers,detailed_guide,4e6e42b8-61c7-45d5-a3ac-20ff7cfca65b,en,whitehall,2024-11-26T00:00:00.000Z,2024-11-26T00:00:00.000Z,,,18,"Work,GOV.UK homepage,Pensions and ageing society,Public service pensions",Government Actuary's Department,Government Actuary's Department,2024 Starmer Labour government,,,
https://www.gov.uk/derecognise-a-union/employers-union-membership-less-than-50,Derecognise a union: Employers: union membership is less than 50%,guide,c41632b8-306a-4bd5-a079-d110d52f4e19,en,publisher,2014-09-18T10:34:12.000Z,2025-01-17T14:36:49.126Z,,,18,"GOV.UK homepage,Work,Trade unions",Government Digital Service,Central Arbitration Committee,,,,
https://www.gov.uk/if-your-business-faces-industrial-action/nonunion-employees-and-strikes,If your business faces industrial action: Non-union employees and strikes,guide,146e3568-3e19-46a4-8418-ec8e6585424a,en,publisher,2012-11-08T16:24:55.000Z,2015-08-12T14:17:12.000Z,,,18,"Work,Trade unions,GOV.UK homepage",Government Digital Service,Department for Business and Trade,,,,
https://www.gov.uk/guidance/taxation-of-renewable-heat-incentives,Taxation of Renewable Heat Incentives,detailed_guide,46223d98-a2cb-474d-8807-18aaca3c3f84,en,whitehall,2015-10-13T23:00:00.000Z,2024-08-23T10:49:34.000Z,,,18,"Work,Business tax,Money,GOV.UK homepage,Personal tax,Corporation Tax,Self-employment",HM Revenue & Customs,HM Revenue & Customs,2015 to 2016 Cameron Conservative government,,,
https://www.gov.uk/guidance/minimum-wage-seafarers-and-other-people-working-at-sea,Minimum wage: seafarers and other people working at sea,detailed_guide,769905b3-3eb9-4c20-a46e-e4a09d3b9add,en,whitehall,2018-01-18T00:00:00.000Z,2022-02-23T10:46:51.000Z,,,17,"Working, jobs and pensions,Work,GOV.UK homepage,Employment of seafarers,Transport,Your pay, tax and the National Minimum Wage,Maritime and shipping,Seafarer management, training and certification",Department for Business and Trade,"Department for Business and Trade,Department for Business, Energy & Industrial Strategy",2016 to 2019 May Conservative government,,,
https://www.gov.uk/guidance/defence-equipment-support-des-apprenticeships,Defence Equipment & Support (DE&S) apprenticeships,detailed_guide,06711571-5d9b-45ba-905a-d7af38bd73ff,en,whitehall,2024-01-23T15:21:35.000Z,2024-01-23T15:21:35.000Z,,,17,"Further and higher education, skills and vocational training,Careers guidance in further and higher education,Further and higher education courses and qualifications,Education, training and skills,GOV.UK homepage,Defence and armed forces,Military recruitment, training and operations,Becoming an apprentice,Finding a job,Working, jobs and pensions,Apprenticeships, traineeships and internships,Types of apprenticeships,Work,Government graduate schemes",Defence Equipment and Support,Defence Equipment and Support,2022 to 2024 Sunak Conservative government,,,
https://www.gov.uk/guidance/disclosure-and-barring-service-representations-process,DBS disclosure representations process,detailed_guide,5df645e9-7631-11e4-a3cb-005056011aef,en,whitehall,2013-03-28T00:00:00.000Z,2018-06-18T15:04:21.000Z,,,17,"Crime, justice and law,Work,Criminal record disclosure,GOV.UK homepage",Disclosure and Barring Service,Disclosure and Barring Service,2010 to 2015 Conservative and Liberal Democrat coalition government,,,
https://www.gov.uk/guidance/apply-for-a-certificate-of-independence,Apply for a Certificate of Independence,detailed_guide,00b50b1d-ea6b-4964-87ac-7d3546f113c4,en,whitehall,2024-02-28T00:00:00.000Z,2024-02-28T00:00:00.000Z,,,16,"Crime, justice and law,Courts, sentencing and tribunals,Work,Trade unions,GOV.UK homepage",Certification Officer,Certification Officer,2022 to 2024 Sunak Conservative government,,,
https://www.gov.uk/guidance/tell-hmrc-and-pay-the-self-employment-income-support-scheme-grant-back,Tell HMRC and pay back a Self-Employment Income Support Scheme grant,detailed_guide,f420a3b1-e831-4c5f-9114-ea52305b2577,en,whitehall,2020-07-13T23:00:00.000Z,2022-01-10T12:22:26.000Z,,,16,"Self-employment,Money,Support for businesses and self-employed people during COVID-19,COVID-19,Health and social care,Support for self-employed people and sole traders during COVID-19,Dealing with HMRC,Paying HMRC,Work,GOV.UK homepage",HM Revenue & Customs,HM Revenue & Customs,2019 to 2022 Johnson Conservative government,,,
https://www.gov.uk/guidance/examples-of-good-practice-for-umbrella-companies-in-the-temporary-labour-market,Examples of good practice for umbrella companies in the temporary labour market,detailed_guide,a63a09fe-94e4-44bb-a6a4-aa8b8b803a00,en,whitehall,2025-04-07T23:00:00.000Z,2025-09-17T14:00:00.000Z,,,15,"Work,Tax avoidance,Paying HMRC,Contracts and working hours,Working, jobs and pensions,GOV.UK homepage,Dealing with HMRC,Tax compliance,Money,Income Tax and National Insurance",HM Revenue & Customs,HM Revenue & Customs,2024 Starmer Labour government,,,
https://www.gov.uk/request-information-consultation-agreement,Request an information and consultation agreement with your employer,guide,484c2386-506a-4bc7-970a-9a438129c921,en,publisher,2014-09-18T10:32:13.000Z,2015-09-24T10:10:40.000Z,,,14,"Working, jobs and pensions,Work,Your rights at work and trade unions,GOV.UK homepage",Government Digital Service,"Department for Business and Trade,Advisory, Conciliation and Arbitration Service,Central Arbitration Committee,Department for Business, Energy & Industrial Strategy",,,,
https://www.gov.uk/guidance/staff-transfers-between-public-service-pension-schemes,Staff transfers between public service pension schemes,detailed_guide,eaa9d9fa-bee6-400d-b549-be1e8b455bc8,en,whitehall,2024-11-26T08:43:02.000Z,2024-11-26T08:43:02.000Z,,,13,"Public service pensions,Work,Pensions and ageing society,GOV.UK homepage",Government Actuary's Department,Government Actuary's Department,2024 Starmer Labour government,,,
https://www.gov.uk/health-and-safety-on-ships,Health and safety on ships,guide,4f8eaa3e-2561-4284-b0e0-3a629510f3c8,en,publisher,2012-10-16T20:42:39.000Z,2024-11-15T13:32:12.457Z,,,13,"GOV.UK homepage,Work,Health and safety at work",Government Digital Service,Maritime and Coastguard Agency,,,,
https://www.gov.uk/guidance/sections-181-185-of-the-trade-union-and-labour-relations-consolidation-act-1992,Sections 181-185 of the Trade Union and Labour Relations (Consolidation) Act 1992,detailed_guide,28f26572-ed9c-4517-8125-538f2f420488,en,whitehall,2020-09-15T12:41:00.000Z,2020-09-15T12:41:00.000Z,,,13,"GOV.UK homepage,Work",Central Arbitration Committee,Central Arbitration Committee,2019 to 2022 Johnson Conservative government,,,
https://www.gov.uk/guidance/report-financial-irregularity-in-a-trade-union-or-employers-association,Report financial irregularity in a trade union or employers’ association,detailed_guide,4ffcbc25-c2d3-4fcf-81ca-1b40938f7102,en,whitehall,2024-02-28T00:00:00.000Z,2024-02-28T00:00:00.000Z,,,13,"Courts, sentencing and tribunals,Crime, justice and law,GOV.UK homepage,Work,Trade unions",Certification Officer,Certification Officer,2022 to 2024 Sunak Conservative government,,,
https://www.gov.uk/guidance/travel-to-luxembourg-for-work,Travel to Luxembourg for work,detailed_guide,3b1dba9f-e2bc-4544-a513-4411ce399a82,en,whitehall,2021-05-27T23:00:00.000Z,2024-04-15T09:23:17.000Z,,,11,"Business and industry,GOV.UK homepage,Living abroad,Going and being abroad,Travel abroad,Work",Department for Business and Trade,Department for Business and Trade,2019 to 2022 Johnson Conservative government,,,
https://www.gov.uk/guidance/travel-to-bulgaria-for-work,Travel to Bulgaria for work,detailed_guide,e24ee459-0756-4c5e-95b1-717ddc4f4ce2,en,whitehall,2021-06-13T23:00:00.000Z,2024-04-15T09:23:36.000Z,,,11,"Travel abroad,Living abroad,Business and industry,Work,Going and being abroad,GOV.UK homepage",Department for Business and Trade,Department for Business and Trade,2019 to 2022 Johnson Conservative government,,,
https://www.gov.uk/guidance/defence-equipment-support-des-graduate-schemes,Defence Equipment & Support (DE&S) graduate schemes,detailed_guide,53237417-6350-4bf2-b398-41a2c1b6129a,en,whitehall,2024-01-23T15:26:27.000Z,2024-01-23T15:26:27.000Z,,,11,"GOV.UK homepage,Work,Further and higher education, skills and vocational training,Apprenticeships, traineeships and internships,Careers guidance in further and higher education,Finding a job,Working, jobs and pensions,Education, training and skills,Government graduate schemes,Defence and armed forces,Military recruitment, training and operations,Further and higher education courses and qualifications",Defence Equipment and Support,Defence Equipment and Support,2022 to 2024 Sunak Conservative government,,,
https://www.gov.uk/guidance/travel-to-hungary-for-work,Travel to Hungary for work,detailed_guide,4499b7e9-a269-4bf0-8c06-0788baf40ed9,en,whitehall,2021-05-20T23:00:00.000Z,2024-04-15T09:27:15.000Z,,,10,"Travel abroad,Business and industry,Going and being abroad,Work,Living abroad,GOV.UK homepage",Department for Business and Trade,Department for Business and Trade,2019 to 2022 Johnson Conservative government,,,
https://www.gov.uk/guidance/submit-an-annual-return-for-a-trade-union,Submit an annual return for a trade union,detailed_guide,09d0c3e5-b761-4fa5-8aa2-0251b4ac8a16,en,whitehall,2024-02-28T00:00:00.000Z,2024-02-28T00:00:00.000Z,,,10,"GOV.UK homepage,Courts, sentencing and tribunals,Work,Crime, justice and law,Trade unions",Certification Officer,Certification Officer,2022 to 2024 Sunak Conservative government,,,
https://www.gov.uk/guidance/travel-to-iceland-for-work,Travel to Iceland for work,detailed_guide,9eaabcac-d5f0-4a20-825f-cefd40c3d579,en,whitehall,2021-06-16T23:00:00.000Z,2024-04-15T09:26:55.000Z,,,10,"Living abroad,Business and industry,Work,GOV.UK homepage,Going and being abroad,Travel abroad",Department for Business and Trade,Department for Business and Trade,2019 to 2022 Johnson Conservative government,,,
https://www.gov.uk/guidance/apply-for-backdated-state-pension-if-youre-a-transgender-woman,Apply for backdated State Pension if you’re a transgender woman,detailed_guide,54581b5a-97fe-45d5-b76d-152ed7cbf9c1,en,whitehall,2021-10-03T23:00:00.000Z,2025-10-15T15:03:39.000Z,,,10,"Work,State Pension age,Pensions and ageing society,GOV.UK homepage",Department for Work and Pensions,Department for Work and Pensions,2019 to 2022 Johnson Conservative government,,,
https://www.gov.uk/employers-for-carers,Employing people who are carers: advice and training,answer,b66b2fce-af35-43ba-8d72-67ff653ab114,en,publisher,2014-01-08T17:07:29.000Z,2024-10-22T11:42:14.114Z,,,10,"Work,Working, jobs and pensions,GOV.UK homepage",Government Digital Service,Department for Work and Pensions,,,,
https://www.gov.uk/guidance/veterans-industry-engagement-programme,Veterans Industry Engagement Programme,detailed_guide,2f071179-17ca-49df-939f-320a0f068763,en,whitehall,2025-11-25T16:19:46.000Z,2025-11-25T16:19:46.000Z,,,10,"GOV.UK homepage,Armed Forces Covenant,Employers' associations,Veterans and family support,Work,Defence and armed forces,Business and industry",Ministry of Defence,"Ministry of Defence,Office for Veterans' Affairs",2024 Starmer Labour government,,,
https://www.gov.uk/guidance/international-secondments-for-the-foreign-and-commonwealth-office,International secondments for the Foreign and Commonwealth Office,detailed_guide,5c85b61c-7631-11e4-a3cb-005056011aef,en,whitehall,2012-12-12T18:51:00.000Z,2016-12-12T20:40:55.000Z,,,10,"GOV.UK homepage,Secondments with government,Work",Foreign & Commonwealth Office,Foreign & Commonwealth Office,2010 to 2015 Conservative and Liberal Democrat coalition government,,,
https://www.gov.uk/guidance/travel-to-czechia-for-work,Travel to Czechia for work,detailed_guide,33e83b65-6bd3-423f-8974-42b40438a29a,en,whitehall,2021-06-27T23:00:00.000Z,2024-04-15T09:27:01.000Z,,,10,"GOV.UK homepage,Going and being abroad,Business and industry,Living abroad,Work,Travel abroad",Department for Business and Trade,Department for Business and Trade,2019 to 2022 Johnson Conservative government,,,
https://www.gov.uk/guidance/trade-union-recognition-how-to-apply-to-the-cac,Trade union recognition: how to apply to the CAC,detailed_guide,5fdc1551-7631-11e4-a3cb-005056011aef,en,whitehall,2014-10-23T15:00:00.000Z,2014-10-23T15:00:00.000Z,,,9,"Work,Labour market reform,GOV.UK homepage",Central Arbitration Committee,Central Arbitration Committee,2010 to 2015 Conservative and Liberal Democrat coalition government,,,
https://www.gov.uk/guidance/report-changes-to-your-disability-confident-details,Make changes to your Disability Confident details,detailed_guide,d75b6f9d-e807-49ba-8e6c-10739dc18670,en,whitehall,2021-06-15T15:51:00.000Z,2021-06-15T15:51:00.000Z,,,9,"Welfare,Disability rights,GOV.UK homepage,Work and disabled people,Disabled people,Education, training and skills,Work,Health and social care",Department for Work and Pensions,Department for Work and Pensions,2019 to 2022 Johnson Conservative government,,,
https://www.gov.uk/appeal-call-up-reserve-forces,Appeal a call up to the reserve forces,guide,dcc94e4d-f7f1-4c8f-a1ed-692d91113a5e,en,publisher,2014-10-31T14:09:43.000Z,2025-01-17T17:03:21.793Z,,,9,"Armed forces,Work,Holidays, time off, sick leave, maternity and paternity leave,Crime, justice and law,Defence and armed forces,Working, jobs and pensions,GOV.UK homepage,Courts, sentencing and tribunals",Government Digital Service,HM Courts & Tribunals Service,,,,
https://www.gov.uk/guidance/find-a-job-homes-for-ukraine,Find a job: Homes for Ukraine,detailed_guide,e9fd5f89-810c-48e7-b738-0c9ba5da316d,en,whitehall,2023-01-16T00:00:00.000Z,2025-11-03T12:18:27.000Z,,,9,"Finding a job,Work,GOV.UK homepage,Community and society,Society and culture,Working, jobs and pensions","Ministry of Housing, Communities and Local Government","Ministry of Housing, Communities and Local Government,Department for Levelling Up, Housing and Communities ",2022 to 2024 Sunak Conservative government,,,
https://www.gov.uk/guidance/your-rights-at-work-homes-for-ukraine,Your rights at work: Homes for Ukraine,detailed_guide,d96683e0-e099-4720-a8cf-3f803d117418,en,whitehall,2023-01-16T11:19:00.000Z,2023-01-16T11:19:00.000Z,,,8,"Society and culture,GOV.UK homepage,Community and society,Working, jobs and pensions,Work","Ministry of Housing, Communities and Local Government","Ministry of Housing, Communities and Local Government,Department for Levelling Up, Housing and Communities ",2022 to 2024 Sunak Conservative government,,,
https://www.gov.uk/guidance/seasonal-work-on-farms-guidance-for-workers,Seasonal work on farms: guidance for workers,detailed_guide,ad882c4a-2a0f-4ea3-ba0c-c7cfdf5c2663,en,whitehall,2020-04-29T09:20:00.000Z,2022-05-10T08:37:00.000Z,,,8,"Producing and distributing food,Food and farming,GOV.UK homepage,Work,Environment","Department for Environment, Food & Rural Affairs","Department for Environment, Food & Rural Affairs",2019 to 2022 Johnson Conservative government,,,
https://www.gov.uk/guidance/dwp-benefit-statistics-dissemination-tools,DWP benefit statistics tools,detailed_guide,37288299-7767-410e-b723-bbf6caca2287,en,whitehall,2017-02-15T00:00:00.000Z,2024-07-15T09:30:25.000Z,,,8,"GOV.UK homepage,Work,Welfare,Pensions and ageing society",Department for Work and Pensions,Department for Work and Pensions,2016 to 2019 May Conservative government,,,
https://www.gov.uk/guidance/tax-on-payments-for-use-of-image-rights,Tax on payments for use of image rights,detailed_guide,a91d13b7-e346-432d-a871-8468d00c0484,en,whitehall,2017-08-16T13:20:00.000Z,2017-08-16T13:20:00.000Z,,,8,"Income Tax,Self-employment,Personal tax,GOV.UK homepage,PAYE,Corporation Tax,Money,Business tax,Work,Self Assessment",HM Revenue & Customs,HM Revenue & Customs,2016 to 2019 May Conservative government,,,
https://www.gov.uk/stopping-industrial-action-citizens-rights,Stopping industrial action: citizens' rights,answer,2cd1a1ae-3f76-40c6-b1ea-5cb958a4deba,en,publisher,2012-10-16T18:05:40.000Z,2020-07-16T17:00:57.422Z,,,7,"Working, jobs and pensions,Your rights at work and trade unions,Work,Crime, justice and law,Your rights and the law,GOV.UK homepage",Government Digital Service,"Department for Business and Trade,Ministry of Justice,Department for Business, Energy & Industrial Strategy",,,,
https://www.gov.uk/guidance/the-trade-union-and-employers-association-levy,The trade union and employers’ association levy,detailed_guide,6b092e2f-ec59-4a12-86a4-bdbacbb598e0,en,whitehall,2024-02-29T00:00:00.000Z,2024-02-29T00:00:00.000Z,,,6,"GOV.UK homepage,Crime, justice and law,Trade unions,Courts, sentencing and tribunals,Work",Certification Officer,Certification Officer,2022 to 2024 Sunak Conservative government,,,
https://www.gov.uk/guidance/appeal-to-the-care-standards-tribunal,Appeal to the Care Standards Tribunal,detailed_guide,60559e1b-7631-11e4-a3cb-005056011aef,en,whitehall,2014-12-17T13:23:00.000Z,2022-06-22T08:16:41.000Z,,,6,"Crime, justice and law,GOV.UK homepage,Pensions and ageing society,Society and culture,Work,Community and society",HM Courts & Tribunals Service,HM Courts & Tribunals Service,2010 to 2015 Conservative and Liberal Democrat coalition government,,,
https://www.gov.uk/guidance/travel-to-lithuania-for-work,Travel to Lithuania for work,detailed_guide,dc3ad6d6-7fac-4dc3-aa1c-aad837650bb3,en,whitehall,2021-06-10T23:00:00.000Z,2024-04-15T09:24:02.000Z,,,6,"GOV.UK homepage,Work,Going and being abroad,Business and industry,Travel abroad,Living abroad",Department for Business and Trade,Department for Business and Trade,2019 to 2022 Johnson Conservative government,,,
https://www.gov.uk/guidance/staff-transfers-from-private-to-public-service-pension-schemes,Staff transfers from private to public service pension schemes,detailed_guide,e67da161-a1cb-4246-b030-46a5873a5533,en,whitehall,2024-11-26T08:43:09.000Z,2024-11-26T08:43:09.000Z,,,,"Pensions and ageing society,GOV.UK homepage,Work,Public service pensions",Government Actuary's Department,Government Actuary's Department,2024 Starmer Labour government,,,
https://www.gov.uk/guidance/coal-liabilities,Coal liabilities,detailed_guide,5c82ecae-7631-11e4-a3cb-005056011aef,en,whitehall,2013-01-20T18:39:00.000Z,2013-01-20T18:39:00.000Z,,,,"Pensions and ageing society,Climate change and energy,GOV.UK homepage,Work,Business and industry,Environment,Public service pensions,Business regulation,Energy industry and infrastructure licensing and regulation",Department for Energy Security and Net Zero,"Department for Energy Security and Net Zero,Department for Business, Energy & Industrial Strategy",2010 to 2015 Conservative and Liberal Democrat coalition government,,,
https://www.gov.uk/guidance/travel-to-estonia-for-work,Travel to Estonia for work,detailed_guide,a792edbb-5c0b-4cd1-90cb-0e8dcc7800e4,en,whitehall,2021-07-26T23:00:00.000Z,2024-04-15T09:26:58.000Z,,,,"Work,Living abroad,Business and industry,Travel abroad,GOV.UK homepage,Going and being abroad",Department for Business and Trade,Department for Business and Trade,2019 to 2022 Johnson Conservative government,,,
https://www.gov.uk/guidance/judicial-pension-scheme-advisory-board-terms-of-reference,Judicial Pension Scheme Advisory Board terms of reference,detailed_guide,b8a66b4d-4e9e-4011-bc35-06dda186f017,en,whitehall,2016-04-18T09:19:00.000Z,2016-04-18T09:19:00.000Z,,,,"Work,Crime, justice and law,GOV.UK homepage,Pensions and ageing society",Ministry of Justice,Ministry of Justice,2015 to 2016 Cameron Conservative government,,,
https://www.gov.uk/guidance/preston-guidance-august-2016,Preston guidance: August 2016,detailed_guide,04b10860-438d-41d6-ad12-061389c5102a,en,whitehall,2016-08-09T13:07:00.000Z,2016-08-09T13:07:00.000Z,,,,"Pensions and ageing society,GOV.UK homepage,Work",HM Treasury,HM Treasury,2016 to 2019 May Conservative government,,,
https://www.gov.uk/apply-european-works-council/after-your-request,Ask your employer to set up a European Works Council: After you've made your request,guide,75f56b94-f56e-4e92-ad97-69da3123d38d,en,publisher,2014-09-18T10:34:43.000Z,2018-10-16T08:30:40.169Z,,,,"Trade unions,Work,GOV.UK homepage",Government Digital Service,"Department for Business and Trade,Advisory, Conciliation and Arbitration Service,Department for Business, Energy & Industrial Strategy",,,,
https://www.gov.uk/guidance/industrial-partnerships-an-overview,Industrial partnerships: an overview,detailed_guide,87c459d0-6a4c-495e-8796-127228dc5219,en,whitehall,2015-03-06T16:48:00.000Z,2015-12-16T09:41:19.000Z,,,,"Business and industry,Regional growth fund,Labour market reform,Work,UK economy,GOV.UK homepage",UK Commission for Employment and Skills,UK Commission for Employment and Skills,2010 to 2015 Conservative and Liberal Democrat coalition government,,,
https://www.gov.uk/guidance/guide-to-disclosure-of-information,Guide to Disclosure of Information,detailed_guide,c1b92aea-cae8-48a5-8a05-3963b6c23628,en,whitehall,2020-09-14T23:00:00.000Z,2020-09-14T23:00:00.000Z,,,,"GOV.UK homepage,Work",Central Arbitration Committee,Central Arbitration Committee,2019 to 2022 Johnson Conservative government,,,
https://www.gov.uk/guidance/travel-to-latvia-for-work,Travel to Latvia for work,detailed_guide,a54ed343-0dea-4611-9c1e-d00d84092b5e,en,whitehall,2021-06-16T23:00:00.000Z,2024-04-15T09:25:47.000Z,,,,"Living abroad,GOV.UK homepage,Business and industry,Going and being abroad,Work,Travel abroad",Department for Business and Trade,Department for Business and Trade,2019 to 2022 Johnson Conservative government,,,
https://www.gov.uk/guidance/participating-in-a-european-works-council,Participating in a European Works Council,detailed_guide,320ec84e-1fc9-4220-afa7-1c4bb88ebd18,en,whitehall,2020-12-31T23:00:52.000Z,2020-12-31T23:00:52.000Z,,,,"GOV.UK homepage,Your rights at work and trade unions,Working, jobs and pensions,Work",Department for Business and Trade,"Department for Business and Trade,Department for Business, Energy & Industrial Strategy",2019 to 2022 Johnson Conservative government,,,
https://www.gov.uk/guidance/induct-dvsa-assessors-working-at-your-vehicle-testing-site,Induct DVSA assessors working at your vehicle testing site,detailed_guide,27c8729d-91ae-43a0-9bd9-834f73bc3f69,en,whitehall,2019-08-11T23:00:00.000Z,2022-04-17T23:00:05.000Z,,,,"Vehicle ownership, approval and standards,Work,Transport,Health and safety at work,MOTs,GOV.UK homepage,Driving and road transport,HGV, bus and trailer MOT tests",Driver and Vehicle Standards Agency,Driver and Vehicle Standards Agency,2019 to 2022 Johnson Conservative government,,,
https://www.gov.uk/guidance/making-an-application-or-complaint,Making an application or complaint,detailed_guide,44a5a126-77d4-45d0-b7a1-518579950187,en,whitehall,2021-04-07T09:34:00.000Z,2021-04-07T09:34:00.000Z,,,,"GOV.UK homepage,Work",Central Arbitration Committee,Central Arbitration Committee,2019 to 2022 Johnson Conservative government,,,
https://www.gov.uk/guidance/profion-ar-lein-y-gwasanaeth-sifil,Profion ar-lein y Gwasanaeth Sifil,detailed_guide,352a90e0-95ee-45c1-af28-bdf3b3102d13,en,whitehall,2021-03-23T00:00:00.000Z,2026-01-27T16:52:22.000Z,,,,"Recruiting and hiring,GOV.UK homepage,Working, jobs and pensions,Work",Government People Group,Government People Group,2019 to 2022 Johnson Conservative government,,,
https://www.gov.uk/guidance/important-info-broad-comparability-assessments,Important info - broad comparability assessments,detailed_guide,b69a0672-30a0-4669-ae59-afc1cea7917f,en,whitehall,2024-12-12T00:00:00.000Z,2024-12-12T00:00:00.000Z,,,,"Pensions and ageing society,Public service pensions,GOV.UK homepage,Work",Government Actuary's Department,Government Actuary's Department,2024 Starmer Labour government,,,
https://www.gov.uk/guidance/apply-for-changes-to-the-bargaining-unit-after-recognition,Apply for changes to the bargaining unit after recognition,detailed_guide,5fde5db6-7631-11e4-a3cb-005056011aef,en,whitehall,2014-10-23T14:19:13.000Z,2014-10-23T14:19:13.000Z,,,,"GOV.UK homepage,Work",Central Arbitration Committee,Central Arbitration Committee,2010 to 2015 Conservative and Liberal Democrat coalition government,,,
https://www.gov.uk/guidance/travel-to-liechtenstein-for-work,Travel to Liechtenstein for work,detailed_guide,cdf2999e-2222-480d-a4e7-553745c0310c,en,whitehall,2021-06-10T23:00:00.000Z,2024-04-15T09:23:32.000Z,,,,"Going and being abroad,Travel abroad,Business and industry,GOV.UK homepage,Living abroad,Work",Department for Business and Trade,Department for Business and Trade,2019 to 2022 Johnson Conservative government,,,
https://www.gov.uk/guidance/gangmaster-licensing-appeals-challenge-a-licence-decision,Gangmaster licensing appeals: challenge a licence decision,detailed_guide,5f64b050-7631-11e4-a3cb-005056011aef,en,whitehall,2014-09-11T10:06:00.000Z,2023-08-25T08:35:53.000Z,,,,"Work,GOV.UK homepage,Crime, justice and law,Courts, sentencing and tribunals",HM Courts & Tribunals Service,HM Courts & Tribunals Service,2010 to 2015 Conservative and Liberal Democrat coalition government,,,
https://www.gov.uk/guidance/how-to-get-ethnic-minority-employment-data,How to get ethnic minority employment data,detailed_guide,5ef63ec0-7631-11e4-a3cb-005056011aef,en,whitehall,2011-02-02T00:00:00.000Z,2014-08-14T09:44:37.000Z,,,,"Community and society,GOV.UK homepage,Regional and local government,Work,Equality, rights and citizenship,Society and culture,Local government",Department for Work and Pensions,Department for Work and Pensions,2010 to 2015 Conservative and Liberal Democrat coalition government,,,
https://www.gov.uk/guidance/statutory-recognition-guide-for-the-parties-on-part-iii-of-schedule-a1,Statutory Recognition - Guide for the Parties on Part III of Schedule A1,detailed_guide,0593f614-55e7-4a43-ae06-61891ebb7576,en,whitehall,2020-09-14T23:00:00.000Z,2020-09-14T23:00:00.000Z,,,,"Work,GOV.UK homepage",Central Arbitration Committee,Central Arbitration Committee,2019 to 2022 Johnson Conservative government,,,
https://www.gov.uk/guidance/statutory-recognition-guidance-on-part-ii-of-schedule-a1,Statutory Recognition – Guidance on Part II of Schedule A1,detailed_guide,0057701c-cc91-4e3d-abf3-59b5cc37538d,en,whitehall,2020-09-15T08:08:00.000Z,2020-09-15T08:08:00.000Z,,,,"Work,GOV.UK homepage",Central Arbitration Committee,Central Arbitration Committee,2019 to 2022 Johnson Conservative government,,,
https://www.gov.uk/guidance/apply-to-resolve-a-european-works-councils-dispute,Apply to resolve an European Works Council dispute,detailed_guide,5febcb6e-7631-11e4-a3cb-005056011aef,en,whitehall,2014-10-22T23:00:00.000Z,2014-10-22T23:00:00.000Z,,,,"Business and industry,Employing people,Running a business,GOV.UK homepage,Work,Labour market reform",Central Arbitration Committee,Central Arbitration Committee,2010 to 2015 Conservative and Liberal Democrat coalition government,,,
https://www.gov.uk/guidance/get-help-from-the-cac-after-a-voluntary-agreement,Get help from the CAC after a voluntary agreement,detailed_guide,5fde6f98-7631-11e4-a3cb-005056011aef,en,whitehall,2014-10-23T14:18:05.000Z,2014-10-23T14:18:05.000Z,,,,"GOV.UK homepage,Work,Labour market reform",Central Arbitration Committee,Central Arbitration Committee,2010 to 2015 Conservative and Liberal Democrat coalition government,,,
https://www.gov.uk/guidance/establishing-a-political-fund,Establishing A Political Fund,detailed_guide,c931a15b-8aa6-43f9-b0df-21fd2fb04322,en,whitehall,2020-07-10T14:47:00.000Z,2020-07-10T14:47:00.000Z,,,,"GOV.UK homepage,Work,Trade unions",Certification Officer,Certification Officer,2019 to 2022 Johnson Conservative government,,,
https://www.gov.uk/guidance/preston-guidance-march-2017,Preston guidance: March 2017,detailed_guide,c2e765d9-7937-4b0d-a922-ecdea63b8f62,en,whitehall,2017-03-07T10:30:14.000Z,2017-03-07T10:30:14.000Z,,,,"Pensions and ageing society,GOV.UK homepage,Work",HM Treasury,HM Treasury,2016 to 2019 May Conservative government,,,
https://www.gov.uk/guidance/cross-border-mergers-apply-to-the-central-arbitration-committee-cac,Cross-Border Mergers: apply to the Central Arbitration Committee (CAC),detailed_guide,ca4688f0-238a-4b66-897d-3116f4b54e47,en,whitehall,2014-11-28T12:19:17.000Z,2014-11-28T12:19:17.000Z,,,,"GOV.UK homepage,Work",Central Arbitration Committee,Central Arbitration Committee,2010 to 2015 Conservative and Liberal Democrat coalition government,,,
https://www.gov.uk/guidance/european-public-limited-company,European Public Limited Company,detailed_guide,a08167e8-fbbd-4a30-b813-919e17d5b77d,en,whitehall,2020-10-15T15:11:00.000Z,2020-10-16T08:39:35.000Z,,,,"Work,GOV.UK homepage",Central Arbitration Committee,Central Arbitration Committee,2019 to 2022 Johnson Conservative government,,,
https://www.gov.uk/guidance/statutory-recognition-guide-for-the-parties-on-parts-iv-and-v-of-schedule-a1,Statutory Recognition - Guide for the Parties on Parts IV and V of Schedule A1,detailed_guide,5d5626e8-de0f-4356-893f-ce7c5ff60dc2,en,whitehall,2020-09-15T23:00:00.000Z,2020-09-15T23:00:00.000Z,,,,"GOV.UK homepage,Work",Central Arbitration Committee,Central Arbitration Committee,2019 to 2022 Johnson Conservative government,,,
https://www.gov.uk/guidance/certification-officers-hearing-procedures,Certification Officer’s hearing procedures,detailed_guide,4d856d2a-9632-4914-a67e-87a995e1a3a2,en,whitehall,2025-03-30T23:00:00.000Z,2025-03-30T23:00:00.000Z,,,,"GOV.UK homepage,Courts, sentencing and tribunals,Trade unions,Work,Crime, justice and law",Certification Officer,Certification Officer,2024 Starmer Labour government,,,
https://www.gov.uk/guidance/unfair-practice,Unfair Practice,detailed_guide,7c2a6608-7fad-4332-9c0e-d2fb46611d8a,en,whitehall,2020-09-21T09:40:53.000Z,2020-09-21T09:40:53.000Z,,,,"Work,GOV.UK homepage",Central Arbitration Committee,Central Arbitration Committee,2019 to 2022 Johnson Conservative government,,,
https://www.gov.uk/guidance/reporting-coronavirus-covid-19-grants-and-support-payments,Reporting COVID-19 grants and support payments,detailed_guide,98f40c4d-ff36-44ae-84b5-f4600d52d64c,en,whitehall,2021-08-06T13:03:00.000Z,2023-09-15T23:01:00.000Z,,,,"Business tax,Self-employment,GOV.UK homepage,Corporation Tax,Filing your return,Money,Work,Self Assessment,Preparing accounts for Corporation Tax,Working out your Corporation Tax",HM Revenue & Customs,HM Revenue & Customs,2019 to 2022 Johnson Conservative government,,,
https://www.gov.uk/guidance/annualised-accrued-value-calculations-for-pensions-dashboards,Annualised accrued value calculations for Pensions Dashboards,detailed_guide,c8d5f636-3e51-4096-9524-10158ed4e80b,en,whitehall,2024-04-11T23:00:00.000Z,2024-04-11T23:00:00.000Z,,,,"Working, jobs and pensions,Work,Workplace and personal pensions,GOV.UK homepage",Department for Work and Pensions,Department for Work and Pensions,2022 to 2024 Sunak Conservative government,,,
https://www.gov.uk/guidance/whistleblow-on-a-trade-union-or-an-employers-association,Whistleblow on a trade union or an employers’ association,detailed_guide,c9b04cc4-2b44-430e-a705-3ea602303c19,en,whitehall,2024-02-28T00:00:00.000Z,2024-02-28T00:00:00.000Z,,,,"Courts, sentencing and tribunals,Trade unions,Work,GOV.UK homepage,Crime, justice and law",Certification Officer,Certification Officer,2022 to 2024 Sunak Conservative government,,,
https://www.gov.uk/guidance/complain-about-employer-duties-during-a-recognition-ballot,Complain about employer duties during a recognition ballot,detailed_guide,5fde04cc-7631-11e4-a3cb-005056011aef,en,whitehall,2014-10-23T14:20:00.000Z,2014-10-23T14:20:00.000Z,,,,"Work,GOV.UK homepage,Labour market reform",Central Arbitration Committee,Central Arbitration Committee,2010 to 2015 Conservative and Liberal Democrat coalition government,,,
https://www.gov.uk/guidance/making-an-application-or-complaint--2,Making an application or complaint,detailed_guide,6964d42d-ada2-4d08-b042-5a09f723c5de,en,whitehall,2020-12-01T00:00:00.000Z,2020-12-01T00:00:00.000Z,,,,"Work,GOV.UK homepage",Central Arbitration Committee,Central Arbitration Committee,2019 to 2022 Johnson Conservative government,,,
https://www.gov.uk/guidance/mergers-between-trade-unions-and-between-employers-associations,Mergers between trade unions and between employers’ associations,detailed_guide,8428422e-44ce-4569-823c-4093b28756ba,en,whitehall,2024-02-28T00:00:00.000Z,2024-02-28T00:00:00.000Z,,,,"Courts, sentencing and tribunals,Work,GOV.UK homepage,Crime, justice and law,Trade unions",Certification Officer,Certification Officer,2022 to 2024 Sunak Conservative government,,,
https://www.gov.uk/guidance/hold-a-political-fund-review-ballot,Hold a political fund review ballot,detailed_guide,b80753e9-6b49-49c2-a9a0-cb1906d65727,en,whitehall,2024-11-25T09:38:34.000Z,2024-11-25T09:38:34.000Z,,,,"Trade unions,GOV.UK homepage,Work",Certification Officer,Certification Officer,2024 Starmer Labour government,,,
https://www.gov.uk/guidance/statutory-recognition-guide-for-the-parties-on-part-vi-of-schedule-a1,Statutory Recognition - Guide for the Parties on Part VI of Schedule A1,detailed_guide,e499b01a-9d74-4758-b334-7829d18cb690,en,whitehall,2020-09-15T11:21:00.000Z,2020-09-15T11:21:00.000Z,,,,"Work,GOV.UK homepage",Central Arbitration Committee,Central Arbitration Committee,2019 to 2022 Johnson Conservative government,,,
https://www.gov.uk/guidance/guidance-for-businesses-offering-work-to-people-coming-from-ukraine,Guidance for businesses offering work to people coming from Ukraine,detailed_guide,07db6c83-efe4-4a5f-b541-aef9ffb6f37c,en,whitehall,2022-05-05T23:00:00.000Z,2025-08-05T10:15:20.000Z,,,,"Recruiting and hiring,Work,GOV.UK homepage,Working, jobs and pensions","Ministry of Housing, Communities and Local Government","Ministry of Housing, Communities and Local Government,Department for Business and Trade,Home Office,Department for Work and Pensions,Department for Business, Energy & Industrial Strategy,Department for Levelling Up, Housing and Communities ",2019 to 2022 Johnson Conservative government,,,
https://www.gov.uk/guidance/non-disclosure-of-information-how-to-complain,Non-disclosure of information: how to complain,detailed_guide,5fe1086d-7631-11e4-a3cb-005056011aef,en,whitehall,2014-10-23T14:24:00.000Z,2014-10-23T14:24:00.000Z,,,,"Work,GOV.UK homepage",Central Arbitration Committee,Central Arbitration Committee,2010 to 2015 Conservative and Liberal Democrat coalition government,,,
https://www.gov.uk/kindertransport-state-pension,Kindertransport and the State Pension,answer,0755742b-207d-4b6f-a89e-c50ce60d1cfc,en,publisher,2012-10-16T14:12:24.000Z,2016-04-07T14:23:51.560Z,,,,"Working, jobs and pensions,GOV.UK homepage,State Pension,Work",Government Digital Service,Department for Work and Pensions,,,,
https://www.gov.uk/guidance/certification-officer-powers-to-act-without-a-complaint-and-to-conduct-an-investigation,Certification Officer: powers to act without a complaint and to conduct an investigation,detailed_guide,e0697458-067b-4e72-9aea-f79c416b8128,en,whitehall,2024-03-08T00:00:00.000Z,2024-03-08T00:00:00.000Z,,,,"Courts, sentencing and tribunals,GOV.UK homepage,Trade unions,Work,Crime, justice and law",Certification Officer,Certification Officer,2022 to 2024 Sunak Conservative government,,,
https://www.gov.uk/guidance/preston-guidance-february-2017,Preston guidance: February 2017,detailed_guide,2ee2adc0-3db1-4953-9e16-9467e5cad4fe,en,whitehall,2017-02-13T11:02:45.000Z,2017-02-13T11:02:45.000Z,,,,"Work,Government,Government spending,Pensions and ageing society,Government efficiency, transparency and accountability,GOV.UK homepage",HM Treasury,HM Treasury,2016 to 2019 May Conservative government,,,
https://www.gov.uk/guidance/the-technical-architect-interview-process,The Technical Architect interview process,detailed_guide,48abbadb-66ef-4720-a695-9d6f29abaabe,en,whitehall,2017-04-12T20:45:00.000Z,2017-04-12T20:45:00.000Z,,,,"Government reform ,Government,GOV.UK homepage,Government efficiency, transparency and accountability,Work,Civil service reform",Government Digital Service,Government Digital Service,2016 to 2019 May Conservative government,,,
https://www.gov.uk/guidance/analysis-in-government-month-resources,Analysis in Government Month resources,detailed_guide,e6d31001-deab-44ba-8726-c4e60e4f7bc8,en,whitehall,2024-03-13T00:00:00.000Z,2024-03-13T00:00:00.000Z,,,,"Society and culture,Government,Work,GOV.UK homepage,Business and industry,Corporate information",Government Analysis Function,Government Analysis Function,2022 to 2024 Sunak Conservative government,,,
https://www.gov.uk/guidance/apply-to-be-removed-from-the-list-of-trade-unions-and-employers-associations,Apply to be removed from the list of trade unions and employers’ associations,detailed_guide,9c75879a-eaed-4372-9ec4-3383a1296d87,en,whitehall,2024-02-28T11:40:31.000Z,2024-02-28T11:40:31.000Z,,,,"Courts, sentencing and tribunals,Crime, justice and law,Trade unions,Work,GOV.UK homepage",Certification Officer,Certification Officer,2022 to 2024 Sunak Conservative government,,,
https://www.gov.uk/guidance/travel-to-slovenia-for-work,Travel to Slovenia for work,detailed_guide,60739d52-1920-46c0-b2d6-097dd0eb93a8,en,whitehall,2021-07-19T23:00:00.000Z,2024-04-15T09:24:58.000Z,,,,"Travel abroad,Living abroad,Work,Business and industry,GOV.UK homepage,Going and being abroad",Department for Business and Trade,Department for Business and Trade,2019 to 2022 Johnson Conservative government,,,
https://www.gov.uk/guidance/travel-to-slovakia-for-work,Travel to Slovakia for work,detailed_guide,07a95b5d-7d6d-444c-9381-649692a2ed8b,en,whitehall,2021-06-28T23:00:00.000Z,2024-04-15T09:25:50.000Z,,,,"Work,GOV.UK homepage,Living abroad,Travel abroad,Business and industry,Going and being abroad",Department for Business and Trade,Department for Business and Trade,2019 to 2022 Johnson Conservative government,,,
https://www.gov.uk/guidance/england-2014-to-2020-european-social-fund-partner-information,England  2014 to 2020 European Social Fund partner information,detailed_guide,ccf45da3-c9a6-4ceb-894a-f3997ec5b591,en,whitehall,2015-07-16T08:30:00.000Z,2021-01-06T12:51:28.000Z,,,,"Government,Europe,GOV.UK homepage,Work,Business and industry,European funds",Department for Business and Trade,"Department for Business and Trade,Department for Levelling Up, Housing and Communities ,Department for Business, Energy & Industrial Strategy",2015 to 2016 Cameron Conservative government,,,
https://www.gov.uk/guidance/making-a-complaint-european-public-limited-liability-company,Making a complaint - European Public Limited- Liability Company,detailed_guide,e793eeb2-9feb-40ba-abd9-b7d6f162cb16,en,whitehall,2021-04-07T09:21:26.000Z,2021-04-07T09:21:26.000Z,,,,"GOV.UK homepage,Work",Central Arbitration Committee,Central Arbitration Committee,2019 to 2022 Johnson Conservative government,,,
https://www.gov.uk/guidance/submit-an-annual-return-for-an-employers-association,Submit an annual return for an employers’ association,detailed_guide,44d4d8e0-5b51-468a-bd53-7c6aed67a8ce,en,whitehall,2024-02-28T00:00:00.000Z,2024-02-28T00:00:00.000Z,,,,"Courts, sentencing and tribunals,Trade unions,Work,Crime, justice and law,GOV.UK homepage",Certification Officer,Certification Officer,2022 to 2024 Sunak Conservative government,,,
https://www.gov.uk/guidance/trainees-view-of-our-legal-trainee-scheme,Trainees' view of the legal trainee scheme,detailed_guide,ded7a252-64bd-421a-8235-754e2da0dde0,en,whitehall,2016-07-01T15:13:00.000Z,2016-07-01T15:13:00.000Z,,,,"GOV.UK homepage,Crime, justice and law,Government graduate schemes,Work",Government Legal Service,"Government Legal Service,Government Legal Profession",2015 to 2016 Cameron Conservative government,,,
https://www.gov.uk/guidance/european-companies-applications-and-complaints,European Companies: applications and complaints,detailed_guide,fadaf7a5-a4d3-4377-9efe-4babcc2e8faf,en,whitehall,2021-04-07T09:22:09.000Z,2021-04-07T09:22:09.000Z,,,,"Work,GOV.UK homepage",Central Arbitration Committee,Central Arbitration Committee,2019 to 2022 Johnson Conservative government,,,
https://www.gov.uk/guidance/complain-about-unfair-practice-during-a-recognition-ballot,Complain about unfair practice during a recognition or derecognition ballot,detailed_guide,5fde32db-7631-11e4-a3cb-005056011aef,en,whitehall,2014-10-22T23:00:00.000Z,2014-10-22T23:00:00.000Z,,,,"Labour market reform,GOV.UK homepage,Work",Central Arbitration Committee,Central Arbitration Committee,2010 to 2015 Conservative and Liberal Democrat coalition government,,,
https://www.gov.uk/guidance/guide-to-european-works-councils,Guide to European Works Councils,detailed_guide,8a66b937-da7f-4037-b183-b94a1dc6dfed,en,whitehall,2020-09-17T13:31:00.000Z,2020-09-17T13:31:00.000Z,,,,"Work,GOV.UK homepage",Central Arbitration Committee,Central Arbitration Committee,2019 to 2022 Johnson Conservative government,,,
https://www.gov.uk/guidance/european-companies-apply-to-the-central-arbitration-committee-cac,European Companies: apply to the Central Arbitration Committee (CAC),detailed_guide,22f11588-429e-4e13-aa99-822cedac7e95,en,whitehall,2014-11-28T12:19:00.000Z,2014-11-28T12:19:00.000Z,,,,"GOV.UK homepage,Work",Central Arbitration Committee,Central Arbitration Committee,2010 to 2015 Conservative and Liberal Democrat coalition government,,,
https://www.gov.uk/guidance/the-ending-of-state-pension-adult-dependency-increase-adi,The ending of State Pension Adult Dependency Increase (ADI),detailed_guide,a448fe51-5231-4fa6-a872-b16d25595a6c,en,whitehall,2025-04-16T23:00:00.000Z,2025-10-15T14:14:57.000Z,,,,"State Pension,Benefits entitlement,GOV.UK homepage,Work,Working, jobs and pensions,Welfare",Department for Work and Pensions,Department for Work and Pensions,2024 Starmer Labour government,,,
